normalization_status,normalization_notes,compound,target,disorder,canonical_compound,canonical_entity,compound_original,target_original,disorder_original,graph_entity_original,raw_entity_label,entity_role,graph_entity_label,graph_entity_type,graph_include_candidate,study_doi,study_title,claim_type,clinical_context_condition,graph_exclusion_reason,outcome_type,outcome_domain,result_direction,outcome_measure,outcome_measure_normalized,population,system,authors,study_year,paper_type,source,source_type,source_family,paper_assessment_route,evidence_strength,support,confidence,needs_human_review,supporting_quote,access_level,source_access_level,evidence_location,evidence_locator,study_design,funding,conflicts_of_interest,risk_of_bias_summary,notes,study_journal,publication_type,publication_date,journal_issn,journal_eissn,publisher,mesh_terms,keywords,funders,grant_ids,language,sample_size_total,comparator,intervention_or_exposure,dose,route,session_count_or_duration,timepoint,effect_size,p_value,confidence_interval,adverse_events,evidence_level,compound_match_type,entity_match_type,compound_registry_status,entity_registry_status,compound_ids,entity_ids,trial_registry_ids,related_dois,publication_relations,is_retracted,semantic_scholar_id,has_correction
normalized,compound and graph entity matched local registry,5-MeO-DMT,,Depression,5-MeO-DMT,Depression,5-MeO-DMT,,depression,depression,ratings of depression,outcome_measure,Depression,indication,True,10.1007/s00213-019-05236-w,"A single inhalation of vapor from dried toad secretion containing 5-methoxy-N,N-dimethyltryptamine (5-MeO-DMT) in a naturalistic setting is related to sustained enhancement of satisfaction with life, mindfulness-related capacities, and a decrement of psychopathological symptoms",compound_disorder,not_applicable,not_applicable,patient_reported_outcome,mental health,positive,"DASS-21 depression subscale, BSI-18 depression subscale",DASS-21; BSI-18,42 individuals who inhaled vapor from dried toad secretion at several European locations,clinical,M. V. Uthaug; R. Lancelotta; K. van Oorsouw; K. P. C. Kuypers; N. Mason; J. Rak; A. Šuláková; R. Jurok; M. Maryška; M. Kuchař,2019,primary_results,doi,primary_study,original_empirical,primary_evidence,uncertain,supported,1.0,False,"Ratings of depression, anxiety, and stress decreased after the session, and reached significance at 4 weeks. ... subjective ratings of depression, anxiety, and stress decreased within 24 h following the inhalation of the vapor from dried toad secretion containing 5-MeO-DMT, but failed to reach significance until 4 weeks later (p = 0.015, Hedges' g = 0.79; p < 0.001, Hedges' g = 0.69; p = 0.003, Hedges' g = 0.66, respectively). ... subjective ratings of depression, anxiety, and somatization decreased within 24 h of the inhalation of the vapor from dried toad secretion containing 5-MeO-DMT, but failed to reach significance until 4 weeks later (p = 0.023, Hedges' g = 0.65; p = 0.009, Hedges' g = 0.81; p = 0.011, Hedges' g = 0.85, respectively).",full_text_seen,full_text_seen,abstract,"C001, C018, C020",observational study,"Czech Ministery of Interior Affairs; Czech Ministery of Education, Youth and Sports; Charles University Prague",,,Projected from extraction_v1; support=supported; confidence=1.0; needs_human_review=False,Psychopharmacology,journal-article,2019-04-13,0033-3158,1432-2072,Springer Science and Business Media LLC,"Administration, Inhalation | Adult | Animals | Bufonidae | Cognition / drug effects | Cognition / physiology | Female | Follow-Up Studies | Hallucinogens / administration & dosage | Humans | Male | Mental Disorders / drug therapy | Mental Disorders / epidemiology | Mental Disorders / psychology | Methoxydimethyltryptamines / administration & dosage | Mindfulness / methods | Personal Satisfaction | Vaping / psychology",5-MeO-DMT | Affect | Altered states of consciousness | Bufo alvarius | Cognition | Field study | Psychedelic | Satisfaction with life,"Czech Ministery of Interior Affairs | Czech Ministery of Education, Youth and Sports | Charles University Prague",VI20172020056 | LO1611 | PROGRES Q35,eng,"42 (sub-acute), 24 (4 weeks)",baseline,single inhalation of vapor from dried toad secretion containing 5-MeO-DMT,not reported,inhalation,single inhalation,4 weeks later,,,,not_reported,low,label,label,needs_external_id_lookup,broad_category_needs_external_id_lookup,{},{},,,,,,
normalized,compound and graph entity matched local registry,5-MeO-DMT,,Anxiety,5-MeO-DMT,Anxiety,5-MeO-DMT,,anxiety,anxiety,ratings of anxiety,outcome_measure,Anxiety,indication,True,10.1007/s00213-019-05236-w,"A single inhalation of vapor from dried toad secretion containing 5-methoxy-N,N-dimethyltryptamine (5-MeO-DMT) in a naturalistic setting is related to sustained enhancement of satisfaction with life, mindfulness-related capacities, and a decrement of psychopathological symptoms",compound_disorder,not_applicable,not_applicable,patient_reported_outcome,mental health,positive,"DASS-21 anxiety subscale, BSI-18 anxiety subscale",DASS-21; BSI-18,42 individuals who inhaled vapor from dried toad secretion at several European locations,clinical,M. V. Uthaug; R. Lancelotta; K. van Oorsouw; K. P. C. Kuypers; N. Mason; J. Rak; A. Šuláková; R. Jurok; M. Maryška; M. Kuchař,2019,primary_results,doi,primary_study,original_empirical,primary_evidence,uncertain,supported,1.0,False,"Ratings of depression, anxiety, and stress decreased after the session, and reached significance at 4 weeks. ... subjective ratings of depression, anxiety, and stress decreased within 24 h following the inhalation of the vapor from dried toad secretion containing 5-MeO-DMT, but failed to reach significance until 4 weeks later (p = 0.015, Hedges' g = 0.79; p < 0.001, Hedges' g = 0.69; p = 0.003, Hedges' g = 0.66, respectively). ... subjective ratings of depression, anxiety, and somatization decreased within 24 h of the inhalation of the vapor from dried toad secretion containing 5-MeO-DMT, but failed to reach significance until 4 weeks later (p = 0.023, Hedges' g = 0.65; p = 0.009, Hedges' g = 0.81; p = 0.011, Hedges' g = 0.85, respectively).",full_text_seen,full_text_seen,abstract,"C001, C018, C020",observational study,"Czech Ministery of Interior Affairs; Czech Ministery of Education, Youth and Sports; Charles University Prague",,,Projected from extraction_v1; support=supported; confidence=1.0; needs_human_review=False,Psychopharmacology,journal-article,2019-04-13,0033-3158,1432-2072,Springer Science and Business Media LLC,"Administration, Inhalation | Adult | Animals | Bufonidae | Cognition / drug effects | Cognition / physiology | Female | Follow-Up Studies | Hallucinogens / administration & dosage | Humans | Male | Mental Disorders / drug therapy | Mental Disorders / epidemiology | Mental Disorders / psychology | Methoxydimethyltryptamines / administration & dosage | Mindfulness / methods | Personal Satisfaction | Vaping / psychology",5-MeO-DMT | Affect | Altered states of consciousness | Bufo alvarius | Cognition | Field study | Psychedelic | Satisfaction with life,"Czech Ministery of Interior Affairs | Czech Ministery of Education, Youth and Sports | Charles University Prague",VI20172020056 | LO1611 | PROGRES Q35,eng,"42 (sub-acute), 24 (4 weeks)",baseline,single inhalation of vapor from dried toad secretion containing 5-MeO-DMT,not reported,inhalation,single inhalation,4 weeks later,,,,not_reported,low,label,label,needs_external_id_lookup,broad_category_needs_external_id_lookup,{},{},,,,,,
normalized,compound and graph entity matched local registry,S-ketamine,,Bipolar depression,S-ketamine,Bipolar depression,esketamine,,bipolar depression,bipolar depression,"useful drug in the treatment of bipolar depression, showing high efficacy and good tolerability",therapeutic_indication,Bipolar depression,indication,True,10.1192/j.eurpsy.2025.1046,Real clinical experience of inhaled esketamine in bipolar depression. A retrospective study,compound_disorder,not_applicable,not_applicable,therapeutic effect,overall therapeutic effect,positive,treatment efficacy,,patients with bipolar depression,clinical,S. Benavente López; A. Lara Fernández; E. Toro Carrasco; I. Pedrero Torrejon; A. Parra González; M. Mejia Quiterio; A. Viñas Arboleda; E. Losantos Ucha; E. Baca García,2025,primary_results,doi,primary_study,original_empirical,primary_evidence,uncertain,supported,1.0,False,"This study shows that inhaled esktemina may be a useful drug in the treatment of bipolar depression, showing high efficacy and good tolerability.",full_text_seen,full_text_seen,abstract,abstract,Retrospective descriptive study,,None Declared,,Projected from extraction_v1; support=supported; confidence=1.0; needs_human_review=False,European Psychiatry,journal-article,2025-04,0924-9338,1778-3585,Royal College of Psychiatrists,,,,,en,3,not_reported,inhaled esketamine,not_reported,inhaled,not_reported,not_reported,,,,good tolerability,low,alias,label,needs_external_id_lookup,needs_external_id_lookup,{},{},,,,,,
normalized,compound and graph entity matched local registry,MDMA,,Major depressive disorder,MDMA,Major depressive disorder,MDMA,,Major Depressive Disorder,Major Depressive Disorder,significant reduction of MADRS scores,outcome_measure,Major depressive disorder,indication,True,10.1016/j.jpsychires.2025.11.030,MDMA-assisted therapy for major depressive disorder: A seven-month follow-up proof of principle trial,compound_disorder,Major Depressive Disorder,not_reported,clinical_scale,depression,positive,Montgomery-Asberg Depression Rating Scale (MADRS),MADRS,participants with MDD and an ongoing moderate to severe depressive episode,clinical,Tor-Morten Kvam; Justyna Rog; Lowan Han Stewart; Ingrid Autran; Mark Berthold-Losleben; Lynn Mørch-Johnsen; René Holst; Jan Ivar Røssberg; Ole A. Andreassen,2025,primary_results,doi,primary_study,original_empirical,primary_evidence,uncertain,supported,1.0,False,"At follow-up, there was a significant reduction of MADRS (p < 0.001) and SDS (p = 0.001) scores compared with baseline",abstract_only,abstract_only,abstract,abstract,follow-up proof of principle trial,,,,Projected from extraction_v1; support=supported; confidence=1.0; needs_human_review=False,Journal of Psychiatric Research,journal-article,2025-11-27,0022-3956,1879-1379,Elsevier BV,"Humans | Major Depressive Disorder / therapy | Major Depressive Disorder / drug therapy | Female | Male | Adult | Follow-Up Studies | N-Methyl-3,4-methylenedioxyamphetamine / administration & dosage | N-Methyl-3,4-methylenedioxyamphetamine / pharmacology | Middle Aged | Outcome Assessment, Health Care | Proof of Concept Study | Psychotherapy / methods | Combined Modality Therapy | Psychiatric Status Rating Scales",Long-term follow-up | MDMA | MDMA-Assisted therapy | Major depressive disorder,,,eng,Twelve participants,baseline,MDMA-assisted therapy (MDMA-AT),not_reported,not_reported,"two MDMA dosing sessions one month apart, integrated with nine psychotherapy sessions",seven months after baseline,,,,not_reported,low,label,label,needs_external_id_lookup,needs_external_id_lookup,{},{},2021-000805-26,,,,,
normalized,compound and graph entity matched local registry,Ketamine,,Treatment-resistant depression,Ketamine,Treatment-resistant depression,ketamine,,treatment-resistant depression,treatment-resistant depression,rapid antidepressant effect,therapeutic_indication,Treatment-resistant depression,indication,True,10.1016/j.psychres.2018.08.078,"Rapid inflammation modulation and antidepressant efficacy of a low-dose ketamine infusion in treatment-resistant depression: A randomized, double-blind control study",compound_disorder,treatment-resistant depression,not_reported,therapeutic effect,depressive symptoms,positive,Montgomery-Åsberg Depression Rating Scale (MADRS) scores,MADRS,patients with TRD,clinical,Mu-Hong Chen; Cheng-Ta Li; Wei-Chen Lin; Chen-Jee Hong; Pei-Chi Tu; Ya-Mei Bai; Chih-Ming Cheng; Tung-Ping Su,2018,primary_results,doi,primary_study,original_empirical,primary_evidence,uncertain,supported,1.0,False,Increasing evidence supports the rapid antidepressant effect of a low-dose ketamine infusion in treatment-resistant depression (TRD). ... Montgomery-Åsberg Depression Rating Scale (MADRS) was assessed for depressive symptoms across time. ... The decrease in TNF-α between baseline and 40 min postinfusion was positively correlated with a decrease in MADRS scores across time in the 0.5 mg/kg ketamine group.,abstract_only,abstract_only,abstract,abstract,"randomized, double-blind control study",,,,Projected from extraction_v1; support=supported; confidence=1.0; needs_human_review=False,Psychiatry Research,journal-article,2018-08-21,0165-1781,1872-7123,Elsevier BV,"Adult | Antidepressive Agents / administration & dosage | Depressive Disorder, Treatment-Resistant / blood | Depressive Disorder, Treatment-Resistant / drug therapy | Dose-Response Relationship, Drug | Double-Blind Method | Female | Humans | Inflammation / blood | Inflammation / drug therapy | Inflammation Mediators / antagonists & inhibitors | Inflammation Mediators / blood | Infusions, Intravenous | Ketamine / administration & dosage | Male | Middle Aged | Time Factors | Treatment Outcome | Tumor Necrosis Factor-alpha / antagonists & inhibitors | Tumor Necrosis Factor-alpha / blood",CRP | Cytokines | IL-6 | Ketamine | TNF-α | Treatment-resistant depression,,,eng,Seventy-one patients,normal saline infusion,low-dose ketamine infusion,"0.5 mg/kg ketamine, 0.2 mg/kg ketamine",infusion,single infusion,"40 min, 240 min, Day 3, and Day 7 postinfusion",,,,not_reported,high,label,label,needs_external_id_lookup,needs_external_id_lookup,{},{},,,,,,
normalized,compound and graph entity matched local registry,Ketamine,,Neuropathic pain,Ketamine,Neuropathic pain,Ketamine,,neuropathic pain,neuropathic pain,pain intensity,outcome_measure,Neuropathic pain,indication,True,10.1016/s0885-3924(01)00253-6,An Unusual Case of Chronic Neuropathic Pain Responds to an Optimum Frequency of Intravenous Ketamine Infusions,compound_disorder,chronic neuropathic pain,not_reported,therapeutic_effect,pain,positive,pain intensity,,44-year-old woman with neuropathic pain in her left arm after a right-sided forequarter amputation,clinical,Alison C Mitchell,2001,case_report,doi,case_report,original_empirical,primary_evidence,uncertain,supported,1.0,False,The pain intensity experienced by the patient lessened as the frequency of the ketamine infusions increased.,abstract_only,abstract_only,abstract,abstract,case report,,,,Projected from extraction_v1; support=supported; confidence=1.0; needs_human_review=False,Journal of Pain and Symptom Management,journal-article,2001-05-01,0885-3924,1873-6513,Elsevier BV,Adult | Chronic Disease | Excitatory Amino Acid Antagonists / administration & dosage | Excitatory Amino Acid Antagonists / therapeutic use | Female | Humans | Ketamine / administration & dosage | Ketamine / therapeutic use | Pain / drug therapy | Pain / etiology | Phantom Limb / drug therapy,,,,eng,1,not_reported,intravenous ketamine infusions,not_reported,intravenous,Twenty-one infusions over a period of four months,over a period of four months,,,,not_reported,low,label,label,needs_external_id_lookup,needs_external_id_lookup,{},{},,,,,,
normalized,compound and graph entity matched local registry,Ketamine,,Treatment-resistant depression,Ketamine,Treatment-resistant depression,ketamine,,treatment-resistant depression,treatment-resistant depression,rapid antidepressant effects,therapeutic_indication,Treatment-resistant depression,indication,True,10.1017/s1461145713001119,Plasma brain derived neurotrophic factor (BDNF) and response to ketamine in treatment-resistant depression,compound_disorder,treatment-resistant depression,not_reported,therapeutic effect,depression symptoms,positive,antidepressant effects,,patients with treatment-resistant depression (TRD),clinical,C. N. Haile; J. W. Murrough; D. V. Iosifescu; L. C. Chang; R. K. Al Jurdi; A. Foulkes; S. Iqbal; J. J. Mahoney; R. De La Garza; D. S. Charney,2013,primary_results,doi,primary_study,original_empirical,primary_evidence,uncertain,supported,1.0,False,Ketamine produces rapid antidepressant effects in treatment-resistant depression (TRD),abstract_only,abstract_only,abstract,abstract,randomized controlled trial,NIMH NIH HHS | NCATS NIH HHS | NIDA NIH HHS,,,Projected from extraction_v1; support=supported; confidence=1.0; needs_human_review=False,The International Journal of Neuropsychopharmacology,journal-article,2013-10-08,1461-1457,1469-5111,Oxford University Press (OUP),"Adult | Aged | Aged, 80 and over | Biomarkers / blood | Brain-Derived Neurotrophic Factor / blood | Depressive Disorder, Treatment-Resistant / blood | Depressive Disorder, Treatment-Resistant / diagnosis | Depressive Disorder, Treatment-Resistant / drug therapy | Double-Blind Method | Female | Humans | Ketamine / therapeutic use | Male | Midazolam / therapeutic use | Middle Aged | Treatment Outcome | Young Adult",,NIMH NIH HHS | NCATS NIH HHS | NIDA NIH HHS,K23 MH094707 | R01MH081870 | R01 MH081870 | 1K23MH094707-01 | UL1 TR000067 | R25 DA028976 | UL1TR000067,eng,22,midazolam,ketamine,not_reported,infusion,single infusion,rapid,,,,not_reported,high,label,label,needs_external_id_lookup,needs_external_id_lookup,{},{},,,,,,
normalized,compound and graph entity matched local registry,LSD,,Alcohol use disorder,LSD,Alcohol use disorder,LSD,,Alcohol Use Disorder,Alcohol Use Disorder,alcohol intake,outcome_measure,Alcohol use disorder,indication,True,10.1093/ijnp/pyae059.125,BEHAVIORAL AND ELECTROPHYSIOLOGICAL EFFECTS OF LYSERGIC ACID DIETHYLAMIDE (LSD) IN A MOUSE MODEL OF ALCOHOL USE DISORDER (AUD),compound_disorder,Alcohol Use Disorder (AUD),not_applicable,behavioral,Substance Use,positive,alcohol intake,,C57BL6/J 8-week-old male mice (AUD model),preclinical,*Danilo De Gregorio; Carolina Giulia Ferroni; Noemi Nicosia; Margherita Spadaccini,2025,primary_results,doi,primary_study,original_empirical,primary_evidence,uncertain,supported,1.0,False,LSD significantly reduced the alcohol intake (p<0.05),full_text_seen,full_text_seen,abstract,"Abstract, Results",animal model (DID paradigm),,,,Projected from extraction_v1; support=supported; confidence=1; needs_human_review=False,International Journal of Neuropsychopharmacology,journal-article,2025-02,1461-1457,1469-5111,Oxford University Press (OUP),,,,,en,not_reported,vehicle,single intraperitoneal injection of LSD,150 mcg/kg,intraperitoneal,single administration,The day after the injections (40 days two-bottle choice test),,,,not_reported,low,label,label,needs_external_id_lookup,needs_external_id_lookup,{},{},,,,,,
normalized,compound and graph entity matched local registry,Ketamine,,Suicidal ideation,Ketamine,Suicidal ideation,ketamine,,suicidal ideation,suicidal ideation,suicidal ideation (using MADRS-SI scores),therapeutic_indication,Suicidal ideation,indication,True,10.1093/ijnp/pyw043.222,PS222. Ketamine Exerts a Prolonged Reduction in Suicidal Ideation Independent of its Antidepressant Effects,compound_disorder,treatment-resistant major depressive disorder,not_reported,therapeutic_effect,psychiatric symptoms,positive,MADRS-SI scores,MADRS-SI,patients with treatment-resistant major depressive disorder (MDD),clinical,Jennifer L. Phillips; Sandhaya Norris; Jeanne Talbot; Olabisi Owoeye; Pierre Blier,2016,conference_abstract,doi,conference_abstract,conference_abstract,primary_evidence,uncertain,supported,0.9,True,"Both groups had significant reductions in MADRS-SI scores (responders -1.9, p<0.001; nonresponders -1.6, p<0.001) and the difference in the magnitude of change in MADRS-SI scores between groups was not statistically significant (p=0.44). Conclusions: Ketamine had a direct effect on lessening suicidal ideation even in patients who failed to show a reduction in depression severity with repeated infusions.",full_text_seen,full_text_seen,text,C002,randomized controlled trial,,,,Projected from extraction_v1; support=supported; confidence=0.9; needs_human_review=True,The International Journal of Neuropsychopharmacology,article,2016-05-27,1461-1457,1469-5111,University of Oxford,,Antidepressant | Ketamine | Suicidal ideation | Psychology | Clinical psychology | Medicine | Psychiatry | Suicide prevention | Poison control | Medical emergency | Anxiety,,,en,19,midazolam (active placebo) in Phase 1,ketamine infusions,not_reported,intravenous,"7 infusions (1 in Phase 1, 6 over two weeks in Phase 2)",pre-and post-treatment,,,,not_reported,high,label,label,needs_external_id_lookup,needs_external_id_lookup,{},{},,,,,,
normalized,compound and graph entity matched local registry,Ketamine,,Major depressive disorder,Ketamine,Major depressive disorder,ketamine,,major depressive disorder,major depressive disorder,depressive symptoms (using the Montgomery-Asberg Depression Rating Scale [MADRS]),therapeutic_indication,Major depressive disorder,indication,True,10.1093/ijnp/pyw043.222,PS222. Ketamine Exerts a Prolonged Reduction in Suicidal Ideation Independent of its Antidepressant Effects,compound_disorder,treatment-resistant,not_reported,therapeutic_effect,psychiatric symptoms,positive,Montgomery-Asberg Depression Rating Scale [MADRS] scores,MADRS,patients with treatment-resistant major depressive disorder (MDD),clinical,Jennifer L. Phillips; Sandhaya Norris; Jeanne Talbot; Olabisi Owoeye; Pierre Blier,2016,conference_abstract,doi,conference_abstract,conference_abstract,primary_evidence,uncertain,supported,0.9,True,The primary outcome measures were pre-and post-treatment changes in depressive symptoms (using the Montgomery-Asberg Depression Rating Scale [MADRS]). Results: Patients with a 50% decrease in total MADRS scores from pre-to post-treatment were considered ketamine responders. Responders (n = 10) had a larger reduction in MADRS scores (62%) compared to nonresponders (n = 9; 17%) (p<0.001).,full_text_seen,full_text_seen,text,C002,randomized controlled trial,,,,Projected from extraction_v1; support=supported; confidence=0.9; needs_human_review=True,The International Journal of Neuropsychopharmacology,article,2016-05-27,1461-1457,1469-5111,University of Oxford,,Antidepressant | Ketamine | Suicidal ideation | Psychology | Clinical psychology | Medicine | Psychiatry | Suicide prevention | Poison control | Medical emergency | Anxiety,,,en,19,midazolam (active placebo) in Phase 1,ketamine infusions,not_reported,intravenous,"7 infusions (1 in Phase 1, 6 over two weeks in Phase 2)",pre-and post-treatment,,,,not_reported,high,label,label,needs_external_id_lookup,needs_external_id_lookup,{},{},,,,,,
normalized,compound and graph entity matched local registry,Ketamine,,Suicidal ideation,Ketamine,Suicidal ideation,Ketamine,,Suicidal ideation,Suicidal ideation,suicidal thought reduction,therapeutic_indication,Suicidal ideation,indication,True,10.1016/j.jad.2017.04.057,Anhedonia as a clinical correlate of suicidal thoughts in clinical ketamine trials,compound_disorder,treatment-resistant major depressive disorder or bipolar disorder,not_applicable,symptom reduction,psychiatric symptoms,positive,suicidal ideation (SSI5 subscale),,treatment-resistant patients with either major depressive disorder (MDD) or bipolar disorder (BD),clinical,Elizabeth D. Ballard; Kathleen Wills; Níall Lally; Erica M. Richards; David A. Luckenbaugh; Tessa Walls; Rezvan Ameli; Mark J. Niciu; Nancy E. Brutsche; Lawrence Park,2017,primary_results,doi,primary_study,original_empirical,primary_evidence,uncertain,supported,0.9,False,"One day post-ketamine administration, improvements on the SHAPS accounted for an additional 13% of the variance in suicidal thought reduction, beyond the influence of depressive symptoms.",abstract_only,abstract_only,abstract,abstract,post-hoc analysis of clinical trials,Intramural NIH HHS,,,Projected from extraction_v1; support=supported; confidence=0.9; needs_human_review=False,Journal of Affective Disorders,journal-article,2017-04-24,0165-0327,1573-2517,Elsevier BV,"Adult | Anesthetics, Dissociative / pharmacology | Anhedonia / drug effects | Bipolar Disorder / drug therapy | Bipolar Disorder / psychology | Depression / psychology | Major Depressive Disorder / drug therapy | Major Depressive Disorder / psychology | Female | Humans | Ketamine / pharmacology | Male | Middle Aged | Psychiatric Status Rating Scales | Suicidal Ideation",Anhedonia | Depression | Ketamine | RDoC | Suicide,Intramural NIH HHS,Z99 MH999999,eng,not_reported,not_reported,ketamine administration,not_reported,not_reported,not_reported,one day post-ketamine administration,,,,not_reported,low,label,label,needs_external_id_lookup,needs_external_id_lookup,{},{},,,,,,
normalized,compound and graph entity matched local registry,Ketamine,,Suicidal ideation,Ketamine,Suicidal ideation,Ketamine,,Suicidal ideation,Suicidal ideation,suicidality,therapeutic_indication,Suicidal ideation,indication,True,10.1016/j.psychres.2021.114212,Relationships between reduction in symptoms and restoration of function and wellbeing: Outcomes of the Oral Ketamine Trial on Suicidality (OKTOS),compound_disorder,chronic suicidality,not_applicable,symptom reduction,Mental Health,positive,Beck Scale for Suicidal ideation (BSS),,adults with chronic suicidality,clinical,Denise Beaudequin; Adem T. Can; Monique Jones; Cian Yang; Jennifer K. Scherman; Megan Dutton; Paul Schwenn; Cyrana Gallay Grace Forsyth; Emma Jensen; Daniel F. Hermens,2021,primary_results,doi,primary_study,original_empirical,primary_evidence,uncertain,supported,1.0,False,Oral ketamine rapidly reduces suicidality and depression,abstract_only,abstract_only,abstract,abstract,clinical trial,,,,Projected from extraction_v1; support=supported; confidence=1.0; needs_human_review=False,Psychiatry Research,journal-article,2021-09-20,0165-1781,1872-7123,Elsevier BV,Adult | Antidepressive Agents / therapeutic use | Major Depressive Disorder / drug therapy | Humans | Ketamine / therapeutic use | Recovery of Function | Suicidal Ideation | Suicide,Antidepressant clinical trials | Antidepressant treatment | Chronic suicidality | Depression | Oral ketamine | Social and occupational functioning | Wellbeing,,,eng,Thirty adults,not_reported,Oral ketamine,not_reported,Oral,over 10 weeks,not_reported,,,,not_reported,low,label,label,needs_external_id_lookup,needs_external_id_lookup,{},{},,,,,,
normalized,compound and graph entity matched local registry,Ketamine,,Depression,Ketamine,Depression,Ketamine,,Depression,Depression,depression,therapeutic_indication,Depression,indication,True,10.1016/j.psychres.2021.114212,Relationships between reduction in symptoms and restoration of function and wellbeing: Outcomes of the Oral Ketamine Trial on Suicidality (OKTOS),compound_disorder,depressive illness,not_applicable,symptom reduction,Mental Health,positive,Montgomery-Asberg Depression Rating Scale (MADRS),MADRS,adults with chronic suicidality,clinical,Denise Beaudequin; Adem T. Can; Monique Jones; Cian Yang; Jennifer K. Scherman; Megan Dutton; Paul Schwenn; Cyrana Gallay Grace Forsyth; Emma Jensen; Daniel F. Hermens,2021,primary_results,doi,primary_study,original_empirical,primary_evidence,uncertain,supported,1.0,False,Oral ketamine rapidly reduces suicidality and depression,abstract_only,abstract_only,abstract,abstract,clinical trial,,,,Projected from extraction_v1; support=supported; confidence=1.0; needs_human_review=False,Psychiatry Research,journal-article,2021-09-20,0165-1781,1872-7123,Elsevier BV,Adult | Antidepressive Agents / therapeutic use | Major Depressive Disorder / drug therapy | Humans | Ketamine / therapeutic use | Recovery of Function | Suicidal Ideation | Suicide,Antidepressant clinical trials | Antidepressant treatment | Chronic suicidality | Depression | Oral ketamine | Social and occupational functioning | Wellbeing,,,eng,Thirty adults,not_reported,Oral ketamine,not_reported,Oral,over 10 weeks,not_reported,,,,not_reported,low,label,label,needs_external_id_lookup,broad_category_needs_external_id_lookup,{},{},,,,,,
normalized,compound and graph entity matched local registry,Ibogaine,,Cocaine use disorder,Ibogaine,Cocaine use disorder,Ibogaine,,Cocaine dependency,Cocaine dependency,safety of ibogaine for the treatment of cocaine dependency,therapeutic_indication,Cocaine use disorder,indication,True,10.1111/j.1749-6632.1998.tb08242.x,Medication Development of Ibogaine as a Pharmacotherapy for Drug Dependence<sup>a</sup>,compound_disorder,Cocaine dependency,not_applicable,Clinical Trial Objective,"Safety, Efficacy, Pharmacokinetics",unclear,"safety, pharmacokinetics, dose effects, relevant parameters of efficacy",,cocaine-dependent patients,clinical,DEBORAH C. MASH; CRAIG A. KOVERA; BILLY E. BUCK; MICHAEL D. NORENBERG; PAUL SHAPSHAK; W. LEE HEARN; JUAN SANCHEZ‐RAMOS,1998,primary_results,doi,primary_study,original_empirical,primary_evidence,uncertain,supported,0.9,False,"We have initiated a rising tolerance study using single administration to assess the safety of ibogaine for the treatment of cocaine dependency. The primary objectives of the study are to determine safety, pharmacokinetics and dose effects, and to identify relevant parameters of efficacy in cocaine-dependent patients.",abstract_only,abstract_only,abstract,abstract,rising tolerance study,,,,Projected from extraction_v1; support=supported; confidence=0.9; needs_human_review=False,Annals of the New York Academy of Sciences,journal-article,1998-05-01,0077-8923,1749-6632,Wiley,,,,,eng,not_reported,not_reported,ibogaine,not_reported,single administration,single administration,not_reported,,,,safety (objective),low,label,alias,needs_external_id_lookup,needs_external_id_lookup,{},{},,,,,,
normalized,compound and graph entity matched local registry,Ketamine,,Depression,Ketamine,Depression,Ketamine,,Depression,Depression,depression,therapeutic_indication,Depression,indication,True,10.1101/2023.01.11.23284248,"Ketamine-assisted psychotherapy provides lasting and effective results in the treatment of depression, anxiety and post traumatic stress disorder at 3 and 6 months: Findings from a large single-arm retrospective effectiveness trial",compound_disorder,treatment resistant affective disorders,not_applicable,clinical_outcome,Mental Health,positive,"PHQ-9 scores, depression case rate, minimal clinically important difference (MCID)",PHQ-9,"1806 adults with a history of depression, anxiety, or PTSD who had not responded to prior treatment interventions",clinical,Ryan Yermus; Michael Verbora; Sidney Kennedy; Robert McMaster; Sarah Kratina; Elizabeth Wolfson; Ben Medrano; Nathan Bryson; Nabid Zaer; John Bottos,2023,preprint,doi,primary_study,original_empirical,primary_evidence,uncertain,supported,0.8,True,"Large treatment effects were detected at 3 months (d’s=0.75-0.86) that were sustained at 6 months. Case reductions (identified based on cut-off values) ranged from 39-41% at 3 months and 29-37% at 6 months. 50-75% reported a minimal clinically important difference at 3 months and 48-70% at 6 months. CONCLUSIONS AND RELEVANCE KAP produced sustained reductions in anxiety, depression, and PTSD... There was a significant reduction on the PHQ at 1 month, d=0.50, which was amplified at 3 months, d=0.85, and remained detectable at 6 months, d=0.73. In the 315 patients who provided a 3-month PHQ assessment, the depression case rate dropped from 56% at baseline to 17% at 3 months. In the 315 patients who provided a 3-month PHQ assessment, 75% reported a 3-point MCID compared to baseline.",full_text_seen,full_text_seen,abstract,"Abstract, C008, C010, C011",retrospective single-arm effectiveness trial,,,,Projected from extraction_v1; support=supported; confidence=0.8; needs_human_review=True,medRxiv,posted-content,2023-01-17,,,openRxiv,,,,,,1806 (overall); 315 (3-month PHQ assessment); 92 (6-month PHQ assessment),not_reported,Ketamine-Assisted Psychotherapy (KAP),"Mean 4 doses (SD=3); IM: initial 25-35mg, titrate to 50-70mg, up to 100mg; Sublingual: initial 200mg, increase by 50-100mg up to 500mg",intramuscular injection or sublingual lozenge,4-6 guided ketamine sessions; mean 3 psychotherapy sessions (SD=2),"1, 3, and 6 months post treatment",,,,not_reported,low,label,label,needs_external_id_lookup,broad_category_needs_external_id_lookup,{},{},NCT05604794,,,,,
normalized,compound and graph entity matched local registry,Ketamine,,Anxiety,Ketamine,Anxiety,Ketamine,,Anxiety,Anxiety,anxiety,therapeutic_indication,Anxiety,indication,True,10.1101/2023.01.11.23284248,"Ketamine-assisted psychotherapy provides lasting and effective results in the treatment of depression, anxiety and post traumatic stress disorder at 3 and 6 months: Findings from a large single-arm retrospective effectiveness trial",compound_disorder,treatment resistant affective disorders,not_applicable,clinical_outcome,Mental Health,positive,"GAD-7 scores, anxiety case rate, minimal clinically important difference (MCID)",GAD-7,"1806 adults with a history of depression, anxiety, or PTSD who had not responded to prior treatment interventions",clinical,Ryan Yermus; Michael Verbora; Sidney Kennedy; Robert McMaster; Sarah Kratina; Elizabeth Wolfson; Ben Medrano; Nathan Bryson; Nabid Zaer; John Bottos,2023,preprint,doi,primary_study,original_empirical,primary_evidence,uncertain,supported,0.8,True,"Large treatment effects were detected at 3 months (d’s=0.75-0.86) that were sustained at 6 months. Case reductions (identified based on cut-off values) ranged from 39-41% at 3 months and 29-37% at 6 months. 50-75% reported a minimal clinically important difference at 3 months and 48-70% at 6 months. CONCLUSIONS AND RELEVANCE KAP produced sustained reductions in anxiety, depression, and PTSD... There was a reduction on the GAD at 1 month, d=0.47, which was amplified at 3 months, d=0.86, and remained detectable at 6 months, d=0.73. In the 305 patients who provided a 3-month GAD assessment, the anxiety case rate dropped from 67% at baseline to 26% at 3 months. In the 305 patients who provided a 3-month GAD assessment, 68% reported a 3-point MCID compared to baseline.",full_text_seen,full_text_seen,abstract,"Abstract, C008, C010, C011",retrospective single-arm effectiveness trial,,,,Projected from extraction_v1; support=supported; confidence=0.8; needs_human_review=True,medRxiv,posted-content,2023-01-17,,,openRxiv,,,,,,1806 (overall); 305 (3-month GAD assessment); 72 (6-month GAD assessment),not_reported,Ketamine-Assisted Psychotherapy (KAP),"Mean 4 doses (SD=3); IM: initial 25-35mg, titrate to 50-70mg, up to 100mg; Sublingual: initial 200mg, increase by 50-100mg per visit up to 500mg",intramuscular injection or sublingual lozenge,4-6 guided ketamine sessions; mean 3 psychotherapy sessions (SD=2),"1, 3, and 6 months post treatment",,,,not_reported,low,label,label,needs_external_id_lookup,broad_category_needs_external_id_lookup,{},{},NCT05604794,,,,,
normalized,compound and graph entity matched local registry,Ketamine,,Post-traumatic stress disorder,Ketamine,Post-traumatic stress disorder,Ketamine,,Post Traumatic Stress Disorder,Post Traumatic Stress Disorder,post traumatic stress disorder (PTSD),therapeutic_indication,Post-traumatic stress disorder,indication,True,10.1101/2023.01.11.23284248,"Ketamine-assisted psychotherapy provides lasting and effective results in the treatment of depression, anxiety and post traumatic stress disorder at 3 and 6 months: Findings from a large single-arm retrospective effectiveness trial",compound_disorder,treatment resistant affective disorders,not_applicable,clinical_outcome,Mental Health,positive,"PCL-6 scores, PTSD case rate, minimal clinically important difference (MCID)",PCL-6,"1806 adults with a history of depression, anxiety, or PTSD who had not responded to prior treatment interventions",clinical,Ryan Yermus; Michael Verbora; Sidney Kennedy; Robert McMaster; Sarah Kratina; Elizabeth Wolfson; Ben Medrano; Nathan Bryson; Nabid Zaer; John Bottos,2023,preprint,doi,primary_study,original_empirical,primary_evidence,uncertain,supported,0.8,True,"Large treatment effects were detected at 3 months (d’s=0.75-0.86) that were sustained at 6 months. Case reductions (identified based on cut-off values) ranged from 39-41% at 3 months and 29-37% at 6 months. 50-75% reported a minimal clinically important difference at 3 months and 48-70% at 6 months. CONCLUSIONS AND RELEVANCE KAP produced sustained reductions in anxiety, depression, and PTSD... There was a reduction on the PCL at 1 month, d=0.38, which was amplified at 3 months, d=0.75, and remained detectable at 6 months, d=0.61. In the 299 patients who provided a 3-month PCL assessment, the PTSD case rate dropped from 84% at baseline to 45% at 3 months. In the 299 patients who provided a 3-month PCL assessment, 50% reported a 5-point MCID compared to baseline.",full_text_seen,full_text_seen,abstract,"Abstract, C008, C010, C011",retrospective single-arm effectiveness trial,,,,Projected from extraction_v1; support=supported; confidence=0.8; needs_human_review=True,medRxiv,posted-content,2023-01-17,,,openRxiv,,,,,,1806 (overall); 299 (3-month PCL assessment); 69 (6-month PCL assessment),not_reported,Ketamine-Assisted Psychotherapy (KAP),"Mean 4 doses (SD=3); IM: initial 25-35mg, titrate to 50-70mg, up to 100mg; Sublingual: initial 200mg, increase by 50-100mg per visit up to 500mg",intramuscular injection or sublingual lozenge,4-6 guided ketamine sessions; mean 3 psychotherapy sessions (SD=2),"1, 3, and 6 months post treatment",,,,not_reported,low,label,label,needs_external_id_lookup,needs_external_id_lookup,{},{},NCT05604794,,,,,
normalized,compound and graph entity matched local registry,Ketamine,,Treatment-resistant depression,Ketamine,Treatment-resistant depression,ketamine,,treatment-resistant depression,treatment-resistant depression,severe depressive symptomatology,symptom_or_problem,Treatment-resistant depression,indication,True,10.1136/bcr-2016-216088,New use for an old drug: oral ketamine for treatment-resistant depression,compound_disorder,treatment-resistant depression,not_applicable,symptom_reduction,mood,positive,severe depressive symptomatology,,"62-year-old man with treatment-resistant depression, severe malnutrition, and hepatic dysfunction",clinical,Kevin M Swiatek; Kim Jordan; Julie Coffman,2016,case_report,doi,case_report,original_empirical,primary_evidence,uncertain,supported,0.9,False,"Following discussion with the patient and family, oral ketamine 0.25 mg/kg was added in an attempt to provide rapid relief from severe depressive symptomatology.",full_text_seen,full_text_seen,text,C003,Case report,,,,Projected from extraction_v1; support=supported; confidence=0.9; needs_human_review=False,BMJ Case Reports,journal-article,2016-08-03,1757-790X,1757-790X,BMJ,"Administration, Oral | Antidepressive Agents / administration & dosage | Depressive Disorder, Treatment-Resistant / drug therapy | Excitatory Amino Acid Antagonists / administration & dosage | Humans | Inpatients | Ketamine / administration & dosage | Male | Middle Aged | Off-Label Use | Receptors, N-Methyl-D-Aspartate / antagonists & inhibitors",,,,eng,1,not_applicable,oral ketamine,0.25 mg/kg (reduced to 5 mg),oral,initial administration,initial administration,,,,not_reported,low,label,label,needs_external_id_lookup,needs_external_id_lookup,{},{},NCT00088699,,,,,
normalized,compound and graph entity matched local registry,5-MeO-DMT,,Treatment-resistant depression,5-MeO-DMT,Treatment-resistant depression,BPL-003 (5-MeO-DMT),,Treatment-resistant depression,Treatment-resistant depression,reductions in depressive symptoms as measured by the Montgomery–Åsberg Depression Rating Scale,outcome_measure,Treatment-resistant depression,indication,True,10.20471/dec.2025.61.03.09,BPL-003,compound_disorder,Treatment-resistant depression (TRD),none,Efficacy,Depressive symptoms,positive,Montgomery–Åsberg Depression Rating Scale (MADRS) score reduction,MADRS,patients with treatment-resistant depression (TRD),clinical,Vjekoslav Peitl; Darko Vlahović,2025,primary_results,doi,primary_study,original_empirical,primary_evidence,uncertain,supported,1.0,False,"In a Phase 2b randomized, controlled trial involving 193 patients with TRD, single doses of 8 mg and 12 mg BPL-003 produced rapid and statistically significant reductions in depressive symptoms as measured by the Montgomery–Åsberg Depression Rating Scale. Clinical improvement was evident as early as Day 2 and was sustained through Day 57, with the 8 mg dose demonstrating a favorable balance between efficacy and tolerability. The results were promising: both the 8 mg and 12 mg doses produced rapid and statistically significant improvements in MADRS scores. By Day 2, patients in the active dose groups had already shown substantial reductions in depressive symptoms compared to control. These effects persisted at Day 29 and were largely maintained through Day 57.",full_text_seen,full_text_seen,abstract,"Abstract, C001, F001","randomized, controlled trial (Phase 2b)",,,,Projected from extraction_v1; support=supported; confidence=1.0; needs_human_review=False,Archives of Psychiatry Research,journal-article,2025-12-29,2671-1079,2671-2008,Sestre Milosrdnice University Hospital Center (KBC Sestre milosrdnice),,,,,,193 patients,0.3 mg BPL-003 (control),BPL-003,"8 mg, 12 mg",intranasal,single dose,"Day 2, Day 29, Day 57",,,,not_reported,high,label,label,needs_external_id_lookup,needs_external_id_lookup,{},{},,,,,,
normalized,compound and graph entity matched local registry,S-ketamine,,Anxiety,S-ketamine,Anxiety,esketamine,,anxiety,anxiety,HADS-A scores,therapeutic_indication,Anxiety,indication,True,10.2147/dddt.s565937,Effects of Intravenous Subanesthetic-Dose Esketamine on Early Postoperative Pain in Elderly Patients Undergoing Thoracoscopic Lung Surgery: A Randomized Double-Blind Controlled Trial.,compound_disorder,elderly patients after thoracoscopic lung surgery,not_applicable,score,mood,positive,Hospital Anxiety and Depression Scale - Anxiety subscale (HADS-A) scores,,elderly patients undergoing thoracoscopic pulmonary surgery,clinical,Zhao H; Liu Z; Zhang Y; Liu M; Ning Y; Gao D; Hui K; Ji Q; Zhang L,2025,primary_results,doi,primary_study,original_empirical,primary_evidence,uncertain,supported,1.0,False,"Similarly, the esketamine group showed significantly lower HADS-A (MD: -1; 95% CI: -1 to 0; P =0.004) and HADS-D scores (MD: -1; 95% CI: -2 to -1; P = 0.002) compared with control group at POD1.",full_text_seen,full_text_seen,text,C014,Randomized Controlled Trial,,,,Projected from extraction_v1; support=supported; confidence=1; needs_human_review=False,"Drug design, development and therapy",Journal Article | Randomized Controlled Trial,2025-12-18,1177-8881,1177-8881,,"Aged | Aged, 80 and over | Female | Humans | Male | Middle Aged | Administration, Intravenous | Analgesics / administration & dosage | Dose-Response Relationship, Drug | Double-Blind Method | Infusions, Intravenous | Ketamine / administration & dosage | Ketamine / therapeutic use | Lung / surgery | Postoperative Pain / drug therapy | Thoracoscopy",esketamine | multimodal analgesia | postoperative analgesia | sleep | thoracoscopic lung surgery,,,eng,136,normal saline,esketamine,"0.25 mg/kg loading, 0.25 mg/kg/h infusion",intravenous,,POD1,,,,,high,alias,label,needs_external_id_lookup,broad_category_needs_external_id_lookup,{},{},,,,,,
normalized,compound and graph entity matched local registry,S-ketamine,,Depression,S-ketamine,Depression,esketamine,,depression,depression,HADS-D scores,therapeutic_indication,Depression,indication,True,10.2147/dddt.s565937,Effects of Intravenous Subanesthetic-Dose Esketamine on Early Postoperative Pain in Elderly Patients Undergoing Thoracoscopic Lung Surgery: A Randomized Double-Blind Controlled Trial.,compound_disorder,elderly patients after thoracoscopic lung surgery,not_applicable,score,mood,positive,Hospital Anxiety and Depression Scale - Depression subscale (HADS-D) scores,,elderly patients undergoing thoracoscopic pulmonary surgery,clinical,Zhao H; Liu Z; Zhang Y; Liu M; Ning Y; Gao D; Hui K; Ji Q; Zhang L,2025,primary_results,doi,primary_study,original_empirical,primary_evidence,uncertain,supported,1.0,False,"Similarly, the esketamine group showed significantly lower HADS-A (MD: -1; 95% CI: -1 to 0; P =0.004) and HADS-D scores (MD: -1; 95% CI: -2 to -1; P = 0.002) compared with control group at POD1. Moreover, the esketamine group exhibited statistically significant reductions in HADS-D scores compared with the control group on POD3 (MD: -1; 95% CI: -1 to 0; P = 0.015).",full_text_seen,full_text_seen,text,C014,Randomized Controlled Trial,,,,Projected from extraction_v1; support=supported; confidence=1; needs_human_review=False,"Drug design, development and therapy",Journal Article | Randomized Controlled Trial,2025-12-18,1177-8881,1177-8881,,"Aged | Aged, 80 and over | Female | Humans | Male | Middle Aged | Administration, Intravenous | Analgesics / administration & dosage | Dose-Response Relationship, Drug | Double-Blind Method | Infusions, Intravenous | Ketamine / administration & dosage | Ketamine / therapeutic use | Lung / surgery | Postoperative Pain / drug therapy | Thoracoscopy",esketamine | multimodal analgesia | postoperative analgesia | sleep | thoracoscopic lung surgery,,,eng,136,normal saline,esketamine,"0.25 mg/kg loading, 0.25 mg/kg/h infusion",intravenous,,POD1 and POD3,,,,,high,alias,label,needs_external_id_lookup,broad_category_needs_external_id_lookup,{},{},,,,,,
normalized,compound and graph entity matched local registry,S-ketamine,,Treatment-resistant depression,S-ketamine,Treatment-resistant depression,Esketamine,,Treatment-resistant depression,Treatment-resistant depression,remission,therapeutic_indication,Treatment-resistant depression,indication,True,10.1017/s1092852924002451,Esketamine nasal spray versus quetiapine XR in adults with treatment-resistant depression: a secondary analysis of the ESCAPE-TRD randomized clinical trial,compound_disorder,adults with treatment-resistant depression (TRD),not_applicable,Efficacy,Depression,positive,"Remission rate (MADRS total score 

≤ 10)",MADRS,adults with treatment-resistant depression (TRD),clinical,Roger S. McIntyre; Gregory Mattingly; Yordan Godinov; Jozefine Buyze; Ibrahim Turkoz; Patricia Cabrera; Manish Patel; Larry Martinez; Mai Himedan; Oliver Lopena,2025,primary_results,doi,primary_study,original_empirical,primary_evidence,uncertain,supported,1.0,False,"Among 636 patients in this secondary analysis (ESK, n = 316; quetiapine XR, n = 320), significantly more ESK-treated patients achieved remission starting at week 8 (28.3% versus 18.6%; P = 0.005) through week 32 (55.7% versus 36.3%; P < 0.001), compared with quetiapine XR-treated patients.",full_text_seen,full_text_seen,abstract,C001,"randomized, open-label, rater-blinded phase 3b trial",,,,Projected from extraction_v1; support=supported; confidence=1.0; needs_human_review=False,CNS Spectrums,journal-article,2025-01-01,1092-8529,2165-6509,Cambridge University Press (CUP),"Humans | Quetiapine Fumarate / administration & dosage | Quetiapine Fumarate / therapeutic use | Quetiapine Fumarate / adverse effects | Adult | Male | Female | Depressive Disorder, Treatment-Resistant / drug therapy | Ketamine / administration & dosage | Ketamine / therapeutic use | Ketamine / adverse effects | Middle Aged | Nasal Sprays | Antidepressive Agents / administration & dosage | Antidepressive Agents / therapeutic use | Young Adult | Adolescent | Antipsychotic Agents / administration & dosage | Antipsychotic Agents / therapeutic use | Treatment Outcome | Delayed-Action Preparations",Esketamine | major depressive disorder | quetiapine | remission | treatment-resistant depression,,,eng,636,Quetiapine extended-release (50-300 mg/day) in combination with an oral antidepressant,Esketamine nasal spray (56 or 84 mg) in combination with an oral antidepressant,56 or 84 mg,nasal spray,"twice weekly (weeks 1-4), weekly (weeks 5-8), weekly or once every two weeks (weeks 9-32)","week 8, week 32",,,,not_reported,high,alias,label,needs_external_id_lookup,needs_external_id_lookup,{},{},NCT04338321,,,,,
normalized,compound and graph entity matched local registry,S-ketamine,,Treatment-resistant depression,S-ketamine,Treatment-resistant depression,Esketamine,,Treatment-resistant depression,Treatment-resistant depression,response,therapeutic_indication,Treatment-resistant depression,indication,True,10.1017/s1092852924002451,Esketamine nasal spray versus quetiapine XR in adults with treatment-resistant depression: a secondary analysis of the ESCAPE-TRD randomized clinical trial,compound_disorder,adults with treatment-resistant depression (TRD),not_applicable,Efficacy,Depression,positive,"Response rate (≥50% improvement in MADRS total score or MADRS total score 

≤ 10)",MADRS,adults with treatment-resistant depression (TRD),clinical,Roger S. McIntyre; Gregory Mattingly; Yordan Godinov; Jozefine Buyze; Ibrahim Turkoz; Patricia Cabrera; Manish Patel; Larry Martinez; Mai Himedan; Oliver Lopena,2025,primary_results,doi,primary_study,original_empirical,primary_evidence,uncertain,supported,1.0,False,"A significantly higher percentage of patients from the ESK arm experienced response starting at week 2 (16.6% versus 8.4%, P = 0.002) and at every subsequent time point through week 32 (75.9% versus 55.0%, P < .001) (Figure 2A ) compared with the quetiapine XR arm.",full_text_seen,full_text_seen,text,C006,"randomized, open-label, rater-blinded phase 3b trial",,,,Projected from extraction_v1; support=supported; confidence=1.0; needs_human_review=False,CNS Spectrums,journal-article,2025-01-01,1092-8529,2165-6509,Cambridge University Press (CUP),"Humans | Quetiapine Fumarate / administration & dosage | Quetiapine Fumarate / therapeutic use | Quetiapine Fumarate / adverse effects | Adult | Male | Female | Depressive Disorder, Treatment-Resistant / drug therapy | Ketamine / administration & dosage | Ketamine / therapeutic use | Ketamine / adverse effects | Middle Aged | Nasal Sprays | Antidepressive Agents / administration & dosage | Antidepressive Agents / therapeutic use | Young Adult | Adolescent | Antipsychotic Agents / administration & dosage | Antipsychotic Agents / therapeutic use | Treatment Outcome | Delayed-Action Preparations",Esketamine | major depressive disorder | quetiapine | remission | treatment-resistant depression,,,eng,636,Quetiapine extended-release (50-300 mg/day) in combination with an oral antidepressant,Esketamine nasal spray (56 or 84 mg) in combination with an oral antidepressant,56 or 84 mg,nasal spray,"twice weekly (weeks 1-4), weekly (weeks 5-8), weekly or once every two weeks (weeks 9-32)","week 2, week 32",,,,not_reported,high,alias,label,needs_external_id_lookup,needs_external_id_lookup,{},{},NCT04338321,,,,,
normalized,compound and graph entity matched local registry,Ketamine,,Cocaine use disorder,Ketamine,Cocaine use disorder,ketamine,,cocaine dependence,cocaine dependence,motivation to quit cocaine scores with the University of Rhode Island Change Assessment,outcome_measure,Cocaine use disorder,indication,True,10.1016/j.biopsych.2013.08.009,The Effects of Subanesthetic Ketamine Infusions on Motivation to Quit and Cue-Induced Craving in Cocaine-Dependent Research Volunteers,compound_disorder,cocaine dependence,not_reported,therapeutic_effect,addiction/substance use,positive,motivation to quit cocaine (University of Rhode Island Change Assessment),,volunteers with active DSM-IV cocaine dependence not seeking treatment or abstinence,clinical,Elias Dakwar; Frances Levin; Richard W. Foltin; Edward V. Nunes; Carl L. Hart,2013,primary_results,doi,primary_study,original_empirical,primary_evidence,uncertain,supported,1.0,False,"Compared with the active control lorazepam, a single ketamine infusion (.41 mg/kg) led to a mean 3.9-point gain in University of Rhode Island Change Assessment (p = .012), which corresponds to an approximately 60% increase over preceding values.",abstract_only,abstract_only,abstract,abstract,"crossover, double-blind trial",NIDA NIH HHS,,,Projected from extraction_v1; support=supported; confidence=1; needs_human_review=False,Biological Psychiatry,journal-article,2013-09-12,0006-3223,1873-2402,Elsevier BV,"Adult | Behavior, Addictive / drug therapy | Cocaine-Related Disorders / drug therapy | Craving / drug effects | Cross-Over Studies | Cues | Dose-Response Relationship, Drug | Double-Blind Method | Excitatory Amino Acid Antagonists / administration & dosage | Excitatory Amino Acid Antagonists / therapeutic use | Female | Humans | Hypnotics and Sedatives / administration & dosage | Hypnotics and Sedatives / therapeutic use | Infusions, Intravenous | Ketamine / administration & dosage | Ketamine / adverse effects | Ketamine / therapeutic use | Lorazepam / administration & dosage | Lorazepam / therapeutic use | Male | Middle Aged | Motivation / drug effects | Young Adult",Addiction | cocaine | craving | glutamate | ketamine | motivation,NIDA NIH HHS,DA007294-19 | K23 DA031771 | DA031771-01 | DA03476-23 | T32 DA007294 | P50 DA009236 | DA009236-18 | K05 DA031749 | DA029647-02 | DA031749-01 | R01 DA003476 | K24 DA029647 | DA031749-02,eng,8,lorazepam 2 mg,ketamine infusion,.41 mg/kg,intravenous,"single infusion, 52-min",24 hours postinfusion,,,,Infusions were well-tolerated.,low,label,alias,needs_external_id_lookup,needs_external_id_lookup,{},{},NCT01790490,,,,,
normalized,compound and graph entity matched local registry,Ketamine,,Cocaine use disorder,Ketamine,Cocaine use disorder,ketamine,,cocaine dependence,cocaine dependence,reduction of comparable magnitude in cue-induced craving,outcome_measure,Cocaine use disorder,indication,True,10.1016/j.biopsych.2013.08.009,The Effects of Subanesthetic Ketamine Infusions on Motivation to Quit and Cue-Induced Craving in Cocaine-Dependent Research Volunteers,compound_disorder,cocaine dependence,not_reported,therapeutic_effect,addiction/substance use,positive,cue-induced craving (visual analogue scale),,volunteers with active DSM-IV cocaine dependence not seeking treatment or abstinence,clinical,Elias Dakwar; Frances Levin; Richard W. Foltin; Edward V. Nunes; Carl L. Hart,2013,primary_results,doi,primary_study,original_empirical,primary_evidence,uncertain,supported,1.0,False,There was a reduction of comparable magnitude in cue-induced craving (p = .012).,abstract_only,abstract_only,abstract,abstract,"crossover, double-blind trial",NIDA NIH HHS,,,Projected from extraction_v1; support=supported; confidence=1; needs_human_review=False,Biological Psychiatry,journal-article,2013-09-12,0006-3223,1873-2402,Elsevier BV,"Adult | Behavior, Addictive / drug therapy | Cocaine-Related Disorders / drug therapy | Craving / drug effects | Cross-Over Studies | Cues | Dose-Response Relationship, Drug | Double-Blind Method | Excitatory Amino Acid Antagonists / administration & dosage | Excitatory Amino Acid Antagonists / therapeutic use | Female | Humans | Hypnotics and Sedatives / administration & dosage | Hypnotics and Sedatives / therapeutic use | Infusions, Intravenous | Ketamine / administration & dosage | Ketamine / adverse effects | Ketamine / therapeutic use | Lorazepam / administration & dosage | Lorazepam / therapeutic use | Male | Middle Aged | Motivation / drug effects | Young Adult",Addiction | cocaine | craving | glutamate | ketamine | motivation,NIDA NIH HHS,DA007294-19 | K23 DA031771 | DA031771-01 | DA03476-23 | T32 DA007294 | P50 DA009236 | DA009236-18 | K05 DA031749 | DA029647-02 | DA031749-01 | R01 DA003476 | K24 DA029647 | DA031749-02,eng,8,lorazepam 2 mg,ketamine infusion,.41 mg/kg,intravenous,"single infusion, 52-min",24 hours postinfusion,,,,Infusions were well-tolerated.,low,label,alias,needs_external_id_lookup,needs_external_id_lookup,{},{},NCT01790490,,,,,
normalized,compound and graph entity matched local registry,Ketamine,,Cocaine use disorder,Ketamine,Cocaine use disorder,ketamine,,cocaine dependence,cocaine dependence,further reductions in cue-induced craving,outcome_measure,Cocaine use disorder,indication,True,10.1016/j.biopsych.2013.08.009,The Effects of Subanesthetic Ketamine Infusions on Motivation to Quit and Cue-Induced Craving in Cocaine-Dependent Research Volunteers,compound_disorder,cocaine dependence,not_reported,therapeutic_effect,addiction/substance use,positive,cue-induced craving,,volunteers with active DSM-IV cocaine dependence not seeking treatment or abstinence,clinical,Elias Dakwar; Frances Levin; Richard W. Foltin; Edward V. Nunes; Carl L. Hart,2013,primary_results,doi,primary_study,original_empirical,primary_evidence,uncertain,supported,1.0,False,A subsequent ketamine infusion (.71 mg/kg) led to further reductions in cue-induced craving compared with the control.,abstract_only,abstract_only,abstract,abstract,"crossover, double-blind trial",NIDA NIH HHS,,,Projected from extraction_v1; support=supported; confidence=1; needs_human_review=False,Biological Psychiatry,journal-article,2013-09-12,0006-3223,1873-2402,Elsevier BV,"Adult | Behavior, Addictive / drug therapy | Cocaine-Related Disorders / drug therapy | Craving / drug effects | Cross-Over Studies | Cues | Dose-Response Relationship, Drug | Double-Blind Method | Excitatory Amino Acid Antagonists / administration & dosage | Excitatory Amino Acid Antagonists / therapeutic use | Female | Humans | Hypnotics and Sedatives / administration & dosage | Hypnotics and Sedatives / therapeutic use | Infusions, Intravenous | Ketamine / administration & dosage | Ketamine / adverse effects | Ketamine / therapeutic use | Lorazepam / administration & dosage | Lorazepam / therapeutic use | Male | Middle Aged | Motivation / drug effects | Young Adult",Addiction | cocaine | craving | glutamate | ketamine | motivation,NIDA NIH HHS,DA007294-19 | K23 DA031771 | DA031771-01 | DA03476-23 | T32 DA007294 | P50 DA009236 | DA009236-18 | K05 DA031749 | DA029647-02 | DA031749-01 | R01 DA003476 | K24 DA029647 | DA031749-02,eng,8,control (lorazepam),ketamine infusion,.71 mg/kg,intravenous,"subsequent infusion, 52-min",24 hours postinfusion,,,,Infusions were well-tolerated.,low,label,alias,needs_external_id_lookup,needs_external_id_lookup,{},{},NCT01790490,,,,,
normalized,compound and graph entity matched local registry,S-ketamine,,Treatment-resistant depression,S-ketamine,Treatment-resistant depression,esketamine,,treatment-resistant depression,treatment-resistant depression,"probability of a patient that was a ""non-responder"" to become a ""responder""",outcome_measure,Treatment-resistant depression,indication,True,10.1016/j.rpsm.2020.10.003,The probability of response after each subcutaneous injection of esketamine in treatment-resistant depression,compound_disorder,treatment-resistant depression,not_reported,efficacy,depressive symptoms,positive,response (decrease of at least 50% in the Montgomery-Åsberg Depression Rating Scale),MADRS,patients with TRD (unipolar and bipolar treatment-resistant depression),clinical,Victor Augusto Rodovalho Fava; Luciana Maria Sarin; Ana Cecília Lucchese; Lorena Del Sant; Eduardo Magalhães; Rodrigo Simonini Delfino; Marco Aurélio Tuena; Carolina Nakahira; Andrea Parolin Jackowski; Guilherme Abdo,2020,case_report,doi,primary_study,original_empirical,primary_evidence,uncertain,supported,1.0,False,"The probability of a patient that was a ""non-responder"" to become a ""responder"" following a SC injection of esketamine was 17.30%",abstract_only,abstract_only,abstract,abstract,retrospective analysis of a case series,,,,Projected from extraction_v1; support=supported; confidence=1; needs_human_review=False,Revista de Psiquiatría y Salud Mental,journal-article,2020-10-16,1888-9891,1989-4600,Elsevier BV,,Análisis de transición latente | Bipolar depression | Depresión bipolar | Depresión resistente al tratamiento | Esketamina | Esketamine | Latent transition analysis | Respuesta al tratamiento | Treatment response | Treatment-resistant depression,,,eng | spa,70 patients,not_reported,esketamine,0.5-1.0mg/kg,subcutaneous (SC),"weekly, throughout four doses",24h after dose,,,,not_reported,low,alias,label,needs_external_id_lookup,needs_external_id_lookup,{},{},,,,,,
normalized,compound and graph entity matched local registry,S-ketamine,,Treatment-resistant depression,S-ketamine,Treatment-resistant depression,esketamine,,treatment-resistant depression,treatment-resistant depression,"probability of a patient that was a ""responder"" to remain as a ""responder""",outcome_measure,Treatment-resistant depression,indication,True,10.1016/j.rpsm.2020.10.003,The probability of response after each subcutaneous injection of esketamine in treatment-resistant depression,compound_disorder,treatment-resistant depression,not_reported,efficacy,depressive symptoms,positive,response (decrease of at least 50% in the Montgomery-Åsberg Depression Rating Scale),MADRS,patients with TRD (unipolar and bipolar treatment-resistant depression),clinical,Victor Augusto Rodovalho Fava; Luciana Maria Sarin; Ana Cecília Lucchese; Lorena Del Sant; Eduardo Magalhães; Rodrigo Simonini Delfino; Marco Aurélio Tuena; Carolina Nakahira; Andrea Parolin Jackowski; Guilherme Abdo,2020,case_report,doi,primary_study,original_empirical,primary_evidence,uncertain,supported,1.0,False,"The probability of a patient that was a ""responder"" to remain as a ""responder"" was 95%.",abstract_only,abstract_only,abstract,abstract,retrospective analysis of a case series,,,,Projected from extraction_v1; support=supported; confidence=1; needs_human_review=False,Revista de Psiquiatría y Salud Mental,journal-article,2020-10-16,1888-9891,1989-4600,Elsevier BV,,Análisis de transición latente | Bipolar depression | Depresión bipolar | Depresión resistente al tratamiento | Esketamina | Esketamine | Latent transition analysis | Respuesta al tratamiento | Treatment response | Treatment-resistant depression,,,eng | spa,70 patients,not_reported,esketamine,0.5-1.0mg/kg,subcutaneous (SC),"weekly, throughout four doses",24h after dose,,,,not_reported,low,alias,label,needs_external_id_lookup,needs_external_id_lookup,{},{},,,,,,
normalized,compound and graph entity matched local registry,Ketamine,,Depression,Ketamine,Depression,ketamine,,depression,depression,MADRS scores,outcome_measure,Depression,indication,True,10.1017/s1461145711000629,A preliminary naturalistic study of low-dose ketamine for depression and suicide ideation in the emergency department,compound_disorder,depressed emergency department (ED) patients with suicide ideation (SI),not_reported,efficacy,mood,positive,Montgomery-Asberg Depression Rating Scale (MADRS) scores,MADRS,depressed emergency department (ED) patients with suicide ideation (SI),clinical,Gregory Luke Larkin; Annette L. Beautrais,2011,primary_results,doi,primary_study,original_empirical,primary_evidence,uncertain,supported,0.9,False,"Mean MADRS scores fell significantly from 40.4 (s.e.m.=1.8) at baseline to 11.5 (s.e.m.=2.2) at 240 min. Median time to MADRS score 
10 was 80 min (interquartile range 0.67-24 h).",abstract_only,abstract_only,abstract,abstract,preliminary naturalistic study,,,,Projected from extraction_v1; support=supported; confidence=0.9; needs_human_review=False,The International Journal of Neuropsychopharmacology,journal-article,2011-05-10,1461-1457,1469-5111,Oxford University Press (OUP),"Adult | Antidepressive Agents / administration & dosage | Antidepressive Agents / adverse effects | Antidepressive Agents / pharmacology | Antidepressive Agents / therapeutic use | Major Depressive Disorder / drug therapy | Dose-Response Relationship, Drug | Drug Administration Schedule | Emergency Medical Services | Hospitals, University | Humans | Injections, Intravenous | Ketamine / administration & dosage | Ketamine / adverse effects | Ketamine / pharmacology | Ketamine / therapeutic use | Male | Middle Aged | Pilot Projects | Psychiatric Status Rating Scales | Suicidal Ideation | Time Factors | Young Adult",,,,eng,14,not_reported,single i.v. bolus of ketamine,0.2 mg/kg,intravenous (i.v.),single dose over 1-2 min,240 min,,,,not_reported,low,label,label,needs_external_id_lookup,broad_category_needs_external_id_lookup,{},{},NCT09090057,10.1093/ijnp/pyx035,RetractionIn PMID:28637184 Int J Neuropsychopharmacol. 2017 Jul 1;20(7):611. doi: 10.1093/ijnp/pyx035.,true,,
normalized,compound and graph entity matched local registry,Psilocybin,,Alcohol use disorder,Psilocybin,Alcohol use disorder,Psilocybin,,Alcohol use disorder,Alcohol use disorder,reducing alcohol cravings,symptom_or_problem,Alcohol use disorder,indication,True,10.1037/adb0000935,Reports of self-compassion and affect regulation in psilocybin-assisted therapy for alcohol use disorder: An interpretive phenomenological analysis.,compound_disorder,Alcohol use disorder (AUD),not_applicable,therapeutic_effect,Substance Use,positive,alcohol cravings,,"Participants (N = 13) mostly identified as non-Hispanic and White, with approximately equal proportions of cisgender men and women.",clinical,Gabrielle Agin-Liebes; Elizabeth M. Nielson; Michael Zingman; Katherine Kim; Alexandra Haas; Lindsey T. Owens; Ursula Rogers; Michael Bogenschutz,2023,primary_results,doi,primary_study,original_empirical,primary_evidence,uncertain,supported,1.0,False,"Our results support the assertion that psilocybin increases the malleability of self-related processing, and diminishes shame-based and self-critical thought patterns while improving affect regulation and reducing alcohol cravings.",abstract_only,abstract_only,abstract,abstract,randomized controlled trial,NIDA NIH HHS | NIH HHS,,,Projected from extraction_v1; support=supported; confidence=1.0; needs_human_review=False,Psychology of Addictive Behaviors,journal-article,2023-06-05,0893-164X,1939-1501,American Psychological Association (APA),Female | Humans | Male | Alcoholism / drug therapy | Emotions | Hallucinogens / therapeutic use | Psilocybin / therapeutic use | Self-Compassion | Qualitative Research | Randomized Controlled Trials as Topic,,NIDA NIH HHS | NIH HHS,T32 DA007233 | T32 DA007250,eng,N = 13,not_reported,psilocybin-assisted psychotherapy,not_reported,not_reported,not_reported,not_reported,,,,not_reported,high,label,label,needs_external_id_lookup,needs_external_id_lookup,{},{},NCT02061293,,,,,
normalized,compound and graph entity matched local registry,Psilocybin,,Alcohol use disorder,Psilocybin,Alcohol use disorder,Psilocybin,,Alcohol use disorder,Alcohol use disorder,diminishes shame-based and self-critical thought patterns,symptom_or_problem,Alcohol use disorder,indication,True,10.1037/adb0000935,Reports of self-compassion and affect regulation in psilocybin-assisted therapy for alcohol use disorder: An interpretive phenomenological analysis.,compound_disorder,Alcohol use disorder (AUD),not_applicable,therapeutic_effect,Cognition/Psychological Processes,positive,shame-based and self-critical thought patterns,,"Participants (N = 13) mostly identified as non-Hispanic and White, with approximately equal proportions of cisgender men and women.",clinical,Gabrielle Agin-Liebes; Elizabeth M. Nielson; Michael Zingman; Katherine Kim; Alexandra Haas; Lindsey T. Owens; Ursula Rogers; Michael Bogenschutz,2023,primary_results,doi,primary_study,original_empirical,primary_evidence,uncertain,supported,1.0,False,"Our results support the assertion that psilocybin increases the malleability of self-related processing, and diminishes shame-based and self-critical thought patterns while improving affect regulation and reducing alcohol cravings.",abstract_only,abstract_only,abstract,abstract,randomized controlled trial,NIDA NIH HHS | NIH HHS,,,Projected from extraction_v1; support=supported; confidence=1.0; needs_human_review=False,Psychology of Addictive Behaviors,journal-article,2023-06-05,0893-164X,1939-1501,American Psychological Association (APA),Female | Humans | Male | Alcoholism / drug therapy | Emotions | Hallucinogens / therapeutic use | Psilocybin / therapeutic use | Self-Compassion | Qualitative Research | Randomized Controlled Trials as Topic,,NIDA NIH HHS | NIH HHS,T32 DA007233 | T32 DA007250,eng,N = 13,not_reported,psilocybin-assisted psychotherapy,not_reported,not_reported,not_reported,not_reported,,,,not_reported,high,label,label,needs_external_id_lookup,needs_external_id_lookup,{},{},NCT02061293,,,,,
normalized,compound and graph entity matched local registry,Psilocybin,,Anxiety,Psilocybin,Anxiety,Psilocybin,,Anxiety,Anxiety,severe anxiety,therapeutic_indication,Anxiety,indication,True,10.46747/cfp.6811823,Psilocybin mushrooms for psychological and existential distress,compound_disorder,"stage IV small cell lung cancer, palliative diagnosis",not_applicable,patient-reported outcome,Mental Health,positive,General Anxiety Disorder-7 questionnaire (GAD-7) scores,GAD-7,54-year-old woman with stage IV small cell lung cancer,clinical,Ryan Patchett-Marble; Sean O’Sullivan; Sayali Tadwalkar; Emma Hapke,2022,case_report,doi,case_report,original_empirical,primary_evidence,uncertain,supported,0.9,False,"A 54-year-old woman from rural northern Ontario with stage IV small cell lung cancer presented with severe anxiety and depression regarding her palliative diagnosis... She completed validated questionnaires (General Anxiety Disorder-7 questionnaire, Patient Health Questionnaire-9, and McGill Quality of Life Questionnaire-Revised) that showed marked improvement in her mood, anxiety, and quality of life, including psychological, existential, and social subscales (Figures 2 and 3 ). These results were sustained at 4 months...",full_text_seen,full_text_seen,text,"C004, F002",case report,,"Dr Emma Hapke is paid for her work as Principal Investigator of a phase 3 study of 3,4-methylenedioxymethamphetamine-assisted psychotherapy for posttraumatic stress disorder (Montréal site), sponsored by the Multidisciplinary Association of Psychedelic Studies, and serves as paid Associate Director of the Nikean Psychedelic Psychotherapy Research Centre, a nonprofit academic research centre based at the University Health Network in Toronto, Ont. Dr Sean O'Sullivan previously served as paid medical director and board member of TheraPsil, a nonprofit advocacy organization whose purpose is to legalize psilocybin therapy for Canadians with terminal diagnoses and other conditions. Dr Hapke previously served as a volunteer board member of TheraPsil, and Dr Ryan Patchett-Marble was previously a volunteer clinical adviser for TheraPsil.",,Projected from extraction_v1; support=supported; confidence=0.9; needs_human_review=False,Canadian Family Physician,article,2022-11-01,0008-350X,1715-5258,College of Family Physicians Canada,"Agaricales | Humans | Lung Neoplasms | Neoplasms / psychology | Palliative Care / psychology | Psilocybin / therapeutic use | Stress, Psychological / psychology",Psilocybin | The Renaissance | Existentialism | Distress | Medicine | Psychiatry | Hallucinogen | Data science | Psychology | Psychotherapist | Computer science | History | Art history | Political science | Law,,,en,1,not_reported,psilocybin-assisted therapy,5 g of dried psilocybin mushrooms as a tea,oral,1 session,4 months,,,,not_reported,low,label,label,needs_external_id_lookup,broad_category_needs_external_id_lookup,{},{},,,,,,
normalized,compound and graph entity matched local registry,Psilocybin,,Depression,Psilocybin,Depression,Psilocybin,,Depression,Depression,depression,therapeutic_indication,Depression,indication,True,10.46747/cfp.6811823,Psilocybin mushrooms for psychological and existential distress,compound_disorder,"stage IV small cell lung cancer, palliative diagnosis",not_applicable,patient-reported outcome,Mental Health,positive,Patient Health Questionnaire-9 (PHQ-9) scores,PHQ-9,54-year-old woman with stage IV small cell lung cancer,clinical,Ryan Patchett-Marble; Sean O’Sullivan; Sayali Tadwalkar; Emma Hapke,2022,case_report,doi,case_report,original_empirical,primary_evidence,uncertain,supported,0.9,False,"A 54-year-old woman from rural northern Ontario with stage IV small cell lung cancer presented with severe anxiety and depression regarding her palliative diagnosis... She completed validated questionnaires (General Anxiety Disorder-7 questionnaire, Patient Health Questionnaire-9, and McGill Quality of Life Questionnaire-Revised) that showed marked improvement in her mood, anxiety, and quality of life, including psychological, existential, and social subscales (Figures 2 and 3 ). These results were sustained at 4 months...",full_text_seen,full_text_seen,text,"C004, F002",case report,,"Dr Emma Hapke is paid for her work as Principal Investigator of a phase 3 study of 3,4-methylenedioxymethamphetamine-assisted psychotherapy for posttraumatic stress disorder (Montréal site), sponsored by the Multidisciplinary Association of Psychedelic Studies, and serves as paid Associate Director of the Nikean Psychedelic Psychotherapy Research Centre, a nonprofit academic research centre based at the University Health Network in Toronto, Ont. Dr Sean O'Sullivan previously served as paid medical director and board member of TheraPsil, a nonprofit advocacy organization whose purpose is to legalize psilocybin therapy for Canadians with terminal diagnoses and other conditions. Dr Hapke previously served as a volunteer board member of TheraPsil, and Dr Ryan Patchett-Marble was previously a volunteer clinical adviser for TheraPsil.",,Projected from extraction_v1; support=supported; confidence=0.9; needs_human_review=False,Canadian Family Physician,article,2022-11-01,0008-350X,1715-5258,College of Family Physicians Canada,"Agaricales | Humans | Lung Neoplasms | Neoplasms / psychology | Palliative Care / psychology | Psilocybin / therapeutic use | Stress, Psychological / psychology",Psilocybin | The Renaissance | Existentialism | Distress | Medicine | Psychiatry | Hallucinogen | Data science | Psychology | Psychotherapist | Computer science | History | Art history | Political science | Law,,,en,1,not_reported,psilocybin-assisted therapy,5 g of dried psilocybin mushrooms as a tea,oral,1 session,4 months,,,,not_reported,low,label,label,needs_external_id_lookup,broad_category_needs_external_id_lookup,{},{},,,,,,
normalized,compound and graph entity matched local registry,Psilocybin,,Distress associated with life-threatening disease,Psilocybin,Distress associated with life-threatening disease,Psilocybin,,Existential distress,Existential distress,existential and psychological distress,therapeutic_indication,Distress associated with life-threatening disease,indication,True,10.46747/cfp.6811823,Psilocybin mushrooms for psychological and existential distress,compound_disorder,"stage IV small cell lung cancer, palliative diagnosis",not_applicable,patient-reported outcome,Quality of Life,positive,McGill Quality of Life Questionnaire-Revised (MQOL-R) existential subscale scores,,54-year-old woman with stage IV small cell lung cancer,clinical,Ryan Patchett-Marble; Sean O’Sullivan; Sayali Tadwalkar; Emma Hapke,2022,case_report,doi,case_report,original_empirical,primary_evidence,uncertain,supported,0.9,False,"She was anxious about her impending death, felt powerless, and questioned the meaning of her life... This experience led to immediate, substantial, and sustained improvements in her distress and quality of life... She completed validated questionnaires (General Anxiety Disorder-7 questionnaire, Patient Health Questionnaire-9, and McGill Quality of Life Questionnaire-Revised) that showed marked improvement in her mood, anxiety, and quality of life, including psychological, existential, and social subscales (Figures 2 and 3 ). These results were sustained at 4 months...",full_text_seen,full_text_seen,text,"C004, F003",case report,,"Dr Emma Hapke is paid for her work as Principal Investigator of a phase 3 study of 3,4-methylenedioxymethamphetamine-assisted psychotherapy for posttraumatic stress disorder (Montréal site), sponsored by the Multidisciplinary Association of Psychedelic Studies, and serves as paid Associate Director of the Nikean Psychedelic Psychotherapy Research Centre, a nonprofit academic research centre based at the University Health Network in Toronto, Ont. Dr Sean O'Sullivan previously served as paid medical director and board member of TheraPsil, a nonprofit advocacy organization whose purpose is to legalize psilocybin therapy for Canadians with terminal diagnoses and other conditions. Dr Hapke previously served as a volunteer board member of TheraPsil, and Dr Ryan Patchett-Marble was previously a volunteer clinical adviser for TheraPsil.",,Projected from extraction_v1; support=supported; confidence=0.9; needs_human_review=False,Canadian Family Physician,article,2022-11-01,0008-350X,1715-5258,College of Family Physicians Canada,"Agaricales | Humans | Lung Neoplasms | Neoplasms / psychology | Palliative Care / psychology | Psilocybin / therapeutic use | Stress, Psychological / psychology",Psilocybin | The Renaissance | Existentialism | Distress | Medicine | Psychiatry | Hallucinogen | Data science | Psychology | Psychotherapist | Computer science | History | Art history | Political science | Law,,,en,1,not_reported,psilocybin-assisted therapy,5 g of dried psilocybin mushrooms as a tea,oral,1 session,4 months,,,,not_reported,low,label,alias,needs_external_id_lookup,needs_external_id_lookup,{},{},,,,,,
normalized,compound and graph entity matched local registry,Psilocybin,,Treatment-resistant depression,Psilocybin,Treatment-resistant depression,Psilocybin (COMP360),,Treatment-resistant depression,Treatment-resistant depression,efficacy of COMP360 psilocybin therapy for TRD patients (at a 25 mg dose),therapeutic_indication,Treatment-resistant depression,indication,True,10.1007/s00213-023-06432-5,Psilocybin therapy for treatment resistant depression: prediction of clinical outcome by natural language processing,compound_disorder,not_reported,not_applicable,Therapeutic effect,Mental Health,positive,"MADRS score change, reduction in depressive symptoms, durable response",MADRS,"TRD patients, 233 adults with TRD",clinical,Robert F. Dougherty; Patrick Clarke; Merve Atli; Joanna Kuc; Danielle Schlosser; Boadie W. Dunlop; David J. Hellerstein; Scott T. Aaronson; Sidney Zisook; Allan H. Young,2023,primary_results,doi,primary_study,original_empirical,primary_evidence,uncertain,supported,0.9,False,"A recent randomized double-blind phase-IIb study demonstrated the safety and efficacy of COMP360, COMPASS Pathways' proprietary synthetic formulation of psilocybin, in participants with treatment-resistant depression. ... More recently, the efficacy of COMP360 psilocybin therapy for TRD patients (at a 25 mg dose), was demonstrated in the first adequately powered multi-site, randomized, double-blind phase IIb study (Goodwin et al. 2022). MADRS score change at week 3 was the primary outcome of the study though a large reduction in depressive symptoms was evident on the day following psilocybin dosing and a subsequent durable response was observed in 20% of the 25 mg group at week 12. ... COMP001 was a phase IIb, international multicenter randomized, double-blind study of COMP360, which randomized 233 adults with TRD in 1:1:1 ratio to a single fixed-dose (25 mg, 10 mg, or 1 mg) of COMP360",full_text_seen,full_text_seen,text,"C001, C002, C003","multi-site, randomized, double-blind phase IIb study",,,,Projected from extraction_v1; support=supported; confidence=0.9; needs_human_review=False,Psychopharmacology,journal-article,2023-08-22,0033-3158,1432-2072,Springer Science and Business Media LLC,"Adult | Female | Humans | Male | Middle Aged | Depressive Disorder, Treatment-Resistant / drug therapy | Depressive Disorder, Treatment-Resistant / psychology | Double-Blind Method | Hallucinogens / therapeutic use | Hallucinogens / administration & dosage | Machine Learning | Natural Language Processing | Psilocybin / therapeutic use | Psilocybin / administration & dosage | Treatment Outcome",AI | Depression | Emotional breakthrough index | Machine learning | Natural language processing | Psilocybin,,,eng,233,"10 mg, 1 mg (doses of COMP360)",COMP360 psilocybin therapy,25 mg,not_reported,single fixed-dose,"week 3 (primary outcome), week 12 (durable response)",,,,not_reported,high,label,label,needs_external_id_lookup,needs_external_id_lookup,{},{},NCT03775200,,,,,
normalized,compound and graph entity matched local registry,DOI,,Opioid use disorder,DOI,Opioid use disorder,DOI,,Opioid Use Disorder,Opioid Use Disorder,heroin motivation,outcome_measure,Opioid use disorder,indication,True,10.1016/j.neuropharm.2024.110163,The psychedelic drug DOI reduces heroin motivation by targeting 5-HT2A receptors in a heroin and alcohol co-use model,compound_disorder,heroin and alcohol co-use model,not_reported,motivation for drug,substance use behavior,positive,heroin break point,,male and female rats with intravenous heroin and oral alcohol self-administration history,preclinical,Joel Bonilla; Giuseppe Giannotti; Nathaniel P. Kregar; Jasper A. Heinsbroek; David E. Olson; Jamie Peters,2024,primary_results,doi,primary_study,original_empirical,primary_evidence,uncertain,supported,0.9,False,"DOI (0.4 mg/kg) administered prior to testing significantly reduced heroin motivation measured as the animals' break point, or maximum effort the animal is willing to expend to obtain a single infusion of heroin.",full_text_seen,full_text_seen,abstract,Abstract,preclinical animal study,,,,Projected from extraction_v1; support=supported; confidence=0.9; needs_human_review=False,Neuropharmacology,journal-article,2024-09-26,0028-3908,1873-7064,Elsevier BV,"Animals | Motivation / drug effects | Male | Female | Heroin / administration & dosage | Receptor, Serotonin, 5-HT2A / metabolism | Receptor, Serotonin, 5-HT2A / drug effects | Self Administration | Hallucinogens / pharmacology | Hallucinogens / administration & dosage | Rats | Amphetamines / pharmacology | Amphetamines / administration & dosage | Serotonin 5-HT2 Receptor Antagonists / pharmacology | Ethanol / administration & dosage | Ethanol / pharmacology | Disease Models, Animal | Piperidines / pharmacology | Fluorobenzenes / pharmacology | Heroin Dependence / drug therapy | Heroin Dependence / psychology | Aminopyridines | Indoles",5-HT2A | 5-HT2C | Alcohol | DOI | Heroin | Polydrug use,NIH HHS | NIDA NIH HHS,DP5 OD026407 | R01 DA056365 | R01 DA045836 | R01 DA056660 | K99 DA048974 | R01 DA058951,eng,not_reported,vehicle,DOI,0.4 mg/kg,intraperitoneal,over weeks of behavioral training,prior to testing,,,,not_reported,low,label,label,needs_external_id_lookup,needs_external_id_lookup,{},{},,,,,,
normalized,compound and graph entity matched local registry,Ketamine,,Treatment-resistant depression,Ketamine,Treatment-resistant depression,ketamine,,treatment-resistant depression,Treatment-resistant depression,rapid antidepressant effect,therapeutic_indication,Treatment-resistant depression,indication,True,10.1038/s41386-019-0480-y,Maintenance of antidepressant and antisuicidal effects by D-cycloserine among patients with treatment-resistant depression who responded to low-dose ketamine infusion: a double-blind randomized placebo–control study,compound_disorder,not_applicable,not_applicable,therapeutic_effect,Mood,positive,antidepressant effect (HAMD scores),HAM-D,patients with treatment-resistant major depression and bipolar depression,clinical,Mu-Hong Chen; Chih-Ming Cheng; Ralitza Gueorguieva; Wei-Chen Lin; Cheng-Ta Li; Chen-Jee Hong; Pei-Chi Tu; Ya-Mei Bai; Shih-Jen Tsai; John H. Krystal,2019,primary_results,doi,primary_study,original_empirical,primary_evidence,uncertain,supported,0.9,False,"Increasing evidence supports a rapid antidepressant and antisuicidal effect of a single subanesthetic dose of ketamine infusion for treatment-resistant depression (TRD). ... The mixed model analyses demonstrated that the repeated ketamine infusions were effective for treatment-resistant major depression (F(1,65) = 17.58, p < 0.001) and bipolar depression (F(1,27) = 10.24, p = 0.003) (Fig. 2 ).",full_text_seen,full_text_seen,abstract,"Abstract, C005",open-label study,"Ministry of Science and Technology, Taiwan (101-2314-B-010-060, 102-2314-B-010-060, 107-2314-B-075-063-MY3, and 108-2314-B-075-037), Taipei Veterans General Hospital (V106B-020, V107B-010, and V107C-181), and the Kun-Po Soo Medical Foundation. Dr. Krystal was supported by the National Center for PTSD of the U.S. Department of Veterans Affairs.","Dr Krystal acknowledges the following relevant financial interests: He is a co-sponsor of a patent for the intranasal administration of ketamine for the treatment of depression and suicide that was licensed by Janssen Pharmaceuticals, the maker of S-ketamine. He has a patent related to the use of riluzole to treat anxiety disorders that was licensed by Biohaven Medical Sciences. He has stock or stock options in Biohaven Medical Sciences, ARett Pharmaceuticals, Blackthorn Therapeutics, Luc Therapeutics, and Storm Pharmaceuticals. He consults broadly to the pharmaceutical industry, but his annual income over the past year did not exceed 5000 for any organization. He receives over 5000 in income from the Society of Biological Psychiatry for editing the journal Biological Psychiatry. The other author declared no conflict of interest.",,Projected from extraction_v1; support=supported; confidence=0.9; needs_human_review=False,Neuropsychopharmacology,journal-article,2019-08-17,0893-133X,1740-634X,Springer Science and Business Media LLC,"Adult | Antidepressive Agents / therapeutic use | Bipolar Disorder / drug therapy | Cycloserine / analogs & derivatives | Cycloserine / therapeutic use | Major Depressive Disorder / drug therapy | Depressive Disorder, Treatment-Resistant / drug therapy | Double-Blind Method | Female | Humans | Ketamine / therapeutic use | Male | Middle Aged | Treatment Outcome | Suicide Prevention",,NCRR NIH HHS | NIAAA NIH HHS | NCATS NIH HHS,M01 RR000125 | P50 AA012870 | UL1 RR024139 | UL1 TR001863,eng,49 (Phase 1),not_applicable,ketamine infusion,0.5 mg/kg,intravenous,two infusions,day 1 to day 7,,,,not_reported,low,label,label,needs_external_id_lookup,needs_external_id_lookup,{},{},UMIN Clinical Trials Registry (R000027142-UMIN000023581),,,,,
normalized,compound and graph entity matched local registry,Ketamine,,Suicidal ideation,Ketamine,Suicidal ideation,ketamine,,suicidal ideation,Suicidal ideation,rapid antisuicidal effect,therapeutic_indication,Suicidal ideation,indication,True,10.1038/s41386-019-0480-y,Maintenance of antidepressant and antisuicidal effects by D-cycloserine among patients with treatment-resistant depression who responded to low-dose ketamine infusion: a double-blind randomized placebo–control study,compound_disorder,treatment-resistant depression,not_applicable,therapeutic_effect,Suicidality,positive,antisuicidal effect,,patients with treatment-resistant depression,clinical,Mu-Hong Chen; Chih-Ming Cheng; Ralitza Gueorguieva; Wei-Chen Lin; Cheng-Ta Li; Chen-Jee Hong; Pei-Chi Tu; Ya-Mei Bai; Shih-Jen Tsai; John H. Krystal,2019,primary_results,doi,primary_study,original_empirical,primary_evidence,uncertain,supported,0.9,False,Increasing evidence supports a rapid antidepressant and antisuicidal effect of a single subanesthetic dose of ketamine infusion for treatment-resistant depression (TRD).,full_text_seen,full_text_seen,abstract,Abstract,open-label study,"Ministry of Science and Technology, Taiwan (101-2314-B-010-060, 102-2314-B-010-060, 107-2314-B-075-063-MY3, and 108-2314-B-075-037), Taipei Veterans General Hospital (V106B-020, V107B-010, and V107C-181), and the Kun-Po Soo Medical Foundation. Dr. Krystal was supported by the National Center for PTSD of the U.S. Department of Veterans Affairs.","Dr Krystal acknowledges the following relevant financial interests: He is a co-sponsor of a patent for the intranasal administration of ketamine for the treatment of depression and suicide that was licensed by Janssen Pharmaceuticals, the maker of S-ketamine. He has a patent related to the use of riluzole to treat anxiety disorders that was licensed by Biohaven Medical Sciences. He has stock or stock options in Biohaven Medical Sciences, ARett Pharmaceuticals, Blackthorn Therapeutics, Luc Therapeutics, and Storm Pharmaceuticals. He consults broadly to the pharmaceutical industry, but his annual income over the past year did not exceed 5000 for any organization. He receives over 5000 in income from the Society of Biological Psychiatry for editing the journal Biological Psychiatry. The other author declared no conflict of interest.",,Projected from extraction_v1; support=supported; confidence=0.9; needs_human_review=False,Neuropsychopharmacology,journal-article,2019-08-17,0893-133X,1740-634X,Springer Science and Business Media LLC,"Adult | Antidepressive Agents / therapeutic use | Bipolar Disorder / drug therapy | Cycloserine / analogs & derivatives | Cycloserine / therapeutic use | Major Depressive Disorder / drug therapy | Depressive Disorder, Treatment-Resistant / drug therapy | Double-Blind Method | Female | Humans | Ketamine / therapeutic use | Male | Middle Aged | Treatment Outcome | Suicide Prevention",,NCRR NIH HHS | NIAAA NIH HHS | NCATS NIH HHS,M01 RR000125 | P50 AA012870 | UL1 RR024139 | UL1 TR001863,eng,not_reported,not_applicable,ketamine infusion,single subanesthetic dose,intravenous,single infusion,not_reported,,,,not_reported,low,label,label,needs_external_id_lookup,needs_external_id_lookup,{},{},UMIN Clinical Trials Registry (R000027142-UMIN000023581),,,,,
normalized,compound and graph entity matched local registry,DOI,,Depression,DOI,Depression,DOI,,depressive disorder,depressive disorder,antidepressant-like effects,therapeutic_indication,Depression,indication,True,10.1038/s41386-024-01794-6,Antidepressant-like effects of psychedelics in a chronic despair mouse model: is the 5-HT2A receptor the unique player?,compound_disorder,chronic despair mouse model,not_applicable,behavioral,mood and affect,positive,"anxiolytic- and antidepressant-like effects (novelty-suppressed feeding, sucrose preference, forced swim tests)",,wild type mice (chronic despair model),preclinical,Mehdi Sekssaoui; Joël Bockaert; Philippe Marin; Carine Bécamel,2024,primary_results,doi,primary_study,original_empirical,primary_evidence,uncertain,supported,0.9,False,"We show that a single injection of each drug to wild type mice induces anxiolytic- and antidepressant-like effects in the novelty-suppressed feeding, sucrose preference and forced swim tests, which last up to 15 days.",full_text_seen,full_text_seen,abstract,C001,in vivo experiment,,,,Projected from extraction_v1; support=supported; confidence=0.9; needs_human_review=False,Neuropsychopharmacology,journal-article,2024-01-11,0893-133X,1740-634X,Springer Science and Business Media LLC,"Humans | Animals | Mice | Hallucinogens / pharmacology | Hallucinogens / therapeutic use | Serotonin | Receptor, Serotonin, 5-HT2A | Psilocybin / pharmacology | Psilocybin / therapeutic use | Major Depressive Disorder / drug therapy | Lisuride / therapeutic use | Antidepressive Agents / pharmacology | Antidepressive Agents / therapeutic use",,,,eng,"n=20 (DOI group, Fig 1B-D)",vehicle,single injection,1 mg/kg,intraperitoneal,single injection,up to 15 days,,,,not_reported,low,label,alias,needs_external_id_lookup,broad_category_needs_external_id_lookup,{},{},,,,,,
normalized,compound and graph entity matched local registry,Psilocybin,,Depression,Psilocybin,Depression,psilocybin,,depressive disorder,depressive disorder,antidepressant-like effects,therapeutic_indication,Depression,indication,True,10.1038/s41386-024-01794-6,Antidepressant-like effects of psychedelics in a chronic despair mouse model: is the 5-HT2A receptor the unique player?,compound_disorder,chronic despair mouse model,not_applicable,behavioral,mood and affect,positive,"anxiolytic- and antidepressant-like effects (novelty-suppressed feeding, sucrose preference, forced swim tests)",,"wild type mice (chronic despair model), 5-HT2A -/- mice (chronic despair model)",preclinical,Mehdi Sekssaoui; Joël Bockaert; Philippe Marin; Carine Bécamel,2024,primary_results,doi,primary_study,original_empirical,primary_evidence,uncertain,supported,0.9,False,"We show that a single injection of each drug to wild type mice induces anxiolytic- and antidepressant-like effects in the novelty-suppressed feeding, sucrose preference and forced swim tests, which last up to 15 days. ... psilocybin was still effective.",full_text_seen,full_text_seen,abstract,C001,in vivo experiment,,,,Projected from extraction_v1; support=supported; confidence=0.9; needs_human_review=False,Neuropsychopharmacology,journal-article,2024-01-11,0893-133X,1740-634X,Springer Science and Business Media LLC,"Humans | Animals | Mice | Hallucinogens / pharmacology | Hallucinogens / therapeutic use | Serotonin | Receptor, Serotonin, 5-HT2A | Psilocybin / pharmacology | Psilocybin / therapeutic use | Major Depressive Disorder / drug therapy | Lisuride / therapeutic use | Antidepressive Agents / pharmacology | Antidepressive Agents / therapeutic use",,,,eng,"n=20 (psilocybin group, Fig 1B-D), n=24 (psilocybin group, Fig 3A-C)",vehicle,single injection,1 mg/kg,intraperitoneal,single injection,up to 15 days,,,,not_reported,low,label,alias,needs_external_id_lookup,broad_category_needs_external_id_lookup,{},{},,,,,,
normalized,compound and graph entity matched local registry,Lisuride,,Depression,Lisuride,Depression,lisuride,,depressive disorder,depressive disorder,antidepressant-like effects,therapeutic_indication,Depression,indication,True,10.1038/s41386-024-01794-6,Antidepressant-like effects of psychedelics in a chronic despair mouse model: is the 5-HT2A receptor the unique player?,compound_disorder,chronic despair mouse model,not_applicable,behavioral,mood and affect,positive,"anxiolytic- and antidepressant-like effects (novelty-suppressed feeding, sucrose preference, forced swim tests)",,"wild type mice (chronic despair model), 5-HT2A -/- mice (chronic despair model)",preclinical,Mehdi Sekssaoui; Joël Bockaert; Philippe Marin; Carine Bécamel,2024,primary_results,doi,primary_study,original_empirical,primary_evidence,uncertain,supported,0.9,False,"We show that a single injection of each drug to wild type mice induces anxiolytic- and antidepressant-like effects in the novelty-suppressed feeding, sucrose preference and forced swim tests, which last up to 15 days. DOI and lisuride administration did not produce antidepressant-like effects in 5-HT 2A -/-mice",full_text_seen,full_text_seen,abstract,C001,in vivo experiment,,,,Projected from extraction_v1; support=supported; confidence=0.9; needs_human_review=False,Neuropsychopharmacology,journal-article,2024-01-11,0893-133X,1740-634X,Springer Science and Business Media LLC,"Humans | Animals | Mice | Hallucinogens / pharmacology | Hallucinogens / therapeutic use | Serotonin | Receptor, Serotonin, 5-HT2A | Psilocybin / pharmacology | Psilocybin / therapeutic use | Major Depressive Disorder / drug therapy | Lisuride / therapeutic use | Antidepressive Agents / pharmacology | Antidepressive Agents / therapeutic use",,,,eng,"n=9 (lisuride group, Fig 1B-D), n=8-9 (lisuride group, Fig 2A-C)",vehicle,single injection,1 mg/kg,intraperitoneal,single injection,up to 15 days,,,,not_reported,low,label,alias,needs_external_id_lookup,broad_category_needs_external_id_lookup,{},{},,,,,,
normalized,compound and graph entity matched local registry,DOI,,Depression,DOI,Depression,DOI,,depressive disorder,depressive disorder,antidepressant-like effects,therapeutic_indication,Depression,indication,True,10.1038/s41386-024-01794-6,Antidepressant-like effects of psychedelics in a chronic despair mouse model: is the 5-HT2A receptor the unique player?,compound_disorder,chronic despair mouse model,not_applicable,behavioral,mood and affect,positive,"antidepressant-like effects (sucrose preference test, forced swim test)",,CDM mice,preclinical,Mehdi Sekssaoui; Joël Bockaert; Philippe Marin; Carine Bécamel,2024,primary_results,doi,primary_study,original_empirical,primary_evidence,uncertain,supported,0.8,False,"We next examined whether sub-chronic administration of subhallucinogenic doses of DOI or psilocybin (0.05 mg/kg each, i.p.) induce antidepressant-like effects in CDM mice. Drugs were injected daily for 6 days to mimic a ""weekday"" dosing. While these treatments did not induce a significant increase in HTRs, compared with vehicle-treated mice (Supplementary Fig. S1C and Table 1 ), they still produced antidepressant-like effects in the SPT and FST (Fig. 4B , C and Table 1 ). Likewise, psilocybin microdosing significantly decreased the latency to bite in the NSF test, but DOI microdosing only tended to decrease it (Fig. 4A and Table 1 ).",full_text_seen,full_text_seen,text,"C010, Fig 4B, C",in vivo experiment,,,,Projected from extraction_v1; support=supported; confidence=0.8; needs_human_review=False,Neuropsychopharmacology,journal-article,2024-01-11,0893-133X,1740-634X,Springer Science and Business Media LLC,"Humans | Animals | Mice | Hallucinogens / pharmacology | Hallucinogens / therapeutic use | Serotonin | Receptor, Serotonin, 5-HT2A | Psilocybin / pharmacology | Psilocybin / therapeutic use | Major Depressive Disorder / drug therapy | Lisuride / therapeutic use | Antidepressive Agents / pharmacology | Antidepressive Agents / therapeutic use",,,,eng,"n=10 (mDOI group, Fig 4A-C)",vehicle,sub-chronic microdosing administration,0.05 mg/kg,intraperitoneal,6 days,not_reported,,,,not_reported,low,label,alias,needs_external_id_lookup,broad_category_needs_external_id_lookup,{},{},,,,,,
normalized,compound and graph entity matched local registry,Psilocybin,,Depression,Psilocybin,Depression,psilocybin,,depressive disorder,depressive disorder,antidepressant-like effects,therapeutic_indication,Depression,indication,True,10.1038/s41386-024-01794-6,Antidepressant-like effects of psychedelics in a chronic despair mouse model: is the 5-HT2A receptor the unique player?,compound_disorder,chronic despair mouse model,not_applicable,behavioral,mood and affect,positive,"antidepressant-like effects (novelty-suppressed feeding, sucrose preference, forced swim tests)",,CDM mice,preclinical,Mehdi Sekssaoui; Joël Bockaert; Philippe Marin; Carine Bécamel,2024,primary_results,doi,primary_study,original_empirical,primary_evidence,uncertain,supported,0.8,False,"We next examined whether sub-chronic administration of subhallucinogenic doses of DOI or psilocybin (0.05 mg/kg each, i.p.) induce antidepressant-like effects in CDM mice. Drugs were injected daily for 6 days to mimic a ""weekday"" dosing. While these treatments did not induce a significant increase in HTRs, compared with vehicle-treated mice (Supplementary Fig. S1C and Table 1 ), they still produced antidepressant-like effects in the SPT and FST (Fig. 4B , C and Table 1 ). Likewise, psilocybin microdosing significantly decreased the latency to bite in the NSF test, but DOI microdosing only tended to decrease it (Fig. 4A and Table 1 ).",full_text_seen,full_text_seen,text,"C010, Fig 4A, B, C",in vivo experiment,,,,Projected from extraction_v1; support=supported; confidence=0.8; needs_human_review=False,Neuropsychopharmacology,journal-article,2024-01-11,0893-133X,1740-634X,Springer Science and Business Media LLC,"Humans | Animals | Mice | Hallucinogens / pharmacology | Hallucinogens / therapeutic use | Serotonin | Receptor, Serotonin, 5-HT2A | Psilocybin / pharmacology | Psilocybin / therapeutic use | Major Depressive Disorder / drug therapy | Lisuride / therapeutic use | Antidepressive Agents / pharmacology | Antidepressive Agents / therapeutic use",,,,eng,"n=10 (mPsilocybin group, Fig 4A-C)",vehicle,sub-chronic microdosing administration,0.05 mg/kg,intraperitoneal,6 days,not_reported,,,,not_reported,low,label,alias,needs_external_id_lookup,broad_category_needs_external_id_lookup,{},{},,,,,,
normalized,compound and graph entity matched local registry,Psilocybin,,Treatment-resistant depression,Psilocybin,Treatment-resistant depression,psilocybin,,treatment-resistant depression,treatment-resistant depression,depressive symptoms,outcome_measure,Treatment-resistant depression,indication,True,10.1093/ijnp/pyaf052.026,229. PSILOCYBIN WITH PSYCHOTHERAPEUTIC SUPPORT FOR TREATMENT-RESISTANT DEPRESSION: A PILOT CLINICAL TRIAL,compound_disorder,treatment-resistant depression (TRD),not_applicable,clinical outcome,depressive symptoms,positive,Quick Inventory of Depressive Symptomatology (QIDS),QIDS,individuals with treatment-resistant depression (TRD),clinical,S Meikle; O Carter; P Liknaitzky; L Johansen; R Iyer; N Strauss; M Williams; D Castle; S Rossell,2025,primary_results,doi,primary_study,original_empirical,primary_evidence,uncertain,supported,0.9,False,"We observed a clinically meaningful reduction in depressive symptoms at the primary endpoint (mean change = -7.14; p = 0.02; Hedge's g = 1.41; 95% CI [0.10, 2.71]), and the long-term follow-up.",full_text_seen,full_text_seen,text,C002,pilot clinical trial,,,,Projected from extraction_v1; support=supported; confidence=0.9; needs_human_review=False,International Journal of Neuropsychopharmacology,journal-article,2025-08,1461-1457,1469-5111,Oxford University Press (OUP),,,,,en,7,not_reported,psilocybin with psychotherapeutic support,two 25mg psilocybin sessions,not_reported,two sessions,3-weeks post-dose 2 (primary endpoint) and at 20 weeks post-dose 2 (long-term follow-up),,,,not_reported,medium,label,label,needs_external_id_lookup,needs_external_id_lookup,{},{},,,,,,
normalized,compound and graph entity matched local registry,Psilocybin,,Depression,Psilocybin,Depression,psilocybin,,depression,depression,improved depressive symptomatology,therapeutic_indication,Depression,indication,True,10.1177/02698811241239206,Psychedelics and the ‘inner healer’: Myth or mechanism?,compound_disorder,moderate-to-severe MDD,not_reported,symptom severity,mental health,positive,Beck Depression Inventory (BDI) scores,BDI,patients with moderate-to-severe MDD,clinical,Joseph Peill; Miriam Marguilho; David Erritzoe; Tommaso Barba; Kyle T Greenway; Fernando Rosas; Christopher Timmermann; Robin Carhart-Harris,2024,primary_results,doi,primary_study,original_empirical,primary_evidence,uncertain,supported,1.0,False,"Within the high-dose sub-sample only, inner healer scores predicted improved depressive symptomatology at 2 weeks post-dosing. For the 25 mg condition, correlational analyses revealed a negative correlation between inner healer scores and changes in BDI scores from baseline to 2 weeks after the 25 mg session (r = -0.315, p = 0.048). When controlling for subjective drug intensity ratings, the negative correlation between the inner healer and BDI scores was preserved (r = -0.367, p = 0.028), Table 1 , indicating that the inner healer effect was 'over-andabove' mere generic subjective drug effects, that is, it had some specificity in its relation to decrease depression scores. Table 1: Inner healer BDI (2 weeks post-DD1) Pearson's r -0.315* p value (one-tailed) 0.048 N 29",full_text_seen,full_text_seen,abstract,"Abstract, C014, T001",double-blind randomised controlled trial,,,,Projected from extraction_v1; support=supported; confidence=1; needs_human_review=False,Journal of Psychopharmacology,journal-article,2024-04-12,0269-8811,1461-7285,SAGE Publications,"Humans | Hallucinogens / pharmacology | Hallucinogens / administration & dosage | Psilocybin / pharmacology | Psilocybin / administration & dosage | Double-Blind Method | Adult | Male | Female | Middle Aged | Depression / drug therapy | Young Adult | Dose-Response Relationship, Drug",Healing | Telos | automatic | psychedelic,,,eng,29,1 mg psilocybin (placebo),single dose of psilocybin,25 mg,oral,single dose,2 weeks post-dosing,,,,not_reported,low,label,label,needs_external_id_lookup,broad_category_needs_external_id_lookup,{},{},NCT03429075,,,,,
normalized,compound and graph entity matched local registry,Ayahuasca,,Depression,Ayahuasca,Depression,Ayahuasca,,Depression,Depression,symptom reductions were limited to a few weeks,outcome_measure,Depression,indication,True,10.1590/0101-60830000000149,Long-term effects of ayahuasca in patients with recurrent depression: a 5-year qualitative follow-up,compound_disorder,treatment-resistant major depressive disorder,not_reported,Long-term Efficacy,Depressive Symptoms,null,long-term depression symptom reduction,,Eight patients (from an original sample of 17 patients with treatment-resistant major depressive disorder),clinical,Rafael G. dos Santos; Rafael Faria Sanches; Flávia de Lima Osório; Jaime E. C. Hallak,2018,primary_results,doi,primary_study,original_empirical,primary_evidence,uncertain,supported,0.9,False,Our results suggest that ayahuasca was well tolerated and that symptom reductions were limited to a few weeks.,full_text_seen,full_text_seen,abstract,C001,qualitative follow-up study,,,,Projected from extraction_v1; support=supported; confidence=0.9; needs_human_review=False,Archives of Clinical Psychiatry (São Paulo),article,2018-02-01,0101-6083,1806-938X,University of São Paulo,,Ayahuasca | Depression (economics) | Hallucinogen | Anxiolytic | Medicine | Observational study | Psychology | Psychiatry | Anxiety | Internal medicine | Biology | Economics | Ecology | Macroeconomics,,,en,,,ayahuasca administration,,,single experimental session,4 to 7 years after ayahuasca intake (follow-up period); symptom reductions limited to a few weeks,,,,,low,label,label,mixture_needs_component_mapping,broad_category_needs_external_id_lookup,{},{},,,,,,
normalized,compound and graph entity matched local registry,Ketamine,,Suicidal ideation,Ketamine,Suicidal ideation,ketamine,,suicidal ideation,suicidal ideation,Suicidal ideation score,outcome_measure,Suicidal ideation,indication,True,10.18632/oncotarget.13743,Ketamine rapidly relieves acute suicidal ideation in cancer patients: a randomized controlled clinical trial,compound_disorder,newly-diagnosed cancer patients,not_reported,therapeutic outcome,psychiatric symptoms,positive,"Beck Scale for Suicidal Ideation (BSI) score, Montgomery-Asberg Depression Rating Scale - Suicidal Ideation (MADRS-SI) score",MADRS-SI,Forty-two patients with newly-diagnosed cancer,clinical,Wei Fan; HaiKou Yang; Yong Sun; Jun Zhang; Guangming Li; Ying Zheng; Yi Liu,2016,primary_results,doi,primary_study,original_empirical,primary_evidence,uncertain,supported,1.0,False,"Suicidal ideation score, measured with the Beck Scale and suicidal part of the Montgomery-Asberg Depression Rating Scale, significantly decreased on day 1 and day 3 in ketamine-treated patients when compared to those treated with midazolam. BSI (the Beck Scale for suicidal ideation) and MADRS-SI (the suicidal part of the Montgomery-Asberg Depression Rating Scale) scores were both significantly lower in the ketamine group than those in the midazolam group on day 1 (BSI: 9.53 ± 9.53 v.s. 16.79 ± 7.07, P = 0.0474; MADRS-SI: 1.69 ± 1.93 v.s. 3.42 ± 1.75, P = 0.0119) and day 3 (BSI: 9.07 ± 8.21 v.s. 16.93 ± 8.27, P = 0.0265; MADRS-SI: 1.77 ± 1.84 v.s. 3.52 ± 1.89, P = 0.0107) time points following administration (Figure 2A and 2B).",full_text_seen,full_text_seen,text,"Abstract, C001",randomized controlled clinical trial,,The authors declare no competing financial interests.,,Projected from extraction_v1; support=supported; confidence=1.0; needs_human_review=False,Oncotarget,journal-article,2016-12-01,1949-2553,1949-2553,"Impact Journals, LLC",Adult | Antidepressive Agents / therapeutic use | Depression / drug therapy | Depression / etiology | Female | Humans | Ketamine / therapeutic use | Male | Midazolam / therapeutic use | Middle Aged | Neoplasms / complications | Neoplasms / drug therapy | Neoplasms / psychology | Suicidal Ideation | Time Factors | Treatment Outcome,cancer | depression | ketamine | suicidal ideation,,,eng,42,midazolam,single dose racemic ketamine hydrochloride,sub-anesthetic dose of racemic ketamine hydrochloride (0.5 mg/kg),intravenous,single administration,day 1 and day 3,,,,not_reported,high,label,label,needs_external_id_lookup,needs_external_id_lookup,{},{},,,,,,
normalized,compound and graph entity matched local registry,Ketamine,,Depression,Ketamine,Depression,ketamine,,depression,depression,overall depression levels,outcome_measure,Depression,indication,True,10.18632/oncotarget.13743,Ketamine rapidly relieves acute suicidal ideation in cancer patients: a randomized controlled clinical trial,compound_disorder,newly-diagnosed cancer patients,not_reported,therapeutic outcome,psychiatric symptoms,positive,Montgomery-Asberg Depression Rating Scale (MADRS) score,MADRS,Forty-two patients with newly-diagnosed cancer,clinical,Wei Fan; HaiKou Yang; Yong Sun; Jun Zhang; Guangming Li; Ying Zheng; Yi Liu,2016,primary_results,doi,primary_study,original_empirical,primary_evidence,uncertain,supported,1.0,False,"Consistently, overall depression levels measured using the Montgomery-Asberg Depression Rating Scale indicated a significant relief of overall depression on day 1 in ketamine-treated patients. Consistently, a significant antidepressant effect of ketamine on MADRS score emerged 1 day following administration (24.46 ± 8.04 v.s. 31.89 ± 7.39, P = 0.0339) and a promising, continued antidepressant effect on day 3 (25.09 ± 7.07 v.s. 32.03 ± 7.21, P = 0.0546) following treatment. This effect was no longer significant at 7 days following treatment (Figure 2C).",full_text_seen,full_text_seen,text,"Abstract, C001, C002",randomized controlled clinical trial,,The authors declare no competing financial interests.,,Projected from extraction_v1; support=supported; confidence=1.0; needs_human_review=False,Oncotarget,journal-article,2016-12-01,1949-2553,1949-2553,"Impact Journals, LLC",Adult | Antidepressive Agents / therapeutic use | Depression / drug therapy | Depression / etiology | Female | Humans | Ketamine / therapeutic use | Male | Midazolam / therapeutic use | Middle Aged | Neoplasms / complications | Neoplasms / drug therapy | Neoplasms / psychology | Suicidal Ideation | Time Factors | Treatment Outcome,cancer | depression | ketamine | suicidal ideation,,,eng,42,midazolam,single dose racemic ketamine hydrochloride,sub-anesthetic dose of racemic ketamine hydrochloride (0.5 mg/kg),intravenous,single administration,day 1 and day 3,,,,not_reported,high,label,label,needs_external_id_lookup,broad_category_needs_external_id_lookup,{},{},,,,,,
normalized,compound and graph entity matched local registry,S-ketamine,,Treatment-resistant depression,S-ketamine,Treatment-resistant depression,Esketamine,,Treatment-Resistant Depression,Treatment-Resistant Depression,depressive symptoms,therapeutic_indication,Treatment-resistant depression,indication,True,10.20944/preprints202601.1120.v1,Efficacy and Safety of Intranasal Esketamine in Treatment-Resistant Depression with Comorbid Autism Spectrum Disorder: Three Case Reports,compound_disorder,Autism Spectrum Disorder,not_applicable,clinical response,depressive symptoms,positive,Montgomery-Asberg Depression Rating Scale (MADRS) decrease,MADRS,"three young patients (n=3, F/M 2:1, age range 20-25 y) with light to moderate autism (Level 1 or 2) and Treatment-Resistant Depression",clinical,Alessandro Guffanti; Matteo Leonardi; Natascia Brondino; Bernardo Dell'Osso; Vassilis Martiadis; Miriam Olivola,2026,case_report,doi,case_report,original_empirical,primary_evidence,uncertain,supported,0.7,True,"all patients showed good efficacy of Esketamine in reducing depressive symptoms: two patients experienced clinical remission (MADRS decrease > 50% from T0 to T5), while one patient showed partial remission (dMADRS=43.24%).",full_text_seen,full_text_seen,abstract,Abstract,case series,,,,Projected from extraction_v1; support=supported; confidence=0.7; needs_human_review=True,Preprints.org,posted-content,2026-01-15,,,MDPI AG,,,,,,3,not_reported,Intranasal Esketamine in augmentation with SSRIs or SNRIs,84 mg per administration,intranasal,"twice a week for the first month, weekly for the second month, then personalized frequency",6 months,,,,No major side effects were reported.,low,alias,label,needs_external_id_lookup,needs_external_id_lookup,{},{},,10.3390/clinpract16030061,is-preprint-of doi:10.3390/clinpract16030061 asserted-by:subject,,,
normalized,compound and graph entity matched local registry,R-ketamine,,Depression,R-ketamine,Depression,R-ketamine,,depression,Depression,greater potency and longer-lasting antidepressant effects,therapeutic_indication,Depression,indication,True,10.9758/cpn.2014.12.1.72,The R-Stereoisomer of Ketamine as an Alternative for Ketamine for Treatment-resistant Major Depression,compound_disorder,not_applicable,not_applicable,Therapeutic effect,Psychiatric/Mood,positive,"antidepressant effects (potency, duration)",,rodent model of depression,preclinical,Kenji Hashimoto,2014,commentary,doi,commentary,opinion_or_commentary,primary_evidence,uncertain,supported,0.9,False,"Recently, we reported that R-ketamine showed greater potency and longer-lasting antidepressant effects than did S-ketamine in a rodent model of depression.",full_text_seen,full_text_seen,text,C002,experimental study,,"Dr. Hashimoto is an inventor on a filed patent application on ""The use of R-ketamine in the treatment of psychiatric diseases"" by Chiba University. Dr. Hashimoto has served as a scientific consultant to Astellas and Taisho, and he also received the research support from Abbvie, Dainippon Sumitomo, Otsuka, and Taisho.",,Projected from extraction_v1; support=supported; confidence=0.9; needs_human_review=False,Clinical Psychopharmacology and Neuroscience,article,2014-04-28,1738-1088,2093-4327,Korean College of Neuropsychopharmacology,,Ketamine | Dissociative | Midazolam | NMDA receptor | Treatment-resistant depression | Anesthetic | Antidepressant | Anesthesia | Medicine | Benzodiazepine | Adverse effect | Pharmacology | Psychology | Psychiatry | Internal medicine | Sedation | Receptor | Anxiety,,,en,not_reported,S-ketamine,R-ketamine,not_reported,not_reported,not_reported,not_reported,,,,not_reported,low,label,label,needs_external_id_lookup,broad_category_needs_external_id_lookup,{},{},,,,,,
normalized,compound and graph entity matched local registry,Psilocybin,,Demoralization,Psilocybin,Demoralization,Psilocybin,,Demoralization,Demoralization,clinically meaningful change in demoralization,therapeutic_indication,Demoralization,indication,True,10.1016/j.eclinm.2020.100538,Psilocybin-assisted group therapy for demoralized older long-term AIDS survivor men: An open-label safety and feasibility pilot study.,compound_disorder,older long-term AIDS survivor (OLTAS) men with moderate-to-severe demoralization,not_applicable,patient reported outcome,psychological distress,positive,Demoralization Scale-II (DS-II),,18 self-identified gay men OLTAS with moderate-to-severe demoralization (Demoralization Scale-II ≥8),clinical,Anderson BT; Danforth A; Daroff PR; Stauffer C; Ekman E; Agin-Liebes G; Trope A; Boden MT; Dilley PJ; Mitchell J,2020,primary_results,doi,primary_study,original_empirical,primary_evidence,uncertain,supported,1.0,False,"We detected a clinically meaningful change in demoralization from baseline to 3-month follow-up (mean difference -5¢78 [SD 6¢01], η p 2 = 0¢47, 90% CI 0¢21À0¢60).",full_text_seen,full_text_seen,abstract,"Abstract, C013, Fig. 4",open-label pilot study,"Carey Turnbull, Heffter Research Institute, NIMH R25 MH060482, NIH UL1 TR001872, River Styx Foundation, Saisei Foundation, Sarlo Foundation, Stupski Foundation, Usona Institute, US Department of Veterans Affairs (Advanced Neurosciences Fellowship and IK2CX001495).",,,Projected from extraction_v1; support=supported; confidence=1; needs_human_review=False,EClinicalMedicine,Journal Article,2020-09-24,2589-5370,2589-5370,,,Demoralization | HIV/AIDS | Long-term survivors | Psilocybin | Trauma,CSRD VA | NIMH NIH HHS | NIDA NIH HHS | NCATS NIH HHS,IK2 CX001495 | R25 MH060482 | T32 DA007250 | UL1 TR001872,eng,18,not_reported,psilocybin-assisted group therapy,0.3-0.36 mg/kg po,oral,one psilocybin administration visit,3-month follow-up,,,,"zero serious adverse reactions and two unexpected adverse reactions to psilocybin; seven participants experienced self-limited, severe expected adverse reactions",medium,label,label,needs_external_id_lookup,needs_external_id_lookup,{},{},NCT02950467,,,,,
normalized,compound and graph entity matched local registry,Psilocybin,,Post-traumatic stress disorder,Psilocybin,Post-traumatic stress disorder,Psilocybin,,Post-traumatic stress disorder,Post-traumatic stress disorder,"symptoms of both PTSD (PCL-5, h p 2 = 0¢27, 90% CI 0¢05À0¢43)",symptom_or_problem,Post-traumatic stress disorder,indication,True,10.1016/j.eclinm.2020.100538,Psilocybin-assisted group therapy for demoralized older long-term AIDS survivor men: An open-label safety and feasibility pilot study.,compound_disorder,"demoralized, gay-identified, OLTAS men",not_applicable,patient reported outcome,psychological distress,positive,PTSD Checklist-5 (PCL-5),PCL-5,18 self-identified gay men OLTAS with moderate-to-severe demoralization,clinical,Anderson BT; Danforth A; Daroff PR; Stauffer C; Ekman E; Agin-Liebes G; Trope A; Boden MT; Dilley PJ; Mitchell J,2020,primary_results,doi,primary_study,original_empirical,primary_evidence,uncertain,supported,0.9,False,"Notably, participants seemed to improve over time with respect to their symptoms of both PTSD (PCL-5, h p 2 = 0¢27, 90% CI 0¢05À0¢43) and complicated grief (ICG-R, h p 2 = 0¢45, 90% CI 0¢19À0¢58) (Fig. 5 ).",full_text_seen,full_text_seen,text,"C014, Fig. 5",open-label pilot study,"Carey Turnbull, Heffter Research Institute, NIMH R25 MH060482, NIH UL1 TR001872, River Styx Foundation, Saisei Foundation, Sarlo Foundation, Stupski Foundation, Usona Institute, US Department of Veterans Affairs (Advanced Neurosciences Fellowship and IK2CX001495).",,,Projected from extraction_v1; support=supported; confidence=0.9; needs_human_review=False,EClinicalMedicine,Journal Article,2020-09-24,2589-5370,2589-5370,,,Demoralization | HIV/AIDS | Long-term survivors | Psilocybin | Trauma,CSRD VA | NIMH NIH HHS | NIDA NIH HHS | NCATS NIH HHS,IK2 CX001495 | R25 MH060482 | T32 DA007250 | UL1 TR001872,eng,18,not_reported,psilocybin-assisted group therapy,0.3-0.36 mg/kg po,oral,one psilocybin administration visit,not_reported,,,,not_reported,medium,label,label,needs_external_id_lookup,needs_external_id_lookup,{},{},NCT02950467,,,,,
normalized,compound and graph entity matched local registry,Ketamine,,Neuropathic pain,Ketamine,Neuropathic pain,Ketamine,,neuropathic pain,neuropathic pain,mean reduction in average pain scores,outcome_measure,Neuropathic pain,indication,True,10.7326/m18-2736,Compounded Topical Pain Creams to Treat Localized Chronic Pain,compound_disorder,localized chronic pain,not_reported,Efficacy,Pain,null,average pain score,,patients with localized pain classified by each patient's treating physician as neuropathic (n = 133),clinical,Robert E. Brutcher; Connie Kurihara; Mark C. Bicket; Parvaneh Moussavian-Yousefi; David E. Reece; Lisa M. Solomon; Scott R. Griffith; David E. Jamison; Steven P. Cohen,2019,primary_results,doi,primary_study,original_empirical,primary_evidence,uncertain,supported,0.9,False,"For the primary outcome, no differences were found in the mean reduction in average pain scores between the treatment and control groups for patients with neuropathic pain (-0.1 points [95% CI, -0.8 to 0.5 points])",abstract_only,abstract_only,abstract,abstract,Randomized controlled trial,"Centers for Rehabilitation Sciences Research, Defense Health Agency, U.S. Department of Defense.",,,Projected from extraction_v1; support=supported; confidence=0.9; needs_human_review=False,Annals of Internal Medicine,journal-article,2019-02-04,0003-4819,1539-3704,American College of Physicians,"Administration, Topical | Adult | Analgesics / administration & dosage | Chronic Pain / diagnosis | Chronic Pain / drug therapy | Double-Blind Method | Drug Compounding / methods | Female | Humans | Male | Ointments / administration & dosage | Pain Measurement | Treatment Outcome",,,,eng,133,placebo,"Pain creams compounded for neuropathic pain (ketamine, gabapentin, clonidine, and lidocaine)",not_reported,topical,not_reported,1 month after treatment,,,,not_reported,high,label,label,needs_external_id_lookup,needs_external_id_lookup,{},{},NCT02497066,10.1136/ebnurs-2019-103128,CommentIn PMID:31311799 Evid Based Nurs. 2020 Jul;23(3):87. doi: 10.1136/ebnurs-2019-103128.,,,
normalized,compound and graph entity matched local registry,Psilocybin,,Autism spectrum disorder,Psilocybin,Autism spectrum disorder,psilocybin,,Autism Spectrum Disorder,Autism Spectrum Disorder,ASD-related cognitive deficits,therapeutic_indication,Autism spectrum disorder,indication,True,10.1007/s00213-022-06286-3,Psilocybin mitigates the cognitive deficits observed in a rat model of Fragile X syndrome,compound_disorder,Autism Spectrum Disorder,not_reported,therapeutic_effect,cognition,positive,amelioration of cognitive deficits,,not_reported,preclinical,Valeria Buzzelli; Emilia Carbone; Antonia Manduca; Sara Schiavi; Alessandro Feo; Julia V. Perederiy; Kyle H. Ambert; Marvin Hausman; Viviana Trezza,2022,primary_results,doi,primary_study,original_empirical,primary_evidence,uncertain,supported,0.9,False,These data support the hypothesis that serotonin-modulating drugs such as psilocybin may be useful to ameliorate ASD-related cognitive deficits.,abstract_only,abstract_only,abstract,abstract,animal model study,"Ministero dell'Istruzione, dell'Università e della Ricerca | Regione Lazio",,,Projected from extraction_v1; support=supported; confidence=0.9; needs_human_review=False,Psychopharmacology,journal-article,2022-12-05,0033-3158,1432-2072,Springer Science and Business Media LLC,Rats | Animals | Fragile X Syndrome / drug therapy | Fragile X Syndrome / psychology | Autism Spectrum Disorder | Psilocybin / pharmacology | Psilocybin / therapeutic use | Serotonin | Cognition | Fragile X Messenger Ribonucleoprotein 1,Fragile X syndrome | Microdoses | Novel object recognition | Psilocybin | Rat,"Ministero dell'Istruzione, dell'Università e della Ricerca | Regione Lazio","2017SXEXT5 | ""Gruppi di ricerca 2020"" grant # PROT. A0375-2020-36550",eng,not_reported,not_reported,psilocybin treatment,not_reported,not_reported,not_reported,not_reported,,,,not_reported,low,label,label,needs_external_id_lookup,needs_external_id_lookup,{},{},,,,,,
normalized,compound and graph entity matched local registry,MDMA,,Post-traumatic stress disorder,MDMA,Post-traumatic stress disorder,MDMA,,Post-traumatic stress disorder,Post-traumatic stress disorder,PTSD was resolved,therapeutic_indication,Post-traumatic stress disorder,indication,True,10.1016/j.eurpsy.2016.01.798,Can ecstasy treat the agony of PTSD?,compound_disorder,"treatment-resistant, crime-related PTSD; military veterans, police officers and firefighters, mostly veterans from the wars in Iraq and Afghanistan",not_applicable,therapeutic effect,Psychiatric symptoms,positive,"PTSD resolution (83% vs 25% placebo), CAPS scores, BDI-II, PSQI, GAF, PTGI",BDI,"civilians with treatment-resistant, crime-related PTSD; military veterans, police officers and firefighters, mostly veterans from the wars in Iraq and Afghanistan",clinical,M. Mithoefer,2016,primary_results,doi,primary_study,original_empirical,primary_evidence,uncertain,supported,1.0,False,"In the original study comparing MDMA with inactive placebo along with the same psychotherapy PTSD was resolved in 83% of the MDMA group vs. 25% of the placebo group receiving the same therapy. Improvement was maintained for at least 74% of subjects at long-term follow-up a mean of 45 months later. In a more recent, unpublished, study both the high dose and the medium dose of MDMA showed large effect sizes in reducing CAPS scores, and improvements in secondary measures: and BDI-II, PSQI, GAF and PTGI. Conclusion Evidence in phase II trials suggest that MDMA-assisted psychotherapy is effective in treating PTSD in both civilians and veterans who have not responded to established treatments.",abstract_only,abstract_only,abstract,abstract,double blind controlled trials,,The author has not supplied his declaration of competing interest.,,Projected from extraction_v1; support=supported; confidence=1.0; needs_human_review=False,European Psychiatry,journal-article,2016-03-01,0924-9338,1778-3585,Cambridge University Press (CUP),,,,,en,not_reported,inactive placebo,MDMA-assisted psychotherapy,"active dose of MDMA, high dose, medium dose",not_reported,two or three occasions during eight-hour psychotherapy sessions one month apart,one or two months after the second MDMA-assisted session; two months following the third MDMA-assisted session; long-term follow-up a mean of 45 months later,,,,not_reported,low,label,label,needs_external_id_lookup,needs_external_id_lookup,{},{},,,,,,
normalized,compound and graph entity matched local registry,S-ketamine,,Depression,S-ketamine,Depression,esketamine,,depressive symptoms,depressive symptoms,remission rate,outcome_measure,Depression,indication,True,10.1016/j.phrs.2026.108238,Effect of intraoperative esketamine on moderate-to-severe depressive symptoms in major surgery patients: A randomized clinical trial,compound_disorder,patients with moderate-to-severe perioperative depressive symptoms (PDSs) who underwent major surgery,not_reported,therapeutic effect,mental health,positive,remission rate (Montgomery-Åsberg Depression Rating Scale score less than or equal to 10),MADRS,patients with moderate-to-severe PDSs who underwent major surgery,clinical,Yang Zhou; Wanchen Sun; Yuxuan Fu; Anxin Wang; Huan Zhang; Hongyu Tan; Wei Liu; Zhong Zhang; Wei Zhang; Gang Wang,2026,primary_results,doi,primary_study,original_empirical,primary_evidence,uncertain,supported,1.0,False,"The remission rate was greater in the esketamine group than in the placebo group at 3 days post-surgery (28.3% vs. 11.3%; OR 3.12 [95% CI, 1.79-5.55]; P < 0.001).",abstract_only,abstract_only,abstract,abstract,"multicenter, randomized, placebo-controlled and double-blinded trial",,,,Projected from extraction_v1; support=supported; confidence=1.0; needs_human_review=False,Pharmacological Research,journal-article,2026-05-12,1043-6618,1096-1186,Elsevier BV,,Depressive symptoms | Esketamine | Major surgery | Mental health,,,eng,435,placebo,esketamine intraoperatively,intraoperatively,intraoperatively,single intraoperative administration,3 days after surgery,,,,not_reported,high,alias,alias,needs_external_id_lookup,broad_category_needs_external_id_lookup,{},{},NCT04425473,,,,,
normalized,compound and graph entity matched local registry,Psilocybin,,Chronic pain,Psilocybin,Chronic pain,psilocybin,,chronic pain,chronic pain,chronic pain,therapeutic_indication,Chronic pain,indication,True,10.1036/1097-8542.br2511031,A single dose of psilocybin alleviates chronic pain and associated anxiety and depression in mice,compound_disorder,not_reported,not_reported,therapeutic effect,pain,positive,alleviates chronic pain,,mice,preclinical,AccessScience Editors,2025,primary_results,doi,primary_study,original_empirical,primary_evidence,uncertain,supported,1.0,False,A single dose of psilocybin alleviates chronic pain and associated anxiety and depression in mice,abstract_only,abstract_only,abstract,title,preclinical study,,,,Projected from extraction_v1; support=supported; confidence=1; needs_human_review=False,A single dose of psilocybin alleviates chronic pain and associated anxiety and depression in mice,article,2025-11-06,,,McGraw-Hill Professional,,Anxiety | Depression (economics) | Trustworthiness | Chronic pain | Resource (disambiguation) | Psilocybin | Medicine | Gateway (web page) | Psychology | Anesthesia | Psychiatry | Psychotherapist | Information resource | Internal medicine | Somatization | Pharmacology | Sociology of scientific knowledge | Emulation,,,,not_reported,not_reported,psilocybin,single dose,not_reported,single dose,not_reported,,,,not_reported,low,label,label,needs_external_id_lookup,needs_external_id_lookup,{},{},,,,,,
normalized,compound and graph entity matched local registry,Psilocybin,,Anxiety,Psilocybin,Anxiety,psilocybin,,anxiety,anxiety,anxiety,therapeutic_indication,Anxiety,indication,True,10.1036/1097-8542.br2511031,A single dose of psilocybin alleviates chronic pain and associated anxiety and depression in mice,compound_disorder,associated with chronic pain,not_reported,therapeutic effect,mental health,positive,alleviates anxiety,,mice,preclinical,AccessScience Editors,2025,primary_results,doi,primary_study,original_empirical,primary_evidence,uncertain,supported,1.0,False,A single dose of psilocybin alleviates chronic pain and associated anxiety and depression in mice,abstract_only,abstract_only,abstract,title,preclinical study,,,,Projected from extraction_v1; support=supported; confidence=1; needs_human_review=False,A single dose of psilocybin alleviates chronic pain and associated anxiety and depression in mice,article,2025-11-06,,,McGraw-Hill Professional,,Anxiety | Depression (economics) | Trustworthiness | Chronic pain | Resource (disambiguation) | Psilocybin | Medicine | Gateway (web page) | Psychology | Anesthesia | Psychiatry | Psychotherapist | Information resource | Internal medicine | Somatization | Pharmacology | Sociology of scientific knowledge | Emulation,,,,not_reported,not_reported,psilocybin,single dose,not_reported,single dose,not_reported,,,,not_reported,low,label,label,needs_external_id_lookup,broad_category_needs_external_id_lookup,{},{},,,,,,
normalized,compound and graph entity matched local registry,Psilocybin,,Depression,Psilocybin,Depression,psilocybin,,depression,depression,depression,therapeutic_indication,Depression,indication,True,10.1036/1097-8542.br2511031,A single dose of psilocybin alleviates chronic pain and associated anxiety and depression in mice,compound_disorder,associated with chronic pain,not_reported,therapeutic effect,mental health,positive,alleviates depression,,mice,preclinical,AccessScience Editors,2025,primary_results,doi,primary_study,original_empirical,primary_evidence,uncertain,supported,1.0,False,A single dose of psilocybin alleviates chronic pain and associated anxiety and depression in mice,abstract_only,abstract_only,abstract,title,preclinical study,,,,Projected from extraction_v1; support=supported; confidence=1; needs_human_review=False,A single dose of psilocybin alleviates chronic pain and associated anxiety and depression in mice,article,2025-11-06,,,McGraw-Hill Professional,,Anxiety | Depression (economics) | Trustworthiness | Chronic pain | Resource (disambiguation) | Psilocybin | Medicine | Gateway (web page) | Psychology | Anesthesia | Psychiatry | Psychotherapist | Information resource | Internal medicine | Somatization | Pharmacology | Sociology of scientific knowledge | Emulation,,,,not_reported,not_reported,psilocybin,single dose,not_reported,single dose,not_reported,,,,not_reported,low,label,label,needs_external_id_lookup,broad_category_needs_external_id_lookup,{},{},,,,,,
normalized,compound and graph entity matched local registry,Ketamine,,Suicidal ideation,Ketamine,Suicidal ideation,ketamine,,suicidal ideation,suicidal ideation,antisuicidality effects of ketamine,therapeutic_indication,Suicidal ideation,indication,True,10.1038/s41380-019-0503-4,Attenuation of antidepressant and antisuicidal effects of ketamine by opioid receptor antagonism,compound_disorder,"Depressive Disorder, Treatment-Resistant",not_reported,therapeutic effect,psychiatric symptoms,positive,"suicidality (Hamilton Depression Rating Scale item 3, Montgomery-Åsberg Depression Rating Scale item 10, and Columbia Suicide Severity Rating Scale)",MADRS; HAM-D; C-SSRS,12 participants who completed naltrexone and placebo conditions,clinical,Nolan R. Williams; Boris D. Heifets; Brandon S. Bentzley; Christine Blasey; Keith D. Sudheimer; Jessica Hawkins; David M. Lyons; Alan F. Schatzberg,2019,primary_results,doi,primary_study,original_empirical,primary_evidence,uncertain,supported,1.0,False,Results indicate that opioid receptor activation plays a significant role in the antisuicidality effects of ketamine.,abstract_only,abstract_only,abstract,abstract,double-blinded crossover design,U.S. Department of Health &amp; Human Services | NIH | National Institute of Mental Health (NIMH),,,Projected from extraction_v1; support=supported; confidence=1; needs_human_review=False,Molecular Psychiatry,journal-article,2019-08-29,1359-4184,1476-5578,Springer Science and Business Media LLC,"Adult | Female | Humans | Male | Middle Aged | Antidepressive Agents / therapeutic use | Cross-Over Studies | Depressive Disorder, Treatment-Resistant / drug therapy | Double-Blind Method | Excitatory Amino Acid Antagonists / therapeutic use | Ketamine / metabolism | Ketamine / therapeutic use | Naltrexone / pharmacology | Narcotic Antagonists / metabolism | Psychiatric Status Rating Scales | Receptors, Opioid / metabolism | Suicidal Ideation | Suicide / psychology | Treatment Outcome",,U.S. Department of Health &amp; Human Services | NIH | National Institute of Mental Health (NIMH),UL1 TR 001085,eng,12,not_reported,intravenous ketamine,intravenous ketamine,intravenous,not_reported,not_reported,,,,not_reported,low,label,label,needs_external_id_lookup,needs_external_id_lookup,{},{},,,,,,
normalized,compound and graph entity matched local registry,Ketamine,,Suicidal ideation,Ketamine,Suicidal ideation,ketamine,,Suicidal ideation,Suicidal ideation,antisuicidal effects,therapeutic_indication,Suicidal ideation,indication,True,10.1055/a-2807-8161,Using Classification and Regression Tree Modeling to Investigate the Effects of Subanesthetic Ketamine Infusion on Remission of Suicidal Symptoms,compound_disorder,treatment-resistant depression,not_reported,Therapeutic effect,Psychiatric symptoms,positive,antisuicidal effects,,67 patients with treatment-resistant depression and prominent suicidal ideation,clinical,Ping-Chung Wu; Wei-Chen Lin; Tung-Ping Su; Cheng-Ta Li; Hui-Ju Wu; Shih-Jen Tsai; Ya-Mei Bai; Pei-Chi Tu; Wei-Chung Mao; Mu-Hong Chen,2026,primary_results,doi,primary_study,original_empirical,primary_evidence,uncertain,supported,0.9,False,"Combinations of clinical predictors, including mild or moderate depression severity, a shorter duration of the current episode, no more than four trials of antidepressant failures, low or moderate current suicide risks, and a history of suicide attempts, offered superior predictive power for the rapid and sustained antisuicidal effects of sub-anesthetic ketamine infusion, outperforming the predictive power of any individual predictor.",abstract_only,abstract_only,abstract,abstract,post hoc analysis of randomized placebo-controlled and open-label trials,"Cheng Hsin General Hospital Foundation | Yen Tjing Ling Medical Foundation | Ministry of Science and Technology, Taiwan | Taipei, Taichung, Kaohsiung Veterans General Hospital, Tri-Service General Hospital, Academia Sinica Joint Research Program | Veterans General Hospitals and University System of Taiwan Joint Research Program | Taipei Veterans General Hospital",,,Projected from extraction_v1; support=supported; confidence=0.9; needs_human_review=False,Pharmacopsychiatry,journal-article,2026-02-26,0176-3679,1439-0795,Georg Thieme Verlag KG,,,"Cheng Hsin General Hospital Foundation | Yen Tjing Ling Medical Foundation | Ministry of Science and Technology, Taiwan | Taipei, Taichung, Kaohsiung Veterans General Hospital, Tri-Service General Hospital, Academia Sinica Joint Research Program | Veterans General Hospitals and University System of Taiwan Joint Research Program | Taipei Veterans General Hospital","CY11402-1, CY11402-2 | CI-113-32, CI-113-30, CI-114-35 | MOST 109-2314-B-010-050-MY3, MOST111-2314-B-075 -0,MOST 111-2314-B-075 -013, NSTC113-2314-B-075-042,MOST110-2314-B-075-026, MOST110-2314-B-075-024 -MY | VTA112-V1-6-1, VTA114-V1-4-1 | VGHUST112-G1-8-1, VGHUST114-G1-9-1 | V113C-039, V113C-011, V113C-010, V114C-089,V114C-064, V114C-217",eng,67,not_reported,single ketamine infusion,0.5 mg/kg,infusion,single infusion,rapid and sustained,,,,not_reported,high,label,label,needs_external_id_lookup,needs_external_id_lookup,{},{},,,,,,
normalized,compound and graph entity matched local registry,Ibogaine,,Opioid use disorder,Ibogaine,Opioid use disorder,Ibogaine,,opioid dependence,opioid dependence,ASI-Lite drug use composite score,outcome_measure,Opioid use disorder,indication,True,10.1080/00952990.2017.1310218,Ibogaine treatment outcomes for opioid dependence from a twelve-month follow-up observational study,compound_disorder,opioid dependence,not_applicable,clinical outcome,addiction severity,positive,Addiction Severity Index-Lite (ASI-Lite) drug use composite score,,individuals receiving legal ibogaine treatment for opioid dependence,clinical,Geoffrey E. Noller; Chris M. Frampton; Berra Yazar-Klosinski,2017,primary_results,doi,primary_study,original_empirical,primary_evidence,uncertain,supported,1.0,False,Nonparametric comparisons via Friedman Test between baseline and 12-month follow-up for participants completing all interviews (n = 8) showed a significant reduction for the ASI-Lite drug use (p = 0.002) composite score. ... A single ibogaine treatment reduced opioid withdrawal symptoms and achieved opioid cessation or sustained reduced use in dependent individuals as measured over 12 months.,abstract_only,abstract_only,abstract,abstract,observational study,,,,Projected from extraction_v1; support=supported; confidence=1.0; needs_human_review=False,The American Journal of Drug and Alcohol Abuse,journal-article,2017-04-12,0095-2990,1097-9891,Informa UK Limited,Adult | Depression / complications | Depression / drug therapy | Female | Follow-Up Studies | Hallucinogens / therapeutic use | Humans | Ibogaine / therapeutic use | Male | Middle Aged | Opioid-Related Disorders / complications | Opioid-Related Disorders / drug therapy | Substance Withdrawal Syndrome / drug therapy | Treatment Outcome,Ibogaine | legal availability | opioid dependence | opioid detoxification | opioid withdrawal | psychedelics,,,eng,14 participants (n = 8 completing all interviews),not_reported,ibogaine treatment,single ibogaine treatment,not_reported,single treatment,12-month follow-up,,,,not_reported,low,label,alias,needs_external_id_lookup,needs_external_id_lookup,{},{},,10.1080/00952990.2017.1357184,CommentIn PMID:29215917 Am J Drug Alcohol Abuse. 2018;44(1):1-3. doi: 10.1080/00952990.2017.1357184.,,,
normalized,compound and graph entity matched local registry,Ibogaine,,Depression,Ibogaine,Depression,Ibogaine,,depression,depression,BDI-II scores,outcome_measure,Depression,indication,True,10.1080/00952990.2017.1310218,Ibogaine treatment outcomes for opioid dependence from a twelve-month follow-up observational study,compound_disorder,opioid dependence,not_applicable,clinical outcome,mental health,positive,Beck Depression Inventory-II (BDI-II) scores,BDI,individuals receiving legal ibogaine treatment for opioid dependence,clinical,Geoffrey E. Noller; Chris M. Frampton; Berra Yazar-Klosinski,2017,primary_results,doi,primary_study,original_empirical,primary_evidence,uncertain,supported,1.0,False,Secondary effects on depression were assessed via the Beck Depression Inventory-II (BDI-II). Reductions in BDI-II scores from baseline to 12-month follow-up were also significant (p < 0.001).,abstract_only,abstract_only,abstract,abstract,observational study,,,,Projected from extraction_v1; support=supported; confidence=1.0; needs_human_review=False,The American Journal of Drug and Alcohol Abuse,journal-article,2017-04-12,0095-2990,1097-9891,Informa UK Limited,Adult | Depression / complications | Depression / drug therapy | Female | Follow-Up Studies | Hallucinogens / therapeutic use | Humans | Ibogaine / therapeutic use | Male | Middle Aged | Opioid-Related Disorders / complications | Opioid-Related Disorders / drug therapy | Substance Withdrawal Syndrome / drug therapy | Treatment Outcome,Ibogaine | legal availability | opioid dependence | opioid detoxification | opioid withdrawal | psychedelics,,,eng,14 participants (n = 8 completing all interviews),not_reported,ibogaine treatment,single ibogaine treatment,not_reported,single treatment,12-month follow-up,,,,not_reported,low,label,label,needs_external_id_lookup,broad_category_needs_external_id_lookup,{},{},,10.1080/00952990.2017.1357184,CommentIn PMID:29215917 Am J Drug Alcohol Abuse. 2018;44(1):1-3. doi: 10.1080/00952990.2017.1357184.,,,
normalized,compound and graph entity matched local registry,Ibogaine,,Opioid use disorder,Ibogaine,Opioid use disorder,Ibogaine,,Opioid-Related Disorders,Opioid use disorder,ibogaine detoxification,therapeutic_indication,Opioid use disorder,indication,True,10.1080/02791072.2018.1487607,A Mixed-Method Analysis of Persisting Effects Associated with Positive Outcomes Following Ibogaine Detoxification,compound_disorder,chronic opioid use,not_reported,therapeutic outcome,substance use,positive,"detoxification, positive outcomes",,73 patients who received treatment for chronic opioid use in Mexico,clinical,Alan K. Davis; Elise Renn; Austin-Marley Windham-Herman; Martin Polanco; Joseph P. Barsuglia,2018,primary_results,doi,primary_study,original_empirical,primary_evidence,uncertain,supported,1.0,False,"We examined persisting effects, self-perceived challenges, and potential benefits associated with positive outcomes following ibogaine detoxification using data collected as part of a larger online retrospective study of 73 patients who received treatment for chronic opioid use in Mexico between 2012 and 2015.",abstract_only,abstract_only,abstract,abstract,retrospective study,NIAAA NIH HHS | NIDA NIH HHS,,,Projected from extraction_v1; support=supported; confidence=1; needs_human_review=False,Journal of Psychoactive Drugs,journal-article,2018-07-18,0279-1072,2159-9777,Informa UK Limited,Adolescent | Adult | Female | Hallucinogens / administration & dosage | Hallucinogens / adverse effects | Humans | Ibogaine / administration & dosage | Ibogaine / adverse effects | Interpersonal Relations | Male | Mexico | Middle Aged | Opioid-Related Disorders / drug therapy | Opioid-Related Disorders / psychology | Retrospective Studies | Substance Withdrawal Syndrome / drug therapy | Substance Withdrawal Syndrome / psychology | Time Factors | Treatment Outcome | Young Adult,Ibogaine | heroin | persisting effects | prescription opioids,NIAAA NIH HHS | NIDA NIH HHS,T32 AA007477 | T32 DA007209,eng,73,not_reported,ibogaine detoxification,not_reported,not_reported,not_reported,not_reported,,,,not_reported,low,label,label,needs_external_id_lookup,needs_external_id_lookup,{},{},,,,,,
normalized,compound and graph entity matched local registry,Ketamine,,Treatment-resistant depression,Ketamine,Treatment-resistant depression,ketamine,,treatment-resistant depression,treatment-resistant depression,remission of depressive symptoms,therapeutic_indication,Treatment-resistant depression,indication,True,10.1097/wnf.0000000000000104,Augmentation Therapy With Serial Intravenous Ketamine Over 18 Months in a Patient With Treatment Resistant Depression,compound_disorder,treatment-resistant depression,not_reported,clinical response,psychiatric symptoms,positive,remission,,patient with treatment-resistant depression (TRD) including to subgenual deep brain stimulation,clinical,Sameer Hassamal; Margaret Spivey; Ananda K. Pandurangi,2015,case_report,doi,case_report,original_empirical,primary_evidence,uncertain,supported,1.0,False,"We present the case of A.B., a patient with treatment-resistant depression (TRD) including to subgenual deep brain stimulation, who went into remission after augmentation with 6 ketamine IVIs (0.5 mg/kg) over a 3-week period. However, she had a reemergence of depressive symptoms 4 months later and received a second series of 3 ketamine IVIs over the course of a week. A.B. again went into remission and maintained this for the next 8 months. At this time, she experienced a reemergence of depressive symptoms and was treated with the third series of ketamine IVIs (3 infusions over the course of a week). Because A.B. has now been in remission for 6 months. A.B. has received a total of 12 ketamine IVIs over the course of 18 months. No significant adverse events have occurred. To our knowledge, this is the first case of long-term ketamine efficacy as augmentation therapy in TRD over the course of 18 months.",abstract_only,abstract_only,abstract,abstract,case report,,,,Projected from extraction_v1; support=supported; confidence=1; needs_human_review=False,Clinical Neuropharmacology,journal-article,2015-09-01,0362-5664,1537-162X,Ovid Technologies (Wolters Kluwer Health),"Depressive Disorder, Treatment-Resistant / drug therapy | Female | Humans | Infusions, Intravenous | Ketamine / administration & dosage | Ketamine / therapeutic use | Middle Aged | Remission Induction / methods | Time Factors",,,,eng,1,not_applicable,ketamine intravenous infusions (IVIs),0.5 mg/kg,intravenous,6 ketamine IVIs over a 3-week period (initial); 3 ketamine IVIs over a week (second series); 3 ketamine IVIs over a week (third series); total of 12 ketamine IVIs over 18 months,18 months,,,,No significant adverse events have occurred.,low,label,label,needs_external_id_lookup,needs_external_id_lookup,{},{},,,,,,
normalized,compound and graph entity matched local registry,Ketamine,,Depression,Ketamine,Depression,ketamine,,depressive symptoms,depression,overall depressive symptoms,outcome_measure,Depression,indication,True,10.1111/bdi.12941,"The effectiveness of ketamine on anxiety, irritability, and agitation: Implications for treating mixed features in adults with major depressive or bipolar disorder",compound_disorder,treatment-resistant major depressive disorder or bipolar disorder,not_reported,symptom reduction,mood,positive,Quick Inventory for Depressive Symptomatology Self-Report-16 (QIDS-SR 16),QIDS,Adults (N = 201) with treatment-resistant major depressive disorder or bipolar disorder; 113 participants met AIA criteria,clinical,Roger S. McIntyre; Orly Lipsitz; Nelson B. Rodrigues; Yena Lee; Danielle S. Cha; Maj Vinberg; Kangguang Lin; Gin S. Malhi; Mehala Subramaniapillai; Kevin Kratiuk,2020,primary_results,doi,primary_study,original_empirical,primary_evidence,uncertain,supported,0.9,False,"Participants with AIA experienced a significantly greater reduction in overall depressive symptoms (F(1, 558) = 9.49, P = .002) ... from baseline compared to the non-AIA group, regardless of number of treatments received.",abstract_only,abstract_only,abstract,abstract,retrospective analysis,,,,Projected from extraction_v1; support=supported; confidence=0.9; needs_human_review=False,Bipolar Disorders,journal-article,2020-05-14,1398-5647,1399-5618,Wiley,"Adult | Anxiety / diagnosis | Anxiety / drug therapy | Bipolar Disorder / diagnosis | Bipolar Disorder / drug therapy | Major Depressive Disorder / diagnosis | Major Depressive Disorder / drug therapy | Depressive Disorder, Treatment-Resistant / drug therapy | Female | Humans | Irritable Mood / drug effects | Ketamine / administration & dosage | Ketamine / therapeutic use | Male | Middle Aged | Psychomotor Agitation / drug therapy | Retrospective Studies | Self Report | Suicidal Ideation",NMDA | bipolar depression | intravenous ketamine | suicidal ideation | treatment-resistant depression,CIHR,,eng,201,non-AIA group,IV ketamine,repeat-dose,intravenous (IV),repeat-dose,from baseline,,,,not_reported,low,label,label,needs_external_id_lookup,broad_category_needs_external_id_lookup,{},{},,10.1111/bdi.13006,CommentIn PMID:32981094 Bipolar Disord. 2020 Dec;22(8):860-861. doi: 10.1111/bdi.13006.,,,
normalized,compound and graph entity matched local registry,Ketamine,,Suicidal ideation,Ketamine,Suicidal ideation,ketamine,,suicidal ideation,suicidal ideation,suicidal ideation (SI),outcome_measure,Suicidal ideation,indication,True,10.1111/bdi.12941,"The effectiveness of ketamine on anxiety, irritability, and agitation: Implications for treating mixed features in adults with major depressive or bipolar disorder",compound_disorder,treatment-resistant major depressive disorder or bipolar disorder,not_reported,symptom reduction,psychiatric symptoms,positive,QIDS-SR 16 suicidal ideation (SI) item,QIDS,Adults (N = 201) with treatment-resistant major depressive disorder or bipolar disorder; 113 participants met AIA criteria,clinical,Roger S. McIntyre; Orly Lipsitz; Nelson B. Rodrigues; Yena Lee; Danielle S. Cha; Maj Vinberg; Kangguang Lin; Gin S. Malhi; Mehala Subramaniapillai; Kevin Kratiuk,2020,primary_results,doi,primary_study,original_empirical,primary_evidence,uncertain,supported,0.9,False,"Participants with AIA experienced a significantly greater reduction in ... SI (F(1, 558) = 3.103, P = .079) ... from baseline compared to the non-AIA group, regardless of number of treatments received.",abstract_only,abstract_only,abstract,abstract,retrospective analysis,,,,Projected from extraction_v1; support=supported; confidence=0.9; needs_human_review=False,Bipolar Disorders,journal-article,2020-05-14,1398-5647,1399-5618,Wiley,"Adult | Anxiety / diagnosis | Anxiety / drug therapy | Bipolar Disorder / diagnosis | Bipolar Disorder / drug therapy | Major Depressive Disorder / diagnosis | Major Depressive Disorder / drug therapy | Depressive Disorder, Treatment-Resistant / drug therapy | Female | Humans | Irritable Mood / drug effects | Ketamine / administration & dosage | Ketamine / therapeutic use | Male | Middle Aged | Psychomotor Agitation / drug therapy | Retrospective Studies | Self Report | Suicidal Ideation",NMDA | bipolar depression | intravenous ketamine | suicidal ideation | treatment-resistant depression,CIHR,,eng,201,non-AIA group,IV ketamine,repeat-dose,intravenous (IV),repeat-dose,from baseline,,,,not_reported,low,label,label,needs_external_id_lookup,needs_external_id_lookup,{},{},,10.1111/bdi.13006,CommentIn PMID:32981094 Bipolar Disord. 2020 Dec;22(8):860-861. doi: 10.1111/bdi.13006.,,,
normalized,compound and graph entity matched local registry,Ketamine,,Anxiety,Ketamine,Anxiety,ketamine,,anxiety,anxiety,anxiety,outcome_measure,Anxiety,indication,True,10.1111/bdi.12941,"The effectiveness of ketamine on anxiety, irritability, and agitation: Implications for treating mixed features in adults with major depressive or bipolar disorder",compound_disorder,treatment-resistant major depressive disorder or bipolar disorder,not_reported,symptom reduction,anxiety,positive,Generalized Anxiety Disorder-7 (GAD-7) scale,GAD-7,Adults (N = 201) with treatment-resistant major depressive disorder or bipolar disorder; 113 participants met AIA criteria,clinical,Roger S. McIntyre; Orly Lipsitz; Nelson B. Rodrigues; Yena Lee; Danielle S. Cha; Maj Vinberg; Kangguang Lin; Gin S. Malhi; Mehala Subramaniapillai; Kevin Kratiuk,2020,primary_results,doi,primary_study,original_empirical,primary_evidence,uncertain,supported,0.9,False,"Participants with AIA experienced a significantly greater reduction in ... anxiety (F(1, 198) = 5.52, P = .007) ... from baseline compared to the non-AIA group, regardless of number of treatments received.",abstract_only,abstract_only,abstract,abstract,retrospective analysis,,,,Projected from extraction_v1; support=supported; confidence=0.9; needs_human_review=False,Bipolar Disorders,journal-article,2020-05-14,1398-5647,1399-5618,Wiley,"Adult | Anxiety / diagnosis | Anxiety / drug therapy | Bipolar Disorder / diagnosis | Bipolar Disorder / drug therapy | Major Depressive Disorder / diagnosis | Major Depressive Disorder / drug therapy | Depressive Disorder, Treatment-Resistant / drug therapy | Female | Humans | Irritable Mood / drug effects | Ketamine / administration & dosage | Ketamine / therapeutic use | Male | Middle Aged | Psychomotor Agitation / drug therapy | Retrospective Studies | Self Report | Suicidal Ideation",NMDA | bipolar depression | intravenous ketamine | suicidal ideation | treatment-resistant depression,CIHR,,eng,201,non-AIA group,IV ketamine,repeat-dose,intravenous (IV),repeat-dose,from baseline,,,,not_reported,low,label,label,needs_external_id_lookup,broad_category_needs_external_id_lookup,{},{},,10.1111/bdi.13006,CommentIn PMID:32981094 Bipolar Disord. 2020 Dec;22(8):860-861. doi: 10.1111/bdi.13006.,,,
normalized,compound and graph entity matched local registry,Ketamine,,Depression,Ketamine,Depression,ketamine,,treatment resistant depression,depression,statistically significant improvement on the BDI,outcome_measure,Depression,indication,True,10.4236/ojd.2019.83007,Ketamine Infusion (KI) in Treatment Resistant Depression (TRD): Retrospective Clinical Data Analysis,compound_disorder,treatment resistant depression (TRD),not_reported,patient-reported outcome,depression symptoms,positive,Beck Depression Inventory (BDI),BDI,patients with TRD,clinical,C. Griffiths; A. O’Neill-Kerr; R. Vai; Tina Sore; K. Silva,2019,primary_results,doi,primary_study,original_empirical,primary_evidence,uncertain,supported,0.9,False,There was a statistically significant improvement on the BDI with a medium effect size (0.63).,abstract_only,abstract_only,abstract,abstract,retrospective investigation,,,,Projected from extraction_v1; support=supported; confidence=0.9; needs_human_review=False,Open Journal of Depression,journal-article,2019-08-30,2169-9658,2169-9674,"Scientific Research Publishing, Inc.",,Medicine | external | s2-fos-model,,,,28 patients,not_reported,ketamine infusion,ketamine infusion,not_reported,minimum course of treatment was defined as three ketamine infusions,over the course of multiple infusions,,,,not_reported,low,label,label,needs_external_id_lookup,broad_category_needs_external_id_lookup,{},{},,,,,833639066849f0e9881a38c40a3f1e907542de3c,
normalized,compound and graph entity matched local registry,Ketamine,,Depression,Ketamine,Depression,ketamine,,treatment resistant depression,depression,not a significant improvement in the QIDS-SR,outcome_measure,Depression,indication,True,10.4236/ojd.2019.83007,Ketamine Infusion (KI) in Treatment Resistant Depression (TRD): Retrospective Clinical Data Analysis,compound_disorder,treatment resistant depression (TRD),not_reported,patient-reported outcome,depression symptoms,null,Quick Inventory of Depressive Symptomatology (QIDS-SR),QIDS,patients with TRD,clinical,C. Griffiths; A. O’Neill-Kerr; R. Vai; Tina Sore; K. Silva,2019,primary_results,doi,primary_study,original_empirical,primary_evidence,uncertain,supported,0.9,False,There was not a significant improvement in the CGI or QIDS-SR.,abstract_only,abstract_only,abstract,abstract,retrospective investigation,,,,Projected from extraction_v1; support=supported; confidence=0.9; needs_human_review=False,Open Journal of Depression,journal-article,2019-08-30,2169-9658,2169-9674,"Scientific Research Publishing, Inc.",,Medicine | external | s2-fos-model,,,,28 patients,not_reported,ketamine infusion,ketamine infusion,not_reported,minimum course of treatment was defined as three ketamine infusions,over the course of multiple infusions,,,,not_reported,low,label,label,needs_external_id_lookup,broad_category_needs_external_id_lookup,{},{},,,,,833639066849f0e9881a38c40a3f1e907542de3c,
normalized,compound and graph entity matched local registry,Ketamine,,Depression,Ketamine,Depression,ketamine,,treatment resistant depression,depression,not a significant improvement in the CGI,outcome_measure,Depression,indication,True,10.4236/ojd.2019.83007,Ketamine Infusion (KI) in Treatment Resistant Depression (TRD): Retrospective Clinical Data Analysis,compound_disorder,treatment resistant depression (TRD),not_reported,clinician-rated outcome,depression symptoms,null,Clinical Global Impression (CGI),,patients with TRD,clinical,C. Griffiths; A. O’Neill-Kerr; R. Vai; Tina Sore; K. Silva,2019,primary_results,doi,primary_study,original_empirical,primary_evidence,uncertain,supported,0.9,False,There was not a significant improvement in the CGI or QIDS-SR.,abstract_only,abstract_only,abstract,abstract,retrospective investigation,,,,Projected from extraction_v1; support=supported; confidence=0.9; needs_human_review=False,Open Journal of Depression,journal-article,2019-08-30,2169-9658,2169-9674,"Scientific Research Publishing, Inc.",,Medicine | external | s2-fos-model,,,,28 patients,not_reported,ketamine infusion,ketamine infusion,not_reported,minimum course of treatment was defined as three ketamine infusions,over the course of multiple infusions,,,,not_reported,low,label,label,needs_external_id_lookup,broad_category_needs_external_id_lookup,{},{},,,,,833639066849f0e9881a38c40a3f1e907542de3c,
normalized,compound and graph entity matched local registry,Ketamine,,Opioid use disorder,Ketamine,Opioid use disorder,Ketamine,,Opioid use disorder,Opioid use disorder,reducción de uso de opioides,therapeutic_indication,Opioid use disorder,indication,True,10.17579/abstractbookdualdisorders-p-284,USO DE KETAMINA IV PARA REDUCIR EL USO DE OPIOIDES EN SÍNDROME DEL MIEMBRO FANTASMA: REVISIÓN A PROPÓSITO DE UN CASO,compound_disorder,"el paciente fue aumentando las dosis por iniciativa propia, acudiendo a varios médicos para obtener recetas, hasta llegar a una dosis de 900 mg/día [of pethidine]. Se le propone entonces un ingreso para desintoxicación y rotación de opioides, y se sustituye su pauta con buprenorfina 4 mg/día... Se presenta también una revisión narrativa abreviada sobre el uso de ketamina IV para dolor crónico (y reducción de uso de opioides) y depresión, pudiendo ser una opción en pacientes con concomitancia de TUS, trastorno depresivo y dolor crónico.",not_applicable,Reduction,Substance use,positive,Opioid use reduction,,,clinical,Poorvanshi Alag; Ediz Eypolu; Propsito De; Un Caso; Garcia Rodriguez; Teresa Burguete-Uriol; Eva Faure; Sira Diaz Moran; Nuria Planet; Manuela Rubio,2024,case_report,doi,case_report,original_empirical,primary_evidence,uncertain,supported,0.8,False,"Se presenta también una revisión narrativa abreviada sobre el uso de ketamina IV para dolor crónico (y reducción de uso de opioides) y depresión, pudiendo ser una opción en pacientes con concomitancia de TUS, trastorno depresivo y dolor crónico.",full_text_seen,full_text_seen,text,C151,case_report,,,,Projected from extraction_v1; support=supported; confidence=0.8; needs_human_review=False,Dual Disorders Abstracts Book,article,2024-01-01,,,SEPD/WADD,,Medicine | Humanities | Philosophy,,,es,,,once infusiones de ketamina,"dosis creciente hasta alcanzar 200 mg (1,67 mg/kg)",IV,,,,,,,low,label,label,needs_external_id_lookup,needs_external_id_lookup,{},{},,,,,,
normalized,compound and graph entity matched local registry,Ketamine,,Major depressive disorder,Ketamine,Major depressive disorder,Ketamine,,Major depressive disorder,Major depressive disorder,trastorno depresivo mayor,therapeutic_indication,Major depressive disorder,indication,True,10.17579/abstractbookdualdisorders-p-284,USO DE KETAMINA IV PARA REDUCIR EL USO DE OPIOIDES EN SÍNDROME DEL MIEMBRO FANTASMA: REVISIÓN A PROPÓSITO DE UN CASO,compound_disorder,"el paciente desarrolló un trastorno adaptativo reactivo al dolor y la limitación funcional que evolucionó hasta cumplir criterios de trastorno depresivo mayor... Dado el mal control de la sintomatología depresiva grave asociada, se inicia de forma ambulatoria con esketamina intranasal, hasta cuatro viales/día, que tampoco resulta efectivo. Se propone entonces iniciar ketamina IV...",not_applicable,Symptom reduction,Mood,positive,Depressive symptoms,,,clinical,Poorvanshi Alag; Ediz Eypolu; Propsito De; Un Caso; Garcia Rodriguez; Teresa Burguete-Uriol; Eva Faure; Sira Diaz Moran; Nuria Planet; Manuela Rubio,2024,case_report,doi,case_report,original_empirical,primary_evidence,uncertain,supported,0.8,False,"Dado el mal control de la sintomatología depresiva grave asociada, se inicia de forma ambulatoria con esketamina intranasal, hasta cuatro viales/día, que tampoco resulta efectivo. Se propone entonces iniciar ketamina IV, que el paciente había probado en un seguimiento previo, con respuesta parcial... Se presenta también una revisión narrativa abreviada sobre el uso de ketamina IV para dolor crónico (y reducción de uso de opioides) y depresión, pudiendo ser una opción en pacientes con concomitancia de TUS, trastorno depresivo y dolor crónico.",full_text_seen,full_text_seen,text,C151,case_report,,,,Projected from extraction_v1; support=supported; confidence=0.8; needs_human_review=False,Dual Disorders Abstracts Book,article,2024-01-01,,,SEPD/WADD,,Medicine | Humanities | Philosophy,,,es,,,once infusiones de ketamina,"dosis creciente hasta alcanzar 200 mg (1,67 mg/kg)",IV,,,,,,,low,label,label,needs_external_id_lookup,needs_external_id_lookup,{},{},,,,,,
normalized,compound and graph entity matched local registry,S-ketamine,,Major depressive disorder,S-ketamine,Major depressive disorder,Esketamine,,Major depressive disorder,Major depressive disorder,sintomatología depresiva grave,therapeutic_indication,Major depressive disorder,indication,True,10.17579/abstractbookdualdisorders-p-284,USO DE KETAMINA IV PARA REDUCIR EL USO DE OPIOIDES EN SÍNDROME DEL MIEMBRO FANTASMA: REVISIÓN A PROPÓSITO DE UN CASO,compound_disorder,el paciente desarrolló un trastorno adaptativo reactivo al dolor y la limitación funcional que evolucionó hasta cumplir criterios de trastorno depresivo mayor.,not_applicable,Symptom reduction,Mood,negative,Depressive symptoms,,,clinical,Poorvanshi Alag; Ediz Eypolu; Propsito De; Un Caso; Garcia Rodriguez; Teresa Burguete-Uriol; Eva Faure; Sira Diaz Moran; Nuria Planet; Manuela Rubio,2024,case_report,doi,case_report,original_empirical,primary_evidence,uncertain,not_supported,0.9,False,"Dado el mal control de la sintomatología depresiva grave asociada, se inicia de forma ambulatoria con esketamina intranasal, hasta cuatro viales/día, que tampoco resulta efectivo.",full_text_seen,full_text_seen,text,C151,case_report,,,,Projected from extraction_v1; support=not_supported; confidence=0.9; needs_human_review=False,Dual Disorders Abstracts Book,article,2024-01-01,,,SEPD/WADD,,Medicine | Humanities | Philosophy,,,es,,,esketamina intranasal,hasta cuatro viales/día,intranasal,,,,,,,low,alias,label,needs_external_id_lookup,needs_external_id_lookup,{},{},,,,,,
normalized,compound and graph entity matched local registry,Psilocybin,,Treatment-resistant depression,Psilocybin,Treatment-resistant depression,psilocybin,,treatment-resistant depression,treatment-resistant depression,eight (67%) of the 12 patients achieved complete remission at 1 week,therapeutic_indication,Treatment-resistant depression,indication,True,10.1016/s2215-0366(16)30065-7,Psilocybin with psychological support for treatment-resistant depression: an open-label feasibility study,compound_disorder,unipolar treatment-resistant major depression,not_applicable,efficacy,depression,positive,complete remission (BDI score ≤9),BDI,"12 patients with moderate-to-severe, unipolar, treatment-resistant major depression",clinical,Robin L Carhart-Harris; Mark Bolstridge; James Rucker; Camilla M J Day; David Erritzoe; Mendel Kaelen; Michael Bloomfield; James A Rickard; Ben Forbes; Amanda Feilding,2016,primary_results,doi,primary_study,original_empirical,primary_evidence,uncertain,supported,1.0,False,"According to standard criteria for determining remission (eg, a score of ≤9 on the BDI), eight (67%) of the 12 patients achieved complete remission at 1 week",full_text_seen,full_text_seen,text,C013,open-label feasibility trial,Medical Research Council,,,Projected from extraction_v1; support=supported; confidence=1.0; needs_human_review=False,The Lancet Psychiatry,journal-article,2016-05-17,2215-0366,2215-0374,Elsevier BV,"Adult | Depressive Disorder, Treatment-Resistant / drug therapy | Depressive Disorder, Treatment-Resistant / psychology | Feasibility Studies | Female | Humans | Male | Middle Aged | Psilocybin / adverse effects | Psilocybin / therapeutic use | Serotonin Receptor Agonists / therapeutic use | Social Support | Treatment Outcome",,Medical Research Council,MR/J00460X/1,eng,12,no control group,psilocybin with psychological support,10 mg and 25 mg,oral,"two oral doses (10 mg and 25 mg, 7 days apart)",1 week,,,,not_reported,low,label,label,needs_external_id_lookup,needs_external_id_lookup,{},{},ISRCTN14426797,10.1016/S2215-0366(16)30087-6 | 10.1016/S2215-0366(16)30103-1 | 10.1016/S2215-0366(16)30214-0,CommentIn PMID:27210032 Lancet Psychiatry. 2016 Jul;3(7):592-3. doi: 10.1016/S2215-0366(16)30087-6. | CommentIn PMID:27568263 Lancet Psychiatry. 2016 Sep;3(9):805-6. doi: 10.1016/S2215-0366(16)30103-1. | CommentIn PMID:27568265 Lancet Psychiatry. 2016 Sep;3(9):806-7. doi: 10.1016/S2215-0366(16)30214-0.,,,
normalized,compound and graph entity matched local registry,Psilocybin,,Treatment-resistant depression,Psilocybin,Treatment-resistant depression,psilocybin,,treatment-resistant depression,treatment-resistant depression,five of these (42%) still in complete remission,therapeutic_indication,Treatment-resistant depression,indication,True,10.1016/s2215-0366(16)30065-7,Psilocybin with psychological support for treatment-resistant depression: an open-label feasibility study,compound_disorder,unipolar treatment-resistant major depression,not_applicable,efficacy,depression,positive,complete remission (BDI score ≤9),BDI,"12 patients with moderate-to-severe, unipolar, treatment-resistant major depression",clinical,Robin L Carhart-Harris; Mark Bolstridge; James Rucker; Camilla M J Day; David Erritzoe; Mendel Kaelen; Michael Bloomfield; James A Rickard; Ben Forbes; Amanda Feilding,2016,primary_results,doi,primary_study,original_empirical,primary_evidence,uncertain,supported,1.0,False,"seven patients (58%) continued to meet criteria for response (50% reduction in BDI score relative to baseline) at 3 months, with five of these (42%) still in complete remission (figure 4, table 3 ).",full_text_seen,full_text_seen,text,C013,open-label feasibility trial,Medical Research Council,,,Projected from extraction_v1; support=supported; confidence=1.0; needs_human_review=False,The Lancet Psychiatry,journal-article,2016-05-17,2215-0366,2215-0374,Elsevier BV,"Adult | Depressive Disorder, Treatment-Resistant / drug therapy | Depressive Disorder, Treatment-Resistant / psychology | Feasibility Studies | Female | Humans | Male | Middle Aged | Psilocybin / adverse effects | Psilocybin / therapeutic use | Serotonin Receptor Agonists / therapeutic use | Social Support | Treatment Outcome",,Medical Research Council,MR/J00460X/1,eng,12,no control group,psilocybin with psychological support,10 mg and 25 mg,oral,"two oral doses (10 mg and 25 mg, 7 days apart)",3 months,,,,not_reported,low,label,label,needs_external_id_lookup,needs_external_id_lookup,{},{},ISRCTN14426797,10.1016/S2215-0366(16)30087-6 | 10.1016/S2215-0366(16)30103-1 | 10.1016/S2215-0366(16)30214-0,CommentIn PMID:27210032 Lancet Psychiatry. 2016 Jul;3(7):592-3. doi: 10.1016/S2215-0366(16)30087-6. | CommentIn PMID:27568263 Lancet Psychiatry. 2016 Sep;3(9):805-6. doi: 10.1016/S2215-0366(16)30103-1. | CommentIn PMID:27568265 Lancet Psychiatry. 2016 Sep;3(9):806-7. doi: 10.1016/S2215-0366(16)30214-0.,,,
normalized,compound and graph entity matched local registry,Ketamine,,Major depressive disorder,Ketamine,Major depressive disorder,Ketamine,,Major Depressive Disorder,Major Depressive Disorder,antidepressant-like effects,therapeutic_indication,Major depressive disorder,indication,True,10.1038/mp.2013.130,Lanicemine: a low-trapping NMDA channel blocker produces sustained antidepressant efficacy with minimal psychotomimetic adverse effects,compound_disorder,treatment-refractory depressed patients,not_applicable,efficacy,depressive symptoms,positive,antidepressant-like effects,,rodent models and treatment-refractory depressed patients,clinical,Gerard Sanacora; Mark A. Smith; Sanjeev Pathak; H-L Su; Peter H. Boeijinga; Dennis J. McCarthy; Michael C. Quirk,2013,primary_results,doi,primary_study,original_empirical,primary_evidence,uncertain,supported,0.9,False,"Ketamine, an N-methyl-D-aspartate receptor (NMDAR) channel blocker, has been found to induce rapid and robust antidepressant-like effects in rodent models and in treatment-refractory depressed patients.",full_text_seen,full_text_seen,abstract,Abstract,"Randomized Controlled Trial, Cross-Over Study (Phase I/II)",NCATS NIH HHS,"Sanacora has received consulting fees from Abbott, AstraZeneca, Bristol-Myers Squibb, Evotec, Eli Lilly & Co, Hoffman La-Roche, Johnson & Johnson, Novartis and Noven Pharmaceuticals; and grant support from AstraZeneca, Bristol-Myers Squibb, Hoffman La-Roche, Merck & Co and Sepracor. In addition, he is a co-inventor on a filed patent application by Yale University (PCTWO06108055A1). Mark A Smith was an AstraZeneca employee at the time this work was conducted and is currently at Shire Pharmaceuticals. He owns stock in AstraZeneca. Sanjeev Pathak is a full-time AstraZeneca employee and he holds stock in AstraZeneca. Hong-Lin Su is a full-time AstraZeneca employee and he holds stock in AstraZeneca. Peter H Boeijinga was a FORENAP employee at the time this work was conducted. Dennis J McCarthy is a fulltime AstraZeneca employee and he holds stock in AstraZeneca. Michael Quirk is a full-time AstraZeneca employee and he holds stock in AstraZeneca.",,Projected from extraction_v1; support=supported; confidence=0.9; needs_human_review=False,Molecular psychiatry,"Clinical Trial, Phase I | Clinical Trial, Phase II | Journal Article | Randomized Controlled Trial | Research Support, Non-U.S. Gov't",2013-10-15,1359-4184,1476-5578,,"Adult | Aged | Animals | Antidepressive Agents / adverse effects | Antidepressive Agents / pharmacology | Brain / drug effects | Brain / physiopathology | Cross-Over Studies | Major Depressive Disorder / drug therapy | Depressive Disorder, Treatment-Resistant / drug therapy | Double-Blind Method | Electroencephalography | Female | Humans | Ketamine / pharmacology | Male | Middle Aged | Phenethylamines / adverse effects | Phenethylamines / pharmacology | Psychiatric Status Rating Scales | Pyridines / adverse effects | Pyridines / pharmacology | Rats, Sprague-Dawley | Receptors, N-Methyl-D-Aspartate / antagonists & inhibitors | Receptors, N-Methyl-D-Aspartate / metabolism | Treatment Outcome | Young Adult",,NCATS NIH HHS,UL1 TR000142,eng,not_reported,not_reported,ketamine,not_reported,not_reported,not_reported,rapid,,,,not_reported,low,label,label,needs_external_id_lookup,needs_external_id_lookup,{},{},NCT00491686 | NCT00781742 | NCT01130909,,,,,
normalized,compound and graph entity matched local registry,Ketamine,,Treatment-resistant depression,Ketamine,Treatment-resistant depression,Ketamine,,Treatment-resistant depression,Treatment-resistant depression,depressive symptoms,symptom_or_problem,Treatment-resistant depression,indication,True,10.1038/s41398-026-03928-4,Modulatory effects of ketamine on EEG source-based resting state connectivity in treatment resistant depression.,compound_disorder,Treatment-resistant depression,not_applicable,Clinical symptom reduction,Depression,positive,"Hamilton Depression Rating Scale (HAMD), Quick Inventory of Depression Scale (QIDS)",HAM-D; QIDS,24 participants with Treatment-resistant depression (TRD),clinical,Lees T; Scott JN Jr; Boyle BW; Esfand SM; Linton SR; Miller C; Li M; Woronko SE; Dunayev R; Bogdanov M,2026,primary_results,doi,primary_study,original_empirical,primary_evidence,uncertain,supported,1.0,False,"Twenty-four hours post-infusion, depressive, anhedonic, and ruminative symptoms for the TRD sample were significantly reduced. ... depressive symptoms of individuals with TRD significantly decreased between sessions when assessed by the HAMD (15.58 ± 4.96 vs. 11.48 ± 5.70; t = -2.754, p = 0.012) and the QIDS (13.86 ± 4.29 vs. 9.68 ± 4.76; t = -2.799, p = 0.011).",full_text_seen,full_text_seen,abstract,"Abstract, C011, Table 1",Interventional study,,,,Projected from extraction_v1; support=supported; confidence=1; needs_human_review=False,Translational psychiatry,Journal Article,2026-03-06,2158-3188,2158-3188,,"Humans | Ketamine / pharmacology | Ketamine / administration & dosage | Female | Adult | Depressive Disorder, Treatment-Resistant / drug therapy | Depressive Disorder, Treatment-Resistant / physiopathology | Male | Electroencephalography | Middle Aged | Antidepressive Agents / pharmacology | Default Mode Network / physiopathology | Default Mode Network / drug effects | Nerve Net / drug effects | Nerve Net / physiopathology",,,,eng,24,baseline,single subanesthetic dose of racemic ketamine,0.5 mg/kg,infusion,single infusion,24 hours post-infusion,,,,not_reported,low,label,label,needs_external_id_lookup,needs_external_id_lookup,{},{},NCT04239963,,,,,
normalized,compound and graph entity matched local registry,Ketamine,,Treatment-resistant depression,Ketamine,Treatment-resistant depression,Ketamine,,Treatment-resistant depression,Treatment-resistant depression,anhedonic symptoms,symptom_or_problem,Treatment-resistant depression,indication,True,10.1038/s41398-026-03928-4,Modulatory effects of ketamine on EEG source-based resting state connectivity in treatment resistant depression.,compound_disorder,Treatment-resistant depression,not_applicable,Clinical symptom reduction,Anhedonia,positive,Snaith-Hamilton Pleasure Scale (SHAPS),,24 participants with Treatment-resistant depression (TRD),clinical,Lees T; Scott JN Jr; Boyle BW; Esfand SM; Linton SR; Miller C; Li M; Woronko SE; Dunayev R; Bogdanov M,2026,primary_results,doi,primary_study,original_empirical,primary_evidence,uncertain,supported,1.0,False,"Twenty-four hours post-infusion, depressive, anhedonic, and ruminative symptoms for the TRD sample were significantly reduced. ... Similar results were observed when examining anhedonic symptoms (SHAPS scores) where TRD participants reported a small but significant reduction (37.46 ± 5.79 vs 35.29 ± 5.88; t = -2.126, p = 0.044)",full_text_seen,full_text_seen,abstract,"Abstract, C011, Table 1",Interventional study,,,,Projected from extraction_v1; support=supported; confidence=1; needs_human_review=False,Translational psychiatry,Journal Article,2026-03-06,2158-3188,2158-3188,,"Humans | Ketamine / pharmacology | Ketamine / administration & dosage | Female | Adult | Depressive Disorder, Treatment-Resistant / drug therapy | Depressive Disorder, Treatment-Resistant / physiopathology | Male | Electroencephalography | Middle Aged | Antidepressive Agents / pharmacology | Default Mode Network / physiopathology | Default Mode Network / drug effects | Nerve Net / drug effects | Nerve Net / physiopathology",,,,eng,24,baseline,single subanesthetic dose of racemic ketamine,0.5 mg/kg,infusion,single infusion,24 hours post-infusion,,,,not_reported,low,label,label,needs_external_id_lookup,needs_external_id_lookup,{},{},NCT04239963,,,,,
normalized,compound and graph entity matched local registry,Ketamine,,Treatment-resistant depression,Ketamine,Treatment-resistant depression,Ketamine,,Treatment-resistant depression,Treatment-resistant depression,ruminative symptoms,symptom_or_problem,Treatment-resistant depression,indication,True,10.1038/s41398-026-03928-4,Modulatory effects of ketamine on EEG source-based resting state connectivity in treatment resistant depression.,compound_disorder,Treatment-resistant depression,not_applicable,Clinical symptom reduction,Rumination,positive,"Ruminative Response Scale (RRS) total, brooding, and depression-related rumination subscales",,24 participants with Treatment-resistant depression (TRD),clinical,Lees T; Scott JN Jr; Boyle BW; Esfand SM; Linton SR; Miller C; Li M; Woronko SE; Dunayev R; Bogdanov M,2026,primary_results,doi,primary_study,original_empirical,primary_evidence,uncertain,supported,1.0,False,"Twenty-four hours post-infusion, depressive, anhedonic, and ruminative symptoms for the TRD sample were significantly reduced. ... Moreover, we observed that the total rumination scores of TRD participants significantly decreased between the two sessions (64.78 ± 9.09 vs. 60.42 ± 9.84, t = -3.161, p = 0.005), as did their scores on the brooding (t = -2.206, p = 0.038) and depressionrelated rumination (t = -2.953, p = 0.007) subscales.",full_text_seen,full_text_seen,abstract,"Abstract, C011, Table 1",Interventional study,,,,Projected from extraction_v1; support=supported; confidence=1; needs_human_review=False,Translational psychiatry,Journal Article,2026-03-06,2158-3188,2158-3188,,"Humans | Ketamine / pharmacology | Ketamine / administration & dosage | Female | Adult | Depressive Disorder, Treatment-Resistant / drug therapy | Depressive Disorder, Treatment-Resistant / physiopathology | Male | Electroencephalography | Middle Aged | Antidepressive Agents / pharmacology | Default Mode Network / physiopathology | Default Mode Network / drug effects | Nerve Net / drug effects | Nerve Net / physiopathology",,,,eng,24,baseline,single subanesthetic dose of racemic ketamine,0.5 mg/kg,infusion,single infusion,24 hours post-infusion,,,,not_reported,low,label,label,needs_external_id_lookup,needs_external_id_lookup,{},{},NCT04239963,,,,,
normalized,compound and graph entity matched local registry,Ketamine,,Treatment-resistant depression,Ketamine,Treatment-resistant depression,ketamine,,treatment-resistant depression,treatment-resistant depression,MADRS total score difference between pre- and post- treatment,outcome_measure,Treatment-resistant depression,indication,True,10.1093/ijnp/pyae059.240,MAGNETIC SUBCORTICAL SUSCEPTIBILITY IS ASSOCIATED WITH THE TREATMENT OUTCOME OF REPEATED KETAMINE INFUSION FOR PATIENTS WITH TREATMENT-RESISTANT DEPRESSION,compound_disorder,treatment-resistant depression (TRD),not_applicable,clinical symptom severity,depression,positive,Montgomery-Åsberg Depression Rating Scale (MADRS) score change,MADRS,patients with TRD,clinical,*Kengo Yonezawa; Hideaki Tani; Shuhei Shibukawa; Yohei Ohtani; Kie Nomoto-Takahashi; Taisuke Yatomi; Shiori Honda; Shinsuke Koike; Hiroyuki Uchida; Shinichiro Nakajima,2025,primary_results,doi,primary_study,original_empirical,primary_evidence,uncertain,supported,1.0,False,The mean change in MADRS total score between ketamine treatment was -7.8 ± 6.3.,full_text_seen,full_text_seen,abstract,Abstract; chunk C004,"post-hoc analysis of a placebo-controlled, double-blind, randomized clinical trial (DBRCT) followed by an open-label trial",,,,Projected from extraction_v1; support=supported; confidence=1; needs_human_review=False,International Journal of Neuropsychopharmacology,journal-article,2025-02,1461-1457,1469-5111,Oxford University Press (OUP),,,,,en,13,placebo,intravenous ketamine,0.5 mg/kg,intravenous,twice weekly for two weeks,pre- and post- treatment,,,,not_reported,high,label,label,needs_external_id_lookup,needs_external_id_lookup,{},{},,,,,,
normalized,compound and graph entity matched local registry,Ketamine,,Nicotine dependence,Ketamine,Nicotine dependence,ketamine,,nicotine dependence,Nicotine dependence,developing nicotine dependence,therapeutic_indication,Nicotine dependence,indication,True,10.1093/jbcr/irad045.037,63 Adjunctive Ketamine Reduces the Risk of Developing Chronic Opioid Use in Burn Patients,compound_disorder,burn patients,not_reported,Risk reduction,Substance use disorder,positive,Risk of developing nicotine dependence (RR 1.32 for patients without ketamine),,"Burn patients who underwent burn-related surgeries, excluding patients with a prior history of opioid-related and psychiatric disorders.",clinical,Dalton Amador; Isabel Obias; Kathleen Karam; Chris Soudah; Amy Arceneaux; Amina El Ayadi; Juquan Song; Georgiy Golovko; Steven Wolf,2023,primary_results,doi,primary_study,original_empirical,primary_evidence,uncertain,supported,1.0,False,"Patients without ketamine had a higher risk of ... developing nicotine dependence ([RR], 1.32, p < 0.001)",full_text_seen,full_text_seen,abstract,Abstract,observational study with propensity score matching,,,,Projected from extraction_v1; support=supported; confidence=1.0; needs_human_review=False,Journal of Burn Care & Research,journal-article,2023-05-01,1559-047X,1559-0488,Oxford University Press (OUP),,,,,en,"103,974 patients (8,328 with ketamine, 51,413 without ketamine) before 1:1 propensity score matching.",opioids alone (without ketamine),adjunctive ketamine,not_reported,not_reported,not_reported,at least one year after burn injury,,,,not_reported,low,label,label,needs_external_id_lookup,needs_external_id_lookup,{},{},,,,,,
normalized,compound and graph entity matched local registry,Ketamine,,Anxiety,Ketamine,Anxiety,ketamine,,anxiety disorders,Anxiety disorders,developing anxiety disorders,therapeutic_indication,Anxiety,indication,True,10.1093/jbcr/irad045.037,63 Adjunctive Ketamine Reduces the Risk of Developing Chronic Opioid Use in Burn Patients,compound_disorder,burn patients,not_reported,Risk reduction,Psychiatric disorder,positive,Risk of developing anxiety disorders (RR 1.21 for patients without ketamine),,"Burn patients who underwent burn-related surgeries, excluding patients with a prior history of opioid-related and psychiatric disorders.",clinical,Dalton Amador; Isabel Obias; Kathleen Karam; Chris Soudah; Amy Arceneaux; Amina El Ayadi; Juquan Song; Georgiy Golovko; Steven Wolf,2023,primary_results,doi,primary_study,original_empirical,primary_evidence,uncertain,supported,1.0,False,"Patients without ketamine had a higher risk of ... developing anxiety disorders ([RR], 1.21, p = 0.007) at least one year after burn injury.",full_text_seen,full_text_seen,abstract,Abstract,observational study with propensity score matching,,,,Projected from extraction_v1; support=supported; confidence=1.0; needs_human_review=False,Journal of Burn Care & Research,journal-article,2023-05-01,1559-047X,1559-0488,Oxford University Press (OUP),,,,,en,"103,974 patients (8,328 with ketamine, 51,413 without ketamine) before 1:1 propensity score matching.",opioids alone (without ketamine),adjunctive ketamine,not_reported,not_reported,not_reported,at least one year after burn injury,,,,not_reported,low,label,alias,needs_external_id_lookup,broad_category_needs_external_id_lookup,{},{},,,,,,
normalized,compound and graph entity matched local registry,Ketamine,,Depression,Ketamine,Depression,ketamine,,Depression,Depression,reduce depression,therapeutic_indication,Depression,indication,True,10.1159/000444278,Case Reports Showing a Long-Term Effect of Subanesthetic Ketamine Infusion in Reducing &lt;smlcap&gt;L&lt;/smlcap&gt;-DOPA-Induced Dyskinesias,compound_disorder,Parkinson's disease (PD) patients,none,clinical_outcome,Psychiatric symptoms,positive,depression,,Parkinson's disease (PD) patients,clinical,Scott J. Sherman; Miguel Estevez; Ari B. Magill; Torsten Falk,2016,case_report,doi,case_report,original_empirical,primary_evidence,uncertain,supported,1.0,False,"We report on low-dose subanesthetic intravenous ketamine infusion treatment in Parkinson's disease (PD) patients by 5 case studies and show a long-lasting therapeutic benefit to reduce L-DOPA-induced dyskinesia (LID), improve on time, and reduce depression. ... Case No. 3, an 84-year-old male... was treated for severe back pain and depression. ... Ketamine dramatically improved the patient's depression, pain, and acutely improved his motor symptoms. ... His depression was dramatically improved (patient was suicidal before infusion and only mildly depressed on subsequent follow-up visits, followed by S.J.S.).",full_text_seen,full_text_seen,text,"Abstract, C001, C003",retrospective case series,,The authors have no ethical conflicts to disclose.,Case reports inherently have a high risk of bias due to lack of control groups and blinding.,Projected from extraction_v1; support=supported; confidence=1; needs_human_review=False,Case reports in neurology,Case Reports | Journal Article,2016-02-26,1662-680X,,,,Depression | Hypersynchrony | Levodopa | NMDA receptors | Pain | Parkinson's disease,,,eng,5,not_reported,intravenous ketamine infusion,low-dose subanesthetic intravenous ketamine infusion,intravenous,not_reported,"long-lasting, subsequent follow-up visits",,,,no significant sedation,low,label,label,needs_external_id_lookup,broad_category_needs_external_id_lookup,{},{},,,,,,
normalized,compound and graph entity matched local registry,Ketamine,,Depression,Ketamine,Depression,ketamine,,Depression,Depression,depressive-like behaviors,therapeutic_indication,Depression,indication,True,10.1172/jci158545,TIAM1-mediated synaptic plasticity underlies comorbid depression–like and ketamine antidepressant–like actions in chronic pain,compound_disorder,neuropathic pain-induced depressive-like behaviors,not_applicable,Depressive-like behavior,Behavioral,positive,"immobility time in FST, immobility time in TST",,SNI mice (mouse models of neuropathic pain),preclinical,Qin Ru; Yungang Lu; Ali Bin Saifullah; Francisco A. Blanco; Changqun Yao; Juan P. Cata; De-Pei Li; Kimberley F. Tolias; Lingyong Li,2022,primary_results,doi,primary_study,original_empirical,primary_evidence,uncertain,supported,1.0,False,"a single injection of a subanesthetic dose of ketamine (15 mg/kg, i.p.) was sufficient to reduce neuropathic pain-induced depressive-like behaviors for at least 3 days (Figure 7 , A and C-F ). Specifically, animals with neuropathic pain showed a decrease in depressive/anxiety-like behaviors 1 hour after ketamine administration in the FST (Figure 7C )... Ketamine reduced immobility times of SNI mice in the TST 3 days after administration (Figure 7F ).",full_text_seen,full_text_seen,text,"Chunk C006, Figure 7 caption",experimental animal study,,,,Projected from extraction_v1; support=supported; confidence=1; needs_human_review=False,Journal of Clinical Investigation,journal-article,2022-12-14,0021-9738,1558-8238,American Society for Clinical Investigation,Animals | Mice | Antidepressive Agents / pharmacology | Chronic Pain / drug therapy | Depression / drug therapy | Depression / genetics | Ketamine / pharmacology | Neuronal Plasticity | T-Lymphoma Invasion and Metastasis-inducing Protein 1 / genetics | T-Lymphoma Invasion and Metastasis-inducing Protein 1 / metabolism,Depression | Neurological disorders | Neuroscience | Pain,NINDS NIH HHS | NICHD NIH HHS | NIMH NIH HHS,RF1 NS062829 | U54 HD083092 | R01 MH109511 | R01 NS062829 | R01 NS124141 | P50 HD103555,eng,9 mice for each group,saline,ketamine,15 mg/kg,i.p.,single injection,"1 hour, 3 days",,,,not_reported,low,label,label,needs_external_id_lookup,broad_category_needs_external_id_lookup,{},{},,,,,,
normalized,compound and graph entity matched local registry,Ketamine,,Anxiety,Ketamine,Anxiety,ketamine,,Anxiety disorders,Anxiety disorders,anxiety-like behaviors,therapeutic_indication,Anxiety,indication,True,10.1172/jci158545,TIAM1-mediated synaptic plasticity underlies comorbid depression–like and ketamine antidepressant–like actions in chronic pain,compound_disorder,neuropathic pain-induced depressive/anxiety-like behaviors,not_applicable,Anxiety-like behavior,Behavioral,positive,"time in open arms (EPM), time in center (OFA)",,SNI mice (mouse models of neuropathic pain),preclinical,Qin Ru; Yungang Lu; Ali Bin Saifullah; Francisco A. Blanco; Changqun Yao; Juan P. Cata; De-Pei Li; Kimberley F. Tolias; Lingyong Li,2022,primary_results,doi,primary_study,original_empirical,primary_evidence,uncertain,supported,1.0,False,"a single injection of a subanesthetic dose of ketamine (15 mg/kg, i.p.) was sufficient to reduce neuropathic pain-induced depressive-like behaviors for at least 3 days (Figure 7 , A and C-F ). Specifically, animals with neuropathic pain showed a decrease in depressive/anxiety-like behaviors... 1 day after ketamine administration in the EPM test (Figure 7D ), 2 days after ketamine administration in the OFA test (Figure 7E ).",full_text_seen,full_text_seen,text,"Chunk C006, Figure 7 caption",experimental animal study,,,,Projected from extraction_v1; support=supported; confidence=1; needs_human_review=False,Journal of Clinical Investigation,journal-article,2022-12-14,0021-9738,1558-8238,American Society for Clinical Investigation,Animals | Mice | Antidepressive Agents / pharmacology | Chronic Pain / drug therapy | Depression / drug therapy | Depression / genetics | Ketamine / pharmacology | Neuronal Plasticity | T-Lymphoma Invasion and Metastasis-inducing Protein 1 / genetics | T-Lymphoma Invasion and Metastasis-inducing Protein 1 / metabolism,Depression | Neurological disorders | Neuroscience | Pain,NINDS NIH HHS | NICHD NIH HHS | NIMH NIH HHS,RF1 NS062829 | U54 HD083092 | R01 MH109511 | R01 NS062829 | R01 NS124141 | P50 HD103555,eng,9 mice for each group,saline,ketamine,15 mg/kg,i.p.,single injection,"1 day, 2 days",,,,not_reported,low,label,alias,needs_external_id_lookup,broad_category_needs_external_id_lookup,{},{},,,,,,
normalized,compound and graph entity matched local registry,Ketamine,,Chronic pain,Ketamine,Chronic pain,ketamine,,Chronic pain,Chronic pain,mechanical hypersensitivity,therapeutic_indication,Chronic pain,indication,True,10.1172/jci158545,TIAM1-mediated synaptic plasticity underlies comorbid depression–like and ketamine antidepressant–like actions in chronic pain,compound_disorder,SNI-induced mechanical hypersensitivity,not_applicable,Nociception,Pain,positive,mechanical threshold,,SNI animals (mouse models of neuropathic pain),preclinical,Qin Ru; Yungang Lu; Ali Bin Saifullah; Francisco A. Blanco; Changqun Yao; Juan P. Cata; De-Pei Li; Kimberley F. Tolias; Lingyong Li,2022,primary_results,doi,primary_study,original_empirical,primary_evidence,uncertain,supported,1.0,False,"We found that ketamine alleviated the decreased mechanical threshold observed in SNI animals 1 hour after administration, but this effect was no longer present at 24 hours after treatment (Figure 7 , A and B ), suggesting that the antiallodynic effect of ketamine is transient.",full_text_seen,full_text_seen,text,"Chunk C006, Figure 7 caption",experimental animal study,,,,Projected from extraction_v1; support=supported; confidence=1; needs_human_review=False,Journal of Clinical Investigation,journal-article,2022-12-14,0021-9738,1558-8238,American Society for Clinical Investigation,Animals | Mice | Antidepressive Agents / pharmacology | Chronic Pain / drug therapy | Depression / drug therapy | Depression / genetics | Ketamine / pharmacology | Neuronal Plasticity | T-Lymphoma Invasion and Metastasis-inducing Protein 1 / genetics | T-Lymphoma Invasion and Metastasis-inducing Protein 1 / metabolism,Depression | Neurological disorders | Neuroscience | Pain,NINDS NIH HHS | NICHD NIH HHS | NIMH NIH HHS,RF1 NS062829 | U54 HD083092 | R01 MH109511 | R01 NS062829 | R01 NS124141 | P50 HD103555,eng,6 mice,saline,ketamine,15 mg/kg,i.p.,single injection,"1 hour, 24 hours",,,,not_reported,low,label,label,needs_external_id_lookup,needs_external_id_lookup,{},{},,,,,,
normalized,compound and graph entity matched local registry,Psilocybin,,Alcohol use disorder,Psilocybin,Alcohol use disorder,psilocybin,,severe alcohol use disorder,alcohol use disorder,percentage of heavy drinking days,outcome_measure,Alcohol use disorder,indication,True,10.1186/s12888-024-05502-y,"Psilocybin-assisted therapy for severe alcohol use disorder: protocol for a double-blind, randomized, placebo-controlled, 7-month parallel-group phase II superiority trial",compound_disorder,severe alcohol use disorder,not_reported,clinical_efficacy,alcohol consumption,positive,percentage of heavy drinking days,,62 participants aged 21-64 years with severe alcohol use disorder,clinical,Laetitia Vanderijst; Felix Hever; Anne Buot; Charles Dauré; Janaïna Benoit; Catherine Hanak; Johannes Veeser; Margot Morgiève; Salvatore Campanella; Charles Kornreich,2024,protocol,doi,study_protocol,protocol,primary_evidence,uncertain,supported,1.0,False,"The primary clinical outcome is the between-group difference regarding the change in percentage of heavy drinking days from baseline to four weeks posthospital discharge... Our primary hypotheses are as follows: • A greater decrease in the percentage of heavy drinking days will be observed among participants receiving a high dose of psilocybin (30 mg, high dose group) than in those receiving an active placebo (5 mg psilocybin, active placebo group) from baseline to four weeks posthospital discharge.",full_text_seen,full_text_seen,abstract,"Abstract, C001, S010, S028","double-blind, randomized, placebo-controlled, 7-month parallel-group phase II superiority trial",Fonds De La Recherche Scientifique - FNRS | Fonds Iris-Recherche | Brugmann Foundation,,,Projected from extraction_v1; support=supported; confidence=1; needs_human_review=False,BMC Psychiatry,journal-article,2024-01-26,1471-244X,1471-244X,Springer Science and Business Media LLC,"Humans | Psilocybin / therapeutic use | Alcoholism / drug therapy | Acceptance and Commitment Therapy | Double-Blind Method | Alcohol Drinking | Treatment Outcome | Randomized Controlled Trials as Topic | Clinical Trials, Phase II as Topic | Equivalence Trials as Topic",Clinical trial | Psilocybin-assisted therapy | Serotonergic psychedelics | Severe alcohol use disorder,Fonds De La Recherche Scientifique - FNRS | Fonds Iris-Recherche | Brugmann Foundation,40010687 | 2023-J1820690-232470 | 2022-10,eng,62,5 mg psilocybin (active placebo),psilocybin-assisted therapy,"30 mg (experimental group), 5 mg (control group)",oral,single administration,four weeks posthospital discharge,,,,not_reported,high,label,label,needs_external_id_lookup,needs_external_id_lookup,{},{},NCT06160232 | 2022-002369-14,,,,,
normalized,compound and graph entity matched local registry,Psilocybin,,Depression,Psilocybin,Depression,psilocybin,,depression,depression,symptoms of depression,symptom_or_problem,Depression,indication,True,10.1186/s12888-024-05502-y,"Psilocybin-assisted therapy for severe alcohol use disorder: protocol for a double-blind, randomized, placebo-controlled, 7-month parallel-group phase II superiority trial",compound_disorder,severe alcohol use disorder,not_reported,clinical_efficacy,mental health,positive,Beck Depression Inventory (BDI),BDI,62 participants aged 21-64 years with severe alcohol use disorder,clinical,Laetitia Vanderijst; Felix Hever; Anne Buot; Charles Dauré; Janaïna Benoit; Catherine Hanak; Johannes Veeser; Margot Morgiève; Salvatore Campanella; Charles Kornreich,2024,protocol,doi,study_protocol,protocol,primary_evidence,uncertain,supported,1.0,False,"Key secondary assessments include between-group differences in terms of changes in (2) symptoms of depression, anxiety, trauma, and global functioning... Furthermore, our secondary clinical and mechanistic hypotheses are as follows: • The high-dose group will demonstrate greater reductions in depression, anxiety, and subsyndromal trauma symptoms, as well as a greater improvement in health-related quality of life compared to the active placebo group.",full_text_seen,full_text_seen,abstract,"Abstract, C001, S010, S030","double-blind, randomized, placebo-controlled, 7-month parallel-group phase II superiority trial",Fonds De La Recherche Scientifique - FNRS | Fonds Iris-Recherche | Brugmann Foundation,,,Projected from extraction_v1; support=supported; confidence=1; needs_human_review=False,BMC Psychiatry,journal-article,2024-01-26,1471-244X,1471-244X,Springer Science and Business Media LLC,"Humans | Psilocybin / therapeutic use | Alcoholism / drug therapy | Acceptance and Commitment Therapy | Double-Blind Method | Alcohol Drinking | Treatment Outcome | Randomized Controlled Trials as Topic | Clinical Trials, Phase II as Topic | Equivalence Trials as Topic",Clinical trial | Psilocybin-assisted therapy | Serotonergic psychedelics | Severe alcohol use disorder,Fonds De La Recherche Scientifique - FNRS | Fonds Iris-Recherche | Brugmann Foundation,40010687 | 2023-J1820690-232470 | 2022-10,eng,62,5 mg psilocybin (active placebo),psilocybin-assisted therapy,"30 mg (experimental group), 5 mg (control group)",oral,single administration,4 weeks and six months posthospital discharge,,,,not_reported,high,label,label,needs_external_id_lookup,broad_category_needs_external_id_lookup,{},{},NCT06160232 | 2022-002369-14,,,,,
normalized,compound and graph entity matched local registry,Psilocybin,,Anxiety,Psilocybin,Anxiety,psilocybin,,anxiety,anxiety disorder,symptoms of anxiety,symptom_or_problem,Anxiety,indication,True,10.1186/s12888-024-05502-y,"Psilocybin-assisted therapy for severe alcohol use disorder: protocol for a double-blind, randomized, placebo-controlled, 7-month parallel-group phase II superiority trial",compound_disorder,severe alcohol use disorder,not_reported,clinical_efficacy,mental health,positive,State-Trait Anxiety Inventory (STAI),STAI,62 participants aged 21-64 years with severe alcohol use disorder,clinical,Laetitia Vanderijst; Felix Hever; Anne Buot; Charles Dauré; Janaïna Benoit; Catherine Hanak; Johannes Veeser; Margot Morgiève; Salvatore Campanella; Charles Kornreich,2024,protocol,doi,study_protocol,protocol,primary_evidence,uncertain,supported,1.0,False,"Key secondary assessments include between-group differences in terms of changes in (2) symptoms of depression, anxiety, trauma, and global functioning... Furthermore, our secondary clinical and mechanistic hypotheses are as follows: • The high-dose group will demonstrate greater reductions in depression, anxiety, and subsyndromal trauma symptoms, as well as a greater improvement in health-related quality of life compared to the active placebo group.",full_text_seen,full_text_seen,abstract,"Abstract, C001, S010, S030","double-blind, randomized, placebo-controlled, 7-month parallel-group phase II superiority trial",Fonds De La Recherche Scientifique - FNRS | Fonds Iris-Recherche | Brugmann Foundation,,,Projected from extraction_v1; support=supported; confidence=1; needs_human_review=False,BMC Psychiatry,journal-article,2024-01-26,1471-244X,1471-244X,Springer Science and Business Media LLC,"Humans | Psilocybin / therapeutic use | Alcoholism / drug therapy | Acceptance and Commitment Therapy | Double-Blind Method | Alcohol Drinking | Treatment Outcome | Randomized Controlled Trials as Topic | Clinical Trials, Phase II as Topic | Equivalence Trials as Topic",Clinical trial | Psilocybin-assisted therapy | Serotonergic psychedelics | Severe alcohol use disorder,Fonds De La Recherche Scientifique - FNRS | Fonds Iris-Recherche | Brugmann Foundation,40010687 | 2023-J1820690-232470 | 2022-10,eng,62,5 mg psilocybin (active placebo),psilocybin-assisted therapy,"30 mg (experimental group), 5 mg (control group)",oral,single administration,4 weeks and six months posthospital discharge,,,,not_reported,high,label,alias,needs_external_id_lookup,broad_category_needs_external_id_lookup,{},{},NCT06160232 | 2022-002369-14,,,,,
normalized,compound and graph entity matched local registry,Psilocybin,,Post-traumatic stress disorder,Psilocybin,Post-traumatic stress disorder,psilocybin,,trauma symptoms,post-traumatic stress disorder,subsyndromal trauma symptoms,symptom_or_problem,Post-traumatic stress disorder,indication,True,10.1186/s12888-024-05502-y,"Psilocybin-assisted therapy for severe alcohol use disorder: protocol for a double-blind, randomized, placebo-controlled, 7-month parallel-group phase II superiority trial",compound_disorder,severe alcohol use disorder,not_reported,clinical_efficacy,mental health,positive,International Trauma Questionnaire (ITQ),,62 participants aged 21-64 years with severe alcohol use disorder,clinical,Laetitia Vanderijst; Felix Hever; Anne Buot; Charles Dauré; Janaïna Benoit; Catherine Hanak; Johannes Veeser; Margot Morgiève; Salvatore Campanella; Charles Kornreich,2024,protocol,doi,study_protocol,protocol,primary_evidence,uncertain,supported,1.0,False,"Key secondary assessments include between-group differences in terms of changes in (2) symptoms of depression, anxiety, trauma, and global functioning... Furthermore, our secondary clinical and mechanistic hypotheses are as follows: • The high-dose group will demonstrate greater reductions in depression, anxiety, and subsyndromal trauma symptoms, as well as a greater improvement in health-related quality of life compared to the active placebo group.",full_text_seen,full_text_seen,abstract,"Abstract, C001, S010, S030","double-blind, randomized, placebo-controlled, 7-month parallel-group phase II superiority trial",Fonds De La Recherche Scientifique - FNRS | Fonds Iris-Recherche | Brugmann Foundation,,,Projected from extraction_v1; support=supported; confidence=1; needs_human_review=False,BMC Psychiatry,journal-article,2024-01-26,1471-244X,1471-244X,Springer Science and Business Media LLC,"Humans | Psilocybin / therapeutic use | Alcoholism / drug therapy | Acceptance and Commitment Therapy | Double-Blind Method | Alcohol Drinking | Treatment Outcome | Randomized Controlled Trials as Topic | Clinical Trials, Phase II as Topic | Equivalence Trials as Topic",Clinical trial | Psilocybin-assisted therapy | Serotonergic psychedelics | Severe alcohol use disorder,Fonds De La Recherche Scientifique - FNRS | Fonds Iris-Recherche | Brugmann Foundation,40010687 | 2023-J1820690-232470 | 2022-10,eng,62,5 mg psilocybin (active placebo),psilocybin-assisted therapy,"30 mg (experimental group), 5 mg (control group)",oral,single administration,4 weeks and six months posthospital discharge,,,,not_reported,high,label,label,needs_external_id_lookup,needs_external_id_lookup,{},{},NCT06160232 | 2022-002369-14,,,,,
normalized,compound and graph entity matched local registry,S-ketamine,,Depression,S-ketamine,Depression,esketamine,,Treatment-resistant depression,Depression,PHQ-9 total score,outcome_measure,Depression,indication,True,10.1192/bjo.2025.10950,"Long-term effectiveness and side-effects of intranasal esketamine in treatment-resistant depression: real-world, single-arm study of over 100 sessions",compound_disorder,Treatment-resistant depression,not_reported,Symptom severity,Psychiatric symptoms,positive,Patient Health Questionnaire-9 (PHQ-9) total score,PHQ-9,20 adults (18-65 years) with treatment-resistant depression and extensive psychiatric comorbidity,clinical,Nawfel Ayad; Karim Abdel Aziz; Samer Makhoul; Ban Abbas; Syed Fahad Javaid,2026,primary_results,doi,primary_study,original_empirical,primary_evidence,uncertain,supported,1.0,False,"After an average of 129 esketamine sessions (mean duration 2.5 years), PHQ-9 and GAD-7 scores significantly decreased (P < 0.001). A total of 85% of patients improved in depressive severity, with 25% achieving remission",full_text_seen,full_text_seen,abstract,"C001, C015, Table 2","retrospective, single-arm, pre-post study",,,,Projected from extraction_v1; support=supported; confidence=1.0; needs_human_review=False,BJPsych Open,journal-article,2026-01-01,2056-4724,,Royal College of Psychiatrists,,Treatment-resistant depression | esketamine | long-term effectiveness | maintenance therapy | real-world evidence,,,eng,20,pre-treatment baseline,intranasal esketamine alongside oral antidepressants,"initiated at 56 mg, then maintained on 84 mg",intranasal,average of 129 sessions (mean duration 2.5 years),after last esketamine session (average 2.5 years),,,,not_applicable,low,alias,label,needs_external_id_lookup,broad_category_needs_external_id_lookup,{},{},,,,,,
normalized,compound and graph entity matched local registry,S-ketamine,,Anxiety,S-ketamine,Anxiety,esketamine,,Anxiety,Anxiety,GAD-7 total score,outcome_measure,Anxiety,indication,True,10.1192/bjo.2025.10950,"Long-term effectiveness and side-effects of intranasal esketamine in treatment-resistant depression: real-world, single-arm study of over 100 sessions",compound_disorder,Treatment-resistant depression with comorbid anxiety,not_reported,Symptom severity,Psychiatric symptoms,positive,Generalised Anxiety Disorder-7 (GAD-7) total score,GAD-7,20 adults (18-65 years) with treatment-resistant depression and extensive psychiatric comorbidity (75% had GAD),clinical,Nawfel Ayad; Karim Abdel Aziz; Samer Makhoul; Ban Abbas; Syed Fahad Javaid,2026,primary_results,doi,primary_study,original_empirical,primary_evidence,uncertain,supported,1.0,False,"After an average of 129 esketamine sessions (mean duration 2.5 years), PHQ-9 and GAD-7 scores significantly decreased (P < 0.001). ... 65% improved in anxiety severity, and 20% reached remission.",full_text_seen,full_text_seen,abstract,"C001, C015, Table 2","retrospective, single-arm, pre-post study",,,,Projected from extraction_v1; support=supported; confidence=1.0; needs_human_review=False,BJPsych Open,journal-article,2026-01-01,2056-4724,,Royal College of Psychiatrists,,Treatment-resistant depression | esketamine | long-term effectiveness | maintenance therapy | real-world evidence,,,eng,20,pre-treatment baseline,intranasal esketamine alongside oral antidepressants,"initiated at 56 mg, then maintained on 84 mg",intranasal,average of 129 sessions (mean duration 2.5 years),after last esketamine session (average 2.5 years),,,,not_applicable,low,alias,label,needs_external_id_lookup,broad_category_needs_external_id_lookup,{},{},,,,,,
normalized,compound and graph entity matched local registry,Ketamine,,Anxiety,Ketamine,Anxiety,ketamine,,Anxiety,Anxiety,juvenile social exploration (JSE) deficits,symptom_or_problem,Anxiety,indication,True,10.1523/eneuro.0025-18.2018,Inhibition of a Descending Prefrontal Circuit Prevents Ketamine-Induced Stress Resilience in Females,compound_disorder,stress-induced anxiety-like behavior,not_reported,Prophylactic effect,Behavioral,positive,Juvenile Social Exploration (JSE),,female Sprague Dawley rats,preclinical,S. D. Dolzani; M. V. Baratta; J. M. Moss; N. L. Leslie; S. G. Tilden; A. T. Sørensen; L. R. Watkins; Y. Lin; S. F. Maier,2018,primary_results,doi,primary_study,original_empirical,primary_evidence,uncertain,supported,1.0,False,"Ketamine given one week prior to an uncontrollable stressor (inescapable tailshock; IS) reduced typical stress-induced activation of the serotonergic (5-HT) dorsal raphe nucleus (DRN) and eliminated DRN-dependent juvenile social exploration (JSE) deficits 24 h after the stressor. Importantly, low-dose ketamine delivered one week prior completely blocked the effect of IS on JSE. Figure 1. Low-dose ketamine protects female rats against later stress-induced JSE deficits.",full_text_seen,full_text_seen,abstract,"Abstract, C027, F001",Preclinical animal study,,,,Projected from extraction_v1; support=supported; confidence=1.0; needs_human_review=False,eNeuro,journal-article,2018-01-01,2373-2822,2373-2822,Society for Neuroscience,"Animals | Anxiety / prevention & control | Dorsal Raphe Nucleus / drug effects | Dorsal Raphe Nucleus / physiology | Electroshock | Excitatory Amino Acid Antagonists / administration & dosage | Female | Ketamine / administration & dosage | Neural Pathways / drug effects | Neural Pathways / physiology | Prefrontal Cortex / drug effects | Prefrontal Cortex / physiology | Rats, Sprague-Dawley | Resilience, Psychological / drug effects | Serotonin / physiology | Stress, Psychological / prevention & control",dorsal raphe nucleus | ketamine | prefrontal cortex | resilience | serotonin | stress,NIMH NIH HHS,R01 MH050479 | R37 MH050479 | R21 MH106817 | T32 MH016880,eng,not_reported,saline,single systemic injection of ketamine,"10 mg/kg, i.p.",intraperitoneal,single injection,one week prior to stressor; JSE measured 24 h after stressor,,,,not_reported,low,label,label,needs_external_id_lookup,broad_category_needs_external_id_lookup,{},{},,,,,,
normalized,compound and graph entity matched local registry,Psilocybin,,Treatment-resistant depression,Psilocybin,Treatment-resistant depression,Psilocybin,,Treatment-resistant depression,Treatment-resistant depression,MADRS scores,outcome_measure,Treatment-resistant depression,indication,True,10.21203/rs.3.rs-8079137/v1,Real-World Psilocybin Therapy for Treatment-Resistant Depression: a Retrospective Observational Study,compound_disorder,Treatment-resistant depression (TRD),not_reported,Clinician-rated scale,Depression severity,positive,Montgomery–Åsberg Depression Rating Scale (MADRS),MADRS,19 TRD patients,clinical,Johannes Jungwirth; Samuel Westenhöfer; Helena Aicher; Barbora Provaznikova; Golo Kronenberg; Erich Seifritz; Susanne Prinz; Sebastian Olbrich,2025,preprint,doi,primary_study,original_empirical,primary_evidence,uncertain,supported,1.0,False,"MADRS scores significantly decreased from baseline ( M = 30.78) to post-treatment ( M = 19.89), with a large effect size (Hedges’ g = 1.37, p < .001).",full_text_seen,full_text_seen,abstract,C001,retrospective observational study,,S.O. reports receiving consulting fees from Schwabe Pharma and Indorsia. S.O. is co-founder of DeepPSY AG. All other authors declare no con ict of interest.,,Projected from extraction_v1; support=supported; confidence=1.0; needs_human_review=False,Research Square,posted-content,2025-12-10,,,Springer Science and Business Media LLC,,,,,,18,not_reported,psilocybin therapy,20–35mg,oral,one to four dosing sessions,post-treatment,,,,not_reported,low,label,label,needs_external_id_lookup,needs_external_id_lookup,{},{},,,,,,
normalized,compound and graph entity matched local registry,Psilocybin,,Treatment-resistant depression,Psilocybin,Treatment-resistant depression,Psilocybin,,Treatment-resistant depression,Treatment-resistant depression,BDI scores,outcome_measure,Treatment-resistant depression,indication,True,10.21203/rs.3.rs-8079137/v1,Real-World Psilocybin Therapy for Treatment-Resistant Depression: a Retrospective Observational Study,compound_disorder,Treatment-resistant depression (TRD),not_reported,Self-reported scale,Depression severity,positive,Beck Depression Inventory II (BDI),BDI,19 TRD patients,clinical,Johannes Jungwirth; Samuel Westenhöfer; Helena Aicher; Barbora Provaznikova; Golo Kronenberg; Erich Seifritz; Susanne Prinz; Sebastian Olbrich,2025,preprint,doi,primary_study,original_empirical,primary_evidence,uncertain,supported,1.0,False,"BDI scores also decreased significantly ( M = 32.33 to M = 23.28), with a large effect ( r = .80, p = .003).",full_text_seen,full_text_seen,abstract,C001,retrospective observational study,,S.O. reports receiving consulting fees from Schwabe Pharma and Indorsia. S.O. is co-founder of DeepPSY AG. All other authors declare no con ict of interest.,,Projected from extraction_v1; support=supported; confidence=1.0; needs_human_review=False,Research Square,posted-content,2025-12-10,,,Springer Science and Business Media LLC,,,,,,18,not_reported,psilocybin therapy,20–35mg,oral,one to four dosing sessions,post-treatment,,,,not_reported,low,label,label,needs_external_id_lookup,needs_external_id_lookup,{},{},,,,,,
normalized,compound and graph entity matched local registry,Ketamine,,Depression,Ketamine,Depression,ketamine,,depression,depression,rapid antidepressant effects,therapeutic_indication,Depression,indication,True,10.29011/2576-957x.100055,Chronic Inflammatory Pain Alters Expression of Limbic MAPK Phosphatases,compound_disorder,chronic inflammatory pain,not_applicable,therapeutic effect,mood,positive,antidepressant effects,,male Sprague-Dawley rats exposed to chronic inflammatory pain,preclinical,Dakota Nerland; Allison Ash; Adam Garman; Jeffery Foltz; Gabriel Berenbeim; Benjamin Wilke; Lori Winter; Daniel T Christian; Vanja Duric,2024,primary_results,doi,primary_study,original_empirical,primary_evidence,uncertain,supported,1.0,False,"Finally, pain-induced upregulation of limbic MKP-1 was blocked by low-dose ketamine treatment (10 mg/kg) previously shown to produce rapid antidepressant effects in rodents.",full_text_seen,full_text_seen,abstract,Abstract,experimental animal study,NIAAA NIH HHS R03 AA031063; PhRMA Foundation; DMU IOER Research & Grant Award #3-20-08,None.,,Projected from extraction_v1; support=supported; confidence=1.0; needs_human_review=False,Chronic Pain & Management,journal-article,2024-02-22,2576-957X,2576-957X,Gavin Publishers,,Depression | Limbic | MKP-1 | MKP-2 | MKP-3 | Pain,NIAAA NIH HHS,R03 AA031063,eng,6,saline/vehicle injection,ketamine treatment,10 mg/kg,intraperitoneal injection,single injection,day 20 of 21-day CFA paradigm (24 h before sacrifice),,,,not_reported,low,label,label,needs_external_id_lookup,broad_category_needs_external_id_lookup,{},{},,,,,,
normalized,compound and graph entity matched local registry,Ketamine,,Depression,Ketamine,Depression,ketamine,,Depression,Depression,"BDI-II items: item 1 (""Sadness""), item 7 (""Self-Dislike""), and item 8 (""Self-Criticalness"")",outcome_measure,Depression,indication,True,10.3389/fnins.2020.00687,Sustained Improvement of Negative Self-Schema After a Single Ketamine Infusion: An Open-Label Study,compound_disorder,treatment-resistant depression,none,patient_reported_outcome,Cognitive function,positive,"Beck Depression Inventory (BDI-II) items: Sadness, Self-Dislike, Self-Criticalness",BDI,26 participants with treatment-resistant depression (9 responders),clinical,Gregor Hasler; Samir Suker; Georgios Schoretsanitis; Yoan Mihov,2020,primary_results,doi,primary_study,original_empirical,primary_evidence,uncertain,supported,1.0,False,"Responders improved significantly more than non-responders both 24 h and 7 days after ketamine treatment on the following BDI-II items: item 1 (""Sadness""), item 7 (""Self-Dislike""), and item 8 (""Self-Criticalness""). These results suggest an important therapeutic effect of ketamine on negative self-schema, which is a fundamental cognitive aspect of depression.",full_text_seen,full_text_seen,mixed,"Abstract, C001, C011, C012, F001",open-label study,,,Small sample size and lack of a placebo control group are noted limitations by the authors.,Projected from extraction_v1; support=supported; confidence=1.0; needs_human_review=False,Frontiers in Neuroscience,journal-article,2020-07-01,1662-453X,1662-4548,Frontiers Media SA,,BDI-II | MADRS | depression | ketamine | self,,,eng,26,non-responders,single infusion of ketamine,0.5 mg/kg,intravenous,single infusion,24 h and 7 days after treatment,,,,not_reported,low,label,label,needs_external_id_lookup,broad_category_needs_external_id_lookup,{},{},,,,,,
normalized,compound and graph entity matched local registry,Ketamine,,Depression,Ketamine,Depression,ketamine,,Depression,Depression,MADRS total score,outcome_measure,Depression,indication,True,10.3389/fnins.2020.00687,Sustained Improvement of Negative Self-Schema After a Single Ketamine Infusion: An Open-Label Study,compound_disorder,treatment-resistant depression,none,clinician_rated_outcome,Mood,positive,Montgomery-Åsberg Depression Rating Scale (MADRS) total score,MADRS,26 participants with treatment-resistant depression,clinical,Gregor Hasler; Samir Suker; Georgios Schoretsanitis; Yoan Mihov,2020,primary_results,doi,primary_study,original_empirical,primary_evidence,uncertain,supported,1.0,False,"In an open-label study, 26 participants with treatment-resistant depression received 0.5 mg/kg ketamine via infusion. Depression symptoms were assessed at baseline, 24 h, and 7 days after treatment with Montgomery-Åsberg Depression Rating Scale (MADRS) and Beck Depression Inventory (BDI-II). Nine of the 26 participants fulfilled response criteria after 24 h. Of these, eight still fulfilled response criteria after 7 days. Response was defined as a reduction in MADRS total score of 50% or more.",full_text_seen,full_text_seen,mixed,"Abstract, C001, C009, C012",open-label study,,,Small sample size and lack of a placebo control group are noted limitations by the authors.,Projected from extraction_v1; support=supported; confidence=1.0; needs_human_review=False,Frontiers in Neuroscience,journal-article,2020-07-01,1662-453X,1662-4548,Frontiers Media SA,,BDI-II | MADRS | depression | ketamine | self,,,eng,26,not_reported,single infusion of ketamine,0.5 mg/kg,intravenous,single infusion,24 h and 7 days after treatment,,,,not_reported,low,label,label,needs_external_id_lookup,broad_category_needs_external_id_lookup,{},{},,,,,,
normalized,compound and graph entity matched local registry,Ketamine,,Depression,Ketamine,Depression,ketamine,,Depression,Depression,"BDI-II items: pessimistic thoughts, loss of pleasure, suicidal thoughts, increased crying, loss of energy, changes in sleep pattern, guilty, worthlessness, failure, agitation",symptom_or_problem,Depression,indication,True,10.3389/fnins.2020.00687,Sustained Improvement of Negative Self-Schema After a Single Ketamine Infusion: An Open-Label Study,compound_disorder,treatment-resistant depression,none,patient_reported_outcome,"Mood, Cognitive function, Sleep, Energy",positive,Beck Depression Inventory (BDI-II) items,BDI,Responders (9 participants) with treatment-resistant depression,clinical,Gregor Hasler; Samir Suker; Georgios Schoretsanitis; Yoan Mihov,2020,primary_results,doi,primary_study,original_empirical,primary_evidence,uncertain,supported,0.9,False,"Twenty-four hours after ketamine treatment responders showed better improvements than non-responders on the following BDI-II items: sadness, pessimistic thoughts, loss of pleasure, self-dislike, self-criticalness, suicidal thoughts, increased crying, loss of energy, and changes in sleep pattern (Figure 1 and Supplementary Table S12 ). Seven days after ketamine treatment responders still displayed better improvement than non-responders in the items sadness, guilty, self-dislike, self-criticalness, and worthlessness (Figure 1 and Supplementary Table S12 ). Non-parametric tests confirmed these results and showed a better symptom improvement in responders in three further items: failure, agitation, and loss of energy (Supplementary Table S13 ).",full_text_seen,full_text_seen,text,"C011, C012",open-label study,,,Small sample size and lack of a placebo control group are noted limitations by the authors.,Projected from extraction_v1; support=supported; confidence=0.9; needs_human_review=False,Frontiers in Neuroscience,journal-article,2020-07-01,1662-453X,1662-4548,Frontiers Media SA,,BDI-II | MADRS | depression | ketamine | self,,,eng,26,non-responders,single infusion of ketamine,0.5 mg/kg,intravenous,single infusion,24 h and 7 days after treatment,,,,not_reported,low,label,label,needs_external_id_lookup,broad_category_needs_external_id_lookup,{},{},,,,,,
normalized,compound and graph entity matched local registry,Ketamine,,Alcohol use disorder,Ketamine,Alcohol use disorder,ketamine,,alcohol use disorder,alcohol use disorder,significant change in relationship with alcohol,therapeutic_indication,Alcohol use disorder,indication,True,10.3389/fpsyt.2021.695335,“This Is Something That Changed My Life”: A Qualitative Study of Patients' Experiences in a Clinical Trial of Ketamine Treatment for Alcohol Use Disorders,compound_disorder,alcohol use disorder,not_reported,patient reported outcome,substance use,positive,change in relationship with alcohol,,participants with alcohol use disorder,clinical,O. Merve Mollaahmetoglu; Johanna Keeler; Katherine J. Ashbullby; Eirini Ketzitzidou-Argyri; Meryem Grabski; Celia J. A. Morgan,2021,primary_results,doi,primary_study,original_empirical,primary_evidence,uncertain,supported,0.9,False,"Provided in a supportive and professional environment, ketamine treatment led to a significant change in relationship with alcohol.",full_text_seen,full_text_seen,abstract,"Abstract, Conclusion","qualitative study (semi-structured interviews) within a Phase II double blind, randomised controlled trial",,,,Projected from extraction_v1; support=supported; confidence=0.9; needs_human_review=False,Frontiers in Psychiatry,journal-article,2021-08-16,1664-0640,,Frontiers Media SA,,alcohol use disorder | clinical trial | dissociation | ketamine | psychedelics | qualitative study | thematic analysis,Medical Research Council,MR/L023032/1,eng,12,not_reported,ketamine infusions combined with psychotherapy or alcohol education,0.8 mg/kg,intravenous,up to three infusions,post-trial (interviews conducted 11 months to 3 years and 4 months after last infusion),,,,not_reported,low,label,label,needs_external_id_lookup,needs_external_id_lookup,{},{},,,,,,
normalized,compound and graph entity matched local registry,Ketamine,,Alcohol use disorder,Ketamine,Alcohol use disorder,ketamine,,alcohol use disorder,alcohol use disorder,"reduced craving or urge to drink alcohol, which was accompanied by reduced pleasure from alcohol in some",therapeutic_indication,Alcohol use disorder,indication,True,10.3389/fpsyt.2021.695335,“This Is Something That Changed My Life”: A Qualitative Study of Patients' Experiences in a Clinical Trial of Ketamine Treatment for Alcohol Use Disorders,compound_disorder,alcohol use disorder,not_reported,patient reported outcome,substance use,positive,reduced craving or urge to drink alcohol; reduced pleasure from alcohol,,participants with alcohol use disorder,clinical,O. Merve Mollaahmetoglu; Johanna Keeler; Katherine J. Ashbullby; Eirini Ketzitzidou-Argyri; Meryem Grabski; Celia J. A. Morgan,2021,primary_results,doi,primary_study,original_empirical,primary_evidence,uncertain,supported,0.8,False,"For others, the transformational effects involved reduced craving or urge to drink alcohol, which was accompanied by reduced pleasure from alcohol in some: ""I feel I have much less desire to drink now than I used to. And I think what it is, I actually, I think, enjoy it less now"" (P11).",full_text_seen,full_text_seen,text,"S031, Relationship With Alcohol","qualitative study (semi-structured interviews) within a Phase II double blind, randomised controlled trial",,,,Projected from extraction_v1; support=supported; confidence=0.8; needs_human_review=False,Frontiers in Psychiatry,journal-article,2021-08-16,1664-0640,,Frontiers Media SA,,alcohol use disorder | clinical trial | dissociation | ketamine | psychedelics | qualitative study | thematic analysis,Medical Research Council,MR/L023032/1,eng,12,not_reported,ketamine infusions combined with psychotherapy or alcohol education,0.8 mg/kg,intravenous,up to three infusions,post-trial (at time of interview),,,,not_reported,low,label,label,needs_external_id_lookup,needs_external_id_lookup,{},{},,,,,,
normalized,compound and graph entity matched local registry,Ketamine,,Alcohol use disorder,Ketamine,Alcohol use disorder,ketamine,,alcohol use disorder,alcohol use disorder,"switch from uncontrolled to a more controlled drinking approach, whereby participants were able to remain abstinent for much longer periods and consume much less alcohol",therapeutic_indication,Alcohol use disorder,indication,True,10.3389/fpsyt.2021.695335,“This Is Something That Changed My Life”: A Qualitative Study of Patients' Experiences in a Clinical Trial of Ketamine Treatment for Alcohol Use Disorders,compound_disorder,alcohol use disorder,not_reported,patient reported outcome,substance use,positive,"controlled drinking, longer abstinence periods, reduced alcohol consumption",,participants with alcohol use disorder,clinical,O. Merve Mollaahmetoglu; Johanna Keeler; Katherine J. Ashbullby; Eirini Ketzitzidou-Argyri; Meryem Grabski; Celia J. A. Morgan,2021,primary_results,doi,primary_study,original_empirical,primary_evidence,uncertain,supported,0.8,False,"Whilst only three participants were still completely abstinent at the time of interview, all participants who completed the treatment recounted that the trial had transformed their relationship with alcohol in a number of ways. For some, this consisted of a switch from uncontrolled to a more controlled drinking approach, whereby participants were able to remain abstinent for much longer periods and consume much less alcohol: ""I still drink, but I'm quite capable of having 2, 3, 4, 5, 6, 7 days where I'm just not bothered about it, which is not something that happened in the past"" (P04).",full_text_seen,full_text_seen,text,"S031, Relationship With Alcohol","qualitative study (semi-structured interviews) within a Phase II double blind, randomised controlled trial",,,,Projected from extraction_v1; support=supported; confidence=0.8; needs_human_review=False,Frontiers in Psychiatry,journal-article,2021-08-16,1664-0640,,Frontiers Media SA,,alcohol use disorder | clinical trial | dissociation | ketamine | psychedelics | qualitative study | thematic analysis,Medical Research Council,MR/L023032/1,eng,12,not_reported,ketamine infusions combined with psychotherapy or alcohol education,0.8 mg/kg,intravenous,up to three infusions,post-trial (at time of interview),,,,not_reported,low,label,label,needs_external_id_lookup,needs_external_id_lookup,{},{},,,,,,
normalized,compound and graph entity matched local registry,Ketamine,,Obsessive-compulsive disorder,Ketamine,Obsessive-compulsive disorder,Ketamine,,Obsessive-compulsive disorder,Obsessive-compulsive disorder,progressive improvement,therapeutic_indication,Obsessive-compulsive disorder,indication,True,10.4103/indianjpsychiatry_1144_24,Ketamine’s double-edged sword: Therapeutic benefits and adverse events in adolescent treatment-resistant OCD - A case series,compound_disorder,adolescent treatment-resistant OCD,not_applicable,Symptom reduction,Psychiatric/Mental Health,positive,Children's Yale-Brown Obsessive Compulsive Scale (C-YBCOS),,adolescents with treatment-resistant OCD,clinical,Suparna Kumar; Jigyansa Ipsita Pattnaik; Udit Kumar Panda; Tanya Dixit; Aashi Srivastava; Shounak Pal; Bhagyashree Acharya; Meghal Gulati; Jayaprakash Russell Ravan,2025,case_report,doi,case_report,original_empirical,primary_evidence,uncertain,supported,1.0,False,Three patients showed progressive improvement after multiple infusions with maintained benefits at 2-month follow-up.,full_text_seen,full_text_seen,abstract,Abstract,Case series,,,,Projected from extraction_v1; support=supported; confidence=1.0; needs_human_review=False,Indian journal of psychiatry,Journal Article,2025-06-11,0019-5545,,,,Adolescent | NMDA antagonist | adverse effects | case series | glutamate | ketamine | treatment-resistant obsessive-compulsive disorder,,,eng,4,not_reported,ketamine infusion,0.5 mg/kg,intravenous,six sessions,2-month follow-up,,,,not_reported,low,label,label,needs_external_id_lookup,needs_external_id_lookup,{},{},,,,,,
normalized,compound and graph entity matched local registry,Ketamine,,Treatment-resistant depression,Ketamine,Treatment-resistant depression,ketamine,,Treatment-Resistant Depression,Treatment-Resistant Depression,"patient with BPD and TRD who responded to treatment with very low-dose sublingual ketamine. ... Her PHQ-9 score was 7, placing her in the range of mild depression, and her MADRS score was 1, indicating no depression.",therapeutic_indication,Treatment-resistant depression,indication,True,10.7759/cureus.57654,Very Low-Dose Sublingual Ketamine for Borderline Personality Disorder and Treatment-Resistant Depression,compound_disorder,Borderline Personality Disorder,not_reported,"patient-reported outcome, clinical assessment",depressive symptoms,positive,"PHQ-9 score, MADRS score, mood, sleep, energy, appetite, concentration, anxiety, anhedonia, suicidal ideation",MADRS; PHQ-9,60-year-old female with Borderline Personality Disorder and Treatment-Resistant Depression,clinical,Mitchell Liester; Rachel Wilkenson; Barry Patterson; Bertrand Liang,2024,case_report,doi,case_report,original_empirical,primary_evidence,uncertain,supported,0.9,False,"The patient was seen for a follow-up three months after initiating treatment with ketamine. ... Regarding her symptoms of depression, the patient reported her mood was ""happier,"" and she rated her mood as 7-8 on a 0-10 scale, although no formal rating scales were used at that time. Her sleep had improved, and she was averaging seven hours of sleep per night. Her energy level was ""much better."" She described an improved appetite, and she had regained 10 pounds that she had lost previously. Her concentration improved, and her anxiety diminished. She denied anhedonia. She was no longer experiencing suicidal ideation. After 10 months of treatment with 25 mg of sublingual ketamine daily, the patient showed sustained improvement. She had begun working a second job. Her mood was euthymic, and she rated her mood as 8/10. She was sleeping well. Her energy level was ""good."" Her appetite stabilized. She was able to concentrate well, and her anxiety level remained low. She denied anhedonia. Suicidal ideation remained in remission. ... The patient's PHQ-9 score was 7, placing her in the range of mild depression, and her MADRS score was 1, indicating no depression.",full_text_seen,full_text_seen,text,C004,case_report,,,,Projected from extraction_v1; support=supported; confidence=0.9; needs_human_review=False,Cureus,journal-article,2024-04-05,2168-8184,,Springer Science and Business Media LLC,,ampa receptor | borderline personality disorder (bpd) | brain-derived neurotrophic factor | glutamate dysregulation | low dose ketamine | neuroplasticity enhancement | treatment resistant depression (trd),,,eng,1,not_reported,very low-dose sublingual ketamine,25 mg,sublingual,"initial titration (25 mg every third day for four doses, then 25 mg every other day for four doses) followed by 25 mg daily","3 months, 10 months",,,,"denied adverse effects related to her medicines, such as dizziness or sedation",low,label,label,needs_external_id_lookup,needs_external_id_lookup,{},{},,,,,,
normalized,compound and graph entity matched local registry,5-MeO-DMT,,Major depressive disorder,5-MeO-DMT,Major depressive disorder,5-MeO-DMT,,major depressive disorder,major depressive disorder,significant clinical response and clinical remission,therapeutic_indication,Major depressive disorder,indication,True,10.1021/acsmedchemlett.1c00546,5-MeO-DMT: Potential Use of Psychedelic-Induced Experiences in the Treatment of Psychological Disorders,compound_disorder,treatment-resistant major depressive disorder,not_reported,clinical outcome,depressive symptoms,positive,clinical response and remission,,patients formally diagnosed with treatment-resistant major depressive disorder,clinical,Robert B. Kargbo,2021,primary_results,doi,primary_study,original_empirical,primary_evidence,uncertain,supported,0.9,False,"A single dose of 12 mg of 5-MeO-DMT administered via inhalation was well-tolerated and induces a significant clinical response within 2 h in patients formally diagnosed with treatment-resistant major depressive disorder. Patients experienced clinical remission within 2 h after a single 5-MeO-DMT administration, which deepened over the 7 day follow-up period in spite of the absence of the drug, as shown by the pharmacokinetic data. ... Notably, patients 1 and 2 had a very similar intensity of psychedelic effects, which correlated with similar antidepressive clinical response.",full_text_seen,full_text_seen,text,"C002, C003",case series,,,,Projected from extraction_v1; support=supported; confidence=0.9; needs_human_review=False,ACS Medicinal Chemistry Letters,editorial,2021-10-21,1948-5875,1948-5875,American Chemical Society,,Psychotherapist | Psychology | Medicine | Clinical psychology | Psychiatry,,,en,Two patients,not_reported,5-MeO-DMT,12 mg,inhalation,single dose,"within 2 h, deepened over 7 day follow-up period",,,,well-tolerated,low,label,label,needs_external_id_lookup,needs_external_id_lookup,{},{},,,,,,
normalized,compound and graph entity matched local registry,Ketamine,,Treatment-resistant depression,Ketamine,Treatment-resistant depression,ketamine,,treatment-resistant depression,treatment-resistant depression,her condition remained treatment-resistant,outcome_measure,Treatment-resistant depression,indication,True,10.1192/j.eurpsy.2025.1396,"Dying to be Thin: The complex relationship between Eating Disorders, Epilepsy and Treatment Resistant Depression",compound_disorder,"anorexia nervosa, idiopathic generalized epilepsy",not_reported,therapeutic outcome,psychiatric symptoms,null,condition remained treatment-resistant,,"24-year old ex-nursing student with anorexia nervosa (BMI 14.0), idiopathic generalized epilepsy, severe depression, personality changes, self-harm behaviours, and intractable suicidal ideations, body image disturbances, perceived weight gain.",clinical,D. J. K. Fones; H. Y. Lee,2025,case_report,doi,case_report,original_empirical,primary_evidence,uncertain,supported,0.9,False,"Her treatments included antidepressants, mood stabilizers, antipsychotics, electroconvulsive therapy, repetitive transcranial magnetic stimulation and intravenous ketamine but her condition remained treatment-resistant.",full_text_seen,full_text_seen,abstract,abstract,case report,,None Declared,,Projected from extraction_v1; support=supported; confidence=0.9; needs_human_review=False,European Psychiatry,journal-article,2025-04,0924-9338,1778-3585,Royal College of Psychiatrists,,,,,en,1,not_reported,intravenous ketamine,not_reported,intravenous,not_reported,not_reported,,,,not_reported,low,label,label,needs_external_id_lookup,needs_external_id_lookup,{},{},,,,,,
normalized,compound and graph entity matched local registry,LSD,,Depression,LSD,Depression,LSD,,Depression,Depression,antidepressant-like effect,therapeutic_indication,Depression,indication,True,10.1038/s41593-023-01316-5,Psychedelics promote plasticity by directly binding to BDNF receptor TrkB,compound_disorder,not_applicable,not_applicable,Therapeutic effect,Behavioral,positive,Immobility in forced swimming test (rFST),,WT mice,preclinical,Rafael Moliner; Mykhailo Girych; Cecilia A. Brunello; Vera Kovaleva; Caroline Biojone; Giray Enkavi; Lina Antenucci; Erik F. Kot; Sergey A. Goncharuk; Katja Kaurinkoski,2023,primary_results,doi,primary_study,original_empirical,primary_evidence,uncertain,supported,1.0,False,LSD produced a sustained antidepressant-like effect 7 days after a single administration in WT but not Y433F +/-mice. Pretreatment with M100907 did not prevent the antidepressant-like effect of LSD (Fig. 7e-g ).,full_text_seen,full_text_seen,text,Chunk C007,Repeated forced swimming test (rFST) in mice,,,,Projected from extraction_v1; support=supported; confidence=1.0; needs_human_review=False,Nature Neuroscience,journal-article,2023-06-01,1097-6256,1546-1726,Springer Science and Business Media LLC,"Hallucinogens / metabolism | Humans | HEK293 Cells | Binding Sites | Molecular Dynamics Simulation | Brain-Derived Neurotrophic Factor / metabolism | Signal Transduction | Receptor, trkB / metabolism | Neuronal Plasticity / drug effects | Antidepressive Agents / metabolism | Allosteric Regulation | Male | Female | Animals | Mice | Mice, Inbred C57BL | Embryo, Mammalian / cytology | Neurons / drug effects | Lysergic Acid Diethylamide / chemistry | Lysergic Acid Diethylamide / metabolism | Lysergic Acid Diethylamide / pharmacology | Psilocybin / chemistry | Psilocybin / metabolism | Psilocybin / pharmacology | Psilocybin / analogs & derivatives | Membrane Glycoproteins",,,,eng,not_reported,"Y433F +/-mice, M100907 pretreatment",single administration of LSD,0.1 mg kg-1,intraperitoneal,single administration,7 days after administration,,,,not_reported,low,label,label,needs_external_id_lookup,broad_category_needs_external_id_lookup,{},{},,,,,,
normalized,compound and graph entity matched local registry,Psilocybin,,Alcohol use disorder,Psilocybin,Alcohol use disorder,psilocybin,,Alcohol use disorder,Alcohol use disorder,significant reduction in alcohol consumption,therapeutic_indication,Alcohol use disorder,indication,True,10.1177/0269881119845793,Cessation and reduction in alcohol consumption and misuse after psychedelic use,compound_disorder,individuals with prior AUD,not_reported,therapeutic effect,substance use,positive,reduction in alcohol consumption; meeting AUD criteria,,"343 respondents, mostly White (89%), males (78%), in the USA (60%) with prior AUD (72% meeting retrospective criteria for severe AUD)",clinical,Albert Garcia-Romeu; Alan K Davis; Fire Erowid; Earth Erowid; Roland R Griffiths; Matthew W Johnson,2019,primary_results,doi,primary_study,original_empirical,primary_evidence,uncertain,supported,1.0,False,"Most reported taking a moderate or high dose of LSD (38%) or psilocybin (36%), followed by significant reduction in alcohol consumption. After the psychedelic experience 83% no longer met AUD criteria.",abstract_only,abstract_only,abstract,abstract,"online survey, retrospective",NIDA NIH HHS,,,Projected from extraction_v1; support=supported; confidence=1.0; needs_human_review=False,Journal of Psychopharmacology,journal-article,2019-05-14,0269-8811,1461-7285,SAGE Publications,Adult | Alcohol Drinking / drug therapy | Cross-Sectional Studies | Ethanol / adverse effects | Female | Hallucinogens / therapeutic use | Humans | Lysergic Acid Diethylamide / therapeutic use | Male | Mysticism / psychology | Psilocybin / therapeutic use | Psychotropic Drugs / therapeutic use | Retrospective Studies | Substance-Related Disorders / drug therapy | Surveys and Questionnaires,Psychedelics | alcohol | hallucinogens | lysergic acid diethylamide (LSD) | psilocybin,NIDA NIH HHS,R01 DA003889,eng,343,not_applicable,naturalistic psychedelic use (psilocybin),moderate or high dose,not_reported,not_reported,after the psychedelic experience,,,,not_reported,low,label,label,needs_external_id_lookup,needs_external_id_lookup,{},{},,,,,,
normalized,compound and graph entity matched local registry,LSD,,Alcohol use disorder,LSD,Alcohol use disorder,LSD,,Alcohol use disorder,Alcohol use disorder,significant reduction in alcohol consumption,therapeutic_indication,Alcohol use disorder,indication,True,10.1177/0269881119845793,Cessation and reduction in alcohol consumption and misuse after psychedelic use,compound_disorder,individuals with prior AUD,not_reported,therapeutic effect,substance use,positive,reduction in alcohol consumption; meeting AUD criteria,,"343 respondents, mostly White (89%), males (78%), in the USA (60%) with prior AUD (72% meeting retrospective criteria for severe AUD)",clinical,Albert Garcia-Romeu; Alan K Davis; Fire Erowid; Earth Erowid; Roland R Griffiths; Matthew W Johnson,2019,primary_results,doi,primary_study,original_empirical,primary_evidence,uncertain,supported,1.0,False,"Most reported taking a moderate or high dose of LSD (38%) or psilocybin (36%), followed by significant reduction in alcohol consumption. After the psychedelic experience 83% no longer met AUD criteria.",abstract_only,abstract_only,abstract,abstract,"online survey, retrospective",NIDA NIH HHS,,,Projected from extraction_v1; support=supported; confidence=1.0; needs_human_review=False,Journal of Psychopharmacology,journal-article,2019-05-14,0269-8811,1461-7285,SAGE Publications,Adult | Alcohol Drinking / drug therapy | Cross-Sectional Studies | Ethanol / adverse effects | Female | Hallucinogens / therapeutic use | Humans | Lysergic Acid Diethylamide / therapeutic use | Male | Mysticism / psychology | Psilocybin / therapeutic use | Psychotropic Drugs / therapeutic use | Retrospective Studies | Substance-Related Disorders / drug therapy | Surveys and Questionnaires,Psychedelics | alcohol | hallucinogens | lysergic acid diethylamide (LSD) | psilocybin,NIDA NIH HHS,R01 DA003889,eng,343,not_applicable,naturalistic psychedelic use (LSD),moderate or high dose,not_reported,not_reported,after the psychedelic experience,,,,not_reported,low,label,label,needs_external_id_lookup,needs_external_id_lookup,{},{},,,,,,
normalized,compound and graph entity matched local registry,Psilocybin,,Anxiety,Psilocybin,Anxiety,Psilocybin,,anxiety,anxiety,anxiety,therapeutic_indication,Anxiety,indication,True,10.1177/28314425251404460,Group Retreat Psilocybin Therapy for People with Metastatic Cancer with Anxiety and Depression: A Rite of Passage Facilitation Model for a Phase 1/2 Study,compound_disorder,metastatic cancer,not_reported,therapeutic effect,mental health,positive,symptoms of anxiety,,people with metastatic cancer who had moderate or severe symptoms of anxiety or depression,clinical,Anthony L. Back; Bonnie A. McGregor; Lindsay Billingsley; Dianna Blom; George Callan; Susanna Myers; John Guy; Sameet Kumar; Melissa Layer; Jackie Levin,2026,primary_results,doi,primary_study,original_empirical,primary_evidence,uncertain,supported,0.9,False,"Background: Psilocybin therapy is an emerging treatment for cancer-related anxiety, depression, and existential distress. ... Purpose: This technical report describes a group facilitation model developed for an food and drug administration (FDA)-approved Phase 1 to 2 clinical trial that recruited people with metastatic cancer who had moderate or severe symptoms of anxiety or depression",abstract_only,abstract_only,abstract,abstract,Phase 1 to 2 clinical trial,Steven and Alexandra Cohen Foundation,,,Projected from extraction_v1; support=supported; confidence=0.9; needs_human_review=False,Psychedelic Medicine,journal-article,2026-01-27,2831-4425,2831-4433,SAGE Publications,,,Steven and Alexandra Cohen Foundation,Psych 36,en,not_reported,not_reported,psilocybin therapy,not_reported,not_reported,"3-day, in-person retreat",not_reported,,,,not_reported,low,label,label,needs_external_id_lookup,broad_category_needs_external_id_lookup,{},{},,,,,,
normalized,compound and graph entity matched local registry,Psilocybin,,Depression,Psilocybin,Depression,Psilocybin,,depression,depression,depression,therapeutic_indication,Depression,indication,True,10.1177/28314425251404460,Group Retreat Psilocybin Therapy for People with Metastatic Cancer with Anxiety and Depression: A Rite of Passage Facilitation Model for a Phase 1/2 Study,compound_disorder,metastatic cancer,not_reported,therapeutic effect,mental health,positive,symptoms of depression,,people with metastatic cancer who had moderate or severe symptoms of anxiety or depression,clinical,Anthony L. Back; Bonnie A. McGregor; Lindsay Billingsley; Dianna Blom; George Callan; Susanna Myers; John Guy; Sameet Kumar; Melissa Layer; Jackie Levin,2026,primary_results,doi,primary_study,original_empirical,primary_evidence,uncertain,supported,0.9,False,"Background: Psilocybin therapy is an emerging treatment for cancer-related anxiety, depression, and existential distress. ... Purpose: This technical report describes a group facilitation model developed for an food and drug administration (FDA)-approved Phase 1 to 2 clinical trial that recruited people with metastatic cancer who had moderate or severe symptoms of anxiety or depression",abstract_only,abstract_only,abstract,abstract,Phase 1 to 2 clinical trial,Steven and Alexandra Cohen Foundation,,,Projected from extraction_v1; support=supported; confidence=0.9; needs_human_review=False,Psychedelic Medicine,journal-article,2026-01-27,2831-4425,2831-4433,SAGE Publications,,,Steven and Alexandra Cohen Foundation,Psych 36,en,not_reported,not_reported,psilocybin therapy,not_reported,not_reported,"3-day, in-person retreat",not_reported,,,,not_reported,low,label,label,needs_external_id_lookup,broad_category_needs_external_id_lookup,{},{},,,,,,
normalized,compound and graph entity matched local registry,Psilocybin,,Distress associated with life-threatening disease,Psilocybin,Distress associated with life-threatening disease,Psilocybin,,existential distress,existential distress,existential distress,therapeutic_indication,Distress associated with life-threatening disease,indication,True,10.1177/28314425251404460,Group Retreat Psilocybin Therapy for People with Metastatic Cancer with Anxiety and Depression: A Rite of Passage Facilitation Model for a Phase 1/2 Study,compound_disorder,cancer,not_reported,therapeutic effect,mental health,positive,existential distress,,cancer patients,clinical,Anthony L. Back; Bonnie A. McGregor; Lindsay Billingsley; Dianna Blom; George Callan; Susanna Myers; John Guy; Sameet Kumar; Melissa Layer; Jackie Levin,2026,primary_results,doi,primary_study,original_empirical,primary_evidence,uncertain,supported,0.8,False,"Background: Psilocybin therapy is an emerging treatment for cancer-related anxiety, depression, and existential distress.",abstract_only,abstract_only,abstract,abstract,Phase 1 to 2 clinical trial,Steven and Alexandra Cohen Foundation,,,Projected from extraction_v1; support=supported; confidence=0.8; needs_human_review=False,Psychedelic Medicine,journal-article,2026-01-27,2831-4425,2831-4433,SAGE Publications,,,Steven and Alexandra Cohen Foundation,Psych 36,en,not_reported,not_reported,psilocybin therapy,not_reported,not_reported,not_reported,not_reported,,,,not_reported,low,label,alias,needs_external_id_lookup,needs_external_id_lookup,{},{},,,,,,
normalized,compound and graph entity matched local registry,Ketamine,,Chronic pain,Ketamine,Chronic pain,ketamine,,chronic pain,chronic pain,utility for acute and chronic pain management,therapeutic_indication,Chronic pain,indication,True,10.1212/wnl.0000000000007238,NMDA receptor antagonists and pain relief,compound_disorder,not_reported,not_applicable,efficacy,pain management,positive,not_reported,,not_reported,clinical,Trevor Thompson; Fiona Whiter; Katy Gallop; Nicola Veronese; Marco Solmi; Paul Newton; Brendon Stubbs,2019,meta_analysis,doi,meta_analysis,evidence_synthesis,primary_evidence,uncertain,supported,1.0,False,"Findings provide robust evidence for analgesic and antihyperalgesic effects of ketamine, supporting its utility for acute and chronic pain management.",abstract_only,abstract_only,abstract,abstract,meta-analysis of controlled trials,Department of Health,,,Projected from extraction_v1; support=supported; confidence=1; needs_human_review=False,Neurology,journal-article,2019-03-07,0028-3878,1526-632X,Ovid Technologies (Wolters Kluwer Health),"Acute Pain / drug therapy | Dextromethorphan / therapeutic use | Excitatory Amino Acid Antagonists / therapeutic use | Humans | Hyperalgesia / drug therapy | Ketamine / therapeutic use | Models, Theoretical | Receptors, N-Methyl-D-Aspartate / antagonists & inhibitors",,Department of Health,ICA-CL-2017-03-001,eng,not_reported,not_reported,ketamine,not_reported,not_reported,not_reported,not_reported,,,,not_reported,low,label,label,needs_external_id_lookup,needs_external_id_lookup,{},{},,,,,,
normalized,compound and graph entity matched local registry,Psilocin,,Alcohol use disorder,Psilocin,Alcohol use disorder,Psilocin,,Alcohol use disorder,Alcohol use disorder,ethanol consumption,outcome_measure,Alcohol use disorder,indication,True,10.1523/jneurosci.0652-25.2025,The Psychedelic Psilocin Suppresses Activity of Central Amygdala Corticotropin-Releasing Factor Receptor 1 Neurons and Decreases Ethanol Drinking in Female Mice,compound_disorder,chronic ethanol exposure,not_applicable,behavioral,substance use behavior,positive,ethanol consumption,,female mice,preclinical,Sarah N. Magee; Allison C. Sereno; Maria Echeveste-Sanchez; Elizabeth G. Shannon; Abir Mohsin; Sarah E. Mott; Sara P. Faccidomo; Clyde W. Hodge; Melissa A. Herman,2025,primary_results,doi,primary_study,original_empirical,primary_evidence,uncertain,supported,1.0,False,Psilocin acutely decreased ethanol consumption in mice exposed to two different models of chronic ethanol exposure without producing changes in locomotor behavior.,abstract_only,abstract_only,abstract,abstract,experimental animal study,,,,Projected from extraction_v1; support=supported; confidence=1.0; needs_human_review=False,Journal of Neuroscience,journal-article,2025-11-10,0270-6474,1529-2401,Society for Neuroscience,"Animals | Female | Mice | Psilocybin / analogs & derivatives | Psilocybin / pharmacology | Psilocybin / therapeutic use | Receptors, Corticotropin-Releasing Hormone / metabolism | Receptors, Corticotropin-Releasing Hormone / antagonists & inhibitors | Central Amygdaloid Nucleus / drug effects | Central Amygdaloid Nucleus / metabolism | Alcohol Drinking / drug therapy | Alcohol Drinking / metabolism | Neurons / drug effects | Neurons / metabolism | CRF Receptor, Type 1 | Mice, Inbred C57BL | Hallucinogens / pharmacology | Ethanol / administration & dosage",CRF | alcohol | amygdala | drinking | female | psychedelics,NIAAA NIH HHS,R01 AA026858 | P60 AA011605,eng,not_reported,not_reported,Psilocin,not_reported,not_reported,acutely,not_reported,,,,not_reported,low,label,label,needs_external_id_lookup,needs_external_id_lookup,{},{},,,,,,
normalized,compound and graph entity matched local registry,Psilocybin,,Anxiety,Psilocybin,Anxiety,psilocybin,,anxiety,anxiety,anxiety,therapeutic_indication,Anxiety,indication,True,10.31234/osf.io/dczw2_v1,Age and cannabis co-use moderate experience and perceived benefits of psilocybin,compound_disorder,not_applicable,not_applicable,therapeutic outcome,mental health,positive,anxiety,,current psilocybin users (N=365),clinical,Jake Hooper; Sarah Williams; Raeghan Mueller; Kent Hutchison,2025,primary_results,doi,primary_study,original_empirical,primary_evidence,uncertain,supported,0.9,False,"Cannabis co-use specifically was associated with greater improvements in quality of life, anxiety, depression, and alcohol abuse, suggesting potential synergies between psilocybin and THC.",abstract_only,abstract_only,abstract,abstract,cross-sectional study,,,,Projected from extraction_v1; support=supported; confidence=0.9; needs_human_review=False,,posted-content,2025-05-22,,,Center for Open Science,,,,,,365,not_reported,psilocybin (with cannabis co-use),not_reported,not_reported,not_reported,not_reported,,,,not_reported,low,label,label,needs_external_id_lookup,broad_category_needs_external_id_lookup,{},{},,10.31234/osf.io/dczw2_v2,has-version doi:10.31234/osf.io/dczw2_v2 asserted-by:object,,,
normalized,compound and graph entity matched local registry,Psilocybin,,Depression,Psilocybin,Depression,psilocybin,,depression,depression,depression,therapeutic_indication,Depression,indication,True,10.31234/osf.io/dczw2_v1,Age and cannabis co-use moderate experience and perceived benefits of psilocybin,compound_disorder,not_applicable,not_applicable,therapeutic outcome,mental health,positive,depression,,current psilocybin users (N=365),clinical,Jake Hooper; Sarah Williams; Raeghan Mueller; Kent Hutchison,2025,primary_results,doi,primary_study,original_empirical,primary_evidence,uncertain,supported,0.9,False,"Cannabis co-use specifically was associated with greater improvements in quality of life, anxiety, depression, and alcohol abuse, suggesting potential synergies between psilocybin and THC.",abstract_only,abstract_only,abstract,abstract,cross-sectional study,,,,Projected from extraction_v1; support=supported; confidence=0.9; needs_human_review=False,,posted-content,2025-05-22,,,Center for Open Science,,,,,,365,not_reported,psilocybin (with cannabis co-use),not_reported,not_reported,not_reported,not_reported,,,,not_reported,low,label,label,needs_external_id_lookup,broad_category_needs_external_id_lookup,{},{},,10.31234/osf.io/dczw2_v2,has-version doi:10.31234/osf.io/dczw2_v2 asserted-by:object,,,
normalized,compound and graph entity matched local registry,Ketamine,,Bipolar depression,Ketamine,Bipolar depression,ketamine,,Bipolar depression,Bipolar depression,ketamine was superior to placebo,therapeutic_indication,Bipolar depression,indication,True,10.1007/s11920-013-0431-y,Options for Pharmacological Treatment of Refractory Bipolar Depression,compound_disorder,Treatment-resistant bipolar depression,not_reported,Efficacy,Depression severity,positive,superiority to placebo,,Patients with refractory bipolar depression,clinical,Leonardo Tondo; Gustavo H. Vázquez; Ross J. Baldessarini,2014,review,doi,review,evidence_synthesis,primary_evidence,uncertain,supported,0.9,False,"In two controlled trials, ketamine was superior to placebo but it is short-acting and not orally active",abstract_only,abstract_only,abstract,abstract,controlled trials,,,,Projected from extraction_v1; support=supported; confidence=0.9; needs_human_review=False,Current Psychiatry Reports,journal-article,2014-01-15,1523-3812,1535-1645,Springer Science and Business Media LLC,Antidepressive Agents / therapeutic use | Bipolar Disorder / drug therapy | Clinical Trials as Topic | Humans,,,,eng,not_reported,placebo,ketamine,not_reported,not_reported,not_reported,not_reported,,,,not_reported,low,label,label,needs_external_id_lookup,needs_external_id_lookup,{},{},,,,,,
normalized,compound and graph entity matched local registry,Psilocybin,,Anxiety,Psilocybin,Anxiety,psilocybin,,Anxiety,Anxiety,anxiolytic effects,therapeutic_indication,Anxiety,indication,True,10.1101/2023.04.13.536830,High-resolution tracking of unconfined zebrafish behavior reveals stimulatory and anxiolytic effects of psilocybin,compound_disorder,not_applicable,not_reported,Therapeutic effect,Behavioral,positive,Anxiolytic effects,,larval zebrafish,preclinical,Dotan Braun; Ayelet Rosenberg; Ravid Haruvi; Dorel Malamud; Rani Barbara; Takashi Kawashima,2023,primary_results,doi,primary_study,original_empirical,primary_evidence,uncertain,supported,0.9,False,psilocybin induces a brain state that is both stimulatory and anxiolytic,abstract_only,abstract_only,abstract,Abstract,experimental study,,,,Projected from extraction_v1; support=supported; confidence=0.9; needs_human_review=False,bioRxiv (Cold Spring Harbor Laboratory),posted-content,2023-04-14,,,openRxiv,,,,,,not_reported,not_reported,acute psilocybin treatment,not_reported,not_reported,not_reported,not_reported,,,,not_reported,low,label,label,needs_external_id_lookup,broad_category_needs_external_id_lookup,{},{},,10.1038/s41380-023-02391-7,is-preprint-of doi:10.1038/s41380-023-02391-7 asserted-by:subject,,,
normalized,compound and graph entity matched local registry,Ketamine,,Major depressive disorder,Ketamine,Major depressive disorder,"(R,S)-Ketamine",,Major Depressive Disorder,Major Depressive Disorder,antidepressant effects,therapeutic_indication,Major depressive disorder,indication,True,10.1007/s00213-018-4992-7,Plasma metabolomic profiling of a ketamine and placebo crossover trial of major depressive disorder and healthy control subjects,compound_disorder,Major Depressive Disorder,not_reported,therapeutic effect,psychiatric symptoms,positive,antidepressant effects,,medication-free patients with major depressive disorder,clinical,Ruin Moaddel; Michelle Shardell; Mohammed Khadeer; Jacqueline Lovett; Bashkim Kadriu; Sarangan Ravichandran; Patrick J. Morris; Peixiong Yuan; Craig J. Thomas; Todd D. Gould,2018,primary_results,doi,primary_study,original_empirical,primary_evidence,uncertain,supported,1.0,False,"(R,S)-Ketamine produces rapid, robust, and sustained antidepressant effects in major depressive disorder.",abstract_only,abstract_only,abstract,abstract,"double-blind, placebo-controlled crossover design",,,,Projected from extraction_v1; support=supported; confidence=1; needs_human_review=False,Psychopharmacology,journal-article,2018-08-16,0033-3158,1432-2072,Springer Science and Business Media LLC,"Adult | Amino Acids, Essential / metabolism | Antidepressive Agents / pharmacology | Biogenic Amines / metabolism | Carnitine / analogs & derivatives | Carnitine / metabolism | Cross-Over Studies | Major Depressive Disorder / drug therapy | Major Depressive Disorder / metabolism | Depressive Disorder, Treatment-Resistant / drug therapy | Depressive Disorder, Treatment-Resistant / metabolism | Double-Blind Method | Female | Glycerophospholipids / metabolism | Humans | Ketamine / pharmacology | Ketamine / therapeutic use | Lipids | Male | Metabolomics | Middle Aged | Sphingolipids / metabolism | Young Adult","(R,S)-ketamine | Global Arginine Bioavailability Ratio | Kynurenine metabolites | Metabolomics | Sphingomyelins",BLRD VA | NIMH NIH HHS | Intramural NIH HHS,I01 BX004062 | R01 MH107615 | ZIA MH002857,eng,29 subjects,placebo,"(R,S)-Ketamine",not_reported,infusion,not_reported,not_reported,,,,not_reported,low,alias,label,needs_external_id_lookup,needs_external_id_lookup,{},{},,,,,,
normalized,compound and graph entity matched local registry,Ayahuasca,,Cocaine use disorder,Ayahuasca,Cocaine use disorder,Ayahuasca,,Cocaine use disorder,Cocaine use disorder,cocaine-induced CPP reinstatement,outcome_measure,Cocaine use disorder,indication,True,10.1007/s00213-025-06946-0,Ayahuasca prevents the reinstatement of cocaine-induced rewarding effects in C57Bl/6 mice,compound_disorder,cocaine use disorder,not_reported,behavioral,addiction/substance use,positive,reinstatement of cocaine-induced conditioned place preference (CPP),,C57Bl/6 mice,preclinical,Vítor Bruno; Lídia Emmanuela Wiazowski Spelta; Matheus Lujan Pereira; Fabiane Dörr; Beatriz Aparecida Passos Bismara Paranhos; Fabiana Pereira Santos; Maurício Yonamine; Raphael Caio Tamborelli Garcia; Larissa Helena Torres; Roberto de Pasquale,2025,primary_results,doi,primary_study,original_empirical,primary_evidence,uncertain,supported,1.0,False,"Moreover, ayahuasca treatment effectively prevented the cocaine-induced CPP reinstatement. CONCLUSION: These findings support the therapeutic potential of ayahuasca in the context of cocaine use disorder.",abstract_only,abstract_only,abstract,"RESULTS, CONCLUSION",experimental animal study,Conselho Nacional de Desenvolvimento Científico e Tecnológico | Coordenação de Aperfeiçoamento de Pessoal de Nível Superior | Secretaria Nacional de Políticas sobre Drogas | Fundação de Amparo à Pesquisa do Estado de São Paulo,,,Projected from extraction_v1; support=supported; confidence=1.0; needs_human_review=False,Psychopharmacology,journal-article,2025-10-31,0033-3158,1432-2072,Springer Science and Business Media LLC,,Addiction | Ayahuasca | Cocaine use disorder | Conditioned place preference | Psychedelics | Rewarding,Conselho Nacional de Desenvolvimento Científico e Tecnológico | Coordenação de Aperfeiçoamento de Pessoal de Nível Superior | Secretaria Nacional de Políticas sobre Drogas | Fundação de Amparo à Pesquisa do Estado de São Paulo,"001 | Edital n°01, 26/05/2015 | 2019/19011-9",eng,not_reported,water,ayahuasca,12.5 or 15 mg DMT/kg,gavage,not_reported,following a cocaine challenge,,,,not_reported,low,label,label,mixture_needs_component_mapping,needs_external_id_lookup,{},{},,,,,,
normalized,compound and graph entity matched local registry,Ketamine,,Neuropathic pain,Ketamine,Neuropathic pain,Ketamine,,chronic neuropathic pain syndromes,neuropathic pain,temporary decrease in the rating of ongoing pain,outcome_measure,Neuropathic pain,indication,True,10.1016/0304-3959(94)90149-x,Response of chronic neuropathic pain syndromes to ketamine: a preliminary study,compound_disorder,chronic neuropathic pain syndromes,not_reported,therapeutic_effect,pain,positive,rating of ongoing pain,,6 patients with chronic neuropathic pain syndromes,clinical,Miroslav Backonja; George Arndt; Kathy A. Gombar; Bill Check; Mary Zimmermann,1994,primary_results,doi,primary_study,original_empirical,primary_evidence,uncertain,supported,1.0,False,"Ketamine (at 250 mcg/kg i.v. slow push) was administered to 6 patients for control of chronic neuropathic pain syndromes in double-blind placebo-controlled fashion. All 3 patients with peripheral nervous system (PNS) disease-related pain, and 2 of 3 patients with central pain and dysesthesia syndromes responded with a temporary decrease in the rating of ongoing pain.",abstract_only,abstract_only,abstract,abstract,double-blind placebo-controlled fashion,,,,Projected from extraction_v1; support=supported; confidence=1.0; needs_human_review=False,Pain,journal-article,1994-01-01,0304-3959,1872-6623,Ovid Technologies (Wolters Kluwer Health),"Adult | Aged | Chronic Disease | Dose-Response Relationship, Drug | Double-Blind Method | Female | Humans | Hyperalgesia / drug therapy | Injections, Subcutaneous | Ketamine / administration & dosage | Ketamine / adverse effects | Ketamine / therapeutic use | Male | Middle Aged | Pain / drug therapy | Pain / physiopathology | Receptors, N-Methyl-D-Aspartate / drug effects | Syndrome",,,,eng,6,placebo,Ketamine i.v. slow push,250 mcg/kg,intravenous,single-dose,not_reported,,,,not_reported,low,label,label,needs_external_id_lookup,needs_external_id_lookup,{},{},,,ErratumIn Pain 1994 Sep;58(3):433,,,true
normalized,compound and graph entity matched local registry,Ketamine,,Treatment-resistant depression,Ketamine,Treatment-resistant depression,ketamine,,Treatment-resistant depression,Treatment-resistant depression,antidepressant effects,therapeutic_indication,Treatment-resistant depression,indication,True,10.1016/j.jad.2019.08.022,"Antidepressant and antisuicidal effects of ketamine on the functional connectivity of prefrontal cortex-related circuits in treatment-resistant depression: A double-blind, placebo-controlled, randomized, longitudinal resting fMRI study",compound_disorder,Treatment-resistant depression (TRD),not_applicable,clinical_outcome,Mood/Affect,positive,antidepressant effects,,patients with treatment-resistant depression (TRD),clinical,Mu-Hong Chen; Wei-Chen Lin; Pei-Chi Tu; Cheng-Ta Li; Ya-Mei Bai; Shih-Jen Tsai; Tung-Ping Su,2019,primary_results,doi,primary_study,original_empirical,primary_evidence,uncertain,supported,1.0,False,Increasing evidence suggests that infusion of a subanesthetic dose of ketamine exerts antidepressant and antisuicidal effects in patients with treatment-resistant depression (TRD).,abstract_only,abstract_only,abstract,abstract,"double-blind, placebo-controlled, randomized, longitudinal resting fMRI study",,,,Projected from extraction_v1; support=supported; confidence=1.0; needs_human_review=False,Journal of Affective Disorders,journal-article,2019-08-14,0165-0327,1573-2517,Elsevier BV,"Adult | Antidepressive Agents / therapeutic use | Depressive Disorder, Treatment-Resistant / drug therapy | Depressive Disorder, Treatment-Resistant / pathology | Dose-Response Relationship, Drug | Double-Blind Method | Female | Gyrus Cinguli / pathology | Humans | Ketamine / therapeutic use | Longitudinal Studies | Magnetic Resonance Imaging | Male | Middle Aged | Prefrontal Cortex / drug effects | Prefrontal Cortex / pathology | Rest | Treatment Outcome",Anterior cingulate cortex | Functional connectivity | Ketamine | Prefrontal cortex | Suicide | Treatment-resistant depression,,,eng,Forty-eight patients,normal saline (a placebo infusion),ketamine infusion,"0.5 mg/kg (standard dose), 0.2 mg/kg (low dose)",infusion,not_reported,on the third day after ketamine infusion treatment,,,,not_reported,high,label,label,needs_external_id_lookup,needs_external_id_lookup,{},{},,,,,,
normalized,compound and graph entity matched local registry,Ketamine,,Suicidal ideation,Ketamine,Suicidal ideation,ketamine,,Suicidal ideation,Suicidal ideation,antisuicidal effects,therapeutic_indication,Suicidal ideation,indication,True,10.1016/j.jad.2019.08.022,"Antidepressant and antisuicidal effects of ketamine on the functional connectivity of prefrontal cortex-related circuits in treatment-resistant depression: A double-blind, placebo-controlled, randomized, longitudinal resting fMRI study",compound_disorder,Treatment-resistant depression (TRD),not_applicable,clinical_outcome,Suicidality,positive,reduction in suicidal ideation,,patients with treatment-resistant depression (TRD),clinical,Mu-Hong Chen; Wei-Chen Lin; Pei-Chi Tu; Cheng-Ta Li; Ya-Mei Bai; Shih-Jen Tsai; Tung-Ping Su,2019,primary_results,doi,primary_study,original_empirical,primary_evidence,uncertain,supported,1.0,False,"Increasing evidence suggests that infusion of a subanesthetic dose of ketamine exerts antidepressant and antisuicidal effects in patients with treatment-resistant depression (TRD). A negative correlation was observed between the reduction in suicidal ideation and the reduction in the FC between the left dACC and right ACC regions in the standard-dose group, whereas a positive correlation was observed between the reduction in suicidal ideation and the increase in the FC between the right dlPFC and left superior parietal region in the low-dose group.",abstract_only,abstract_only,abstract,abstract,"double-blind, placebo-controlled, randomized, longitudinal resting fMRI study",,,,Projected from extraction_v1; support=supported; confidence=1.0; needs_human_review=False,Journal of Affective Disorders,journal-article,2019-08-14,0165-0327,1573-2517,Elsevier BV,"Adult | Antidepressive Agents / therapeutic use | Depressive Disorder, Treatment-Resistant / drug therapy | Depressive Disorder, Treatment-Resistant / pathology | Dose-Response Relationship, Drug | Double-Blind Method | Female | Gyrus Cinguli / pathology | Humans | Ketamine / therapeutic use | Longitudinal Studies | Magnetic Resonance Imaging | Male | Middle Aged | Prefrontal Cortex / drug effects | Prefrontal Cortex / pathology | Rest | Treatment Outcome",Anterior cingulate cortex | Functional connectivity | Ketamine | Prefrontal cortex | Suicide | Treatment-resistant depression,,,eng,Forty-eight patients,normal saline (a placebo infusion),ketamine infusion,"0.5 mg/kg (standard dose), 0.2 mg/kg (low dose)",infusion,not_reported,on the third day after ketamine infusion treatment,,,,not_reported,high,label,label,needs_external_id_lookup,needs_external_id_lookup,{},{},,,,,,
normalized,compound and graph entity matched local registry,Ketamine,,Suicidal ideation,Ketamine,Suicidal ideation,ketamine,,suicidal ideation,suicidal ideation,Beck Scale for Suicide,outcome_measure,Suicidal ideation,indication,True,10.1016/j.jad.2022.01.104,mTORC1 inhibitor effects on rapid ketamine-induced reductions in suicidal ideation in patients with treatment-resistant depression,compound_disorder,major depressive episode,not_reported,therapeutic effect,suicidality,positive,Beck Scale for Suicide,,Twenty patients in a major depressive episode,clinical,Lynnette A. Averill; Christopher L. Averill; Ralitza Gueorguieva; Samar Fouda; Mohamed Sherif; Kyung-Heup Ahn; Mohini Ranganathan; Deepak Cyril D'Souza; Steven M. Southwick; Gerard Sanacora,2022,primary_results,doi,primary_study,original_empirical,primary_evidence,uncertain,supported,1.0,False,We found ketamine administration resulted in significant improvements across all measures with the largest effect at 24 h with only the Beck Scale for Suicide remaining significant at the two-week follow-up.,abstract_only,abstract_only,abstract,abstract,"double-blind, cross-over trial",CSRD VA | NIMH NIH HHS,,,Projected from extraction_v1; support=supported; confidence=1.0; needs_human_review=False,Journal of Affective Disorders,journal-article,2022-01-29,0165-0327,1573-2517,Elsevier BV,Antidepressive Agents / adverse effects | Depression / drug therapy | Major Depressive Disorder / drug therapy | Humans | Ketamine / adverse effects | Mechanistic Target of Rapamycin Complex 1 | Sirolimus / adverse effects | Suicidal Ideation,Antidepressants | Ketamine | Major depressive disorders | Suicidal ideation | Suicidality | mTOR,CSRD VA | NIMH NIH HHS,IK2 CX001873 | K23 MH101498,eng,20,not_reported,IV ketamine,0.5 mg/kg,IV,not_reported,24 h; two-week follow-up,,,,not_reported,low,label,label,needs_external_id_lookup,needs_external_id_lookup,{},{},,,,,,
normalized,compound and graph entity matched local registry,Ketamine,,Anxiety,Ketamine,Anxiety,ketamine,,anxiety,anxiety,anxiety symptoms,symptom_or_problem,Anxiety,indication,True,10.1016/j.jad.2023.04.141,The effects of ketamine on symptoms of depression and anxiety in real-world care settings: A retrospective controlled analysis,compound_disorder,anxiety,not_applicable,symptom reduction,mental health,positive,Generalized Anxiety Disorder 7-item (GAD-7) scales,GAD-7,patients treated with KIT in ten community clinics across the US,clinical,Tuuli M. Hietamies; L. Alison McInnes; Andrew J. Klise; Matthew J. Worley; Jimmy J. Qian; Leanne M. Williams; Boris D. Heifets; Steven P. Levine,2023,primary_results,doi,primary_study,original_empirical,primary_evidence,uncertain,supported,1.0,False,"Patients exhibited significant and concordant reduction in both anxiety and depression symptoms after induction (Cohen's d = -1.17 and d = -1.56, respectively).",abstract_only,abstract_only,abstract,abstract,retrospective controlled analysis,,,,Projected from extraction_v1; support=supported; confidence=1.0; needs_human_review=False,Journal of Affective Disorders,journal-article,2023-05-16,0165-0327,1573-2517,Elsevier BV,Humans | Ketamine | Depression / drug therapy | Retrospective Studies | Anxiety Disorders / drug therapy | Anxiety / drug therapy,Anxiety | EHR | Ketamine | Major depression | Real-world dataset | Suicidal Ideation,,,eng,714,not_reported,Ketamine intravenous therapy (KIT),not_reported,intravenous,induction,after induction,,,,not_reported,low,label,label,needs_external_id_lookup,broad_category_needs_external_id_lookup,{},{},NCT00693849,,,,,
normalized,compound and graph entity matched local registry,Ketamine,,Depression,Ketamine,Depression,ketamine,,depression,depression,depression symptoms,symptom_or_problem,Depression,indication,True,10.1016/j.jad.2023.04.141,The effects of ketamine on symptoms of depression and anxiety in real-world care settings: A retrospective controlled analysis,compound_disorder,depression,not_applicable,symptom reduction,mental health,positive,Quick Inventory of Depressive Symptomatology-Self Report 16-item (QIDS),QIDS,patients treated with KIT in ten community clinics across the US,clinical,Tuuli M. Hietamies; L. Alison McInnes; Andrew J. Klise; Matthew J. Worley; Jimmy J. Qian; Leanne M. Williams; Boris D. Heifets; Steven P. Levine,2023,primary_results,doi,primary_study,original_empirical,primary_evidence,uncertain,supported,1.0,False,"Patients exhibited significant and concordant reduction in both anxiety and depression symptoms after induction (Cohen's d = -1.17 and d = -1.56, respectively).",abstract_only,abstract_only,abstract,abstract,retrospective controlled analysis,,,,Projected from extraction_v1; support=supported; confidence=1.0; needs_human_review=False,Journal of Affective Disorders,journal-article,2023-05-16,0165-0327,1573-2517,Elsevier BV,Humans | Ketamine | Depression / drug therapy | Retrospective Studies | Anxiety Disorders / drug therapy | Anxiety / drug therapy,Anxiety | EHR | Ketamine | Major depression | Real-world dataset | Suicidal Ideation,,,eng,714,not_reported,Ketamine intravenous therapy (KIT),not_reported,intravenous,induction,after induction,,,,not_reported,low,label,label,needs_external_id_lookup,broad_category_needs_external_id_lookup,{},{},NCT00693849,,,,,
normalized,compound and graph entity matched local registry,Ketamine,,Depression,Ketamine,Depression,ketamine,,depression,depression,reduction in depression symptoms,therapeutic_indication,Depression,indication,True,10.1016/j.jad.2023.04.141,The effects of ketamine on symptoms of depression and anxiety in real-world care settings: A retrospective controlled analysis,compound_disorder,depressed patients,not_applicable,symptom reduction,mental health,positive,depression symptoms,,depressed patients,clinical,Tuuli M. Hietamies; L. Alison McInnes; Andrew J. Klise; Matthew J. Worley; Jimmy J. Qian; Leanne M. Williams; Boris D. Heifets; Steven P. Levine,2023,primary_results,doi,primary_study,original_empirical,primary_evidence,uncertain,supported,1.0,False,"Compared to two external datasets of KIT-naive depressed patients or patients starting standard antidepressant therapy, KIT patients experienced a significantly greater reduction in depression symptoms at eight weeks (Cohen's d = -1.03 and d = -0.62 respectively).",abstract_only,abstract_only,abstract,abstract,retrospective controlled analysis,,,,Projected from extraction_v1; support=supported; confidence=1.0; needs_human_review=False,Journal of Affective Disorders,journal-article,2023-05-16,0165-0327,1573-2517,Elsevier BV,Humans | Ketamine | Depression / drug therapy | Retrospective Studies | Anxiety Disorders / drug therapy | Anxiety / drug therapy,Anxiety | EHR | Ketamine | Major depression | Real-world dataset | Suicidal Ideation,,,eng,714,KIT-naive depressed patients or patients starting standard antidepressant therapy,Ketamine intravenous therapy (KIT),not_reported,intravenous,not_reported,eight weeks,,,,not_reported,low,label,label,needs_external_id_lookup,broad_category_needs_external_id_lookup,{},{},NCT00693849,,,,,
normalized,compound and graph entity matched local registry,Ketamine,,Treatment-resistant depression,Ketamine,Treatment-resistant depression,ketamine,,treatment-resistant depression,treatment-resistant depression,"significant decreases in depressive symptoms (i.e., as measured by the QIDS-SR16)",outcome_measure,Treatment-resistant depression,indication,True,10.1016/j.jagp.2020.12.032,"Safety, Tolerability, and Real-World Effectiveness of Intravenous Ketamine in Older Adults With Treatment-Resistant Depression: A Case Series",compound_disorder,older adults with treatment-resistant depression,not_applicable,symptomatic improvement,depressive symptoms,positive,Quick Inventory for Depressive Symptomatology-Self Report 16 (QIDS-SR16),QIDS,"older adults (M age = 67, SD = 6; 57% female [n = 30]) with treatment-resistant depression",clinical,Orly Lipsitz; Joshua D. Di Vincenzo; Nelson B. Rodrigues; Danielle S. Cha; Yena Lee; David Greenberg; Kayla M. Teopiz; Roger C. Ho; Bing Cao; Kangguang Lin,2021,case_report,doi,case_report,original_empirical,primary_evidence,uncertain,supported,0.9,False,"Participants reported significant decreases in depressive symptoms (i.e., as measured by the QIDS-SR16) with repeated ketamine infusions (F(4, 92) = 7.412, p <0.001). The mean QIDS-SR16 score was 17.12 (SD = 5.33) at baseline and decreased to 12.52 (SD = 5.79) following 4 infusions.",abstract_only,abstract_only,abstract,abstract,case series,CIHR,,"Findings are limited by the open-label, chart review nature of this study.",Projected from extraction_v1; support=supported; confidence=0.9; needs_human_review=False,American Journal of Geriatric Psychiatry,journal-article,2021-01-12,1064-7481,1545-7214,Elsevier BV,"Aged | Depression | Major Depressive Disorder / drug therapy | Depressive Disorder, Treatment-Resistant / drug therapy | Female | Humans | Infusions, Intravenous | Ketamine / adverse effects | Male",CRTCE | Esketamine | bipolar disorder | depression | geriatric | glutamate | major depressive disorder,CIHR,,eng,fifty-three,not_reported,4 IV ketamine infusions,not_reported,intravenous (IV),"4 infusions, administered over 1-2 weeks","approximately 2 days after infusions 1-3, and 1-2 weeks after infusion 4",,,,not_reported,low,label,label,needs_external_id_lookup,needs_external_id_lookup,{},{},,10.1016/j.jagp.2021.01.005,CommentIn PMID:33509675 Am J Geriatr Psychiatry. 2021 Sep;29(9):914-916. doi: 10.1016/j.jagp.2021.01.005.,,,
normalized,compound and graph entity matched local registry,Ketamine,,Treatment-resistant depression,Ketamine,Treatment-resistant depression,ketamine,,treatment-resistant depression,treatment-resistant depression,"31% (n = 8) of participants partially responded to IV ketamine, 27% (n = 7) responded, 58% (n = 15) experienced clinically significant improvements, and 10% (n = 3) met remission criteria.",therapeutic_indication,Treatment-resistant depression,indication,True,10.1016/j.jagp.2020.12.032,"Safety, Tolerability, and Real-World Effectiveness of Intravenous Ketamine in Older Adults With Treatment-Resistant Depression: A Case Series",compound_disorder,older adults with treatment-resistant depression,not_applicable,response and remission,depressive symptoms,positive,"Partial response (25%-50% symptomatic improvement from baseline), response (
50% symptomatic improvement from baseline), clinically significant improvements (
25% symptomatic improvement from baseline), and remission rates (QIDS-SR16 
5)",QIDS,older adults with treatment-resistant depression,clinical,Orly Lipsitz; Joshua D. Di Vincenzo; Nelson B. Rodrigues; Danielle S. Cha; Yena Lee; David Greenberg; Kayla M. Teopiz; Roger C. Ho; Bing Cao; Kangguang Lin,2021,case_report,doi,case_report,original_empirical,primary_evidence,uncertain,supported,0.9,False,"After 4 infusions, 31% (n = 8) of participants partially responded to IV ketamine, 27% (n = 7) responded, 58% (n = 15) experienced clinically significant improvements, and 10% (n = 3) met remission criteria.",abstract_only,abstract_only,abstract,abstract,case series,CIHR,,"Findings are limited by the open-label, chart review nature of this study.",Projected from extraction_v1; support=supported; confidence=0.9; needs_human_review=False,American Journal of Geriatric Psychiatry,journal-article,2021-01-12,1064-7481,1545-7214,Elsevier BV,"Aged | Depression | Major Depressive Disorder / drug therapy | Depressive Disorder, Treatment-Resistant / drug therapy | Female | Humans | Infusions, Intravenous | Ketamine / adverse effects | Male",CRTCE | Esketamine | bipolar disorder | depression | geriatric | glutamate | major depressive disorder,CIHR,,eng,fifty-three,not_reported,4 IV ketamine infusions,not_reported,intravenous (IV),4 infusions,After 4 infusions,,,,not_reported,low,label,label,needs_external_id_lookup,needs_external_id_lookup,{},{},,10.1016/j.jagp.2021.01.005,CommentIn PMID:33509675 Am J Geriatr Psychiatry. 2021 Sep;29(9):914-916. doi: 10.1016/j.jagp.2021.01.005.,,,
normalized,compound and graph entity matched local registry,S-ketamine,,Depression,S-ketamine,Depression,esketamine,,depression,depression,reductions in MADRS total scores,outcome_measure,Depression,indication,True,10.1016/j.jagp.2021.09.014,"Comparison of Long-Term Efficacy and Safety of Esketamine Nasal Spray Plus Oral Antidepressant in Younger Versus Older Patients With Treatment-Resistant Depression: Post-Hoc Analysis of SUSTAIN-2, a Long-Term Open-Label Phase 3 Safety and Efficacy Study",compound_disorder,treatment-resistant depression,not_applicable,efficacy,psychiatric symptoms,positive,Montgomery-Åsberg Depression Rating Scale (MADRS) total scores,MADRS,"younger (18-64 years, n=624) and older (≥65 years, n=178) patients with treatment-resistant depression (TRD)",clinical,Rachel Ochs-Ross; Ewa Wajs; Ella J. Daly; Yun Zhang; Rosanne Lane; Pilar Lim; Wayne C. Drevets; David C. Steffens; Gerard Sanacora; Carol Jamieson,2021,primary_results,doi,primary_study,original_empirical,primary_evidence,uncertain,supported,1.0,False,"Patients (younger versus older) had similar mean baseline Montgomery-Åsberg Depression Rating Scale (MADRS) total scores and mean (SD) reductions in MADRS total scores for induction (-18.0 [7.19] versus -18.1 [9.37]; p = 0.492 [t = 0.69, df = 701]) and optimization/maintenance (week 12) (-19.9 [7.03] versus -22.2 [9.50]; p = 0.265 [t = -1.12, df = 3470]) phases. ... this post-hoc analysis showed generally comparable improvement in depression between ESK-treated younger and older adult patients with TRD",abstract_only,abstract_only,abstract,abstract,post-hoc analysis of an open-label phase 3 study,,,,Projected from extraction_v1; support=supported; confidence=1; needs_human_review=False,American Journal of Geriatric Psychiatry,journal-article,2021-10-07,1064-7481,1545-7214,Elsevier BV,"Administration, Oral | Adolescent | Adult | Aged | Antidepressive Agents / administration & dosage | Depression / drug therapy | Double-Blind Method | Drug Therapy, Combination / adverse effects | Humans | Ketamine / administration & dosage | Middle Aged | Nasal Sprays | Treatment Outcome | Young Adult",Older adults | esketamine | long-term | safety | treatment-resistant depression,,,eng,802,not_applicable,esketamine nasal spray (ESK) plus an oral antidepressant,not_reported,nasal spray,4-week induction and 48-week optimization/maintenance,induction and week 12 of optimization/maintenance,,,,not_reported,high,alias,label,needs_external_id_lookup,broad_category_needs_external_id_lookup,{},{},NCT02497287,,,,,
normalized,compound and graph entity matched local registry,Ketamine,,Treatment-resistant depression,Ketamine,Treatment-resistant depression,Ketamine,,Treatment-resistant depression,Treatment-resistant depression,Depressive symptoms improved significantly and 48% of participants responded.,therapeutic_indication,Treatment-resistant depression,indication,True,10.1016/j.jagp.2022.11.013,"Intravenous Ketamine for Late-Life Treatment-Resistant Depression: A Pilot Study of Tolerability, Safety, Clinical Benefits, and Effect on Cognition",compound_disorder,late-life treatment-resistant depression (TRD),not_reported,Clinical outcome,Depression,positive,Depressive symptoms (response rate),,25 adults aged ≥60 years with TRD,clinical,Hanadi Ajam Oughli; Marie Anne Gebara; Adam Ciarleglio; Helen Lavretsky; Patrick J. Brown; Alastair J. Flint; Nuri B. Farber; Jordan F. Karp; Benoit H. Mulsant; Charles F. Reynolds,2022,primary_results,doi,primary_study,original_empirical,primary_evidence,uncertain,supported,1.0,False,Depressive symptoms improved significantly and 48% of participants responded.,abstract_only,abstract_only,abstract,abstract,pilot clinical trial,NIMH NIH HHS | NCCIH NIH HHS,,,Projected from extraction_v1; support=supported; confidence=1.0; needs_human_review=False,American Journal of Geriatric Psychiatry,journal-article,2022-12-05,1064-7481,1545-7214,Elsevier BV,"Aged | Humans | Cognition | Depression | Infusions, Intravenous | Ketamine / adverse effects | Pilot Projects",Treatment-resistant depression | cognition | geriatric | intravenous ketamine,NIMH NIH HHS | NCCIH NIH HHS,K01 MH113850 | K24 AT009198 | P50 MH122351,eng,25,not_reported,IV ketamine openly twice a week for 4 weeks; partial responders at the end of this acute phase were eligible to receive weekly infusions for 4 more weeks in a continuation phase,IV ketamine,Intravenous,twice a week for 4 weeks (acute phase); weekly infusions for 4 more weeks (continuation phase),end of acute phase,,,,"No AEs resulted in participant discontinuation, and there were no SAEs. Treatment-emergent elevation of blood pressure, dissociation, and craving were transient and did not result in any participant discontinuation.",medium,label,label,needs_external_id_lookup,needs_external_id_lookup,{},{},,,,,,
normalized,compound and graph entity matched local registry,Ketamine,,Major depressive disorder,Ketamine,Major depressive disorder,Ketamine,,Major depressive disorder,Major depressive disorder,depression,therapeutic_indication,Major depressive disorder,indication,True,10.1016/j.jpba.2025.116945,Pharmacokinetics and brain distribution of ketamine after nasal administration,compound_disorder,not_applicable,not_reported,Therapeutic effect,Psychiatric symptoms,positive,antidepressant effect,,,clinical,Zihe Yang; Linjie Li; Bin Deng; Yusen Xu; Yujing Du; Yongning Lv; Xuejia Zhai,2025,primary_results,doi,primary_study,original_empirical,primary_evidence,uncertain,supported,1.0,False,Ketamine is a novel antidepressant that has rapid effects on depression.,abstract_only,abstract_only,abstract,abstract,Preclinical pharmacokinetic study,,,,Projected from extraction_v1; support=supported; confidence=1.0; needs_human_review=False,Journal of Pharmaceutical and Biomedical Analysis,journal-article,2025-05-09,0731-7085,1873-264X,Elsevier BV,"Animals | Ketamine / pharmacokinetics | Ketamine / administration & dosage | Administration, Intranasal | Tissue Distribution | Rats | Tandem Mass Spectrometry / methods | Male | Brain / metabolism | Chromatography, High Pressure Liquid / methods | Rats, Sprague-Dawley | Antidepressive Agents / pharmacokinetics | Antidepressive Agents / administration & dosage | Half-Life",Brain region distribution | HPLC-MS/MS | Intranasal administration | Ketamine | Pharmacokinetics,,,eng,,,Ketamine,,,,,,,,,low,label,label,needs_external_id_lookup,needs_external_id_lookup,{},{},,,,,,
normalized,compound and graph entity matched local registry,Ketamine,,Major depressive disorder,Ketamine,Major depressive disorder,Ketamine,,Major Depressive Disorder,Major Depressive Disorder,No significant correlation was observed between baseline vitamin B12 or folate and percent change in HDRS,outcome_measure,Major depressive disorder,indication,True,10.1055/s-0034-1377042,Baseline Vitamin B12 and Folate Levels Do Not Predict Improvement in Depression After a Single Infusion of Ketamine,compound_disorder,treatment-resistant MDD,not_reported,Predictive biomarker,Antidepressant response,null,Correlation between baseline vitamin B12/folate and percent change in Hamilton Depression Rating Scale (HDRS) scores,HAM-D,49 inpatients with treatment-resistant MDD,clinical,N. Lundin; M. Niciu; D. Luckenbaugh; D. Ionescu; E. Richards; J. Vande Voort; N. Brutsche; R. Machado-Vieira; C. Zarate,2014,primary_results,doi,primary_study,original_empirical,primary_evidence,uncertain,supported,1.0,False,No significant correlation was observed between baseline vitamin B12 or folate and percent change in HDRS for any of the 3 time points in either MDD or bipolar depression.,abstract_only,abstract_only,abstract,abstract,clinical trial,Intramural NIH HHS,,,Projected from extraction_v1; support=supported; confidence=1; needs_human_review=False,Pharmacopsychiatry,journal-article,2014-06-23,0176-3679,1439-0795,Georg Thieme Verlag KG,"Administration, Intravenous | Adolescent | Adult | Aged | Bipolar Disorder / drug therapy | Major Depressive Disorder / drug therapy | Excitatory Amino Acid Antagonists / therapeutic use | Female | Folic Acid / blood | Humans | Ketamine / administration & dosage | Ketamine / therapeutic use | Male | Middle Aged | Psychiatric Status Rating Scales | Receptors, N-Methyl-D-Aspartate / antagonists & inhibitors | Severity of Illness Index | Treatment Outcome | Vitamin B 12 / blood",,Intramural NIH HHS,ZIA MH002857,eng,49,not_reported,single intravenous ketamine infusion,not_reported,intravenous,single infusion,"230 min, 1 day, and 7 days post-infusion",,,,not_reported,low,label,label,needs_external_id_lookup,needs_external_id_lookup,{},{},,,,,,
normalized,compound and graph entity matched local registry,Ketamine,,Bipolar depression,Ketamine,Bipolar depression,Ketamine,,Bipolar Depression,Bipolar Depression,No significant correlation was observed between baseline vitamin B12 or folate and percent change in HDRS,outcome_measure,Bipolar depression,indication,True,10.1055/s-0034-1377042,Baseline Vitamin B12 and Folate Levels Do Not Predict Improvement in Depression After a Single Infusion of Ketamine,compound_disorder,treatment-resistant bipolar depression currently experiencing a major depressive episode,not_reported,Predictive biomarker,Antidepressant response,null,Correlation between baseline vitamin B12/folate and percent change in Hamilton Depression Rating Scale (HDRS) scores,HAM-D,34 inpatients with treatment-resistant bipolar depression currently experiencing a major depressive episode,clinical,N. Lundin; M. Niciu; D. Luckenbaugh; D. Ionescu; E. Richards; J. Vande Voort; N. Brutsche; R. Machado-Vieira; C. Zarate,2014,primary_results,doi,primary_study,original_empirical,primary_evidence,uncertain,supported,1.0,False,No significant correlation was observed between baseline vitamin B12 or folate and percent change in HDRS for any of the 3 time points in either MDD or bipolar depression.,abstract_only,abstract_only,abstract,abstract,clinical trial,Intramural NIH HHS,,,Projected from extraction_v1; support=supported; confidence=1; needs_human_review=False,Pharmacopsychiatry,journal-article,2014-06-23,0176-3679,1439-0795,Georg Thieme Verlag KG,"Administration, Intravenous | Adolescent | Adult | Aged | Bipolar Disorder / drug therapy | Major Depressive Disorder / drug therapy | Excitatory Amino Acid Antagonists / therapeutic use | Female | Folic Acid / blood | Humans | Ketamine / administration & dosage | Ketamine / therapeutic use | Male | Middle Aged | Psychiatric Status Rating Scales | Receptors, N-Methyl-D-Aspartate / antagonists & inhibitors | Severity of Illness Index | Treatment Outcome | Vitamin B 12 / blood",,Intramural NIH HHS,ZIA MH002857,eng,34,not_reported,single intravenous ketamine infusion,not_reported,intravenous,single infusion,"230 min, 1 day, and 7 days post-infusion",,,,not_reported,low,label,label,needs_external_id_lookup,needs_external_id_lookup,{},{},,,,,,
normalized,compound and graph entity matched local registry,Ketamine,,Suicidal ideation,Ketamine,Suicidal ideation,ketamine,,suicidal ideation,suicidal ideation,suicidal symptoms,outcome_measure,Suicidal ideation,indication,True,10.1080/13811118.2021.1878078,"Single, Fixed-Dose Intranasal Ketamine for Alleviation of Acute Suicidal Ideation. An Emergency Department, Trans-Diagnostic Approach: A Randomized, Double-Blind, Placebo-Controlled, Proof-of-Concept Trial",compound_disorder,suicidal subjects scheduled for psychiatric hospitalization,not_reported,efficacy,psychiatric symptoms,positive,Montgomery-Åsberg Depression Rating Scale (MADRS) item of suicidal thoughts (MADRS-SI); Remission from suicidal ideation,MADRS-SI,"30 eligible suicidal subjects, scheduled for psychiatric hospitalization, independently of their psychiatric diagnosis",clinical,Yoav Domany; Cheryl B. McCullumsmith,2021,primary_results,doi,primary_study,original_empirical,primary_evidence,uncertain,supported,1.0,False,"Four hours post administration, the mean difference in suicidal symptoms between the groups, measured by the Montgomery-Åsberg Depression Rating Scale (MADRS) item of suicidal thoughts (MADRS-SI), was 1.267 (95% confident interval 0.1-2.43, p < 0.05) favoring treatment. Remission from suicidal ideation was evident in 80% for the ketamine group compared with 33% for the controls ( p < 0.05).",abstract_only,abstract_only,abstract,abstract,"Randomized, Double-Blind, Placebo-Controlled, Proof-of-Concept Trial",,,,Projected from extraction_v1; support=supported; confidence=1; needs_human_review=False,Archives of Suicide Research,journal-article,2021-02-14,1381-1118,1543-6136,Informa UK Limited,"Major Depressive Disorder / psychology | Emergency Service, Hospital | Humans | Ketamine / therapeutic use | Psychiatric Status Rating Scales | Suicidal Ideation",Ketamine | emergency department | intra-nasal | suicidal ideation,,,eng,30,saline placebo,intranasal ketamine,40 mg,intranasal,single dose,Four hours post administration,,,,not_reported,high,label,label,needs_external_id_lookup,needs_external_id_lookup,{},{},NCT02183272,,,,,
normalized,compound and graph entity matched local registry,Ketamine,,Depression,Ketamine,Depression,ketamine,,depressive symptoms,depressive symptoms,depressive symptoms,outcome_measure,Depression,indication,True,10.1080/13811118.2021.1878078,"Single, Fixed-Dose Intranasal Ketamine for Alleviation of Acute Suicidal Ideation. An Emergency Department, Trans-Diagnostic Approach: A Randomized, Double-Blind, Placebo-Controlled, Proof-of-Concept Trial",compound_disorder,suicidal subjects scheduled for psychiatric hospitalization,not_reported,efficacy,psychiatric symptoms,positive,Montgomery-Åsberg Depression Rating Scale (MADRS),MADRS,"30 eligible suicidal subjects, scheduled for psychiatric hospitalization, independently of their psychiatric diagnosis",clinical,Yoav Domany; Cheryl B. McCullumsmith,2021,primary_results,doi,primary_study,original_empirical,primary_evidence,uncertain,supported,1.0,False,"The mean difference in depressive symptoms, measured by MADRS, at the same time was 9.75 (95% confident interval 0.72-18.79, p < 0.05) favoring ketamine.",abstract_only,abstract_only,abstract,abstract,"Randomized, Double-Blind, Placebo-Controlled, Proof-of-Concept Trial",,,,Projected from extraction_v1; support=supported; confidence=1; needs_human_review=False,Archives of Suicide Research,journal-article,2021-02-14,1381-1118,1543-6136,Informa UK Limited,"Major Depressive Disorder / psychology | Emergency Service, Hospital | Humans | Ketamine / therapeutic use | Psychiatric Status Rating Scales | Suicidal Ideation",Ketamine | emergency department | intra-nasal | suicidal ideation,,,eng,30,saline placebo,intranasal ketamine,40 mg,intranasal,single dose,Four hours post administration,,,,not_reported,high,label,alias,needs_external_id_lookup,broad_category_needs_external_id_lookup,{},{},NCT02183272,,,,,
normalized,compound and graph entity matched local registry,Ketamine,,Treatment-resistant depression,Ketamine,Treatment-resistant depression,racemic ketamine,,treatment-resistant depression,treatment-resistant depression,global depression severity,outcome_measure,Treatment-resistant depression,indication,True,10.1097/jcp.0000000000002060,Efficacy of Intravenous Racemic Ketamine on Global Severity and Individual Symptoms of Depression,compound_disorder,treatment-resistant depression,not_reported,clinical symptom severity,depression,positive,Montgomery-Åsberg Depression Rating Scale and Patient-Health Questionnaire-9 total scores,MADRS; PHQ-9,74 consecutive adult patients treated in an outpatient specialty psychiatric clinic with serial racemic ketamine infusions for treatment-resistant depression,clinical,Rachel E. Landrum; Amanda M. Raines; Philip D. Harvey; Michael D. Banov; Kevin G. Saulnier; Michelle B. Moore,2025,primary_results,doi,primary_study,original_empirical,primary_evidence,uncertain,supported,1.0,False,Results revealed significant and persistent reductions over time in both Montgomery-Åsberg Depression Rating Scale and Patient-Health Questionnaire-9 total scores,abstract_only,abstract_only,abstract,abstract,"retrospective, exploratory cohort study",,,,Projected from extraction_v1; support=supported; confidence=1.0; needs_human_review=False,Journal of Clinical Psychopharmacology,journal-article,2025-09-25,0271-0749,1533-712X,Ovid Technologies (Wolters Kluwer Health),"Humans | Ketamine / administration & dosage | Ketamine / adverse effects | Retrospective Studies | Male | Female | Middle Aged | Depressive Disorder, Treatment-Resistant / drug therapy | Depressive Disorder, Treatment-Resistant / diagnosis | Adult | Severity of Illness Index | Psychiatric Status Rating Scales | Antidepressive Agents / administration & dosage | Antidepressive Agents / adverse effects | Infusions, Intravenous | Treatment Outcome | Aged | Dose-Response Relationship, Drug",depression | dimensions | domains | ketamine | treatment-resistance,,,eng,74,not_reported,intravenous racemic ketamine therapy,serial racemic ketamine infusions,intravenous,over 10 treatment sessions,over time,,,,not_reported,low,alias,label,needs_external_id_lookup,needs_external_id_lookup,{},{},,,,,,
normalized,compound and graph entity matched local registry,Ketamine,,Treatment-resistant depression,Ketamine,Treatment-resistant depression,racemic ketamine,,treatment-resistant depression,treatment-resistant depression,individual depressive symptoms,outcome_measure,Treatment-resistant depression,indication,True,10.1097/jcp.0000000000002060,Efficacy of Intravenous Racemic Ketamine on Global Severity and Individual Symptoms of Depression,compound_disorder,treatment-resistant depression,not_reported,clinical symptom severity,depression,positive,individual items on Montgomery-Åsberg Depression Rating Scale and Patient-Health Questionnaire-9,MADRS; PHQ-9,74 consecutive adult patients treated in an outpatient specialty psychiatric clinic with serial racemic ketamine infusions for treatment-resistant depression,clinical,Rachel E. Landrum; Amanda M. Raines; Philip D. Harvey; Michael D. Banov; Kevin G. Saulnier; Michelle B. Moore,2025,primary_results,doi,primary_study,original_empirical,primary_evidence,uncertain,supported,1.0,False,as well as in all individual items on both scales (all P s < 0.001). ... with suicidal ideation and depression demonstrating the largest response and appetite disturbance the least.,abstract_only,abstract_only,abstract,abstract,"retrospective, exploratory cohort study",,,,Projected from extraction_v1; support=supported; confidence=1.0; needs_human_review=False,Journal of Clinical Psychopharmacology,journal-article,2025-09-25,0271-0749,1533-712X,Ovid Technologies (Wolters Kluwer Health),"Humans | Ketamine / administration & dosage | Ketamine / adverse effects | Retrospective Studies | Male | Female | Middle Aged | Depressive Disorder, Treatment-Resistant / drug therapy | Depressive Disorder, Treatment-Resistant / diagnosis | Adult | Severity of Illness Index | Psychiatric Status Rating Scales | Antidepressive Agents / administration & dosage | Antidepressive Agents / adverse effects | Infusions, Intravenous | Treatment Outcome | Aged | Dose-Response Relationship, Drug",depression | dimensions | domains | ketamine | treatment-resistance,,,eng,74,not_reported,intravenous racemic ketamine therapy,serial racemic ketamine infusions,intravenous,over 10 treatment sessions,over time,,,,not_reported,low,alias,label,needs_external_id_lookup,needs_external_id_lookup,{},{},,,,,,
normalized,compound and graph entity matched local registry,Ketamine,,Major depressive disorder,Ketamine,Major depressive disorder,ketamine,,major depressive disorder,major depressive disorder,"day 1 antidepressant response (MADRS, r=0.60; QIDS-SR, r=0.67)",therapeutic_indication,Major depressive disorder,indication,True,10.1176/appi.ajp.20250903,Regional Blood Flow Signatures of Opioidergic Modulation of Ketamine in Major Depressive Disorder: A Randomized Crossover Study,compound_disorder,major depressive disorder (MDD),not_reported,clinical outcome,depressive symptoms,positive,"antidepressant response (Montgomery-Åsberg Depression Rating Scale, Quick Inventory of Depressive Symptomatology-Self-Report)",MADRS; QIDS,26 adults (18-50 years of age) with MDD,clinical,Luke A. Jelen; Owen O’Daly; Fernando O. Zelaya; James M. Stone; Allan H. Young; Mitul A. Mehta,2026,primary_results,doi,primary_study,original_empirical,primary_evidence,uncertain,supported,0.8,False,"Under placebo pretreatment, baseline subgenual rCBF (adjusted for global CBF) was significantly associated with day 1 antidepressant response (MADRS, r=0.60; QIDS-SR, r=0.67).",abstract_only,abstract_only,abstract,abstract,"randomized, double-blind, crossover study",,,,Projected from extraction_v1; support=supported; confidence=0.8; needs_human_review=False,American Journal of Psychiatry,journal-article,2026-04-02,0002-953X,1535-7228,American Psychiatric Association Publishing,,Depressive Disorders | Ketamine/Esketamine | Neuroimaging | Psychopharmacology,,,eng,26,placebo pretreatment,intravenous ketamine,0.5 mg/kg over 40 minutes,intravenous,single session,day 1,,,,,high,label,label,needs_external_id_lookup,needs_external_id_lookup,{},{},,,,,,
