claim_type,compound,disorder,raw_entity_label,entity_role,clinical_context_condition,graph_entity_label,graph_entity_type,graph_include_candidate,graph_exclusion_reason,outcome_type,outcome_domain,result_direction,outcome_measure,outcome_measure_normalized,population,system,study_doi,openalex_id,study_title,authors,study_year,study_journal,publication_type,trial_registry_ids,publication_date,journal_issn,journal_eissn,publisher,mesh_terms,keywords,funders,grant_ids,related_dois,publication_relations,is_retracted,has_correction,language,semantic_scholar_id,paper_type,evidence_level,source,source_type,source_family,paper_assessment_route,evidence_strength,support,confidence,needs_human_review,access_level,source_access_level,evidence_location,evidence_locator,study_design,sample_size_total,comparator,intervention_or_exposure,dose,route,session_count_or_duration,timepoint,effect_size,p_value,confidence_interval,adverse_events,supporting_quote,funding,conflicts_of_interest,risk_of_bias_summary,notes
compound_disorder,ibogaine,substance use disorders,substance use disorders,therapeutic_indication,,substance use disorders,indication,True,,secondary literature coverage,,unclear,,,,unknown,10.12775/qs.2026.54.69942,,The Efficacy and Safety of Ibogaine Treatment for Substance Use Disorders - A Narrative Review,Milena Majchrzyk; Weronika Walendziak; Magdalena Ostaszewska; Damian Zienkiewicz; Gabriela Makulec; Karolina Domosud; Natalia Mordal; Kacper Ściebura; Wiktoria Wiśniewska; Anna Malczyk,2026,Quality in Sport,journal-article,,2026-04-02,2450-3118,2450-3118,Uniwersytet Mikolaja Kopernika/Nicolaus Copernicus University,,,,,,,,,,,review,low,doi,review,evidence_synthesis,secondary_literature,uncertain,uncertain,1.0,False,secondary_summary,full_text_seen,abstract,C001,Narrative Review,,,,,,,,,,,,Our study aims to evaluate the efficacy and safety of ibogaine in the treatment of substance use disorders and to determine its therapeutic potential.,,,,"Projected from extraction_v1 coverage_mentions; coverage_type=reviews; relationship is discussed in secondary literature, not treated as primary evidence"
compound_disorder,ibogaine,opioid dependence,opioid dependence,therapeutic_indication,,opioid dependence,indication,True,,secondary literature coverage,,unclear,,,,unknown,10.12775/qs.2026.54.69942,,The Efficacy and Safety of Ibogaine Treatment for Substance Use Disorders - A Narrative Review,Milena Majchrzyk; Weronika Walendziak; Magdalena Ostaszewska; Damian Zienkiewicz; Gabriela Makulec; Karolina Domosud; Natalia Mordal; Kacper Ściebura; Wiktoria Wiśniewska; Anna Malczyk,2026,Quality in Sport,journal-article,,2026-04-02,2450-3118,2450-3118,Uniwersytet Mikolaja Kopernika/Nicolaus Copernicus University,,,,,,,,,,,review,low,doi,review,evidence_synthesis,secondary_literature,uncertain,uncertain,1.0,False,secondary_summary,full_text_seen,abstract,C001,Narrative Review,,,,,,,,,,,,"review papers on the use of ibogaine in the context of opioid, cocaine, and alcohol dependence were used.",,,,"Projected from extraction_v1 coverage_mentions; coverage_type=reviews; relationship is discussed in secondary literature, not treated as primary evidence"
compound_disorder,ibogaine,cocaine dependence,cocaine dependence,therapeutic_indication,,cocaine dependence,indication,True,,secondary literature coverage,,unclear,,,,unknown,10.12775/qs.2026.54.69942,,The Efficacy and Safety of Ibogaine Treatment for Substance Use Disorders - A Narrative Review,Milena Majchrzyk; Weronika Walendziak; Magdalena Ostaszewska; Damian Zienkiewicz; Gabriela Makulec; Karolina Domosud; Natalia Mordal; Kacper Ściebura; Wiktoria Wiśniewska; Anna Malczyk,2026,Quality in Sport,journal-article,,2026-04-02,2450-3118,2450-3118,Uniwersytet Mikolaja Kopernika/Nicolaus Copernicus University,,,,,,,,,,,review,low,doi,review,evidence_synthesis,secondary_literature,uncertain,uncertain,1.0,False,secondary_summary,full_text_seen,abstract,C001,Narrative Review,,,,,,,,,,,,"review papers on the use of ibogaine in the context of opioid, cocaine, and alcohol dependence were used.",,,,"Projected from extraction_v1 coverage_mentions; coverage_type=reviews; relationship is discussed in secondary literature, not treated as primary evidence"
compound_disorder,ibogaine,alcohol dependence,alcohol dependence,therapeutic_indication,,alcohol dependence,indication,True,,secondary literature coverage,,unclear,,,,unknown,10.12775/qs.2026.54.69942,,The Efficacy and Safety of Ibogaine Treatment for Substance Use Disorders - A Narrative Review,Milena Majchrzyk; Weronika Walendziak; Magdalena Ostaszewska; Damian Zienkiewicz; Gabriela Makulec; Karolina Domosud; Natalia Mordal; Kacper Ściebura; Wiktoria Wiśniewska; Anna Malczyk,2026,Quality in Sport,journal-article,,2026-04-02,2450-3118,2450-3118,Uniwersytet Mikolaja Kopernika/Nicolaus Copernicus University,,,,,,,,,,,review,low,doi,review,evidence_synthesis,secondary_literature,uncertain,uncertain,1.0,False,secondary_summary,full_text_seen,abstract,C001,Narrative Review,,,,,,,,,,,,"review papers on the use of ibogaine in the context of opioid, cocaine, and alcohol dependence were used.",,,,"Projected from extraction_v1 coverage_mentions; coverage_type=reviews; relationship is discussed in secondary literature, not treated as primary evidence"
compound_disorder,ibogaine,withdrawal symptoms and cravings,withdrawal symptoms and cravings,therapeutic_indication,,withdrawal symptoms and cravings,indication,True,,secondary literature coverage,,unclear,,,,unknown,10.12775/qs.2026.54.69942,,The Efficacy and Safety of Ibogaine Treatment for Substance Use Disorders - A Narrative Review,Milena Majchrzyk; Weronika Walendziak; Magdalena Ostaszewska; Damian Zienkiewicz; Gabriela Makulec; Karolina Domosud; Natalia Mordal; Kacper Ściebura; Wiktoria Wiśniewska; Anna Malczyk,2026,Quality in Sport,journal-article,,2026-04-02,2450-3118,2450-3118,Uniwersytet Mikolaja Kopernika/Nicolaus Copernicus University,,,,,,,,,,,review,low,doi,review,evidence_synthesis,secondary_literature,uncertain,uncertain,1.0,False,secondary_summary,full_text_seen,abstract,C001,Narrative Review,,,,,,,,,,,,"Ibogaine, a naturally occurring indole alkaloid derived from Tabernanthe iboga, has attracted increasing scientific interest due to its reported ability to reduce withdrawal symptoms and cravings.",,,,"Projected from extraction_v1 coverage_mentions; coverage_type=discusses; relationship is discussed in secondary literature, not treated as primary evidence"
compound_disorder,psychedelics,Treatment-Resistant Depression,Treatment-Resistant Depression,therapeutic_indication,,Treatment-Resistant Depression,indication,True,,secondary literature coverage,,unclear,,,,unknown,10.53941/cna.2025.100006,,"Novel perspectives for glutamatergic strategies, psychedelics and antipsychotic augmentation in Treatment Resistant Depression: A narrative review",Stefania Chiappini; Clara Cavallotto; Andrea Miuli; Giacomo d'Andrea; Alessio Mosca; Carlotta Marrangone; Rita Allegretti; Serena Panichella; Antonio D'Attilio; Giovanna Mammarella,2025,Clinical Neuropsychopharmacology and Addiction,journal-article,,2025-09-25,3083-5070,3083-5070,Scilight Press Pty Ltd,,,,,,,,,en,,review,low,doi,review,evidence_synthesis,secondary_literature,uncertain,uncertain,0.9,False,secondary_summary,full_text_seen,abstract,C001,narrative review,,,,,,,,,,,,"Emerging therapeutic strategies, particularly glutamatergic modulators and psychedelics, have shown promising results in managing TRD.",,,,"Projected from extraction_v1 coverage_mentions; coverage_type=discusses; relationship is discussed in secondary literature, not treated as primary evidence"
compound_disorder,ketamine,depressive symptoms,depressive symptoms,therapeutic_indication,,depressive symptoms,indication,True,,secondary literature coverage,,unclear,,,,unknown,10.53941/cna.2025.100006,,"Novel perspectives for glutamatergic strategies, psychedelics and antipsychotic augmentation in Treatment Resistant Depression: A narrative review",Stefania Chiappini; Clara Cavallotto; Andrea Miuli; Giacomo d'Andrea; Alessio Mosca; Carlotta Marrangone; Rita Allegretti; Serena Panichella; Antonio D'Attilio; Giovanna Mammarella,2025,Clinical Neuropsychopharmacology and Addiction,journal-article,,2025-09-25,3083-5070,3083-5070,Scilight Press Pty Ltd,,,,,,,,,en,,review,low,doi,review,evidence_synthesis,secondary_literature,uncertain,uncertain,0.9,False,secondary_summary,full_text_seen,abstract,C001,narrative review,,,,,,,,,,,,"The most frequently studied treatments (43 studies) are glutamatergic agents, particularly intravenous ketamine and intranasal esketamine, which have consistently demonstrated rapid and clinically meaningful reductions in depressive symptoms.",,,,"Projected from extraction_v1 coverage_mentions; coverage_type=discusses; relationship is discussed in secondary literature, not treated as primary evidence"
compound_disorder,esketamine,depressive symptoms,depressive symptoms,therapeutic_indication,,depressive symptoms,indication,True,,secondary literature coverage,,unclear,,,,unknown,10.53941/cna.2025.100006,,"Novel perspectives for glutamatergic strategies, psychedelics and antipsychotic augmentation in Treatment Resistant Depression: A narrative review",Stefania Chiappini; Clara Cavallotto; Andrea Miuli; Giacomo d'Andrea; Alessio Mosca; Carlotta Marrangone; Rita Allegretti; Serena Panichella; Antonio D'Attilio; Giovanna Mammarella,2025,Clinical Neuropsychopharmacology and Addiction,journal-article,,2025-09-25,3083-5070,3083-5070,Scilight Press Pty Ltd,,,,,,,,,en,,review,low,doi,review,evidence_synthesis,secondary_literature,uncertain,uncertain,0.9,False,secondary_summary,full_text_seen,abstract,C001,narrative review,,,,,,,,,,,,"The most frequently studied treatments (43 studies) are glutamatergic agents, particularly intravenous ketamine and intranasal esketamine, which have consistently demonstrated rapid and clinically meaningful reductions in depressive symptoms.",,,,"Projected from extraction_v1 coverage_mentions; coverage_type=discusses; relationship is discussed in secondary literature, not treated as primary evidence"
compound_disorder,psilocybin,Treatment-Resistant Depression,Treatment-Resistant Depression,therapeutic_indication,,Treatment-Resistant Depression,indication,True,,secondary literature coverage,,unclear,,,,unknown,10.53941/cna.2025.100006,,"Novel perspectives for glutamatergic strategies, psychedelics and antipsychotic augmentation in Treatment Resistant Depression: A narrative review",Stefania Chiappini; Clara Cavallotto; Andrea Miuli; Giacomo d'Andrea; Alessio Mosca; Carlotta Marrangone; Rita Allegretti; Serena Panichella; Antonio D'Attilio; Giovanna Mammarella,2025,Clinical Neuropsychopharmacology and Addiction,journal-article,,2025-09-25,3083-5070,3083-5070,Scilight Press Pty Ltd,,,,,,,,,en,,review,low,doi,review,evidence_synthesis,secondary_literature,uncertain,uncertain,0.8,False,secondary_summary,full_text_seen,abstract,C001,narrative review,,,,,,,,,,,,"We conducted a narrative review using PubMed and Scopus with the query ""(treatment resistant depression OR TRD) AND (glutamatergic OR glutamate OR psychedelic OR psilocybin OR antipsychotic augmentation) NOT (review OR animal OR mouse).""",,,,"Projected from extraction_v1 coverage_mentions; coverage_type=mentions; relationship is discussed in secondary literature, not treated as primary evidence"
compound_disorder,psilocybin,addiction,addiction,therapeutic_indication,,addiction,indication,True,,secondary literature coverage,,unclear,,,,unknown,10.59324/ejahss.2024.1(3).10,,From Venerable Cultural Practices to Modern Psychological Solutions: Enter Entheogens into Mainstream Medicine,Nicholas A. Kerna; Kevin D. Pruitt; N.D. Victor Carsrud; Kyle Kadivi; Dabeluchi C. Ngwu; Hilary M. Holets; John V. Flores; Ijeoma Nnake; Cornelius I. Azi; Joseph Anderson II,2024,"European Journal of Arts, Humanities and Social Sciences",journal-article,,2024-05-01,3041-1262,3041-1262,AMO Publisher,,,,,,,,,,,review,low,doi,review,evidence_synthesis,secondary_literature,uncertain,uncertain,0.9,False,secondary_summary,full_text_seen,table,Table 3,secondary_literature,,,,,,,,,,,,Table 3 . Overview of the Clinical Applications of Each Entheogen ... Psilocybin ✔ Addiction,,,,"Projected from extraction_v1 coverage_mentions; coverage_type=reviews; relationship is discussed in secondary literature, not treated as primary evidence"
compound_disorder,psilocybin,anxiety,anxiety,therapeutic_indication,,anxiety,indication,True,,secondary literature coverage,,unclear,,,,unknown,10.59324/ejahss.2024.1(3).10,,From Venerable Cultural Practices to Modern Psychological Solutions: Enter Entheogens into Mainstream Medicine,Nicholas A. Kerna; Kevin D. Pruitt; N.D. Victor Carsrud; Kyle Kadivi; Dabeluchi C. Ngwu; Hilary M. Holets; John V. Flores; Ijeoma Nnake; Cornelius I. Azi; Joseph Anderson II,2024,"European Journal of Arts, Humanities and Social Sciences",journal-article,,2024-05-01,3041-1262,3041-1262,AMO Publisher,,,,,,,,,,,review,low,doi,review,evidence_synthesis,secondary_literature,uncertain,uncertain,0.9,False,secondary_summary,full_text_seen,table,Table 3,secondary_literature,,,,,,,,,,,,Table 3 . Overview of the Clinical Applications of Each Entheogen ... Psilocybin ✔ Anxiety,,,,"Projected from extraction_v1 coverage_mentions; coverage_type=reviews; relationship is discussed in secondary literature, not treated as primary evidence"
compound_disorder,psilocybin,depression,depression,therapeutic_indication,,depression,indication,True,,secondary literature coverage,,unclear,,,,unknown,10.59324/ejahss.2024.1(3).10,,From Venerable Cultural Practices to Modern Psychological Solutions: Enter Entheogens into Mainstream Medicine,Nicholas A. Kerna; Kevin D. Pruitt; N.D. Victor Carsrud; Kyle Kadivi; Dabeluchi C. Ngwu; Hilary M. Holets; John V. Flores; Ijeoma Nnake; Cornelius I. Azi; Joseph Anderson II,2024,"European Journal of Arts, Humanities and Social Sciences",journal-article,,2024-05-01,3041-1262,3041-1262,AMO Publisher,,,,,,,,,,,review,low,doi,review,evidence_synthesis,secondary_literature,uncertain,uncertain,0.9,False,secondary_summary,full_text_seen,table,Table 3,secondary_literature,,,,,,,,,,,,Table 3 . Overview of the Clinical Applications of Each Entheogen ... Psilocybin ✔ Depression,,,,"Projected from extraction_v1 coverage_mentions; coverage_type=reviews; relationship is discussed in secondary literature, not treated as primary evidence"
compound_disorder,psilocybin,post-traumatic stress disorder,post-traumatic stress disorder,therapeutic_indication,,post-traumatic stress disorder,indication,True,,secondary literature coverage,,unclear,,,,unknown,10.59324/ejahss.2024.1(3).10,,From Venerable Cultural Practices to Modern Psychological Solutions: Enter Entheogens into Mainstream Medicine,Nicholas A. Kerna; Kevin D. Pruitt; N.D. Victor Carsrud; Kyle Kadivi; Dabeluchi C. Ngwu; Hilary M. Holets; John V. Flores; Ijeoma Nnake; Cornelius I. Azi; Joseph Anderson II,2024,"European Journal of Arts, Humanities and Social Sciences",journal-article,,2024-05-01,3041-1262,3041-1262,AMO Publisher,,,,,,,,,,,review,low,doi,review,evidence_synthesis,secondary_literature,uncertain,uncertain,0.9,False,secondary_summary,full_text_seen,table,Table 3,secondary_literature,,,,,,,,,,,,Table 3 . Overview of the Clinical Applications of Each Entheogen ... Psilocybin ✔ PTSD,,,,"Projected from extraction_v1 coverage_mentions; coverage_type=reviews; relationship is discussed in secondary literature, not treated as primary evidence"
compound_disorder,psilocybin,pain management,pain management,therapeutic_indication,,pain management,indication,True,,secondary literature coverage,,unclear,,,,unknown,10.59324/ejahss.2024.1(3).10,,From Venerable Cultural Practices to Modern Psychological Solutions: Enter Entheogens into Mainstream Medicine,Nicholas A. Kerna; Kevin D. Pruitt; N.D. Victor Carsrud; Kyle Kadivi; Dabeluchi C. Ngwu; Hilary M. Holets; John V. Flores; Ijeoma Nnake; Cornelius I. Azi; Joseph Anderson II,2024,"European Journal of Arts, Humanities and Social Sciences",journal-article,,2024-05-01,3041-1262,3041-1262,AMO Publisher,,,,,,,,,,,review,low,doi,review,evidence_synthesis,secondary_literature,uncertain,uncertain,0.9,False,secondary_summary,full_text_seen,table,Table 3,secondary_literature,,,,,,,,,,,,Table 3 . Overview of the Clinical Applications of Each Entheogen ... Psilocybin ✔ Pain Management,,,,"Projected from extraction_v1 coverage_mentions; coverage_type=reviews; relationship is discussed in secondary literature, not treated as primary evidence"
compound_disorder,psilocybin,cluster headaches,cluster headaches,therapeutic_indication,,cluster headaches,indication,True,,secondary literature coverage,,unclear,,,,unknown,10.59324/ejahss.2024.1(3).10,,From Venerable Cultural Practices to Modern Psychological Solutions: Enter Entheogens into Mainstream Medicine,Nicholas A. Kerna; Kevin D. Pruitt; N.D. Victor Carsrud; Kyle Kadivi; Dabeluchi C. Ngwu; Hilary M. Holets; John V. Flores; Ijeoma Nnake; Cornelius I. Azi; Joseph Anderson II,2024,"European Journal of Arts, Humanities and Social Sciences",journal-article,,2024-05-01,3041-1262,3041-1262,AMO Publisher,,,,,,,,,,,review,low,doi,review,evidence_synthesis,secondary_literature,uncertain,uncertain,0.9,False,secondary_summary,full_text_seen,table,Table 3,secondary_literature,,,,,,,,,,,,Table 3 . Overview of the Clinical Applications of Each Entheogen ... Psilocybin ✔ Cluster Headaches,,,,"Projected from extraction_v1 coverage_mentions; coverage_type=reviews; relationship is discussed in secondary literature, not treated as primary evidence"
compound_disorder,"N,N-dimethyltryptamine",addiction,addiction,therapeutic_indication,,addiction,indication,True,,secondary literature coverage,,unclear,,,,unknown,10.59324/ejahss.2024.1(3).10,,From Venerable Cultural Practices to Modern Psychological Solutions: Enter Entheogens into Mainstream Medicine,Nicholas A. Kerna; Kevin D. Pruitt; N.D. Victor Carsrud; Kyle Kadivi; Dabeluchi C. Ngwu; Hilary M. Holets; John V. Flores; Ijeoma Nnake; Cornelius I. Azi; Joseph Anderson II,2024,"European Journal of Arts, Humanities and Social Sciences",journal-article,,2024-05-01,3041-1262,3041-1262,AMO Publisher,,,,,,,,,,,review,low,doi,review,evidence_synthesis,secondary_literature,uncertain,uncertain,0.9,False,secondary_summary,full_text_seen,table,Table 3,secondary_literature,,,,,,,,,,,,Table 3 . Overview of the Clinical Applications of Each Entheogen ... DMT ✔ Addiction,,,,"Projected from extraction_v1 coverage_mentions; coverage_type=reviews; relationship is discussed in secondary literature, not treated as primary evidence"
compound_disorder,"N,N-dimethyltryptamine",anxiety,anxiety,therapeutic_indication,,anxiety,indication,True,,secondary literature coverage,,unclear,,,,unknown,10.59324/ejahss.2024.1(3).10,,From Venerable Cultural Practices to Modern Psychological Solutions: Enter Entheogens into Mainstream Medicine,Nicholas A. Kerna; Kevin D. Pruitt; N.D. Victor Carsrud; Kyle Kadivi; Dabeluchi C. Ngwu; Hilary M. Holets; John V. Flores; Ijeoma Nnake; Cornelius I. Azi; Joseph Anderson II,2024,"European Journal of Arts, Humanities and Social Sciences",journal-article,,2024-05-01,3041-1262,3041-1262,AMO Publisher,,,,,,,,,,,review,low,doi,review,evidence_synthesis,secondary_literature,uncertain,uncertain,0.9,False,secondary_summary,full_text_seen,table,Table 3,secondary_literature,,,,,,,,,,,,Table 3 . Overview of the Clinical Applications of Each Entheogen ... DMT ✔ Anxiety,,,,"Projected from extraction_v1 coverage_mentions; coverage_type=reviews; relationship is discussed in secondary literature, not treated as primary evidence"
compound_disorder,"N,N-dimethyltryptamine",depression,depression,therapeutic_indication,,depression,indication,True,,secondary literature coverage,,unclear,,,,unknown,10.59324/ejahss.2024.1(3).10,,From Venerable Cultural Practices to Modern Psychological Solutions: Enter Entheogens into Mainstream Medicine,Nicholas A. Kerna; Kevin D. Pruitt; N.D. Victor Carsrud; Kyle Kadivi; Dabeluchi C. Ngwu; Hilary M. Holets; John V. Flores; Ijeoma Nnake; Cornelius I. Azi; Joseph Anderson II,2024,"European Journal of Arts, Humanities and Social Sciences",journal-article,,2024-05-01,3041-1262,3041-1262,AMO Publisher,,,,,,,,,,,review,low,doi,review,evidence_synthesis,secondary_literature,uncertain,uncertain,0.9,False,secondary_summary,full_text_seen,table,Table 3,secondary_literature,,,,,,,,,,,,Table 3 . Overview of the Clinical Applications of Each Entheogen ... DMT ✔ Depression,,,,"Projected from extraction_v1 coverage_mentions; coverage_type=reviews; relationship is discussed in secondary literature, not treated as primary evidence"
compound_disorder,"N,N-dimethyltryptamine",post-traumatic stress disorder,post-traumatic stress disorder,therapeutic_indication,,post-traumatic stress disorder,indication,True,,secondary literature coverage,,unclear,,,,unknown,10.59324/ejahss.2024.1(3).10,,From Venerable Cultural Practices to Modern Psychological Solutions: Enter Entheogens into Mainstream Medicine,Nicholas A. Kerna; Kevin D. Pruitt; N.D. Victor Carsrud; Kyle Kadivi; Dabeluchi C. Ngwu; Hilary M. Holets; John V. Flores; Ijeoma Nnake; Cornelius I. Azi; Joseph Anderson II,2024,"European Journal of Arts, Humanities and Social Sciences",journal-article,,2024-05-01,3041-1262,3041-1262,AMO Publisher,,,,,,,,,,,review,low,doi,review,evidence_synthesis,secondary_literature,uncertain,uncertain,0.9,False,secondary_summary,full_text_seen,table,Table 3,secondary_literature,,,,,,,,,,,,Table 3 . Overview of the Clinical Applications of Each Entheogen ... DMT ✔ PTSD,,,,"Projected from extraction_v1 coverage_mentions; coverage_type=reviews; relationship is discussed in secondary literature, not treated as primary evidence"
compound_disorder,mescaline,anxiety,anxiety,therapeutic_indication,,anxiety,indication,True,,secondary literature coverage,,unclear,,,,unknown,10.59324/ejahss.2024.1(3).10,,From Venerable Cultural Practices to Modern Psychological Solutions: Enter Entheogens into Mainstream Medicine,Nicholas A. Kerna; Kevin D. Pruitt; N.D. Victor Carsrud; Kyle Kadivi; Dabeluchi C. Ngwu; Hilary M. Holets; John V. Flores; Ijeoma Nnake; Cornelius I. Azi; Joseph Anderson II,2024,"European Journal of Arts, Humanities and Social Sciences",journal-article,,2024-05-01,3041-1262,3041-1262,AMO Publisher,,,,,,,,,,,review,low,doi,review,evidence_synthesis,secondary_literature,uncertain,uncertain,0.9,False,secondary_summary,full_text_seen,table,Table 3,secondary_literature,,,,,,,,,,,,Table 3 . Overview of the Clinical Applications of Each Entheogen ... Mescaline ✔ Anxiety,,,,"Projected from extraction_v1 coverage_mentions; coverage_type=reviews; relationship is discussed in secondary literature, not treated as primary evidence"
compound_disorder,mescaline,depression,depression,therapeutic_indication,,depression,indication,True,,secondary literature coverage,,unclear,,,,unknown,10.59324/ejahss.2024.1(3).10,,From Venerable Cultural Practices to Modern Psychological Solutions: Enter Entheogens into Mainstream Medicine,Nicholas A. Kerna; Kevin D. Pruitt; N.D. Victor Carsrud; Kyle Kadivi; Dabeluchi C. Ngwu; Hilary M. Holets; John V. Flores; Ijeoma Nnake; Cornelius I. Azi; Joseph Anderson II,2024,"European Journal of Arts, Humanities and Social Sciences",journal-article,,2024-05-01,3041-1262,3041-1262,AMO Publisher,,,,,,,,,,,review,low,doi,review,evidence_synthesis,secondary_literature,uncertain,uncertain,0.9,False,secondary_summary,full_text_seen,table,Table 3,secondary_literature,,,,,,,,,,,,Table 3 . Overview of the Clinical Applications of Each Entheogen ... Mescaline ✔ Depression,,,,"Projected from extraction_v1 coverage_mentions; coverage_type=reviews; relationship is discussed in secondary literature, not treated as primary evidence"
compound_disorder,lysergic acid diethylamide,addiction,addiction,therapeutic_indication,,addiction,indication,True,,secondary literature coverage,,unclear,,,,unknown,10.59324/ejahss.2024.1(3).10,,From Venerable Cultural Practices to Modern Psychological Solutions: Enter Entheogens into Mainstream Medicine,Nicholas A. Kerna; Kevin D. Pruitt; N.D. Victor Carsrud; Kyle Kadivi; Dabeluchi C. Ngwu; Hilary M. Holets; John V. Flores; Ijeoma Nnake; Cornelius I. Azi; Joseph Anderson II,2024,"European Journal of Arts, Humanities and Social Sciences",journal-article,,2024-05-01,3041-1262,3041-1262,AMO Publisher,,,,,,,,,,,review,low,doi,review,evidence_synthesis,secondary_literature,uncertain,uncertain,0.9,False,secondary_summary,full_text_seen,table,Table 3,secondary_literature,,,,,,,,,,,,Table 3 . Overview of the Clinical Applications of Each Entheogen ... LSD ✔ Addiction,,,,"Projected from extraction_v1 coverage_mentions; coverage_type=reviews; relationship is discussed in secondary literature, not treated as primary evidence"
compound_disorder,lysergic acid diethylamide,anxiety,anxiety,therapeutic_indication,,anxiety,indication,True,,secondary literature coverage,,unclear,,,,unknown,10.59324/ejahss.2024.1(3).10,,From Venerable Cultural Practices to Modern Psychological Solutions: Enter Entheogens into Mainstream Medicine,Nicholas A. Kerna; Kevin D. Pruitt; N.D. Victor Carsrud; Kyle Kadivi; Dabeluchi C. Ngwu; Hilary M. Holets; John V. Flores; Ijeoma Nnake; Cornelius I. Azi; Joseph Anderson II,2024,"European Journal of Arts, Humanities and Social Sciences",journal-article,,2024-05-01,3041-1262,3041-1262,AMO Publisher,,,,,,,,,,,review,low,doi,review,evidence_synthesis,secondary_literature,uncertain,uncertain,0.9,False,secondary_summary,full_text_seen,table,Table 3,secondary_literature,,,,,,,,,,,,Table 3 . Overview of the Clinical Applications of Each Entheogen ... LSD ✔ Anxiety,,,,"Projected from extraction_v1 coverage_mentions; coverage_type=reviews; relationship is discussed in secondary literature, not treated as primary evidence"
compound_disorder,lysergic acid diethylamide,depression,depression,therapeutic_indication,,depression,indication,True,,secondary literature coverage,,unclear,,,,unknown,10.59324/ejahss.2024.1(3).10,,From Venerable Cultural Practices to Modern Psychological Solutions: Enter Entheogens into Mainstream Medicine,Nicholas A. Kerna; Kevin D. Pruitt; N.D. Victor Carsrud; Kyle Kadivi; Dabeluchi C. Ngwu; Hilary M. Holets; John V. Flores; Ijeoma Nnake; Cornelius I. Azi; Joseph Anderson II,2024,"European Journal of Arts, Humanities and Social Sciences",journal-article,,2024-05-01,3041-1262,3041-1262,AMO Publisher,,,,,,,,,,,review,low,doi,review,evidence_synthesis,secondary_literature,uncertain,uncertain,0.9,False,secondary_summary,full_text_seen,table,Table 3,secondary_literature,,,,,,,,,,,,Table 3 . Overview of the Clinical Applications of Each Entheogen ... LSD ✔ Depression,,,,"Projected from extraction_v1 coverage_mentions; coverage_type=reviews; relationship is discussed in secondary literature, not treated as primary evidence"
compound_disorder,lysergic acid diethylamide,post-traumatic stress disorder,post-traumatic stress disorder,therapeutic_indication,,post-traumatic stress disorder,indication,True,,secondary literature coverage,,unclear,,,,unknown,10.59324/ejahss.2024.1(3).10,,From Venerable Cultural Practices to Modern Psychological Solutions: Enter Entheogens into Mainstream Medicine,Nicholas A. Kerna; Kevin D. Pruitt; N.D. Victor Carsrud; Kyle Kadivi; Dabeluchi C. Ngwu; Hilary M. Holets; John V. Flores; Ijeoma Nnake; Cornelius I. Azi; Joseph Anderson II,2024,"European Journal of Arts, Humanities and Social Sciences",journal-article,,2024-05-01,3041-1262,3041-1262,AMO Publisher,,,,,,,,,,,review,low,doi,review,evidence_synthesis,secondary_literature,uncertain,uncertain,0.9,False,secondary_summary,full_text_seen,table,Table 3,secondary_literature,,,,,,,,,,,,Table 3 . Overview of the Clinical Applications of Each Entheogen ... LSD ✔ PTSD,,,,"Projected from extraction_v1 coverage_mentions; coverage_type=reviews; relationship is discussed in secondary literature, not treated as primary evidence"
compound_disorder,lysergic acid diethylamide,pain management,pain management,therapeutic_indication,,pain management,indication,True,,secondary literature coverage,,unclear,,,,unknown,10.59324/ejahss.2024.1(3).10,,From Venerable Cultural Practices to Modern Psychological Solutions: Enter Entheogens into Mainstream Medicine,Nicholas A. Kerna; Kevin D. Pruitt; N.D. Victor Carsrud; Kyle Kadivi; Dabeluchi C. Ngwu; Hilary M. Holets; John V. Flores; Ijeoma Nnake; Cornelius I. Azi; Joseph Anderson II,2024,"European Journal of Arts, Humanities and Social Sciences",journal-article,,2024-05-01,3041-1262,3041-1262,AMO Publisher,,,,,,,,,,,review,low,doi,review,evidence_synthesis,secondary_literature,uncertain,uncertain,0.9,False,secondary_summary,full_text_seen,table,Table 3,secondary_literature,,,,,,,,,,,,Table 3 . Overview of the Clinical Applications of Each Entheogen ... LSD ✔ Pain Management,,,,"Projected from extraction_v1 coverage_mentions; coverage_type=reviews; relationship is discussed in secondary literature, not treated as primary evidence"
compound_disorder,lysergic acid diethylamide,cluster headaches,cluster headaches,therapeutic_indication,,cluster headaches,indication,True,,secondary literature coverage,,unclear,,,,unknown,10.59324/ejahss.2024.1(3).10,,From Venerable Cultural Practices to Modern Psychological Solutions: Enter Entheogens into Mainstream Medicine,Nicholas A. Kerna; Kevin D. Pruitt; N.D. Victor Carsrud; Kyle Kadivi; Dabeluchi C. Ngwu; Hilary M. Holets; John V. Flores; Ijeoma Nnake; Cornelius I. Azi; Joseph Anderson II,2024,"European Journal of Arts, Humanities and Social Sciences",journal-article,,2024-05-01,3041-1262,3041-1262,AMO Publisher,,,,,,,,,,,review,low,doi,review,evidence_synthesis,secondary_literature,uncertain,uncertain,0.9,False,secondary_summary,full_text_seen,table,Table 3,secondary_literature,,,,,,,,,,,,Table 3 . Overview of the Clinical Applications of Each Entheogen ... LSD ✔ Cluster Headaches,,,,"Projected from extraction_v1 coverage_mentions; coverage_type=reviews; relationship is discussed in secondary literature, not treated as primary evidence"
compound_disorder,ayahuasca,addiction,addiction,therapeutic_indication,,addiction,indication,True,,secondary literature coverage,,unclear,,,,unknown,10.59324/ejahss.2024.1(3).10,,From Venerable Cultural Practices to Modern Psychological Solutions: Enter Entheogens into Mainstream Medicine,Nicholas A. Kerna; Kevin D. Pruitt; N.D. Victor Carsrud; Kyle Kadivi; Dabeluchi C. Ngwu; Hilary M. Holets; John V. Flores; Ijeoma Nnake; Cornelius I. Azi; Joseph Anderson II,2024,"European Journal of Arts, Humanities and Social Sciences",journal-article,,2024-05-01,3041-1262,3041-1262,AMO Publisher,,,,,,,,,,,review,low,doi,review,evidence_synthesis,secondary_literature,uncertain,uncertain,0.9,False,secondary_summary,full_text_seen,table,Table 3,secondary_literature,,,,,,,,,,,,Table 3 . Overview of the Clinical Applications of Each Entheogen ... Ayahuasca ✔ Addiction,,,,"Projected from extraction_v1 coverage_mentions; coverage_type=reviews; relationship is discussed in secondary literature, not treated as primary evidence"
compound_disorder,ayahuasca,anxiety,anxiety,therapeutic_indication,,anxiety,indication,True,,secondary literature coverage,,unclear,,,,unknown,10.59324/ejahss.2024.1(3).10,,From Venerable Cultural Practices to Modern Psychological Solutions: Enter Entheogens into Mainstream Medicine,Nicholas A. Kerna; Kevin D. Pruitt; N.D. Victor Carsrud; Kyle Kadivi; Dabeluchi C. Ngwu; Hilary M. Holets; John V. Flores; Ijeoma Nnake; Cornelius I. Azi; Joseph Anderson II,2024,"European Journal of Arts, Humanities and Social Sciences",journal-article,,2024-05-01,3041-1262,3041-1262,AMO Publisher,,,,,,,,,,,review,low,doi,review,evidence_synthesis,secondary_literature,uncertain,uncertain,0.9,False,secondary_summary,full_text_seen,table,Table 3,secondary_literature,,,,,,,,,,,,Table 3 . Overview of the Clinical Applications of Each Entheogen ... Ayahuasca ✔ Anxiety,,,,"Projected from extraction_v1 coverage_mentions; coverage_type=reviews; relationship is discussed in secondary literature, not treated as primary evidence"
compound_disorder,ayahuasca,depression,depression,therapeutic_indication,,depression,indication,True,,secondary literature coverage,,unclear,,,,unknown,10.59324/ejahss.2024.1(3).10,,From Venerable Cultural Practices to Modern Psychological Solutions: Enter Entheogens into Mainstream Medicine,Nicholas A. Kerna; Kevin D. Pruitt; N.D. Victor Carsrud; Kyle Kadivi; Dabeluchi C. Ngwu; Hilary M. Holets; John V. Flores; Ijeoma Nnake; Cornelius I. Azi; Joseph Anderson II,2024,"European Journal of Arts, Humanities and Social Sciences",journal-article,,2024-05-01,3041-1262,3041-1262,AMO Publisher,,,,,,,,,,,review,low,doi,review,evidence_synthesis,secondary_literature,uncertain,uncertain,0.9,False,secondary_summary,full_text_seen,table,Table 3,secondary_literature,,,,,,,,,,,,Table 3 . Overview of the Clinical Applications of Each Entheogen ... Ayahuasca ✔ Depression,,,,"Projected from extraction_v1 coverage_mentions; coverage_type=reviews; relationship is discussed in secondary literature, not treated as primary evidence"
compound_disorder,ayahuasca,post-traumatic stress disorder,post-traumatic stress disorder,therapeutic_indication,,post-traumatic stress disorder,indication,True,,secondary literature coverage,,unclear,,,,unknown,10.59324/ejahss.2024.1(3).10,,From Venerable Cultural Practices to Modern Psychological Solutions: Enter Entheogens into Mainstream Medicine,Nicholas A. Kerna; Kevin D. Pruitt; N.D. Victor Carsrud; Kyle Kadivi; Dabeluchi C. Ngwu; Hilary M. Holets; John V. Flores; Ijeoma Nnake; Cornelius I. Azi; Joseph Anderson II,2024,"European Journal of Arts, Humanities and Social Sciences",journal-article,,2024-05-01,3041-1262,3041-1262,AMO Publisher,,,,,,,,,,,review,low,doi,review,evidence_synthesis,secondary_literature,uncertain,uncertain,0.9,False,secondary_summary,full_text_seen,table,Table 3,secondary_literature,,,,,,,,,,,,Table 3 . Overview of the Clinical Applications of Each Entheogen ... Ayahuasca ✔ PTSD,,,,"Projected from extraction_v1 coverage_mentions; coverage_type=reviews; relationship is discussed in secondary literature, not treated as primary evidence"
compound_disorder,ibogaine,addiction,addiction,therapeutic_indication,,addiction,indication,True,,secondary literature coverage,,unclear,,,,unknown,10.59324/ejahss.2024.1(3).10,,From Venerable Cultural Practices to Modern Psychological Solutions: Enter Entheogens into Mainstream Medicine,Nicholas A. Kerna; Kevin D. Pruitt; N.D. Victor Carsrud; Kyle Kadivi; Dabeluchi C. Ngwu; Hilary M. Holets; John V. Flores; Ijeoma Nnake; Cornelius I. Azi; Joseph Anderson II,2024,"European Journal of Arts, Humanities and Social Sciences",journal-article,,2024-05-01,3041-1262,3041-1262,AMO Publisher,,,,,,,,,,,review,low,doi,review,evidence_synthesis,secondary_literature,uncertain,uncertain,0.9,False,secondary_summary,full_text_seen,table,Table 3,secondary_literature,,,,,,,,,,,,Table 3 . Overview of the Clinical Applications of Each Entheogen ... Ibogaine ✔ Addiction,,,,"Projected from extraction_v1 coverage_mentions; coverage_type=reviews; relationship is discussed in secondary literature, not treated as primary evidence"
compound_disorder,Psychedelics,psychiatric disorders,psychiatric disorders,therapeutic_indication,,psychiatric disorders,indication,True,,secondary literature coverage,,unclear,,,,unknown,10.1016/j.phrs.2024.107338,,Mind over matter: the microbial mindscapes of psychedelics and the gut-brain axis,Giorgia Caspani; Simon G.D. Ruffell; WaiFung Tsang; Nigel Netzband; Cyrus Rohani-Shukla; Jonathan R. Swann; Wilfred A. Jefferies,2024,Pharmacological Research,journal-article,,2024-08-05,1043-6618,1096-1186,Elsevier BV,Hallucinogens / pharmacology | Humans | Gastrointestinal Microbiome / drug effects | Animals | Brain-Gut Axis / drug effects | Brain / drug effects | Brain / metabolism,2 | 3 | 4-Methyl enedioxy methamphetamine (MDMA) | 5-dimethoxy-4-iodoamphetamine (DOI) | 5-methoxy-N | DMT | Dimethyltryptamine (DMT) | Gut microbiota | Gut-brain axis | Ketamine | Lysergic acid diethylamide (LSD) | N-dimethyltryptamine (5-MeO-DMT) | Personalised medicine | Precision medicine | Psilocin | Psilocybin | Psychedelics | Serotonin | ayahuasca,,,,,,,eng,,review,low,doi,review,evidence_synthesis,secondary_literature,uncertain,uncertain,1.0,False,secondary_summary,full_text_seen,abstract,abstract,secondary_literature,,,,,,,,,,,,Psychedelics have emerged as promising therapeutics for several psychiatric disorders.,,,,"Projected from extraction_v1 coverage_mentions; coverage_type=reviews; relationship is discussed in secondary literature, not treated as primary evidence"
compound_disorder,Psychedelics,treatment-resistant depression,treatment-resistant depression,therapeutic_indication,,treatment-resistant depression,indication,True,,secondary literature coverage,,unclear,,,,unknown,10.1016/j.phrs.2024.107338,,Mind over matter: the microbial mindscapes of psychedelics and the gut-brain axis,Giorgia Caspani; Simon G.D. Ruffell; WaiFung Tsang; Nigel Netzband; Cyrus Rohani-Shukla; Jonathan R. Swann; Wilfred A. Jefferies,2024,Pharmacological Research,journal-article,,2024-08-05,1043-6618,1096-1186,Elsevier BV,Hallucinogens / pharmacology | Humans | Gastrointestinal Microbiome / drug effects | Animals | Brain-Gut Axis / drug effects | Brain / drug effects | Brain / metabolism,2 | 3 | 4-Methyl enedioxy methamphetamine (MDMA) | 5-dimethoxy-4-iodoamphetamine (DOI) | 5-methoxy-N | DMT | Dimethyltryptamine (DMT) | Gut microbiota | Gut-brain axis | Ketamine | Lysergic acid diethylamide (LSD) | N-dimethyltryptamine (5-MeO-DMT) | Personalised medicine | Precision medicine | Psilocin | Psilocybin | Psychedelics | Serotonin | ayahuasca,,,,,,,eng,,review,low,doi,review,evidence_synthesis,secondary_literature,uncertain,uncertain,1.0,False,secondary_summary,full_text_seen,text,C003,secondary_literature,,,,,,,,,,,,"A wealth of studies has since shown the remarkable therapeutic potential of these drugs for the treatment of several disorders, including treatment-resistant depression [26]",,,,"Projected from extraction_v1 coverage_mentions; coverage_type=reviews; relationship is discussed in secondary literature, not treated as primary evidence"
compound_disorder,Psychedelics,anxiety,anxiety,therapeutic_indication,,anxiety,indication,True,,secondary literature coverage,,unclear,,,,unknown,10.1016/j.phrs.2024.107338,,Mind over matter: the microbial mindscapes of psychedelics and the gut-brain axis,Giorgia Caspani; Simon G.D. Ruffell; WaiFung Tsang; Nigel Netzband; Cyrus Rohani-Shukla; Jonathan R. Swann; Wilfred A. Jefferies,2024,Pharmacological Research,journal-article,,2024-08-05,1043-6618,1096-1186,Elsevier BV,Hallucinogens / pharmacology | Humans | Gastrointestinal Microbiome / drug effects | Animals | Brain-Gut Axis / drug effects | Brain / drug effects | Brain / metabolism,2 | 3 | 4-Methyl enedioxy methamphetamine (MDMA) | 5-dimethoxy-4-iodoamphetamine (DOI) | 5-methoxy-N | DMT | Dimethyltryptamine (DMT) | Gut microbiota | Gut-brain axis | Ketamine | Lysergic acid diethylamide (LSD) | N-dimethyltryptamine (5-MeO-DMT) | Personalised medicine | Precision medicine | Psilocin | Psilocybin | Psychedelics | Serotonin | ayahuasca,,,,,,,eng,,review,low,doi,review,evidence_synthesis,secondary_literature,uncertain,uncertain,1.0,False,secondary_summary,full_text_seen,text,C003,secondary_literature,,,,,,,,,,,,"A wealth of studies has since shown the remarkable therapeutic potential of these drugs for the treatment of several disorders, including treatment-resistant depression [26] , anxiety [67, 77]",,,,"Projected from extraction_v1 coverage_mentions; coverage_type=reviews; relationship is discussed in secondary literature, not treated as primary evidence"
compound_disorder,Psychedelics,obsessive-compulsive disorder,obsessive-compulsive disorder,therapeutic_indication,,obsessive-compulsive disorder,indication,True,,secondary literature coverage,,unclear,,,,unknown,10.1016/j.phrs.2024.107338,,Mind over matter: the microbial mindscapes of psychedelics and the gut-brain axis,Giorgia Caspani; Simon G.D. Ruffell; WaiFung Tsang; Nigel Netzband; Cyrus Rohani-Shukla; Jonathan R. Swann; Wilfred A. Jefferies,2024,Pharmacological Research,journal-article,,2024-08-05,1043-6618,1096-1186,Elsevier BV,Hallucinogens / pharmacology | Humans | Gastrointestinal Microbiome / drug effects | Animals | Brain-Gut Axis / drug effects | Brain / drug effects | Brain / metabolism,2 | 3 | 4-Methyl enedioxy methamphetamine (MDMA) | 5-dimethoxy-4-iodoamphetamine (DOI) | 5-methoxy-N | DMT | Dimethyltryptamine (DMT) | Gut microbiota | Gut-brain axis | Ketamine | Lysergic acid diethylamide (LSD) | N-dimethyltryptamine (5-MeO-DMT) | Personalised medicine | Precision medicine | Psilocin | Psilocybin | Psychedelics | Serotonin | ayahuasca,,,,,,,eng,,review,low,doi,review,evidence_synthesis,secondary_literature,uncertain,uncertain,1.0,False,secondary_summary,full_text_seen,text,C003,secondary_literature,,,,,,,,,,,,"A wealth of studies has since shown the remarkable therapeutic potential of these drugs for the treatment of several disorders, including treatment-resistant depression [26] , anxiety [67, 77] , obsessive-compulsive disorder (OCD) [132]",,,,"Projected from extraction_v1 coverage_mentions; coverage_type=reviews; relationship is discussed in secondary literature, not treated as primary evidence"
compound_disorder,Psychedelics,addiction,addiction,therapeutic_indication,,addiction,indication,True,,secondary literature coverage,,unclear,,,,unknown,10.1016/j.phrs.2024.107338,,Mind over matter: the microbial mindscapes of psychedelics and the gut-brain axis,Giorgia Caspani; Simon G.D. Ruffell; WaiFung Tsang; Nigel Netzband; Cyrus Rohani-Shukla; Jonathan R. Swann; Wilfred A. Jefferies,2024,Pharmacological Research,journal-article,,2024-08-05,1043-6618,1096-1186,Elsevier BV,Hallucinogens / pharmacology | Humans | Gastrointestinal Microbiome / drug effects | Animals | Brain-Gut Axis / drug effects | Brain / drug effects | Brain / metabolism,2 | 3 | 4-Methyl enedioxy methamphetamine (MDMA) | 5-dimethoxy-4-iodoamphetamine (DOI) | 5-methoxy-N | DMT | Dimethyltryptamine (DMT) | Gut microbiota | Gut-brain axis | Ketamine | Lysergic acid diethylamide (LSD) | N-dimethyltryptamine (5-MeO-DMT) | Personalised medicine | Precision medicine | Psilocin | Psilocybin | Psychedelics | Serotonin | ayahuasca,,,,,,,eng,,review,low,doi,review,evidence_synthesis,secondary_literature,uncertain,uncertain,1.0,False,secondary_summary,full_text_seen,text,C003,secondary_literature,,,,,,,,,,,,"A wealth of studies has since shown the remarkable therapeutic potential of these drugs for the treatment of several disorders, including treatment-resistant depression [26] , anxiety [67, 77] , obsessive-compulsive disorder (OCD) [132] and addiction [17, 91]",,,,"Projected from extraction_v1 coverage_mentions; coverage_type=reviews; relationship is discussed in secondary literature, not treated as primary evidence"
compound_disorder,Ketamine,chronic pain,chronic pain,therapeutic_indication,,chronic pain,indication,True,,secondary literature coverage,,unclear,,,,unknown,10.1007/978-3-540-74806-9_15,,Ketamine,B. Sinner; B. M. Graf,2008,Handbook of experimental pharmacology,book-chapter,,2008-01-03,0171-2004,1865-0325,Springer Berlin Heidelberg,"Analgesics / administration & dosage | Analgesics / adverse effects | Analgesics / pharmacology | Anesthetics, Dissociative / administration & dosage | Anesthetics, Dissociative / adverse effects | Anesthetics, Dissociative / pharmacology | Animals | Central Nervous System / drug effects | Contraindications | Dose-Response Relationship, Drug | Humans | Ketamine / administration & dosage | Ketamine / adverse effects | Ketamine / pharmacology | Pain / prevention & control | Substance-Related Disorders",,,,,,,,eng,,review,low,doi,review,evidence_synthesis,secondary_literature,uncertain,uncertain,1.0,False,secondary_summary,abstract_only,abstract,abstract,secondary_literature,,,,,,,,,,,,"In the treatment of chronic pain ketamine is effective as a potent analgesic or substitute together with other potent analgesics, whereby it can be added by different methods.",,,,"Projected from extraction_v1 coverage_mentions; coverage_type=discusses; relationship is discussed in secondary literature, not treated as primary evidence"
compound_disorder,Ketamine,post-operative analgesia and sedation,post-operative analgesia and sedation,therapeutic_indication,,post-operative analgesia and sedation,indication,True,,secondary literature coverage,,unclear,,,,unknown,10.1007/978-3-540-74806-9_15,,Ketamine,B. Sinner; B. M. Graf,2008,Handbook of experimental pharmacology,book-chapter,,2008-01-03,0171-2004,1865-0325,Springer Berlin Heidelberg,"Analgesics / administration & dosage | Analgesics / adverse effects | Analgesics / pharmacology | Anesthetics, Dissociative / administration & dosage | Anesthetics, Dissociative / adverse effects | Anesthetics, Dissociative / pharmacology | Animals | Central Nervous System / drug effects | Contraindications | Dose-Response Relationship, Drug | Humans | Ketamine / administration & dosage | Ketamine / adverse effects | Ketamine / pharmacology | Pain / prevention & control | Substance-Related Disorders",,,,,,,,eng,,review,low,doi,review,evidence_synthesis,secondary_literature,uncertain,uncertain,1.0,False,secondary_summary,abstract_only,abstract,abstract,secondary_literature,,,,,,,,,,,,"Even subanaesthetic doses of this drug have analgesic effects, so ketamine is also recommended for post-operative analgesia and sedation.",,,,"Projected from extraction_v1 coverage_mentions; coverage_type=discusses; relationship is discussed in secondary literature, not treated as primary evidence"
compound_disorder,Ketamine,general anaesthesia,general anaesthesia,therapeutic_indication,,general anaesthesia,indication,True,,secondary literature coverage,,unclear,,,,unknown,10.1007/978-3-540-74806-9_15,,Ketamine,B. Sinner; B. M. Graf,2008,Handbook of experimental pharmacology,book-chapter,,2008-01-03,0171-2004,1865-0325,Springer Berlin Heidelberg,"Analgesics / administration & dosage | Analgesics / adverse effects | Analgesics / pharmacology | Anesthetics, Dissociative / administration & dosage | Anesthetics, Dissociative / adverse effects | Anesthetics, Dissociative / pharmacology | Animals | Central Nervous System / drug effects | Contraindications | Dose-Response Relationship, Drug | Humans | Ketamine / administration & dosage | Ketamine / adverse effects | Ketamine / pharmacology | Pain / prevention & control | Substance-Related Disorders",,,,,,,,eng,,review,low,doi,review,evidence_synthesis,secondary_literature,uncertain,uncertain,1.0,False,secondary_summary,abstract_only,abstract,abstract,secondary_literature,,,,,,,,,,,,"In clinics, ketamine and particularly S(+)-ketamine are used for premedication, sedation, and induction and maintenance of general anaesthesia, which is than termed ""dissociative anaesthesia"".",,,,"Projected from extraction_v1 coverage_mentions; coverage_type=discusses; relationship is discussed in secondary literature, not treated as primary evidence"
compound_disorder,Ketamine,sedation and pain relief in intensive care,sedation and pain relief in intensive care,therapeutic_indication,,sedation and pain relief in intensive care,indication,True,,secondary literature coverage,,unclear,,,,unknown,10.1007/978-3-540-74806-9_15,,Ketamine,B. Sinner; B. M. Graf,2008,Handbook of experimental pharmacology,book-chapter,,2008-01-03,0171-2004,1865-0325,Springer Berlin Heidelberg,"Analgesics / administration & dosage | Analgesics / adverse effects | Analgesics / pharmacology | Anesthetics, Dissociative / administration & dosage | Anesthetics, Dissociative / adverse effects | Anesthetics, Dissociative / pharmacology | Animals | Central Nervous System / drug effects | Contraindications | Dose-Response Relationship, Drug | Humans | Ketamine / administration & dosage | Ketamine / adverse effects | Ketamine / pharmacology | Pain / prevention & control | Substance-Related Disorders",,,,,,,,eng,,review,low,doi,review,evidence_synthesis,secondary_literature,uncertain,uncertain,1.0,False,secondary_summary,abstract_only,abstract,abstract,secondary_literature,,,,,,,,,,,,"The combination of ketamine with midazolam or propofol can be extremely useful and safe for sedation and pain relief in intensive care patients, especially during sepsis and cardiovascular instability.",,,,"Projected from extraction_v1 coverage_mentions; coverage_type=discusses; relationship is discussed in secondary literature, not treated as primary evidence"
compound_disorder,Ketamine,trauma,trauma,therapeutic_indication,,trauma,indication,True,,secondary literature coverage,,unclear,,,,unknown,10.1007/978-3-540-74806-9_15,,Ketamine,B. Sinner; B. M. Graf,2008,Handbook of experimental pharmacology,book-chapter,,2008-01-03,0171-2004,1865-0325,Springer Berlin Heidelberg,"Analgesics / administration & dosage | Analgesics / adverse effects | Analgesics / pharmacology | Anesthetics, Dissociative / administration & dosage | Anesthetics, Dissociative / adverse effects | Anesthetics, Dissociative / pharmacology | Animals | Central Nervous System / drug effects | Contraindications | Dose-Response Relationship, Drug | Humans | Ketamine / administration & dosage | Ketamine / adverse effects | Ketamine / pharmacology | Pain / prevention & control | Substance-Related Disorders",,,,,,,,eng,,review,low,doi,review,evidence_synthesis,secondary_literature,uncertain,uncertain,1.0,False,secondary_summary,abstract_only,abstract,abstract,secondary_literature,,,,,,,,,,,,"Ketamine and its S(+)-isomer are ideal anaesthetic agents for trauma victims, patients with hypovolemic and septic shock and patients with pulmonary diseases.",,,,"Projected from extraction_v1 coverage_mentions; coverage_type=discusses; relationship is discussed in secondary literature, not treated as primary evidence"
compound_disorder,Ketamine,hypovolemic shock,hypovolemic shock,therapeutic_indication,,hypovolemic shock,indication,True,,secondary literature coverage,,unclear,,,,unknown,10.1007/978-3-540-74806-9_15,,Ketamine,B. Sinner; B. M. Graf,2008,Handbook of experimental pharmacology,book-chapter,,2008-01-03,0171-2004,1865-0325,Springer Berlin Heidelberg,"Analgesics / administration & dosage | Analgesics / adverse effects | Analgesics / pharmacology | Anesthetics, Dissociative / administration & dosage | Anesthetics, Dissociative / adverse effects | Anesthetics, Dissociative / pharmacology | Animals | Central Nervous System / drug effects | Contraindications | Dose-Response Relationship, Drug | Humans | Ketamine / administration & dosage | Ketamine / adverse effects | Ketamine / pharmacology | Pain / prevention & control | Substance-Related Disorders",,,,,,,,eng,,review,low,doi,review,evidence_synthesis,secondary_literature,uncertain,uncertain,1.0,False,secondary_summary,abstract_only,abstract,abstract,secondary_literature,,,,,,,,,,,,"Ketamine and its S(+)-isomer are ideal anaesthetic agents for trauma victims, patients with hypovolemic and septic shock and patients with pulmonary diseases.",,,,"Projected from extraction_v1 coverage_mentions; coverage_type=discusses; relationship is discussed in secondary literature, not treated as primary evidence"
compound_disorder,Ketamine,septic shock,septic shock,therapeutic_indication,,septic shock,indication,True,,secondary literature coverage,,unclear,,,,unknown,10.1007/978-3-540-74806-9_15,,Ketamine,B. Sinner; B. M. Graf,2008,Handbook of experimental pharmacology,book-chapter,,2008-01-03,0171-2004,1865-0325,Springer Berlin Heidelberg,"Analgesics / administration & dosage | Analgesics / adverse effects | Analgesics / pharmacology | Anesthetics, Dissociative / administration & dosage | Anesthetics, Dissociative / adverse effects | Anesthetics, Dissociative / pharmacology | Animals | Central Nervous System / drug effects | Contraindications | Dose-Response Relationship, Drug | Humans | Ketamine / administration & dosage | Ketamine / adverse effects | Ketamine / pharmacology | Pain / prevention & control | Substance-Related Disorders",,,,,,,,eng,,review,low,doi,review,evidence_synthesis,secondary_literature,uncertain,uncertain,1.0,False,secondary_summary,abstract_only,abstract,abstract,secondary_literature,,,,,,,,,,,,"Ketamine and its S(+)-isomer are ideal anaesthetic agents for trauma victims, patients with hypovolemic and septic shock and patients with pulmonary diseases.",,,,"Projected from extraction_v1 coverage_mentions; coverage_type=discusses; relationship is discussed in secondary literature, not treated as primary evidence"
compound_disorder,Ketamine,pulmonary diseases,pulmonary diseases,therapeutic_indication,,pulmonary diseases,indication,True,,secondary literature coverage,,unclear,,,,unknown,10.1007/978-3-540-74806-9_15,,Ketamine,B. Sinner; B. M. Graf,2008,Handbook of experimental pharmacology,book-chapter,,2008-01-03,0171-2004,1865-0325,Springer Berlin Heidelberg,"Analgesics / administration & dosage | Analgesics / adverse effects | Analgesics / pharmacology | Anesthetics, Dissociative / administration & dosage | Anesthetics, Dissociative / adverse effects | Anesthetics, Dissociative / pharmacology | Animals | Central Nervous System / drug effects | Contraindications | Dose-Response Relationship, Drug | Humans | Ketamine / administration & dosage | Ketamine / adverse effects | Ketamine / pharmacology | Pain / prevention & control | Substance-Related Disorders",,,,,,,,eng,,review,low,doi,review,evidence_synthesis,secondary_literature,uncertain,uncertain,1.0,False,secondary_summary,abstract_only,abstract,abstract,secondary_literature,,,,,,,,,,,,"Ketamine and its S(+)-isomer are ideal anaesthetic agents for trauma victims, patients with hypovolemic and septic shock and patients with pulmonary diseases.",,,,"Projected from extraction_v1 coverage_mentions; coverage_type=discusses; relationship is discussed in secondary literature, not treated as primary evidence"
compound_disorder,Ketamine,psycho-mimetic side-effects,psycho-mimetic side-effects,therapeutic_indication,,psycho-mimetic side-effects,indication,True,,secondary literature coverage,,unclear,,,,unknown,10.1007/978-3-540-74806-9_15,,Ketamine,B. Sinner; B. M. Graf,2008,Handbook of experimental pharmacology,book-chapter,,2008-01-03,0171-2004,1865-0325,Springer Berlin Heidelberg,"Analgesics / administration & dosage | Analgesics / adverse effects | Analgesics / pharmacology | Anesthetics, Dissociative / administration & dosage | Anesthetics, Dissociative / adverse effects | Anesthetics, Dissociative / pharmacology | Animals | Central Nervous System / drug effects | Contraindications | Dose-Response Relationship, Drug | Humans | Ketamine / administration & dosage | Ketamine / adverse effects | Ketamine / pharmacology | Pain / prevention & control | Substance-Related Disorders",,,,,,,,eng,,review,low,doi,review,evidence_synthesis,secondary_literature,uncertain,uncertain,1.0,False,secondary_summary,abstract_only,abstract,abstract,secondary_literature,,,,,,,,,,,,"There are some important patient side-effects, however, that limit its use, whereby psycho-mimetic side-effects are most common.",,,,"Projected from extraction_v1 coverage_mentions; coverage_type=mentions; relationship is discussed in secondary literature, not treated as primary evidence"
compound_disorder,Ketamine,chronic pain,chronic pain,therapeutic_indication,,chronic pain,indication,True,,secondary literature coverage,,unclear,,,,unknown,10.1007/s004820050098,,Ketamin zur Therapie chronischer Schmerzen,B. Wiedemann,1997,Der Schmerz,journal-article,,1997-08-01,0932-433X,1432-2129,Springer Science and Business Media LLC,,,,,,,,,ger,,meta_analysis,low,doi,meta_analysis,evidence_synthesis,secondary_literature,uncertain,uncertain,1.0,False,secondary_summary,abstract_only,abstract,abstract,meta-analysis,,,,,,,,,,,,"The idea of using Ketamine to treat chronic pain is mainly based on the central antinoceptive effect of the substance acting as a noncompetitive antagonist at the NMDA-receptor. In the present meta analysis over a period from 1/1981 up to 6/1996 twelve publications (1994-1996), which have dealt the use of Ketamine for patients with chronic pain, are evaluated and discussed.",,,,"Projected from extraction_v1 coverage_mentions; coverage_type=meta_analyzes; relationship is discussed in secondary literature, not treated as primary evidence"
compound_disorder,Ketamine,neuropathic pain,neuropathic pain,therapeutic_indication,,neuropathic pain,indication,True,,secondary literature coverage,,unclear,,,,unknown,10.1007/s004820050098,,Ketamin zur Therapie chronischer Schmerzen,B. Wiedemann,1997,Der Schmerz,journal-article,,1997-08-01,0932-433X,1432-2129,Springer Science and Business Media LLC,,,,,,,,,ger,,meta_analysis,low,doi,meta_analysis,evidence_synthesis,secondary_literature,uncertain,uncertain,1.0,False,secondary_summary,abstract_only,abstract,abstract,meta-analysis,,,,,,,,,,,,A significant reduction of pain has been proven for patients with neuropathic pain by four cross-over-studies comparing the drug with placebo.,,,,"Projected from extraction_v1 coverage_mentions; coverage_type=reviews; relationship is discussed in secondary literature, not treated as primary evidence"
compound_disorder,Ketamine,cancer pain,cancer pain,therapeutic_indication,,cancer pain,indication,True,,secondary literature coverage,,unclear,,,,unknown,10.1007/s004820050098,,Ketamin zur Therapie chronischer Schmerzen,B. Wiedemann,1997,Der Schmerz,journal-article,,1997-08-01,0932-433X,1432-2129,Springer Science and Business Media LLC,,,,,,,,,ger,,meta_analysis,low,doi,meta_analysis,evidence_synthesis,secondary_literature,uncertain,uncertain,1.0,False,secondary_summary,abstract_only,abstract,abstract,meta-analysis,,,,,,,,,,,,"Positive long term results have been observed by two studies considering the subcutaneous and intravenous application of Ketamine (72-480 mg, daily) to 14 cancer pain patients, to whom opioids have been administered with insufficient effects before.",,,,"Projected from extraction_v1 coverage_mentions; coverage_type=reviews; relationship is discussed in secondary literature, not treated as primary evidence"
compound_disorder,Ketamine,postherpetic neuralgia,postherpetic neuralgia,therapeutic_indication,,postherpetic neuralgia,indication,True,,secondary literature coverage,,unclear,,,,unknown,10.1007/s004820050098,,Ketamin zur Therapie chronischer Schmerzen,B. Wiedemann,1997,Der Schmerz,journal-article,,1997-08-01,0932-433X,1432-2129,Springer Science and Business Media LLC,,,,,,,,,ger,,meta_analysis,low,doi,meta_analysis,evidence_synthesis,secondary_literature,uncertain,uncertain,1.0,False,secondary_summary,abstract_only,abstract,abstract,meta-analysis,,,,,,,,,,,,A successful five-week-application (oral) of Ketamine has been described convincingly in a case report of a patient with postherpetic neuralgia.,,,,"Projected from extraction_v1 coverage_mentions; coverage_type=reviews; relationship is discussed in secondary literature, not treated as primary evidence"
compound_disorder,Ketamine,opioid tolerance / morphine requirements reduction in cancer pain,opioid tolerance / morphine requirements reduction in cancer pain,therapeutic_indication,,opioid tolerance / morphine requirements reduction in cancer pain,indication,True,,secondary literature coverage,,unclear,,,,unknown,10.1007/s004820050098,,Ketamin zur Therapie chronischer Schmerzen,B. Wiedemann,1997,Der Schmerz,journal-article,,1997-08-01,0932-433X,1432-2129,Springer Science and Business Media LLC,,,,,,,,,ger,,meta_analysis,low,doi,meta_analysis,evidence_synthesis,secondary_literature,uncertain,uncertain,0.9,False,secondary_summary,abstract_only,abstract,abstract,meta-analysis,,,,,,,,,,,,Two studies interpret the additional intrathecal administration of Ketamine to cancer patients as a possibility of either impeding the development of tolerance of the local anesthetic or reducing morphine requirements.,,,,"Projected from extraction_v1 coverage_mentions; coverage_type=reviews; relationship is discussed in secondary literature, not treated as primary evidence"
compound_disorder,LSD or psilocybin,psychological and physiological outcomes of microdosing,psychological and physiological outcomes of microdosing,therapeutic_indication,,psychological and physiological outcomes of microdosing,indication,True,,secondary literature coverage,,unclear,,,,unknown,10.1016/j.copsyc.2025.102129,,Between enhancement and risk: A critical review of psychedelic microdosing,Iva Totomanova; Eline C.H.M. Haijen; Petra P.M. Hurks; Johannes G. Ramaekers; Kim P.C. Kuypers,2025,Current Opinion in Psychology,journal-article,,2025-08-06,2352-250X,2352-2518,Elsevier BV,"Humans | Hallucinogens / administration & dosage | Hallucinogens / pharmacology | Hallucinogens / adverse effects | Psilocybin / administration & dosage | Psilocybin / pharmacology | Psilocybin / adverse effects | Lysergic Acid Diethylamide / administration & dosage | Lysergic Acid Diethylamide / pharmacology | Lysergic Acid Diethylamide / adverse effects | Cognition / drug effects | Affect / drug effects | Dose-Response Relationship, Drug",,,,,,,,eng,,review,low,doi,review,evidence_synthesis,secondary_literature,uncertain,uncertain,1.0,False,secondary_summary,abstract_only,abstract,abstract,secondary_literature,,,,,,,,,,,,"Microdosing psychedelics, the regular use of low doses of LSD or psilocybin, have attracted growing public and scientific interest. This review synthesizes findings from 57 human studies on psychological and physiological outcomes in clinical and non-clinical populations.",,,,"Projected from extraction_v1 coverage_mentions; coverage_type=reviews; relationship is discussed in secondary literature, not treated as primary evidence"
compound_disorder,LSD or psilocybin,"improved mood, enhanced cognition, social functioning, and mental health","improved mood, enhanced cognition, social functioning, and mental health",therapeutic_indication,,"improved mood, enhanced cognition, social functioning, and mental health",indication,True,,secondary literature coverage,,unclear,,,,unknown,10.1016/j.copsyc.2025.102129,,Between enhancement and risk: A critical review of psychedelic microdosing,Iva Totomanova; Eline C.H.M. Haijen; Petra P.M. Hurks; Johannes G. Ramaekers; Kim P.C. Kuypers,2025,Current Opinion in Psychology,journal-article,,2025-08-06,2352-250X,2352-2518,Elsevier BV,"Humans | Hallucinogens / administration & dosage | Hallucinogens / pharmacology | Hallucinogens / adverse effects | Psilocybin / administration & dosage | Psilocybin / pharmacology | Psilocybin / adverse effects | Lysergic Acid Diethylamide / administration & dosage | Lysergic Acid Diethylamide / pharmacology | Lysergic Acid Diethylamide / adverse effects | Cognition / drug effects | Affect / drug effects | Dose-Response Relationship, Drug",,,,,,,,eng,,review,low,doi,review,evidence_synthesis,secondary_literature,uncertain,uncertain,0.9,False,secondary_summary,abstract_only,abstract,abstract,secondary_literature,,,,,,,,,,,,"Reported benefits include improved mood, enhanced cognition, social functioning, and mental health",,,,"Projected from extraction_v1 coverage_mentions; coverage_type=discusses; relationship is discussed in secondary literature, not treated as primary evidence"
compound_disorder,LSD or psilocybin,"anxiety, physical discomfort, and cognitive disruption","anxiety, physical discomfort, and cognitive disruption",therapeutic_indication,,"anxiety, physical discomfort, and cognitive disruption",indication,True,,secondary literature coverage,,unclear,,,,unknown,10.1016/j.copsyc.2025.102129,,Between enhancement and risk: A critical review of psychedelic microdosing,Iva Totomanova; Eline C.H.M. Haijen; Petra P.M. Hurks; Johannes G. Ramaekers; Kim P.C. Kuypers,2025,Current Opinion in Psychology,journal-article,,2025-08-06,2352-250X,2352-2518,Elsevier BV,"Humans | Hallucinogens / administration & dosage | Hallucinogens / pharmacology | Hallucinogens / adverse effects | Psilocybin / administration & dosage | Psilocybin / pharmacology | Psilocybin / adverse effects | Lysergic Acid Diethylamide / administration & dosage | Lysergic Acid Diethylamide / pharmacology | Lysergic Acid Diethylamide / adverse effects | Cognition / drug effects | Affect / drug effects | Dose-Response Relationship, Drug",,,,,,,,eng,,review,low,doi,review,evidence_synthesis,secondary_literature,uncertain,uncertain,0.9,False,secondary_summary,abstract_only,abstract,abstract,secondary_literature,,,,,,,,,,,,"Adverse effects such as anxiety, physical discomfort, and cognitive disruption are also frequently reported.",,,,"Projected from extraction_v1 coverage_mentions; coverage_type=discusses; relationship is discussed in secondary literature, not treated as primary evidence"
compound_disorder,5-MeO-DMT,depression,depression,therapeutic_indication,,depression,indication,True,,secondary literature coverage,,unclear,,,,unknown,10.1080/02604027.2024.2330255,,Defining 5-MeO-DMT in Historical and Cultural Contexts,Azul Delgrasso,2024,World Futures,article,,2024-02-17,0260-4027,1556-1844,Taylor & Francis,,History | Sociology,,,,,,,en,,review,low,doi,review,evidence_synthesis,secondary_literature,uncertain,uncertain,0.9,False,secondary_summary,abstract_only,abstract,abstract,secondary_literature,,,,,,,,,,,,"In recent years, there has been growing interest in 5-MeO-DMT to treat mental health conditions such as depression, anxiety and post-traumatic stress disorder (PTSD).",,,,"Projected from extraction_v1 coverage_mentions; coverage_type=mentions; relationship is discussed in secondary literature, not treated as primary evidence"
compound_disorder,5-MeO-DMT,anxiety,anxiety,therapeutic_indication,,anxiety,indication,True,,secondary literature coverage,,unclear,,,,unknown,10.1080/02604027.2024.2330255,,Defining 5-MeO-DMT in Historical and Cultural Contexts,Azul Delgrasso,2024,World Futures,article,,2024-02-17,0260-4027,1556-1844,Taylor & Francis,,History | Sociology,,,,,,,en,,review,low,doi,review,evidence_synthesis,secondary_literature,uncertain,uncertain,0.9,False,secondary_summary,abstract_only,abstract,abstract,secondary_literature,,,,,,,,,,,,"In recent years, there has been growing interest in 5-MeO-DMT to treat mental health conditions such as depression, anxiety and post-traumatic stress disorder (PTSD).",,,,"Projected from extraction_v1 coverage_mentions; coverage_type=mentions; relationship is discussed in secondary literature, not treated as primary evidence"
compound_disorder,5-MeO-DMT,post-traumatic stress disorder (PTSD),post-traumatic stress disorder (PTSD),therapeutic_indication,,post-traumatic stress disorder (PTSD),indication,True,,secondary literature coverage,,unclear,,,,unknown,10.1080/02604027.2024.2330255,,Defining 5-MeO-DMT in Historical and Cultural Contexts,Azul Delgrasso,2024,World Futures,article,,2024-02-17,0260-4027,1556-1844,Taylor & Francis,,History | Sociology,,,,,,,en,,review,low,doi,review,evidence_synthesis,secondary_literature,uncertain,uncertain,0.9,False,secondary_summary,abstract_only,abstract,abstract,secondary_literature,,,,,,,,,,,,"In recent years, there has been growing interest in 5-MeO-DMT to treat mental health conditions such as depression, anxiety and post-traumatic stress disorder (PTSD).",,,,"Projected from extraction_v1 coverage_mentions; coverage_type=mentions; relationship is discussed in secondary literature, not treated as primary evidence"
compound_disorder,ketamine,nociception,nociception,therapeutic_indication,,nociception,indication,True,,secondary literature coverage,,unclear,,,,unknown,10.21037/jtd.2019.08.62,,The quantification and monitoring of intraoperative nociception levels in thoracic surgery: a review,Ismael Ghanty; Stefan Schraag,2019,Journal of Thoracic Disease,journal-article,,2019-09-01,2072-1439,2077-6624,AME Publishing Company,,Thoracic anaesthesia | monitoring | nociception | robot-assisted thoracic surgery,,,,,,,eng,,review,low,doi,review,evidence_synthesis,secondary_literature,uncertain,uncertain,1.0,False,secondary_summary,full_text_seen,abstract,C001,secondary_literature,,,,,,,,,,,,"Local anaesthetics (LAs), opioids and other modulating agents such as ketamine are usually utilised to blunt nociception as a component during general anaesthesia (GA) and surgery.",,,,"Projected from extraction_v1 coverage_mentions; coverage_type=discusses; relationship is discussed in secondary literature, not treated as primary evidence"
compound_disorder,psilocybin,end-of-life anxiety,end-of-life anxiety,therapeutic_indication,,end-of-life anxiety,indication,True,,secondary literature coverage,,unclear,,,,unknown,10.31275/20222633,,"The History, Legalization and Potentials of Psilocybin-Assisted Psychotherapy",Jeffery Heilman,2023,Journal of Scientific Exploration,article,,2023-02-11,0892-3310,,Society for Scientific Exploration,,Psilocybin | Psychotherapist | Psychology | Psychological intervention | Hallucinogen | Distress | Legalization | Relevance (law) | Psychiatry | Clinical psychology | Political science | Law,,,,,,,en,,review,low,doi,review,evidence_synthesis,secondary_literature,uncertain,uncertain,1.0,False,secondary_summary,full_text_seen,abstract,Abstract (C001),review,,,,,,,,,,,,"The interventions studied include the treatment of end-of-life anxiety, depression, and existential distress in patients with terminal cancer",,,,"Projected from extraction_v1 coverage_mentions; coverage_type=discusses; relationship is discussed in secondary literature, not treated as primary evidence"
compound_disorder,psilocybin,depression,depression,therapeutic_indication,,depression,indication,True,,secondary literature coverage,,unclear,,,,unknown,10.31275/20222633,,"The History, Legalization and Potentials of Psilocybin-Assisted Psychotherapy",Jeffery Heilman,2023,Journal of Scientific Exploration,article,,2023-02-11,0892-3310,,Society for Scientific Exploration,,Psilocybin | Psychotherapist | Psychology | Psychological intervention | Hallucinogen | Distress | Legalization | Relevance (law) | Psychiatry | Clinical psychology | Political science | Law,,,,,,,en,,review,low,doi,review,evidence_synthesis,secondary_literature,uncertain,uncertain,1.0,False,secondary_summary,full_text_seen,abstract,Abstract (C001),review,,,,,,,,,,,,"The interventions studied include the treatment of end-of-life anxiety, depression, and existential distress in patients with terminal cancer",,,,"Projected from extraction_v1 coverage_mentions; coverage_type=discusses; relationship is discussed in secondary literature, not treated as primary evidence"
compound_disorder,psilocybin,existential distress,existential distress,therapeutic_indication,,existential distress,indication,True,,secondary literature coverage,,unclear,,,,unknown,10.31275/20222633,,"The History, Legalization and Potentials of Psilocybin-Assisted Psychotherapy",Jeffery Heilman,2023,Journal of Scientific Exploration,article,,2023-02-11,0892-3310,,Society for Scientific Exploration,,Psilocybin | Psychotherapist | Psychology | Psychological intervention | Hallucinogen | Distress | Legalization | Relevance (law) | Psychiatry | Clinical psychology | Political science | Law,,,,,,,en,,review,low,doi,review,evidence_synthesis,secondary_literature,uncertain,uncertain,1.0,False,secondary_summary,full_text_seen,abstract,Abstract (C001),review,,,,,,,,,,,,"The interventions studied include the treatment of end-of-life anxiety, depression, and existential distress in patients with terminal cancer",,,,"Projected from extraction_v1 coverage_mentions; coverage_type=discusses; relationship is discussed in secondary literature, not treated as primary evidence"
compound_disorder,psilocybin,tobacco addiction,tobacco addiction,therapeutic_indication,,tobacco addiction,indication,True,,secondary literature coverage,,unclear,,,,unknown,10.31275/20222633,,"The History, Legalization and Potentials of Psilocybin-Assisted Psychotherapy",Jeffery Heilman,2023,Journal of Scientific Exploration,article,,2023-02-11,0892-3310,,Society for Scientific Exploration,,Psilocybin | Psychotherapist | Psychology | Psychological intervention | Hallucinogen | Distress | Legalization | Relevance (law) | Psychiatry | Clinical psychology | Political science | Law,,,,,,,en,,review,low,doi,review,evidence_synthesis,secondary_literature,uncertain,uncertain,1.0,False,secondary_summary,full_text_seen,abstract,Abstract (C001),review,,,,,,,,,,,,"The interventions studied include the treatment of end-of-life anxiety, depression, and existential distress in patients with terminal cancer, tobacco addiction, and treatment-resistant major-depressive disorder.",,,,"Projected from extraction_v1 coverage_mentions; coverage_type=discusses; relationship is discussed in secondary literature, not treated as primary evidence"
compound_disorder,psilocybin,treatment-resistant major-depressive disorder,treatment-resistant major-depressive disorder,therapeutic_indication,,treatment-resistant major-depressive disorder,indication,True,,secondary literature coverage,,unclear,,,,unknown,10.31275/20222633,,"The History, Legalization and Potentials of Psilocybin-Assisted Psychotherapy",Jeffery Heilman,2023,Journal of Scientific Exploration,article,,2023-02-11,0892-3310,,Society for Scientific Exploration,,Psilocybin | Psychotherapist | Psychology | Psychological intervention | Hallucinogen | Distress | Legalization | Relevance (law) | Psychiatry | Clinical psychology | Political science | Law,,,,,,,en,,review,low,doi,review,evidence_synthesis,secondary_literature,uncertain,uncertain,1.0,False,secondary_summary,full_text_seen,abstract,Abstract (C001),review,,,,,,,,,,,,"The interventions studied include the treatment of end-of-life anxiety, depression, and existential distress in patients with terminal cancer, tobacco addiction, and treatment-resistant major-depressive disorder.",,,,"Projected from extraction_v1 coverage_mentions; coverage_type=discusses; relationship is discussed in secondary literature, not treated as primary evidence"
compound_disorder,psilocybin,alcoholism,alcoholism,therapeutic_indication,,alcoholism,indication,True,,secondary literature coverage,,unclear,,,,unknown,10.31275/20222633,,"The History, Legalization and Potentials of Psilocybin-Assisted Psychotherapy",Jeffery Heilman,2023,Journal of Scientific Exploration,article,,2023-02-11,0892-3310,,Society for Scientific Exploration,,Psilocybin | Psychotherapist | Psychology | Psychological intervention | Hallucinogen | Distress | Legalization | Relevance (law) | Psychiatry | Clinical psychology | Political science | Law,,,,,,,en,,review,low,doi,review,evidence_synthesis,secondary_literature,uncertain,uncertain,0.9,False,secondary_summary,full_text_seen,text,C012,review,,,,,,,,,,,,"Moreover, promising ""open label"" results [meaning a study where both participant and researcher are aware of the psilocybin treatment] have been reported for treatment-resistant major depression (Carhart-Harris et al., 2016; Rucker et al., 2021) , addiction to tobacco (Johnson et al., 2014) , and alcoholism (Bogenschutz et al., 2017) .",,,,"Projected from extraction_v1 coverage_mentions; coverage_type=discusses; relationship is discussed in secondary literature, not treated as primary evidence"
compound_disorder,psilocybin,personality structure,personality structure,therapeutic_indication,,personality structure,indication,True,,secondary literature coverage,,unclear,,,,unknown,10.31275/20222633,,"The History, Legalization and Potentials of Psilocybin-Assisted Psychotherapy",Jeffery Heilman,2023,Journal of Scientific Exploration,article,,2023-02-11,0892-3310,,Society for Scientific Exploration,,Psilocybin | Psychotherapist | Psychology | Psychological intervention | Hallucinogen | Distress | Legalization | Relevance (law) | Psychiatry | Clinical psychology | Political science | Law,,,,,,,en,,review,low,doi,review,evidence_synthesis,secondary_literature,uncertain,uncertain,0.9,False,secondary_summary,full_text_seen,table,T001,review,,,,,,,,,,,,"Erritzoe et al. 2018 Personality structure 20 No Open-label 3 months Significant Decrease in Neuroticism; Increases in Extraversion, Conscientiousness, Openness (NEO-PI-R) scores",,,,"Projected from extraction_v1 coverage_mentions; coverage_type=summarizes; relationship is discussed in secondary literature, not treated as primary evidence"
compound_disorder,psychedelics,post-traumatic stress disorder (PTSD),post-traumatic stress disorder (PTSD),therapeutic_indication,,post-traumatic stress disorder (PTSD),indication,True,,secondary literature coverage,,unclear,,,,unknown,10.3390/brainsci14030248,,A Systematic Review of the Neurocognitive Effects of Psychedelics in Healthy Populations: Implications for Depressive Disorders and Post-Traumatic Stress Disorder,Mario Renato Velit-Salazar; Paulo R. Shiroma; Eloise Cherian,2024,Brain Sciences,journal-article,,2024-03-03,2076-3425,,MDPI AG,,MDMA | ayahuasca | drug–psychotherapy combination | lysergic acid diethylamide | psilocybin | psychedelics,,,,,,,eng,,systematic_review,low,doi,systematic_review,evidence_synthesis,secondary_literature,uncertain,uncertain,1.0,False,secondary_summary,full_text_seen,abstract,C001,Systematic Review,,,,,,,,,,,,This study aims to provide an overview of pharmacological trials that examine the neurocognitive effects of psychedelics among healthy individuals and patients with post-traumatic stress disorder (PTSD) or major depressive disorder (MDD).,,,,"Projected from extraction_v1 coverage_mentions; coverage_type=reviews; relationship is discussed in secondary literature, not treated as primary evidence"
compound_disorder,psychedelics,major depressive disorder (MDD),major depressive disorder (MDD),therapeutic_indication,,major depressive disorder (MDD),indication,True,,secondary literature coverage,,unclear,,,,unknown,10.3390/brainsci14030248,,A Systematic Review of the Neurocognitive Effects of Psychedelics in Healthy Populations: Implications for Depressive Disorders and Post-Traumatic Stress Disorder,Mario Renato Velit-Salazar; Paulo R. Shiroma; Eloise Cherian,2024,Brain Sciences,journal-article,,2024-03-03,2076-3425,,MDPI AG,,MDMA | ayahuasca | drug–psychotherapy combination | lysergic acid diethylamide | psilocybin | psychedelics,,,,,,,eng,,systematic_review,low,doi,systematic_review,evidence_synthesis,secondary_literature,uncertain,uncertain,1.0,False,secondary_summary,full_text_seen,abstract,C001,Systematic Review,,,,,,,,,,,,This study aims to provide an overview of pharmacological trials that examine the neurocognitive effects of psychedelics among healthy individuals and patients with post-traumatic stress disorder (PTSD) or major depressive disorder (MDD).,,,,"Projected from extraction_v1 coverage_mentions; coverage_type=reviews; relationship is discussed in secondary literature, not treated as primary evidence"
compound_disorder,MDMA,post-traumatic stress disorder (PTSD),post-traumatic stress disorder (PTSD),therapeutic_indication,,post-traumatic stress disorder (PTSD),indication,True,,secondary literature coverage,,unclear,,,,unknown,10.3390/brainsci14030248,,A Systematic Review of the Neurocognitive Effects of Psychedelics in Healthy Populations: Implications for Depressive Disorders and Post-Traumatic Stress Disorder,Mario Renato Velit-Salazar; Paulo R. Shiroma; Eloise Cherian,2024,Brain Sciences,journal-article,,2024-03-03,2076-3425,,MDPI AG,,MDMA | ayahuasca | drug–psychotherapy combination | lysergic acid diethylamide | psilocybin | psychedelics,,,,,,,eng,,systematic_review,low,doi,systematic_review,evidence_synthesis,secondary_literature,uncertain,uncertain,0.9,False,secondary_summary,full_text_seen,abstract,C001,Systematic Review,,,,,,,,,,,,A single article on MDMA's effects on cognition in subjects with PTSD was included; there were no studies on psychedelics and neurocognition in MDD.,,,,"Projected from extraction_v1 coverage_mentions; coverage_type=mentions; relationship is discussed in secondary literature, not treated as primary evidence"
compound_disorder,psychedelics,psychiatric disorders,psychiatric disorders,therapeutic_indication,,psychiatric disorders,indication,True,,secondary literature coverage,,unclear,,,,unknown,10.3390/brainsci14030248,,A Systematic Review of the Neurocognitive Effects of Psychedelics in Healthy Populations: Implications for Depressive Disorders and Post-Traumatic Stress Disorder,Mario Renato Velit-Salazar; Paulo R. Shiroma; Eloise Cherian,2024,Brain Sciences,journal-article,,2024-03-03,2076-3425,,MDPI AG,,MDMA | ayahuasca | drug–psychotherapy combination | lysergic acid diethylamide | psilocybin | psychedelics,,,,,,,eng,,systematic_review,low,doi,systematic_review,evidence_synthesis,secondary_literature,uncertain,uncertain,0.9,False,secondary_summary,full_text_seen,abstract,C001,Systematic Review,,,,,,,,,,,,It is foreseen that psychedelics will soon become an available treatment for various psychiatric disorders.,,,,"Projected from extraction_v1 coverage_mentions; coverage_type=discusses; relationship is discussed in secondary literature, not treated as primary evidence"
compound_disorder,psychedelics,psychiatry,psychiatry,therapeutic_indication,,psychiatry,indication,True,,secondary literature coverage,,unclear,,,,unknown,10.2174/1573413713666170619092629,,Dreams and Psychedelics: Neurophenomenological Comparison and Therapeutic Implications,Rainer Kraehenmann,2017,Current neuropharmacology,Comparative Study | Journal Article | Review,,2017,1570-159X,1875-6190,,Animals | Brain / drug effects | Brain / physiology | Dreams / drug effects | Dreams / physiology | Hallucinogens / pharmacology | Hallucinogens / therapeutic use | Humans | Mental Disorders / drug therapy | Mental Disorders / physiopathology,Dreams | emotion activation | fear memory extinction | mental imagery | perception | psychedelics | sense of self and body. | subjective experience,,,,,,,eng,,review,low,doi,review,evidence_synthesis,secondary_literature,uncertain,uncertain,0.9,False,secondary_summary,full_text_seen,abstract,Abstract,secondary_literature,,,,,,,,,,,,"The aim of this review is to introduce readers to the similarities and dissimilarities between psychedelic states and night dreams, and to draw conclusions related to therapeutic applications of psychedelics in psychiatry.",,The author declares that the work was conducted in the absence of any commercial or financial relationships that could be construed as a potential conflict of interest.,,"Projected from extraction_v1 coverage_mentions; coverage_type=discusses; relationship is discussed in secondary literature, not treated as primary evidence"
compound_disorder,psychedelics,psychosocial functioning and well-being,psychosocial functioning and well-being,therapeutic_indication,,psychosocial functioning and well-being,indication,True,,secondary literature coverage,,unclear,,,,unknown,10.2174/1573413713666170619092629,,Dreams and Psychedelics: Neurophenomenological Comparison and Therapeutic Implications,Rainer Kraehenmann,2017,Current neuropharmacology,Comparative Study | Journal Article | Review,,2017,1570-159X,1875-6190,,Animals | Brain / drug effects | Brain / physiology | Dreams / drug effects | Dreams / physiology | Hallucinogens / pharmacology | Hallucinogens / therapeutic use | Humans | Mental Disorders / drug therapy | Mental Disorders / physiopathology,Dreams | emotion activation | fear memory extinction | mental imagery | perception | psychedelics | sense of self and body. | subjective experience,,,,,,,eng,,review,low,doi,review,evidence_synthesis,secondary_literature,uncertain,uncertain,0.9,False,secondary_summary,full_text_seen,text,Conclusion,secondary_literature,,,,,,,,,,,,The broad overlap between dreaming and psychedelic states supports the notion that psychedelics acutely induce dreamlike subjective experiences which may have long-term beneficial effects on psychosocial functioning and well-being [121].,,The author declares that the work was conducted in the absence of any commercial or financial relationships that could be construed as a potential conflict of interest.,,"Projected from extraction_v1 coverage_mentions; coverage_type=discusses; relationship is discussed in secondary literature, not treated as primary evidence"
compound_disorder,psilocybin,depression and anxiety,depression and anxiety,therapeutic_indication,,depression and anxiety,indication,True,,secondary literature coverage,,unclear,,,,unknown,10.2174/1573413713666170619092629,,Dreams and Psychedelics: Neurophenomenological Comparison and Therapeutic Implications,Rainer Kraehenmann,2017,Current neuropharmacology,Comparative Study | Journal Article | Review,,2017,1570-159X,1875-6190,,Animals | Brain / drug effects | Brain / physiology | Dreams / drug effects | Dreams / physiology | Hallucinogens / pharmacology | Hallucinogens / therapeutic use | Humans | Mental Disorders / drug therapy | Mental Disorders / physiopathology,Dreams | emotion activation | fear memory extinction | mental imagery | perception | psychedelics | sense of self and body. | subjective experience,,,,,,,eng,,review,low,doi,review,evidence_synthesis,secondary_literature,uncertain,uncertain,0.9,False,secondary_summary,full_text_seen,text,Conclusion,secondary_literature,,,,,,,,,,,,"The potential therapeutic effect of psychedelics is supported by recent clinical studies of psilocybin [143-145], LSD [146], and ayahuasca [147] treatment in depression and anxiety.",,The author declares that the work was conducted in the absence of any commercial or financial relationships that could be construed as a potential conflict of interest.,,"Projected from extraction_v1 coverage_mentions; coverage_type=summarizes; relationship is discussed in secondary literature, not treated as primary evidence"
compound_disorder,LSD,anxiety,anxiety,therapeutic_indication,,anxiety,indication,True,,secondary literature coverage,,unclear,,,,unknown,10.2174/1573413713666170619092629,,Dreams and Psychedelics: Neurophenomenological Comparison and Therapeutic Implications,Rainer Kraehenmann,2017,Current neuropharmacology,Comparative Study | Journal Article | Review,,2017,1570-159X,1875-6190,,Animals | Brain / drug effects | Brain / physiology | Dreams / drug effects | Dreams / physiology | Hallucinogens / pharmacology | Hallucinogens / therapeutic use | Humans | Mental Disorders / drug therapy | Mental Disorders / physiopathology,Dreams | emotion activation | fear memory extinction | mental imagery | perception | psychedelics | sense of self and body. | subjective experience,,,,,,,eng,,review,low,doi,review,evidence_synthesis,secondary_literature,uncertain,uncertain,0.9,False,secondary_summary,full_text_seen,text,Conclusion,secondary_literature,,,,,,,,,,,,"The potential therapeutic effect of psychedelics is supported by recent clinical studies of psilocybin [143-145], LSD [146], and ayahuasca [147] treatment in depression and anxiety.",,The author declares that the work was conducted in the absence of any commercial or financial relationships that could be construed as a potential conflict of interest.,,"Projected from extraction_v1 coverage_mentions; coverage_type=summarizes; relationship is discussed in secondary literature, not treated as primary evidence"
compound_disorder,ayahuasca,depression and anxiety,depression and anxiety,therapeutic_indication,,depression and anxiety,indication,True,,secondary literature coverage,,unclear,,,,unknown,10.2174/1573413713666170619092629,,Dreams and Psychedelics: Neurophenomenological Comparison and Therapeutic Implications,Rainer Kraehenmann,2017,Current neuropharmacology,Comparative Study | Journal Article | Review,,2017,1570-159X,1875-6190,,Animals | Brain / drug effects | Brain / physiology | Dreams / drug effects | Dreams / physiology | Hallucinogens / pharmacology | Hallucinogens / therapeutic use | Humans | Mental Disorders / drug therapy | Mental Disorders / physiopathology,Dreams | emotion activation | fear memory extinction | mental imagery | perception | psychedelics | sense of self and body. | subjective experience,,,,,,,eng,,review,low,doi,review,evidence_synthesis,secondary_literature,uncertain,uncertain,0.9,False,secondary_summary,full_text_seen,text,Conclusion,secondary_literature,,,,,,,,,,,,"The potential therapeutic effect of psychedelics is supported by recent clinical studies of psilocybin [143-145], LSD [146], and ayahuasca [147] treatment in depression and anxiety.",,The author declares that the work was conducted in the absence of any commercial or financial relationships that could be construed as a potential conflict of interest.,,"Projected from extraction_v1 coverage_mentions; coverage_type=summarizes; relationship is discussed in secondary literature, not treated as primary evidence"
compound_disorder,Psychedelics,mental disorders,mental disorders,therapeutic_indication,,mental disorders,indication,True,,secondary literature coverage,,unclear,,,,unknown,10.3390/brainsci15020117,,Psychedelic-Induced Neural Plasticity: A Comprehensive Review and a Discussion of Clinical Implications,Francesco Weiss; Anna Magnesa; Matteo Gambini; Riccardo Gurrieri; Eric Annuzzi; Camilla Elefante; Giulio Perugi; Donatella Marazziti,2025,Brain Sciences,journal-article,,2025-01-25,2076-3425,,MDPI AG,,5-HT2A agonists | default-mode network | entropic brain | plasticity | unlearning,,,,,,,eng,,review,low,doi,review,evidence_synthesis,secondary_literature,uncertain,uncertain,1.0,False,secondary_summary,full_text_seen,abstract,C001,Comprehensive literature search,,,,,,,,,,,,Psychedelics are increasingly recognized as a promising and innovative treatment strategy for several mental disorders.,,,,"Projected from extraction_v1 coverage_mentions; coverage_type=reviews; relationship is discussed in secondary literature, not treated as primary evidence"
compound_disorder,classic psychedelics,psychopathological hazards,psychopathological hazards,therapeutic_indication,,psychopathological hazards,indication,True,,secondary literature coverage,,unclear,,,,unknown,10.3390/brainsci15020117,,Psychedelic-Induced Neural Plasticity: A Comprehensive Review and a Discussion of Clinical Implications,Francesco Weiss; Anna Magnesa; Matteo Gambini; Riccardo Gurrieri; Eric Annuzzi; Camilla Elefante; Giulio Perugi; Donatella Marazziti,2025,Brain Sciences,journal-article,,2025-01-25,2076-3425,,MDPI AG,,5-HT2A agonists | default-mode network | entropic brain | plasticity | unlearning,,,,,,,eng,,review,low,doi,review,evidence_synthesis,secondary_literature,uncertain,uncertain,0.9,False,secondary_summary,full_text_seen,abstract,C001,Comprehensive literature search,,,,,,,,,,,,"However, it is still unclear whether the ""neuroplastic boost"" induced by classic psychedelics might be dissociable from the psychodysleptic effects, thereby reducing the psychopathological hazards implied by these compounds.",,,,"Projected from extraction_v1 coverage_mentions; coverage_type=discusses; relationship is discussed in secondary literature, not treated as primary evidence"
compound_disorder,psychedelic psychoplastogens,indications and contraindications,indications and contraindications,therapeutic_indication,,indications and contraindications,indication,True,,secondary literature coverage,,unclear,,,,unknown,10.3390/brainsci15020117,,Psychedelic-Induced Neural Plasticity: A Comprehensive Review and a Discussion of Clinical Implications,Francesco Weiss; Anna Magnesa; Matteo Gambini; Riccardo Gurrieri; Eric Annuzzi; Camilla Elefante; Giulio Perugi; Donatella Marazziti,2025,Brain Sciences,journal-article,,2025-01-25,2076-3425,,MDPI AG,,5-HT2A agonists | default-mode network | entropic brain | plasticity | unlearning,,,,,,,eng,,review,low,doi,review,evidence_synthesis,secondary_literature,uncertain,uncertain,0.9,False,secondary_summary,full_text_seen,abstract,C001,Comprehensive literature search,,,,,,,,,,,,further research should clarify the possible indications and contraindications of psychedelic psychoplastogens within a precision medicine perspective.,,,,"Projected from extraction_v1 coverage_mentions; coverage_type=discusses; relationship is discussed in secondary literature, not treated as primary evidence"
compound_disorder,ketamine,acute musculoskeletal injury,acute musculoskeletal injury,therapeutic_indication,,acute musculoskeletal injury,indication,True,,secondary literature coverage,,unclear,,,,unknown,10.5312/wjo.v15.i9.882,,Pain management in acute musculoskeletal injury: Effect of opioid vs nonopioid medications.,Fiore M; Nasto LA; McCaffery E; Barletta F; Visconti A; Gargano F; Pola E; Pace MC,2024,World journal of orthopedics,Journal Article,CRD42021279639,2024-09-18,2218-5836,,,,Acute musculoskeletal injury | Acute traumatic pain | Non-opioid analgesia | Non-opioid pain control | Opioid crisis | Opioid disorder | Opioid-sparing analgesia | Systematic review,,,,,,,eng,,systematic_review,low,doi,systematic_review,evidence_synthesis,secondary_literature,uncertain,uncertain,0.9,False,secondary_summary,full_text_seen,abstract,Abstract,systematic review,,,,,,,,,,,,CONCLUSION: Non-opioids can be considered an alternative to opioids for short-term pain management of acute musculoskeletal injury. Intravenous ketamine may cause more adverse events than other routes of administration.,,,The included studies were found to have a low-moderate risk of bias.,"Projected from extraction_v1 coverage_mentions; coverage_type=discusses; relationship is discussed in secondary literature, not treated as primary evidence"
compound_disorder,ketamine,acute musculoskeletal trauma,acute musculoskeletal trauma,therapeutic_indication,,acute musculoskeletal trauma,indication,True,,secondary literature coverage,,unclear,,,,unknown,10.5312/wjo.v15.i9.882,,Pain management in acute musculoskeletal injury: Effect of opioid vs nonopioid medications.,Fiore M; Nasto LA; McCaffery E; Barletta F; Visconti A; Gargano F; Pola E; Pace MC,2024,World journal of orthopedics,Journal Article,CRD42021279639,2024-09-18,2218-5836,,,,Acute musculoskeletal injury | Acute traumatic pain | Non-opioid analgesia | Non-opioid pain control | Opioid crisis | Opioid disorder | Opioid-sparing analgesia | Systematic review,,,,,,,eng,,systematic_review,low,doi,systematic_review,evidence_synthesis,secondary_literature,uncertain,uncertain,0.8,False,secondary_summary,full_text_seen,text,"RESULTS, chunk C008",systematic review,,,,,,,,,,,,"Gurnani et al[15] compared the effectiveness of pain control between ketamine (KET) and MORPH in a pilot study of 40 ASA-I adults after acute musculoskeletal trauma. ... The authors found that KET infusion provided better pain relief than intermittent MORPH, with no need for additional analgesia for the patients in the KET group.",,,The included studies were found to have a low-moderate risk of bias.,"Projected from extraction_v1 coverage_mentions; coverage_type=summarizes; relationship is discussed in secondary literature, not treated as primary evidence"
compound_disorder,ketamine,acute traumatic pain,acute traumatic pain,therapeutic_indication,,acute traumatic pain,indication,True,,secondary literature coverage,,unclear,,,,unknown,10.5312/wjo.v15.i9.882,,Pain management in acute musculoskeletal injury: Effect of opioid vs nonopioid medications.,Fiore M; Nasto LA; McCaffery E; Barletta F; Visconti A; Gargano F; Pola E; Pace MC,2024,World journal of orthopedics,Journal Article,CRD42021279639,2024-09-18,2218-5836,,,,Acute musculoskeletal injury | Acute traumatic pain | Non-opioid analgesia | Non-opioid pain control | Opioid crisis | Opioid disorder | Opioid-sparing analgesia | Systematic review,,,,,,,eng,,systematic_review,low,doi,systematic_review,evidence_synthesis,secondary_literature,uncertain,uncertain,0.8,False,secondary_summary,full_text_seen,text,"RESULTS, chunk C009",systematic review,,,,,,,,,,,,"Shimonovich et al [16] evaluated the efficacy and adverse effects of intranasal (IN) KET compared with those of IV and IM MORPH in an RCT. ... Clinically, IN KET had similar results to MORPH in terms of efficacy (onset of reduction of pain and maximum reduction time) and safety [16].",,,The included studies were found to have a low-moderate risk of bias.,"Projected from extraction_v1 coverage_mentions; coverage_type=summarizes; relationship is discussed in secondary literature, not treated as primary evidence"
compound_disorder,ketamine,adverse drug reactions,adverse drug reactions,therapeutic_indication,,adverse drug reactions,indication,True,,secondary literature coverage,,unclear,,,,unknown,10.5312/wjo.v15.i9.882,,Pain management in acute musculoskeletal injury: Effect of opioid vs nonopioid medications.,Fiore M; Nasto LA; McCaffery E; Barletta F; Visconti A; Gargano F; Pola E; Pace MC,2024,World journal of orthopedics,Journal Article,CRD42021279639,2024-09-18,2218-5836,,,,Acute musculoskeletal injury | Acute traumatic pain | Non-opioid analgesia | Non-opioid pain control | Opioid crisis | Opioid disorder | Opioid-sparing analgesia | Systematic review,,,,,,,eng,,systematic_review,low,doi,systematic_review,evidence_synthesis,secondary_literature,uncertain,uncertain,0.8,False,secondary_summary,full_text_seen,text,"RESULTS, chunk C009",systematic review,,,,,,,,,,,,"An RCT conducted by Esfahani et al [19] compared the efficacy and safety of KET relative to MORPH in the reduction of pain associated with isolated traumatic limb injuries... Additionally, the KET group had significantly higher overall ADRs than the MORPH group [19].",,,The included studies were found to have a low-moderate risk of bias.,"Projected from extraction_v1 coverage_mentions; coverage_type=summarizes; relationship is discussed in secondary literature, not treated as primary evidence"
compound_disorder,ketamine,adverse events,adverse events,therapeutic_indication,,adverse events,indication,True,,secondary literature coverage,,unclear,,,,unknown,10.5312/wjo.v15.i9.882,,Pain management in acute musculoskeletal injury: Effect of opioid vs nonopioid medications.,Fiore M; Nasto LA; McCaffery E; Barletta F; Visconti A; Gargano F; Pola E; Pace MC,2024,World journal of orthopedics,Journal Article,CRD42021279639,2024-09-18,2218-5836,,,,Acute musculoskeletal injury | Acute traumatic pain | Non-opioid analgesia | Non-opioid pain control | Opioid crisis | Opioid disorder | Opioid-sparing analgesia | Systematic review,,,,,,,eng,,systematic_review,low,doi,systematic_review,evidence_synthesis,secondary_literature,uncertain,uncertain,0.8,False,secondary_summary,full_text_seen,text,"RESULTS, chunk C009",systematic review,,,,,,,,,,,,"KET and MORPH showed no difference in pain reduction in patients with out-of-hospital traumatic pain. More adverse events were observed in the KET group, although no patient was required to withdraw from the study and no intervention was needed to manage ADRs [20].",,,The included studies were found to have a low-moderate risk of bias.,"Projected from extraction_v1 coverage_mentions; coverage_type=summarizes; relationship is discussed in secondary literature, not treated as primary evidence"
compound_disorder,ketamine,pain management,pain management,therapeutic_indication,,pain management,indication,True,,secondary literature coverage,,unclear,,,,unknown,10.7759/cureus.100490,,The Present and Future of Pain Management in Patients With Chronic Kidney Disease: A Narrative Review,Igor Wilderman; Francesca Sarzetto; Budvin Wijetillake; Sydney Verdun,2025,Cureus,journal-article,,2025-12-31,2168-8184,,Springer Science and Business Media LLC,,analgesia | anesthesia | chronic kidney disease | chronic pain | pain management,,,,,,,eng,,review,low,doi,review,evidence_synthesis,secondary_literature,uncertain,uncertain,1.0,False,secondary_summary,full_text_seen,abstract,C001,narrative review,,,,,,,,,,,,"We also describe the current knowledge on anesthesia, perioperative and acute pain management, and injectables, including ketamine and corticosteroids (intra-articular and epidural).",,,,"Projected from extraction_v1 coverage_mentions; coverage_type=discusses; relationship is discussed in secondary literature, not treated as primary evidence"
compound_disorder,Ketamine,chronic postsurgical pain,chronic postsurgical pain,therapeutic_indication,,chronic postsurgical pain,indication,True,,secondary literature coverage,,unclear,,,,unknown,10.1136/rapm-2022-esra.404,,B328 Is ketamine more effective in patients on chronic opioids then opioid naive patients in reducing chronic post-surgical pain – a systematic review and meta-analysis,V Manhas; B Doleman,2022,Postoperative pain management,review,,2022-06-01,,,BMJ Publishing Group Ltd,,Medicine | Ketamine | Chronic pain | Meta-analysis | Subgroup analysis | Incidence (geometry) | Opioid | Randomized controlled trial | Publication bias | MEDLINE | Anesthesia | Internal medicine | Physical therapy | Law | Political science | Receptor | Optics | Physics,,,,,,,en,,systematic_review,low,doi,systematic_review,evidence_synthesis,secondary_literature,uncertain,uncertain,1.0,False,secondary_summary,abstract_only,abstract,abstract,systematic review and meta-analysis,,,,,,,,,,,,Ketamine reduced the incidence of chronic pain in patients not on opioids (OR 0.55; 95% CI 0.38 to 0.80; I2=40%),,,,"Projected from extraction_v1 coverage_mentions; coverage_type=reviews; relationship is discussed in secondary literature, not treated as primary evidence"
compound_disorder,Ketamine,chronic postsurgical pain,chronic postsurgical pain,therapeutic_indication,,chronic postsurgical pain,indication,True,,secondary literature coverage,,unclear,,,,unknown,10.1136/rapm-2022-esra.404,,B328 Is ketamine more effective in patients on chronic opioids then opioid naive patients in reducing chronic post-surgical pain – a systematic review and meta-analysis,V Manhas; B Doleman,2022,Postoperative pain management,review,,2022-06-01,,,BMJ Publishing Group Ltd,,Medicine | Ketamine | Chronic pain | Meta-analysis | Subgroup analysis | Incidence (geometry) | Opioid | Randomized controlled trial | Publication bias | MEDLINE | Anesthesia | Internal medicine | Physical therapy | Law | Political science | Receptor | Optics | Physics,,,,,,,en,,systematic_review,low,doi,systematic_review,evidence_synthesis,secondary_literature,uncertain,uncertain,1.0,False,secondary_summary,abstract_only,abstract,abstract,systematic review and meta-analysis,,,,,,,,,,,,but not in studies that included patients on chronic opioids (OR 1.04; 95% CI 0.52 to 2.09; I2=40%).,,,,"Projected from extraction_v1 coverage_mentions; coverage_type=reviews; relationship is discussed in secondary literature, not treated as primary evidence"
compound_disorder,Ketamine,chronic postsurgical pain,chronic postsurgical pain,therapeutic_indication,,chronic postsurgical pain,indication,True,,secondary literature coverage,,unclear,,,,unknown,10.1136/rapm-2022-esra.404,,B328 Is ketamine more effective in patients on chronic opioids then opioid naive patients in reducing chronic post-surgical pain – a systematic review and meta-analysis,V Manhas; B Doleman,2022,Postoperative pain management,review,,2022-06-01,,,BMJ Publishing Group Ltd,,Medicine | Ketamine | Chronic pain | Meta-analysis | Subgroup analysis | Incidence (geometry) | Opioid | Randomized controlled trial | Publication bias | MEDLINE | Anesthesia | Internal medicine | Physical therapy | Law | Political science | Receptor | Optics | Physics,,,,,,,en,,systematic_review,low,doi,systematic_review,evidence_synthesis,secondary_literature,uncertain,uncertain,1.0,False,secondary_summary,abstract_only,abstract,abstract,systematic review and meta-analysis,,,,,,,,,,,,"However, this difference was not significant on subgroup analysis (p=0.12).",,,,"Projected from extraction_v1 coverage_mentions; coverage_type=reviews; relationship is discussed in secondary literature, not treated as primary evidence"
compound_disorder,ketamine,pediatric psychiatric conditions,pediatric psychiatric conditions,therapeutic_indication,,pediatric psychiatric conditions,indication,True,,secondary literature coverage,,unclear,,,,unknown,10.1007/s40272-025-00683-9,,Neuroimaging as a Tool for Advancing Pediatric Psychopharmacology,Michael Bartkoski; John Tumberger; Laura Martin; In-Young Choi; Phil Lee; Jeffrey R. Strawn; William M. Brooks; Stephani L. Stancil,2025,Pediatric Drugs,journal-article,,2025-02-03,1174-5878,1179-2019,Springer Science and Business Media LLC,Humans | Child | Neuroimaging / methods | Psychopharmacology / methods | Psychotropic Drugs / therapeutic use | Psychotropic Drugs / pharmacology | Brain / drug effects | Brain / diagnostic imaging | Attention Deficit Disorder with Hyperactivity / drug therapy | Attention Deficit Disorder with Hyperactivity / diagnostic imaging | Magnetic Resonance Imaging / methods | Mental Disorders / drug therapy | Mental Disorders / diagnostic imaging,,NIMH NIH HHS | Eunice Kennedy Shriver National Institute of Child Health and Human Development | NCATS NIH HHS | NICHD NIH HHS,K23 MH130728 | P30HD106451 | K23MH130728 | KL2TR002367 | P30 HD106451 | KL2 TR002367,,,,,eng,,review,low,doi,review,evidence_synthesis,secondary_literature,uncertain,uncertain,0.9,False,secondary_summary,abstract_only,abstract,abstract,secondary_literature,,,,,,,,,,,,"PubMed and Embase were searched for studies published between 2012 and 2024 reporting neural effects of attention deficit hyperactivity disorder (ADHD) medications (e.g., methylphenidate, amphetamine, atomoxetine, guanfacine), selective serotonin reuptake inhibitors (e.g., fluoxetine, escitalopram, sertraline), serotonin/norepinephrine reuptake inhibitors (e.g., duloxetine, venlafaxine), second-generation antipsychotics (e.g., aripiprazole, olanzapine, risperidone, quetiapine, ziprasidone), and others (e.g., lithium, carbamazepine, lamotrigine, ketamine, naltrexone) used to treat pediatric psychiatric conditions.",NIMH NIH HHS | Eunice Kennedy Shriver National Institute of Child Health and Human Development | NCATS NIH HHS | NICHD NIH HHS,,,"Projected from extraction_v1 coverage_mentions; coverage_type=discusses; relationship is discussed in secondary literature, not treated as primary evidence"
compound_disorder,Mescaline,therapeutic potential,therapeutic potential,therapeutic_indication,,therapeutic potential,indication,True,,secondary literature coverage,,unclear,,,,unknown,10.2174/1874467211666181010154139,,Pharmacokinetic and Pharmacodynamic Aspects of Peyote and Mescaline: Clinical and Forensic Repercussions,Ricardo Jorge Dinis-Oliveira; Carolina Lança Pereira; Diana Dias da Silva,2018,Current Molecular Pharmacology,journal-article,,2018-10-15,1874-4672,1874-4702,Elsevier BV,Animals | Cactaceae / chemistry | Forensic Medicine | Hallucinogens / metabolism | Hallucinogens / pharmacokinetics | Hallucinogens / pharmacology | Hallucinogens / toxicity | Humans | Intestinal Absorption | Mescaline / metabolism | Mescaline / pharmacokinetics | Mescaline / pharmacology | Mescaline / toxicity | Tissue Distribution,Mescaline | metabolism | peyote | pharmacodynamics | pharmacokinetics | toxicity.,,,,,,,eng,,review,low,doi,review,evidence_synthesis,secondary_literature,uncertain,uncertain,0.9,False,secondary_summary,abstract_only,abstract,CONCLUSION,secondary_literature,,,,,,,,,,,,"Addiction and dependence are practically absent and it is clear that most intoxications appear to be mild and are unlikely to produce lifethreatening symptoms, which favors the contemporary interest in the therapeutic potential of the drugs of the class.",,,,"Projected from extraction_v1 coverage_mentions; coverage_type=discusses; relationship is discussed in secondary literature, not treated as primary evidence"
compound_disorder,Mescaline,"euphoria, hallucinations, depersonalization and psychoses","euphoria, hallucinations, depersonalization and psychoses",therapeutic_indication,,"euphoria, hallucinations, depersonalization and psychoses",indication,True,,secondary literature coverage,,unclear,,,,unknown,10.2174/1874467211666181010154139,,Pharmacokinetic and Pharmacodynamic Aspects of Peyote and Mescaline: Clinical and Forensic Repercussions,Ricardo Jorge Dinis-Oliveira; Carolina Lança Pereira; Diana Dias da Silva,2018,Current Molecular Pharmacology,journal-article,,2018-10-15,1874-4672,1874-4702,Elsevier BV,Animals | Cactaceae / chemistry | Forensic Medicine | Hallucinogens / metabolism | Hallucinogens / pharmacokinetics | Hallucinogens / pharmacology | Hallucinogens / toxicity | Humans | Intestinal Absorption | Mescaline / metabolism | Mescaline / pharmacokinetics | Mescaline / pharmacology | Mescaline / toxicity | Tissue Distribution,Mescaline | metabolism | peyote | pharmacodynamics | pharmacokinetics | toxicity.,,,,,,,eng,,review,low,doi,review,evidence_synthesis,secondary_literature,uncertain,uncertain,0.9,False,secondary_summary,abstract_only,abstract,RESULTS,secondary_literature,,,,,,,,,,,,"Its pharmacodynamic mechanisms of action are primarily attributed to the interaction with the serotonergic 5-HT2A-C receptors, and therefore clinical effects are similar to those elicited by other psychoactive substances, such as lysergic acid diethylamide (LSD) and psilocybin, which include euphoria, hallucinations, depersonalization and psychoses.",,,,"Projected from extraction_v1 coverage_mentions; coverage_type=discusses; relationship is discussed in secondary literature, not treated as primary evidence"
compound_disorder,Ketamine,Treatment Resistant Depression,Treatment Resistant Depression,therapeutic_indication,,Treatment Resistant Depression,indication,True,,secondary literature coverage,,unclear,,,,unknown,10.1155/2015/842817,,"Ketamine, Transcranial Magnetic Stimulation, and Depression Specific Yoga and Mindfulness Based Cognitive Therapy in Management of Treatment Resistant Depression: Review and Some Data on Efficacy",Basant Pradhan; Tapan Parikh; Ramkrishna Makani; Madhusmita Sahoo,2015,Depression Research and Treatment,journal-article,,2015-01-01,2090-1321,2090-133X,Wiley,,,,,,,,,eng,,review,low,doi,review,evidence_synthesis,secondary_literature,uncertain,uncertain,1.0,False,secondary_summary,full_text_seen,abstract,C001,Review,,,,,,,,,,,,"Ketamine and repetitive transcranial magnetic stimulation (rTMS) have useful roles in TRD, but their utility in long term is unknown.",,,,"Projected from extraction_v1 coverage_mentions; coverage_type=discusses; relationship is discussed in secondary literature, not treated as primary evidence"
compound_disorder,Ketamine,acute depression symptoms,acute depression symptoms,therapeutic_indication,,acute depression symptoms,indication,True,,secondary literature coverage,,unclear,,,,unknown,10.1155/2015/842817,,"Ketamine, Transcranial Magnetic Stimulation, and Depression Specific Yoga and Mindfulness Based Cognitive Therapy in Management of Treatment Resistant Depression: Review and Some Data on Efficacy",Basant Pradhan; Tapan Parikh; Ramkrishna Makani; Madhusmita Sahoo,2015,Depression Research and Treatment,journal-article,,2015-01-01,2090-1321,2090-133X,Wiley,,,,,,,,,eng,,review,low,doi,review,evidence_synthesis,secondary_literature,uncertain,uncertain,0.9,False,secondary_summary,full_text_seen,abstract,C001,Review,,,,,,,,,,,,"Considering the limitations of existing treatment options, including those of ketamine and rTMS when used as the sole modality of treatment, we suggest a ""tiered approach for TRD"" by combining ketamine and rTMS (alone or along with antidepressants) for rapid remission of acute depression symptoms and to use DepS Y-MBCT for maintaining remission and preventing relapse.",,,,"Projected from extraction_v1 coverage_mentions; coverage_type=mentions; relationship is discussed in secondary literature, not treated as primary evidence"
compound_disorder,"psilocybin, lysergic acid diethylamide, N,N-dimethyltryptamine",treatment-resistant major depression,treatment-resistant major depression,therapeutic_indication,,treatment-resistant major depression,indication,True,,secondary literature coverage,,unclear,,,,unknown,10.3174/ajnr.a8118,,Multimodal Neuroimaging of the Effect of Serotonergic Psychedelics on the Brain,Paloma C. Frautschi; Ajay P. Singh; Nicholas A. Stowe; John-Paul J. Yu,2024,American Journal of Neuroradiology,journal-article,,2024-02-15,0195-6108,1936-959X,American Society of Neuroradiology (ASNR),,,NIGMS NIH HHS,T32 GM140935,,,,,eng,,systematic_review,low,doi,systematic_review,evidence_synthesis,secondary_literature,uncertain,uncertain,0.9,False,secondary_summary,full_text_seen,abstract,Abstract,systematic review,,,,,,,,,,,,"Psychedelic compounds, such as psilocybin, lysergic acid diethylamide, and N,N-dimethyltryptamine, have emerged as potential therapies for these disorders",NIGMS NIH HHS,,,"Projected from extraction_v1 coverage_mentions; coverage_type=discusses; relationship is discussed in secondary literature, not treated as primary evidence"
compound_disorder,"psilocybin, lysergic acid diethylamide, N,N-dimethyltryptamine",post-traumatic stress disorder,post-traumatic stress disorder,therapeutic_indication,,post-traumatic stress disorder,indication,True,,secondary literature coverage,,unclear,,,,unknown,10.3174/ajnr.a8118,,Multimodal Neuroimaging of the Effect of Serotonergic Psychedelics on the Brain,Paloma C. Frautschi; Ajay P. Singh; Nicholas A. Stowe; John-Paul J. Yu,2024,American Journal of Neuroradiology,journal-article,,2024-02-15,0195-6108,1936-959X,American Society of Neuroradiology (ASNR),,,NIGMS NIH HHS,T32 GM140935,,,,,eng,,systematic_review,low,doi,systematic_review,evidence_synthesis,secondary_literature,uncertain,uncertain,0.9,False,secondary_summary,full_text_seen,abstract,Abstract,systematic review,,,,,,,,,,,,"Psychedelic compounds, such as psilocybin, lysergic acid diethylamide, and N,N-dimethyltryptamine, have emerged as potential therapies for these disorders",NIGMS NIH HHS,,,"Projected from extraction_v1 coverage_mentions; coverage_type=discusses; relationship is discussed in secondary literature, not treated as primary evidence"
compound_disorder,"psilocybin, lysergic acid diethylamide, N,N-dimethyltryptamine",substance use disorders,substance use disorders,therapeutic_indication,,substance use disorders,indication,True,,secondary literature coverage,,unclear,,,,unknown,10.3174/ajnr.a8118,,Multimodal Neuroimaging of the Effect of Serotonergic Psychedelics on the Brain,Paloma C. Frautschi; Ajay P. Singh; Nicholas A. Stowe; John-Paul J. Yu,2024,American Journal of Neuroradiology,journal-article,,2024-02-15,0195-6108,1936-959X,American Society of Neuroradiology (ASNR),,,NIGMS NIH HHS,T32 GM140935,,,,,eng,,systematic_review,low,doi,systematic_review,evidence_synthesis,secondary_literature,uncertain,uncertain,0.9,False,secondary_summary,full_text_seen,abstract,Abstract,systematic review,,,,,,,,,,,,"Psychedelic compounds, such as psilocybin, lysergic acid diethylamide, and N,N-dimethyltryptamine, have emerged as potential therapies for these disorders",NIGMS NIH HHS,,,"Projected from extraction_v1 coverage_mentions; coverage_type=discusses; relationship is discussed in secondary literature, not treated as primary evidence"
compound_disorder,psychedelic compounds,neuropsychiatric illness,neuropsychiatric illness,therapeutic_indication,,neuropsychiatric illness,indication,True,,secondary literature coverage,,unclear,,,,unknown,10.3174/ajnr.a8118,,Multimodal Neuroimaging of the Effect of Serotonergic Psychedelics on the Brain,Paloma C. Frautschi; Ajay P. Singh; Nicholas A. Stowe; John-Paul J. Yu,2024,American Journal of Neuroradiology,journal-article,,2024-02-15,0195-6108,1936-959X,American Society of Neuroradiology (ASNR),,,NIGMS NIH HHS,T32 GM140935,,,,,eng,,systematic_review,low,doi,systematic_review,evidence_synthesis,secondary_literature,uncertain,uncertain,0.8,False,secondary_summary,full_text_seen,abstract,Abstract,systematic review,,,,,,,,,,,,We further aim to disseminate our understanding of psychedelic compounds as they relate to neuroimaging with the goal of improved diagnostics and treatment of neuropsychiatric illness.,NIGMS NIH HHS,,,"Projected from extraction_v1 coverage_mentions; coverage_type=discusses; relationship is discussed in secondary literature, not treated as primary evidence"
compound_disorder,psilocybin,psychiatric disorders,psychiatric disorders,therapeutic_indication,,psychiatric disorders,indication,True,,secondary literature coverage,,unclear,,,,unknown,10.3174/ajnr.a8118,,Multimodal Neuroimaging of the Effect of Serotonergic Psychedelics on the Brain,Paloma C. Frautschi; Ajay P. Singh; Nicholas A. Stowe; John-Paul J. Yu,2024,American Journal of Neuroradiology,journal-article,,2024-02-15,0195-6108,1936-959X,American Society of Neuroradiology (ASNR),,,NIGMS NIH HHS,T32 GM140935,,,,,eng,,systematic_review,low,doi,systematic_review,evidence_synthesis,secondary_literature,uncertain,uncertain,0.8,False,secondary_summary,full_text_seen,text,C005,systematic review,,,,,,,,,,,,"Together, these findings display the possibility of psilocybin treatment to reduce excessive amygdala reactivity, a symptom displayed in many psychiatric disorders.",NIGMS NIH HHS,,,"Projected from extraction_v1 coverage_mentions; coverage_type=discusses; relationship is discussed in secondary literature, not treated as primary evidence"
compound_disorder,psychedelic therapies,Fibromyalgia,Fibromyalgia,therapeutic_indication,,Fibromyalgia,indication,True,,secondary literature coverage,,unclear,,,,unknown,10.55563/clinexprheumatol/buhd2z,,Fibromyalgia: one year in review 2025,Cristina Iannuccelli; Martina Favretti; Giulio Dolcini; Marco Di Carlo; Greta Pellegrino; Laura Bazzichi; Fabiola Atzeni; Daniela Lucini; Giustino Varassi; Matteo Luigi Giuseppe Leoni,2025,Clinical and Experimental Rheumatology,journal-article,,2025-04-29,0392-856X,1593-098X,Clinical and Experimental Rheumatology,Humans | Fibromyalgia / therapy | Fibromyalgia / physiopathology | Fibromyalgia / diagnosis | Fibromyalgia / epidemiology | Fibromyalgia / psychology | Quality of Life | COVID-19 / epidemiology,,,,,,,,eng,,review,low,doi,review,evidence_synthesis,secondary_literature,uncertain,uncertain,1.0,False,secondary_summary,full_text_seen,abstract,C001,secondary_literature,,,,,,,,,,,,"Emerging areas such as non-invasive neuromodulation, psychedelic therapies, and the integration of technologies like virtual reality and artificial intelligence are opening new frontiers in treatment, patient care, and research.",,,,"Projected from extraction_v1 coverage_mentions; coverage_type=discusses; relationship is discussed in secondary literature, not treated as primary evidence"
compound_disorder,hallucinogenic drugs,mental health improvement,mental health improvement,therapeutic_indication,,mental health improvement,indication,True,,secondary literature coverage,,unclear,,,,unknown,10.1007/s11013-022-09814-0,,Hallucinations and Hallucinogens: Psychopathology or Wisdom?,José Carlos Bouso; Genís Ona; Maja Kohek; Rafael G. dos Santos; Jaime E. C. Hallak; Miguel Ángel Alcázar-Córcoles; Joan Obiols-Llandrich,2023,Culture Medicine and Psychiatry,journal-article,,2023-01-12,0165-005X,1573-076X,Springer Science and Business Media LLC,Humans | Hallucinogens / therapeutic use | Hallucinations | Psychopathology | Mental Disorders | Psychotic Disorders,Hallucinations | Hallucinogens | Ontology | Psychedelics | Psychopathology | Psychotherapy,,,,,,,eng,,review,low,doi,review,evidence_synthesis,secondary_literature,uncertain,uncertain,1.0,False,secondary_summary,full_text_seen,abstract,S001,narrative review,,,,,,,,,,,,"during the last decades a huge body of research has shown that certain kinds of hallucinations, exerted by hallucinogenic drugs, may serve to improve mental health.",,,,"Projected from extraction_v1 coverage_mentions; coverage_type=discusses; relationship is discussed in secondary literature, not treated as primary evidence"
compound_disorder,hallucinogenic drugs,"alcoholism, treatment-resistant depression, anxiety related to life-threatening diseases","alcoholism, treatment-resistant depression, anxiety related to life-threatening diseases",therapeutic_indication,,"alcoholism, treatment-resistant depression, anxiety related to life-threatening diseases",indication,True,,secondary literature coverage,,unclear,,,,unknown,10.1007/s11013-022-09814-0,,Hallucinations and Hallucinogens: Psychopathology or Wisdom?,José Carlos Bouso; Genís Ona; Maja Kohek; Rafael G. dos Santos; Jaime E. C. Hallak; Miguel Ángel Alcázar-Córcoles; Joan Obiols-Llandrich,2023,Culture Medicine and Psychiatry,journal-article,,2023-01-12,0165-005X,1573-076X,Springer Science and Business Media LLC,Humans | Hallucinogens / therapeutic use | Hallucinations | Psychopathology | Mental Disorders | Psychotic Disorders,Hallucinations | Hallucinogens | Ontology | Psychedelics | Psychopathology | Psychotherapy,,,,,,,eng,,review,low,doi,review,evidence_synthesis,secondary_literature,uncertain,uncertain,1.0,False,secondary_summary,full_text_seen,text,C011,narrative review,,,,,,,,,,,,"The therapeutic properties of these substances have recently been explored for the treatment of alcoholism, treatment-resistant depression, and anxiety related to life-threatening diseases (Rucker et al., 2018).",,,,"Projected from extraction_v1 coverage_mentions; coverage_type=discusses; relationship is discussed in secondary literature, not treated as primary evidence"
compound_disorder,hallucinogens,potential therapeutic uses,potential therapeutic uses,therapeutic_indication,,potential therapeutic uses,indication,True,,secondary literature coverage,,unclear,,,,unknown,10.1007/s11013-022-09814-0,,Hallucinations and Hallucinogens: Psychopathology or Wisdom?,José Carlos Bouso; Genís Ona; Maja Kohek; Rafael G. dos Santos; Jaime E. C. Hallak; Miguel Ángel Alcázar-Córcoles; Joan Obiols-Llandrich,2023,Culture Medicine and Psychiatry,journal-article,,2023-01-12,0165-005X,1573-076X,Springer Science and Business Media LLC,Humans | Hallucinogens / therapeutic use | Hallucinations | Psychopathology | Mental Disorders | Psychotic Disorders,Hallucinations | Hallucinogens | Ontology | Psychedelics | Psychopathology | Psychotherapy,,,,,,,eng,,review,low,doi,review,evidence_synthesis,secondary_literature,uncertain,uncertain,1.0,False,secondary_summary,full_text_seen,text,C012,narrative review,,,,,,,,,,,,"During the last 10 to 15 years, several neurobiological studies and therapeutic clinical trials have been published, which demonstrated promising results in understanding the mechanisms of action of hallucinogens and their potential therapeutic uses (Bouso et al., 2021; dos Santos & Hallak, 2020).",,,,"Projected from extraction_v1 coverage_mentions; coverage_type=discusses; relationship is discussed in secondary literature, not treated as primary evidence"
compound_disorder,hallucinogenic drugs,healing transformation in psychiatry,healing transformation in psychiatry,therapeutic_indication,,healing transformation in psychiatry,indication,True,,secondary literature coverage,,unclear,,,,unknown,10.1007/s11013-022-09814-0,,Hallucinations and Hallucinogens: Psychopathology or Wisdom?,José Carlos Bouso; Genís Ona; Maja Kohek; Rafael G. dos Santos; Jaime E. C. Hallak; Miguel Ángel Alcázar-Córcoles; Joan Obiols-Llandrich,2023,Culture Medicine and Psychiatry,journal-article,,2023-01-12,0165-005X,1573-076X,Springer Science and Business Media LLC,Humans | Hallucinogens / therapeutic use | Hallucinations | Psychopathology | Mental Disorders | Psychotic Disorders,Hallucinations | Hallucinogens | Ontology | Psychedelics | Psychopathology | Psychotherapy,,,,,,,eng,,review,low,doi,review,evidence_synthesis,secondary_literature,uncertain,uncertain,1.0,False,secondary_summary,full_text_seen,text,C015,narrative review,,,,,,,,,,,,This could be one of the reasons to support the modern use of hallucinogenic drugs in psychiatry: because they can produce healing transformation through an enhanced knowledge of the subjects' reality.,,,,"Projected from extraction_v1 coverage_mentions; coverage_type=discusses; relationship is discussed in secondary literature, not treated as primary evidence"
compound_disorder,psychedelics,psychiatric disorders,psychiatric disorders,therapeutic_indication,,psychiatric disorders,indication,True,,secondary literature coverage,,unclear,,,,unknown,10.1016/j.neubiorev.2024.105538,,Synthetic surprise as the foundation of the psychedelic experience,Roberto De Filippo; Dietmar Schmitz,2024,Neuroscience & Biobehavioral Reviews,journal-article,,2024-01-15,0149-7634,1873-7528,Elsevier BV,Humans | Hallucinogens / pharmacology | Serotonin / pharmacology | Consciousness | Signal Transduction,5-HT | 5-HT transcriptomics | Affective realism | Cognitive penetrability | Predictive coding | Psychedelics | Serotonin,,,,,,,eng,,review,low,doi,review,evidence_synthesis,secondary_literature,uncertain,uncertain,1.0,False,secondary_summary,full_text_seen,text,S009,secondary_literature,,,,,,,,,,,,"In recent years, there has been a resurgence of interest in reevaluating the therapeutic potential of psychedelics as groundbreaking treatments for psychiatric disorders",,,,"Projected from extraction_v1 coverage_mentions; coverage_type=discusses; relationship is discussed in secondary literature, not treated as primary evidence"
compound_disorder,psychedelics,depression and alcoholism,depression and alcoholism,therapeutic_indication,,depression and alcoholism,indication,True,,secondary literature coverage,,unclear,,,,unknown,10.1016/j.neubiorev.2024.105538,,Synthetic surprise as the foundation of the psychedelic experience,Roberto De Filippo; Dietmar Schmitz,2024,Neuroscience & Biobehavioral Reviews,journal-article,,2024-01-15,0149-7634,1873-7528,Elsevier BV,Humans | Hallucinogens / pharmacology | Serotonin / pharmacology | Consciousness | Signal Transduction,5-HT | 5-HT transcriptomics | Affective realism | Cognitive penetrability | Predictive coding | Psychedelics | Serotonin,,,,,,,eng,,review,low,doi,review,evidence_synthesis,secondary_literature,uncertain,uncertain,1.0,False,secondary_summary,full_text_seen,text,S009,secondary_literature,,,,,,,,,,,,"earlier explorations conducted during the 1950 s and 1960 s, when psychedelics were investigated as potential therapies for depression and alcoholism",,,,"Projected from extraction_v1 coverage_mentions; coverage_type=discusses; relationship is discussed in secondary literature, not treated as primary evidence"
compound_disorder,psychedelics,depression and anxiety-related disorders,depression and anxiety-related disorders,therapeutic_indication,,depression and anxiety-related disorders,indication,True,,secondary literature coverage,,unclear,,,,unknown,10.1016/j.neubiorev.2024.105538,,Synthetic surprise as the foundation of the psychedelic experience,Roberto De Filippo; Dietmar Schmitz,2024,Neuroscience & Biobehavioral Reviews,journal-article,,2024-01-15,0149-7634,1873-7528,Elsevier BV,Humans | Hallucinogens / pharmacology | Serotonin / pharmacology | Consciousness | Signal Transduction,5-HT | 5-HT transcriptomics | Affective realism | Cognitive penetrability | Predictive coding | Psychedelics | Serotonin,,,,,,,eng,,review,low,doi,review,evidence_synthesis,secondary_literature,uncertain,uncertain,1.0,False,secondary_summary,full_text_seen,text,S009,secondary_literature,,,,,,,,,,,,"Recent experimental results are encouraging towards a potential role for psychedelics in clinical settings, specifically for the treatment of depression and anxiety-related disorders",,,,"Projected from extraction_v1 coverage_mentions; coverage_type=discusses; relationship is discussed in secondary literature, not treated as primary evidence"
compound_disorder,Psychedelics,"mental health conditions such as depression, PTSD, and addiction","mental health conditions such as depression, PTSD, and addiction",therapeutic_indication,,"mental health conditions such as depression, PTSD, and addiction",indication,True,,secondary literature coverage,,unclear,,,,unknown,10.18192/uojm.v15i2.7456,,The Psychedelic Frontier: A Cross-Specialty Review of Healthcare Providers' Attitudes on Psychedelic-Assisted Therapy in the US,Stefan Sampy; Rohan Sampy,2025,University of Ottawa Journal of Medicine,journal-article,,2025-12-09,2292-650X,2292-6518,University of Ottawa Library,,,,,,,,,,,systematic_review,low,doi,systematic_review,evidence_synthesis,secondary_literature,uncertain,uncertain,1.0,False,secondary_summary,full_text_seen,abstract,ABSTRACT,systematic review,,,,,,,,,,,,"Psychedelics, historically used for transcendent experiences, have garnered renewed interest for their potential therapeutic applications, particularly in treating mental health conditions such as depression, PTSD, and addiction.",,There are no conflicts of interest to declare.,,"Projected from extraction_v1 coverage_mentions; coverage_type=discusses; relationship is discussed in secondary literature, not treated as primary evidence"
compound_disorder,"LSD, psilocybin, MDMA, ayahuasca","treatment-resistant depression, PTSD, autism, chronic pain, end-of-life care","treatment-resistant depression, PTSD, autism, chronic pain, end-of-life care",therapeutic_indication,,"treatment-resistant depression, PTSD, autism, chronic pain, end-of-life care",indication,True,,secondary literature coverage,,unclear,,,,unknown,10.18192/uojm.v15i2.7456,,The Psychedelic Frontier: A Cross-Specialty Review of Healthcare Providers' Attitudes on Psychedelic-Assisted Therapy in the US,Stefan Sampy; Rohan Sampy,2025,University of Ottawa Journal of Medicine,journal-article,,2025-12-09,2292-650X,2292-6518,University of Ottawa Library,,,,,,,,,,,systematic_review,low,doi,systematic_review,evidence_synthesis,secondary_literature,uncertain,uncertain,1.0,False,secondary_summary,full_text_seen,text,C002,systematic review,,,,,,,,,,,,"Research into LSD, psilocybin, MDMA, and ayahuasca has shown promise in treating conditions such as treatment-resistant depression, PTSD, autism, chronic pain, assisting in end-of-life care, and even in modulating the gut-brain axis.",,There are no conflicts of interest to declare.,,"Projected from extraction_v1 coverage_mentions; coverage_type=discusses; relationship is discussed in secondary literature, not treated as primary evidence"
compound_disorder,"MDMA, cannabis, psilocybin, LSD, ayahuasca","neurocognitive consequences, psychiatric conditions (schizophrenia, affective disorders, anxiety disorders, depersonalization disorder)","neurocognitive consequences, psychiatric conditions (schizophrenia, affective disorders, anxiety disorders, depersonalization disorder)",therapeutic_indication,,"neurocognitive consequences, psychiatric conditions (schizophrenia, affective disorders, anxiety disorders, depersonalization disorder)",indication,True,,secondary literature coverage,,unclear,,,,unknown,10.18192/uojm.v15i2.7456,,The Psychedelic Frontier: A Cross-Specialty Review of Healthcare Providers' Attitudes on Psychedelic-Assisted Therapy in the US,Stefan Sampy; Rohan Sampy,2025,University of Ottawa Journal of Medicine,journal-article,,2025-12-09,2292-650X,2292-6518,University of Ottawa Library,,,,,,,,,,,systematic_review,low,doi,systematic_review,evidence_synthesis,secondary_literature,uncertain,uncertain,1.0,False,secondary_summary,full_text_seen,text,C006,systematic review,,,,,,,,,,,,"A systematic review conducted by Velit-Salazar et al discussed the neurocognitive consequences of various psychedelic drugs, including MDMA, cannabis, psilocybin, LSD, and ayahuasca, in otherwise healthy individuals. ... A case series systematic review by Yildirim et al. evaluated the prevalence of psychiatric conditions following psychedelic use. The review identified seventeen schizophrenia, seventeen affective disorders (depression, mania, or both), three anxiety disorders, one depersonalization disorder, and one case of an unclassifiable psychiatric condition that occurred following the use of psychedelics.",,There are no conflicts of interest to declare.,,"Projected from extraction_v1 coverage_mentions; coverage_type=summarizes; relationship is discussed in secondary literature, not treated as primary evidence"
compound_disorder,ketamine,rapid-acting antidepressant effects in treatment-resistant depression,rapid-acting antidepressant effects in treatment-resistant depression,therapeutic_indication,,rapid-acting antidepressant effects in treatment-resistant depression,indication,True,,secondary literature coverage,,unclear,,,,unknown,10.18192/uojm.v15i2.7456,,The Psychedelic Frontier: A Cross-Specialty Review of Healthcare Providers' Attitudes on Psychedelic-Assisted Therapy in the US,Stefan Sampy; Rohan Sampy,2025,University of Ottawa Journal of Medicine,journal-article,,2025-12-09,2292-650X,2292-6518,University of Ottawa Library,,,,,,,,,,,systematic_review,low,doi,systematic_review,evidence_synthesis,secondary_literature,uncertain,uncertain,1.0,False,secondary_summary,full_text_seen,text,C007,systematic review,,,,,,,,,,,,"Yet, growing evidence for its rapid-acting antidepressant effects in treatment-resistant depression has led to broader acceptance, particularly in psychiatric settings, though concerns about long-term cognitive risks and misuse remain.",,There are no conflicts of interest to declare.,,"Projected from extraction_v1 coverage_mentions; coverage_type=discusses; relationship is discussed in secondary literature, not treated as primary evidence"
compound_disorder,LSD,reduced executive functioning,reduced executive functioning,therapeutic_indication,,reduced executive functioning,indication,True,,secondary literature coverage,,unclear,,,,unknown,10.3389/fphar.2021.739966,,Neuropsychological Functioning in Users of Serotonergic Psychedelics – A Systematic Review and Meta-Analysis,Lukas A. Basedow; Thomas G. Riemer; Simon Reiche; Reinhold Kreutz; Tomislav Majić,2021,Frontiers in Pharmacology,journal-article,,2021-09-16,1663-9812,,Frontiers Media SA,,LSD | attention | ayahuasca | inhibition | memory | neuropsychology | peyote | psychedelic,,,,,,,eng,,meta_analysis,low,doi,meta_analysis,evidence_synthesis,secondary_literature,uncertain,uncertain,0.9,False,secondary_summary,full_text_seen,abstract,Abstract,systematic review and meta-analysis,,,,,,,,,,,,"While LSD users showed reduced executive functioning and peyote users showed no differences across domains, there is some evidence that ayahuasca use is associated with increased executive functioning.",,,,"Projected from extraction_v1 coverage_mentions; coverage_type=discusses; relationship is discussed in secondary literature, not treated as primary evidence"
compound_disorder,ayahuasca,increased executive functioning,increased executive functioning,therapeutic_indication,,increased executive functioning,indication,True,,secondary literature coverage,,unclear,,,,unknown,10.3389/fphar.2021.739966,,Neuropsychological Functioning in Users of Serotonergic Psychedelics – A Systematic Review and Meta-Analysis,Lukas A. Basedow; Thomas G. Riemer; Simon Reiche; Reinhold Kreutz; Tomislav Majić,2021,Frontiers in Pharmacology,journal-article,,2021-09-16,1663-9812,,Frontiers Media SA,,LSD | attention | ayahuasca | inhibition | memory | neuropsychology | peyote | psychedelic,,,,,,,eng,,meta_analysis,low,doi,meta_analysis,evidence_synthesis,secondary_literature,uncertain,uncertain,0.9,False,secondary_summary,full_text_seen,abstract,Abstract,systematic review and meta-analysis,,,,,,,,,,,,"While LSD users showed reduced executive functioning and peyote users showed no differences across domains, there is some evidence that ayahuasca use is associated with increased executive functioning.",,,,"Projected from extraction_v1 coverage_mentions; coverage_type=discusses; relationship is discussed in secondary literature, not treated as primary evidence"
compound_disorder,peyote,neuropsychological functioning,neuropsychological functioning,therapeutic_indication,,neuropsychological functioning,indication,True,,secondary literature coverage,,unclear,,,,unknown,10.3389/fphar.2021.739966,,Neuropsychological Functioning in Users of Serotonergic Psychedelics – A Systematic Review and Meta-Analysis,Lukas A. Basedow; Thomas G. Riemer; Simon Reiche; Reinhold Kreutz; Tomislav Majić,2021,Frontiers in Pharmacology,journal-article,,2021-09-16,1663-9812,,Frontiers Media SA,,LSD | attention | ayahuasca | inhibition | memory | neuropsychology | peyote | psychedelic,,,,,,,eng,,meta_analysis,low,doi,meta_analysis,evidence_synthesis,secondary_literature,uncertain,uncertain,0.9,False,secondary_summary,full_text_seen,abstract,Abstract,systematic review and meta-analysis,,,,,,,,,,,,"While LSD users showed reduced executive functioning and peyote users showed no differences across domains, there is some evidence that ayahuasca use is associated with increased executive functioning.",,,,"Projected from extraction_v1 coverage_mentions; coverage_type=discusses; relationship is discussed in secondary literature, not treated as primary evidence"
compound_disorder,psilocybin,psychopathologies,psychopathologies,therapeutic_indication,,psychopathologies,indication,True,,secondary literature coverage,,unclear,,,,unknown,10.3390/jcm14186613,,Evolution and Comparative Analysis of Clinical Trials on Psilocybin in the Treatment of Psychopathologies: Trends in the EU and the US,Anastasia Calin; Ana Flavia Burlec; Cornelia Mircea; Irina Macovei; Monica Hancianu; Andreia Corciova,2025,Journal of Clinical Medicine,journal-article,,2025-09-19,2077-0383,,MDPI AG,,clinical trials | psilocybin | psychedelics | psychopathologies | regulatory policies,,,,,,,eng,,review,low,doi,review,evidence_synthesis,secondary_literature,uncertain,uncertain,1.0,False,secondary_summary,full_text_seen,abstract,"Abstract, C001",comparative analysis of clinical trials,,,,,,,,,,,,This study examines the development of clinical trials investigating psilocybin for the treatment of psychopathologies,,,,"Projected from extraction_v1 coverage_mentions; coverage_type=discusses; relationship is discussed in secondary literature, not treated as primary evidence"
compound_disorder,psilocybin,mental disorders,mental disorders,therapeutic_indication,,mental disorders,indication,True,,secondary literature coverage,,unclear,,,,unknown,10.3390/jcm14186613,,Evolution and Comparative Analysis of Clinical Trials on Psilocybin in the Treatment of Psychopathologies: Trends in the EU and the US,Anastasia Calin; Ana Flavia Burlec; Cornelia Mircea; Irina Macovei; Monica Hancianu; Andreia Corciova,2025,Journal of Clinical Medicine,journal-article,,2025-09-19,2077-0383,,MDPI AG,,clinical trials | psilocybin | psychedelics | psychopathologies | regulatory policies,,,,,,,eng,,review,low,doi,review,evidence_synthesis,secondary_literature,uncertain,uncertain,1.0,False,secondary_summary,full_text_seen,text,"S006, C005",comparative analysis of clinical trials,,,,,,,,,,,,"Over the past two decades, psilocybin and other substances in the psychedelic class have entered a new phase of scientific exploration, being investigated for their therapeutic potential in treating a wide range of mental disorders.",,,,"Projected from extraction_v1 coverage_mentions; coverage_type=discusses; relationship is discussed in secondary literature, not treated as primary evidence"
compound_disorder,psilocybin,major depression,major depression,therapeutic_indication,,major depression,indication,True,,secondary literature coverage,,unclear,,,,unknown,10.3390/jcm14186613,,Evolution and Comparative Analysis of Clinical Trials on Psilocybin in the Treatment of Psychopathologies: Trends in the EU and the US,Anastasia Calin; Ana Flavia Burlec; Cornelia Mircea; Irina Macovei; Monica Hancianu; Andreia Corciova,2025,Journal of Clinical Medicine,journal-article,,2025-09-19,2077-0383,,MDPI AG,,clinical trials | psilocybin | psychedelics | psychopathologies | regulatory policies,,,,,,,eng,,review,low,doi,review,evidence_synthesis,secondary_literature,uncertain,uncertain,1.0,False,secondary_summary,full_text_seen,text,"S006, C005",comparative analysis of clinical trials,,,,,,,,,,,,Among the most common conditions studied in research proposing psilocybin as a therapy are major depression (MD),,,,"Projected from extraction_v1 coverage_mentions; coverage_type=discusses; relationship is discussed in secondary literature, not treated as primary evidence"
compound_disorder,psilocybin,recurrent depressive disorder,recurrent depressive disorder,therapeutic_indication,,recurrent depressive disorder,indication,True,,secondary literature coverage,,unclear,,,,unknown,10.3390/jcm14186613,,Evolution and Comparative Analysis of Clinical Trials on Psilocybin in the Treatment of Psychopathologies: Trends in the EU and the US,Anastasia Calin; Ana Flavia Burlec; Cornelia Mircea; Irina Macovei; Monica Hancianu; Andreia Corciova,2025,Journal of Clinical Medicine,journal-article,,2025-09-19,2077-0383,,MDPI AG,,clinical trials | psilocybin | psychedelics | psychopathologies | regulatory policies,,,,,,,eng,,review,low,doi,review,evidence_synthesis,secondary_literature,uncertain,uncertain,1.0,False,secondary_summary,full_text_seen,text,"S006, C005",comparative analysis of clinical trials,,,,,,,,,,,,recurrent depressive disorder (RDD),,,,"Projected from extraction_v1 coverage_mentions; coverage_type=discusses; relationship is discussed in secondary literature, not treated as primary evidence"
compound_disorder,psilocybin,anxiety disorders,anxiety disorders,therapeutic_indication,,anxiety disorders,indication,True,,secondary literature coverage,,unclear,,,,unknown,10.3390/jcm14186613,,Evolution and Comparative Analysis of Clinical Trials on Psilocybin in the Treatment of Psychopathologies: Trends in the EU and the US,Anastasia Calin; Ana Flavia Burlec; Cornelia Mircea; Irina Macovei; Monica Hancianu; Andreia Corciova,2025,Journal of Clinical Medicine,journal-article,,2025-09-19,2077-0383,,MDPI AG,,clinical trials | psilocybin | psychedelics | psychopathologies | regulatory policies,,,,,,,eng,,review,low,doi,review,evidence_synthesis,secondary_literature,uncertain,uncertain,1.0,False,secondary_summary,full_text_seen,text,"S006, C005",comparative analysis of clinical trials,,,,,,,,,,,,anxiety disorders (AD),,,,"Projected from extraction_v1 coverage_mentions; coverage_type=discusses; relationship is discussed in secondary literature, not treated as primary evidence"
compound_disorder,psilocybin,post-traumatic stress disorder,post-traumatic stress disorder,therapeutic_indication,,post-traumatic stress disorder,indication,True,,secondary literature coverage,,unclear,,,,unknown,10.3390/jcm14186613,,Evolution and Comparative Analysis of Clinical Trials on Psilocybin in the Treatment of Psychopathologies: Trends in the EU and the US,Anastasia Calin; Ana Flavia Burlec; Cornelia Mircea; Irina Macovei; Monica Hancianu; Andreia Corciova,2025,Journal of Clinical Medicine,journal-article,,2025-09-19,2077-0383,,MDPI AG,,clinical trials | psilocybin | psychedelics | psychopathologies | regulatory policies,,,,,,,eng,,review,low,doi,review,evidence_synthesis,secondary_literature,uncertain,uncertain,1.0,False,secondary_summary,full_text_seen,text,"S006, C005",comparative analysis of clinical trials,,,,,,,,,,,,post-traumatic stress disorder (PTSD),,,,"Projected from extraction_v1 coverage_mentions; coverage_type=discusses; relationship is discussed in secondary literature, not treated as primary evidence"
compound_disorder,psilocybin,substance use disorders and addictions,substance use disorders and addictions,therapeutic_indication,,substance use disorders and addictions,indication,True,,secondary literature coverage,,unclear,,,,unknown,10.3390/jcm14186613,,Evolution and Comparative Analysis of Clinical Trials on Psilocybin in the Treatment of Psychopathologies: Trends in the EU and the US,Anastasia Calin; Ana Flavia Burlec; Cornelia Mircea; Irina Macovei; Monica Hancianu; Andreia Corciova,2025,Journal of Clinical Medicine,journal-article,,2025-09-19,2077-0383,,MDPI AG,,clinical trials | psilocybin | psychedelics | psychopathologies | regulatory policies,,,,,,,eng,,review,low,doi,review,evidence_synthesis,secondary_literature,uncertain,uncertain,1.0,False,secondary_summary,full_text_seen,text,"S006, C005",comparative analysis of clinical trials,,,,,,,,,,,,substance use disorders and addictions,,,,"Projected from extraction_v1 coverage_mentions; coverage_type=discusses; relationship is discussed in secondary literature, not treated as primary evidence"
compound_disorder,psilocybin,obsessive-compulsive disorders,obsessive-compulsive disorders,therapeutic_indication,,obsessive-compulsive disorders,indication,True,,secondary literature coverage,,unclear,,,,unknown,10.3390/jcm14186613,,Evolution and Comparative Analysis of Clinical Trials on Psilocybin in the Treatment of Psychopathologies: Trends in the EU and the US,Anastasia Calin; Ana Flavia Burlec; Cornelia Mircea; Irina Macovei; Monica Hancianu; Andreia Corciova,2025,Journal of Clinical Medicine,journal-article,,2025-09-19,2077-0383,,MDPI AG,,clinical trials | psilocybin | psychedelics | psychopathologies | regulatory policies,,,,,,,eng,,review,low,doi,review,evidence_synthesis,secondary_literature,uncertain,uncertain,1.0,False,secondary_summary,full_text_seen,text,"S006, C005",comparative analysis of clinical trials,,,,,,,,,,,,obsessive-compulsive disorders (OCD),,,,"Projected from extraction_v1 coverage_mentions; coverage_type=discusses; relationship is discussed in secondary literature, not treated as primary evidence"
compound_disorder,psilocybin,treatment-resistant depression,treatment-resistant depression,therapeutic_indication,,treatment-resistant depression,indication,True,,secondary literature coverage,,unclear,,,,unknown,10.3390/jcm14186613,,Evolution and Comparative Analysis of Clinical Trials on Psilocybin in the Treatment of Psychopathologies: Trends in the EU and the US,Anastasia Calin; Ana Flavia Burlec; Cornelia Mircea; Irina Macovei; Monica Hancianu; Andreia Corciova,2025,Journal of Clinical Medicine,journal-article,,2025-09-19,2077-0383,,MDPI AG,,clinical trials | psilocybin | psychedelics | psychopathologies | regulatory policies,,,,,,,eng,,review,low,doi,review,evidence_synthesis,secondary_literature,uncertain,uncertain,1.0,False,secondary_summary,full_text_seen,text,"S006, C005",comparative analysis of clinical trials,,,,,,,,,,,,"In this context, current research is focusing on studying the effects of psilocybin as a treatment for severe forms of depression or refractory forms of this disorder. Recent data from studies in which psilocybin is administered in a single dose in a controlled environment and is combined with psychotherapy indicate promising results in patients affected by TRD.",,,,"Projected from extraction_v1 coverage_mentions; coverage_type=discusses; relationship is discussed in secondary literature, not treated as primary evidence"
compound_disorder,psilocybin,alcoholism,alcoholism,therapeutic_indication,,alcoholism,indication,True,,secondary literature coverage,,unclear,,,,unknown,10.3390/jcm14186613,,Evolution and Comparative Analysis of Clinical Trials on Psilocybin in the Treatment of Psychopathologies: Trends in the EU and the US,Anastasia Calin; Ana Flavia Burlec; Cornelia Mircea; Irina Macovei; Monica Hancianu; Andreia Corciova,2025,Journal of Clinical Medicine,journal-article,,2025-09-19,2077-0383,,MDPI AG,,clinical trials | psilocybin | psychedelics | psychopathologies | regulatory policies,,,,,,,eng,,review,low,doi,review,evidence_synthesis,secondary_literature,uncertain,uncertain,1.0,False,secondary_summary,full_text_seen,text,"S006, C006",comparative analysis of clinical trials,,,,,,,,,,,,A pilot study conducted by Bogenschutz et al. in 2015 showed that psilocybin administered in combination with motivational therapy significantly reduced alcohol consumption in patients diagnosed with severe alcoholism,,,,"Projected from extraction_v1 coverage_mentions; coverage_type=discusses; relationship is discussed in secondary literature, not treated as primary evidence"
compound_disorder,psilocybin,smoking,smoking,therapeutic_indication,,smoking,indication,True,,secondary literature coverage,,unclear,,,,unknown,10.3390/jcm14186613,,Evolution and Comparative Analysis of Clinical Trials on Psilocybin in the Treatment of Psychopathologies: Trends in the EU and the US,Anastasia Calin; Ana Flavia Burlec; Cornelia Mircea; Irina Macovei; Monica Hancianu; Andreia Corciova,2025,Journal of Clinical Medicine,journal-article,,2025-09-19,2077-0383,,MDPI AG,,clinical trials | psilocybin | psychedelics | psychopathologies | regulatory policies,,,,,,,eng,,review,low,doi,review,evidence_synthesis,secondary_literature,uncertain,uncertain,1.0,False,secondary_summary,full_text_seen,text,"S006, C006",comparative analysis of clinical trials,,,,,,,,,,,,"A similar result was reported in a study coordinated by Johnson et al. in 2014 at Johns Hopkins University, where smoking patients received psilocybin treatment",,,,"Projected from extraction_v1 coverage_mentions; coverage_type=discusses; relationship is discussed in secondary literature, not treated as primary evidence"
compound_disorder,psilocybin,eating disorders,eating disorders,therapeutic_indication,,eating disorders,indication,True,,secondary literature coverage,,unclear,,,,unknown,10.3390/jcm14186613,,Evolution and Comparative Analysis of Clinical Trials on Psilocybin in the Treatment of Psychopathologies: Trends in the EU and the US,Anastasia Calin; Ana Flavia Burlec; Cornelia Mircea; Irina Macovei; Monica Hancianu; Andreia Corciova,2025,Journal of Clinical Medicine,journal-article,,2025-09-19,2077-0383,,MDPI AG,,clinical trials | psilocybin | psychedelics | psychopathologies | regulatory policies,,,,,,,eng,,review,low,doi,review,evidence_synthesis,secondary_literature,uncertain,uncertain,1.0,False,secondary_summary,full_text_seen,text,"S006, C005",comparative analysis of clinical trials,,,,,,,,,,,,"An emerging subfield of research in which psilocybin has started to be explored is that of eating disorders, particularly anorexia nervosa.",,,,"Projected from extraction_v1 coverage_mentions; coverage_type=discusses; relationship is discussed in secondary literature, not treated as primary evidence"
compound_disorder,psilocybin,major depressive disorder,major depressive disorder,therapeutic_indication,,major depressive disorder,indication,True,,secondary literature coverage,,unclear,,,,unknown,10.3390/jcm14186613,,Evolution and Comparative Analysis of Clinical Trials on Psilocybin in the Treatment of Psychopathologies: Trends in the EU and the US,Anastasia Calin; Ana Flavia Burlec; Cornelia Mircea; Irina Macovei; Monica Hancianu; Andreia Corciova,2025,Journal of Clinical Medicine,journal-article,,2025-09-19,2077-0383,,MDPI AG,,clinical trials | psilocybin | psychedelics | psychopathologies | regulatory policies,,,,,,,eng,,review,low,doi,review,evidence_synthesis,secondary_literature,uncertain,uncertain,1.0,False,secondary_summary,full_text_seen,text,"S010, C010",comparative analysis of clinical trials,,,,,,,,,,,,"However, the key moment was the FDA's decision to grant psilocybin ""breakthrough therapy"" status for treatment-resistant depression in 2018 and for major depressive disorder in 2019 [43]",,,,"Projected from extraction_v1 coverage_mentions; coverage_type=discusses; relationship is discussed in secondary literature, not treated as primary evidence"
compound_disorder,Ketamine,Major Depressive Disorder,Major Depressive Disorder,therapeutic_indication,,Major Depressive Disorder,indication,True,,secondary literature coverage,,unclear,,,,unknown,10.1016/j.jad.2019.02.044,,Adjunctive ketamine and electroconvulsive therapy for major depressive disorder: A meta-analysis of randomized controlled trials,Wei Zheng; Xiao-Hong Li; Xiao-Min Zhu; Dong-Bin Cai; Xin-Hu Yang; Gabor S. Ungvari; Chee H. Ng; Yu-Ping Ning; Yong-Dong Hu; Shu-Hua He,2019,Journal of Affective Disorders,journal-article,,2019-02-18,0165-0327,1573-2517,Elsevier BV,"Adult | Anesthetics, Dissociative / therapeutic use | Combined Modality Therapy | Depression | Major Depressive Disorder / psychology | Major Depressive Disorder / therapy | Electroconvulsive Therapy / methods | Female | Humans | Ketamine / therapeutic use | Male | Randomized Controlled Trials as Topic | Treatment Outcome",Anaesthesia | Depression | ECT | Ketamine | Meta-analysis,,,,,,,eng,,meta_analysis,low,doi,meta_analysis,evidence_synthesis,secondary_literature,uncertain,uncertain,1.0,False,secondary_summary,abstract_only,abstract,abstract,meta-analysis of randomized controlled trials,,,,,,,,,,,,This is an updated meta-analysis of the efficacy and safety of ketamine augmentation of ECT in the treatment of MDD.,,,,"Projected from extraction_v1 coverage_mentions; coverage_type=meta_analyzes; relationship is discussed in secondary literature, not treated as primary evidence"
compound_disorder,Ketamine,Major Depressive Disorder,Major Depressive Disorder,therapeutic_indication,,Major Depressive Disorder,indication,True,,secondary literature coverage,,unclear,,,,unknown,10.1016/j.jad.2019.02.044,,Adjunctive ketamine and electroconvulsive therapy for major depressive disorder: A meta-analysis of randomized controlled trials,Wei Zheng; Xiao-Hong Li; Xiao-Min Zhu; Dong-Bin Cai; Xin-Hu Yang; Gabor S. Ungvari; Chee H. Ng; Yu-Ping Ning; Yong-Dong Hu; Shu-Hua He,2019,Journal of Affective Disorders,journal-article,,2019-02-18,0165-0327,1573-2517,Elsevier BV,"Adult | Anesthetics, Dissociative / therapeutic use | Combined Modality Therapy | Depression | Major Depressive Disorder / psychology | Major Depressive Disorder / therapy | Electroconvulsive Therapy / methods | Female | Humans | Ketamine / therapeutic use | Male | Randomized Controlled Trials as Topic | Treatment Outcome",Anaesthesia | Depression | ECT | Ketamine | Meta-analysis,,,,,,,eng,,meta_analysis,low,doi,meta_analysis,evidence_synthesis,secondary_literature,uncertain,uncertain,1.0,False,secondary_summary,abstract_only,abstract,abstract,meta-analysis of randomized controlled trials,,,,,,,,,,,,"Compared to other anesthetic agents, ketamine alone does not appear to improve the efficacy of ECT.",,,,"Projected from extraction_v1 coverage_mentions; coverage_type=summarizes; relationship is discussed in secondary literature, not treated as primary evidence"
compound_disorder,Ketamine,depressive symptom,depressive symptom,therapeutic_indication,,depressive symptom,indication,True,,secondary literature coverage,,unclear,,,,unknown,10.1016/j.jad.2019.02.044,,Adjunctive ketamine and electroconvulsive therapy for major depressive disorder: A meta-analysis of randomized controlled trials,Wei Zheng; Xiao-Hong Li; Xiao-Min Zhu; Dong-Bin Cai; Xin-Hu Yang; Gabor S. Ungvari; Chee H. Ng; Yu-Ping Ning; Yong-Dong Hu; Shu-Hua He,2019,Journal of Affective Disorders,journal-article,,2019-02-18,0165-0327,1573-2517,Elsevier BV,"Adult | Anesthetics, Dissociative / therapeutic use | Combined Modality Therapy | Depression | Major Depressive Disorder / psychology | Major Depressive Disorder / therapy | Electroconvulsive Therapy / methods | Female | Humans | Ketamine / therapeutic use | Male | Randomized Controlled Trials as Topic | Treatment Outcome",Anaesthesia | Depression | ECT | Ketamine | Meta-analysis,,,,,,,eng,,meta_analysis,low,doi,meta_analysis,evidence_synthesis,secondary_literature,uncertain,uncertain,1.0,False,secondary_summary,abstract_only,abstract,abstract,meta-analysis of randomized controlled trials,,,,,,,,,,,,"However, ketamine+other anesthetic combinations may confer a short-term advantage in improving depressive symptom at the early stages of ECT.",,,,"Projected from extraction_v1 coverage_mentions; coverage_type=summarizes; relationship is discussed in secondary literature, not treated as primary evidence"
compound_disorder,Serotonergic psychedelic assisted therapy,Death anxiety (DA),Death anxiety (DA),therapeutic_indication,,Death anxiety (DA),indication,True,,secondary literature coverage,,unclear,,,,unknown,10.1016/j.jpsychires.2025.03.022,,The effects of psychedelic-assisted therapy on illness and death anxiety: A systematic review and meta-analysis,Aron Amaev; Jianmeng Song; Yasaman Kambari; Edgardo Carmona-Torres; Ali Abdolizadeh; Fumihiko Ueno; Teruki Koizumi; Antonio P. Strafella; M. Ishrat Husain; Ariel Graff-Guerrero,2025,Journal of Psychiatric Research,journal-article,,2025-03-14,0022-3956,1879-1379,Elsevier BV,"Humans | Hallucinogens / pharmacology | Hallucinogens / therapeutic use | Anxiety / drug therapy | Attitude to Death | Outcome Assessment, Health Care",Death anxiety | Illness anxiety | Illness anxiety disorder | Life-threatening illness | Psychedelics,,,,,,,eng,,meta_analysis,low,doi,meta_analysis,evidence_synthesis,secondary_literature,uncertain,uncertain,1.0,False,secondary_summary,abstract_only,abstract,abstract,systematic review and meta-analysis,,,,,,,,,,,,This meta-analysis aims to systematically analyze PTs efficacy for DA and IA. ... The results showed that PT was associated with sustained decreases in DA and State and Trait anxiety in the context of having a life-threatening illness. This meta-analysis highlights PT as a treatment for DA and anxiety in the context of a life-threatening illness.,,,,"Projected from extraction_v1 coverage_mentions; coverage_type=meta_analyzes; relationship is discussed in secondary literature, not treated as primary evidence"
compound_disorder,Serotonergic psychedelic assisted therapy,State and Trait anxiety,State and Trait anxiety,therapeutic_indication,,State and Trait anxiety,indication,True,,secondary literature coverage,,unclear,,,,unknown,10.1016/j.jpsychires.2025.03.022,,The effects of psychedelic-assisted therapy on illness and death anxiety: A systematic review and meta-analysis,Aron Amaev; Jianmeng Song; Yasaman Kambari; Edgardo Carmona-Torres; Ali Abdolizadeh; Fumihiko Ueno; Teruki Koizumi; Antonio P. Strafella; M. Ishrat Husain; Ariel Graff-Guerrero,2025,Journal of Psychiatric Research,journal-article,,2025-03-14,0022-3956,1879-1379,Elsevier BV,"Humans | Hallucinogens / pharmacology | Hallucinogens / therapeutic use | Anxiety / drug therapy | Attitude to Death | Outcome Assessment, Health Care",Death anxiety | Illness anxiety | Illness anxiety disorder | Life-threatening illness | Psychedelics,,,,,,,eng,,meta_analysis,low,doi,meta_analysis,evidence_synthesis,secondary_literature,uncertain,uncertain,1.0,False,secondary_summary,abstract_only,abstract,abstract,systematic review and meta-analysis,,,,,,,,,,,,The results showed that PT was associated with sustained decreases in DA and State and Trait anxiety in the context of having a life-threatening illness. This meta-analysis highlights PT as a treatment for DA and anxiety in the context of a life-threatening illness.,,,,"Projected from extraction_v1 coverage_mentions; coverage_type=meta_analyzes; relationship is discussed in secondary literature, not treated as primary evidence"
compound_disorder,psychedelic-assisted therapy (PT),Illness anxiety (IA) Disorder,Illness anxiety (IA) Disorder,therapeutic_indication,,Illness anxiety (IA) Disorder,indication,True,,secondary literature coverage,,unclear,,,,unknown,10.1016/j.jpsychires.2025.03.022,,The effects of psychedelic-assisted therapy on illness and death anxiety: A systematic review and meta-analysis,Aron Amaev; Jianmeng Song; Yasaman Kambari; Edgardo Carmona-Torres; Ali Abdolizadeh; Fumihiko Ueno; Teruki Koizumi; Antonio P. Strafella; M. Ishrat Husain; Ariel Graff-Guerrero,2025,Journal of Psychiatric Research,journal-article,,2025-03-14,0022-3956,1879-1379,Elsevier BV,"Humans | Hallucinogens / pharmacology | Hallucinogens / therapeutic use | Anxiety / drug therapy | Attitude to Death | Outcome Assessment, Health Care",Death anxiety | Illness anxiety | Illness anxiety disorder | Life-threatening illness | Psychedelics,,,,,,,eng,,meta_analysis,low,doi,meta_analysis,evidence_synthesis,secondary_literature,uncertain,uncertain,0.9,False,secondary_summary,abstract_only,abstract,abstract,systematic review and meta-analysis,,,,,,,,,,,,"Future studies should attempt to replicate these findings in other contexts, such as IA Disorder and somatic symptom disorders.",,,,"Projected from extraction_v1 coverage_mentions; coverage_type=discusses; relationship is discussed in secondary literature, not treated as primary evidence"
compound_disorder,psychedelic drugs,psychiatric disorders,psychiatric disorders,therapeutic_indication,,psychiatric disorders,indication,True,,secondary literature coverage,,unclear,,,,unknown,10.1001/jamapsychiatry.2024.4312,,Modifying Informed Consent to Help Address Functional Unmasking in Psychedelic Clinical Trials,Michelle Matvey; D. Parker Kelley; Ellen R. Bradley; Winston Chiong; Aoife O’Donovan; Josh Woolley,2025,JAMA Psychiatry,journal-article,,2025-01-08,2168-622X,2168-6238,American Medical Association (AMA),Humans | Hallucinogens / therapeutic use | Informed Consent / ethics | Clinical Trials as Topic / methods | Mental Disorders / drug therapy | Research Design,,CSRD VA | NIA NIH HHS,IK2 CX002606 | IK4 CX002090 | K24 AG083117,10.1001/jamapsychiatry.2025.0781,ErratumIn PMID:40238093 JAMA Psychiatry. 2025 Jun 1;82(6):627. doi: 10.1001/jamapsychiatry.2025.0781.,,true,eng,,review,low,doi,review,evidence_synthesis,secondary_literature,uncertain,uncertain,0.9,False,secondary_summary,abstract_only,abstract,abstract,Review of clinical trial methodology,,,,,,,,,,,,"There is unprecedented clinician, industry, and patient interest in the therapeutic development of psychedelic drugs. This is due to a combination of promising clinical trial results, positive media coverage, and the lack of novel pharmacologic treatments for psychiatric disorders in recent decades.",CSRD VA | NIA NIH HHS,,,"Projected from extraction_v1 coverage_mentions; coverage_type=discusses; relationship is discussed in secondary literature, not treated as primary evidence"
compound_disorder,Hallucinogens,schizophrenia,schizophrenia,therapeutic_indication,,schizophrenia,indication,True,,secondary literature coverage,,unclear,,,,unknown,10.1007/7854_2017_478,,Hallucinogens and Serotonin 5-HT2A Receptor-Mediated Signaling Pathways,Juan F. López-Giménez; Javier González-Maeso,2017,Current topics in behavioral neurosciences,book-chapter,,2017-01-01,1866-3370,1866-3389,Springer Berlin Heidelberg,"Animals | Hallucinogens / pharmacology | Humans | Receptor, Serotonin, 5-HT2A / drug effects | Serotonin 5-HT2 Receptor Agonists / pharmacology | Signal Transduction / drug effects",5-HT2A receptor | Antipsychotics | G protein-coupled receptor (GPCR) | Hallucinogen | Lysergic acid diethylamide (LSD) | Mescaline | Psilocin | Psilocybin | Psychedelics | Psychosis | Schizophrenia | Serotonin,NIMH NIH HHS,R01 MH084894 | R01 MH111940,,,,,eng,,review,low,doi,review,evidence_synthesis,secondary_literature,uncertain,uncertain,0.9,False,secondary_summary,abstract_only,abstract,abstract,secondary_literature,,,,,,,,,,,,The discovery of the hallucinogenic effects of LSD and the observations that LSD and the endogenous ligand serotonin share chemical and pharmacological profiles led to the suggestion that biogenic amines like serotonin were involved in the psychosis of mental disorders such as schizophrenia.,NIMH NIH HHS,,,"Projected from extraction_v1 coverage_mentions; coverage_type=discusses; relationship is discussed in secondary literature, not treated as primary evidence"
compound_disorder,Kratom,chronic pain,chronic pain,therapeutic_indication,,chronic pain,indication,True,,secondary literature coverage,,unclear,,,,unknown,10.1007/s13181-011-0202-2,,"Here Today, Gone Tomorrow…and Back Again? A Review of Herbal Marijuana Alternatives (K2, Spice), Synthetic Cathinones (Bath Salts), Kratom, Salvia divinorum, Methoxetamine, and Piperazines",Christopher D. Rosenbaum; Stephanie P. Carreiro; Kavita M. Babu,2012,Journal of Medical Toxicology,journal-article,,2012-01-24,1556-9039,1937-6995,Springer Science and Business Media LLC,Alkaloids / analysis | Alkaloids / pharmacology | Alkaloids / therapeutic use | Alkaloids / toxicity | Cannabinoids / analysis | Cannabinoids / pharmacology | Cannabinoids / therapeutic use | Cannabinoids / toxicity | Cyclohexanones / analysis | Cyclohexanones / pharmacology | Cyclohexanones / therapeutic use | Cyclohexanones / toxicity | Cyclohexylamines / analysis | Cyclohexylamines / pharmacology | Cyclohexylamines / therapeutic use | Cyclohexylamines / toxicity | Humans | Mitragyna / toxicity | Piperazines / analysis | Piperazines / pharmacology | Piperazines / therapeutic use | Piperazines / toxicity | Psychotropic Drugs / analysis | Psychotropic Drugs / pharmacology | Psychotropic Drugs / therapeutic use | Psychotropic Drugs / toxicity | Salvia / toxicity,,,,,,,,eng,,review,low,doi,review,evidence_synthesis,secondary_literature,uncertain,uncertain,0.9,False,secondary_summary,abstract_only,abstract,abstract,secondary_literature,,,,,,,,,,,,"Kratom, a plant product derived from Mitragyna speciosa Korth, has opioid-like effects, and has been used for the treatment of chronic pain and amelioration of opioid-withdrawal symptoms.",,,,"Projected from extraction_v1 coverage_mentions; coverage_type=discusses; relationship is discussed in secondary literature, not treated as primary evidence"
compound_disorder,Kratom,opioid-withdrawal symptoms,opioid-withdrawal symptoms,therapeutic_indication,,opioid-withdrawal symptoms,indication,True,,secondary literature coverage,,unclear,,,,unknown,10.1007/s13181-011-0202-2,,"Here Today, Gone Tomorrow…and Back Again? A Review of Herbal Marijuana Alternatives (K2, Spice), Synthetic Cathinones (Bath Salts), Kratom, Salvia divinorum, Methoxetamine, and Piperazines",Christopher D. Rosenbaum; Stephanie P. Carreiro; Kavita M. Babu,2012,Journal of Medical Toxicology,journal-article,,2012-01-24,1556-9039,1937-6995,Springer Science and Business Media LLC,Alkaloids / analysis | Alkaloids / pharmacology | Alkaloids / therapeutic use | Alkaloids / toxicity | Cannabinoids / analysis | Cannabinoids / pharmacology | Cannabinoids / therapeutic use | Cannabinoids / toxicity | Cyclohexanones / analysis | Cyclohexanones / pharmacology | Cyclohexanones / therapeutic use | Cyclohexanones / toxicity | Cyclohexylamines / analysis | Cyclohexylamines / pharmacology | Cyclohexylamines / therapeutic use | Cyclohexylamines / toxicity | Humans | Mitragyna / toxicity | Piperazines / analysis | Piperazines / pharmacology | Piperazines / therapeutic use | Piperazines / toxicity | Psychotropic Drugs / analysis | Psychotropic Drugs / pharmacology | Psychotropic Drugs / therapeutic use | Psychotropic Drugs / toxicity | Salvia / toxicity,,,,,,,,eng,,review,low,doi,review,evidence_synthesis,secondary_literature,uncertain,uncertain,0.9,False,secondary_summary,abstract_only,abstract,abstract,secondary_literature,,,,,,,,,,,,"Kratom, a plant product derived from Mitragyna speciosa Korth, has opioid-like effects, and has been used for the treatment of chronic pain and amelioration of opioid-withdrawal symptoms.",,,,"Projected from extraction_v1 coverage_mentions; coverage_type=discusses; relationship is discussed in secondary literature, not treated as primary evidence"
compound_disorder,Salvia divinorum,therapeutic potential,therapeutic potential,therapeutic_indication,,therapeutic potential,indication,True,,secondary literature coverage,,unclear,,,,unknown,10.1007/s13181-011-0202-2,,"Here Today, Gone Tomorrow…and Back Again? A Review of Herbal Marijuana Alternatives (K2, Spice), Synthetic Cathinones (Bath Salts), Kratom, Salvia divinorum, Methoxetamine, and Piperazines",Christopher D. Rosenbaum; Stephanie P. Carreiro; Kavita M. Babu,2012,Journal of Medical Toxicology,journal-article,,2012-01-24,1556-9039,1937-6995,Springer Science and Business Media LLC,Alkaloids / analysis | Alkaloids / pharmacology | Alkaloids / therapeutic use | Alkaloids / toxicity | Cannabinoids / analysis | Cannabinoids / pharmacology | Cannabinoids / therapeutic use | Cannabinoids / toxicity | Cyclohexanones / analysis | Cyclohexanones / pharmacology | Cyclohexanones / therapeutic use | Cyclohexanones / toxicity | Cyclohexylamines / analysis | Cyclohexylamines / pharmacology | Cyclohexylamines / therapeutic use | Cyclohexylamines / toxicity | Humans | Mitragyna / toxicity | Piperazines / analysis | Piperazines / pharmacology | Piperazines / therapeutic use | Piperazines / toxicity | Psychotropic Drugs / analysis | Psychotropic Drugs / pharmacology | Psychotropic Drugs / therapeutic use | Psychotropic Drugs / toxicity | Salvia / toxicity,,,,,,,,eng,,review,low,doi,review,evidence_synthesis,secondary_literature,uncertain,uncertain,0.8,False,secondary_summary,abstract_only,abstract,abstract,secondary_literature,,,,,,,,,,,,Salvia divinorum is a hallucinogen with unique pharmacology that has therapeutic potential but has been banned in many states due to concerns regarding its psychiatric effects.,,,,"Projected from extraction_v1 coverage_mentions; coverage_type=discusses; relationship is discussed in secondary literature, not treated as primary evidence"
compound_disorder,Salvia divinorum,psychiatric effects,psychiatric effects,therapeutic_indication,,psychiatric effects,indication,True,,secondary literature coverage,,unclear,,,,unknown,10.1007/s13181-011-0202-2,,"Here Today, Gone Tomorrow…and Back Again? A Review of Herbal Marijuana Alternatives (K2, Spice), Synthetic Cathinones (Bath Salts), Kratom, Salvia divinorum, Methoxetamine, and Piperazines",Christopher D. Rosenbaum; Stephanie P. Carreiro; Kavita M. Babu,2012,Journal of Medical Toxicology,journal-article,,2012-01-24,1556-9039,1937-6995,Springer Science and Business Media LLC,Alkaloids / analysis | Alkaloids / pharmacology | Alkaloids / therapeutic use | Alkaloids / toxicity | Cannabinoids / analysis | Cannabinoids / pharmacology | Cannabinoids / therapeutic use | Cannabinoids / toxicity | Cyclohexanones / analysis | Cyclohexanones / pharmacology | Cyclohexanones / therapeutic use | Cyclohexanones / toxicity | Cyclohexylamines / analysis | Cyclohexylamines / pharmacology | Cyclohexylamines / therapeutic use | Cyclohexylamines / toxicity | Humans | Mitragyna / toxicity | Piperazines / analysis | Piperazines / pharmacology | Piperazines / therapeutic use | Piperazines / toxicity | Psychotropic Drugs / analysis | Psychotropic Drugs / pharmacology | Psychotropic Drugs / therapeutic use | Psychotropic Drugs / toxicity | Salvia / toxicity,,,,,,,,eng,,review,low,doi,review,evidence_synthesis,secondary_literature,uncertain,uncertain,0.9,False,secondary_summary,abstract_only,abstract,abstract,secondary_literature,,,,,,,,,,,,Salvia divinorum is a hallucinogen with unique pharmacology that has therapeutic potential but has been banned in many states due to concerns regarding its psychiatric effects.,,,,"Projected from extraction_v1 coverage_mentions; coverage_type=discusses; relationship is discussed in secondary literature, not treated as primary evidence"
compound_disorder,synthetic cathinones,"severe agitation, sympathomimetic toxicity, and death","severe agitation, sympathomimetic toxicity, and death",therapeutic_indication,,"severe agitation, sympathomimetic toxicity, and death",indication,True,,secondary literature coverage,,unclear,,,,unknown,10.1007/s13181-011-0202-2,,"Here Today, Gone Tomorrow…and Back Again? A Review of Herbal Marijuana Alternatives (K2, Spice), Synthetic Cathinones (Bath Salts), Kratom, Salvia divinorum, Methoxetamine, and Piperazines",Christopher D. Rosenbaum; Stephanie P. Carreiro; Kavita M. Babu,2012,Journal of Medical Toxicology,journal-article,,2012-01-24,1556-9039,1937-6995,Springer Science and Business Media LLC,Alkaloids / analysis | Alkaloids / pharmacology | Alkaloids / therapeutic use | Alkaloids / toxicity | Cannabinoids / analysis | Cannabinoids / pharmacology | Cannabinoids / therapeutic use | Cannabinoids / toxicity | Cyclohexanones / analysis | Cyclohexanones / pharmacology | Cyclohexanones / therapeutic use | Cyclohexanones / toxicity | Cyclohexylamines / analysis | Cyclohexylamines / pharmacology | Cyclohexylamines / therapeutic use | Cyclohexylamines / toxicity | Humans | Mitragyna / toxicity | Piperazines / analysis | Piperazines / pharmacology | Piperazines / therapeutic use | Piperazines / toxicity | Psychotropic Drugs / analysis | Psychotropic Drugs / pharmacology | Psychotropic Drugs / therapeutic use | Psychotropic Drugs / toxicity | Salvia / toxicity,,,,,,,,eng,,review,low,doi,review,evidence_synthesis,secondary_literature,uncertain,uncertain,0.9,False,secondary_summary,abstract_only,abstract,abstract,secondary_literature,,,,,,,,,,,,"The synthetic cathinones, commonly called ""bath salts,"" have resulted in nationwide emergency department visits for severe agitation, sympathomimetic toxicity, and death.",,,,"Projected from extraction_v1 coverage_mentions; coverage_type=discusses; relationship is discussed in secondary literature, not treated as primary evidence"
compound_disorder,DMT,neuroplasticity and neurogenesis,neuroplasticity and neurogenesis,therapeutic_indication,,neuroplasticity and neurogenesis,indication,True,,secondary literature coverage,,unclear,,,,unknown,10.1016/j.neuropharm.2025.110314,,Exploring DMT: Endogenous role and therapeutic potential,Jakub Schimmelpfennig; Kamila Jankowiak-Siuda,2025,Neuropharmacology,journal-article,,2025-01-18,0028-3908,1873-7064,Elsevier BV,"Animals | Humans | N,N-Dimethyltryptamine / metabolism | N,N-Dimethyltryptamine / pharmacology | N,N-Dimethyltryptamine / therapeutic use | Brain / metabolism | Neuronal Plasticity / physiology",Anti-inflammation | DMT | Hypoxia | INMT | Neuroplasticity | Neuroprotection | Psychedelics,,,,,,,eng,,review,low,doi,review,evidence_synthesis,secondary_literature,uncertain,uncertain,0.9,False,secondary_summary,abstract_only,abstract,abstract,secondary_literature,,,,,,,,,,,,"We also examined DMT's potential roles in various physiological processes, including neuroplasticity and neurogenesis, mitochondrial homeostasis, immunomodulation, and protection against hypoxia and oxidative stress.",,,,"Projected from extraction_v1 coverage_mentions; coverage_type=discusses; relationship is discussed in secondary literature, not treated as primary evidence"
compound_disorder,DMT,immunomodulation,immunomodulation,therapeutic_indication,,immunomodulation,indication,True,,secondary literature coverage,,unclear,,,,unknown,10.1016/j.neuropharm.2025.110314,,Exploring DMT: Endogenous role and therapeutic potential,Jakub Schimmelpfennig; Kamila Jankowiak-Siuda,2025,Neuropharmacology,journal-article,,2025-01-18,0028-3908,1873-7064,Elsevier BV,"Animals | Humans | N,N-Dimethyltryptamine / metabolism | N,N-Dimethyltryptamine / pharmacology | N,N-Dimethyltryptamine / therapeutic use | Brain / metabolism | Neuronal Plasticity / physiology",Anti-inflammation | DMT | Hypoxia | INMT | Neuroplasticity | Neuroprotection | Psychedelics,,,,,,,eng,,review,low,doi,review,evidence_synthesis,secondary_literature,uncertain,uncertain,0.9,False,secondary_summary,abstract_only,abstract,abstract,secondary_literature,,,,,,,,,,,,"We also examined DMT's potential roles in various physiological processes, including neuroplasticity and neurogenesis, mitochondrial homeostasis, immunomodulation, and protection against hypoxia and oxidative stress.",,,,"Projected from extraction_v1 coverage_mentions; coverage_type=discusses; relationship is discussed in secondary literature, not treated as primary evidence"
compound_disorder,DMT,hypoxia and oxidative stress,hypoxia and oxidative stress,therapeutic_indication,,hypoxia and oxidative stress,indication,True,,secondary literature coverage,,unclear,,,,unknown,10.1016/j.neuropharm.2025.110314,,Exploring DMT: Endogenous role and therapeutic potential,Jakub Schimmelpfennig; Kamila Jankowiak-Siuda,2025,Neuropharmacology,journal-article,,2025-01-18,0028-3908,1873-7064,Elsevier BV,"Animals | Humans | N,N-Dimethyltryptamine / metabolism | N,N-Dimethyltryptamine / pharmacology | N,N-Dimethyltryptamine / therapeutic use | Brain / metabolism | Neuronal Plasticity / physiology",Anti-inflammation | DMT | Hypoxia | INMT | Neuroplasticity | Neuroprotection | Psychedelics,,,,,,,eng,,review,low,doi,review,evidence_synthesis,secondary_literature,uncertain,uncertain,0.9,False,secondary_summary,abstract_only,abstract,abstract,secondary_literature,,,,,,,,,,,,"We also examined DMT's potential roles in various physiological processes, including neuroplasticity and neurogenesis, mitochondrial homeostasis, immunomodulation, and protection against hypoxia and oxidative stress.",,,,"Projected from extraction_v1 coverage_mentions; coverage_type=discusses; relationship is discussed in secondary literature, not treated as primary evidence"
compound_disorder,DMT,clinical applications,clinical applications,therapeutic_indication,,clinical applications,indication,True,,secondary literature coverage,,unclear,,,,unknown,10.1016/j.neuropharm.2025.110314,,Exploring DMT: Endogenous role and therapeutic potential,Jakub Schimmelpfennig; Kamila Jankowiak-Siuda,2025,Neuropharmacology,journal-article,,2025-01-18,0028-3908,1873-7064,Elsevier BV,"Animals | Humans | N,N-Dimethyltryptamine / metabolism | N,N-Dimethyltryptamine / pharmacology | N,N-Dimethyltryptamine / therapeutic use | Brain / metabolism | Neuronal Plasticity / physiology",Anti-inflammation | DMT | Hypoxia | INMT | Neuroplasticity | Neuroprotection | Psychedelics,,,,,,,eng,,review,low,doi,review,evidence_synthesis,secondary_literature,uncertain,uncertain,0.9,False,secondary_summary,abstract_only,abstract,abstract,secondary_literature,,,,,,,,,,,,"The widespread evolutionary presence of DMT's biosynthetic pathways across diverse species suggests it may play essential roles in various developmental stages and cellular adaptation to environmental challenges, highlighting the neurobiological significance of DMT and its potential clinical applications.",,,,"Projected from extraction_v1 coverage_mentions; coverage_type=discusses; relationship is discussed in secondary literature, not treated as primary evidence"
compound_disorder,Psychedelics,Depression,Depression,therapeutic_indication,,Depression,indication,True,,secondary literature coverage,,unclear,,,,unknown,10.1111/jnc.15536,,Molecular targets of psychedelic‐induced plasticity,Alaina M. Jaster; Mario de la Fuente Revenga; Javier González‐Maeso,2021,Journal of Neurochemistry,journal-article,,2021-11-06,0022-3042,1471-4159,Wiley,Hallucinogens / pharmacology | Hallucinogens / therapeutic use | Humans | Serotonin,5-HT2A receptor | GPCR | LSD | hallucinogens | psychedelics | serotonin,NIMH NIH HHS,T32 MH020030 | R01 MH111940 | R01 MH084894,,,,,eng,,review,low,doi,review,evidence_synthesis,secondary_literature,uncertain,uncertain,0.9,False,secondary_summary,abstract_only,abstract,abstract,Narrative Review,,,,,,,,,,,,"A special emphasis is placed on knowledge gaps, challenges, and limitations to evaluate the underpinnings of psychedelics' potential antidepressant action.",,,,"Projected from extraction_v1 coverage_mentions; coverage_type=discusses; relationship is discussed in secondary literature, not treated as primary evidence"
compound_disorder,psychedelics,abuse potential,abuse potential,therapeutic_indication,,abuse potential,indication,True,,secondary literature coverage,,unclear,,,,unknown,10.1177/02698811251382147,,Mind the gap! Addressing unresolved aspects of abuse potential evaluation and scheduling of classic and novel psychedelic drugs,David J. Heal; Jane Gosden; Sharon L. Smith,2025,Journal of Psychopharmacology,journal-article,,2025-10-16,0269-8811,1461-7285,SAGE Publications,,Controlled Substances Act | abuse potential | controlled drug scheduling | psychedelics | safety pharmacology,,,,,,,eng,,review,low,doi,review,evidence_synthesis,secondary_literature,uncertain,uncertain,0.9,False,secondary_summary,abstract_only,abstract,abstract,Review,,,,,,,,,,,,"We have built on this foundation by discussing areas of abuse and dependence evaluation procedures that remain unclear or have not previously been covered. Psychedelic drug-candidates can be classified into three categories, that is, ""classic"" (well-known compounds including psilocybin, N,N -dimethyltryptamine and lysergic acid diethylamide) and ""novel"" psychedelics (e.g., analogues of known psychedelics)... In this review, we set out clear proposals for categorizing psychedelic drug-candidates, describe the development pathway and abuse/dependence testing procedures appropriate to each, and, finally, offer our perspective on how these drugs will be evaluated and scheduled under the auspices of the U.S. Controlled Substances Act.",,,,"Projected from extraction_v1 coverage_mentions; coverage_type=discusses; relationship is discussed in secondary literature, not treated as primary evidence"
compound_disorder,psychedelic substances,neurological and psychiatric disorders,neurological and psychiatric disorders,therapeutic_indication,,neurological and psychiatric disorders,indication,True,,secondary literature coverage,,unclear,,,,unknown,10.3389/fnhum.2023.1219052,,A predictive coding approach to psychedelic virtual-induced hallucinations and creative cognition in aging,Giulia Magni; Cosimo Tuena; Giuseppe Riva,2023,Frontiers in Human Neuroscience,journal-article,,2023-07-07,1662-5161,,Frontiers Media SA,,Bayesian brain approach | aging | cognitive flexibility | hallucinations | mild cognitive impairment | predictive coding | psychedelics | virtual reality,,,,,,,eng,,review,low,doi,review,evidence_synthesis,secondary_literature,uncertain,uncertain,0.9,False,secondary_summary,full_text_seen,abstract,C001,secondary_literature,,,,,,,,,,,,Recent research has investigated the potential of psychedelic substances in treating various neurological and psychiatric disorders.,,,,"Projected from extraction_v1 coverage_mentions; coverage_type=discusses; relationship is discussed in secondary literature, not treated as primary evidence"
compound_disorder,psilocybin or Lysergic Acid Diethylamide (LSD),"psychiatric, neurological, and psychological disorders","psychiatric, neurological, and psychological disorders",therapeutic_indication,,"psychiatric, neurological, and psychological disorders",indication,True,,secondary literature coverage,,unclear,,,,unknown,10.3389/fnhum.2023.1219052,,A predictive coding approach to psychedelic virtual-induced hallucinations and creative cognition in aging,Giulia Magni; Cosimo Tuena; Giuseppe Riva,2023,Frontiers in Human Neuroscience,journal-article,,2023-07-07,1662-5161,,Frontiers Media SA,,Bayesian brain approach | aging | cognitive flexibility | hallucinations | mild cognitive impairment | predictive coding | psychedelics | virtual reality,,,,,,,eng,,review,low,doi,review,evidence_synthesis,secondary_literature,uncertain,uncertain,0.8,False,secondary_summary,full_text_seen,text,C002,secondary_literature,,,,,,,,,,,,"Clinical studies have investigated the therapeutic potential of substances such as psilocybin or Lysergic Acid Diethylamide (LSD), and their role in psychiatric, neurological, and psychological disorders (Vann Jones and O'Kelly, 2020; Doss et al., 2021).",,,,"Projected from extraction_v1 coverage_mentions; coverage_type=mentions; relationship is discussed in secondary literature, not treated as primary evidence"
compound_disorder,psilocybin,post-traumatic stress disorder (PTSD),post-traumatic stress disorder (PTSD),therapeutic_indication,,post-traumatic stress disorder (PTSD),indication,True,,secondary literature coverage,,unclear,,,,unknown,10.3389/fpsyg.2022.813746,,Virtual Reality as a Moderator of Psychedelic-Assisted Psychotherapy,Agnieszka D. Sekula; Luke Downey; Prashanth Puspanathan,2022,Frontiers in Psychology,journal-article,ISRCTN87413556,2022-03-04,1664-1078,,Frontiers Media SA,,MDMA | altered state of consciousness | integration | psilocybin | psychedelics | psychotherapy | set and setting | virtual reality,,,,,,,eng,,review,low,doi,review,evidence_synthesis,secondary_literature,uncertain,uncertain,0.9,False,secondary_summary,full_text_seen,abstract,Abstract,secondary_literature,,,,,,,,,,,,"Psychotherapy with the use of psychedelic substances, including psilocybin, lysergic acid diethylamide (LSD), ketamine, and 3,4-methylenedioxymethamphetamine (MDMA), has demonstrated promise in treatment of post-traumatic stress disorder (PTSD), anxiety, addiction, and treatment-resistant depression.",,,,"Projected from extraction_v1 coverage_mentions; coverage_type=mentions; relationship is discussed in secondary literature, not treated as primary evidence"
compound_disorder,psilocybin,anxiety,anxiety,therapeutic_indication,,anxiety,indication,True,,secondary literature coverage,,unclear,,,,unknown,10.3389/fpsyg.2022.813746,,Virtual Reality as a Moderator of Psychedelic-Assisted Psychotherapy,Agnieszka D. Sekula; Luke Downey; Prashanth Puspanathan,2022,Frontiers in Psychology,journal-article,ISRCTN87413556,2022-03-04,1664-1078,,Frontiers Media SA,,MDMA | altered state of consciousness | integration | psilocybin | psychedelics | psychotherapy | set and setting | virtual reality,,,,,,,eng,,review,low,doi,review,evidence_synthesis,secondary_literature,uncertain,uncertain,0.9,False,secondary_summary,full_text_seen,abstract,Abstract,secondary_literature,,,,,,,,,,,,"Psychotherapy with the use of psychedelic substances, including psilocybin, lysergic acid diethylamide (LSD), ketamine, and 3,4-methylenedioxymethamphetamine (MDMA), has demonstrated promise in treatment of post-traumatic stress disorder (PTSD), anxiety, addiction, and treatment-resistant depression.",,,,"Projected from extraction_v1 coverage_mentions; coverage_type=mentions; relationship is discussed in secondary literature, not treated as primary evidence"
compound_disorder,psilocybin,addiction,addiction,therapeutic_indication,,addiction,indication,True,,secondary literature coverage,,unclear,,,,unknown,10.3389/fpsyg.2022.813746,,Virtual Reality as a Moderator of Psychedelic-Assisted Psychotherapy,Agnieszka D. Sekula; Luke Downey; Prashanth Puspanathan,2022,Frontiers in Psychology,journal-article,ISRCTN87413556,2022-03-04,1664-1078,,Frontiers Media SA,,MDMA | altered state of consciousness | integration | psilocybin | psychedelics | psychotherapy | set and setting | virtual reality,,,,,,,eng,,review,low,doi,review,evidence_synthesis,secondary_literature,uncertain,uncertain,0.9,False,secondary_summary,full_text_seen,abstract,Abstract,secondary_literature,,,,,,,,,,,,"Psychotherapy with the use of psychedelic substances, including psilocybin, lysergic acid diethylamide (LSD), ketamine, and 3,4-methylenedioxymethamphetamine (MDMA), has demonstrated promise in treatment of post-traumatic stress disorder (PTSD), anxiety, addiction, and treatment-resistant depression.",,,,"Projected from extraction_v1 coverage_mentions; coverage_type=mentions; relationship is discussed in secondary literature, not treated as primary evidence"
compound_disorder,psilocybin,treatment-resistant depression,treatment-resistant depression,therapeutic_indication,,treatment-resistant depression,indication,True,,secondary literature coverage,,unclear,,,,unknown,10.3389/fpsyg.2022.813746,,Virtual Reality as a Moderator of Psychedelic-Assisted Psychotherapy,Agnieszka D. Sekula; Luke Downey; Prashanth Puspanathan,2022,Frontiers in Psychology,journal-article,ISRCTN87413556,2022-03-04,1664-1078,,Frontiers Media SA,,MDMA | altered state of consciousness | integration | psilocybin | psychedelics | psychotherapy | set and setting | virtual reality,,,,,,,eng,,review,low,doi,review,evidence_synthesis,secondary_literature,uncertain,uncertain,0.9,False,secondary_summary,full_text_seen,abstract,Abstract,secondary_literature,,,,,,,,,,,,"Psychotherapy with the use of psychedelic substances, including psilocybin, lysergic acid diethylamide (LSD), ketamine, and 3,4-methylenedioxymethamphetamine (MDMA), has demonstrated promise in treatment of post-traumatic stress disorder (PTSD), anxiety, addiction, and treatment-resistant depression.",,,,"Projected from extraction_v1 coverage_mentions; coverage_type=mentions; relationship is discussed in secondary literature, not treated as primary evidence"
compound_disorder,lysergic acid diethylamide (LSD),post-traumatic stress disorder (PTSD),post-traumatic stress disorder (PTSD),therapeutic_indication,,post-traumatic stress disorder (PTSD),indication,True,,secondary literature coverage,,unclear,,,,unknown,10.3389/fpsyg.2022.813746,,Virtual Reality as a Moderator of Psychedelic-Assisted Psychotherapy,Agnieszka D. Sekula; Luke Downey; Prashanth Puspanathan,2022,Frontiers in Psychology,journal-article,ISRCTN87413556,2022-03-04,1664-1078,,Frontiers Media SA,,MDMA | altered state of consciousness | integration | psilocybin | psychedelics | psychotherapy | set and setting | virtual reality,,,,,,,eng,,review,low,doi,review,evidence_synthesis,secondary_literature,uncertain,uncertain,0.9,False,secondary_summary,full_text_seen,abstract,Abstract,secondary_literature,,,,,,,,,,,,"Psychotherapy with the use of psychedelic substances, including psilocybin, lysergic acid diethylamide (LSD), ketamine, and 3,4-methylenedioxymethamphetamine (MDMA), has demonstrated promise in treatment of post-traumatic stress disorder (PTSD), anxiety, addiction, and treatment-resistant depression.",,,,"Projected from extraction_v1 coverage_mentions; coverage_type=mentions; relationship is discussed in secondary literature, not treated as primary evidence"
compound_disorder,lysergic acid diethylamide (LSD),anxiety,anxiety,therapeutic_indication,,anxiety,indication,True,,secondary literature coverage,,unclear,,,,unknown,10.3389/fpsyg.2022.813746,,Virtual Reality as a Moderator of Psychedelic-Assisted Psychotherapy,Agnieszka D. Sekula; Luke Downey; Prashanth Puspanathan,2022,Frontiers in Psychology,journal-article,ISRCTN87413556,2022-03-04,1664-1078,,Frontiers Media SA,,MDMA | altered state of consciousness | integration | psilocybin | psychedelics | psychotherapy | set and setting | virtual reality,,,,,,,eng,,review,low,doi,review,evidence_synthesis,secondary_literature,uncertain,uncertain,0.9,False,secondary_summary,full_text_seen,abstract,Abstract,secondary_literature,,,,,,,,,,,,"Psychotherapy with the use of psychedelic substances, including psilocybin, lysergic acid diethylamide (LSD), ketamine, and 3,4-methylenedioxymethamphetamine (MDMA), has demonstrated promise in treatment of post-traumatic stress disorder (PTSD), anxiety, addiction, and treatment-resistant depression.",,,,"Projected from extraction_v1 coverage_mentions; coverage_type=mentions; relationship is discussed in secondary literature, not treated as primary evidence"
compound_disorder,lysergic acid diethylamide (LSD),addiction,addiction,therapeutic_indication,,addiction,indication,True,,secondary literature coverage,,unclear,,,,unknown,10.3389/fpsyg.2022.813746,,Virtual Reality as a Moderator of Psychedelic-Assisted Psychotherapy,Agnieszka D. Sekula; Luke Downey; Prashanth Puspanathan,2022,Frontiers in Psychology,journal-article,ISRCTN87413556,2022-03-04,1664-1078,,Frontiers Media SA,,MDMA | altered state of consciousness | integration | psilocybin | psychedelics | psychotherapy | set and setting | virtual reality,,,,,,,eng,,review,low,doi,review,evidence_synthesis,secondary_literature,uncertain,uncertain,0.9,False,secondary_summary,full_text_seen,abstract,Abstract,secondary_literature,,,,,,,,,,,,"Psychotherapy with the use of psychedelic substances, including psilocybin, lysergic acid diethylamide (LSD), ketamine, and 3,4-methylenedioxymethamphetamine (MDMA), has demonstrated promise in treatment of post-traumatic stress disorder (PTSD), anxiety, addiction, and treatment-resistant depression.",,,,"Projected from extraction_v1 coverage_mentions; coverage_type=mentions; relationship is discussed in secondary literature, not treated as primary evidence"
compound_disorder,lysergic acid diethylamide (LSD),treatment-resistant depression,treatment-resistant depression,therapeutic_indication,,treatment-resistant depression,indication,True,,secondary literature coverage,,unclear,,,,unknown,10.3389/fpsyg.2022.813746,,Virtual Reality as a Moderator of Psychedelic-Assisted Psychotherapy,Agnieszka D. Sekula; Luke Downey; Prashanth Puspanathan,2022,Frontiers in Psychology,journal-article,ISRCTN87413556,2022-03-04,1664-1078,,Frontiers Media SA,,MDMA | altered state of consciousness | integration | psilocybin | psychedelics | psychotherapy | set and setting | virtual reality,,,,,,,eng,,review,low,doi,review,evidence_synthesis,secondary_literature,uncertain,uncertain,0.9,False,secondary_summary,full_text_seen,abstract,Abstract,secondary_literature,,,,,,,,,,,,"Psychotherapy with the use of psychedelic substances, including psilocybin, lysergic acid diethylamide (LSD), ketamine, and 3,4-methylenedioxymethamphetamine (MDMA), has demonstrated promise in treatment of post-traumatic stress disorder (PTSD), anxiety, addiction, and treatment-resistant depression.",,,,"Projected from extraction_v1 coverage_mentions; coverage_type=mentions; relationship is discussed in secondary literature, not treated as primary evidence"
compound_disorder,ketamine,post-traumatic stress disorder (PTSD),post-traumatic stress disorder (PTSD),therapeutic_indication,,post-traumatic stress disorder (PTSD),indication,True,,secondary literature coverage,,unclear,,,,unknown,10.3389/fpsyg.2022.813746,,Virtual Reality as a Moderator of Psychedelic-Assisted Psychotherapy,Agnieszka D. Sekula; Luke Downey; Prashanth Puspanathan,2022,Frontiers in Psychology,journal-article,ISRCTN87413556,2022-03-04,1664-1078,,Frontiers Media SA,,MDMA | altered state of consciousness | integration | psilocybin | psychedelics | psychotherapy | set and setting | virtual reality,,,,,,,eng,,review,low,doi,review,evidence_synthesis,secondary_literature,uncertain,uncertain,0.9,False,secondary_summary,full_text_seen,abstract,Abstract,secondary_literature,,,,,,,,,,,,"Psychotherapy with the use of psychedelic substances, including psilocybin, lysergic acid diethylamide (LSD), ketamine, and 3,4-methylenedioxymethamphetamine (MDMA), has demonstrated promise in treatment of post-traumatic stress disorder (PTSD), anxiety, addiction, and treatment-resistant depression.",,,,"Projected from extraction_v1 coverage_mentions; coverage_type=mentions; relationship is discussed in secondary literature, not treated as primary evidence"
compound_disorder,ketamine,anxiety,anxiety,therapeutic_indication,,anxiety,indication,True,,secondary literature coverage,,unclear,,,,unknown,10.3389/fpsyg.2022.813746,,Virtual Reality as a Moderator of Psychedelic-Assisted Psychotherapy,Agnieszka D. Sekula; Luke Downey; Prashanth Puspanathan,2022,Frontiers in Psychology,journal-article,ISRCTN87413556,2022-03-04,1664-1078,,Frontiers Media SA,,MDMA | altered state of consciousness | integration | psilocybin | psychedelics | psychotherapy | set and setting | virtual reality,,,,,,,eng,,review,low,doi,review,evidence_synthesis,secondary_literature,uncertain,uncertain,0.9,False,secondary_summary,full_text_seen,abstract,Abstract,secondary_literature,,,,,,,,,,,,"Psychotherapy with the use of psychedelic substances, including psilocybin, lysergic acid diethylamide (LSD), ketamine, and 3,4-methylenedioxymethamphetamine (MDMA), has demonstrated promise in treatment of post-traumatic stress disorder (PTSD), anxiety, addiction, and treatment-resistant depression.",,,,"Projected from extraction_v1 coverage_mentions; coverage_type=mentions; relationship is discussed in secondary literature, not treated as primary evidence"
compound_disorder,ketamine,addiction,addiction,therapeutic_indication,,addiction,indication,True,,secondary literature coverage,,unclear,,,,unknown,10.3389/fpsyg.2022.813746,,Virtual Reality as a Moderator of Psychedelic-Assisted Psychotherapy,Agnieszka D. Sekula; Luke Downey; Prashanth Puspanathan,2022,Frontiers in Psychology,journal-article,ISRCTN87413556,2022-03-04,1664-1078,,Frontiers Media SA,,MDMA | altered state of consciousness | integration | psilocybin | psychedelics | psychotherapy | set and setting | virtual reality,,,,,,,eng,,review,low,doi,review,evidence_synthesis,secondary_literature,uncertain,uncertain,0.9,False,secondary_summary,full_text_seen,abstract,Abstract,secondary_literature,,,,,,,,,,,,"Psychotherapy with the use of psychedelic substances, including psilocybin, lysergic acid diethylamide (LSD), ketamine, and 3,4-methylenedioxymethamphetamine (MDMA), has demonstrated promise in treatment of post-traumatic stress disorder (PTSD), anxiety, addiction, and treatment-resistant depression.",,,,"Projected from extraction_v1 coverage_mentions; coverage_type=mentions; relationship is discussed in secondary literature, not treated as primary evidence"
compound_disorder,ketamine,treatment-resistant depression,treatment-resistant depression,therapeutic_indication,,treatment-resistant depression,indication,True,,secondary literature coverage,,unclear,,,,unknown,10.3389/fpsyg.2022.813746,,Virtual Reality as a Moderator of Psychedelic-Assisted Psychotherapy,Agnieszka D. Sekula; Luke Downey; Prashanth Puspanathan,2022,Frontiers in Psychology,journal-article,ISRCTN87413556,2022-03-04,1664-1078,,Frontiers Media SA,,MDMA | altered state of consciousness | integration | psilocybin | psychedelics | psychotherapy | set and setting | virtual reality,,,,,,,eng,,review,low,doi,review,evidence_synthesis,secondary_literature,uncertain,uncertain,0.9,False,secondary_summary,full_text_seen,abstract,Abstract,secondary_literature,,,,,,,,,,,,"Psychotherapy with the use of psychedelic substances, including psilocybin, lysergic acid diethylamide (LSD), ketamine, and 3,4-methylenedioxymethamphetamine (MDMA), has demonstrated promise in treatment of post-traumatic stress disorder (PTSD), anxiety, addiction, and treatment-resistant depression.",,,,"Projected from extraction_v1 coverage_mentions; coverage_type=mentions; relationship is discussed in secondary literature, not treated as primary evidence"
compound_disorder,"3,4-methylenedioxymethamphetamine (MDMA)",post-traumatic stress disorder (PTSD),post-traumatic stress disorder (PTSD),therapeutic_indication,,post-traumatic stress disorder (PTSD),indication,True,,secondary literature coverage,,unclear,,,,unknown,10.3389/fpsyg.2022.813746,,Virtual Reality as a Moderator of Psychedelic-Assisted Psychotherapy,Agnieszka D. Sekula; Luke Downey; Prashanth Puspanathan,2022,Frontiers in Psychology,journal-article,ISRCTN87413556,2022-03-04,1664-1078,,Frontiers Media SA,,MDMA | altered state of consciousness | integration | psilocybin | psychedelics | psychotherapy | set and setting | virtual reality,,,,,,,eng,,review,low,doi,review,evidence_synthesis,secondary_literature,uncertain,uncertain,0.9,False,secondary_summary,full_text_seen,abstract,Abstract,secondary_literature,,,,,,,,,,,,"Psychotherapy with the use of psychedelic substances, including psilocybin, lysergic acid diethylamide (LSD), ketamine, and 3,4-methylenedioxymethamphetamine (MDMA), has demonstrated promise in treatment of post-traumatic stress disorder (PTSD), anxiety, addiction, and treatment-resistant depression.",,,,"Projected from extraction_v1 coverage_mentions; coverage_type=mentions; relationship is discussed in secondary literature, not treated as primary evidence"
compound_disorder,"3,4-methylenedioxymethamphetamine (MDMA)",anxiety,anxiety,therapeutic_indication,,anxiety,indication,True,,secondary literature coverage,,unclear,,,,unknown,10.3389/fpsyg.2022.813746,,Virtual Reality as a Moderator of Psychedelic-Assisted Psychotherapy,Agnieszka D. Sekula; Luke Downey; Prashanth Puspanathan,2022,Frontiers in Psychology,journal-article,ISRCTN87413556,2022-03-04,1664-1078,,Frontiers Media SA,,MDMA | altered state of consciousness | integration | psilocybin | psychedelics | psychotherapy | set and setting | virtual reality,,,,,,,eng,,review,low,doi,review,evidence_synthesis,secondary_literature,uncertain,uncertain,0.9,False,secondary_summary,full_text_seen,abstract,Abstract,secondary_literature,,,,,,,,,,,,"Psychotherapy with the use of psychedelic substances, including psilocybin, lysergic acid diethylamide (LSD), ketamine, and 3,4-methylenedioxymethamphetamine (MDMA), has demonstrated promise in treatment of post-traumatic stress disorder (PTSD), anxiety, addiction, and treatment-resistant depression.",,,,"Projected from extraction_v1 coverage_mentions; coverage_type=mentions; relationship is discussed in secondary literature, not treated as primary evidence"
compound_disorder,"3,4-methylenedioxymethamphetamine (MDMA)",addiction,addiction,therapeutic_indication,,addiction,indication,True,,secondary literature coverage,,unclear,,,,unknown,10.3389/fpsyg.2022.813746,,Virtual Reality as a Moderator of Psychedelic-Assisted Psychotherapy,Agnieszka D. Sekula; Luke Downey; Prashanth Puspanathan,2022,Frontiers in Psychology,journal-article,ISRCTN87413556,2022-03-04,1664-1078,,Frontiers Media SA,,MDMA | altered state of consciousness | integration | psilocybin | psychedelics | psychotherapy | set and setting | virtual reality,,,,,,,eng,,review,low,doi,review,evidence_synthesis,secondary_literature,uncertain,uncertain,0.9,False,secondary_summary,full_text_seen,abstract,Abstract,secondary_literature,,,,,,,,,,,,"Psychotherapy with the use of psychedelic substances, including psilocybin, lysergic acid diethylamide (LSD), ketamine, and 3,4-methylenedioxymethamphetamine (MDMA), has demonstrated promise in treatment of post-traumatic stress disorder (PTSD), anxiety, addiction, and treatment-resistant depression.",,,,"Projected from extraction_v1 coverage_mentions; coverage_type=mentions; relationship is discussed in secondary literature, not treated as primary evidence"
compound_disorder,"3,4-methylenedioxymethamphetamine (MDMA)",treatment-resistant depression,treatment-resistant depression,therapeutic_indication,,treatment-resistant depression,indication,True,,secondary literature coverage,,unclear,,,,unknown,10.3389/fpsyg.2022.813746,,Virtual Reality as a Moderator of Psychedelic-Assisted Psychotherapy,Agnieszka D. Sekula; Luke Downey; Prashanth Puspanathan,2022,Frontiers in Psychology,journal-article,ISRCTN87413556,2022-03-04,1664-1078,,Frontiers Media SA,,MDMA | altered state of consciousness | integration | psilocybin | psychedelics | psychotherapy | set and setting | virtual reality,,,,,,,eng,,review,low,doi,review,evidence_synthesis,secondary_literature,uncertain,uncertain,0.9,False,secondary_summary,full_text_seen,abstract,Abstract,secondary_literature,,,,,,,,,,,,"Psychotherapy with the use of psychedelic substances, including psilocybin, lysergic acid diethylamide (LSD), ketamine, and 3,4-methylenedioxymethamphetamine (MDMA), has demonstrated promise in treatment of post-traumatic stress disorder (PTSD), anxiety, addiction, and treatment-resistant depression.",,,,"Projected from extraction_v1 coverage_mentions; coverage_type=mentions; relationship is discussed in secondary literature, not treated as primary evidence"
compound_disorder,psychedelics,mental health and well-being,mental health and well-being,therapeutic_indication,,mental health and well-being,indication,True,,secondary literature coverage,,unclear,,,,unknown,10.3390/jox13030025,,Microbiome: The Next Frontier in Psychedelic Renaissance,Robert B. Kargbo,2023,Journal of Xenobiotics,journal-article,,2023-07-25,2039-4705,2039-4713,MDPI AG,,gut microbiome | gut–brain axis | mental health | microbiome-targeted interventions | mood regulation | personalized medicine | psychedelic renaissance | psychedelic substances | psychopharmacology | therapeutic potential,,,,,,,eng,,review,low,doi,review,evidence_synthesis,secondary_literature,uncertain,uncertain,1.0,False,secondary_summary,full_text_seen,abstract,Abstract,secondary_literature,,,,,,,,,,,,"The psychedelic renaissance has reignited interest in the therapeutic potential of psychedelics for mental health and well-being. ... This review explores the intersection of the gut microbiome and psychedelic therapy, underlining potential implications for personalized medicine and mental health.",,,,"Projected from extraction_v1 coverage_mentions; coverage_type=reviews; relationship is discussed in secondary literature, not treated as primary evidence"
compound_disorder,psychedelics,"depression, anxiety, posttraumatic stress disorder (PTSD), and addiction","depression, anxiety, posttraumatic stress disorder (PTSD), and addiction",therapeutic_indication,,"depression, anxiety, posttraumatic stress disorder (PTSD), and addiction",indication,True,,secondary literature coverage,,unclear,,,,unknown,10.3390/jox13030025,,Microbiome: The Next Frontier in Psychedelic Renaissance,Robert B. Kargbo,2023,Journal of Xenobiotics,journal-article,,2023-07-25,2039-4705,2039-4713,MDPI AG,,gut microbiome | gut–brain axis | mental health | microbiome-targeted interventions | mood regulation | personalized medicine | psychedelic renaissance | psychedelic substances | psychopharmacology | therapeutic potential,,,,,,,eng,,review,low,doi,review,evidence_synthesis,secondary_literature,uncertain,uncertain,0.9,False,secondary_summary,full_text_seen,text,"Chunk C011, Implications for Mental Health Treatment",secondary_literature,,,,,,,,,,,,"The recent rediscovery of the therapeutic potential of these substances, sometimes referred to as the ""psychedelic renaissance"", has offered new hope for patients suffering from treatment-resistant mental health conditions such as depression, anxiety, PTSD, and addiction",,,,"Projected from extraction_v1 coverage_mentions; coverage_type=discusses; relationship is discussed in secondary literature, not treated as primary evidence"
compound_disorder,"psilocybin, LSD, 3,4-Methylenedioxymethamphetamine (MDMA)","mental health disorders (including depression, anxiety, and PTSD)","mental health disorders (including depression, anxiety, and PTSD)",therapeutic_indication,,"mental health disorders (including depression, anxiety, and PTSD)",indication,True,,secondary literature coverage,,unclear,,,,unknown,10.3390/jox13030025,,Microbiome: The Next Frontier in Psychedelic Renaissance,Robert B. Kargbo,2023,Journal of Xenobiotics,journal-article,,2023-07-25,2039-4705,2039-4713,MDPI AG,,gut microbiome | gut–brain axis | mental health | microbiome-targeted interventions | mood regulation | personalized medicine | psychedelic renaissance | psychedelic substances | psychopharmacology | therapeutic potential,,,,,,,eng,,review,low,doi,review,evidence_synthesis,secondary_literature,uncertain,uncertain,0.8,False,secondary_summary,full_text_seen,text,"Chunk C012, Microbiome-Targeted Interventions in Psychedelic Therapy",secondary_literature,,,,,,,,,,,,"Psychedelic substances, such as psilocybin, LSD, and 3,4-Methylenedioxymethamphetamine (MDMA), have shown promising results in the treatment of mental health disorders, including depression, anxiety, and PTSD",,,,"Projected from extraction_v1 coverage_mentions; coverage_type=discusses; relationship is discussed in secondary literature, not treated as primary evidence"
compound_disorder,psychedelics,pathologies of the central nervous system,pathologies of the central nervous system,therapeutic_indication,,pathologies of the central nervous system,indication,True,,secondary literature coverage,,unclear,,,,unknown,10.3390/ph16010040,,A Review of Synthetic Access to Therapeutic Compounds Extracted from Psilocybe,Raphaël Serreau; Ammar Amirouche; Amine Benyamina; Sabine Berteina-Raboin,2022,Pharmaceuticals,journal-article,,2022-12-28,1424-8247,,MDPI AG,,Psilocybe mushrooms | clinical research | psilocin | psilocybin | psychedelics | synthetic access | tryptamines,,,,,,,eng,,review,low,doi,review,evidence_synthesis,secondary_literature,uncertain,uncertain,0.9,False,secondary_summary,full_text_seen,abstract,Abstract,narrative review,,,,,,,,,,,,Psychedelics are used for various pathologies of the central nervous system,,,,"Projected from extraction_v1 coverage_mentions; coverage_type=discusses; relationship is discussed in secondary literature, not treated as primary evidence"
compound_disorder,psilocybin,treatment-resistant depression,treatment-resistant depression,therapeutic_indication,,treatment-resistant depression,indication,True,,secondary literature coverage,,unclear,,,,unknown,10.3390/ph16010040,,A Review of Synthetic Access to Therapeutic Compounds Extracted from Psilocybe,Raphaël Serreau; Ammar Amirouche; Amine Benyamina; Sabine Berteina-Raboin,2022,Pharmaceuticals,journal-article,,2022-12-28,1424-8247,,MDPI AG,,Psilocybe mushrooms | clinical research | psilocin | psilocybin | psychedelics | synthetic access | tryptamines,,,,,,,eng,,review,low,doi,review,evidence_synthesis,secondary_literature,uncertain,uncertain,0.9,False,secondary_summary,full_text_seen,text,C002,narrative review,,,,,,,,,,,,the US Food and Drug Administration (FDA) has granted psilocybin Breakthrough Therapy Designation for treatment-resistant depression,,,,"Projected from extraction_v1 coverage_mentions; coverage_type=discusses; relationship is discussed in secondary literature, not treated as primary evidence"
compound_disorder,psilocybin,major depressive disorders,major depressive disorders,therapeutic_indication,,major depressive disorders,indication,True,,secondary literature coverage,,unclear,,,,unknown,10.3390/ph16010040,,A Review of Synthetic Access to Therapeutic Compounds Extracted from Psilocybe,Raphaël Serreau; Ammar Amirouche; Amine Benyamina; Sabine Berteina-Raboin,2022,Pharmaceuticals,journal-article,,2022-12-28,1424-8247,,MDPI AG,,Psilocybe mushrooms | clinical research | psilocin | psilocybin | psychedelics | synthetic access | tryptamines,,,,,,,eng,,review,low,doi,review,evidence_synthesis,secondary_literature,uncertain,uncertain,0.9,False,secondary_summary,full_text_seen,text,C002,narrative review,,,,,,,,,,,,the US Food and Drug Administration (FDA) has granted psilocybin Breakthrough Therapy Designation for ... the treatment of major depressive disorders,,,,"Projected from extraction_v1 coverage_mentions; coverage_type=discusses; relationship is discussed in secondary literature, not treated as primary evidence"
compound_disorder,psychedelics,depression,depression,therapeutic_indication,,depression,indication,True,,secondary literature coverage,,unclear,,,,unknown,10.3390/ph16010040,,A Review of Synthetic Access to Therapeutic Compounds Extracted from Psilocybe,Raphaël Serreau; Ammar Amirouche; Amine Benyamina; Sabine Berteina-Raboin,2022,Pharmaceuticals,journal-article,,2022-12-28,1424-8247,,MDPI AG,,Psilocybe mushrooms | clinical research | psilocin | psilocybin | psychedelics | synthetic access | tryptamines,,,,,,,eng,,review,low,doi,review,evidence_synthesis,secondary_literature,uncertain,uncertain,0.8,False,secondary_summary,full_text_seen,text,C002,narrative review,,,,,,,,,,,,"These products, which are particularly interesting in the treatment of depression",,,,"Projected from extraction_v1 coverage_mentions; coverage_type=discusses; relationship is discussed in secondary literature, not treated as primary evidence"
compound_disorder,psychedelics,cancer-related existential distress,cancer-related existential distress,therapeutic_indication,,cancer-related existential distress,indication,True,,secondary literature coverage,,unclear,,,,unknown,10.3390/ph16010040,,A Review of Synthetic Access to Therapeutic Compounds Extracted from Psilocybe,Raphaël Serreau; Ammar Amirouche; Amine Benyamina; Sabine Berteina-Raboin,2022,Pharmaceuticals,journal-article,,2022-12-28,1424-8247,,MDPI AG,,Psilocybe mushrooms | clinical research | psilocin | psilocybin | psychedelics | synthetic access | tryptamines,,,,,,,eng,,review,low,doi,review,evidence_synthesis,secondary_literature,uncertain,uncertain,0.8,False,secondary_summary,full_text_seen,text,C002,narrative review,,,,,,,,,,,,Other indications include various disorders [32] such as cancer-related existential distress [33],,,,"Projected from extraction_v1 coverage_mentions; coverage_type=discusses; relationship is discussed in secondary literature, not treated as primary evidence"
compound_disorder,psychedelics,substance addiction,substance addiction,therapeutic_indication,,substance addiction,indication,True,,secondary literature coverage,,unclear,,,,unknown,10.3390/ph16010040,,A Review of Synthetic Access to Therapeutic Compounds Extracted from Psilocybe,Raphaël Serreau; Ammar Amirouche; Amine Benyamina; Sabine Berteina-Raboin,2022,Pharmaceuticals,journal-article,,2022-12-28,1424-8247,,MDPI AG,,Psilocybe mushrooms | clinical research | psilocin | psilocybin | psychedelics | synthetic access | tryptamines,,,,,,,eng,,review,low,doi,review,evidence_synthesis,secondary_literature,uncertain,uncertain,0.8,False,secondary_summary,full_text_seen,text,C002,narrative review,,,,,,,,,,,,"Other indications include various disorders [32] such as ... substance addiction [32, 34]",,,,"Projected from extraction_v1 coverage_mentions; coverage_type=discusses; relationship is discussed in secondary literature, not treated as primary evidence"
compound_disorder,psychedelics,obsessive-compulsive disorder,obsessive-compulsive disorder,therapeutic_indication,,obsessive-compulsive disorder,indication,True,,secondary literature coverage,,unclear,,,,unknown,10.3390/ph16010040,,A Review of Synthetic Access to Therapeutic Compounds Extracted from Psilocybe,Raphaël Serreau; Ammar Amirouche; Amine Benyamina; Sabine Berteina-Raboin,2022,Pharmaceuticals,journal-article,,2022-12-28,1424-8247,,MDPI AG,,Psilocybe mushrooms | clinical research | psilocin | psilocybin | psychedelics | synthetic access | tryptamines,,,,,,,eng,,review,low,doi,review,evidence_synthesis,secondary_literature,uncertain,uncertain,0.8,False,secondary_summary,full_text_seen,text,C002,narrative review,,,,,,,,,,,,Other indications include various disorders [32] such as ... obsessive-compulsive disorder [35],,,,"Projected from extraction_v1 coverage_mentions; coverage_type=discusses; relationship is discussed in secondary literature, not treated as primary evidence"
compound_disorder,psychedelics,behavioral disorders,behavioral disorders,therapeutic_indication,,behavioral disorders,indication,True,,secondary literature coverage,,unclear,,,,unknown,10.3390/ph16010040,,A Review of Synthetic Access to Therapeutic Compounds Extracted from Psilocybe,Raphaël Serreau; Ammar Amirouche; Amine Benyamina; Sabine Berteina-Raboin,2022,Pharmaceuticals,journal-article,,2022-12-28,1424-8247,,MDPI AG,,Psilocybe mushrooms | clinical research | psilocin | psilocybin | psychedelics | synthetic access | tryptamines,,,,,,,eng,,review,low,doi,review,evidence_synthesis,secondary_literature,uncertain,uncertain,0.8,False,secondary_summary,full_text_seen,text,C002,narrative review,,,,,,,,,,,,They have also been suggested more recently as a treatment for behavioral disorders,,,,"Projected from extraction_v1 coverage_mentions; coverage_type=discusses; relationship is discussed in secondary literature, not treated as primary evidence"
compound_disorder,psychedelics,alcohol addiction,alcohol addiction,therapeutic_indication,,alcohol addiction,indication,True,,secondary literature coverage,,unclear,,,,unknown,10.3390/ph16010040,,A Review of Synthetic Access to Therapeutic Compounds Extracted from Psilocybe,Raphaël Serreau; Ammar Amirouche; Amine Benyamina; Sabine Berteina-Raboin,2022,Pharmaceuticals,journal-article,,2022-12-28,1424-8247,,MDPI AG,,Psilocybe mushrooms | clinical research | psilocin | psilocybin | psychedelics | synthetic access | tryptamines,,,,,,,eng,,review,low,doi,review,evidence_synthesis,secondary_literature,uncertain,uncertain,0.8,False,secondary_summary,full_text_seen,text,C002,narrative review,,,,,,,,,,,,They have also been suggested more recently as a treatment for ... alcohol [36],,,,"Projected from extraction_v1 coverage_mentions; coverage_type=discusses; relationship is discussed in secondary literature, not treated as primary evidence"
compound_disorder,psychedelics,tobacco addiction,tobacco addiction,therapeutic_indication,,tobacco addiction,indication,True,,secondary literature coverage,,unclear,,,,unknown,10.3390/ph16010040,,A Review of Synthetic Access to Therapeutic Compounds Extracted from Psilocybe,Raphaël Serreau; Ammar Amirouche; Amine Benyamina; Sabine Berteina-Raboin,2022,Pharmaceuticals,journal-article,,2022-12-28,1424-8247,,MDPI AG,,Psilocybe mushrooms | clinical research | psilocin | psilocybin | psychedelics | synthetic access | tryptamines,,,,,,,eng,,review,low,doi,review,evidence_synthesis,secondary_literature,uncertain,uncertain,0.8,False,secondary_summary,full_text_seen,text,C002,narrative review,,,,,,,,,,,,"They have also been suggested more recently as a treatment for ... tobacco addiction [32, 37, 38]",,,,"Projected from extraction_v1 coverage_mentions; coverage_type=discusses; relationship is discussed in secondary literature, not treated as primary evidence"
compound_disorder,psychedelics,psychiatric illnesses,psychiatric illnesses,therapeutic_indication,,psychiatric illnesses,indication,True,,secondary literature coverage,,unclear,,,,unknown,10.3390/ph16010040,,A Review of Synthetic Access to Therapeutic Compounds Extracted from Psilocybe,Raphaël Serreau; Ammar Amirouche; Amine Benyamina; Sabine Berteina-Raboin,2022,Pharmaceuticals,journal-article,,2022-12-28,1424-8247,,MDPI AG,,Psilocybe mushrooms | clinical research | psilocin | psilocybin | psychedelics | synthetic access | tryptamines,,,,,,,eng,,review,low,doi,review,evidence_synthesis,secondary_literature,uncertain,uncertain,0.8,False,secondary_summary,full_text_seen,text,C002,narrative review,,,,,,,,,,,,Given the increasing prevalence of psychiatric illnesses [39] that can be treated by psychedelics,,,,"Projected from extraction_v1 coverage_mentions; coverage_type=discusses; relationship is discussed in secondary literature, not treated as primary evidence"
compound_disorder,MDMA,Post-Traumatic Stress Disorder,Post-Traumatic Stress Disorder,therapeutic_indication,,Post-Traumatic Stress Disorder,indication,True,,secondary literature coverage,,unclear,,,,unknown,10.1101/2023.08.17.23293955,,"MDMA Assisted Psychotherapy Decreases PTSD Symptoms, Dissociation, Functional Disability, and Depression: A Systematic Review and Meta-Analysis",W. M. Green; S.B. Raut; F.L.J. James; D.M. Benedek; R.J. Ursano; L.R. Johnson,2023,medRxiv,posted-content,CRD42022338904,2023-08-20,,,openRxiv,,,,,,,,,,,meta_analysis,low,doi,meta_analysis,evidence_synthesis,secondary_literature,uncertain,uncertain,1.0,False,secondary_summary,full_text_seen,abstract,"Abstract, C001, C007",systematic review and meta-analysis of randomised controlled trials,,,,,,,,,,,,"MDMA Assisted Psychotherapy Decreases PTSD Symptoms... We aimed to analyse the current evidence for MDMA assisted psychotherapy in PTSD... by conducting a systematic review and metanalysis of randomised controlled trials. ... MDMA-AP significantly improves dissociation, depression, and functional impairment, compared to controls, but not sleep quality. This data supports the use of MDMA-AP for PTSD with an improvement found in PTSD core symptoms and quality of life measures.",,,"Internal validity of the included studies was moderate to high. Results were stratified by study quality, see figure 3 . The same effect on the primary outcomes emerged with a small broadening of confidence intervals was observed after two high RoB studies were excluded from the analysis (g = 0.93; 95% CI, 1.27 to 0.58; p<.001). There is no evidence of publication bias measured with Eggars Regression (p = 0.07).","Projected from extraction_v1 coverage_mentions; coverage_type=meta_analyzes; relationship is discussed in secondary literature, not treated as primary evidence"
compound_disorder,MDMA,Dissociation,Dissociation,therapeutic_indication,,Dissociation,indication,True,,secondary literature coverage,,unclear,,,,unknown,10.1101/2023.08.17.23293955,,"MDMA Assisted Psychotherapy Decreases PTSD Symptoms, Dissociation, Functional Disability, and Depression: A Systematic Review and Meta-Analysis",W. M. Green; S.B. Raut; F.L.J. James; D.M. Benedek; R.J. Ursano; L.R. Johnson,2023,medRxiv,posted-content,CRD42022338904,2023-08-20,,,openRxiv,,,,,,,,,,,meta_analysis,low,doi,meta_analysis,evidence_synthesis,secondary_literature,uncertain,uncertain,1.0,False,secondary_summary,full_text_seen,abstract,"Abstract, C001, C007",systematic review and meta-analysis of randomised controlled trials,,,,,,,,,,,,"MDMA-AP significantly improves dissociation, depression, and functional impairment, compared to controls, but not sleep quality. This data supports the use of MDMA-AP for PTSD with an improvement found in PTSD core symptoms and quality of life measures. ... For, independently measured, dissociation severity the mean difference (MD) was -9.7; 95% CI, -13.39 to -6.12; p<.001; n = 38.",,,"Internal validity of the included studies was moderate to high. Results were stratified by study quality, see figure 3 . The same effect on the primary outcomes emerged with a small broadening of confidence intervals was observed after two high RoB studies were excluded from the analysis (g = 0.93; 95% CI, 1.27 to 0.58; p<.001). There is no evidence of publication bias measured with Eggars Regression (p = 0.07).","Projected from extraction_v1 coverage_mentions; coverage_type=meta_analyzes; relationship is discussed in secondary literature, not treated as primary evidence"
compound_disorder,MDMA,Depression,Depression,therapeutic_indication,,Depression,indication,True,,secondary literature coverage,,unclear,,,,unknown,10.1101/2023.08.17.23293955,,"MDMA Assisted Psychotherapy Decreases PTSD Symptoms, Dissociation, Functional Disability, and Depression: A Systematic Review and Meta-Analysis",W. M. Green; S.B. Raut; F.L.J. James; D.M. Benedek; R.J. Ursano; L.R. Johnson,2023,medRxiv,posted-content,CRD42022338904,2023-08-20,,,openRxiv,,,,,,,,,,,meta_analysis,low,doi,meta_analysis,evidence_synthesis,secondary_literature,uncertain,uncertain,1.0,False,secondary_summary,full_text_seen,abstract,"Abstract, C001, C007",systematic review and meta-analysis of randomised controlled trials,,,,,,,,,,,,"MDMA-AP significantly improves dissociation, depression, and functional impairment, compared to controls, but not sleep quality. This data supports the use of MDMA-AP for PTSD with an improvement found in PTSD core symptoms and quality of life measures. ... For, independently measured, comorbid depression the mean difference (MD) was, -11.13; 95% CI, -19.35 to -2.92; p = 0.008; n = 137.",,,"Internal validity of the included studies was moderate to high. Results were stratified by study quality, see figure 3 . The same effect on the primary outcomes emerged with a small broadening of confidence intervals was observed after two high RoB studies were excluded from the analysis (g = 0.93; 95% CI, 1.27 to 0.58; p<.001). There is no evidence of publication bias measured with Eggars Regression (p = 0.07).","Projected from extraction_v1 coverage_mentions; coverage_type=meta_analyzes; relationship is discussed in secondary literature, not treated as primary evidence"
compound_disorder,MDMA,functional impairment,functional impairment,therapeutic_indication,,functional impairment,indication,True,,secondary literature coverage,,unclear,,,,unknown,10.1101/2023.08.17.23293955,,"MDMA Assisted Psychotherapy Decreases PTSD Symptoms, Dissociation, Functional Disability, and Depression: A Systematic Review and Meta-Analysis",W. M. Green; S.B. Raut; F.L.J. James; D.M. Benedek; R.J. Ursano; L.R. Johnson,2023,medRxiv,posted-content,CRD42022338904,2023-08-20,,,openRxiv,,,,,,,,,,,meta_analysis,low,doi,meta_analysis,evidence_synthesis,secondary_literature,uncertain,uncertain,1.0,False,secondary_summary,full_text_seen,abstract,"Abstract, C001, C007",systematic review and meta-analysis of randomised controlled trials,,,,,,,,,,,,"MDMA-AP significantly improves dissociation, depression, and functional impairment, compared to controls, but not sleep quality. This data supports the use of MDMA-AP for PTSD with an improvement found in PTSD core symptoms and quality of life measures. ... For, independently measured, daily functioning the standardised mean difference calculate effect size was g = 0.82; 95% CI, 0.10 to 1.73, p = 0.03; n = 118.",,,"Internal validity of the included studies was moderate to high. Results were stratified by study quality, see figure 3 . The same effect on the primary outcomes emerged with a small broadening of confidence intervals was observed after two high RoB studies were excluded from the analysis (g = 0.93; 95% CI, 1.27 to 0.58; p<.001). There is no evidence of publication bias measured with Eggars Regression (p = 0.07).","Projected from extraction_v1 coverage_mentions; coverage_type=meta_analyzes; relationship is discussed in secondary literature, not treated as primary evidence"
compound_disorder,MDMA,sleep quality,sleep quality,therapeutic_indication,,sleep quality,indication,True,,secondary literature coverage,,unclear,,,,unknown,10.1101/2023.08.17.23293955,,"MDMA Assisted Psychotherapy Decreases PTSD Symptoms, Dissociation, Functional Disability, and Depression: A Systematic Review and Meta-Analysis",W. M. Green; S.B. Raut; F.L.J. James; D.M. Benedek; R.J. Ursano; L.R. Johnson,2023,medRxiv,posted-content,CRD42022338904,2023-08-20,,,openRxiv,,,,,,,,,,,meta_analysis,low,doi,meta_analysis,evidence_synthesis,secondary_literature,uncertain,uncertain,1.0,False,secondary_summary,full_text_seen,abstract,"Abstract, C001, C007",systematic review and meta-analysis of randomised controlled trials,,,,,,,,,,,,"MDMA-AP significantly improves dissociation, depression, and functional impairment, compared to controls, but not sleep quality. ... The observed result was smaller and not significant in sleep disturbance severity (MD, -3.67; 95% CI, -7.70 to 0.36; p = 0.07, n = 46).",,,"Internal validity of the included studies was moderate to high. Results were stratified by study quality, see figure 3 . The same effect on the primary outcomes emerged with a small broadening of confidence intervals was observed after two high RoB studies were excluded from the analysis (g = 0.93; 95% CI, 1.27 to 0.58; p<.001). There is no evidence of publication bias measured with Eggars Regression (p = 0.07).","Projected from extraction_v1 coverage_mentions; coverage_type=meta_analyzes; relationship is discussed in secondary literature, not treated as primary evidence"
compound_disorder,ketamine,treatment-resistant depression,treatment-resistant depression,therapeutic_indication,,treatment-resistant depression,indication,True,,secondary literature coverage,,unclear,,,,unknown,10.1136/eb-2016-102355,,Ketamine for treatment-resistant depression: recent developments and clinical applications,Jaclyn Schwartz; James W Murrough; Dan V Iosifescu,2016,Evidence-Based Mental Health,journal-article,,2016-04-06,1362-0347,1468-960X,BMJ,"Antidepressive Agents / pharmacology | Major Depressive Disorder / drug therapy | Depressive Disorder, Treatment-Resistant / drug therapy | Humans | Ketamine / pharmacology | Outcome Assessment, Health Care",,,,,,,,eng,,review,low,doi,review,evidence_synthesis,secondary_literature,uncertain,uncertain,1.0,False,secondary_summary,full_text_seen,abstract,"Abstract, C001",secondary_literature,,,,,,,,,,,,"We will review recent developments in the study of ketamine, an old anaesthetic agent which has shown significant promise as a rapidly acting antidepressant in treatment-resistant patients with unipolar MDD",,,,"Projected from extraction_v1 coverage_mentions; coverage_type=reviews; relationship is discussed in secondary literature, not treated as primary evidence"
compound_disorder,ketamine,treatment-resistant depression,treatment-resistant depression,therapeutic_indication,,treatment-resistant depression,indication,True,,secondary literature coverage,,unclear,,,,unknown,10.1136/eb-2016-102355,,Ketamine for treatment-resistant depression: recent developments and clinical applications,Jaclyn Schwartz; James W Murrough; Dan V Iosifescu,2016,Evidence-Based Mental Health,journal-article,,2016-04-06,1362-0347,1468-960X,BMJ,"Antidepressive Agents / pharmacology | Major Depressive Disorder / drug therapy | Depressive Disorder, Treatment-Resistant / drug therapy | Humans | Ketamine / pharmacology | Outcome Assessment, Health Care",,,,,,,,eng,,review,low,doi,review,evidence_synthesis,secondary_literature,uncertain,uncertain,1.0,False,secondary_summary,full_text_seen,text,C002,secondary_literature,,,,,,,,,,,,Research since 2006 on the use of ketamine for treating depression has shown that subanaesthetic doses (0.5 mg/kg) administered over a 40 min intravenous (IV) infusion period can have rapid-acting antidepressant effects on patients with TRD.,,,,"Projected from extraction_v1 coverage_mentions; coverage_type=discusses; relationship is discussed in secondary literature, not treated as primary evidence"
compound_disorder,ketamine,treatment-resistant depression,treatment-resistant depression,therapeutic_indication,,treatment-resistant depression,indication,True,,secondary literature coverage,,unclear,,,,unknown,10.1136/eb-2016-102355,,Ketamine for treatment-resistant depression: recent developments and clinical applications,Jaclyn Schwartz; James W Murrough; Dan V Iosifescu,2016,Evidence-Based Mental Health,journal-article,,2016-04-06,1362-0347,1468-960X,BMJ,"Antidepressive Agents / pharmacology | Major Depressive Disorder / drug therapy | Depressive Disorder, Treatment-Resistant / drug therapy | Humans | Ketamine / pharmacology | Outcome Assessment, Health Care",,,,,,,,eng,,review,low,doi,review,evidence_synthesis,secondary_literature,uncertain,uncertain,1.0,False,secondary_summary,full_text_seen,text,C003,secondary_literature,,,,,,,,,,,,Multiple clinical trials suggest that a single low dose (0.5mg/kg) of IV ketamine results in a 50-70% response rate in patients with TRD.,,,,"Projected from extraction_v1 coverage_mentions; coverage_type=discusses; relationship is discussed in secondary literature, not treated as primary evidence"
compound_disorder,ketamine,bipolar depression,bipolar depression,therapeutic_indication,,bipolar depression,indication,True,,secondary literature coverage,,unclear,,,,unknown,10.1136/eb-2016-102355,,Ketamine for treatment-resistant depression: recent developments and clinical applications,Jaclyn Schwartz; James W Murrough; Dan V Iosifescu,2016,Evidence-Based Mental Health,journal-article,,2016-04-06,1362-0347,1468-960X,BMJ,"Antidepressive Agents / pharmacology | Major Depressive Disorder / drug therapy | Depressive Disorder, Treatment-Resistant / drug therapy | Humans | Ketamine / pharmacology | Outcome Assessment, Health Care",,,,,,,,eng,,review,low,doi,review,evidence_synthesis,secondary_literature,uncertain,uncertain,1.0,False,secondary_summary,full_text_seen,abstract,"Abstract, C001",secondary_literature,,,,,,,,,,,,Additional evidence suggests ketamine may be efficacious in patients with bipolar depression,,,,"Projected from extraction_v1 coverage_mentions; coverage_type=reviews; relationship is discussed in secondary literature, not treated as primary evidence"
compound_disorder,ketamine,bipolar depression,bipolar depression,therapeutic_indication,,bipolar depression,indication,True,,secondary literature coverage,,unclear,,,,unknown,10.1136/eb-2016-102355,,Ketamine for treatment-resistant depression: recent developments and clinical applications,Jaclyn Schwartz; James W Murrough; Dan V Iosifescu,2016,Evidence-Based Mental Health,journal-article,,2016-04-06,1362-0347,1468-960X,BMJ,"Antidepressive Agents / pharmacology | Major Depressive Disorder / drug therapy | Depressive Disorder, Treatment-Resistant / drug therapy | Humans | Ketamine / pharmacology | Outcome Assessment, Health Care",,,,,,,,eng,,review,low,doi,review,evidence_synthesis,secondary_literature,uncertain,uncertain,1.0,False,secondary_summary,full_text_seen,text,C003,secondary_literature,,,,,,,,,,,,"Compared with placebo, ketamine significantly reduced depression severity starting at day 1 postinfusion through day 7 in MDD, but only days 1-4 in BD.",,,,"Projected from extraction_v1 coverage_mentions; coverage_type=discusses; relationship is discussed in secondary literature, not treated as primary evidence"
compound_disorder,ketamine,post-traumatic stress disorder,post-traumatic stress disorder,therapeutic_indication,,post-traumatic stress disorder,indication,True,,secondary literature coverage,,unclear,,,,unknown,10.1136/eb-2016-102355,,Ketamine for treatment-resistant depression: recent developments and clinical applications,Jaclyn Schwartz; James W Murrough; Dan V Iosifescu,2016,Evidence-Based Mental Health,journal-article,,2016-04-06,1362-0347,1468-960X,BMJ,"Antidepressive Agents / pharmacology | Major Depressive Disorder / drug therapy | Depressive Disorder, Treatment-Resistant / drug therapy | Humans | Ketamine / pharmacology | Outcome Assessment, Health Care",,,,,,,,eng,,review,low,doi,review,evidence_synthesis,secondary_literature,uncertain,uncertain,1.0,False,secondary_summary,full_text_seen,abstract,"Abstract, C001",secondary_literature,,,,,,,,,,,,"Additional evidence suggests ketamine may be efficacious in patients with bipolar depression, post-traumatic stress disorder",,,,"Projected from extraction_v1 coverage_mentions; coverage_type=reviews; relationship is discussed in secondary literature, not treated as primary evidence"
compound_disorder,ketamine,post-traumatic stress disorder,post-traumatic stress disorder,therapeutic_indication,,post-traumatic stress disorder,indication,True,,secondary literature coverage,,unclear,,,,unknown,10.1136/eb-2016-102355,,Ketamine for treatment-resistant depression: recent developments and clinical applications,Jaclyn Schwartz; James W Murrough; Dan V Iosifescu,2016,Evidence-Based Mental Health,journal-article,,2016-04-06,1362-0347,1468-960X,BMJ,"Antidepressive Agents / pharmacology | Major Depressive Disorder / drug therapy | Depressive Disorder, Treatment-Resistant / drug therapy | Humans | Ketamine / pharmacology | Outcome Assessment, Health Care",,,,,,,,eng,,review,low,doi,review,evidence_synthesis,secondary_literature,uncertain,uncertain,1.0,False,secondary_summary,full_text_seen,text,C003,secondary_literature,,,,,,,,,,,,"Of note, IV ketamine was also reported as efficacious in the treatment of PTSD.",,,,"Projected from extraction_v1 coverage_mentions; coverage_type=discusses; relationship is discussed in secondary literature, not treated as primary evidence"
compound_disorder,ketamine,acute suicidal ideation,acute suicidal ideation,therapeutic_indication,,acute suicidal ideation,indication,True,,secondary literature coverage,,unclear,,,,unknown,10.1136/eb-2016-102355,,Ketamine for treatment-resistant depression: recent developments and clinical applications,Jaclyn Schwartz; James W Murrough; Dan V Iosifescu,2016,Evidence-Based Mental Health,journal-article,,2016-04-06,1362-0347,1468-960X,BMJ,"Antidepressive Agents / pharmacology | Major Depressive Disorder / drug therapy | Depressive Disorder, Treatment-Resistant / drug therapy | Humans | Ketamine / pharmacology | Outcome Assessment, Health Care",,,,,,,,eng,,review,low,doi,review,evidence_synthesis,secondary_literature,uncertain,uncertain,1.0,False,secondary_summary,full_text_seen,abstract,"Abstract, C001",secondary_literature,,,,,,,,,,,,"Additional evidence suggests ketamine may be efficacious in patients with bipolar depression, post-traumatic stress disorder and acute suicidal ideation.",,,,"Projected from extraction_v1 coverage_mentions; coverage_type=reviews; relationship is discussed in secondary literature, not treated as primary evidence"
compound_disorder,ketamine,suicidal ideation,suicidal ideation,therapeutic_indication,,suicidal ideation,indication,True,,secondary literature coverage,,unclear,,,,unknown,10.1136/eb-2016-102355,,Ketamine for treatment-resistant depression: recent developments and clinical applications,Jaclyn Schwartz; James W Murrough; Dan V Iosifescu,2016,Evidence-Based Mental Health,journal-article,,2016-04-06,1362-0347,1468-960X,BMJ,"Antidepressive Agents / pharmacology | Major Depressive Disorder / drug therapy | Depressive Disorder, Treatment-Resistant / drug therapy | Humans | Ketamine / pharmacology | Outcome Assessment, Health Care",,,,,,,,eng,,review,low,doi,review,evidence_synthesis,secondary_literature,uncertain,uncertain,1.0,False,secondary_summary,full_text_seen,text,C006,secondary_literature,,,,,,,,,,,,"Studies consistently show a significant decrease in SI after ketamine administration. 9 27 In a review assessing ketamine's effect on suicidality in patients with TRD, single doses of ketamine decreased both depression and SI, with maintained improvement for up to 2 weeks following repeated infusions.",,,,"Projected from extraction_v1 coverage_mentions; coverage_type=discusses; relationship is discussed in secondary literature, not treated as primary evidence"
compound_disorder,ketamine,suicidal ideation,suicidal ideation,therapeutic_indication,,suicidal ideation,indication,True,,secondary literature coverage,,unclear,,,,unknown,10.1136/eb-2016-102355,,Ketamine for treatment-resistant depression: recent developments and clinical applications,Jaclyn Schwartz; James W Murrough; Dan V Iosifescu,2016,Evidence-Based Mental Health,journal-article,,2016-04-06,1362-0347,1468-960X,BMJ,"Antidepressive Agents / pharmacology | Major Depressive Disorder / drug therapy | Depressive Disorder, Treatment-Resistant / drug therapy | Humans | Ketamine / pharmacology | Outcome Assessment, Health Care",,,,,,,,eng,,review,low,doi,review,evidence_synthesis,secondary_literature,uncertain,uncertain,1.0,False,secondary_summary,full_text_seen,text,C006,secondary_literature,,,,,,,,,,,,Rapid improvement in SI supports the potential for ketamine to be used in clinical settings that necessitate urgent care for SI or behaviours.,,,,"Projected from extraction_v1 coverage_mentions; coverage_type=discusses; relationship is discussed in secondary literature, not treated as primary evidence"
compound_disorder,ketamine,treatment-resistant unipolar depression,treatment-resistant unipolar depression,therapeutic_indication,,treatment-resistant unipolar depression,indication,True,,secondary literature coverage,,unclear,,,,unknown,10.1136/eb-2016-102355,,Ketamine for treatment-resistant depression: recent developments and clinical applications,Jaclyn Schwartz; James W Murrough; Dan V Iosifescu,2016,Evidence-Based Mental Health,journal-article,,2016-04-06,1362-0347,1468-960X,BMJ,"Antidepressive Agents / pharmacology | Major Depressive Disorder / drug therapy | Depressive Disorder, Treatment-Resistant / drug therapy | Humans | Ketamine / pharmacology | Outcome Assessment, Health Care",,,,,,,,eng,,review,low,doi,review,evidence_synthesis,secondary_literature,uncertain,uncertain,1.0,False,secondary_summary,full_text_seen,text,C009,secondary_literature,,,,,,,,,,,,"A growing body of research supports the acute efficacy of ketamine as a rapidly acting treatment for treatment-resistant unipolar depression, bipolar depression and PTSD.",,,,"Projected from extraction_v1 coverage_mentions; coverage_type=summarizes; relationship is discussed in secondary literature, not treated as primary evidence"
compound_disorder,ketamine,bipolar depression,bipolar depression,therapeutic_indication,,bipolar depression,indication,True,,secondary literature coverage,,unclear,,,,unknown,10.1136/eb-2016-102355,,Ketamine for treatment-resistant depression: recent developments and clinical applications,Jaclyn Schwartz; James W Murrough; Dan V Iosifescu,2016,Evidence-Based Mental Health,journal-article,,2016-04-06,1362-0347,1468-960X,BMJ,"Antidepressive Agents / pharmacology | Major Depressive Disorder / drug therapy | Depressive Disorder, Treatment-Resistant / drug therapy | Humans | Ketamine / pharmacology | Outcome Assessment, Health Care",,,,,,,,eng,,review,low,doi,review,evidence_synthesis,secondary_literature,uncertain,uncertain,1.0,False,secondary_summary,full_text_seen,text,C009,secondary_literature,,,,,,,,,,,,"A growing body of research supports the acute efficacy of ketamine as a rapidly acting treatment for treatment-resistant unipolar depression, bipolar depression and PTSD.",,,,"Projected from extraction_v1 coverage_mentions; coverage_type=summarizes; relationship is discussed in secondary literature, not treated as primary evidence"
compound_disorder,ketamine,post-traumatic stress disorder,post-traumatic stress disorder,therapeutic_indication,,post-traumatic stress disorder,indication,True,,secondary literature coverage,,unclear,,,,unknown,10.1136/eb-2016-102355,,Ketamine for treatment-resistant depression: recent developments and clinical applications,Jaclyn Schwartz; James W Murrough; Dan V Iosifescu,2016,Evidence-Based Mental Health,journal-article,,2016-04-06,1362-0347,1468-960X,BMJ,"Antidepressive Agents / pharmacology | Major Depressive Disorder / drug therapy | Depressive Disorder, Treatment-Resistant / drug therapy | Humans | Ketamine / pharmacology | Outcome Assessment, Health Care",,,,,,,,eng,,review,low,doi,review,evidence_synthesis,secondary_literature,uncertain,uncertain,1.0,False,secondary_summary,full_text_seen,text,C009,secondary_literature,,,,,,,,,,,,"A growing body of research supports the acute efficacy of ketamine as a rapidly acting treatment for treatment-resistant unipolar depression, bipolar depression and PTSD.",,,,"Projected from extraction_v1 coverage_mentions; coverage_type=summarizes; relationship is discussed in secondary literature, not treated as primary evidence"
compound_disorder,ketamine,acute suicidal ideation,acute suicidal ideation,therapeutic_indication,,acute suicidal ideation,indication,True,,secondary literature coverage,,unclear,,,,unknown,10.1136/eb-2016-102355,,Ketamine for treatment-resistant depression: recent developments and clinical applications,Jaclyn Schwartz; James W Murrough; Dan V Iosifescu,2016,Evidence-Based Mental Health,journal-article,,2016-04-06,1362-0347,1468-960X,BMJ,"Antidepressive Agents / pharmacology | Major Depressive Disorder / drug therapy | Depressive Disorder, Treatment-Resistant / drug therapy | Humans | Ketamine / pharmacology | Outcome Assessment, Health Care",,,,,,,,eng,,review,low,doi,review,evidence_synthesis,secondary_literature,uncertain,uncertain,1.0,False,secondary_summary,full_text_seen,text,C009,secondary_literature,,,,,,,,,,,,"some studies also suggest efficacy in bipolar depression, PTSD and in those with acute SI.",,,,"Projected from extraction_v1 coverage_mentions; coverage_type=summarizes; relationship is discussed in secondary literature, not treated as primary evidence"
compound_disorder,ketamine,treatment-resistant unipolar depression,treatment-resistant unipolar depression,therapeutic_indication,,treatment-resistant unipolar depression,indication,True,,secondary literature coverage,,unclear,,,,unknown,10.1136/eb-2016-102355,,Ketamine for treatment-resistant depression: recent developments and clinical applications,Jaclyn Schwartz; James W Murrough; Dan V Iosifescu,2016,Evidence-Based Mental Health,journal-article,,2016-04-06,1362-0347,1468-960X,BMJ,"Antidepressive Agents / pharmacology | Major Depressive Disorder / drug therapy | Depressive Disorder, Treatment-Resistant / drug therapy | Humans | Ketamine / pharmacology | Outcome Assessment, Health Care",,,,,,,,eng,,review,low,doi,review,evidence_synthesis,secondary_literature,uncertain,uncertain,1.0,False,secondary_summary,full_text_seen,text,C010,secondary_literature,,,,,,,,,,,,"Ketamine administrations have been associated with rapid clinical improvement (within 24 h) in patients with treatment-resistant unipolar depression, bipolar depression, PTSD and those with acute suicidal ideation.",,,,"Projected from extraction_v1 coverage_mentions; coverage_type=summarizes; relationship is discussed in secondary literature, not treated as primary evidence"
compound_disorder,ketamine,bipolar depression,bipolar depression,therapeutic_indication,,bipolar depression,indication,True,,secondary literature coverage,,unclear,,,,unknown,10.1136/eb-2016-102355,,Ketamine for treatment-resistant depression: recent developments and clinical applications,Jaclyn Schwartz; James W Murrough; Dan V Iosifescu,2016,Evidence-Based Mental Health,journal-article,,2016-04-06,1362-0347,1468-960X,BMJ,"Antidepressive Agents / pharmacology | Major Depressive Disorder / drug therapy | Depressive Disorder, Treatment-Resistant / drug therapy | Humans | Ketamine / pharmacology | Outcome Assessment, Health Care",,,,,,,,eng,,review,low,doi,review,evidence_synthesis,secondary_literature,uncertain,uncertain,1.0,False,secondary_summary,full_text_seen,text,C010,secondary_literature,,,,,,,,,,,,"Ketamine administrations have been associated with rapid clinical improvement (within 24 h) in patients with treatment-resistant unipolar depression, bipolar depression, PTSD and those with acute suicidal ideation.",,,,"Projected from extraction_v1 coverage_mentions; coverage_type=summarizes; relationship is discussed in secondary literature, not treated as primary evidence"
compound_disorder,ketamine,post-traumatic stress disorder,post-traumatic stress disorder,therapeutic_indication,,post-traumatic stress disorder,indication,True,,secondary literature coverage,,unclear,,,,unknown,10.1136/eb-2016-102355,,Ketamine for treatment-resistant depression: recent developments and clinical applications,Jaclyn Schwartz; James W Murrough; Dan V Iosifescu,2016,Evidence-Based Mental Health,journal-article,,2016-04-06,1362-0347,1468-960X,BMJ,"Antidepressive Agents / pharmacology | Major Depressive Disorder / drug therapy | Depressive Disorder, Treatment-Resistant / drug therapy | Humans | Ketamine / pharmacology | Outcome Assessment, Health Care",,,,,,,,eng,,review,low,doi,review,evidence_synthesis,secondary_literature,uncertain,uncertain,1.0,False,secondary_summary,full_text_seen,text,C010,secondary_literature,,,,,,,,,,,,"Ketamine administrations have been associated with rapid clinical improvement (within 24 h) in patients with treatment-resistant unipolar depression, bipolar depression, PTSD and those with acute suicidal ideation.",,,,"Projected from extraction_v1 coverage_mentions; coverage_type=summarizes; relationship is discussed in secondary literature, not treated as primary evidence"
compound_disorder,ketamine,acute suicidal ideation,acute suicidal ideation,therapeutic_indication,,acute suicidal ideation,indication,True,,secondary literature coverage,,unclear,,,,unknown,10.1136/eb-2016-102355,,Ketamine for treatment-resistant depression: recent developments and clinical applications,Jaclyn Schwartz; James W Murrough; Dan V Iosifescu,2016,Evidence-Based Mental Health,journal-article,,2016-04-06,1362-0347,1468-960X,BMJ,"Antidepressive Agents / pharmacology | Major Depressive Disorder / drug therapy | Depressive Disorder, Treatment-Resistant / drug therapy | Humans | Ketamine / pharmacology | Outcome Assessment, Health Care",,,,,,,,eng,,review,low,doi,review,evidence_synthesis,secondary_literature,uncertain,uncertain,1.0,False,secondary_summary,full_text_seen,text,C010,secondary_literature,,,,,,,,,,,,"Ketamine administrations have been associated with rapid clinical improvement (within 24 h) in patients with treatment-resistant unipolar depression, bipolar depression, PTSD and those with acute suicidal ideation.",,,,"Projected from extraction_v1 coverage_mentions; coverage_type=summarizes; relationship is discussed in secondary literature, not treated as primary evidence"
compound_disorder,ketamine,suicidal ideation,suicidal ideation,therapeutic_indication,,suicidal ideation,indication,True,,secondary literature coverage,,unclear,,,,unknown,10.1176/appi.focus.20220076,,Pharmacologic Approaches to Suicide Prevention,Sidney Zisook; Isabel Domingues; Jason Compton,2023,FOCUS The Journal of Lifelong Learning in Psychiatry,journal-article,,2023-04-01,1541-4094,1541-4108,American Psychiatric Association Publishing,,Antidepressants | Depression | Psychopharmacology/patient outcome | Suicide,,,,,,,eng,,review,low,doi,review,evidence_synthesis,secondary_literature,uncertain,uncertain,0.9,False,secondary_summary,full_text_seen,text,S006: Ketamine,secondary_literature,,,,,,,,,,,,"An RCT (34) comparing ketamine with midazolam, among 57 patients with treatment-resistant depression, found a rapid (within 24 hours postinfusion) reduction in suicidal ideation with ketamine but not with midazolam. A systematic review of RTCs on the effect of ketamine on suicidal ideation (35) reported on four RCTs and confirmed a rapid antisuicidal ideation effect of ketamine (within 24-48 hours postadministration), and that effect was at least partially independent of effects on depressive symptoms.",,,,"Projected from extraction_v1 coverage_mentions; coverage_type=reviews; relationship is discussed in secondary literature, not treated as primary evidence"
compound_disorder,ketamine,suicide prevention,suicide prevention,therapeutic_indication,,suicide prevention,indication,True,,secondary literature coverage,,unclear,,,,unknown,10.1176/appi.focus.20220076,,Pharmacologic Approaches to Suicide Prevention,Sidney Zisook; Isabel Domingues; Jason Compton,2023,FOCUS The Journal of Lifelong Learning in Psychiatry,journal-article,,2023-04-01,1541-4094,1541-4108,American Psychiatric Association Publishing,,Antidepressants | Depression | Psychopharmacology/patient outcome | Suicide,,,,,,,eng,,review,low,doi,review,evidence_synthesis,secondary_literature,uncertain,uncertain,0.8,False,secondary_summary,full_text_seen,text,S006: Ketamine,secondary_literature,,,,,,,,,,,,Ketamine's niche in suicide prevention may be for treatment of patients who are acutely suicidal in emergency rooms or inpatient settings.,,,,"Projected from extraction_v1 coverage_mentions; coverage_type=discusses; relationship is discussed in secondary literature, not treated as primary evidence"
compound_disorder,esketamine,suicidal thoughts or behaviors,suicidal thoughts or behaviors,therapeutic_indication,,suicidal thoughts or behaviors,indication,True,,secondary literature coverage,,unclear,,,,unknown,10.1176/appi.focus.20220076,,Pharmacologic Approaches to Suicide Prevention,Sidney Zisook; Isabel Domingues; Jason Compton,2023,FOCUS The Journal of Lifelong Learning in Psychiatry,journal-article,,2023-04-01,1541-4094,1541-4108,American Psychiatric Association Publishing,,Antidepressants | Depression | Psychopharmacology/patient outcome | Suicide,,,,,,,eng,,review,low,doi,review,evidence_synthesis,secondary_literature,uncertain,uncertain,0.9,False,secondary_summary,full_text_seen,text,S007: Esketamine,secondary_literature,,,,,,,,,,,,Note that the second indication does not mean esketamine is an approved treatment for suicide prevention. It is not known whether esketamine is safe and effective for use in preventing suicide or in reducing suicidal thoughts or behaviors.,,,,"Projected from extraction_v1 coverage_mentions; coverage_type=reviews; relationship is discussed in secondary literature, not treated as primary evidence"
compound_disorder,esketamine,suicidal ideation,suicidal ideation,therapeutic_indication,,suicidal ideation,indication,True,,secondary literature coverage,,unclear,,,,unknown,10.1176/appi.focus.20220076,,Pharmacologic Approaches to Suicide Prevention,Sidney Zisook; Isabel Domingues; Jason Compton,2023,FOCUS The Journal of Lifelong Learning in Psychiatry,journal-article,,2023-04-01,1541-4094,1541-4108,American Psychiatric Association Publishing,,Antidepressants | Depression | Psychopharmacology/patient outcome | Suicide,,,,,,,eng,,review,low,doi,review,evidence_synthesis,secondary_literature,uncertain,uncertain,0.9,False,secondary_summary,full_text_seen,text,S007: Esketamine,secondary_literature,,,,,,,,,,,,"Severity of suicidal ideation showed improvement in both groups, but no significant difference was found between treatment groups (43) . ASPIRE II also showed significant reduction in depression severity from baseline to 24 hours after the first treatment, which was greater for the esketamine plus oral antidepressant group than for the placebo plus oral antidepressant group. Differences were significant as soon as 4 hours after the first treatment and also 25 days later. Again, although both groups showed rapid reduction in suicidal ideation and scores on behavior assessments, the difference between the treatment groups was not significant (44) .",,,,"Projected from extraction_v1 coverage_mentions; coverage_type=reviews; relationship is discussed in secondary literature, not treated as primary evidence"
compound_disorder,ketamine,postoperative pain,postoperative pain,therapeutic_indication,,postoperative pain,indication,True,,secondary literature coverage,,unclear,,,,unknown,10.12688/f1000research.11372.1,,Ketamine for pain,Kelly Jonkman; Albert Dahan; Tine van de Donk; Leon Aarts; Marieke Niesters; Monique van Velzen,2017,F1000Research,journal-article,,2017-09-20,2046-1402,,F1000 Research Ltd,,analgesia | ketamine | pain | postoperative pain,,,,,,,eng,,review,low,doi,review,evidence_synthesis,secondary_literature,uncertain,uncertain,1.0,False,secondary_summary,full_text_seen,abstract,Abstract,narrative review of systematic reviews and meta-analyses,,,,,,,,,,,,"Ketamine treatment is most effective for relief of postoperative pain, causing reduced opioid consumption.",,,,"Projected from extraction_v1 coverage_mentions; coverage_type=discusses; relationship is discussed in secondary literature, not treated as primary evidence"
compound_disorder,ketamine,acute pain in the emergency department,acute pain in the emergency department,therapeutic_indication,,acute pain in the emergency department,indication,True,,secondary literature coverage,,unclear,,,,unknown,10.12688/f1000research.11372.1,,Ketamine for pain,Kelly Jonkman; Albert Dahan; Tine van de Donk; Leon Aarts; Marieke Niesters; Monique van Velzen,2017,F1000Research,journal-article,,2017-09-20,2046-1402,,F1000 Research Ltd,,analgesia | ketamine | pain | postoperative pain,,,,,,,eng,,review,low,doi,review,evidence_synthesis,secondary_literature,uncertain,uncertain,1.0,False,secondary_summary,full_text_seen,abstract,Abstract,narrative review of systematic reviews and meta-analyses,,,,,,,,,,,,"In contrast, for most other indications (that is, acute pain in the emergency department, prevention of persistent postoperative pain, cancer pain, and chronic non-cancer pain), the efficacy of ketamine is limited.",,,,"Projected from extraction_v1 coverage_mentions; coverage_type=discusses; relationship is discussed in secondary literature, not treated as primary evidence"
compound_disorder,ketamine,persistent postoperative pain prevention,persistent postoperative pain prevention,therapeutic_indication,,persistent postoperative pain prevention,indication,True,,secondary literature coverage,,unclear,,,,unknown,10.12688/f1000research.11372.1,,Ketamine for pain,Kelly Jonkman; Albert Dahan; Tine van de Donk; Leon Aarts; Marieke Niesters; Monique van Velzen,2017,F1000Research,journal-article,,2017-09-20,2046-1402,,F1000 Research Ltd,,analgesia | ketamine | pain | postoperative pain,,,,,,,eng,,review,low,doi,review,evidence_synthesis,secondary_literature,uncertain,uncertain,1.0,False,secondary_summary,full_text_seen,abstract,Abstract,narrative review of systematic reviews and meta-analyses,,,,,,,,,,,,"In contrast, for most other indications (that is, acute pain in the emergency department, prevention of persistent postoperative pain, cancer pain, and chronic non-cancer pain), the efficacy of ketamine is limited.",,,,"Projected from extraction_v1 coverage_mentions; coverage_type=discusses; relationship is discussed in secondary literature, not treated as primary evidence"
compound_disorder,ketamine,cancer pain,cancer pain,therapeutic_indication,,cancer pain,indication,True,,secondary literature coverage,,unclear,,,,unknown,10.12688/f1000research.11372.1,,Ketamine for pain,Kelly Jonkman; Albert Dahan; Tine van de Donk; Leon Aarts; Marieke Niesters; Monique van Velzen,2017,F1000Research,journal-article,,2017-09-20,2046-1402,,F1000 Research Ltd,,analgesia | ketamine | pain | postoperative pain,,,,,,,eng,,review,low,doi,review,evidence_synthesis,secondary_literature,uncertain,uncertain,1.0,False,secondary_summary,full_text_seen,abstract,Abstract,narrative review of systematic reviews and meta-analyses,,,,,,,,,,,,"In contrast, for most other indications (that is, acute pain in the emergency department, prevention of persistent postoperative pain, cancer pain, and chronic non-cancer pain), the efficacy of ketamine is limited.",,,,"Projected from extraction_v1 coverage_mentions; coverage_type=discusses; relationship is discussed in secondary literature, not treated as primary evidence"
compound_disorder,ketamine,chronic non-cancer pain,chronic non-cancer pain,therapeutic_indication,,chronic non-cancer pain,indication,True,,secondary literature coverage,,unclear,,,,unknown,10.12688/f1000research.11372.1,,Ketamine for pain,Kelly Jonkman; Albert Dahan; Tine van de Donk; Leon Aarts; Marieke Niesters; Monique van Velzen,2017,F1000Research,journal-article,,2017-09-20,2046-1402,,F1000 Research Ltd,,analgesia | ketamine | pain | postoperative pain,,,,,,,eng,,review,low,doi,review,evidence_synthesis,secondary_literature,uncertain,uncertain,1.0,False,secondary_summary,full_text_seen,abstract,Abstract,narrative review of systematic reviews and meta-analyses,,,,,,,,,,,,"In contrast, for most other indications (that is, acute pain in the emergency department, prevention of persistent postoperative pain, cancer pain, and chronic non-cancer pain), the efficacy of ketamine is limited.",,,,"Projected from extraction_v1 coverage_mentions; coverage_type=discusses; relationship is discussed in secondary literature, not treated as primary evidence"
compound_disorder,ketamine,treatment-resistant bipolar depression,treatment-resistant bipolar depression,therapeutic_indication,,treatment-resistant bipolar depression,indication,True,,secondary literature coverage,,unclear,,,,unknown,10.1590/1516-4446-2020-1627,,Treatment-resistant bipolar depression: concepts and challenges for novel interventions.,Diaz AP; Fernandes BS; Quevedo J; Sanches M; Soares JC,2022,"Revista brasileira de psiquiatria (Sao Paulo, Brazil : 1999)",Journal Article | Review,,2022,1516-4446,1809-452X,,"Bipolar Disorder / drug therapy | Depressive Disorder, Treatment-Resistant / drug therapy | Humans | Ketamine | Transcranial Magnetic Stimulation",,,,,,,,eng,,review,low,doi,review,evidence_synthesis,secondary_literature,uncertain,uncertain,1.0,False,secondary_summary,full_text_seen,abstract,Abstract,narrative review,,,,,,,,,,,,"A number of promising new interventions, both pharmacological and non-pharmacological, are being investigated for TRBD treatment, including ketamine, lurasidone, D-cycloserine, pioglitazone, N-acetylcysteine, angiotensin-converting enzyme inhibitors, angiotensin II type 1 receptor blockers, cyclooxygenase 2 inhibitors, magnetic seizure therapy, intermittent theta-burst stimulation, deep transcranial magnetic stimulation, vagus nerve stimulation therapy, and deep brain stimulation.",,,,"Projected from extraction_v1 coverage_mentions; coverage_type=discusses; relationship is discussed in secondary literature, not treated as primary evidence"
compound_disorder,ketamine,resistant depression,resistant depression,therapeutic_indication,,resistant depression,indication,True,,secondary literature coverage,,unclear,,,,unknown,10.1590/1516-4446-2020-1627,,Treatment-resistant bipolar depression: concepts and challenges for novel interventions.,Diaz AP; Fernandes BS; Quevedo J; Sanches M; Soares JC,2022,"Revista brasileira de psiquiatria (Sao Paulo, Brazil : 1999)",Journal Article | Review,,2022,1516-4446,1809-452X,,"Bipolar Disorder / drug therapy | Depressive Disorder, Treatment-Resistant / drug therapy | Humans | Ketamine | Transcranial Magnetic Stimulation",,,,,,,,eng,,review,low,doi,review,evidence_synthesis,secondary_literature,uncertain,uncertain,1.0,False,secondary_summary,full_text_seen,text,C005,narrative review,,,,,,,,,,,,"One of the most remarkable medications treating resistant depression is ketamine, an N-methyl-D-aspartate receptor antagonist, which suggests that glutamatergic neurotransmission dysfunction has an important role in the pathophysiology of BD.",,,,"Projected from extraction_v1 coverage_mentions; coverage_type=discusses; relationship is discussed in secondary literature, not treated as primary evidence"
compound_disorder,ketamine,TRBD,TRBD,therapeutic_indication,,TRBD,indication,True,,secondary literature coverage,,unclear,,,,unknown,10.1590/1516-4446-2020-1627,,Treatment-resistant bipolar depression: concepts and challenges for novel interventions.,Diaz AP; Fernandes BS; Quevedo J; Sanches M; Soares JC,2022,"Revista brasileira de psiquiatria (Sao Paulo, Brazil : 1999)",Journal Article | Review,,2022,1516-4446,1809-452X,,"Bipolar Disorder / drug therapy | Depressive Disorder, Treatment-Resistant / drug therapy | Humans | Ketamine | Transcranial Magnetic Stimulation",,,,,,,,eng,,review,low,doi,review,evidence_synthesis,secondary_literature,uncertain,uncertain,1.0,False,secondary_summary,full_text_seen,text,C006,narrative review,,,,,,,,,,,,"More recently, a systematic review and meta-analysis of randomized controlled trials addressing TRBD management showed that ketamine was associated with a significant response rate one day after infusion.",,,,"Projected from extraction_v1 coverage_mentions; coverage_type=mentions; relationship is discussed in secondary literature, not treated as primary evidence"
compound_disorder,ketamine,TRBD,TRBD,therapeutic_indication,,TRBD,indication,True,,secondary literature coverage,,unclear,,,,unknown,10.1590/1516-4446-2020-1627,,Treatment-resistant bipolar depression: concepts and challenges for novel interventions.,Diaz AP; Fernandes BS; Quevedo J; Sanches M; Soares JC,2022,"Revista brasileira de psiquiatria (Sao Paulo, Brazil : 1999)",Journal Article | Review,,2022,1516-4446,1809-452X,,"Bipolar Disorder / drug therapy | Depressive Disorder, Treatment-Resistant / drug therapy | Humans | Ketamine | Transcranial Magnetic Stimulation",,,,,,,,eng,,review,low,doi,review,evidence_synthesis,secondary_literature,uncertain,uncertain,0.9,False,secondary_summary,full_text_seen,text,C008,narrative review,,,,,,,,,,,,"An open-label trial with multi-infusion ketamine augmentation showed that ketamine infusions were associated with improved depressive symptoms after one week for 38 patients with TRBD and suicidal ideation (a mean HDRS score reduction of 49.8%). Nonetheless, relapse occurred during the second week after treatment, and the authors suggested that the clinical efficacy of ketamine augmentation is transient. 33",,,,"Projected from extraction_v1 coverage_mentions; coverage_type=summarizes; relationship is discussed in secondary literature, not treated as primary evidence"
compound_disorder,ketamine,TRBD,TRBD,therapeutic_indication,,TRBD,indication,True,,secondary literature coverage,,unclear,,,,unknown,10.1590/1516-4446-2020-1627,,Treatment-resistant bipolar depression: concepts and challenges for novel interventions.,Diaz AP; Fernandes BS; Quevedo J; Sanches M; Soares JC,2022,"Revista brasileira de psiquiatria (Sao Paulo, Brazil : 1999)",Journal Article | Review,,2022,1516-4446,1809-452X,,"Bipolar Disorder / drug therapy | Depressive Disorder, Treatment-Resistant / drug therapy | Humans | Ketamine | Transcranial Magnetic Stimulation",,,,,,,,eng,,review,low,doi,review,evidence_synthesis,secondary_literature,uncertain,uncertain,0.9,False,secondary_summary,full_text_seen,text,C008,narrative review,,,,,,,,,,,,"Furthermore, a double-blind, randomized, crossover, placebo-controlled study 34 on the effects of ketamine in TRBD (18 patients with a current major depressive episode of at least four weeks who had previously failed at least one adequate antidepressant trial and did not respond to either valproate or lithium for a minimum period of 4 weeks at appropriate levels) found that 56% of the participants receiving ketamine responded, with only two (13%) showing remission 40 minutes after ketamine application; the rates of response and remission after one day were 44% and 31%, respectively.",,,,"Projected from extraction_v1 coverage_mentions; coverage_type=summarizes; relationship is discussed in secondary literature, not treated as primary evidence"
compound_disorder,ketamine,depression,depression,therapeutic_indication,,depression,indication,True,,secondary literature coverage,,unclear,,,,unknown,10.22159/ajpcr.2024v17i8.51360,,REVOLUTIONIZING DEPRESSION TREATMENT: A PARADIGM SHIFT OF KETAMINE THERAPY – A SYSTEMATIC REVIEW,YUVRAJ KAUSHAL; PRANAV GOYAL; ARSHIYA SEHGAL,2024,Asian Journal of Pharmaceutical and Clinical Research,journal-article,,2024-08-07,0974-2441,2455-3891,Innovare Academic Sciences Pvt Ltd,,,,,,,,,,,systematic_review,low,doi,systematic_review,evidence_synthesis,secondary_literature,uncertain,uncertain,1.0,False,secondary_summary,full_text_seen,abstract,Abstract,systematic review,,,,,,,,,,,,assessment of the effectiveness of ketamine-based treatment in known patients of various subtypes of depression,,,,"Projected from extraction_v1 coverage_mentions; coverage_type=reviews; relationship is discussed in secondary literature, not treated as primary evidence"
compound_disorder,ketamine,treatment-resistant depression,treatment-resistant depression,therapeutic_indication,,treatment-resistant depression,indication,True,,secondary literature coverage,,unclear,,,,unknown,10.22159/ajpcr.2024v17i8.51360,,REVOLUTIONIZING DEPRESSION TREATMENT: A PARADIGM SHIFT OF KETAMINE THERAPY – A SYSTEMATIC REVIEW,YUVRAJ KAUSHAL; PRANAV GOYAL; ARSHIYA SEHGAL,2024,Asian Journal of Pharmaceutical and Clinical Research,journal-article,,2024-08-07,0974-2441,2455-3891,Innovare Academic Sciences Pvt Ltd,,,,,,,,,,,systematic_review,low,doi,systematic_review,evidence_synthesis,secondary_literature,uncertain,uncertain,1.0,False,secondary_summary,full_text_seen,abstract,Abstract,systematic review,,,,,,,,,,,,"This shows that ketamine therapy, especially for patients with treatment-resistant depression (TRD), can be a fast and effective biological treatment for depressive disorders.",,,,"Projected from extraction_v1 coverage_mentions; coverage_type=discusses; relationship is discussed in secondary literature, not treated as primary evidence"
compound_disorder,ketamine,anxiety disorders,anxiety disorders,therapeutic_indication,,anxiety disorders,indication,True,,secondary literature coverage,,unclear,,,,unknown,10.22159/ajpcr.2024v17i8.51360,,REVOLUTIONIZING DEPRESSION TREATMENT: A PARADIGM SHIFT OF KETAMINE THERAPY – A SYSTEMATIC REVIEW,YUVRAJ KAUSHAL; PRANAV GOYAL; ARSHIYA SEHGAL,2024,Asian Journal of Pharmaceutical and Clinical Research,journal-article,,2024-08-07,0974-2441,2455-3891,Innovare Academic Sciences Pvt Ltd,,,,,,,,,,,systematic_review,low,doi,systematic_review,evidence_synthesis,secondary_literature,uncertain,uncertain,0.9,False,secondary_summary,full_text_seen,abstract,Abstract,systematic review,,,,,,,,,,,,"Moreover, the use of ketamine has proved helpful in addressing anxiety disorders and self-assessed depression",,,,"Projected from extraction_v1 coverage_mentions; coverage_type=discusses; relationship is discussed in secondary literature, not treated as primary evidence"
compound_disorder,ketamine,suicidal ideation,suicidal ideation,therapeutic_indication,,suicidal ideation,indication,True,,secondary literature coverage,,unclear,,,,unknown,10.22159/ajpcr.2024v17i8.51360,,REVOLUTIONIZING DEPRESSION TREATMENT: A PARADIGM SHIFT OF KETAMINE THERAPY – A SYSTEMATIC REVIEW,YUVRAJ KAUSHAL; PRANAV GOYAL; ARSHIYA SEHGAL,2024,Asian Journal of Pharmaceutical and Clinical Research,journal-article,,2024-08-07,0974-2441,2455-3891,Innovare Academic Sciences Pvt Ltd,,,,,,,,,,,systematic_review,low,doi,systematic_review,evidence_synthesis,secondary_literature,uncertain,uncertain,0.9,False,secondary_summary,full_text_seen,text,C010,systematic review,,,,,,,,,,,,"Furthermore, studies such as 11, 14, 17, and 19 have pointed out that ketamine works effectively for the treatment of acute suicidal ideation or suicidal behavior with rapid antidepressant and antisuicidal effects compared with control treatment",,,,"Projected from extraction_v1 coverage_mentions; coverage_type=discusses; relationship is discussed in secondary literature, not treated as primary evidence"
compound_disorder,ketamine,postpartum depression,postpartum depression,therapeutic_indication,,postpartum depression,indication,True,,secondary literature coverage,,unclear,,,,unknown,10.22159/ajpcr.2024v17i8.51360,,REVOLUTIONIZING DEPRESSION TREATMENT: A PARADIGM SHIFT OF KETAMINE THERAPY – A SYSTEMATIC REVIEW,YUVRAJ KAUSHAL; PRANAV GOYAL; ARSHIYA SEHGAL,2024,Asian Journal of Pharmaceutical and Clinical Research,journal-article,,2024-08-07,0974-2441,2455-3891,Innovare Academic Sciences Pvt Ltd,,,,,,,,,,,systematic_review,low,doi,systematic_review,evidence_synthesis,secondary_literature,uncertain,uncertain,0.9,False,secondary_summary,full_text_seen,text,C010,systematic review,,,,,,,,,,,,it can be suggested that a single dose of ketamine should be given to postpartum women after their cesarean section to prevent PPD.,,,,"Projected from extraction_v1 coverage_mentions; coverage_type=discusses; relationship is discussed in secondary literature, not treated as primary evidence"
compound_disorder,Ketamine,Major Depressive Disorder,Major Depressive Disorder,therapeutic_indication,,Major Depressive Disorder,indication,True,,secondary literature coverage,,unclear,,,,unknown,10.30773/pi.2019.0236,,Ketamine in Major Depressive Disorder: Mechanisms and Future Perspectives,Cheolmin Shin; Yong‐Ku Kim,2020,Psychiatry investigation,Journal Article,,2020-03-23,1738-3684,,,,Antidepressant | Ketamine | Major depressive disorder | N-Methyl-D-aspartic acid (NMDA) receptor antagonist,,,,,,,eng,,review,low,doi,review,evidence_synthesis,secondary_literature,uncertain,uncertain,1.0,False,secondary_summary,full_text_seen,abstract,Abstract,narrative review,,,,,,,,,,,,"In this study, we reviewed the mechanism of action of ketamine as an antidepressant, its efficacy in treating MDD, and the safety and misuse potential of ketamine prescription, with a special focus on recent randomized control trials (RCTs).",,,,"Projected from extraction_v1 coverage_mentions; coverage_type=reviews; relationship is discussed in secondary literature, not treated as primary evidence"
compound_disorder,Ketamine,therapeutic efficacy in MDD,therapeutic efficacy in MDD,therapeutic_indication,,therapeutic efficacy in MDD,indication,True,,secondary literature coverage,,unclear,,,,unknown,10.30773/pi.2019.0236,,Ketamine in Major Depressive Disorder: Mechanisms and Future Perspectives,Cheolmin Shin; Yong‐Ku Kim,2020,Psychiatry investigation,Journal Article,,2020-03-23,1738-3684,,,,Antidepressant | Ketamine | Major depressive disorder | N-Methyl-D-aspartic acid (NMDA) receptor antagonist,,,,,,,eng,,review,low,doi,review,evidence_synthesis,secondary_literature,uncertain,uncertain,1.0,False,secondary_summary,full_text_seen,abstract,Abstract,narrative review,,,,,,,,,,,,"A series of recent randomized controlled trials have provided a high level of evidence for the therapeutic efficacy of ketamine treatment in MDD and presented new insights on the dose, usage, and route of administration of ketamine as an antidepressant.",,,,"Projected from extraction_v1 coverage_mentions; coverage_type=discusses; relationship is discussed in secondary literature, not treated as primary evidence"
compound_disorder,Ketamine,suicidal ideation,suicidal ideation,therapeutic_indication,,suicidal ideation,indication,True,,secondary literature coverage,,unclear,,,,unknown,10.30773/pi.2019.0236,,Ketamine in Major Depressive Disorder: Mechanisms and Future Perspectives,Cheolmin Shin; Yong‐Ku Kim,2020,Psychiatry investigation,Journal Article,,2020-03-23,1738-3684,,,,Antidepressant | Ketamine | Major depressive disorder | N-Methyl-D-aspartic acid (NMDA) receptor antagonist,,,,,,,eng,,review,low,doi,review,evidence_synthesis,secondary_literature,uncertain,uncertain,1.0,False,secondary_summary,full_text_seen,abstract,Abstract,narrative review,,,,,,,,,,,,"A single infusion of ketamine produced rapid improvement in clinical symptoms to a considerable level and led to the resolution of serious depressive symptoms, including imminent suicidal ideation, in patients with MDD.",,,,"Projected from extraction_v1 coverage_mentions; coverage_type=discusses; relationship is discussed in secondary literature, not treated as primary evidence"
compound_disorder,ketamine,major depressive disorder,major depressive disorder,therapeutic_indication,,major depressive disorder,indication,True,,secondary literature coverage,,unclear,,,,unknown,10.3389/fpsyg.2021.648691,,"Intranasal Ketamine for Depression in Adults: A Systematic Review and Meta-Analysis of Randomized, Double-Blind, Placebo-Controlled Trials",Dongjiao An; Changwei Wei; Jing Wang; Anshi Wu,2021,Frontiers in Psychology,journal-article,,2021-06-01,1664-1078,,Frontiers Media SA,,depression | intranasal | ketamine | meta-analysis | unipolar disorder,,,,,,,eng,,meta_analysis,low,doi,meta_analysis,evidence_synthesis,secondary_literature,uncertain,uncertain,1.0,False,secondary_summary,full_text_seen,abstract,Abstract,"Systematic Review and Meta-Analysis of Randomized, Double-Blind, Placebo-Controlled Trials",,,,,,,,,,,,"We aim to assess the efficacy and safety of intranasal ketamine in the treatment of major depressive disorder (MDD), especially treatment-resistant depression (TRD).",,,,"Projected from extraction_v1 coverage_mentions; coverage_type=reviews; relationship is discussed in secondary literature, not treated as primary evidence"
compound_disorder,ketamine,unipolar depression,unipolar depression,therapeutic_indication,,unipolar depression,indication,True,,secondary literature coverage,,unclear,,,,unknown,10.3389/fpsyg.2021.648691,,"Intranasal Ketamine for Depression in Adults: A Systematic Review and Meta-Analysis of Randomized, Double-Blind, Placebo-Controlled Trials",Dongjiao An; Changwei Wei; Jing Wang; Anshi Wu,2021,Frontiers in Psychology,journal-article,,2021-06-01,1664-1078,,Frontiers Media SA,,depression | intranasal | ketamine | meta-analysis | unipolar disorder,,,,,,,eng,,meta_analysis,low,doi,meta_analysis,evidence_synthesis,secondary_literature,uncertain,uncertain,1.0,False,secondary_summary,full_text_seen,abstract,Abstract,"Systematic Review and Meta-Analysis of Randomized, Double-Blind, Placebo-Controlled Trials",,,,,,,,,,,,"Our meta-analysis suggests that repeated intranasal ketamine conducted a fast-onset antidepression effect in unipolar depression, while the mild and transient adverse effects were acceptable.",,,,"Projected from extraction_v1 coverage_mentions; coverage_type=summarizes; relationship is discussed in secondary literature, not treated as primary evidence"
compound_disorder,MDMA,health consequences,health consequences,therapeutic_indication,,health consequences,indication,True,,secondary literature coverage,,unclear,,,,unknown,10.3390/ph3072333,,The Health Effect of Psychostimulants: A Literature Review,Thierry Favrod-Coune; Barbara Broers,2010,Pharmaceuticals,journal-article,,2010-07-22,1424-8247,,MDPI AG,,amphetamines | caffeine | cocaine | ecstasy (MDMA) | khat | nicotine | psychostimulants,,,,,,,eng,,review,low,doi,review,evidence_synthesis,secondary_literature,uncertain,uncertain,1.0,False,secondary_summary,full_text_seen,abstract,S001,secondary_literature,,,,,,,,,,,,"It will cover essentially cocaine, amphetamines and its derivatives (including methamphetamines and 3-4-methylenedioxymethamphetamine, ecstasy)... Their pharmacology, addictive potential, health consequences and treatment will be discussed.",,,,"Projected from extraction_v1 coverage_mentions; coverage_type=discusses; relationship is discussed in secondary literature, not treated as primary evidence"
compound_disorder,amphetamines,health consequences,health consequences,therapeutic_indication,,health consequences,indication,True,,secondary literature coverage,,unclear,,,,unknown,10.3390/ph3072333,,The Health Effect of Psychostimulants: A Literature Review,Thierry Favrod-Coune; Barbara Broers,2010,Pharmaceuticals,journal-article,,2010-07-22,1424-8247,,MDPI AG,,amphetamines | caffeine | cocaine | ecstasy (MDMA) | khat | nicotine | psychostimulants,,,,,,,eng,,review,low,doi,review,evidence_synthesis,secondary_literature,uncertain,uncertain,1.0,False,secondary_summary,full_text_seen,abstract,S001,secondary_literature,,,,,,,,,,,,"It will cover essentially cocaine, amphetamines and its derivatives (including methamphetamines and 3-4-methylenedioxymethamphetamine, ecstasy)... Their pharmacology, addictive potential, health consequences and treatment will be discussed.",,,,"Projected from extraction_v1 coverage_mentions; coverage_type=discusses; relationship is discussed in secondary literature, not treated as primary evidence"
compound_disorder,cocaine,health consequences,health consequences,therapeutic_indication,,health consequences,indication,True,,secondary literature coverage,,unclear,,,,unknown,10.3390/ph3072333,,The Health Effect of Psychostimulants: A Literature Review,Thierry Favrod-Coune; Barbara Broers,2010,Pharmaceuticals,journal-article,,2010-07-22,1424-8247,,MDPI AG,,amphetamines | caffeine | cocaine | ecstasy (MDMA) | khat | nicotine | psychostimulants,,,,,,,eng,,review,low,doi,review,evidence_synthesis,secondary_literature,uncertain,uncertain,1.0,False,secondary_summary,full_text_seen,abstract,S001,secondary_literature,,,,,,,,,,,,"It will cover essentially cocaine, amphetamines and its derivatives (including methamphetamines and 3-4-methylenedioxymethamphetamine, ecstasy)... Their pharmacology, addictive potential, health consequences and treatment will be discussed.",,,,"Projected from extraction_v1 coverage_mentions; coverage_type=discusses; relationship is discussed in secondary literature, not treated as primary evidence"
compound_disorder,psilocybin,depression,depression,therapeutic_indication,,depression,indication,True,,secondary literature coverage,,unclear,,,,unknown,10.54097/hset.v65i.11331,,Pharmacology and Therapeutic Effects of Psilocybin,Xuehan Du,2023,"Highlights in Science, Engineering and Technology",journal-article,,2023-08-29,2791-0210,,Darcy & Roy Press Co. Ltd.,,,,,,,,,,,review,low,doi,review,evidence_synthesis,secondary_literature,uncertain,uncertain,1.0,False,secondary_summary,full_text_seen,abstract,Abstract,secondary_literature,,,,,,,,,,,,"the positive effects of psilocybin on psychological illnesses like depression, addiction, anxiety, and obsessive-compulsive disorder were gathered and sorted out, and the drug's therapeutic potential for mental and psychological illnesses was systematically clarified.",,,,"Projected from extraction_v1 coverage_mentions; coverage_type=discusses; relationship is discussed in secondary literature, not treated as primary evidence"
compound_disorder,psilocybin,addiction,addiction,therapeutic_indication,,addiction,indication,True,,secondary literature coverage,,unclear,,,,unknown,10.54097/hset.v65i.11331,,Pharmacology and Therapeutic Effects of Psilocybin,Xuehan Du,2023,"Highlights in Science, Engineering and Technology",journal-article,,2023-08-29,2791-0210,,Darcy & Roy Press Co. Ltd.,,,,,,,,,,,review,low,doi,review,evidence_synthesis,secondary_literature,uncertain,uncertain,1.0,False,secondary_summary,full_text_seen,abstract,Abstract,secondary_literature,,,,,,,,,,,,"the positive effects of psilocybin on psychological illnesses like depression, addiction, anxiety, and obsessive-compulsive disorder were gathered and sorted out, and the drug's therapeutic potential for mental and psychological illnesses was systematically clarified.",,,,"Projected from extraction_v1 coverage_mentions; coverage_type=discusses; relationship is discussed in secondary literature, not treated as primary evidence"
compound_disorder,psilocybin,anxiety,anxiety,therapeutic_indication,,anxiety,indication,True,,secondary literature coverage,,unclear,,,,unknown,10.54097/hset.v65i.11331,,Pharmacology and Therapeutic Effects of Psilocybin,Xuehan Du,2023,"Highlights in Science, Engineering and Technology",journal-article,,2023-08-29,2791-0210,,Darcy & Roy Press Co. Ltd.,,,,,,,,,,,review,low,doi,review,evidence_synthesis,secondary_literature,uncertain,uncertain,1.0,False,secondary_summary,full_text_seen,abstract,Abstract,secondary_literature,,,,,,,,,,,,"the positive effects of psilocybin on psychological illnesses like depression, addiction, anxiety, and obsessive-compulsive disorder were gathered and sorted out, and the drug's therapeutic potential for mental and psychological illnesses was systematically clarified.",,,,"Projected from extraction_v1 coverage_mentions; coverage_type=discusses; relationship is discussed in secondary literature, not treated as primary evidence"
compound_disorder,psilocybin,obsessive-compulsive disorder,obsessive-compulsive disorder,therapeutic_indication,,obsessive-compulsive disorder,indication,True,,secondary literature coverage,,unclear,,,,unknown,10.54097/hset.v65i.11331,,Pharmacology and Therapeutic Effects of Psilocybin,Xuehan Du,2023,"Highlights in Science, Engineering and Technology",journal-article,,2023-08-29,2791-0210,,Darcy & Roy Press Co. Ltd.,,,,,,,,,,,review,low,doi,review,evidence_synthesis,secondary_literature,uncertain,uncertain,1.0,False,secondary_summary,full_text_seen,abstract,Abstract,secondary_literature,,,,,,,,,,,,"the positive effects of psilocybin on psychological illnesses like depression, addiction, anxiety, and obsessive-compulsive disorder were gathered and sorted out, and the drug's therapeutic potential for mental and psychological illnesses was systematically clarified.",,,,"Projected from extraction_v1 coverage_mentions; coverage_type=discusses; relationship is discussed in secondary literature, not treated as primary evidence"
compound_disorder,"psilocybin, MDMA, LSD","depression, PTSD, substance use disorders, end-of-life distress","depression, PTSD, substance use disorders, end-of-life distress",therapeutic_indication,,"depression, PTSD, substance use disorders, end-of-life distress",indication,True,,secondary literature coverage,,unclear,,,,unknown,10.64483/jmph-116,,Psychedelic-Assisted Therapy: The Emerging Role of the Psychiatric-Mental Health Nurse,Khalaud Naseeb Alhajry; Zahra Mohammed Sukairi; Hamidah Abdullah Lajami; Safiah Anber Bin Ali Ibrahim; Nawal Obaid Alanazi; Eman Ali Alsafwani; Ashwag Saad Hnif Albishi; Nada Naser Alomi; Zahrh Ahmed Ali Al-Hamadah; Anwar Mehdaf Akash Alrowaly,2024,Saudi Journal of Medicine and Public Health,journal-article,,2024-12-31,2961-4368,2961-4368,Maktab Mutlaq Al-Injaz for Academic Services,,,,,,,,,,,systematic_review,low,doi,systematic_review,evidence_synthesis,secondary_literature,uncertain,uncertain,0.9,False,secondary_summary,full_text_seen,abstract,Abstract,systematic review,,,,,,,,,,,,"Results: PAT has robust effectiveness for depression, PTSD, substance use disorders, and end-of-life distress with effect sizes of 0.7-1.2.",,,,"Projected from extraction_v1 coverage_mentions; coverage_type=reviews; relationship is discussed in secondary literature, not treated as primary evidence"
compound_disorder,psilocybin,Treatment-Resistant Depression (TRD),Treatment-Resistant Depression (TRD),therapeutic_indication,,Treatment-Resistant Depression (TRD),indication,True,,secondary literature coverage,,unclear,,,,unknown,10.64483/jmph-116,,Psychedelic-Assisted Therapy: The Emerging Role of the Psychiatric-Mental Health Nurse,Khalaud Naseeb Alhajry; Zahra Mohammed Sukairi; Hamidah Abdullah Lajami; Safiah Anber Bin Ali Ibrahim; Nawal Obaid Alanazi; Eman Ali Alsafwani; Ashwag Saad Hnif Albishi; Nada Naser Alomi; Zahrh Ahmed Ali Al-Hamadah; Anwar Mehdaf Akash Alrowaly,2024,Saudi Journal of Medicine and Public Health,journal-article,,2024-12-31,2961-4368,2961-4368,Maktab Mutlaq Al-Injaz for Academic Services,,,,,,,,,,,systematic_review,low,doi,systematic_review,evidence_synthesis,secondary_literature,uncertain,uncertain,0.8,False,secondary_summary,full_text_seen,text,C006,systematic review,,,,,,,,,,,,"In a landmark RCT conducted by Davis et al. (2021) at Johns Hopkins University, psilocybinassisted treatment (two doses of 25 mg with 8 hours of supportive counseling) was compared against escitalopram in 233 adults with TRD. Remission (HAM-D ≤7) was reported by 54% of psilocybin participants, compared to 29% in the control arm. The psilocybin group had a 71% response rate (≥50% decrease in Hamilton Depression Rating Scale [HAM-D] scores) at 4 weeks, versus 48% for escitalopram",,,,"Projected from extraction_v1 coverage_mentions; coverage_type=discusses; relationship is discussed in secondary literature, not treated as primary evidence"
compound_disorder,MDMA,Post-Traumatic Stress Disorder (PTSD),Post-Traumatic Stress Disorder (PTSD),therapeutic_indication,,Post-Traumatic Stress Disorder (PTSD),indication,True,,secondary literature coverage,,unclear,,,,unknown,10.64483/jmph-116,,Psychedelic-Assisted Therapy: The Emerging Role of the Psychiatric-Mental Health Nurse,Khalaud Naseeb Alhajry; Zahra Mohammed Sukairi; Hamidah Abdullah Lajami; Safiah Anber Bin Ali Ibrahim; Nawal Obaid Alanazi; Eman Ali Alsafwani; Ashwag Saad Hnif Albishi; Nada Naser Alomi; Zahrh Ahmed Ali Al-Hamadah; Anwar Mehdaf Akash Alrowaly,2024,Saudi Journal of Medicine and Public Health,journal-article,,2024-12-31,2961-4368,2961-4368,Maktab Mutlaq Al-Injaz for Academic Services,,,,,,,,,,,systematic_review,low,doi,systematic_review,evidence_synthesis,secondary_literature,uncertain,uncertain,0.8,False,secondary_summary,full_text_seen,text,C007,systematic review,,,,,,,,,,,,"The Multidisciplinary Association for Psychedelic Studies (MAPS) conducted a groundbreaking Phase 3 RCT (M1) in 90 patients with chronic PTSD (Mitchell et al., 2021) . The patients received three 120-180 mg MDMA sessions along with 12-15 hours of psychotherapy compared to placebo and therapy. Results revealed 67% of the MDMA group no longer met PTSD criteria (by Clinician-Administered PTSD Scale [CAPS-5]) at 18 weeks, compared to 32% in the placebo group",,,,"Projected from extraction_v1 coverage_mentions; coverage_type=discusses; relationship is discussed in secondary literature, not treated as primary evidence"
compound_disorder,psilocybin,Alcohol Use Disorder (AUD),Alcohol Use Disorder (AUD),therapeutic_indication,,Alcohol Use Disorder (AUD),indication,True,,secondary literature coverage,,unclear,,,,unknown,10.64483/jmph-116,,Psychedelic-Assisted Therapy: The Emerging Role of the Psychiatric-Mental Health Nurse,Khalaud Naseeb Alhajry; Zahra Mohammed Sukairi; Hamidah Abdullah Lajami; Safiah Anber Bin Ali Ibrahim; Nawal Obaid Alanazi; Eman Ali Alsafwani; Ashwag Saad Hnif Albishi; Nada Naser Alomi; Zahrh Ahmed Ali Al-Hamadah; Anwar Mehdaf Akash Alrowaly,2024,Saudi Journal of Medicine and Public Health,journal-article,,2024-12-31,2961-4368,2961-4368,Maktab Mutlaq Al-Injaz for Academic Services,,,,,,,,,,,systematic_review,low,doi,systematic_review,evidence_synthesis,secondary_literature,uncertain,uncertain,0.8,False,secondary_summary,full_text_seen,text,C008,systematic review,,,,,,,,,,,,"Bogenschutz et al. (2022) conducted an RCT in 93 patients with AUD who were administered two doses of 25-40 mg psilocybin along with motivational enhancement therapy. The trial reported a 50% reduction in heavy drinking days (≥5 drinks for males, ≥4 for females) at 8 months, compared with 24% on the placebo arm",,,,"Projected from extraction_v1 coverage_mentions; coverage_type=discusses; relationship is discussed in secondary literature, not treated as primary evidence"
compound_disorder,psilocybin,"existential distress, anxiety, depression (in cancer patients)","existential distress, anxiety, depression (in cancer patients)",therapeutic_indication,,"existential distress, anxiety, depression (in cancer patients)",indication,True,,secondary literature coverage,,unclear,,,,unknown,10.64483/jmph-116,,Psychedelic-Assisted Therapy: The Emerging Role of the Psychiatric-Mental Health Nurse,Khalaud Naseeb Alhajry; Zahra Mohammed Sukairi; Hamidah Abdullah Lajami; Safiah Anber Bin Ali Ibrahim; Nawal Obaid Alanazi; Eman Ali Alsafwani; Ashwag Saad Hnif Albishi; Nada Naser Alomi; Zahrh Ahmed Ali Al-Hamadah; Anwar Mehdaf Akash Alrowaly,2024,Saudi Journal of Medicine and Public Health,journal-article,,2024-12-31,2961-4368,2961-4368,Maktab Mutlaq Al-Injaz for Academic Services,,,,,,,,,,,systematic_review,low,doi,systematic_review,evidence_synthesis,secondary_literature,uncertain,uncertain,0.8,False,secondary_summary,full_text_seen,text,C009,systematic review,,,,,,,,,,,,"Griffiths et al. (2016) employed a double-blind RCT in 51 cancer patients, administering high-dose psilocybin (22 or 30 mg/70 kg). Outcomes identified an 80% reduction in anxiety (by State-Trait Anxiety Inventory) and 78% reduction in depression (by HAM-D) at 6 months, with 83% experiencing more satisfaction with life",,,,"Projected from extraction_v1 coverage_mentions; coverage_type=discusses; relationship is discussed in secondary literature, not treated as primary evidence"
compound_disorder,LSD,alcoholism,alcoholism,therapeutic_indication,,alcoholism,indication,True,,secondary literature coverage,,unclear,,,,unknown,10.64483/jmph-116,,Psychedelic-Assisted Therapy: The Emerging Role of the Psychiatric-Mental Health Nurse,Khalaud Naseeb Alhajry; Zahra Mohammed Sukairi; Hamidah Abdullah Lajami; Safiah Anber Bin Ali Ibrahim; Nawal Obaid Alanazi; Eman Ali Alsafwani; Ashwag Saad Hnif Albishi; Nada Naser Alomi; Zahrh Ahmed Ali Al-Hamadah; Anwar Mehdaf Akash Alrowaly,2024,Saudi Journal of Medicine and Public Health,journal-article,,2024-12-31,2961-4368,2961-4368,Maktab Mutlaq Al-Injaz for Academic Services,,,,,,,,,,,systematic_review,low,doi,systematic_review,evidence_synthesis,secondary_literature,uncertain,uncertain,0.7,False,secondary_summary,full_text_seen,text,C003,systematic review,,,,,,,,,,,,"for example, one trial of LSD in alcoholism treatment during the 1960s scored remission rates of as much as 50% under test conditions, in sharp contrast to the 10-15% success rate of conventional treatments at the time (Bowen et al., 1970)",,,,"Projected from extraction_v1 coverage_mentions; coverage_type=discusses; relationship is discussed in secondary literature, not treated as primary evidence"
compound_disorder,"classic psychedelics, empathogenic drugs",psychiatric indications,psychiatric indications,therapeutic_indication,,psychiatric indications,indication,True,,secondary literature coverage,,unclear,,,,unknown,10.1089/psymed.2023.0007,,"A Systematic Review of Reporting Practices in Psychedelic Clinical Trials: Psychological Support, Therapy, and Psychosocial Interventions",William Brennan; Alex R. Kelman; Alexander B. Belser,2023,Psychedelic Medicine,journal-article,,2023-10-18,2831-4425,2831-4433,SAGE Publications,,clinical trials | psychedelic-assisted therapy (PAT) | psychosocial interventions | reporting practices | treatment outcomes,,,,,,,eng,,systematic_review,low,doi,systematic_review,evidence_synthesis,secondary_literature,uncertain,uncertain,1.0,False,secondary_summary,full_text_seen,abstract,Abstract,systematic review,,,,,,,,,,,,"It includes quantitative clinical studies treating patients with psychiatric indications using classic psychedelics (psilocybin, LSD, DMT, ayahuasca) or empathogenic drugs (MDMA) since 2000.",,,not_assessed,"Projected from extraction_v1 coverage_mentions; coverage_type=reviews; relationship is discussed in secondary literature, not treated as primary evidence"
compound_disorder,hallucinogenic drugs,primary process thinking,primary process thinking,therapeutic_indication,,primary process thinking,indication,True,,secondary literature coverage,,unclear,,,,unknown,10.1093/brain/awq010,,"The default-mode, ego-functions and free-energy: a neurobiological account of Freudian ideas",Robin Carhart‐Harris; Karl Friston,2010,Brain : a journal of neurology,"Journal Article | Research Support, Non-U.S. Gov't | Review",,2010-02-28,0006-8950,1460-2156,,Animals | Brain / physiology | Brain Mapping / methods | Cognition / physiology | Ego | Freudian Theory | Humans | Mental Disorders / diagnosis | Mental Disorders / physiopathology | Mental Disorders / psychology,,Wellcome Trust,088130,,,,,eng,,review,low,doi,review,evidence_synthesis,secondary_literature,uncertain,uncertain,0.9,False,secondary_summary,full_text_seen,abstract,Abstract,review,,,,,,,,,,,,"We substantiate this synthesis by showing that Freud's descriptions of the primary process are consistent with the phenomenology and neurophysiology of rapid eye movement sleep, the early and acute psychotic state, the aura of temporal lobe epilepsy and hallucinogenic drug states.",Wellcome Trust,,,"Projected from extraction_v1 coverage_mentions; coverage_type=discusses; relationship is discussed in secondary literature, not treated as primary evidence"
compound_disorder,LSD,psychoanalytic psychotherapy,psychoanalytic psychotherapy,therapeutic_indication,,psychoanalytic psychotherapy,indication,True,,secondary literature coverage,,unclear,,,,unknown,10.1093/brain/awq010,,"The default-mode, ego-functions and free-energy: a neurobiological account of Freudian ideas",Robin Carhart‐Harris; Karl Friston,2010,Brain : a journal of neurology,"Journal Article | Research Support, Non-U.S. Gov't | Review",,2010-02-28,0006-8950,1460-2156,,Animals | Brain / physiology | Brain Mapping / methods | Cognition / physiology | Ego | Freudian Theory | Humans | Mental Disorders / diagnosis | Mental Disorders / physiopathology | Mental Disorders / psychology,,Wellcome Trust,088130,,,,,eng,,review,low,doi,review,evidence_synthesis,secondary_literature,uncertain,uncertain,0.9,False,secondary_summary,full_text_seen,text,C015,review,,,,,,,,,,,,"LSD and related drugs were used extensively in the 1950s and 60s as adjuncts to psychoanalytic psychotherapy (Abramson, 1967; Grinspoon and Bakalar, 1979).",Wellcome Trust,,,"Projected from extraction_v1 coverage_mentions; coverage_type=mentions; relationship is discussed in secondary literature, not treated as primary evidence"
compound_disorder,psilocybin,impaired temporal perception,impaired temporal perception,therapeutic_indication,,impaired temporal perception,indication,True,,secondary literature coverage,,unclear,,,,unknown,10.1093/brain/awq010,,"The default-mode, ego-functions and free-energy: a neurobiological account of Freudian ideas",Robin Carhart‐Harris; Karl Friston,2010,Brain : a journal of neurology,"Journal Article | Research Support, Non-U.S. Gov't | Review",,2010-02-28,0006-8950,1460-2156,,Animals | Brain / physiology | Brain Mapping / methods | Cognition / physiology | Ego | Freudian Theory | Humans | Mental Disorders / diagnosis | Mental Disorders / physiopathology | Mental Disorders / psychology,,Wellcome Trust,088130,,,,,eng,,review,low,doi,review,evidence_synthesis,secondary_literature,uncertain,uncertain,0.8,False,secondary_summary,full_text_seen,text,C011,review,,,,,,,,,,,,"Recent work involving the serotoninergic hallucinogen, psilocybin, has shown that hallucinogen-induced impairments in temporal perception are dose-dependent (Wackermann et al., 2008).",Wellcome Trust,,,"Projected from extraction_v1 coverage_mentions; coverage_type=discusses; relationship is discussed in secondary literature, not treated as primary evidence"
compound_disorder,LSD,perceptual distortions,perceptual distortions,therapeutic_indication,,perceptual distortions,indication,True,,secondary literature coverage,,unclear,,,,unknown,10.1093/brain/awq010,,"The default-mode, ego-functions and free-energy: a neurobiological account of Freudian ideas",Robin Carhart‐Harris; Karl Friston,2010,Brain : a journal of neurology,"Journal Article | Research Support, Non-U.S. Gov't | Review",,2010-02-28,0006-8950,1460-2156,,Animals | Brain / physiology | Brain Mapping / methods | Cognition / physiology | Ego | Freudian Theory | Humans | Mental Disorders / diagnosis | Mental Disorders / physiopathology | Mental Disorders / psychology,,Wellcome Trust,088130,,,,,eng,,review,low,doi,review,evidence_synthesis,secondary_literature,uncertain,uncertain,0.8,False,secondary_summary,full_text_seen,text,C011,review,,,,,,,,,,,,"and the hallucinogenic drug state: 'The room and furniture were distorted, strange and terrifying' (LSD, Cohen, 1964).",Wellcome Trust,,,"Projected from extraction_v1 coverage_mentions; coverage_type=discusses; relationship is discussed in secondary literature, not treated as primary evidence"
compound_disorder,LSD,disturbance to the sense-of-self,disturbance to the sense-of-self,therapeutic_indication,,disturbance to the sense-of-self,indication,True,,secondary literature coverage,,unclear,,,,unknown,10.1093/brain/awq010,,"The default-mode, ego-functions and free-energy: a neurobiological account of Freudian ideas",Robin Carhart‐Harris; Karl Friston,2010,Brain : a journal of neurology,"Journal Article | Research Support, Non-U.S. Gov't | Review",,2010-02-28,0006-8950,1460-2156,,Animals | Brain / physiology | Brain Mapping / methods | Cognition / physiology | Ego | Freudian Theory | Humans | Mental Disorders / diagnosis | Mental Disorders / physiopathology | Mental Disorders / psychology,,Wellcome Trust,088130,,,,,eng,,review,low,doi,review,evidence_synthesis,secondary_literature,uncertain,uncertain,0.8,False,secondary_summary,full_text_seen,text,C011,review,,,,,,,,,,,,"and the hallucinogenic drug state: 'I felt the relaxing of the self boundaries' (LSD, Cohen, 1964).",Wellcome Trust,,,"Projected from extraction_v1 coverage_mentions; coverage_type=discusses; relationship is discussed in secondary literature, not treated as primary evidence"
compound_disorder,ketamine,temperature and sleep dysregulation disorder (TSDD),temperature and sleep dysregulation disorder (TSDD),therapeutic_indication,,temperature and sleep dysregulation disorder (TSDD),indication,True,,secondary literature coverage,,unclear,,,,unknown,10.1111/acps.13817,,Treatment of Early-Onset Specified and Unspecified Bipolar Disorders: A Systematic Review and Strategies for Identifying and Managing a Thermally Dysregulated Subtype in Children.,Papolos DF; Teicher MH; Post RM,2025,Acta psychiatrica Scandinavica,Journal Article | Systematic Review,,2025-05-13,0001-690X,1600-0447,,Humans | Bipolar Disorder / therapy | Bipolar Disorder / diagnosis | Bipolar Disorder / classification | Bipolar Disorder / drug therapy | Child,bipolar disorder | fear of harm | ketamine | sleep | temperature dysregulation | treatment‐resistant,,,,,,,eng,,systematic_review,low,doi,systematic_review,evidence_synthesis,secondary_literature,uncertain,uncertain,0.9,False,secondary_summary,full_text_seen,abstract,Abstract,Systematic Review,,,,,,,,,,,,"Case series indicate promising treatment outcomes for TSDD with high-dose lithium, clonidine, ketamine, and other cooling measures.",,,,"Projected from extraction_v1 coverage_mentions; coverage_type=discusses; relationship is discussed in secondary literature, not treated as primary evidence"
compound_disorder,esketamine,refractory depression,refractory depression,therapeutic_indication,,refractory depression,indication,True,,secondary literature coverage,,unclear,,,,unknown,10.1111/acps.13817,,Treatment of Early-Onset Specified and Unspecified Bipolar Disorders: A Systematic Review and Strategies for Identifying and Managing a Thermally Dysregulated Subtype in Children.,Papolos DF; Teicher MH; Post RM,2025,Acta psychiatrica Scandinavica,Journal Article | Systematic Review,,2025-05-13,0001-690X,1600-0447,,Humans | Bipolar Disorder / therapy | Bipolar Disorder / diagnosis | Bipolar Disorder / classification | Bipolar Disorder / drug therapy | Child,bipolar disorder | fear of harm | ketamine | sleep | temperature dysregulation | treatment‐resistant,,,,,,,eng,,systematic_review,low,doi,systematic_review,evidence_synthesis,secondary_literature,uncertain,uncertain,0.8,False,secondary_summary,full_text_seen,text,C022,Systematic Review,,,,,,,,,,,,It did not have a clinical indication in psychiatry until March 2019 with the FDA approval of intranasal Spravato [(S)-ketamine] for refractory depression (2019) [101] .,,,,"Projected from extraction_v1 coverage_mentions; coverage_type=mentions; relationship is discussed in secondary literature, not treated as primary evidence"
compound_disorder,MDMA,MDMA,MDMA,therapeutic_indication,,MDMA,indication,True,,secondary literature coverage,,unclear,,,,unknown,10.1177/20420986261436104,,Psychedelic exposure in pregnancy: a scoping review to inform perinatal drug safety and clinical counseling,Ovie Martin Albert; Alexander Arthur,2026,Therapeutic Advances in Drug Safety,journal-article,,2026-03-01,2042-0986,2042-0994,SAGE Publications,,"3,4-methylenedioxymethamphetamine | congenital anomalies | hallucinogens | lysergic acid diethylamide | pregnancy | prenatal exposure",,,,,,,eng,,scoping_review,low,doi,scoping_review,evidence_synthesis,secondary_literature,uncertain,uncertain,1.0,False,secondary_summary,full_text_seen,abstract,Abstract,scoping review,,,,,,,,,,,,"To map and synthesize the extent, characteristics, and limitations of primary human evidence on prenatal exposure to MDMA, psilocybin, and classic hallucinogens (lysergic acid diethylamide (LSD), mescaline/peyote, and N,N -dimethyltryptamine (DMT)/ayahuasca), and to identify clinically relevant evidence gaps for perinatal counseling and pharmacovigilance.",,,,"Projected from extraction_v1 coverage_mentions; coverage_type=reviews; relationship is discussed in secondary literature, not treated as primary evidence"
compound_disorder,LSD,LSD,LSD,therapeutic_indication,,LSD,indication,True,,secondary literature coverage,,unclear,,,,unknown,10.1177/20420986261436104,,Psychedelic exposure in pregnancy: a scoping review to inform perinatal drug safety and clinical counseling,Ovie Martin Albert; Alexander Arthur,2026,Therapeutic Advances in Drug Safety,journal-article,,2026-03-01,2042-0986,2042-0994,SAGE Publications,,"3,4-methylenedioxymethamphetamine | congenital anomalies | hallucinogens | lysergic acid diethylamide | pregnancy | prenatal exposure",,,,,,,eng,,scoping_review,low,doi,scoping_review,evidence_synthesis,secondary_literature,uncertain,uncertain,1.0,False,secondary_summary,full_text_seen,abstract,Abstract,scoping review,,,,,,,,,,,,"To map and synthesize the extent, characteristics, and limitations of primary human evidence on prenatal exposure to MDMA, psilocybin, and classic hallucinogens (lysergic acid diethylamide (LSD), mescaline/peyote, and N,N -dimethyltryptamine (DMT)/ayahuasca), and to identify clinically relevant evidence gaps for perinatal counseling and pharmacovigilance.",,,,"Projected from extraction_v1 coverage_mentions; coverage_type=reviews; relationship is discussed in secondary literature, not treated as primary evidence"
compound_disorder,mescaline,mescaline/peyote,mescaline/peyote,therapeutic_indication,,mescaline/peyote,indication,True,,secondary literature coverage,,unclear,,,,unknown,10.1177/20420986261436104,,Psychedelic exposure in pregnancy: a scoping review to inform perinatal drug safety and clinical counseling,Ovie Martin Albert; Alexander Arthur,2026,Therapeutic Advances in Drug Safety,journal-article,,2026-03-01,2042-0986,2042-0994,SAGE Publications,,"3,4-methylenedioxymethamphetamine | congenital anomalies | hallucinogens | lysergic acid diethylamide | pregnancy | prenatal exposure",,,,,,,eng,,scoping_review,low,doi,scoping_review,evidence_synthesis,secondary_literature,uncertain,uncertain,1.0,False,secondary_summary,full_text_seen,abstract,Abstract,scoping review,,,,,,,,,,,,"To map and synthesize the extent, characteristics, and limitations of primary human evidence on prenatal exposure to MDMA, psilocybin, and classic hallucinogens (lysergic acid diethylamide (LSD), mescaline/peyote, and N,N -dimethyltryptamine (DMT)/ayahuasca), and to identify clinically relevant evidence gaps for perinatal counseling and pharmacovigilance.",,,,"Projected from extraction_v1 coverage_mentions; coverage_type=reviews; relationship is discussed in secondary literature, not treated as primary evidence"
compound_disorder,psilocybin,psilocybin,psilocybin,therapeutic_indication,,psilocybin,indication,True,,secondary literature coverage,,unclear,,,,unknown,10.1177/20420986261436104,,Psychedelic exposure in pregnancy: a scoping review to inform perinatal drug safety and clinical counseling,Ovie Martin Albert; Alexander Arthur,2026,Therapeutic Advances in Drug Safety,journal-article,,2026-03-01,2042-0986,2042-0994,SAGE Publications,,"3,4-methylenedioxymethamphetamine | congenital anomalies | hallucinogens | lysergic acid diethylamide | pregnancy | prenatal exposure",,,,,,,eng,,scoping_review,low,doi,scoping_review,evidence_synthesis,secondary_literature,uncertain,uncertain,1.0,False,secondary_summary,full_text_seen,abstract,Abstract,scoping review,,,,,,,,,,,,No eligible primary human pregnancy outcome studies were identified for psilocybin or DMT/ayahuasca.,,,,"Projected from extraction_v1 coverage_mentions; coverage_type=mentions; relationship is discussed in secondary literature, not treated as primary evidence"
compound_disorder,DMT,DMT/ayahuasca,DMT/ayahuasca,therapeutic_indication,,DMT/ayahuasca,indication,True,,secondary literature coverage,,unclear,,,,unknown,10.1177/20420986261436104,,Psychedelic exposure in pregnancy: a scoping review to inform perinatal drug safety and clinical counseling,Ovie Martin Albert; Alexander Arthur,2026,Therapeutic Advances in Drug Safety,journal-article,,2026-03-01,2042-0986,2042-0994,SAGE Publications,,"3,4-methylenedioxymethamphetamine | congenital anomalies | hallucinogens | lysergic acid diethylamide | pregnancy | prenatal exposure",,,,,,,eng,,scoping_review,low,doi,scoping_review,evidence_synthesis,secondary_literature,uncertain,uncertain,1.0,False,secondary_summary,full_text_seen,abstract,Abstract,scoping review,,,,,,,,,,,,No eligible primary human pregnancy outcome studies were identified for psilocybin or DMT/ayahuasca.,,,,"Projected from extraction_v1 coverage_mentions; coverage_type=mentions; relationship is discussed in secondary literature, not treated as primary evidence"
compound_disorder,Cannabis,false recognition of critical lures,false recognition of critical lures,therapeutic_indication,,false recognition of critical lures,indication,True,,secondary literature coverage,,unclear,,,,unknown,10.3389/fpsyg.2023.1176564,,Substance abuse and susceptibility to false memory formation: a systematic review and meta-analysis,Tânia Caetano; Maria Salomé Pinho; Eduardo Ramadas; Jessica Lopes; Timóteo Areosa; Daniela Ferreira; Maria dos Anjos Dixe,2023,Frontiers in Psychology,journal-article,CRD42021266503,2023-05-05,1664-1078,,Frontiers Media SA,,confabulation | false memory | false recall | false recognition | meta-analysis | substance abuse | systematic review,,,,,,,eng,,meta_analysis,low,doi,meta_analysis,evidence_synthesis,secondary_literature,uncertain,uncertain,1.0,False,secondary_summary,full_text_seen,text,C026,systematic review and meta-analysis,,,,,,,,,,,,"With regard to false recognition of critical lures, the analysis indicated that there were no significant differences between individuals with a history of substance abuse (in this case, cannabis) and individuals without a history of substance abuse (SMD = 0.26; Z = 0.56; p = 0.57).",,,The Cochrane Risk of Bias Tool for randomized controlled trials (RCT) and the Joanna Briggs Institute (JBI) critical appraisal checklists for quasi-experimental and analytic cross-sectional studies were used to assess the risk of bias. Methodological issues in RCTs were not detailed or incomplete. Most quasi-experimental studies did not include follow-up or measure outcomes pre/post intervention. Observational studies had common sources of bias related to poor identification of confounding factors.,"Projected from extraction_v1 coverage_mentions; coverage_type=meta_analyzes; relationship is discussed in secondary literature, not treated as primary evidence"
compound_disorder,Cannabis,false recognition of unrelated items,false recognition of unrelated items,therapeutic_indication,,false recognition of unrelated items,indication,True,,secondary literature coverage,,unclear,,,,unknown,10.3389/fpsyg.2023.1176564,,Substance abuse and susceptibility to false memory formation: a systematic review and meta-analysis,Tânia Caetano; Maria Salomé Pinho; Eduardo Ramadas; Jessica Lopes; Timóteo Areosa; Daniela Ferreira; Maria dos Anjos Dixe,2023,Frontiers in Psychology,journal-article,CRD42021266503,2023-05-05,1664-1078,,Frontiers Media SA,,confabulation | false memory | false recall | false recognition | meta-analysis | substance abuse | systematic review,,,,,,,eng,,meta_analysis,low,doi,meta_analysis,evidence_synthesis,secondary_literature,uncertain,uncertain,0.9,False,secondary_summary,full_text_seen,text,C026,systematic review and meta-analysis,,,,,,,,,,,,"Concerning false recognition of unrelated items, the analysis indicated that individuals with a history of substance abuse presented significantly higher rates than individuals without a history of substance abuse when measured both by the DRM paradigm (SMD = 0.59; Z = 2.94; p = 0.003) and by a list discrimination task (SMD = 1.10; Z = 3.18; p = 0.001).",,,The Cochrane Risk of Bias Tool for randomized controlled trials (RCT) and the Joanna Briggs Institute (JBI) critical appraisal checklists for quasi-experimental and analytic cross-sectional studies were used to assess the risk of bias. Methodological issues in RCTs were not detailed or incomplete. Most quasi-experimental studies did not include follow-up or measure outcomes pre/post intervention. Observational studies had common sources of bias related to poor identification of confounding factors.,"Projected from extraction_v1 coverage_mentions; coverage_type=meta_analyzes; relationship is discussed in secondary literature, not treated as primary evidence"
compound_disorder,Ecstasy,intrusion errors,intrusion errors,therapeutic_indication,,intrusion errors,indication,True,,secondary literature coverage,,unclear,,,,unknown,10.3389/fpsyg.2023.1176564,,Substance abuse and susceptibility to false memory formation: a systematic review and meta-analysis,Tânia Caetano; Maria Salomé Pinho; Eduardo Ramadas; Jessica Lopes; Timóteo Areosa; Daniela Ferreira; Maria dos Anjos Dixe,2023,Frontiers in Psychology,journal-article,CRD42021266503,2023-05-05,1664-1078,,Frontiers Media SA,,confabulation | false memory | false recall | false recognition | meta-analysis | substance abuse | systematic review,,,,,,,eng,,meta_analysis,low,doi,meta_analysis,evidence_synthesis,secondary_literature,uncertain,uncertain,0.9,False,secondary_summary,full_text_seen,text,C023,systematic review and meta-analysis,,,,,,,,,,,,"From the four studies that looked into this population (Fox et al., 2001; Schilt et al., 2008; Gallagher et al., 2012; Fisk et al., 2014) , 3 (75%) it was found that ecstasy users showed significantly higher rates of intrusions than non-ecstasy users",,,The Cochrane Risk of Bias Tool for randomized controlled trials (RCT) and the Joanna Briggs Institute (JBI) critical appraisal checklists for quasi-experimental and analytic cross-sectional studies were used to assess the risk of bias. Methodological issues in RCTs were not detailed or incomplete. Most quasi-experimental studies did not include follow-up or measure outcomes pre/post intervention. Observational studies had common sources of bias related to poor identification of confounding factors.,"Projected from extraction_v1 coverage_mentions; coverage_type=reviews; relationship is discussed in secondary literature, not treated as primary evidence"
compound_disorder,Cocaine,false alarm rate in recognition memory test,false alarm rate in recognition memory test,therapeutic_indication,,false alarm rate in recognition memory test,indication,True,,secondary literature coverage,,unclear,,,,unknown,10.3389/fpsyg.2023.1176564,,Substance abuse and susceptibility to false memory formation: a systematic review and meta-analysis,Tânia Caetano; Maria Salomé Pinho; Eduardo Ramadas; Jessica Lopes; Timóteo Areosa; Daniela Ferreira; Maria dos Anjos Dixe,2023,Frontiers in Psychology,journal-article,CRD42021266503,2023-05-05,1664-1078,,Frontiers Media SA,,confabulation | false memory | false recall | false recognition | meta-analysis | substance abuse | systematic review,,,,,,,eng,,meta_analysis,low,doi,meta_analysis,evidence_synthesis,secondary_literature,uncertain,uncertain,0.9,False,secondary_summary,full_text_seen,text,C024,systematic review and meta-analysis,,,,,,,,,,,,"The only study (Henry et al., 2012) that sought to compare the cognitive performance of methadone maintenance patients with and without cocaine dependence, found that patients with cocaine dependence showed a significantly higher false alarm rate in a recognition memory test.",,,The Cochrane Risk of Bias Tool for randomized controlled trials (RCT) and the Joanna Briggs Institute (JBI) critical appraisal checklists for quasi-experimental and analytic cross-sectional studies were used to assess the risk of bias. Methodological issues in RCTs were not detailed or incomplete. Most quasi-experimental studies did not include follow-up or measure outcomes pre/post intervention. Observational studies had common sources of bias related to poor identification of confounding factors.,"Projected from extraction_v1 coverage_mentions; coverage_type=reviews; relationship is discussed in secondary literature, not treated as primary evidence"
compound_disorder,Ketamine,BZD-resistant alcohol withdrawal,BZD-resistant alcohol withdrawal,therapeutic_indication,,BZD-resistant alcohol withdrawal,indication,True,,secondary literature coverage,,unclear,,,,unknown,10.1002/phar.1770,,Management of Acute Alcohol Withdrawal Syndrome in Critically Ill Patients,Deepali Dixit; Jeffrey Endicott; Lisa Burry; Liz Ramos; Siu Yan Amy Yeung; Sandeep Devabhakthuni; Claire Chan; Anthony Tobia; Marilyn N. Bulloch,2016,Pharmacotherapy The Journal of Human Pharmacology and Drug Therapy,journal-article,,2016-05-19,0277-0008,1875-9114,Wiley,Baclofen / therapeutic use | Benzodiazepines / therapeutic use | Critical Illness | Dexmedetomidine / therapeutic use | Ethanol / adverse effects | Humans | Length of Stay | Phenobarbital / therapeutic use | Substance Withdrawal Syndrome / drug therapy,alcohol | alcohol withdrawal syndrome | benzodiazepines | critical care | delirium tremens | intensive care | sedatives | withdrawal,,,,,,,eng,,review,low,doi,review,evidence_synthesis,secondary_literature,uncertain,uncertain,0.9,False,secondary_summary,abstract_only,abstract,abstract,secondary_literature,,,,,,,,,,,,"This review highlights the results of recent promising studies published between 2011 and 2015 evaluating adjunctive therapies for BZD-resistant alcohol withdrawal such as antiepileptics, baclofen, dexmedetomidine, ethanol, ketamine, phenobarbital, propofol, and ketamine.",,,,"Projected from extraction_v1 coverage_mentions; coverage_type=discusses; relationship is discussed in secondary literature, not treated as primary evidence"
compound_disorder,ketamine,chronic pain,chronic pain,therapeutic_indication,,chronic pain,indication,True,,secondary literature coverage,,unclear,,,,unknown,10.1016/j.anclin.2016.04.003,,Chronic Pain in Neurosurgery,Samuel Grodofsky,2016,Anesthesiology Clinics,journal-article,,2016-08-10,1932-2275,2210-3538,Elsevier BV,"Anesthesia, Conduction | Chronic Pain / therapy | Humans | Neurosurgical Procedures / adverse effects | Postoperative Pain / therapy | Perioperative Care",Adjunctive analgesics | Chronic pain | Craniotomy | Multimodal analgesia | Neurosurgery | Opioid sparing | Spinal surgery,,,,,,,eng,,review,low,doi,review,evidence_synthesis,secondary_literature,uncertain,uncertain,0.8,False,secondary_summary,abstract_only,abstract,abstract,secondary_literature,,,,,,,,,,,,"This summary covers opioid management, acetaminophen, nonsteroidal antiinflammatories, ketamine, lidocaine, dexmedetomidine, corticosteroids, gabapentin, and regional anesthesia for neurosurgery. At present, there is not enough investigation into these areas to describe best practices for treating or preventing chronic pain in neurosurgery;",,,,"Projected from extraction_v1 coverage_mentions; coverage_type=discusses; relationship is discussed in secondary literature, not treated as primary evidence"
compound_disorder,ketamine,depression,depression,therapeutic_indication,,depression,indication,True,,secondary literature coverage,,unclear,,,,unknown,10.1016/j.ejphar.2019.172732,,Off-label uses of drugs for depression,Sigrid S. Skånland; Artur Cieślar-Pobuda,2019,European Journal of Pharmacology,journal-article,,2019-10-14,0014-2999,1879-0712,Elsevier BV,Antidepressive Agents / pharmacology | Antidepressive Agents / therapeutic use | Depression / drug therapy | Humans | Off-Label Use,Antidepressants | Chronic pain | Eating disorders | Off-label | Sleep disorders | Smoking cessation,,,,,,,eng,,review,low,doi,review,evidence_synthesis,secondary_literature,uncertain,uncertain,0.9,False,secondary_summary,abstract_only,abstract,abstract,secondary_literature,,,,,,,,,,,,"Finally, a new type of antidepressant developed from the hallucinogenic ""party drug"" ketamine is briefly introduced.",,,,"Projected from extraction_v1 coverage_mentions; coverage_type=discusses; relationship is discussed in secondary literature, not treated as primary evidence"
compound_disorder,classical psychedelics,mental health conditions,mental health conditions,therapeutic_indication,,mental health conditions,indication,True,,secondary literature coverage,,unclear,,,,unknown,10.1016/j.genhosppsych.2025.07.001,,Should we skip the trip? Clinical implications of psychedelic-associated subjective effects and the potential role of non-hallucinogenic alternatives,Kush V. Bhatt; James D. Asuncion; Al Alam; Sidney Zisook; Stephen M. Stahl,2025,General Hospital Psychiatry,journal-article,,2025-07-03,0163-8343,1873-7714,Elsevier BV,Humans | Hallucinogens / pharmacology | Hallucinogens / adverse effects | Hallucinogens / therapeutic use | Mental Disorders / drug therapy,,,,,,,,eng,,review,low,doi,review,evidence_synthesis,secondary_literature,uncertain,uncertain,1.0,False,secondary_summary,abstract_only,abstract,abstract,review,,,,,,,,,,,,Increasing evidence supports the therapeutic potential of psychedelics for a range of mental health conditions,,,,"Projected from extraction_v1 coverage_mentions; coverage_type=discusses; relationship is discussed in secondary literature, not treated as primary evidence"
compound_disorder,psychedelic drugs,drug abuse,drug abuse,therapeutic_indication,,drug abuse,indication,True,,secondary literature coverage,,unclear,,,,unknown,10.1016/j.pnpbp.2020.109873,,Understanding the neurobiological effects of drug abuse: Lessons from zebrafish models,Talise E. Müller; Barbara D. Fontana; Kanandra T. Bertoncello; Francini Franscescon; Nathana J. Mezzomo; Julia Canzian; Flavia V. Stefanello; Matthew O. Parker; Robert Gerlai; Denis B. Rosemberg,2020,Progress in Neuro-Psychopharmacology and Biological Psychiatry,journal-article,,2020-01-22,0278-5846,1878-4216,Elsevier BV,"Analgesics, Opioid / adverse effects | Animals | Brain / drug effects | Brain / metabolism | Cannabinoids / adverse effects | Disease Models, Animal | Ethanol / adverse effects | Humans | Nicotine / adverse effects | Substance-Related Disorders / genetics | Substance-Related Disorders / metabolism | Substance-Related Disorders / psychology | Zebrafish / genetics | Zebrafish / metabolism",Abuse drugs | Addictive behaviors | Brain disorders | Neurobehavioral assays | Zebrafish-based models,,,,,,,eng,,review,low,doi,review,evidence_synthesis,secondary_literature,uncertain,uncertain,0.8,False,secondary_summary,abstract_only,abstract,abstract,review,,,,,,,,,,,,"In this review, we discuss how the zebrafish has been successfully used for modeling neurobehavioral phenotypes related to drug abuse and review the effects of opioids, cannabinoids, alcohol, nicotine, and psychedelic drugs on the central nervous system (CNS).",,,,"Projected from extraction_v1 coverage_mentions; coverage_type=discusses; relationship is discussed in secondary literature, not treated as primary evidence"
compound_disorder,MDMA,medicine,medicine,therapeutic_indication,,medicine,indication,True,,secondary literature coverage,,unclear,,,,unknown,10.1021/acschemneuro.8b00155,,"Dark Classics in Chemical Neuroscience: 3,4-Methylenedioxymethamphetamine",Lee E. Dunlap; Anne M. Andrews; David E. Olson,2018,ACS Chemical Neuroscience,journal-article,,2018-07-12,1948-7193,1948-7193,American Chemical Society (ACS),"Hallucinogens / chemistry | Hallucinogens / history | Hallucinogens / pharmacology | Hallucinogens / therapeutic use | History, 20th Century | History, 21st Century | Humans | N-Methyl-3,4-methylenedioxyamphetamine / chemistry | N-Methyl-3,4-methylenedioxyamphetamine / history | N-Methyl-3,4-methylenedioxyamphetamine / pharmacology | N-Methyl-3,4-methylenedioxyamphetamine / therapeutic use","3,4-methylenedioxymethamphetamine | MDMA | empathogen | entactogen | psychedelic",NIDA NIH HHS,R01 DA045550,,,,,eng,,review,low,doi,review,evidence_synthesis,secondary_literature,uncertain,uncertain,0.9,False,secondary_summary,abstract_only,abstract,abstract,secondary_literature,,,,,,,,,,,,"Here, we detail the synthesis of MDMA as well as its pharmacology, metabolism, adverse effects, and potential use in medicine.",NIDA NIH HHS,,,"Projected from extraction_v1 coverage_mentions; coverage_type=reviews; relationship is discussed in secondary literature, not treated as primary evidence"
compound_disorder,ibogaine,addiction,addiction,therapeutic_indication,,addiction,indication,True,,secondary literature coverage,,unclear,,,,unknown,10.1039/d0np00033g,,The iboga enigma: the chemistry and neuropharmacology of iboga alkaloids and related analogs,Rishab N. Iyer; David Favela; Guoliang Zhang; David E. Olson,2020,Natural Product Reports,journal-article,,2020-08-14,0265-0568,1460-4752,Royal Society of Chemistry (RSC),Alkaloids / biosynthesis | Alkaloids / chemistry | Alkaloids / isolation & purification | Alkaloids / pharmacology | Animals | Humans | Ibogaine / analogs & derivatives | Ibogaine / chemical synthesis | Ibogaine / pharmacology | Molecular Structure | Tabernaemontana / chemistry,,NIGMS NIH HHS,R01 GM128997,,,,,eng,,review,low,doi,review,evidence_synthesis,secondary_literature,uncertain,uncertain,0.9,False,secondary_summary,abstract_only,abstract,abstract,secondary_literature,,,,,,,,,,,,This family of monoterpenoid indole alkaloids includes the anti-addictive compound ibogaine,NIGMS NIH HHS,,,"Projected from extraction_v1 coverage_mentions; coverage_type=mentions; relationship is discussed in secondary literature, not treated as primary evidence"
compound_disorder,iboga alkaloids,mental illness,mental illness,therapeutic_indication,,mental illness,indication,True,,secondary literature coverage,,unclear,,,,unknown,10.1039/d0np00033g,,The iboga enigma: the chemistry and neuropharmacology of iboga alkaloids and related analogs,Rishab N. Iyer; David Favela; Guoliang Zhang; David E. Olson,2020,Natural Product Reports,journal-article,,2020-08-14,0265-0568,1460-4752,Royal Society of Chemistry (RSC),Alkaloids / biosynthesis | Alkaloids / chemistry | Alkaloids / isolation & purification | Alkaloids / pharmacology | Animals | Humans | Ibogaine / analogs & derivatives | Ibogaine / chemical synthesis | Ibogaine / pharmacology | Molecular Structure | Tabernaemontana / chemistry,,NIGMS NIH HHS,R01 GM128997,,,,,eng,,review,low,doi,review,evidence_synthesis,secondary_literature,uncertain,uncertain,0.8,False,secondary_summary,abstract_only,abstract,abstract,secondary_literature,,,,,,,,,,,,embolden new approaches for treating mental illness,NIGMS NIH HHS,,,"Projected from extraction_v1 coverage_mentions; coverage_type=discusses; relationship is discussed in secondary literature, not treated as primary evidence"
compound_disorder,psilocybin,clinical medicine,clinical medicine,therapeutic_indication,,clinical medicine,indication,True,,secondary literature coverage,,unclear,,,,unknown,10.1071/ch23010,,"A review of psilocybin: chemistry, clinical uses and future research directions",Eliza Milliken; Peter Galettis; Jenny Martin,2023,Australian Journal of Chemistry,journal-article,,2023-05-17,0004-9425,1445-0038,CSIRO Publishing,,,,,,,,,en,,review,low,doi,review,evidence_synthesis,secondary_literature,uncertain,uncertain,0.9,False,secondary_summary,abstract_only,abstract,abstract,secondary_literature,,,,,,,,,,,,"This review addresses the current evidence base for psilocybin as a clinical medicine, the general chemistry and proposed mechanism of its therapeutic effect and future research directions for psilocybin based therapies.",,,,"Projected from extraction_v1 coverage_mentions; coverage_type=reviews; relationship is discussed in secondary literature, not treated as primary evidence"
compound_disorder,psychedelic drugs,psychiatric disorders,psychiatric disorders,therapeutic_indication,,psychiatric disorders,indication,True,,secondary literature coverage,,unclear,,,,unknown,10.1111/bph.70138,,Are we hallucinating or can psychedelic drugs modulate the immune system to control inflammation?,Omar Qureshi; Jamie Cowley; Ashley Pegg; Alison J. Cooper; John Gordon; Catherine A. Brady; Antonio Belli; Sam Butterworth; Rachel Upthegrove; Nick Andrews,2025,British Journal of Pharmacology,journal-article,,2025-07-28,0007-1188,1476-5381,Wiley,,5‐HT2A receptor | immune system | inflammation | neuroinflammation | psychedelic drugs,Celentyx Ltd | MRC (UK) | NIHR Oxford Biomedical Research Centre,MR/R006008/1,,,,,eng,,review,low,doi,review,evidence_synthesis,secondary_literature,uncertain,uncertain,0.9,False,secondary_summary,abstract_only,abstract,abstract,secondary_literature,,,,,,,,,,,,Interest in psychedelics for treating psychiatric disorders has resurged recently and is well documented,Celentyx Ltd | MRC (UK) | NIHR Oxford Biomedical Research Centre,,,"Projected from extraction_v1 coverage_mentions; coverage_type=discusses; relationship is discussed in secondary literature, not treated as primary evidence"
compound_disorder,psychedelic drugs,inflammation,inflammation,therapeutic_indication,,inflammation,indication,True,,secondary literature coverage,,unclear,,,,unknown,10.1111/bph.70138,,Are we hallucinating or can psychedelic drugs modulate the immune system to control inflammation?,Omar Qureshi; Jamie Cowley; Ashley Pegg; Alison J. Cooper; John Gordon; Catherine A. Brady; Antonio Belli; Sam Butterworth; Rachel Upthegrove; Nick Andrews,2025,British Journal of Pharmacology,journal-article,,2025-07-28,0007-1188,1476-5381,Wiley,,5‐HT2A receptor | immune system | inflammation | neuroinflammation | psychedelic drugs,Celentyx Ltd | MRC (UK) | NIHR Oxford Biomedical Research Centre,MR/R006008/1,,,,,eng,,review,low,doi,review,evidence_synthesis,secondary_literature,uncertain,uncertain,0.9,False,secondary_summary,abstract_only,abstract,abstract,secondary_literature,,,,,,,,,,,,"less well recognised are their anti-inflammatory properties. Growing evidence now demonstrates that psychedelics modulate immune responses, including inhibiting pro-inflammatory cytokine release.",Celentyx Ltd | MRC (UK) | NIHR Oxford Biomedical Research Centre,,,"Projected from extraction_v1 coverage_mentions; coverage_type=discusses; relationship is discussed in secondary literature, not treated as primary evidence"
compound_disorder,(R)-DOI,inflammation,inflammation,therapeutic_indication,,inflammation,indication,True,,secondary literature coverage,,unclear,,,,unknown,10.1111/bph.70138,,Are we hallucinating or can psychedelic drugs modulate the immune system to control inflammation?,Omar Qureshi; Jamie Cowley; Ashley Pegg; Alison J. Cooper; John Gordon; Catherine A. Brady; Antonio Belli; Sam Butterworth; Rachel Upthegrove; Nick Andrews,2025,British Journal of Pharmacology,journal-article,,2025-07-28,0007-1188,1476-5381,Wiley,,5‐HT2A receptor | immune system | inflammation | neuroinflammation | psychedelic drugs,Celentyx Ltd | MRC (UK) | NIHR Oxford Biomedical Research Centre,MR/R006008/1,,,,,eng,,review,low,doi,review,evidence_synthesis,secondary_literature,uncertain,uncertain,0.9,False,secondary_summary,abstract_only,abstract,abstract,secondary_literature,,,,,,,,,,,,"in vivo studies demonstrate that psychedelics, like (R)-DOI, reduce inflammation in animal models of acute and chronic inflammatory disease such as asthma.",Celentyx Ltd | MRC (UK) | NIHR Oxford Biomedical Research Centre,,,"Projected from extraction_v1 coverage_mentions; coverage_type=reviews; relationship is discussed in secondary literature, not treated as primary evidence"
compound_disorder,psilocybin,circulating cytokine levels,circulating cytokine levels,therapeutic_indication,,circulating cytokine levels,indication,True,,secondary literature coverage,,unclear,,,,unknown,10.1111/bph.70138,,Are we hallucinating or can psychedelic drugs modulate the immune system to control inflammation?,Omar Qureshi; Jamie Cowley; Ashley Pegg; Alison J. Cooper; John Gordon; Catherine A. Brady; Antonio Belli; Sam Butterworth; Rachel Upthegrove; Nick Andrews,2025,British Journal of Pharmacology,journal-article,,2025-07-28,0007-1188,1476-5381,Wiley,,5‐HT2A receptor | immune system | inflammation | neuroinflammation | psychedelic drugs,Celentyx Ltd | MRC (UK) | NIHR Oxford Biomedical Research Centre,MR/R006008/1,,,,,eng,,review,low,doi,review,evidence_synthesis,secondary_literature,uncertain,uncertain,0.8,False,secondary_summary,abstract_only,abstract,abstract,secondary_literature,,,,,,,,,,,,some clinical studies with psychedelic drugs (e.g. psilocybin) demonstrate an impact upon circulating cytokine levels,Celentyx Ltd | MRC (UK) | NIHR Oxford Biomedical Research Centre,,,"Projected from extraction_v1 coverage_mentions; coverage_type=reviews; relationship is discussed in secondary literature, not treated as primary evidence"
compound_disorder,PIPI drugs,mental health,mental health,therapeutic_indication,,mental health,indication,True,,secondary literature coverage,,unclear,,,,unknown,10.1111/bph.70138,,Are we hallucinating or can psychedelic drugs modulate the immune system to control inflammation?,Omar Qureshi; Jamie Cowley; Ashley Pegg; Alison J. Cooper; John Gordon; Catherine A. Brady; Antonio Belli; Sam Butterworth; Rachel Upthegrove; Nick Andrews,2025,British Journal of Pharmacology,journal-article,,2025-07-28,0007-1188,1476-5381,Wiley,,5‐HT2A receptor | immune system | inflammation | neuroinflammation | psychedelic drugs,Celentyx Ltd | MRC (UK) | NIHR Oxford Biomedical Research Centre,MR/R006008/1,,,,,eng,,review,low,doi,review,evidence_synthesis,secondary_literature,uncertain,uncertain,0.9,False,secondary_summary,abstract_only,abstract,abstract,secondary_literature,,,,,,,,,,,,"These discoveries suggest that drugs informed by psychedelic drugs, but which do not evoke psychedelic experiences, which we term PIPI drugs (Psychedelic drug Informed but Psychedelic experience Inactive), could offer effective treatments for mental health and inflammation",Celentyx Ltd | MRC (UK) | NIHR Oxford Biomedical Research Centre,,,"Projected from extraction_v1 coverage_mentions; coverage_type=discusses; relationship is discussed in secondary literature, not treated as primary evidence"
compound_disorder,PIPI drugs,inflammation,inflammation,therapeutic_indication,,inflammation,indication,True,,secondary literature coverage,,unclear,,,,unknown,10.1111/bph.70138,,Are we hallucinating or can psychedelic drugs modulate the immune system to control inflammation?,Omar Qureshi; Jamie Cowley; Ashley Pegg; Alison J. Cooper; John Gordon; Catherine A. Brady; Antonio Belli; Sam Butterworth; Rachel Upthegrove; Nick Andrews,2025,British Journal of Pharmacology,journal-article,,2025-07-28,0007-1188,1476-5381,Wiley,,5‐HT2A receptor | immune system | inflammation | neuroinflammation | psychedelic drugs,Celentyx Ltd | MRC (UK) | NIHR Oxford Biomedical Research Centre,MR/R006008/1,,,,,eng,,review,low,doi,review,evidence_synthesis,secondary_literature,uncertain,uncertain,0.9,False,secondary_summary,abstract_only,abstract,abstract,secondary_literature,,,,,,,,,,,,"These discoveries suggest that drugs informed by psychedelic drugs, but which do not evoke psychedelic experiences, which we term PIPI drugs (Psychedelic drug Informed but Psychedelic experience Inactive), could offer effective treatments for mental health and inflammation",Celentyx Ltd | MRC (UK) | NIHR Oxford Biomedical Research Centre,,,"Projected from extraction_v1 coverage_mentions; coverage_type=discusses; relationship is discussed in secondary literature, not treated as primary evidence"
compound_disorder,esketamine,Treatment-resistant depression,Treatment-resistant depression,therapeutic_indication,,Treatment-resistant depression,indication,True,,secondary literature coverage,,unclear,,,,unknown,10.1111/ppc.12596,,Treatment‐resistant depression: An overview for psychiatric advanced practice nurses,Brayden N. Kameg; Kirstyn M. Kameg,2020,Perspectives In Psychiatric Care,journal-article,,2020-08-10,0031-5990,1744-6163,Wiley,"Antidepressive Agents / therapeutic use | Depression | Depressive Disorder, Treatment-Resistant / drug therapy | Humans",esketamine | neuromodulation | treatment-resistant depression,,,,,,,eng,,review,low,doi,review,evidence_synthesis,secondary_literature,uncertain,uncertain,0.9,False,secondary_summary,abstract_only,abstract,abstract,secondary_literature,,,,,,,,,,,,"CONCLUSIONS: Recent neurobiological findings support the use of augmenting pharmacological agents, neuromodulation techniques, and esketamine as effective in achieving remission for those with TRD.",,,,"Projected from extraction_v1 coverage_mentions; coverage_type=discusses; relationship is discussed in secondary literature, not treated as primary evidence"
compound_disorder,psychedelic compounds,psychiatric symptoms,psychiatric symptoms,therapeutic_indication,,psychiatric symptoms,indication,True,,secondary literature coverage,,unclear,,,,unknown,10.1124/pharmrev.120.000056,,"Psychedelics in Psychiatry: Neuroplastic, Immunomodulatory, and Neurotransmitter Mechanisms",Antonio Inserra; Danilo De Gregorio; Gabriella Gobbi,2020,Pharmacological Reviews,journal-article,,2020-12-16,0031-6997,1521-0081,Elsevier BV,Hallucinogens / pharmacology | Humans | Hypothalamo-Hypophyseal System | Immunomodulation | Neuronal Plasticity | Neurotransmitter Agents | Pituitary-Adrenal System | Psychiatry | United States,,CIHR,436986,,,,,eng,,review,low,doi,review,evidence_synthesis,secondary_literature,uncertain,uncertain,0.9,False,secondary_summary,abstract_only,abstract,abstract,secondary_literature,,,,,,,,,,,,Mounting evidence suggests safety and efficacy of psychedelic compounds as potential novel therapeutics in psychiatry.,,,,"Projected from extraction_v1 coverage_mentions; coverage_type=discusses; relationship is discussed in secondary literature, not treated as primary evidence"
compound_disorder,Ketamine,depression,depression,therapeutic_indication,,depression,indication,True,,secondary literature coverage,,unclear,,,,unknown,10.1124/pharmrev.120.000056,,"Psychedelics in Psychiatry: Neuroplastic, Immunomodulatory, and Neurotransmitter Mechanisms",Antonio Inserra; Danilo De Gregorio; Gabriella Gobbi,2020,Pharmacological Reviews,journal-article,,2020-12-16,0031-6997,1521-0081,Elsevier BV,Hallucinogens / pharmacology | Humans | Hypothalamo-Hypophyseal System | Immunomodulation | Neuronal Plasticity | Neurotransmitter Agents | Pituitary-Adrenal System | Psychiatry | United States,,CIHR,436986,,,,,eng,,review,low,doi,review,evidence_synthesis,secondary_literature,uncertain,uncertain,1.0,False,secondary_summary,abstract_only,abstract,abstract,secondary_literature,,,,,,,,,,,,Ketamine has been approved by the Food and Drug Administration in a new class of antidepressants,,,,"Projected from extraction_v1 coverage_mentions; coverage_type=mentions; relationship is discussed in secondary literature, not treated as primary evidence"
compound_disorder,MDMA,post-traumatic stress disorder,post-traumatic stress disorder,therapeutic_indication,,post-traumatic stress disorder,indication,True,,secondary literature coverage,,unclear,,,,unknown,10.1124/pharmrev.120.000056,,"Psychedelics in Psychiatry: Neuroplastic, Immunomodulatory, and Neurotransmitter Mechanisms",Antonio Inserra; Danilo De Gregorio; Gabriella Gobbi,2020,Pharmacological Reviews,journal-article,,2020-12-16,0031-6997,1521-0081,Elsevier BV,Hallucinogens / pharmacology | Humans | Hypothalamo-Hypophyseal System | Immunomodulation | Neuronal Plasticity | Neurotransmitter Agents | Pituitary-Adrenal System | Psychiatry | United States,,CIHR,436986,,,,,eng,,review,low,doi,review,evidence_synthesis,secondary_literature,uncertain,uncertain,1.0,False,secondary_summary,abstract_only,abstract,abstract,secondary_literature,,,,,,,,,,,,"3,4-methylenedioxymethamphetamine (MDMA) is undergoing phase III clinical trials for post-traumatic stress disorder.",,,,"Projected from extraction_v1 coverage_mentions; coverage_type=mentions; relationship is discussed in secondary literature, not treated as primary evidence"
compound_disorder,Psilocybin,psychiatric symptoms,psychiatric symptoms,therapeutic_indication,,psychiatric symptoms,indication,True,,secondary literature coverage,,unclear,,,,unknown,10.1124/pharmrev.120.000056,,"Psychedelics in Psychiatry: Neuroplastic, Immunomodulatory, and Neurotransmitter Mechanisms",Antonio Inserra; Danilo De Gregorio; Gabriella Gobbi,2020,Pharmacological Reviews,journal-article,,2020-12-16,0031-6997,1521-0081,Elsevier BV,Hallucinogens / pharmacology | Humans | Hypothalamo-Hypophyseal System | Immunomodulation | Neuronal Plasticity | Neurotransmitter Agents | Pituitary-Adrenal System | Psychiatry | United States,,CIHR,436986,,,,,eng,,review,low,doi,review,evidence_synthesis,secondary_literature,uncertain,uncertain,0.9,False,secondary_summary,abstract_only,abstract,abstract,secondary_literature,,,,,,,,,,,,Psilocybin and lysergic acid diethylamide (LSD) are being investigated in several phase II and phase I clinical trials.,,,,"Projected from extraction_v1 coverage_mentions; coverage_type=mentions; relationship is discussed in secondary literature, not treated as primary evidence"
compound_disorder,LSD,psychiatric symptoms,psychiatric symptoms,therapeutic_indication,,psychiatric symptoms,indication,True,,secondary literature coverage,,unclear,,,,unknown,10.1124/pharmrev.120.000056,,"Psychedelics in Psychiatry: Neuroplastic, Immunomodulatory, and Neurotransmitter Mechanisms",Antonio Inserra; Danilo De Gregorio; Gabriella Gobbi,2020,Pharmacological Reviews,journal-article,,2020-12-16,0031-6997,1521-0081,Elsevier BV,Hallucinogens / pharmacology | Humans | Hypothalamo-Hypophyseal System | Immunomodulation | Neuronal Plasticity | Neurotransmitter Agents | Pituitary-Adrenal System | Psychiatry | United States,,CIHR,436986,,,,,eng,,review,low,doi,review,evidence_synthesis,secondary_literature,uncertain,uncertain,0.9,False,secondary_summary,abstract_only,abstract,abstract,secondary_literature,,,,,,,,,,,,Psilocybin and lysergic acid diethylamide (LSD) are being investigated in several phase II and phase I clinical trials.,,,,"Projected from extraction_v1 coverage_mentions; coverage_type=mentions; relationship is discussed in secondary literature, not treated as primary evidence"
compound_disorder,Marijuana,substance abuse,substance abuse,therapeutic_indication,,substance abuse,indication,True,,secondary literature coverage,,unclear,,,,unknown,10.1542/pir.30-3-83,,Drug Abuse by Adolescents: General Considerations,Ximena Sanchez-Samper; John R. Knight,2009,Pediatrics in Review,article,,2009-03-01,0191-9601,1526-3347,American Academy of Pediatrics,"Adolescent | Psychology, Adolescent | Alcohol Drinking / epidemiology | Alcohol Drinking / prevention & control | Mental Disorders / epidemiology | Mental Disorders / rehabilitation | Child | Psychology, Child | Counseling | Humans | Mental Health | Parent-Child Relations | Risk Factors | Disease Progression | Substance-Related Disorders / epidemiology | Substance-Related Disorders / physiopathology | Substance-Related Disorders / prevention & control | Substance-Related Disorders / rehabilitation | Young Adult",Drug | Medicine | Substance abuse | Psychiatry,,,,ErratumIn Pediatr Rev. 2009 Sep;30(9):369,,true,en,,review,low,doi,review,evidence_synthesis,secondary_literature,uncertain,uncertain,1.0,False,secondary_summary,abstract_only,abstract,abstract,secondary_literature,,,,,,,,,,,,"Marijuana, on the other hand, continues to be the most common illicit drug of abuse, with an annual prevalence of 12% in 8th graders, 25% in 10th graders, and 32% in high school seniors.",,,,"Projected from extraction_v1 coverage_mentions; coverage_type=discusses; relationship is discussed in secondary literature, not treated as primary evidence"
compound_disorder,opioids,substance dependence,substance dependence,therapeutic_indication,,substance dependence,indication,True,,secondary literature coverage,,unclear,,,,unknown,10.1542/pir.30-3-83,,Drug Abuse by Adolescents: General Considerations,Ximena Sanchez-Samper; John R. Knight,2009,Pediatrics in Review,article,,2009-03-01,0191-9601,1526-3347,American Academy of Pediatrics,"Adolescent | Psychology, Adolescent | Alcohol Drinking / epidemiology | Alcohol Drinking / prevention & control | Mental Disorders / epidemiology | Mental Disorders / rehabilitation | Child | Psychology, Child | Counseling | Humans | Mental Health | Parent-Child Relations | Risk Factors | Disease Progression | Substance-Related Disorders / epidemiology | Substance-Related Disorders / physiopathology | Substance-Related Disorders / prevention & control | Substance-Related Disorders / rehabilitation | Young Adult",Drug | Medicine | Substance abuse | Psychiatry,,,,ErratumIn Pediatr Rev. 2009 Sep;30(9):369,,true,en,,review,low,doi,review,evidence_synthesis,secondary_literature,uncertain,uncertain,1.0,False,secondary_summary,abstract_only,abstract,abstract,secondary_literature,,,,,,,,,,,,"Because of the rapidly addictive nature of some prescription drugs (eg, opioids), however, teens using them may progress rapidly to dependence.",,,,"Projected from extraction_v1 coverage_mentions; coverage_type=discusses; relationship is discussed in secondary literature, not treated as primary evidence"
compound_disorder,Alcohol,substance abuse,substance abuse,therapeutic_indication,,substance abuse,indication,True,,secondary literature coverage,,unclear,,,,unknown,10.1542/pir.30-3-83,,Drug Abuse by Adolescents: General Considerations,Ximena Sanchez-Samper; John R. Knight,2009,Pediatrics in Review,article,,2009-03-01,0191-9601,1526-3347,American Academy of Pediatrics,"Adolescent | Psychology, Adolescent | Alcohol Drinking / epidemiology | Alcohol Drinking / prevention & control | Mental Disorders / epidemiology | Mental Disorders / rehabilitation | Child | Psychology, Child | Counseling | Humans | Mental Health | Parent-Child Relations | Risk Factors | Disease Progression | Substance-Related Disorders / epidemiology | Substance-Related Disorders / physiopathology | Substance-Related Disorders / prevention & control | Substance-Related Disorders / rehabilitation | Young Adult",Drug | Medicine | Substance abuse | Psychiatry,,,,ErratumIn Pediatr Rev. 2009 Sep;30(9):369,,true,en,,review,low,doi,review,evidence_synthesis,secondary_literature,uncertain,uncertain,1.0,False,secondary_summary,abstract_only,abstract,abstract,secondary_literature,,,,,,,,,,,,"Alcohol is the most commonly abused licit substance by adolescents today, despite being illegal for use in the adolescent age group. (3)(6) Approximately 30% of 12th graders, 19% of 10th graders, and 6% of 8th graders reported being intoxicated or “experiencing drunkenness” during the past 30 days.",,,,"Projected from extraction_v1 coverage_mentions; coverage_type=discusses; relationship is discussed in secondary literature, not treated as primary evidence"
compound_disorder,psilocybin,fear conditioning,fear conditioning,therapeutic_indication,,fear conditioning,indication,True,,secondary literature coverage,,unclear,,,,unknown,10.1556/2054.2025.00364,,Behavioural investigations of psilocybin in non-human animals 1962–2021: A scoping review,Ronald Shore; Kat Dobson; Nina Thomson; Nigel Barnim; Hailey Bergman; Katie Rideout; Sandra McKeown; Mary C. Olmstead; Craig Goldie; Eric Dumont,2026,Journal of Psychedelic Studies,journal-article,,2026-03-09,2559-9283,2559-9283,Akademiai Kiado Zrt.,,,,,,,,,,,scoping_review,low,doi,scoping_review,evidence_synthesis,secondary_literature,uncertain,uncertain,0.9,False,secondary_summary,abstract_only,abstract,Abstract,scoping review,,,,,,,,,,,,reductions in fear conditioning at low doses,,,,"Projected from extraction_v1 coverage_mentions; coverage_type=discusses; relationship is discussed in secondary literature, not treated as primary evidence"
compound_disorder,psilocybin,aggression,aggression,therapeutic_indication,,aggression,indication,True,,secondary literature coverage,,unclear,,,,unknown,10.1556/2054.2025.00364,,Behavioural investigations of psilocybin in non-human animals 1962–2021: A scoping review,Ronald Shore; Kat Dobson; Nina Thomson; Nigel Barnim; Hailey Bergman; Katie Rideout; Sandra McKeown; Mary C. Olmstead; Craig Goldie; Eric Dumont,2026,Journal of Psychedelic Studies,journal-article,,2026-03-09,2559-9283,2559-9283,Akademiai Kiado Zrt.,,,,,,,,,,,scoping_review,low,doi,scoping_review,evidence_synthesis,secondary_literature,uncertain,uncertain,0.9,False,secondary_summary,abstract_only,abstract,Abstract,scoping review,,,,,,,,,,,,reduced aggression,,,,"Projected from extraction_v1 coverage_mentions; coverage_type=discusses; relationship is discussed in secondary literature, not treated as primary evidence"
compound_disorder,psilocybin,acute arousal,acute arousal,therapeutic_indication,,acute arousal,indication,True,,secondary literature coverage,,unclear,,,,unknown,10.1556/2054.2025.00364,,Behavioural investigations of psilocybin in non-human animals 1962–2021: A scoping review,Ronald Shore; Kat Dobson; Nina Thomson; Nigel Barnim; Hailey Bergman; Katie Rideout; Sandra McKeown; Mary C. Olmstead; Craig Goldie; Eric Dumont,2026,Journal of Psychedelic Studies,journal-article,,2026-03-09,2559-9283,2559-9283,Akademiai Kiado Zrt.,,,,,,,,,,,scoping_review,low,doi,scoping_review,evidence_synthesis,secondary_literature,uncertain,uncertain,0.8,False,secondary_summary,abstract_only,abstract,Abstract,scoping review,,,,,,,,,,,,acute arousal,,,,"Projected from extraction_v1 coverage_mentions; coverage_type=discusses; relationship is discussed in secondary literature, not treated as primary evidence"
compound_disorder,psilocybin,sedation,sedation,therapeutic_indication,,sedation,indication,True,,secondary literature coverage,,unclear,,,,unknown,10.1556/2054.2025.00364,,Behavioural investigations of psilocybin in non-human animals 1962–2021: A scoping review,Ronald Shore; Kat Dobson; Nina Thomson; Nigel Barnim; Hailey Bergman; Katie Rideout; Sandra McKeown; Mary C. Olmstead; Craig Goldie; Eric Dumont,2026,Journal of Psychedelic Studies,journal-article,,2026-03-09,2559-9283,2559-9283,Akademiai Kiado Zrt.,,,,,,,,,,,scoping_review,low,doi,scoping_review,evidence_synthesis,secondary_literature,uncertain,uncertain,0.8,False,secondary_summary,abstract_only,abstract,Abstract,scoping review,,,,,,,,,,,,dose-dependent sedation,,,,"Projected from extraction_v1 coverage_mentions; coverage_type=discusses; relationship is discussed in secondary literature, not treated as primary evidence"
compound_disorder,psilocybin,valence,valence,therapeutic_indication,,valence,indication,True,,secondary literature coverage,,unclear,,,,unknown,10.1556/2054.2025.00364,,Behavioural investigations of psilocybin in non-human animals 1962–2021: A scoping review,Ronald Shore; Kat Dobson; Nina Thomson; Nigel Barnim; Hailey Bergman; Katie Rideout; Sandra McKeown; Mary C. Olmstead; Craig Goldie; Eric Dumont,2026,Journal of Psychedelic Studies,journal-article,,2026-03-09,2559-9283,2559-9283,Akademiai Kiado Zrt.,,,,,,,,,,,scoping_review,low,doi,scoping_review,evidence_synthesis,secondary_literature,uncertain,uncertain,0.9,False,secondary_summary,abstract_only,abstract,Abstract,scoping review,,,,,,,,,,,,improved valence,,,,"Projected from extraction_v1 coverage_mentions; coverage_type=discusses; relationship is discussed in secondary literature, not treated as primary evidence"
compound_disorder,psilocybin,working memory,working memory,therapeutic_indication,,working memory,indication,True,,secondary literature coverage,,unclear,,,,unknown,10.1556/2054.2025.00364,,Behavioural investigations of psilocybin in non-human animals 1962–2021: A scoping review,Ronald Shore; Kat Dobson; Nina Thomson; Nigel Barnim; Hailey Bergman; Katie Rideout; Sandra McKeown; Mary C. Olmstead; Craig Goldie; Eric Dumont,2026,Journal of Psychedelic Studies,journal-article,,2026-03-09,2559-9283,2559-9283,Akademiai Kiado Zrt.,,,,,,,,,,,scoping_review,low,doi,scoping_review,evidence_synthesis,secondary_literature,uncertain,uncertain,0.9,False,secondary_summary,abstract_only,abstract,Abstract,scoping review,,,,,,,,,,,,acute disruption of working memory,,,,"Projected from extraction_v1 coverage_mentions; coverage_type=discusses; relationship is discussed in secondary literature, not treated as primary evidence"
compound_disorder,psilocybin,deficits from chronic stress,deficits from chronic stress,therapeutic_indication,,deficits from chronic stress,indication,True,,secondary literature coverage,,unclear,,,,unknown,10.1556/2054.2025.00364,,Behavioural investigations of psilocybin in non-human animals 1962–2021: A scoping review,Ronald Shore; Kat Dobson; Nina Thomson; Nigel Barnim; Hailey Bergman; Katie Rideout; Sandra McKeown; Mary C. Olmstead; Craig Goldie; Eric Dumont,2026,Journal of Psychedelic Studies,journal-article,,2026-03-09,2559-9283,2559-9283,Akademiai Kiado Zrt.,,,,,,,,,,,scoping_review,low,doi,scoping_review,evidence_synthesis,secondary_literature,uncertain,uncertain,0.9,False,secondary_summary,abstract_only,abstract,Abstract,scoping review,,,,,,,,,,,,the rescuing of deficits from chronic stress,,,,"Projected from extraction_v1 coverage_mentions; coverage_type=discusses; relationship is discussed in secondary literature, not treated as primary evidence"
compound_disorder,psilocybin,learning,learning,therapeutic_indication,,learning,indication,True,,secondary literature coverage,,unclear,,,,unknown,10.1556/2054.2025.00364,,Behavioural investigations of psilocybin in non-human animals 1962–2021: A scoping review,Ronald Shore; Kat Dobson; Nina Thomson; Nigel Barnim; Hailey Bergman; Katie Rideout; Sandra McKeown; Mary C. Olmstead; Craig Goldie; Eric Dumont,2026,Journal of Psychedelic Studies,journal-article,,2026-03-09,2559-9283,2559-9283,Akademiai Kiado Zrt.,,,,,,,,,,,scoping_review,low,doi,scoping_review,evidence_synthesis,secondary_literature,uncertain,uncertain,0.9,False,secondary_summary,abstract_only,abstract,Abstract,scoping review,,,,,,,,,,,,improved learning when combined with repeated environmental exposure after resolution of drug effect,,,,"Projected from extraction_v1 coverage_mentions; coverage_type=discusses; relationship is discussed in secondary literature, not treated as primary evidence"
compound_disorder,psychedelic-assisted therapy,mental health indications,mental health indications,therapeutic_indication,,mental health indications,indication,True,,secondary literature coverage,,unclear,,,,unknown,10.22374/jmhan.v4i1.40,,Emerging Psychedelic-Assisted Therapies: Implications for Nursing Practice,Dominique Denis-Lalonde; Andrew Estefan,2020,Journal of Mental Health and Addiction Nursing,journal-article,,2020-02-19,2561-309X,2561-309X,University of Toronto Press Inc. (UTPress),,,,,,,,,en,,scoping_review,low,doi,scoping_review,evidence_synthesis,secondary_literature,uncertain,uncertain,0.9,False,secondary_summary,abstract_only,abstract,abstract,scoping review,,,,,,,,,,,,"A scoping review of the literature was undertaken with a focus on mental health, addictions, and palliative care indications.",,,,"Projected from extraction_v1 coverage_mentions; coverage_type=reviews; relationship is discussed in secondary literature, not treated as primary evidence"
compound_disorder,psychedelic-assisted therapy,addictions,addictions,therapeutic_indication,,addictions,indication,True,,secondary literature coverage,,unclear,,,,unknown,10.22374/jmhan.v4i1.40,,Emerging Psychedelic-Assisted Therapies: Implications for Nursing Practice,Dominique Denis-Lalonde; Andrew Estefan,2020,Journal of Mental Health and Addiction Nursing,journal-article,,2020-02-19,2561-309X,2561-309X,University of Toronto Press Inc. (UTPress),,,,,,,,,en,,scoping_review,low,doi,scoping_review,evidence_synthesis,secondary_literature,uncertain,uncertain,0.9,False,secondary_summary,abstract_only,abstract,abstract,scoping review,,,,,,,,,,,,"A scoping review of the literature was undertaken with a focus on mental health, addictions, and palliative care indications.",,,,"Projected from extraction_v1 coverage_mentions; coverage_type=reviews; relationship is discussed in secondary literature, not treated as primary evidence"
compound_disorder,psychedelic-assisted therapy,palliative care indications,palliative care indications,therapeutic_indication,,palliative care indications,indication,True,,secondary literature coverage,,unclear,,,,unknown,10.22374/jmhan.v4i1.40,,Emerging Psychedelic-Assisted Therapies: Implications for Nursing Practice,Dominique Denis-Lalonde; Andrew Estefan,2020,Journal of Mental Health and Addiction Nursing,journal-article,,2020-02-19,2561-309X,2561-309X,University of Toronto Press Inc. (UTPress),,,,,,,,,en,,scoping_review,low,doi,scoping_review,evidence_synthesis,secondary_literature,uncertain,uncertain,0.9,False,secondary_summary,abstract_only,abstract,abstract,scoping review,,,,,,,,,,,,"A scoping review of the literature was undertaken with a focus on mental health, addictions, and palliative care indications.",,,,"Projected from extraction_v1 coverage_mentions; coverage_type=reviews; relationship is discussed in secondary literature, not treated as primary evidence"
compound_disorder,psychedelic-assisted therapy,mental illness,mental illness,therapeutic_indication,,mental illness,indication,True,,secondary literature coverage,,unclear,,,,unknown,10.22374/jmhan.v4i1.40,,Emerging Psychedelic-Assisted Therapies: Implications for Nursing Practice,Dominique Denis-Lalonde; Andrew Estefan,2020,Journal of Mental Health and Addiction Nursing,journal-article,,2020-02-19,2561-309X,2561-309X,University of Toronto Press Inc. (UTPress),,,,,,,,,en,,scoping_review,low,doi,scoping_review,evidence_synthesis,secondary_literature,uncertain,uncertain,0.8,False,secondary_summary,abstract_only,abstract,abstract,scoping review,,,,,,,,,,,,"Psychedelic-assisted therapy research is demonstrating unprecedented rates of success in treating mental illness, addictions, and end-of-life distress.",,,,"Projected from extraction_v1 coverage_mentions; coverage_type=discusses; relationship is discussed in secondary literature, not treated as primary evidence"
compound_disorder,psychedelic-assisted therapy,addictions,addictions,therapeutic_indication,,addictions,indication,True,,secondary literature coverage,,unclear,,,,unknown,10.22374/jmhan.v4i1.40,,Emerging Psychedelic-Assisted Therapies: Implications for Nursing Practice,Dominique Denis-Lalonde; Andrew Estefan,2020,Journal of Mental Health and Addiction Nursing,journal-article,,2020-02-19,2561-309X,2561-309X,University of Toronto Press Inc. (UTPress),,,,,,,,,en,,scoping_review,low,doi,scoping_review,evidence_synthesis,secondary_literature,uncertain,uncertain,0.8,False,secondary_summary,abstract_only,abstract,abstract,scoping review,,,,,,,,,,,,"Psychedelic-assisted therapy research is demonstrating unprecedented rates of success in treating mental illness, addictions, and end-of-life distress.",,,,"Projected from extraction_v1 coverage_mentions; coverage_type=discusses; relationship is discussed in secondary literature, not treated as primary evidence"
compound_disorder,psychedelic-assisted therapy,end-of-life distress,end-of-life distress,therapeutic_indication,,end-of-life distress,indication,True,,secondary literature coverage,,unclear,,,,unknown,10.22374/jmhan.v4i1.40,,Emerging Psychedelic-Assisted Therapies: Implications for Nursing Practice,Dominique Denis-Lalonde; Andrew Estefan,2020,Journal of Mental Health and Addiction Nursing,journal-article,,2020-02-19,2561-309X,2561-309X,University of Toronto Press Inc. (UTPress),,,,,,,,,en,,scoping_review,low,doi,scoping_review,evidence_synthesis,secondary_literature,uncertain,uncertain,0.8,False,secondary_summary,abstract_only,abstract,abstract,scoping review,,,,,,,,,,,,"Psychedelic-assisted therapy research is demonstrating unprecedented rates of success in treating mental illness, addictions, and end-of-life distress.",,,,"Projected from extraction_v1 coverage_mentions; coverage_type=discusses; relationship is discussed in secondary literature, not treated as primary evidence"
compound_disorder,psilocybin,mental health disorders,mental health disorders,therapeutic_indication,,mental health disorders,indication,True,,secondary literature coverage,,unclear,,,,unknown,10.31234/osf.io/q2hzm,,Blinding and Expectancy Confounds in Psychedelic Randomised Controlled Trials,Suresh Muthukumaraswamy; Anna Forsyth; Thomas Lumley,2021,PsyArXiv (OSF Preprints),preprint,,2021-03-08,,,Center for Open Science,,Blinding | Expectancy theory | Randomized controlled trial | Psychology | Clinical trial | Extant taxon | Meta-analysis | Clinical psychology | Medicine | Social psychology | Surgery | Biology | Evolutionary biology | Pathology | Internal medicine,,,,,,,en,,review,low,doi,systematic_review,evidence_synthesis,secondary_literature,uncertain,uncertain,0.8,False,secondary_summary,abstract_only,abstract,abstract,systematic review,,,,,,,,,,,,"There is increasing interest in the potential for psychedelic drugs such as psilocybin, LSD and ketamine to treat a number of mental health disorders.",,,,"Projected from extraction_v1 coverage_mentions; coverage_type=discusses; relationship is discussed in secondary literature, not treated as primary evidence"
compound_disorder,LSD,mental health disorders,mental health disorders,therapeutic_indication,,mental health disorders,indication,True,,secondary literature coverage,,unclear,,,,unknown,10.31234/osf.io/q2hzm,,Blinding and Expectancy Confounds in Psychedelic Randomised Controlled Trials,Suresh Muthukumaraswamy; Anna Forsyth; Thomas Lumley,2021,PsyArXiv (OSF Preprints),preprint,,2021-03-08,,,Center for Open Science,,Blinding | Expectancy theory | Randomized controlled trial | Psychology | Clinical trial | Extant taxon | Meta-analysis | Clinical psychology | Medicine | Social psychology | Surgery | Biology | Evolutionary biology | Pathology | Internal medicine,,,,,,,en,,review,low,doi,systematic_review,evidence_synthesis,secondary_literature,uncertain,uncertain,0.8,False,secondary_summary,abstract_only,abstract,abstract,systematic review,,,,,,,,,,,,"There is increasing interest in the potential for psychedelic drugs such as psilocybin, LSD and ketamine to treat a number of mental health disorders.",,,,"Projected from extraction_v1 coverage_mentions; coverage_type=discusses; relationship is discussed in secondary literature, not treated as primary evidence"
compound_disorder,ketamine,mental health disorders,mental health disorders,therapeutic_indication,,mental health disorders,indication,True,,secondary literature coverage,,unclear,,,,unknown,10.31234/osf.io/q2hzm,,Blinding and Expectancy Confounds in Psychedelic Randomised Controlled Trials,Suresh Muthukumaraswamy; Anna Forsyth; Thomas Lumley,2021,PsyArXiv (OSF Preprints),preprint,,2021-03-08,,,Center for Open Science,,Blinding | Expectancy theory | Randomized controlled trial | Psychology | Clinical trial | Extant taxon | Meta-analysis | Clinical psychology | Medicine | Social psychology | Surgery | Biology | Evolutionary biology | Pathology | Internal medicine,,,,,,,en,,review,low,doi,systematic_review,evidence_synthesis,secondary_literature,uncertain,uncertain,0.8,False,secondary_summary,abstract_only,abstract,abstract,systematic review,,,,,,,,,,,,"There is increasing interest in the potential for psychedelic drugs such as psilocybin, LSD and ketamine to treat a number of mental health disorders.",,,,"Projected from extraction_v1 coverage_mentions; coverage_type=discusses; relationship is discussed in secondary literature, not treated as primary evidence"
compound_disorder,classic psychedelics,"anxiety, depression, obsessive-compulsive disorder, and trauma","anxiety, depression, obsessive-compulsive disorder, and trauma",therapeutic_indication,,"anxiety, depression, obsessive-compulsive disorder, and trauma",indication,True,,secondary literature coverage,,unclear,,,,unknown,10.1007/7854_2021_269,,Psychedelic-Assisted Therapy for Social Adaptability in Autistic Adults,Alicia Danforth,2021,Current topics in behavioral neurosciences,book-chapter,,2021-01-01,1866-3370,1866-3389,Springer International Publishing,Anxiety | Anxiety Disorders / drug therapy | Autistic Disorder / drug therapy | Hallucinogens / pharmacology | Hallucinogens / therapeutic use | Humans | Obsessive-Compulsive Disorder,Asperger’s | Autism | MDMA | Psychedelics | Social anxiety,,,,,,,eng,,review,low,doi,review,evidence_synthesis,secondary_literature,uncertain,uncertain,0.9,False,secondary_summary,abstract_only,abstract,abstract,review,,,,,,,,,,,,"autism frequently co-occurs with clinical conditions such as anxiety, depression, obsessive-compulsive disorder, and trauma that have been investigated as indications for clinical trials with classic and atypical psychedelics.",,,,"Projected from extraction_v1 coverage_mentions; coverage_type=reviews; relationship is discussed in secondary literature, not treated as primary evidence"
compound_disorder,atypical psychedelics,"anxiety, depression, obsessive-compulsive disorder, and trauma","anxiety, depression, obsessive-compulsive disorder, and trauma",therapeutic_indication,,"anxiety, depression, obsessive-compulsive disorder, and trauma",indication,True,,secondary literature coverage,,unclear,,,,unknown,10.1007/7854_2021_269,,Psychedelic-Assisted Therapy for Social Adaptability in Autistic Adults,Alicia Danforth,2021,Current topics in behavioral neurosciences,book-chapter,,2021-01-01,1866-3370,1866-3389,Springer International Publishing,Anxiety | Anxiety Disorders / drug therapy | Autistic Disorder / drug therapy | Hallucinogens / pharmacology | Hallucinogens / therapeutic use | Humans | Obsessive-Compulsive Disorder,Asperger’s | Autism | MDMA | Psychedelics | Social anxiety,,,,,,,eng,,review,low,doi,review,evidence_synthesis,secondary_literature,uncertain,uncertain,0.9,False,secondary_summary,abstract_only,abstract,abstract,review,,,,,,,,,,,,"autism frequently co-occurs with clinical conditions such as anxiety, depression, obsessive-compulsive disorder, and trauma that have been investigated as indications for clinical trials with classic and atypical psychedelics.",,,,"Projected from extraction_v1 coverage_mentions; coverage_type=reviews; relationship is discussed in secondary literature, not treated as primary evidence"
compound_disorder,atypical psychedelics,autistic adults,autistic adults,therapeutic_indication,,autistic adults,indication,True,,secondary literature coverage,,unclear,,,,unknown,10.1007/7854_2021_269,,Psychedelic-Assisted Therapy for Social Adaptability in Autistic Adults,Alicia Danforth,2021,Current topics in behavioral neurosciences,book-chapter,,2021-01-01,1866-3370,1866-3389,Springer International Publishing,Anxiety | Anxiety Disorders / drug therapy | Autistic Disorder / drug therapy | Hallucinogens / pharmacology | Hallucinogens / therapeutic use | Humans | Obsessive-Compulsive Disorder,Asperger’s | Autism | MDMA | Psychedelics | Social anxiety,,,,,,,eng,,review,low,doi,review,evidence_synthesis,secondary_literature,uncertain,uncertain,0.9,False,secondary_summary,abstract_only,abstract,abstract,review,,,,,,,,,,,,recent and current clinical trials of atypical psychedelics with autistic adults,,,,"Projected from extraction_v1 coverage_mentions; coverage_type=reviews; relationship is discussed in secondary literature, not treated as primary evidence"
compound_disorder,MDMA,autistic adults,autistic adults,therapeutic_indication,,autistic adults,indication,True,,secondary literature coverage,,unclear,,,,unknown,10.1007/7854_2021_269,,Psychedelic-Assisted Therapy for Social Adaptability in Autistic Adults,Alicia Danforth,2021,Current topics in behavioral neurosciences,book-chapter,,2021-01-01,1866-3370,1866-3389,Springer International Publishing,Anxiety | Anxiety Disorders / drug therapy | Autistic Disorder / drug therapy | Hallucinogens / pharmacology | Hallucinogens / therapeutic use | Humans | Obsessive-Compulsive Disorder,Asperger’s | Autism | MDMA | Psychedelics | Social anxiety,,,,,,,eng,,review,low,doi,review,evidence_synthesis,secondary_literature,uncertain,uncertain,0.8,False,secondary_summary,abstract_only,abstract,abstract and metadata,review,,,,,,,,,,,,keywords: 'MDMA' (metadata) and 'atypical psychedelics' (abstract) ... recent and current clinical trials of atypical psychedelics with autistic adults,,,,"Projected from extraction_v1 coverage_mentions; coverage_type=reviews; relationship is discussed in secondary literature, not treated as primary evidence"
compound_disorder,5-MeO-DMT,depression,depression,therapeutic_indication,,depression,indication,True,,secondary literature coverage,,unclear,,,,unknown,10.1007/s00213-023-06517-1,,"5-MeO-DMT: An atypical psychedelic with unique pharmacology, phenomenology &amp; risk?",Haley Maria Dourron; Charles D. Nichols; Otto Simonsson; Melissa Bradley; Robin Carhart-Harris; Peter S. Hendricks,2023,Psychopharmacology,journal-article,,2023-12-11,0033-3158,1432-2072,Springer Science and Business Media LLC,"Humans | Hallucinogens / pharmacology | Hallucinogens / adverse effects | Hallucinogens / therapeutic use | Animals | Tryptamines / pharmacology | Tryptamines / adverse effects | Tryptamines / therapeutic use | Epilepsy / drug therapy | Epilepsy / physiopathology | Receptor, Serotonin, 5-HT1A / metabolism | Receptor, Serotonin, 5-HT1A / drug effects | Seizures / chemically induced | Seizures / drug therapy",5-HT1A Receptors | 5-MeO-DMT | Flashbacks | Psychedelics | Seizures,,,,,,,eng,,review,low,doi,review,evidence_synthesis,secondary_literature,uncertain,uncertain,1.0,False,secondary_summary,abstract_only,abstract,abstract,secondary_literature,,,,,,,,,,,,5-MeO-DMT is a tryptamine being developed as a potential antidepressant,,,,"Projected from extraction_v1 coverage_mentions; coverage_type=discusses; relationship is discussed in secondary literature, not treated as primary evidence"
compound_disorder,5-MeO-DMT,epilepsy,epilepsy,therapeutic_indication,,epilepsy,indication,True,,secondary literature coverage,,unclear,,,,unknown,10.1007/s00213-023-06517-1,,"5-MeO-DMT: An atypical psychedelic with unique pharmacology, phenomenology &amp; risk?",Haley Maria Dourron; Charles D. Nichols; Otto Simonsson; Melissa Bradley; Robin Carhart-Harris; Peter S. Hendricks,2023,Psychopharmacology,journal-article,,2023-12-11,0033-3158,1432-2072,Springer Science and Business Media LLC,"Humans | Hallucinogens / pharmacology | Hallucinogens / adverse effects | Hallucinogens / therapeutic use | Animals | Tryptamines / pharmacology | Tryptamines / adverse effects | Tryptamines / therapeutic use | Epilepsy / drug therapy | Epilepsy / physiopathology | Receptor, Serotonin, 5-HT1A / metabolism | Receptor, Serotonin, 5-HT1A / drug effects | Seizures / chemically induced | Seizures / drug therapy",5-HT1A Receptors | 5-MeO-DMT | Flashbacks | Psychedelics | Seizures,,,,,,,eng,,review,low,doi,review,evidence_synthesis,secondary_literature,uncertain,uncertain,1.0,False,secondary_summary,abstract_only,abstract,abstract,secondary_literature,,,,,,,,,,,,"In this article, we parallel the relatively distinct phenomenology and behavioral effects of the acute and post-acute effects of 5-MeO-DMT to those induced by epileptiform activity, particularly in instances within epileptogenic zones of the temporal lobes. This is done by reviewing aberrant 5-HT 1A receptor functioning in epilepsy, noting that 5-MeO-DMT has notable 5-HT 1A receptor agonist properties-and then comparing the acute behavioral and subjective effects induced by 5-MeO-DMT to those that occur in seizures. It might be that 5-MeO-DMT's therapeutic mechanism is partly mediated by evoking temporary epileptiform activity, suggesting a similarity to electroconvulsive therapy.",,,,"Projected from extraction_v1 coverage_mentions; coverage_type=discusses; relationship is discussed in secondary literature, not treated as primary evidence"
compound_disorder,psychedelics,mood disorders,mood disorders,therapeutic_indication,,mood disorders,indication,True,,secondary literature coverage,,unclear,,,,unknown,10.1007/s11064-022-03772-0,,"The Missing Piece? A Case for Microglia’s Prominent Role in the Therapeutic Action of Anesthetics, Ketamine, and Psychedelics",Jared VanderZwaag; Torin Halvorson; Kira Dolhan; Eva Šimončičová; Benneth Ben-Azu; Marie-Ève Tremblay,2022,Neurochemical Research,journal-article,,2022-11-03,0364-3190,1573-6903,Springer Science and Business Media LLC,Humans | Hallucinogens / pharmacology | Hallucinogens / therapeutic use | Ketamine / pharmacology | Ketamine / therapeutic use | Microglia | Lysergic Acid Diethylamide / pharmacology | Lysergic Acid Diethylamide / therapeutic use | Anesthetics,Anesthetics | Depression | Ketamine | Microglia | Plasticity | Psychedelics,ERA-NET Neuron,JTC2017: MicroSynDep,,,,,eng,,review,low,doi,review,evidence_synthesis,secondary_literature,uncertain,uncertain,1.0,False,secondary_summary,abstract_only,abstract,abstract,secondary_literature,,,,,,,,,,,,"There is much excitement surrounding recent research of promising, mechanistically novel psychotherapeutics - psychedelic, anesthetic, and dissociative agents - as they have demonstrated surprising efficacy in treating central nervous system (CNS) disorders, such as mood disorders and addiction.",ERA-NET Neuron,,,"Projected from extraction_v1 coverage_mentions; coverage_type=discusses; relationship is discussed in secondary literature, not treated as primary evidence"
compound_disorder,psychedelics,addiction,addiction,therapeutic_indication,,addiction,indication,True,,secondary literature coverage,,unclear,,,,unknown,10.1007/s11064-022-03772-0,,"The Missing Piece? A Case for Microglia’s Prominent Role in the Therapeutic Action of Anesthetics, Ketamine, and Psychedelics",Jared VanderZwaag; Torin Halvorson; Kira Dolhan; Eva Šimončičová; Benneth Ben-Azu; Marie-Ève Tremblay,2022,Neurochemical Research,journal-article,,2022-11-03,0364-3190,1573-6903,Springer Science and Business Media LLC,Humans | Hallucinogens / pharmacology | Hallucinogens / therapeutic use | Ketamine / pharmacology | Ketamine / therapeutic use | Microglia | Lysergic Acid Diethylamide / pharmacology | Lysergic Acid Diethylamide / therapeutic use | Anesthetics,Anesthetics | Depression | Ketamine | Microglia | Plasticity | Psychedelics,ERA-NET Neuron,JTC2017: MicroSynDep,,,,,eng,,review,low,doi,review,evidence_synthesis,secondary_literature,uncertain,uncertain,1.0,False,secondary_summary,abstract_only,abstract,abstract,secondary_literature,,,,,,,,,,,,"There is much excitement surrounding recent research of promising, mechanistically novel psychotherapeutics - psychedelic, anesthetic, and dissociative agents - as they have demonstrated surprising efficacy in treating central nervous system (CNS) disorders, such as mood disorders and addiction.",ERA-NET Neuron,,,"Projected from extraction_v1 coverage_mentions; coverage_type=discusses; relationship is discussed in secondary literature, not treated as primary evidence"
compound_disorder,ketamine,mood disorders,mood disorders,therapeutic_indication,,mood disorders,indication,True,,secondary literature coverage,,unclear,,,,unknown,10.1007/s11064-022-03772-0,,"The Missing Piece? A Case for Microglia’s Prominent Role in the Therapeutic Action of Anesthetics, Ketamine, and Psychedelics",Jared VanderZwaag; Torin Halvorson; Kira Dolhan; Eva Šimončičová; Benneth Ben-Azu; Marie-Ève Tremblay,2022,Neurochemical Research,journal-article,,2022-11-03,0364-3190,1573-6903,Springer Science and Business Media LLC,Humans | Hallucinogens / pharmacology | Hallucinogens / therapeutic use | Ketamine / pharmacology | Ketamine / therapeutic use | Microglia | Lysergic Acid Diethylamide / pharmacology | Lysergic Acid Diethylamide / therapeutic use | Anesthetics,Anesthetics | Depression | Ketamine | Microglia | Plasticity | Psychedelics,ERA-NET Neuron,JTC2017: MicroSynDep,,,,,eng,,review,low,doi,review,evidence_synthesis,secondary_literature,uncertain,uncertain,1.0,False,secondary_summary,abstract_only,abstract,abstract,secondary_literature,,,,,,,,,,,,"There is much excitement surrounding recent research of promising, mechanistically novel psychotherapeutics - psychedelic, anesthetic, and dissociative agents - as they have demonstrated surprising efficacy in treating central nervous system (CNS) disorders, such as mood disorders and addiction.",ERA-NET Neuron,,,"Projected from extraction_v1 coverage_mentions; coverage_type=discusses; relationship is discussed in secondary literature, not treated as primary evidence"
compound_disorder,ketamine,addiction,addiction,therapeutic_indication,,addiction,indication,True,,secondary literature coverage,,unclear,,,,unknown,10.1007/s11064-022-03772-0,,"The Missing Piece? A Case for Microglia’s Prominent Role in the Therapeutic Action of Anesthetics, Ketamine, and Psychedelics",Jared VanderZwaag; Torin Halvorson; Kira Dolhan; Eva Šimončičová; Benneth Ben-Azu; Marie-Ève Tremblay,2022,Neurochemical Research,journal-article,,2022-11-03,0364-3190,1573-6903,Springer Science and Business Media LLC,Humans | Hallucinogens / pharmacology | Hallucinogens / therapeutic use | Ketamine / pharmacology | Ketamine / therapeutic use | Microglia | Lysergic Acid Diethylamide / pharmacology | Lysergic Acid Diethylamide / therapeutic use | Anesthetics,Anesthetics | Depression | Ketamine | Microglia | Plasticity | Psychedelics,ERA-NET Neuron,JTC2017: MicroSynDep,,,,,eng,,review,low,doi,review,evidence_synthesis,secondary_literature,uncertain,uncertain,1.0,False,secondary_summary,abstract_only,abstract,abstract,secondary_literature,,,,,,,,,,,,"There is much excitement surrounding recent research of promising, mechanistically novel psychotherapeutics - psychedelic, anesthetic, and dissociative agents - as they have demonstrated surprising efficacy in treating central nervous system (CNS) disorders, such as mood disorders and addiction.",ERA-NET Neuron,,,"Projected from extraction_v1 coverage_mentions; coverage_type=discusses; relationship is discussed in secondary literature, not treated as primary evidence"
compound_disorder,Ketamine,Posttraumatic stress disorder,Posttraumatic stress disorder,therapeutic_indication,,Posttraumatic stress disorder,indication,True,,secondary literature coverage,,unclear,,,,unknown,10.1016/j.bbr.2022.113804,,The safety and efficacy of ketamine NMDA receptor blocker as a therapeutic intervention for PTSD review of a randomized clinical trial,Wisam Al Jumaili; Chintan Trivedi; Timothy Chao; Aaron Kubosumi; Shailesh Jain,2022,Behavioural Brain Research,journal-article,,2022-02-16,0166-4328,1872-7549,Elsevier BV,"Antidepressive Agents / adverse effects | Humans | Ketamine / adverse effects | Randomized Controlled Trials as Topic | Receptors, N-Methyl-D-Aspartate / antagonists & inhibitors | Stress Disorders, Post-Traumatic / drug therapy | Treatment Outcome",Ketamine | NMDA receptor | Post-traumatic stress disorder | Treatment,,,,,,,eng,,review,low,doi,review,evidence_synthesis,secondary_literature,uncertain,uncertain,1.0,False,secondary_summary,abstract_only,abstract,abstract,review of randomized clinical trials,,,,,,,,,,,,The safety and efficacy of ketamine NMDA receptor blocker as a therapeutic intervention for PTSD review of a randomized clinical trial,,,,"Projected from extraction_v1 coverage_mentions; coverage_type=reviews; relationship is discussed in secondary literature, not treated as primary evidence"
compound_disorder,Ketamine,chronic pain,chronic pain,therapeutic_indication,,chronic pain,indication,True,,secondary literature coverage,,unclear,,,,unknown,10.1016/j.bbr.2022.113804,,The safety and efficacy of ketamine NMDA receptor blocker as a therapeutic intervention for PTSD review of a randomized clinical trial,Wisam Al Jumaili; Chintan Trivedi; Timothy Chao; Aaron Kubosumi; Shailesh Jain,2022,Behavioural Brain Research,journal-article,,2022-02-16,0166-4328,1872-7549,Elsevier BV,"Antidepressive Agents / adverse effects | Humans | Ketamine / adverse effects | Randomized Controlled Trials as Topic | Receptors, N-Methyl-D-Aspartate / antagonists & inhibitors | Stress Disorders, Post-Traumatic / drug therapy | Treatment Outcome",Ketamine | NMDA receptor | Post-traumatic stress disorder | Treatment,,,,,,,eng,,review,low,doi,review,evidence_synthesis,secondary_literature,uncertain,uncertain,0.9,False,secondary_summary,abstract_only,abstract,abstract,review of randomized clinical trials,,,,,,,,,,,,"Ketamine infusion also positively affects comorbidities like chronic pain, alcohol use disorder, and major depression.",,,,"Projected from extraction_v1 coverage_mentions; coverage_type=discusses; relationship is discussed in secondary literature, not treated as primary evidence"
compound_disorder,Ketamine,alcohol use disorder,alcohol use disorder,therapeutic_indication,,alcohol use disorder,indication,True,,secondary literature coverage,,unclear,,,,unknown,10.1016/j.bbr.2022.113804,,The safety and efficacy of ketamine NMDA receptor blocker as a therapeutic intervention for PTSD review of a randomized clinical trial,Wisam Al Jumaili; Chintan Trivedi; Timothy Chao; Aaron Kubosumi; Shailesh Jain,2022,Behavioural Brain Research,journal-article,,2022-02-16,0166-4328,1872-7549,Elsevier BV,"Antidepressive Agents / adverse effects | Humans | Ketamine / adverse effects | Randomized Controlled Trials as Topic | Receptors, N-Methyl-D-Aspartate / antagonists & inhibitors | Stress Disorders, Post-Traumatic / drug therapy | Treatment Outcome",Ketamine | NMDA receptor | Post-traumatic stress disorder | Treatment,,,,,,,eng,,review,low,doi,review,evidence_synthesis,secondary_literature,uncertain,uncertain,0.9,False,secondary_summary,abstract_only,abstract,abstract,review of randomized clinical trials,,,,,,,,,,,,"Ketamine infusion also positively affects comorbidities like chronic pain, alcohol use disorder, and major depression.",,,,"Projected from extraction_v1 coverage_mentions; coverage_type=discusses; relationship is discussed in secondary literature, not treated as primary evidence"
compound_disorder,Ketamine,major depression,major depression,therapeutic_indication,,major depression,indication,True,,secondary literature coverage,,unclear,,,,unknown,10.1016/j.bbr.2022.113804,,The safety and efficacy of ketamine NMDA receptor blocker as a therapeutic intervention for PTSD review of a randomized clinical trial,Wisam Al Jumaili; Chintan Trivedi; Timothy Chao; Aaron Kubosumi; Shailesh Jain,2022,Behavioural Brain Research,journal-article,,2022-02-16,0166-4328,1872-7549,Elsevier BV,"Antidepressive Agents / adverse effects | Humans | Ketamine / adverse effects | Randomized Controlled Trials as Topic | Receptors, N-Methyl-D-Aspartate / antagonists & inhibitors | Stress Disorders, Post-Traumatic / drug therapy | Treatment Outcome",Ketamine | NMDA receptor | Post-traumatic stress disorder | Treatment,,,,,,,eng,,review,low,doi,review,evidence_synthesis,secondary_literature,uncertain,uncertain,0.9,False,secondary_summary,abstract_only,abstract,abstract,review of randomized clinical trials,,,,,,,,,,,,"Ketamine infusion also positively affects comorbidities like chronic pain, alcohol use disorder, and major depression.",,,,"Projected from extraction_v1 coverage_mentions; coverage_type=discusses; relationship is discussed in secondary literature, not treated as primary evidence"
compound_disorder,ketamine,treatment-resistant depression,treatment-resistant depression,therapeutic_indication,,treatment-resistant depression,indication,True,,secondary literature coverage,,unclear,,,,unknown,10.1016/j.jad.2021.06.032,,Efficacy of ketamine and esketamine on functional outcomes in treatment-resistant depression: A systematic review,Jason Ng; Joshua D. Rosenblat; Leanna M.W. Lui; Kayla M. Teopiz; Yena Lee; Orly Lipsitz; Rodrigo B. Mansur; Nelson B. Rodrigues; Flora Nasri; Hartej Gill,2021,Journal of Affective Disorders,journal-article,,2021-06-24,0165-0327,1573-2517,Elsevier BV,"Adult | Antidepressive Agents / therapeutic use | Depression | Depressive Disorder, Treatment-Resistant / drug therapy | Humans | Ketamine / therapeutic use",Bipolar Disorder | Depression | Functioning | Ketamine | Mood disorder | Recovery | Workplace,,,,,,,eng,,systematic_review,low,doi,systematic_review,evidence_synthesis,secondary_literature,uncertain,uncertain,1.0,False,secondary_summary,abstract_only,abstract,abstract,systematic review,,,,,,,,,,,,Efficacy of ketamine and esketamine on functional outcomes in treatment-resistant depression: A systematic review,,,,"Projected from extraction_v1 coverage_mentions; coverage_type=reviews; relationship is discussed in secondary literature, not treated as primary evidence"
compound_disorder,esketamine,treatment-resistant depression,treatment-resistant depression,therapeutic_indication,,treatment-resistant depression,indication,True,,secondary literature coverage,,unclear,,,,unknown,10.1016/j.jad.2021.06.032,,Efficacy of ketamine and esketamine on functional outcomes in treatment-resistant depression: A systematic review,Jason Ng; Joshua D. Rosenblat; Leanna M.W. Lui; Kayla M. Teopiz; Yena Lee; Orly Lipsitz; Rodrigo B. Mansur; Nelson B. Rodrigues; Flora Nasri; Hartej Gill,2021,Journal of Affective Disorders,journal-article,,2021-06-24,0165-0327,1573-2517,Elsevier BV,"Adult | Antidepressive Agents / therapeutic use | Depression | Depressive Disorder, Treatment-Resistant / drug therapy | Humans | Ketamine / therapeutic use",Bipolar Disorder | Depression | Functioning | Ketamine | Mood disorder | Recovery | Workplace,,,,,,,eng,,systematic_review,low,doi,systematic_review,evidence_synthesis,secondary_literature,uncertain,uncertain,1.0,False,secondary_summary,abstract_only,abstract,abstract,systematic review,,,,,,,,,,,,Efficacy of ketamine and esketamine on functional outcomes in treatment-resistant depression: A systematic review,,,,"Projected from extraction_v1 coverage_mentions; coverage_type=reviews; relationship is discussed in secondary literature, not treated as primary evidence"
compound_disorder,ketamine/esketamine,improvements in general psychosocial functioning,improvements in general psychosocial functioning,therapeutic_indication,,improvements in general psychosocial functioning,indication,True,,secondary literature coverage,,unclear,,,,unknown,10.1016/j.jad.2021.06.032,,Efficacy of ketamine and esketamine on functional outcomes in treatment-resistant depression: A systematic review,Jason Ng; Joshua D. Rosenblat; Leanna M.W. Lui; Kayla M. Teopiz; Yena Lee; Orly Lipsitz; Rodrigo B. Mansur; Nelson B. Rodrigues; Flora Nasri; Hartej Gill,2021,Journal of Affective Disorders,journal-article,,2021-06-24,0165-0327,1573-2517,Elsevier BV,"Adult | Antidepressive Agents / therapeutic use | Depression | Depressive Disorder, Treatment-Resistant / drug therapy | Humans | Ketamine / therapeutic use",Bipolar Disorder | Depression | Functioning | Ketamine | Mood disorder | Recovery | Workplace,,,,,,,eng,,systematic_review,low,doi,systematic_review,evidence_synthesis,secondary_literature,uncertain,uncertain,0.9,False,secondary_summary,abstract_only,abstract,abstract,systematic review,,,,,,,,,,,,Available evidence indicates that improvements in general psychosocial functioning is apparent.,,,,"Projected from extraction_v1 coverage_mentions; coverage_type=discusses; relationship is discussed in secondary literature, not treated as primary evidence"
compound_disorder,MDMA,PTSD,PTSD,therapeutic_indication,,PTSD,indication,True,,secondary literature coverage,,unclear,,,,unknown,10.1080/02791072.2019.1606472,,The Past and Future of Psychedelic Science: An Introduction to This Issue,Richard E. Doblin; Merete Christiansen; Lisa Jerome; Brad Burge,2019,Journal of Psychoactive Drugs,journal-article,,2019-03-15,0279-1072,2159-9777,Informa UK Limited,"Biomedical Research / history | Hallucinogens / history | Hallucinogens / pharmacology | History, 20th Century | History, 21st Century | Humans | Lysergic Acid Diethylamide / history | Mental Disorders / drug therapy | Mental Disorders / history | N-Methyl-3,4-methylenedioxyamphetamine / history | Psilocybin / history",MDMA | Psychedelics | history | medicine | psilocybin | spirituality,,,,,,,eng,,review,low,doi,review,evidence_synthesis,secondary_literature,uncertain,uncertain,0.9,False,secondary_summary,abstract_only,abstract,abstract,secondary_literature,,,,,,,,,,,,clinical trials with MDMA-assisted therapy for the treatment of PTSD,,,,"Projected from extraction_v1 coverage_mentions; coverage_type=discusses; relationship is discussed in secondary literature, not treated as primary evidence"
compound_disorder,MDMA,alcoholism,alcoholism,therapeutic_indication,,alcoholism,indication,True,,secondary literature coverage,,unclear,,,,unknown,10.1080/02791072.2019.1606472,,The Past and Future of Psychedelic Science: An Introduction to This Issue,Richard E. Doblin; Merete Christiansen; Lisa Jerome; Brad Burge,2019,Journal of Psychoactive Drugs,journal-article,,2019-03-15,0279-1072,2159-9777,Informa UK Limited,"Biomedical Research / history | Hallucinogens / history | Hallucinogens / pharmacology | History, 20th Century | History, 21st Century | Humans | Lysergic Acid Diethylamide / history | Mental Disorders / drug therapy | Mental Disorders / history | N-Methyl-3,4-methylenedioxyamphetamine / history | Psilocybin / history",MDMA | Psychedelics | history | medicine | psilocybin | spirituality,,,,,,,eng,,review,low,doi,review,evidence_synthesis,secondary_literature,uncertain,uncertain,0.9,False,secondary_summary,abstract_only,abstract,abstract,secondary_literature,,,,,,,,,,,,clinical trials with MDMA-assisted therapy for the treatment of ... alcoholism,,,,"Projected from extraction_v1 coverage_mentions; coverage_type=discusses; relationship is discussed in secondary literature, not treated as primary evidence"
compound_disorder,MDMA,social anxiety,social anxiety,therapeutic_indication,,social anxiety,indication,True,,secondary literature coverage,,unclear,,,,unknown,10.1080/02791072.2019.1606472,,The Past and Future of Psychedelic Science: An Introduction to This Issue,Richard E. Doblin; Merete Christiansen; Lisa Jerome; Brad Burge,2019,Journal of Psychoactive Drugs,journal-article,,2019-03-15,0279-1072,2159-9777,Informa UK Limited,"Biomedical Research / history | Hallucinogens / history | Hallucinogens / pharmacology | History, 20th Century | History, 21st Century | Humans | Lysergic Acid Diethylamide / history | Mental Disorders / drug therapy | Mental Disorders / history | N-Methyl-3,4-methylenedioxyamphetamine / history | Psilocybin / history",MDMA | Psychedelics | history | medicine | psilocybin | spirituality,,,,,,,eng,,review,low,doi,review,evidence_synthesis,secondary_literature,uncertain,uncertain,0.9,False,secondary_summary,abstract_only,abstract,abstract,secondary_literature,,,,,,,,,,,,clinical trials with MDMA-assisted therapy for the treatment of ... social anxiety,,,,"Projected from extraction_v1 coverage_mentions; coverage_type=discusses; relationship is discussed in secondary literature, not treated as primary evidence"
compound_disorder,psilocybin,depression,depression,therapeutic_indication,,depression,indication,True,,secondary literature coverage,,unclear,,,,unknown,10.1080/02791072.2019.1606472,,The Past and Future of Psychedelic Science: An Introduction to This Issue,Richard E. Doblin; Merete Christiansen; Lisa Jerome; Brad Burge,2019,Journal of Psychoactive Drugs,journal-article,,2019-03-15,0279-1072,2159-9777,Informa UK Limited,"Biomedical Research / history | Hallucinogens / history | Hallucinogens / pharmacology | History, 20th Century | History, 21st Century | Humans | Lysergic Acid Diethylamide / history | Mental Disorders / drug therapy | Mental Disorders / history | N-Methyl-3,4-methylenedioxyamphetamine / history | Psilocybin / history",MDMA | Psychedelics | history | medicine | psilocybin | spirituality,,,,,,,eng,,review,low,doi,review,evidence_synthesis,secondary_literature,uncertain,uncertain,0.9,False,secondary_summary,abstract_only,abstract,abstract,secondary_literature,,,,,,,,,,,,psilocybin clinical studies for depression,,,,"Projected from extraction_v1 coverage_mentions; coverage_type=discusses; relationship is discussed in secondary literature, not treated as primary evidence"
compound_disorder,psilocybin,addiction,addiction,therapeutic_indication,,addiction,indication,True,,secondary literature coverage,,unclear,,,,unknown,10.1080/02791072.2019.1606472,,The Past and Future of Psychedelic Science: An Introduction to This Issue,Richard E. Doblin; Merete Christiansen; Lisa Jerome; Brad Burge,2019,Journal of Psychoactive Drugs,journal-article,,2019-03-15,0279-1072,2159-9777,Informa UK Limited,"Biomedical Research / history | Hallucinogens / history | Hallucinogens / pharmacology | History, 20th Century | History, 21st Century | Humans | Lysergic Acid Diethylamide / history | Mental Disorders / drug therapy | Mental Disorders / history | N-Methyl-3,4-methylenedioxyamphetamine / history | Psilocybin / history",MDMA | Psychedelics | history | medicine | psilocybin | spirituality,,,,,,,eng,,review,low,doi,review,evidence_synthesis,secondary_literature,uncertain,uncertain,0.9,False,secondary_summary,abstract_only,abstract,abstract,secondary_literature,,,,,,,,,,,,psilocybin clinical studies for depression and addiction,,,,"Projected from extraction_v1 coverage_mentions; coverage_type=discusses; relationship is discussed in secondary literature, not treated as primary evidence"
compound_disorder,ketamine,treatment-resistant depression,treatment-resistant depression,therapeutic_indication,,treatment-resistant depression,indication,True,,secondary literature coverage,,unclear,,,,unknown,10.1080/03007995.2016.1277201,,Comparative efficacy and tolerability of pharmacological and somatic interventions in adult patients with treatment-resistant depression: a systematic review and network meta-analysis,Katerina Papadimitropoulou; Carla Vossen; Andreas Karabis; Christina Donatti; Nicole Kubitz,2016,Current Medical Research and Opinion,journal-article,,2016-12-30,0300-7995,1473-4877,Informa UK Limited,"Adult | Bayes Theorem | Major Depressive Disorder / diagnosis | Major Depressive Disorder / drug therapy | Major Depressive Disorder / psychology | Depressive Disorder, Treatment-Resistant / diagnosis | Humans | Psychotropic Drugs / therapeutic use | Remission Induction / methods | Time | Transcranial Magnetic Stimulation / methods | Treatment Outcome",Antidepressant effect | Bayesian hierarchical model | Disease severity | Network meta-analysis | Ranking | Treatment-resistant depression,,,,,,,eng,,meta_analysis,low,doi,meta_analysis,evidence_synthesis,secondary_literature,uncertain,uncertain,1.0,False,secondary_summary,abstract_only,abstract,abstract,systematic review and network meta-analysis,,,,,,,,,,,,The evidence synthesis investigating efficacy outcomes of TRD treatments demonstrated superior efficacy for ketamine compared to pharmacological and somatic interventions at 2 weeks after treatment initiation.,,,,"Projected from extraction_v1 coverage_mentions; coverage_type=summarizes; relationship is discussed in secondary literature, not treated as primary evidence"
compound_disorder,Ketamine,Chronic pain,Chronic pain,therapeutic_indication,,Chronic pain,indication,True,,secondary literature coverage,,unclear,,,,unknown,10.1080/15360288.2023.2284976,,The Use of Ketamine for Malignant and Nonmalignant Chronic Pain in Children: A Review of Current Evidence,Khaled AlGhamdi; Kim Sadler,2023,Journal of Pain & Palliative Care Pharmacotherapy,journal-article,,2023-11-27,1536-0288,1536-0539,Informa UK Limited,Child | Humans | Chronic Pain / drug therapy | Ketamine / therapeutic use | Pain Management | Intractable Pain / drug therapy,Ketamine | cancer | children | chronic pain | pain | pediatric,,,,,,,eng,,review,low,doi,review,evidence_synthesis,secondary_literature,uncertain,uncertain,1.0,False,secondary_summary,abstract_only,abstract,abstract,review,,,,,,,,,,,,This article aims to provide an overview of its properties and highlight the current evidence for its use in malignant and nonmalignant chronic pain management.,,,,"Projected from extraction_v1 coverage_mentions; coverage_type=reviews; relationship is discussed in secondary literature, not treated as primary evidence"
compound_disorder,ketamine,depression,depression,therapeutic_indication,,depression,indication,True,,secondary literature coverage,,unclear,,,,unknown,10.1126/science.1222939,,Synaptic Dysfunction in Depression: Potential Therapeutic Targets,Ronald S. Duman; George K. Aghajanian,2012,Science,journal-article,,2012-10-04,0036-8075,1095-9203,American Association for the Advancement of Science (AAAS),"Animals | Antidepressive Agents / administration & dosage | Atrophy / pathology | Behavior / drug effects | Major Depressive Disorder / drug therapy | Major Depressive Disorder / pathology | Major Depressive Disorder / physiopathology | Homeostasis / drug effects | Humans | Mice | Neurons / pathology | Stress, Psychological / pathology | Stress, Psychological / physiopathology | Synapses / drug effects | Synapses / pathology | Synapses / physiology",,NIMH NIH HHS,R01 MH093897,,,,,eng,,review,low,doi,review,evidence_synthesis,secondary_literature,uncertain,uncertain,0.9,False,secondary_summary,abstract_only,abstract,abstract,review,,,,,,,,,,,,"A notable recent discovery shows that ketamine, a N-methyl-D-aspartate receptor antagonist, produces rapid (within hours) antidepressant responses in patients who are resistant to typical antidepressants.",NIMH NIH HHS,,,"Projected from extraction_v1 coverage_mentions; coverage_type=discusses; relationship is discussed in secondary literature, not treated as primary evidence"
compound_disorder,MDMA,Post-traumatic stress disorder,Post-traumatic stress disorder,therapeutic_indication,,Post-traumatic stress disorder,indication,True,,secondary literature coverage,,unclear,,,,unknown,10.12740/pp/onlinefirst/133919,,Will MDMA-assisted psychotherapy become a breakthrough in treatment-resistant post-traumatic stress disorder? A critical narrative review.,Sandra Szafoni; Gniewko Więckiewicz; Robert Pudlo; Piotr Gorczyca; Magdalena Piegza,2021,Psychiatria Polska,journal-article,,2021-05-19,0033-2674,2391-5854,Komitet Redakcyjno - Wydawniczy Polskiego Towarzystwa Psychiatrycznego,"Humans | N-Methyl-3,4-methylenedioxyamphetamine / therapeutic use | Stress Disorders, Post-Traumatic / drug therapy | Stress Disorders, Post-Traumatic / psychology | Psychotherapy / methods | Treatment Outcome | Combined Modality Therapy",MDMA | PTSD | psychotherapy,,,,,,,eng | pol,,review,low,doi,review,evidence_synthesis,secondary_literature,uncertain,uncertain,1.0,False,secondary_summary,abstract_only,abstract,abstract,narrative review,,,,,,,,,,,,"MDMA-assisted psychotherapy for the treatment of PTSD clinical trials are conducted, and due to previous results, the Food and Drug Administration (FDA) granted a breakthrough therapy designation. In this article, we present the mechanism of actions, the therapeutic rationale, applied psychotherapeutic methods, and potential dangers.",,,,"Projected from extraction_v1 coverage_mentions; coverage_type=discusses; relationship is discussed in secondary literature, not treated as primary evidence"
compound_disorder,psilocybin,anxiety,anxiety,therapeutic_indication,,anxiety,indication,True,,secondary literature coverage,,unclear,,,,unknown,10.17615/5pv5-2x04,,Psychedelics,David E. Nichols,2020,UNC Libraries,article,,2020-04-22,,,,,Psychology,National Institutes of Health,,,,,,en,,review,low,doi,review,evidence_synthesis,secondary_literature,uncertain,uncertain,1.0,False,secondary_summary,abstract_only,abstract,abstract,secondary_literature,,,,,,,,,,,,several double-blind placebo-controlled phase 2 studies of psilocybin-assisted psychotherapy in patients with cancer-related psychosocial distress have demonstrated unprecedented positive relief of anxiety and depression,National Institutes of Health,,,"Projected from extraction_v1 coverage_mentions; coverage_type=discusses; relationship is discussed in secondary literature, not treated as primary evidence"
compound_disorder,psilocybin,depression,depression,therapeutic_indication,,depression,indication,True,,secondary literature coverage,,unclear,,,,unknown,10.17615/5pv5-2x04,,Psychedelics,David E. Nichols,2020,UNC Libraries,article,,2020-04-22,,,,,Psychology,National Institutes of Health,,,,,,en,,review,low,doi,review,evidence_synthesis,secondary_literature,uncertain,uncertain,1.0,False,secondary_summary,abstract_only,abstract,abstract,secondary_literature,,,,,,,,,,,,several double-blind placebo-controlled phase 2 studies of psilocybin-assisted psychotherapy in patients with cancer-related psychosocial distress have demonstrated unprecedented positive relief of anxiety and depression,National Institutes of Health,,,"Projected from extraction_v1 coverage_mentions; coverage_type=discusses; relationship is discussed in secondary literature, not treated as primary evidence"
compound_disorder,psilocybin,alcohol addiction,alcohol addiction,therapeutic_indication,,alcohol addiction,indication,True,,secondary literature coverage,,unclear,,,,unknown,10.17615/5pv5-2x04,,Psychedelics,David E. Nichols,2020,UNC Libraries,article,,2020-04-22,,,,,Psychology,National Institutes of Health,,,,,,en,,review,low,doi,review,evidence_synthesis,secondary_literature,uncertain,uncertain,1.0,False,secondary_summary,abstract_only,abstract,abstract,secondary_literature,,,,,,,,,,,,Two small pilot studies of psilocybin-assisted psychotherapy also have shown positive benefit in treating both alcohol and nicotine addiction.,National Institutes of Health,,,"Projected from extraction_v1 coverage_mentions; coverage_type=discusses; relationship is discussed in secondary literature, not treated as primary evidence"
compound_disorder,psilocybin,nicotine addiction,nicotine addiction,therapeutic_indication,,nicotine addiction,indication,True,,secondary literature coverage,,unclear,,,,unknown,10.17615/5pv5-2x04,,Psychedelics,David E. Nichols,2020,UNC Libraries,article,,2020-04-22,,,,,Psychology,National Institutes of Health,,,,,,en,,review,low,doi,review,evidence_synthesis,secondary_literature,uncertain,uncertain,1.0,False,secondary_summary,abstract_only,abstract,abstract,secondary_literature,,,,,,,,,,,,Two small pilot studies of psilocybin-assisted psychotherapy also have shown positive benefit in treating both alcohol and nicotine addiction.,National Institutes of Health,,,"Projected from extraction_v1 coverage_mentions; coverage_type=discusses; relationship is discussed in secondary literature, not treated as primary evidence"
compound_disorder,psilocybin,tobacco addiction,tobacco addiction,therapeutic_indication,,tobacco addiction,indication,True,,secondary literature coverage,,unclear,,,,unknown,10.31234/osf.io/ztyxh,,Psychoactive substances in psychotherapy - A vision for the future? – A systematic review on Psilocybin,Jenny Tetem; Tamara Fischmann; Tim Julian Möller,2023,PsyArXiv (OSF Preprints),review,,2023-07-06,,,Center for Open Science,,Psilocybin | Anxiety | Psychiatry | Addiction | Psychology | Hallucinogen | Depression (economics) | Population | Blinding | Medicine | Psychotherapist | Clinical psychology | Clinical trial | Economics | Pathology | Macroeconomics | Environmental health,,,,,,,en,,review,low,doi,review,evidence_synthesis,secondary_literature,uncertain,uncertain,1.0,False,secondary_summary,abstract_only,abstract,abstract,systematic review,,,,,,,,,,,,Nine studies were found regarding the following indications: tobacco addiction,,,,"Projected from extraction_v1 coverage_mentions; coverage_type=reviews; relationship is discussed in secondary literature, not treated as primary evidence"
compound_disorder,psilocybin,anxiety,anxiety,therapeutic_indication,,anxiety,indication,True,,secondary literature coverage,,unclear,,,,unknown,10.31234/osf.io/ztyxh,,Psychoactive substances in psychotherapy - A vision for the future? – A systematic review on Psilocybin,Jenny Tetem; Tamara Fischmann; Tim Julian Möller,2023,PsyArXiv (OSF Preprints),review,,2023-07-06,,,Center for Open Science,,Psilocybin | Anxiety | Psychiatry | Addiction | Psychology | Hallucinogen | Depression (economics) | Population | Blinding | Medicine | Psychotherapist | Clinical psychology | Clinical trial | Economics | Pathology | Macroeconomics | Environmental health,,,,,,,en,,review,low,doi,review,evidence_synthesis,secondary_literature,uncertain,uncertain,1.0,False,secondary_summary,abstract_only,abstract,abstract,systematic review,,,,,,,,,,,,anxiety and depressive states related to life-threatening cancer,,,,"Projected from extraction_v1 coverage_mentions; coverage_type=reviews; relationship is discussed in secondary literature, not treated as primary evidence"
compound_disorder,psilocybin,depressive states,depressive states,therapeutic_indication,,depressive states,indication,True,,secondary literature coverage,,unclear,,,,unknown,10.31234/osf.io/ztyxh,,Psychoactive substances in psychotherapy - A vision for the future? – A systematic review on Psilocybin,Jenny Tetem; Tamara Fischmann; Tim Julian Möller,2023,PsyArXiv (OSF Preprints),review,,2023-07-06,,,Center for Open Science,,Psilocybin | Anxiety | Psychiatry | Addiction | Psychology | Hallucinogen | Depression (economics) | Population | Blinding | Medicine | Psychotherapist | Clinical psychology | Clinical trial | Economics | Pathology | Macroeconomics | Environmental health,,,,,,,en,,review,low,doi,review,evidence_synthesis,secondary_literature,uncertain,uncertain,1.0,False,secondary_summary,abstract_only,abstract,abstract,systematic review,,,,,,,,,,,,anxiety and depressive states related to life-threatening cancer,,,,"Projected from extraction_v1 coverage_mentions; coverage_type=reviews; relationship is discussed in secondary literature, not treated as primary evidence"
compound_disorder,psilocybin,treatment-resistant depression,treatment-resistant depression,therapeutic_indication,,treatment-resistant depression,indication,True,,secondary literature coverage,,unclear,,,,unknown,10.31234/osf.io/ztyxh,,Psychoactive substances in psychotherapy - A vision for the future? – A systematic review on Psilocybin,Jenny Tetem; Tamara Fischmann; Tim Julian Möller,2023,PsyArXiv (OSF Preprints),review,,2023-07-06,,,Center for Open Science,,Psilocybin | Anxiety | Psychiatry | Addiction | Psychology | Hallucinogen | Depression (economics) | Population | Blinding | Medicine | Psychotherapist | Clinical psychology | Clinical trial | Economics | Pathology | Macroeconomics | Environmental health,,,,,,,en,,review,low,doi,review,evidence_synthesis,secondary_literature,uncertain,uncertain,1.0,False,secondary_summary,abstract_only,abstract,abstract,systematic review,,,,,,,,,,,,treatment-resistant depression,,,,"Projected from extraction_v1 coverage_mentions; coverage_type=reviews; relationship is discussed in secondary literature, not treated as primary evidence"
compound_disorder,psilocybin,anxiety and depression,anxiety and depression,therapeutic_indication,,anxiety and depression,indication,True,,secondary literature coverage,,unclear,,,,unknown,10.4103/aip.aip_195_23,,Psychedelics: The New Kid on the Block,Prosenjit Ghosh; Avinash Desousa,2024,Annals of Indian Psychiatry,article,,2024-01-01,2588-8358,2588-8366,Medknow,,Block (permutation group theory) | Psychology | Art | Mathematics | Combinatorics,,,,,,,en,,review,low,doi,review,evidence_synthesis,secondary_literature,uncertain,uncertain,0.9,False,secondary_summary,abstract_only,abstract,abstract,secondary_literature,,,,,,,,,,,,"Initial clinical trials focused on the benefits of psilocybin to reduce anxiety and improve the mood of patients with cancer.[14] In this randomized, double-blind, cross-over trial, they investigated the effects of a very low dose (1 or 3 mg/70 kg) versus a high dose (22 or 30 mg/70 kg) of psilocybin administered in counterbalanced sequence with 5 weeks between sessions and a 6-month follow-up in 51 cancer patients with symptoms of depression and anxiety. High-dose psilocybin produced large decreases in measures of depressed mood and anxiety, improved quality of life, increased optimism, and decreases in death anxiety. At 6-month follow-up, these changes were maintained, with about 80% of participants continuing to show clinically significant decreases in depressed mood and anxiety.[14]",,,,"Projected from extraction_v1 coverage_mentions; coverage_type=summarizes; relationship is discussed in secondary literature, not treated as primary evidence"
compound_disorder,psilocybin,major depressive disorder,major depressive disorder,therapeutic_indication,,major depressive disorder,indication,True,,secondary literature coverage,,unclear,,,,unknown,10.4103/aip.aip_195_23,,Psychedelics: The New Kid on the Block,Prosenjit Ghosh; Avinash Desousa,2024,Annals of Indian Psychiatry,article,,2024-01-01,2588-8358,2588-8366,Medknow,,Block (permutation group theory) | Psychology | Art | Mathematics | Combinatorics,,,,,,,en,,review,low,doi,review,evidence_synthesis,secondary_literature,uncertain,uncertain,0.9,False,secondary_summary,abstract_only,abstract,abstract,secondary_literature,,,,,,,,,,,,"A study compared psilocybin with escitalopram over a 6-week period in patients with moderate-to-severe major depressive disorder in a phase 2, double-blind, randomized, controlled trial. A total of 59 patients were enrolled: 30 were assigned to the psilocybin group and 29 to the escitalopram group. All the subjects received psychotherapy. The primary outcome was the change from baseline in the score on the 16-item Quick Inventory of Depressive Symptomatology–Self-Report. At the end of 6 weeks, there was no significant difference in the antidepressant effects between escitalopram and psilocybin.[15]",,,,"Projected from extraction_v1 coverage_mentions; coverage_type=summarizes; relationship is discussed in secondary literature, not treated as primary evidence"
compound_disorder,ayahuasca,treatment-resistant depression,treatment-resistant depression,therapeutic_indication,,treatment-resistant depression,indication,True,,secondary literature coverage,,unclear,,,,unknown,10.4103/aip.aip_195_23,,Psychedelics: The New Kid on the Block,Prosenjit Ghosh; Avinash Desousa,2024,Annals of Indian Psychiatry,article,,2024-01-01,2588-8358,2588-8366,Medknow,,Block (permutation group theory) | Psychology | Art | Mathematics | Combinatorics,,,,,,,en,,review,low,doi,review,evidence_synthesis,secondary_literature,uncertain,uncertain,0.9,False,secondary_summary,abstract_only,abstract,abstract,secondary_literature,,,,,,,,,,,,"In a recent double-blind, randomized, placebo-controlled trial in 29 patients with treatment-resistant depression, a single dose of ayahuasca was compared against placebo.[16] Improvement in depression was assessed with the Montgomery-Åsberg Depression Rating Scale and the Hamilton Depression Rating scale at baseline, at 1, 2, and 7 days after dosing. Significant antidepressant effects of ayahuasca were seen when compared with placebo at all-time points.",,,,"Projected from extraction_v1 coverage_mentions; coverage_type=summarizes; relationship is discussed in secondary literature, not treated as primary evidence"
compound_disorder,psilocybin,alcohol dependence,alcohol dependence,therapeutic_indication,,alcohol dependence,indication,True,,secondary literature coverage,,unclear,,,,unknown,10.4103/aip.aip_195_23,,Psychedelics: The New Kid on the Block,Prosenjit Ghosh; Avinash Desousa,2024,Annals of Indian Psychiatry,article,,2024-01-01,2588-8358,2588-8366,Medknow,,Block (permutation group theory) | Psychology | Art | Mathematics | Combinatorics,,,,,,,en,,review,low,doi,review,evidence_synthesis,secondary_literature,uncertain,uncertain,0.9,False,secondary_summary,abstract_only,abstract,abstract,secondary_literature,,,,,,,,,,,,Researchers have also investigated the effects of psilocybin in addiction disorders. Researchers conducted a proof-of-concept study to assess the effects of psilocybin in alcohol-dependent participants. Ten volunteers received orally administered psilocybin in one or two supervised sessions along with Motivational Enhancement Therapy. Abstinence increased significantly following psilocybin administration (P < 0.05) and was maintained at follow-up to 36 weeks. The magnitude of effects in the first psilocybin session also predicted decreases in craving. There were no significant treatment-related adverse events.[17],,,,"Projected from extraction_v1 coverage_mentions; coverage_type=summarizes; relationship is discussed in secondary literature, not treated as primary evidence"
compound_disorder,psychedelics,anorexia nervosa,anorexia nervosa,therapeutic_indication,,anorexia nervosa,indication,True,,secondary literature coverage,,unclear,,,,unknown,10.4103/aip.aip_195_23,,Psychedelics: The New Kid on the Block,Prosenjit Ghosh; Avinash Desousa,2024,Annals of Indian Psychiatry,article,,2024-01-01,2588-8358,2588-8366,Medknow,,Block (permutation group theory) | Psychology | Art | Mathematics | Combinatorics,,,,,,,en,,review,low,doi,review,evidence_synthesis,secondary_literature,uncertain,uncertain,0.8,False,secondary_summary,abstract_only,abstract,abstract,secondary_literature,,,,,,,,,,,,Other than depression and anxiety new randomized controlled trials are ongoing to evaluate psychedelics in anorexia nervosa.[22],,,,"Projected from extraction_v1 coverage_mentions; coverage_type=mentions; relationship is discussed in secondary literature, not treated as primary evidence"
compound_disorder,psychedelics,depression,depression,therapeutic_indication,,depression,indication,True,,secondary literature coverage,,unclear,,,,unknown,10.4103/aip.aip_195_23,,Psychedelics: The New Kid on the Block,Prosenjit Ghosh; Avinash Desousa,2024,Annals of Indian Psychiatry,article,,2024-01-01,2588-8358,2588-8366,Medknow,,Block (permutation group theory) | Psychology | Art | Mathematics | Combinatorics,,,,,,,en,,review,low,doi,review,evidence_synthesis,secondary_literature,uncertain,uncertain,0.9,False,secondary_summary,abstract_only,abstract,abstract,secondary_literature,,,,,,,,,,,,"Multiple phase II and III clinical trials have proven the efficacy of psychedelics particularly Psilocybin in various mental and physical conditions like depression, addictions, anxiety, anorexia nervosa, and pain.",,,,"Projected from extraction_v1 coverage_mentions; coverage_type=summarizes; relationship is discussed in secondary literature, not treated as primary evidence"
compound_disorder,psychedelics,addictions,addictions,therapeutic_indication,,addictions,indication,True,,secondary literature coverage,,unclear,,,,unknown,10.4103/aip.aip_195_23,,Psychedelics: The New Kid on the Block,Prosenjit Ghosh; Avinash Desousa,2024,Annals of Indian Psychiatry,article,,2024-01-01,2588-8358,2588-8366,Medknow,,Block (permutation group theory) | Psychology | Art | Mathematics | Combinatorics,,,,,,,en,,review,low,doi,review,evidence_synthesis,secondary_literature,uncertain,uncertain,0.9,False,secondary_summary,abstract_only,abstract,abstract,secondary_literature,,,,,,,,,,,,"Multiple phase II and III clinical trials have proven the efficacy of psychedelics particularly Psilocybin in various mental and physical conditions like depression, addictions, anxiety, anorexia nervosa, and pain.",,,,"Projected from extraction_v1 coverage_mentions; coverage_type=summarizes; relationship is discussed in secondary literature, not treated as primary evidence"
compound_disorder,psychedelics,anxiety,anxiety,therapeutic_indication,,anxiety,indication,True,,secondary literature coverage,,unclear,,,,unknown,10.4103/aip.aip_195_23,,Psychedelics: The New Kid on the Block,Prosenjit Ghosh; Avinash Desousa,2024,Annals of Indian Psychiatry,article,,2024-01-01,2588-8358,2588-8366,Medknow,,Block (permutation group theory) | Psychology | Art | Mathematics | Combinatorics,,,,,,,en,,review,low,doi,review,evidence_synthesis,secondary_literature,uncertain,uncertain,0.9,False,secondary_summary,abstract_only,abstract,abstract,secondary_literature,,,,,,,,,,,,"Multiple phase II and III clinical trials have proven the efficacy of psychedelics particularly Psilocybin in various mental and physical conditions like depression, addictions, anxiety, anorexia nervosa, and pain.",,,,"Projected from extraction_v1 coverage_mentions; coverage_type=summarizes; relationship is discussed in secondary literature, not treated as primary evidence"
compound_disorder,psychedelics,anorexia nervosa,anorexia nervosa,therapeutic_indication,,anorexia nervosa,indication,True,,secondary literature coverage,,unclear,,,,unknown,10.4103/aip.aip_195_23,,Psychedelics: The New Kid on the Block,Prosenjit Ghosh; Avinash Desousa,2024,Annals of Indian Psychiatry,article,,2024-01-01,2588-8358,2588-8366,Medknow,,Block (permutation group theory) | Psychology | Art | Mathematics | Combinatorics,,,,,,,en,,review,low,doi,review,evidence_synthesis,secondary_literature,uncertain,uncertain,0.9,False,secondary_summary,abstract_only,abstract,abstract,secondary_literature,,,,,,,,,,,,"Multiple phase II and III clinical trials have proven the efficacy of psychedelics particularly Psilocybin in various mental and physical conditions like depression, addictions, anxiety, anorexia nervosa, and pain.",,,,"Projected from extraction_v1 coverage_mentions; coverage_type=summarizes; relationship is discussed in secondary literature, not treated as primary evidence"
compound_disorder,psychedelics,pain,pain,therapeutic_indication,,pain,indication,True,,secondary literature coverage,,unclear,,,,unknown,10.4103/aip.aip_195_23,,Psychedelics: The New Kid on the Block,Prosenjit Ghosh; Avinash Desousa,2024,Annals of Indian Psychiatry,article,,2024-01-01,2588-8358,2588-8366,Medknow,,Block (permutation group theory) | Psychology | Art | Mathematics | Combinatorics,,,,,,,en,,review,low,doi,review,evidence_synthesis,secondary_literature,uncertain,uncertain,0.9,False,secondary_summary,abstract_only,abstract,abstract,secondary_literature,,,,,,,,,,,,"Multiple phase II and III clinical trials have proven the efficacy of psychedelics particularly Psilocybin in various mental and physical conditions like depression, addictions, anxiety, anorexia nervosa, and pain.",,,,"Projected from extraction_v1 coverage_mentions; coverage_type=summarizes; relationship is discussed in secondary literature, not treated as primary evidence"
compound_disorder,mescaline,depression,depression,therapeutic_indication,,depression,indication,True,,secondary literature coverage,,unclear,,,,unknown,10.4103/aip.aip_195_23,,Psychedelics: The New Kid on the Block,Prosenjit Ghosh; Avinash Desousa,2024,Annals of Indian Psychiatry,article,,2024-01-01,2588-8358,2588-8366,Medknow,,Block (permutation group theory) | Psychology | Art | Mathematics | Combinatorics,,,,,,,en,,review,low,doi,review,evidence_synthesis,secondary_literature,uncertain,uncertain,0.8,False,secondary_summary,abstract_only,abstract,abstract,secondary_literature,,,,,,,,,,,,"As early as in 1934, French psychiatrists Henri Claude suggested the possibility of using mescaline for the treatment of depression.[10]",,,,"Projected from extraction_v1 coverage_mentions; coverage_type=mentions; relationship is discussed in secondary literature, not treated as primary evidence"
compound_disorder,ketamine,mood disorder-associated symptomatology,mood disorder-associated symptomatology,therapeutic_indication,,mood disorder-associated symptomatology,indication,True,,secondary literature coverage,,unclear,,,,unknown,10.1111/ejn.15239,,Inflammation‐driven brain and gut barrier dysfunction in stress and mood disorders,Ellen Doney; Alice Cadoret; Laurence Dion‐Albert; Manon Lebel; Caroline Ménard,2021,The European journal of neuroscience,"Journal Article | Review | Research Support, Non-U.S. Gov't",,2021-05-17,0953-816X,1460-9568,,Animals | Antidepressive Agents / pharmacology | Bipolar Disorder | Brain | Inflammation | Mood Disorders / etiology,PTSD | bipolar | blood-brain barrier | cytokine | depression | emotion | microbiome,CIHR,,,,,,eng,,review,low,doi,review,evidence_synthesis,secondary_literature,uncertain,uncertain,1.0,False,secondary_summary,full_text_seen,abstract,C001,secondary_literature,,,,,,,,,,,,"Novel therapeutic approaches such as anti-inflammatory drugs, the fast-acting antidepressant ketamine, and probiotics could directly act on the mechanisms described here improving mood disorder-associated symptomatology.",CIHR,,,"Projected from extraction_v1 coverage_mentions; coverage_type=discusses; relationship is discussed in secondary literature, not treated as primary evidence"
compound_disorder,ketamine,stress and mood disorders,stress and mood disorders,therapeutic_indication,,stress and mood disorders,indication,True,,secondary literature coverage,,unclear,,,,unknown,10.1111/ejn.15239,,Inflammation‐driven brain and gut barrier dysfunction in stress and mood disorders,Ellen Doney; Alice Cadoret; Laurence Dion‐Albert; Manon Lebel; Caroline Ménard,2021,The European journal of neuroscience,"Journal Article | Review | Research Support, Non-U.S. Gov't",,2021-05-17,0953-816X,1460-9568,,Animals | Antidepressive Agents / pharmacology | Bipolar Disorder | Brain | Inflammation | Mood Disorders / etiology,PTSD | bipolar | blood-brain barrier | cytokine | depression | emotion | microbiome,CIHR,,,,,,eng,,review,low,doi,review,evidence_synthesis,secondary_literature,uncertain,uncertain,1.0,False,secondary_summary,full_text_seen,text,"S021, C027",secondary_literature,,,,,,,,,,,,"Ketamine, a non-competitive NMDA receptor antagonist, is another promising recent treatment for stress and mood disorders. Enthusiasm is mainly due to the rapid-acting antidepressant effect, vs. several weeks for commonly prescribed drugs, making it an ideal candidate for relief of suicidal ideation.",CIHR,,,"Projected from extraction_v1 coverage_mentions; coverage_type=discusses; relationship is discussed in secondary literature, not treated as primary evidence"
compound_disorder,ketamine,depressive-like symptoms,depressive-like symptoms,therapeutic_indication,,depressive-like symptoms,indication,True,,secondary literature coverage,,unclear,,,,unknown,10.1111/ejn.15239,,Inflammation‐driven brain and gut barrier dysfunction in stress and mood disorders,Ellen Doney; Alice Cadoret; Laurence Dion‐Albert; Manon Lebel; Caroline Ménard,2021,The European journal of neuroscience,"Journal Article | Review | Research Support, Non-U.S. Gov't",,2021-05-17,0953-816X,1460-9568,,Animals | Antidepressive Agents / pharmacology | Bipolar Disorder | Brain | Inflammation | Mood Disorders / etiology,PTSD | bipolar | blood-brain barrier | cytokine | depression | emotion | microbiome,CIHR,,,,,,eng,,review,low,doi,review,evidence_synthesis,secondary_literature,uncertain,uncertain,1.0,False,secondary_summary,full_text_seen,text,"S021, C027",secondary_literature,,,,,,,,,,,,"In mice, ketamine reverses depressive-like symptoms (Brachman et al., 2016; Iñiguez et al., 2018)",CIHR,,,"Projected from extraction_v1 coverage_mentions; coverage_type=discusses; relationship is discussed in secondary literature, not treated as primary evidence"
compound_disorder,ketamine,depressive patients,depressive patients,therapeutic_indication,,depressive patients,indication,True,,secondary literature coverage,,unclear,,,,unknown,10.1111/ejn.15239,,Inflammation‐driven brain and gut barrier dysfunction in stress and mood disorders,Ellen Doney; Alice Cadoret; Laurence Dion‐Albert; Manon Lebel; Caroline Ménard,2021,The European journal of neuroscience,"Journal Article | Review | Research Support, Non-U.S. Gov't",,2021-05-17,0953-816X,1460-9568,,Animals | Antidepressive Agents / pharmacology | Bipolar Disorder | Brain | Inflammation | Mood Disorders / etiology,PTSD | bipolar | blood-brain barrier | cytokine | depression | emotion | microbiome,CIHR,,,,,,eng,,review,low,doi,review,evidence_synthesis,secondary_literature,uncertain,uncertain,1.0,False,secondary_summary,full_text_seen,text,"S021, C027",secondary_literature,,,,,,,,,,,,"In a clinical trial that included treatment-resistant depressive patients, ketamine administration led to a small decrease of circulating IL-6 and IL-1α (Kiraly et al., 2017).",CIHR,,,"Projected from extraction_v1 coverage_mentions; coverage_type=discusses; relationship is discussed in secondary literature, not treated as primary evidence"
compound_disorder,ketamine,BD patients,BD patients,therapeutic_indication,,BD patients,indication,True,,secondary literature coverage,,unclear,,,,unknown,10.1111/ejn.15239,,Inflammation‐driven brain and gut barrier dysfunction in stress and mood disorders,Ellen Doney; Alice Cadoret; Laurence Dion‐Albert; Manon Lebel; Caroline Ménard,2021,The European journal of neuroscience,"Journal Article | Review | Research Support, Non-U.S. Gov't",,2021-05-17,0953-816X,1460-9568,,Animals | Antidepressive Agents / pharmacology | Bipolar Disorder | Brain | Inflammation | Mood Disorders / etiology,PTSD | bipolar | blood-brain barrier | cytokine | depression | emotion | microbiome,CIHR,,,,,,eng,,review,low,doi,review,evidence_synthesis,secondary_literature,uncertain,uncertain,1.0,False,secondary_summary,full_text_seen,text,"S021, C027",secondary_literature,,,,,,,,,,,,"In BD patients, ketamine has rapid effects on KYN and neuroprotective kynurenic acid (KYNA) levels altogether with beneficial changes of cytokine levels (Kadriu et al., 2019).",CIHR,,,"Projected from extraction_v1 coverage_mentions; coverage_type=discusses; relationship is discussed in secondary literature, not treated as primary evidence"
compound_disorder,ketamine,suicide risk,suicide risk,therapeutic_indication,,suicide risk,indication,True,,secondary literature coverage,,unclear,,,,unknown,10.3389/fpsyt.2022.997974,,Inpatient suicide in psychiatric settings: Evaluation of current prevention measures,Francesca Chammas; Dominique Januel; Noomane Bouaziz,2022,Frontiers in Psychiatry,journal-article,,2022-10-28,1664-0640,,Frontiers Media SA,,anhedonia | environment design | hospitalization | psychotherapy | risk factors | secondary prevention | suicide,,,,,,,eng,,review,low,doi,review,evidence_synthesis,secondary_literature,uncertain,uncertain,0.9,False,secondary_summary,full_text_seen,abstract,C001,secondary_literature,,,,,,,,,,,,"There are several pharmacological treatments for suicide risk, such as lithium and clozapine, which have been shown to be effective in the long term, as well as ketamine and esketamine, which are more effective in the short term.",,,,"Projected from extraction_v1 coverage_mentions; coverage_type=discusses; relationship is discussed in secondary literature, not treated as primary evidence"
compound_disorder,esketamine,suicide risk,suicide risk,therapeutic_indication,,suicide risk,indication,True,,secondary literature coverage,,unclear,,,,unknown,10.3389/fpsyt.2022.997974,,Inpatient suicide in psychiatric settings: Evaluation of current prevention measures,Francesca Chammas; Dominique Januel; Noomane Bouaziz,2022,Frontiers in Psychiatry,journal-article,,2022-10-28,1664-0640,,Frontiers Media SA,,anhedonia | environment design | hospitalization | psychotherapy | risk factors | secondary prevention | suicide,,,,,,,eng,,review,low,doi,review,evidence_synthesis,secondary_literature,uncertain,uncertain,0.9,False,secondary_summary,full_text_seen,abstract,C001,secondary_literature,,,,,,,,,,,,"There are several pharmacological treatments for suicide risk, such as lithium and clozapine, which have been shown to be effective in the long term, as well as ketamine and esketamine, which are more effective in the short term.",,,,"Projected from extraction_v1 coverage_mentions; coverage_type=discusses; relationship is discussed in secondary literature, not treated as primary evidence"
compound_disorder,buprenorphine,suicide risk,suicide risk,therapeutic_indication,,suicide risk,indication,True,,secondary literature coverage,,unclear,,,,unknown,10.3389/fpsyt.2022.997974,,Inpatient suicide in psychiatric settings: Evaluation of current prevention measures,Francesca Chammas; Dominique Januel; Noomane Bouaziz,2022,Frontiers in Psychiatry,journal-article,,2022-10-28,1664-0640,,Frontiers Media SA,,anhedonia | environment design | hospitalization | psychotherapy | risk factors | secondary prevention | suicide,,,,,,,eng,,review,low,doi,review,evidence_synthesis,secondary_literature,uncertain,uncertain,0.9,False,secondary_summary,full_text_seen,abstract,C001,secondary_literature,,,,,,,,,,,,"Following some encouraging recent results, buprenorphine may also be proposed to patients with a suicide risk.",,,,"Projected from extraction_v1 coverage_mentions; coverage_type=discusses; relationship is discussed in secondary literature, not treated as primary evidence"
compound_disorder,ketamine,suicidal ideation,suicidal ideation,therapeutic_indication,,suicidal ideation,indication,True,,secondary literature coverage,,unclear,,,,unknown,10.3389/fpsyt.2022.997974,,Inpatient suicide in psychiatric settings: Evaluation of current prevention measures,Francesca Chammas; Dominique Januel; Noomane Bouaziz,2022,Frontiers in Psychiatry,journal-article,,2022-10-28,1664-0640,,Frontiers Media SA,,anhedonia | environment design | hospitalization | psychotherapy | risk factors | secondary prevention | suicide,,,,,,,eng,,review,low,doi,review,evidence_synthesis,secondary_literature,uncertain,uncertain,0.9,False,secondary_summary,full_text_seen,text,"S029, C030",secondary_literature,,,,,,,,,,,,"Several clinical trials have demonstrated that subanesthetic doses of ketamine have rapid-acting antidepressant (231) (232) (233) (234) , as well as anti-suicidal properties (235) (236) (237) (238) , in patients with mood disorders (bipolar and unipolar depression). Given the rapid antidepressant effects of ketamine, this molecule is of great interest in patients at imminent risk of suicide. Pharmacologically, infusions of ketamine at subanesthetic doses have been associated with reduced suicidal ideation and improved hedonia, independent of depressive symptoms (239, 240) . Ketamine therefore has an effect on anhedonia, pain, and psychological pain. Wilkinson et al. (230) proposed a meta-analysis of 10 studies that showed that a single infusion of ketamine could drastically and rapidly reduce suicidal ideation in depressed patients with an effect maintained at 7 days, regardless of whether suicidal ideation was assessed by the clinician or the patient. More than 50% of patients were free of suicidal ideation within the first 24 h after ketamine injection vs. 20% in the placebo group.",,,,"Projected from extraction_v1 coverage_mentions; coverage_type=discusses; relationship is discussed in secondary literature, not treated as primary evidence"
compound_disorder,esketamine,suicidal risk,suicidal risk,therapeutic_indication,,suicidal risk,indication,True,,secondary literature coverage,,unclear,,,,unknown,10.3389/fpsyt.2022.997974,,Inpatient suicide in psychiatric settings: Evaluation of current prevention measures,Francesca Chammas; Dominique Januel; Noomane Bouaziz,2022,Frontiers in Psychiatry,journal-article,,2022-10-28,1664-0640,,Frontiers Media SA,,anhedonia | environment design | hospitalization | psychotherapy | risk factors | secondary prevention | suicide,,,,,,,eng,,review,low,doi,review,evidence_synthesis,secondary_literature,uncertain,uncertain,0.9,False,secondary_summary,full_text_seen,text,"S029, C030",secondary_literature,,,,,,,,,,,,"Esketamine (S-enantiomer of ketamine) nasal spray was recently approved in the United States and European Union for the indication of resistant depression in adults (Spravato Summary of Product Characteristics 2019; Spravato Prescribing Information 2020). Rapid, robust, and clinically meaningful reduction in depressive symptoms has been demonstrated in resistant depression (242) as well as in depressed patients at imminent risk of suicide (243) . This also suggests that esketamine would be an adequate treatment to bridge the delayed onset of efficacy created by the delayed onset of action of conventional antidepressants. Finally, two recent studies show that esketamine nasal spray rapidly reduces depressive symptoms in patients suffering from major depressive episodes with high intentionality to commit suicide (244, 245) . Esketamine has shown rapid efficacy in the treatment of resistant depression as well as in the treatment of severe depression associated with suicidal risk (246) .",,,,"Projected from extraction_v1 coverage_mentions; coverage_type=discusses; relationship is discussed in secondary literature, not treated as primary evidence"
compound_disorder,buprenorphine,suicidal ideation,suicidal ideation,therapeutic_indication,,suicidal ideation,indication,True,,secondary literature coverage,,unclear,,,,unknown,10.3389/fpsyt.2022.997974,,Inpatient suicide in psychiatric settings: Evaluation of current prevention measures,Francesca Chammas; Dominique Januel; Noomane Bouaziz,2022,Frontiers in Psychiatry,journal-article,,2022-10-28,1664-0640,,Frontiers Media SA,,anhedonia | environment design | hospitalization | psychotherapy | risk factors | secondary prevention | suicide,,,,,,,eng,,review,low,doi,review,evidence_synthesis,secondary_literature,uncertain,uncertain,0.9,False,secondary_summary,full_text_seen,text,"S030, C031",secondary_literature,,,,,,,,,,,,"In their study, Yovell et al. (255) aimed to evaluate the efficacy of very low doses of buprenorphine (0.1 mg sublingual 1-2/day) in addition to their background treatment in patients at high risk of suicide without substance use disorders for 4 weeks. In this double-blind randomized controlled trial, they found that these low doses of buprenorphine were associated with a decrease in suicidal ideation.",,,,"Projected from extraction_v1 coverage_mentions; coverage_type=discusses; relationship is discussed in secondary literature, not treated as primary evidence"
compound_disorder,classic psychedelics,adverse events,adverse events,therapeutic_indication,,adverse events,indication,True,,secondary literature coverage,,unclear,,,,unknown,10.1001/jamapsychiatry.2024.2546,,Adverse Events in Studies of Classic Psychedelics,Jared T. Hinkle; Marianna Graziosi; Sandeep M. Nayak; David B. Yaden,2024,JAMA Psychiatry,journal-article,,2024-09-04,2168-622X,2168-6238,American Medical Association (AMA),"Hallucinogens / adverse effects | Hallucinogens / administration & dosage | Humans | Lysergic Acid Diethylamide / adverse effects | Lysergic Acid Diethylamide / administration & dosage | Psilocybin / adverse effects | Psilocybin / administration & dosage | N,N-Dimethyltryptamine / adverse effects | N,N-Dimethyltryptamine / administration & dosage",,,,,,,,eng,,systematic_review,low,doi,systematic_review,evidence_synthesis,secondary_literature,uncertain,uncertain,1.0,False,secondary_summary,full_text_seen,abstract,Abstract,systematic review and meta-analysis,,,,,,,,,,,,"In this systematic review and meta-analysis, classic psychedelics were generally well tolerated in clinical or research settings according to the existing literature, although SAEs did occur.",,,,"Projected from extraction_v1 coverage_mentions; coverage_type=summarizes; relationship is discussed in secondary literature, not treated as primary evidence"
compound_disorder,classic psychedelics,"worsening depression, suicidal behavior, psychosis, and convulsive episodes","worsening depression, suicidal behavior, psychosis, and convulsive episodes",therapeutic_indication,,"worsening depression, suicidal behavior, psychosis, and convulsive episodes",indication,True,,secondary literature coverage,,unclear,,,,unknown,10.1001/jamapsychiatry.2024.2546,,Adverse Events in Studies of Classic Psychedelics,Jared T. Hinkle; Marianna Graziosi; Sandeep M. Nayak; David B. Yaden,2024,JAMA Psychiatry,journal-article,,2024-09-04,2168-622X,2168-6238,American Medical Association (AMA),"Hallucinogens / adverse effects | Hallucinogens / administration & dosage | Humans | Lysergic Acid Diethylamide / adverse effects | Lysergic Acid Diethylamide / administration & dosage | Psilocybin / adverse effects | Psilocybin / administration & dosage | N,N-Dimethyltryptamine / adverse effects | N,N-Dimethyltryptamine / administration & dosage",,,,,,,,eng,,systematic_review,low,doi,systematic_review,evidence_synthesis,secondary_literature,uncertain,uncertain,1.0,False,secondary_summary,full_text_seen,abstract,Abstract,systematic review and meta-analysis,,,,,,,,,,,,"SAEs were reported for no healthy participants and for approximately 4% of participants with preexisting neuropsychiatric disorders; among these SAEs were worsening depression, suicidal behavior, psychosis, and convulsive episodes.",,,,"Projected from extraction_v1 coverage_mentions; coverage_type=summarizes; relationship is discussed in secondary literature, not treated as primary evidence"
compound_disorder,classic psychedelics,"deaths by suicide, persistent psychotic disorders, or hallucinogen persisting perception disorders","deaths by suicide, persistent psychotic disorders, or hallucinogen persisting perception disorders",therapeutic_indication,,"deaths by suicide, persistent psychotic disorders, or hallucinogen persisting perception disorders",indication,True,,secondary literature coverage,,unclear,,,,unknown,10.1001/jamapsychiatry.2024.2546,,Adverse Events in Studies of Classic Psychedelics,Jared T. Hinkle; Marianna Graziosi; Sandeep M. Nayak; David B. Yaden,2024,JAMA Psychiatry,journal-article,,2024-09-04,2168-622X,2168-6238,American Medical Association (AMA),"Hallucinogens / adverse effects | Hallucinogens / administration & dosage | Humans | Lysergic Acid Diethylamide / adverse effects | Lysergic Acid Diethylamide / administration & dosage | Psilocybin / adverse effects | Psilocybin / administration & dosage | N,N-Dimethyltryptamine / adverse effects | N,N-Dimethyltryptamine / administration & dosage",,,,,,,,eng,,systematic_review,low,doi,systematic_review,evidence_synthesis,secondary_literature,uncertain,uncertain,1.0,False,secondary_summary,full_text_seen,abstract,Abstract,systematic review and meta-analysis,,,,,,,,,,,,"In contemporary research settings, there were no reports of deaths by suicide, persistent psychotic disorders, or hallucinogen persisting perception disorders following administration of high-dose classic psychedelics.",,,,"Projected from extraction_v1 coverage_mentions; coverage_type=summarizes; relationship is discussed in secondary literature, not treated as primary evidence"
compound_disorder,psilocybin and LSD,"headache, anxiety, nausea, fatigue, and dizziness","headache, anxiety, nausea, fatigue, and dizziness",therapeutic_indication,,"headache, anxiety, nausea, fatigue, and dizziness",indication,True,,secondary literature coverage,,unclear,,,,unknown,10.1001/jamapsychiatry.2024.2546,,Adverse Events in Studies of Classic Psychedelics,Jared T. Hinkle; Marianna Graziosi; Sandeep M. Nayak; David B. Yaden,2024,JAMA Psychiatry,journal-article,,2024-09-04,2168-622X,2168-6238,American Medical Association (AMA),"Hallucinogens / adverse effects | Hallucinogens / administration & dosage | Humans | Lysergic Acid Diethylamide / adverse effects | Lysergic Acid Diethylamide / administration & dosage | Psilocybin / adverse effects | Psilocybin / administration & dosage | N,N-Dimethyltryptamine / adverse effects | N,N-Dimethyltryptamine / administration & dosage",,,,,,,,eng,,systematic_review,low,doi,systematic_review,evidence_synthesis,secondary_literature,uncertain,uncertain,1.0,False,secondary_summary,full_text_seen,abstract,Abstract,systematic review and meta-analysis,,,,,,,,,,,,"Meta-analyses of prevalence for common AEs (eg, headache, anxiety, nausea, fatigue, and dizziness) yielded comparable results for psilocybin and LSD.",,,,"Projected from extraction_v1 coverage_mentions; coverage_type=meta_analyzes; relationship is discussed in secondary literature, not treated as primary evidence"
compound_disorder,ketamine,treatment-resistant depression,treatment-resistant depression,therapeutic_indication,,treatment-resistant depression,indication,True,,secondary literature coverage,,unclear,,,,unknown,10.1007/s43440-023-00542-9,,Preclinical models of treatment-resistant depression: challenges and perspectives,Magdalena Kolasa; Agata Faron-Górecka,2023,Pharmacological Reports,journal-article,,2023-10-26,1734-1140,2299-5684,Springer Science and Business Media LLC,"Rats | Animals | Humans | Depression | Major Depressive Disorder / drug therapy | Antidepressive Agents / therapeutic use | Antidepressive Agents / pharmacology | Depressive Disorder, Treatment-Resistant / drug therapy | Rats, Inbred WKY",Animal models | Chronic mild stress | DBS | Ketamine | Psilocybin | Treatment-resistant depression | Wistar Kyoto rats,Instytut Farmakologii im. Jerzego Maja Polskiej Akademii Nauk,Statutory Activity,,,,,eng,,review,low,doi,review,evidence_synthesis,secondary_literature,uncertain,uncertain,1.0,False,secondary_summary,full_text_seen,abstract,C001,secondary_literature,,,,,,,,,,,,"In this review, we will focus on reviewing research on existing and novel therapies for TRD, including ketamine, deep brain stimulation (DBS), and psychedelic drugs in the context of preclinical studies in representative animal models of TRD.",Instytut Farmakologii im. Jerzego Maja Polskiej Akademii Nauk,,,"Projected from extraction_v1 coverage_mentions; coverage_type=reviews; relationship is discussed in secondary literature, not treated as primary evidence"
compound_disorder,esketamine,treatment-resistant depression,treatment-resistant depression,therapeutic_indication,,treatment-resistant depression,indication,True,,secondary literature coverage,,unclear,,,,unknown,10.1007/s43440-023-00542-9,,Preclinical models of treatment-resistant depression: challenges and perspectives,Magdalena Kolasa; Agata Faron-Górecka,2023,Pharmacological Reports,journal-article,,2023-10-26,1734-1140,2299-5684,Springer Science and Business Media LLC,"Rats | Animals | Humans | Depression | Major Depressive Disorder / drug therapy | Antidepressive Agents / therapeutic use | Antidepressive Agents / pharmacology | Depressive Disorder, Treatment-Resistant / drug therapy | Rats, Inbred WKY",Animal models | Chronic mild stress | DBS | Ketamine | Psilocybin | Treatment-resistant depression | Wistar Kyoto rats,Instytut Farmakologii im. Jerzego Maja Polskiej Akademii Nauk,Statutory Activity,,,,,eng,,review,low,doi,review,evidence_synthesis,secondary_literature,uncertain,uncertain,0.9,False,secondary_summary,full_text_seen,text,C010,secondary_literature,,,,,,,,,,,,"Recently, esketamine (Spravato, Janssen Pharmaceuticals, Raritan, NJ) has been approved by FDA and the European Medicines Agency (EMA) as the only pharmacological agent with glutamatergic neuromodulatory properties aimed at enhancing the effects of selective serotonin reuptake inhibitors or serotonin and norepinephrine reuptamine inhibitors [57, 58] .",Instytut Farmakologii im. Jerzego Maja Polskiej Akademii Nauk,,,"Projected from extraction_v1 coverage_mentions; coverage_type=discusses; relationship is discussed in secondary literature, not treated as primary evidence"
compound_disorder,psilocybin,treatment-resistant depression,treatment-resistant depression,therapeutic_indication,,treatment-resistant depression,indication,True,,secondary literature coverage,,unclear,,,,unknown,10.1007/s43440-023-00542-9,,Preclinical models of treatment-resistant depression: challenges and perspectives,Magdalena Kolasa; Agata Faron-Górecka,2023,Pharmacological Reports,journal-article,,2023-10-26,1734-1140,2299-5684,Springer Science and Business Media LLC,"Rats | Animals | Humans | Depression | Major Depressive Disorder / drug therapy | Antidepressive Agents / therapeutic use | Antidepressive Agents / pharmacology | Depressive Disorder, Treatment-Resistant / drug therapy | Rats, Inbred WKY",Animal models | Chronic mild stress | DBS | Ketamine | Psilocybin | Treatment-resistant depression | Wistar Kyoto rats,Instytut Farmakologii im. Jerzego Maja Polskiej Akademii Nauk,Statutory Activity,,,,,eng,,review,low,doi,review,evidence_synthesis,secondary_literature,uncertain,uncertain,1.0,False,secondary_summary,full_text_seen,abstract,C001,secondary_literature,,,,,,,,,,,,"In this review, we will focus on reviewing research on existing and novel therapies for TRD, including ketamine, deep brain stimulation (DBS), and psychedelic drugs in the context of preclinical studies in representative animal models of TRD.",Instytut Farmakologii im. Jerzego Maja Polskiej Akademii Nauk,,,"Projected from extraction_v1 coverage_mentions; coverage_type=reviews; relationship is discussed in secondary literature, not treated as primary evidence"
compound_disorder,psilocybin,treatment-resistant depression,treatment-resistant depression,therapeutic_indication,,treatment-resistant depression,indication,True,,secondary literature coverage,,unclear,,,,unknown,10.1007/s43440-023-00542-9,,Preclinical models of treatment-resistant depression: challenges and perspectives,Magdalena Kolasa; Agata Faron-Górecka,2023,Pharmacological Reports,journal-article,,2023-10-26,1734-1140,2299-5684,Springer Science and Business Media LLC,"Rats | Animals | Humans | Depression | Major Depressive Disorder / drug therapy | Antidepressive Agents / therapeutic use | Antidepressive Agents / pharmacology | Depressive Disorder, Treatment-Resistant / drug therapy | Rats, Inbred WKY",Animal models | Chronic mild stress | DBS | Ketamine | Psilocybin | Treatment-resistant depression | Wistar Kyoto rats,Instytut Farmakologii im. Jerzego Maja Polskiej Akademii Nauk,Statutory Activity,,,,,eng,,review,low,doi,review,evidence_synthesis,secondary_literature,uncertain,uncertain,0.9,False,secondary_summary,full_text_seen,text,C010,secondary_literature,,,,,,,,,,,,Recent studies have been concentrating on the antidepressant effects of psilocybin in the context of TRD therapy.,Instytut Farmakologii im. Jerzego Maja Polskiej Akademii Nauk,,,"Projected from extraction_v1 coverage_mentions; coverage_type=discusses; relationship is discussed in secondary literature, not treated as primary evidence"
compound_disorder,psilocybin,treatment-resistant depression,treatment-resistant depression,therapeutic_indication,,treatment-resistant depression,indication,True,,secondary literature coverage,,unclear,,,,unknown,10.1007/s43440-023-00542-9,,Preclinical models of treatment-resistant depression: challenges and perspectives,Magdalena Kolasa; Agata Faron-Górecka,2023,Pharmacological Reports,journal-article,,2023-10-26,1734-1140,2299-5684,Springer Science and Business Media LLC,"Rats | Animals | Humans | Depression | Major Depressive Disorder / drug therapy | Antidepressive Agents / therapeutic use | Antidepressive Agents / pharmacology | Depressive Disorder, Treatment-Resistant / drug therapy | Rats, Inbred WKY",Animal models | Chronic mild stress | DBS | Ketamine | Psilocybin | Treatment-resistant depression | Wistar Kyoto rats,Instytut Farmakologii im. Jerzego Maja Polskiej Akademii Nauk,Statutory Activity,,,,,eng,,review,low,doi,review,evidence_synthesis,secondary_literature,uncertain,uncertain,0.9,False,secondary_summary,full_text_seen,text,C010,secondary_literature,,,,,,,,,,,,"Based on clinical trials data, on July 1, 2023, psilocybin was legalized by the Therapeutic Goods Administration (TGA) in Australia for the treatment of TRD [70] .",Instytut Farmakologii im. Jerzego Maja Polskiej Akademii Nauk,,,"Projected from extraction_v1 coverage_mentions; coverage_type=discusses; relationship is discussed in secondary literature, not treated as primary evidence"
compound_disorder,Lysergic acid diethylamide (LSD),treatment-resistant depression,treatment-resistant depression,therapeutic_indication,,treatment-resistant depression,indication,True,,secondary literature coverage,,unclear,,,,unknown,10.1007/s43440-023-00542-9,,Preclinical models of treatment-resistant depression: challenges and perspectives,Magdalena Kolasa; Agata Faron-Górecka,2023,Pharmacological Reports,journal-article,,2023-10-26,1734-1140,2299-5684,Springer Science and Business Media LLC,"Rats | Animals | Humans | Depression | Major Depressive Disorder / drug therapy | Antidepressive Agents / therapeutic use | Antidepressive Agents / pharmacology | Depressive Disorder, Treatment-Resistant / drug therapy | Rats, Inbred WKY",Animal models | Chronic mild stress | DBS | Ketamine | Psilocybin | Treatment-resistant depression | Wistar Kyoto rats,Instytut Farmakologii im. Jerzego Maja Polskiej Akademii Nauk,Statutory Activity,,,,,eng,,review,low,doi,review,evidence_synthesis,secondary_literature,uncertain,uncertain,0.8,False,secondary_summary,full_text_seen,text,C010,secondary_literature,,,,,,,,,,,,"Evidence from rodent studies demonstrates that not only psilocybin [71] but also other classical psychedelic substances, such as Lysergic acid diethylamide (LSD) [71, 72] , psilocin, and N,N-dimethyltryptamine (DMT) [73] , elicit enduring behavioral outcomes akin to those achieved with conventional antidepressant treatments, especially concerning coping strategies and cognitive functions.",Instytut Farmakologii im. Jerzego Maja Polskiej Akademii Nauk,,,"Projected from extraction_v1 coverage_mentions; coverage_type=discusses; relationship is discussed in secondary literature, not treated as primary evidence"
compound_disorder,"N,N-dimethyltryptamine (DMT)",treatment-resistant depression,treatment-resistant depression,therapeutic_indication,,treatment-resistant depression,indication,True,,secondary literature coverage,,unclear,,,,unknown,10.1007/s43440-023-00542-9,,Preclinical models of treatment-resistant depression: challenges and perspectives,Magdalena Kolasa; Agata Faron-Górecka,2023,Pharmacological Reports,journal-article,,2023-10-26,1734-1140,2299-5684,Springer Science and Business Media LLC,"Rats | Animals | Humans | Depression | Major Depressive Disorder / drug therapy | Antidepressive Agents / therapeutic use | Antidepressive Agents / pharmacology | Depressive Disorder, Treatment-Resistant / drug therapy | Rats, Inbred WKY",Animal models | Chronic mild stress | DBS | Ketamine | Psilocybin | Treatment-resistant depression | Wistar Kyoto rats,Instytut Farmakologii im. Jerzego Maja Polskiej Akademii Nauk,Statutory Activity,,,,,eng,,review,low,doi,review,evidence_synthesis,secondary_literature,uncertain,uncertain,0.8,False,secondary_summary,full_text_seen,text,C010,secondary_literature,,,,,,,,,,,,"Evidence from rodent studies demonstrates that not only psilocybin [71] but also other classical psychedelic substances, such as Lysergic acid diethylamide (LSD) [71, 72] , psilocin, and N,N-dimethyltryptamine (DMT) [73] , elicit enduring behavioral outcomes akin to those achieved with conventional antidepressant treatments, especially concerning coping strategies and cognitive functions.",Instytut Farmakologii im. Jerzego Maja Polskiej Akademii Nauk,,,"Projected from extraction_v1 coverage_mentions; coverage_type=discusses; relationship is discussed in secondary literature, not treated as primary evidence"
compound_disorder,ketamine,Treatment-resistant depression,Treatment-resistant depression,therapeutic_indication,,Treatment-resistant depression,indication,True,,secondary literature coverage,,unclear,,,,unknown,10.1016/j.bpsgos.2025.100610,,Therapeutic Shifts and Scientific Influence in Treatment-Resistant Depression Research: A Data-Driven Perspective.,Liu Y; Kou Z,2026,Biological psychiatry global open science,Journal Article,,2025-09-09,2667-1743,2667-1743,,,Bibliometric analysis | Ketamine | Neurobiology | Therapeutic trends | Treatment-resistant depression,,,,,,,eng,,review,low,doi,review,evidence_synthesis,secondary_literature,uncertain,uncertain,1.0,False,secondary_summary,full_text_seen,abstract,"Abstract, C001",bibliometric analysis,,,,,,,,,,,,"A pivotal shift from invasive techniques (dominant before 2000) to ketamine-based therapies was observed, with ketamine-related publications surging after 2010.",,,,"Projected from extraction_v1 coverage_mentions; coverage_type=discusses; relationship is discussed in secondary literature, not treated as primary evidence"
compound_disorder,ketamine,Treatment-resistant depression,Treatment-resistant depression,therapeutic_indication,,Treatment-resistant depression,indication,True,,secondary literature coverage,,unclear,,,,unknown,10.1016/j.bpsgos.2025.100610,,Therapeutic Shifts and Scientific Influence in Treatment-Resistant Depression Research: A Data-Driven Perspective.,Liu Y; Kou Z,2026,Biological psychiatry global open science,Journal Article,,2025-09-09,2667-1743,2667-1743,,,Bibliometric analysis | Ketamine | Neurobiology | Therapeutic trends | Treatment-resistant depression,,,,,,,eng,,review,low,doi,review,evidence_synthesis,secondary_literature,uncertain,uncertain,1.0,False,secondary_summary,full_text_seen,text,C002,bibliometric analysis,,,,,,,,,,,,The discovery that subanesthetic doses of ketamine exert rapid and sustained antidepressant effects provided a breakthrough that is consistent with glutamatergic theories of depression (9) .,,,,"Projected from extraction_v1 coverage_mentions; coverage_type=discusses; relationship is discussed in secondary literature, not treated as primary evidence"
compound_disorder,esketamine,Treatment-resistant depression,Treatment-resistant depression,therapeutic_indication,,Treatment-resistant depression,indication,True,,secondary literature coverage,,unclear,,,,unknown,10.1016/j.bpsgos.2025.100610,,Therapeutic Shifts and Scientific Influence in Treatment-Resistant Depression Research: A Data-Driven Perspective.,Liu Y; Kou Z,2026,Biological psychiatry global open science,Journal Article,,2025-09-09,2667-1743,2667-1743,,,Bibliometric analysis | Ketamine | Neurobiology | Therapeutic trends | Treatment-resistant depression,,,,,,,eng,,review,low,doi,review,evidence_synthesis,secondary_literature,uncertain,uncertain,1.0,False,secondary_summary,full_text_seen,text,C009,bibliometric analysis,,,,,,,,,,,,"""Ketamine"" has remained a hot topic and its isomer ""esketamine"" has been more active in recent years.",,,,"Projected from extraction_v1 coverage_mentions; coverage_type=discusses; relationship is discussed in secondary literature, not treated as primary evidence"
compound_disorder,psilocybin,Treatment-resistant depression,Treatment-resistant depression,therapeutic_indication,,Treatment-resistant depression,indication,True,,secondary literature coverage,,unclear,,,,unknown,10.1016/j.bpsgos.2025.100610,,Therapeutic Shifts and Scientific Influence in Treatment-Resistant Depression Research: A Data-Driven Perspective.,Liu Y; Kou Z,2026,Biological psychiatry global open science,Journal Article,,2025-09-09,2667-1743,2667-1743,,,Bibliometric analysis | Ketamine | Neurobiology | Therapeutic trends | Treatment-resistant depression,,,,,,,eng,,review,low,doi,review,evidence_synthesis,secondary_literature,uncertain,uncertain,0.9,False,secondary_summary,full_text_seen,text,C002,bibliometric analysis,,,,,,,,,,,,"Notably, early research focused on deep brain stimulation (DBS), whereas in recent years, there has been a growing interest in ketamine, psilocybin, and inflammation-related mechanisms.",,,,"Projected from extraction_v1 coverage_mentions; coverage_type=mentions; relationship is discussed in secondary literature, not treated as primary evidence"
compound_disorder,psilocybin,major depression,major depression,therapeutic_indication,,major depression,indication,True,,secondary literature coverage,,unclear,,,,unknown,10.1016/j.pharmthera.2024.108641,,Psilocybin for dementia prevention? The potential role of psilocybin to alter mechanisms associated with major depression and neurodegenerative diseases,Zarah R. Haniff; Mariia Bocharova; Tim Mantingh; James J. Rucker; Latha Velayudhan; David M. Taylor; Allan H. Young; Dag Aarsland; Anthony C. Vernon; Sandrine Thuret,2024,Pharmacology & Therapeutics,journal-article,,2024-04-06,0163-7258,1879-016X,Elsevier BV,Humans | Dementia / prevention & control | Dementia / drug therapy | Animals | Neurodegenerative Diseases / drug therapy | Neurodegenerative Diseases / prevention & control | Major Depressive Disorder / drug therapy | Neurogenesis / drug effects | Psilocybin / therapeutic use | Psilocybin / pharmacology | Hippocampus / drug effects | Hallucinogens / pharmacology | Hallucinogens / therapeutic use | Antidepressive Agents / pharmacology | Antidepressive Agents / therapeutic use | Microglia / drug effects,Dementia | Depression | Hippocampal neurogenesis | Microglia | Psilocybin,Wellcome Trust | Medical Research Council,RE20960 | MR/N026063/1,,,,,eng,,review,low,doi,review,evidence_synthesis,secondary_literature,uncertain,uncertain,0.9,False,secondary_summary,full_text_seen,abstract,Abstract,secondary_literature,,,,,,,,,,,,"psilocybin, a serotonergic agonist with rapid-acting antidepressant properties has the potential to ameliorate intersecting pathophysiological processes relevant for both major depression and neurodegenerative diseases.",Wellcome Trust | Medical Research Council,,,"Projected from extraction_v1 coverage_mentions; coverage_type=discusses; relationship is discussed in secondary literature, not treated as primary evidence"
compound_disorder,psilocybin,dementia,dementia,therapeutic_indication,,dementia,indication,True,,secondary literature coverage,,unclear,,,,unknown,10.1016/j.pharmthera.2024.108641,,Psilocybin for dementia prevention? The potential role of psilocybin to alter mechanisms associated with major depression and neurodegenerative diseases,Zarah R. Haniff; Mariia Bocharova; Tim Mantingh; James J. Rucker; Latha Velayudhan; David M. Taylor; Allan H. Young; Dag Aarsland; Anthony C. Vernon; Sandrine Thuret,2024,Pharmacology & Therapeutics,journal-article,,2024-04-06,0163-7258,1879-016X,Elsevier BV,Humans | Dementia / prevention & control | Dementia / drug therapy | Animals | Neurodegenerative Diseases / drug therapy | Neurodegenerative Diseases / prevention & control | Major Depressive Disorder / drug therapy | Neurogenesis / drug effects | Psilocybin / therapeutic use | Psilocybin / pharmacology | Hippocampus / drug effects | Hallucinogens / pharmacology | Hallucinogens / therapeutic use | Antidepressive Agents / pharmacology | Antidepressive Agents / therapeutic use | Microglia / drug effects,Dementia | Depression | Hippocampal neurogenesis | Microglia | Psilocybin,Wellcome Trust | Medical Research Council,RE20960 | MR/N026063/1,,,,,eng,,review,low,doi,review,evidence_synthesis,secondary_literature,uncertain,uncertain,0.9,False,secondary_summary,full_text_seen,abstract,Abstract,secondary_literature,,,,,,,,,,,,psilocybin... may have implications in altering the progression from major depression to dementia in those at risk.,Wellcome Trust | Medical Research Council,,,"Projected from extraction_v1 coverage_mentions; coverage_type=discusses; relationship is discussed in secondary literature, not treated as primary evidence"
compound_disorder,psilocybin,depressive symptoms,depressive symptoms,therapeutic_indication,,depressive symptoms,indication,True,,secondary literature coverage,,unclear,,,,unknown,10.1016/j.pharmthera.2024.108641,,Psilocybin for dementia prevention? The potential role of psilocybin to alter mechanisms associated with major depression and neurodegenerative diseases,Zarah R. Haniff; Mariia Bocharova; Tim Mantingh; James J. Rucker; Latha Velayudhan; David M. Taylor; Allan H. Young; Dag Aarsland; Anthony C. Vernon; Sandrine Thuret,2024,Pharmacology & Therapeutics,journal-article,,2024-04-06,0163-7258,1879-016X,Elsevier BV,Humans | Dementia / prevention & control | Dementia / drug therapy | Animals | Neurodegenerative Diseases / drug therapy | Neurodegenerative Diseases / prevention & control | Major Depressive Disorder / drug therapy | Neurogenesis / drug effects | Psilocybin / therapeutic use | Psilocybin / pharmacology | Hippocampus / drug effects | Hallucinogens / pharmacology | Hallucinogens / therapeutic use | Antidepressive Agents / pharmacology | Antidepressive Agents / therapeutic use | Microglia / drug effects,Dementia | Depression | Hippocampal neurogenesis | Microglia | Psilocybin,Wellcome Trust | Medical Research Council,RE20960 | MR/N026063/1,,,,,eng,,review,low,doi,review,evidence_synthesis,secondary_literature,uncertain,uncertain,0.9,False,secondary_summary,full_text_seen,text,C002,secondary_literature,,,,,,,,,,,,"In various clinical trial designs, psilocybin-assisted psychotherapy has demonstrated rapid amelioration of depressive symptoms, in some patients with MDD and treatment-resistant depression (TRD)",Wellcome Trust | Medical Research Council,,,"Projected from extraction_v1 coverage_mentions; coverage_type=summarizes; relationship is discussed in secondary literature, not treated as primary evidence"
compound_disorder,psilocybin,dementia,dementia,therapeutic_indication,,dementia,indication,True,,secondary literature coverage,,unclear,,,,unknown,10.1016/j.pharmthera.2024.108641,,Psilocybin for dementia prevention? The potential role of psilocybin to alter mechanisms associated with major depression and neurodegenerative diseases,Zarah R. Haniff; Mariia Bocharova; Tim Mantingh; James J. Rucker; Latha Velayudhan; David M. Taylor; Allan H. Young; Dag Aarsland; Anthony C. Vernon; Sandrine Thuret,2024,Pharmacology & Therapeutics,journal-article,,2024-04-06,0163-7258,1879-016X,Elsevier BV,Humans | Dementia / prevention & control | Dementia / drug therapy | Animals | Neurodegenerative Diseases / drug therapy | Neurodegenerative Diseases / prevention & control | Major Depressive Disorder / drug therapy | Neurogenesis / drug effects | Psilocybin / therapeutic use | Psilocybin / pharmacology | Hippocampus / drug effects | Hallucinogens / pharmacology | Hallucinogens / therapeutic use | Antidepressive Agents / pharmacology | Antidepressive Agents / therapeutic use | Microglia / drug effects,Dementia | Depression | Hippocampal neurogenesis | Microglia | Psilocybin,Wellcome Trust | Medical Research Council,RE20960 | MR/N026063/1,,,,,eng,,review,low,doi,review,evidence_synthesis,secondary_literature,uncertain,uncertain,0.9,False,secondary_summary,full_text_seen,text,C019,secondary_literature,,,,,,,,,,,,"In this regard, psilocybin demonstrates significant clinical development potential for dementia prevention only and may directly and indirectly influence mechanisms mediated by AHN and microglia at the nexus of neurodegenerative diseases and major depression.",Wellcome Trust | Medical Research Council,,,"Projected from extraction_v1 coverage_mentions; coverage_type=discusses; relationship is discussed in secondary literature, not treated as primary evidence"
compound_disorder,ketamine,bipolar depression,bipolar depression,therapeutic_indication,,bipolar depression,indication,True,,secondary literature coverage,,unclear,,,,unknown,10.1093/ijnp/pyab023,,Ketamine for Bipolar Depression: A Systematic Review,Anees Bahji; Carlos A Zarate; Gustavo H Vazquez,2021,The International Journal of Neuropsychopharmacology,journal-article,,2021-04-27,1461-1457,1469-5111,Oxford University Press (OUP),Bipolar Disorder / drug therapy | Excitatory Amino Acid Antagonists / administration & dosage | Excitatory Amino Acid Antagonists / pharmacology | Humans | Ketamine / administration & dosage | Ketamine / pharmacology,Bipolar disorder | depression | ketamine | systematic review,,,,,,,eng,,systematic_review,low,doi,systematic_review,evidence_synthesis,secondary_literature,uncertain,uncertain,1.0,False,secondary_summary,full_text_seen,abstract,C001,systematic review,,,,,,,,,,,,CONCLUSIONS: There is some preliminary evidence supporting use of intravenous racemic ketamine to treat adults with bipolar depression.,,,,"Projected from extraction_v1 coverage_mentions; coverage_type=reviews; relationship is discussed in secondary literature, not treated as primary evidence"
compound_disorder,ketamine,tolerability,tolerability,therapeutic_indication,,tolerability,indication,True,,secondary literature coverage,,unclear,,,,unknown,10.1093/ijnp/pyab023,,Ketamine for Bipolar Depression: A Systematic Review,Anees Bahji; Carlos A Zarate; Gustavo H Vazquez,2021,The International Journal of Neuropsychopharmacology,journal-article,,2021-04-27,1461-1457,1469-5111,Oxford University Press (OUP),Bipolar Disorder / drug therapy | Excitatory Amino Acid Antagonists / administration & dosage | Excitatory Amino Acid Antagonists / pharmacology | Humans | Ketamine / administration & dosage | Ketamine / pharmacology,Bipolar disorder | depression | ketamine | systematic review,,,,,,,eng,,systematic_review,low,doi,systematic_review,evidence_synthesis,secondary_literature,uncertain,uncertain,1.0,False,secondary_summary,full_text_seen,abstract,C001,systematic review,,,,,,,,,,,,"Ketamine was reasonably well tolerated; however, 2 participants (1 receiving ketamine and 1 receiving placebo) developed manic symptoms. Some participants developed significant dissociative symptoms at the 40-minute mark following ketamine infusion in 2 trials.",,,,"Projected from extraction_v1 coverage_mentions; coverage_type=reviews; relationship is discussed in secondary literature, not treated as primary evidence"
compound_disorder,esketamine,bipolar depression,bipolar depression,therapeutic_indication,,bipolar depression,indication,True,,secondary literature coverage,,unclear,,,,unknown,10.1093/ijnp/pyab023,,Ketamine for Bipolar Depression: A Systematic Review,Anees Bahji; Carlos A Zarate; Gustavo H Vazquez,2021,The International Journal of Neuropsychopharmacology,journal-article,,2021-04-27,1461-1457,1469-5111,Oxford University Press (OUP),Bipolar Disorder / drug therapy | Excitatory Amino Acid Antagonists / administration & dosage | Excitatory Amino Acid Antagonists / pharmacology | Humans | Ketamine / administration & dosage | Ketamine / pharmacology,Bipolar disorder | depression | ketamine | systematic review,,,,,,,eng,,systematic_review,low,doi,systematic_review,evidence_synthesis,secondary_literature,uncertain,uncertain,1.0,False,secondary_summary,full_text_seen,text,C018,systematic review,,,,,,,,,,,,"At present, there are no studies that have used other formulations of ketamine, such as intranasal esketamine. To that end, the intravenous administration route presents a practical limitation. Future studies should explore the use of an intranasal formulation of esketamine for individuals with bipolar depression.",,,,"Projected from extraction_v1 coverage_mentions; coverage_type=mentions; relationship is discussed in secondary literature, not treated as primary evidence"
compound_disorder,Psychedelics,Anxiety disorders,Anxiety disorders,therapeutic_indication,,Anxiety disorders,indication,True,,secondary literature coverage,,unclear,,,,unknown,10.1176/appi.focus.20200047,,Psychedelics as Reemerging Treatments for Anxiety Disorders: Possibilities and Challenges in a Nascent Field,Franklin King; Rebecca Hammond,2021,FOCUS The Journal of Lifelong Learning in Psychiatry,journal-article,NCT03300947 | NCT03356483,2021-06-01,1541-4094,1541-4108,American Psychiatric Association Publishing,,Psychedelics and anxiety disorders,,,,,,,eng,,review,low,doi,review,evidence_synthesis,secondary_literature,uncertain,uncertain,0.9,False,secondary_summary,full_text_seen,abstract,C001,secondary_literature,,,,,,,,,,,,"Although psychedelics initially showed promise in treating anxiety disorders, psychedelics were criminalized and research halted in the early 1970s. A subsequent resurgence of research into psychiatric benefits of psychedelic-assisted psychotherapy in the last 20 years has led to a potential paradigm shift in the treatment of numerous psychiatric disorders, including anxiety disorders.",,,,"Projected from extraction_v1 coverage_mentions; coverage_type=discusses; relationship is discussed in secondary literature, not treated as primary evidence"
compound_disorder,Psychedelics,"Mood disorders, anxiety disorders, trauma and stress-related disorders, substance use disorders","Mood disorders, anxiety disorders, trauma and stress-related disorders, substance use disorders",therapeutic_indication,,"Mood disorders, anxiety disorders, trauma and stress-related disorders, substance use disorders",indication,True,,secondary literature coverage,,unclear,,,,unknown,10.1176/appi.focus.20200047,,Psychedelics as Reemerging Treatments for Anxiety Disorders: Possibilities and Challenges in a Nascent Field,Franklin King; Rebecca Hammond,2021,FOCUS The Journal of Lifelong Learning in Psychiatry,journal-article,NCT03300947 | NCT03356483,2021-06-01,1541-4094,1541-4108,American Psychiatric Association Publishing,,Psychedelics and anxiety disorders,,,,,,,eng,,review,low,doi,review,evidence_synthesis,secondary_literature,uncertain,uncertain,0.8,False,secondary_summary,full_text_seen,text,C002,secondary_literature,,,,,,,,,,,,"In recent years, research and media attention have dramatically increased as to the potential for psychedelics and psychedelic-assisted psychotherapy to treat mood and anxiety disorders, trauma and stress-related disorders, and substance use disorders.",,,,"Projected from extraction_v1 coverage_mentions; coverage_type=discusses; relationship is discussed in secondary literature, not treated as primary evidence"
compound_disorder,MDMA,Post-traumatic stress disorder (PTSD),Post-traumatic stress disorder (PTSD),therapeutic_indication,,Post-traumatic stress disorder (PTSD),indication,True,,secondary literature coverage,,unclear,,,,unknown,10.1176/appi.focus.20200047,,Psychedelics as Reemerging Treatments for Anxiety Disorders: Possibilities and Challenges in a Nascent Field,Franklin King; Rebecca Hammond,2021,FOCUS The Journal of Lifelong Learning in Psychiatry,journal-article,NCT03300947 | NCT03356483,2021-06-01,1541-4094,1541-4108,American Psychiatric Association Publishing,,Psychedelics and anxiety disorders,,,,,,,eng,,review,low,doi,review,evidence_synthesis,secondary_literature,uncertain,uncertain,0.9,False,secondary_summary,full_text_seen,text,C006,secondary_literature,,,,,,,,,,,,"Several studies have highlighted the promise of one to three sessions of MDMA-assisted psychotherapy in producing durable recovery among patients with treatment-resistant PTSD. These studies include a phase II clinical trial among patients with treatment-resistant PTSD (23) ; in addition, two phase III clinical trials are nearing completion (37) . Long-term follow-up from several earlier studies by the same group found that recovery from PTSD persisted for up to 6 years following treatment with MDMAassisted psychotherapy (38) . Similarly, MDMA-assisted psychotherapy has also shown promise when integrated into previously established treatment programs for PTSD.",,,,"Projected from extraction_v1 coverage_mentions; coverage_type=reviews; relationship is discussed in secondary literature, not treated as primary evidence"
compound_disorder,MDMA,Social anxiety disorder,Social anxiety disorder,therapeutic_indication,,Social anxiety disorder,indication,True,,secondary literature coverage,,unclear,,,,unknown,10.1176/appi.focus.20200047,,Psychedelics as Reemerging Treatments for Anxiety Disorders: Possibilities and Challenges in a Nascent Field,Franklin King; Rebecca Hammond,2021,FOCUS The Journal of Lifelong Learning in Psychiatry,journal-article,NCT03300947 | NCT03356483,2021-06-01,1541-4094,1541-4108,American Psychiatric Association Publishing,,Psychedelics and anxiety disorders,,,,,,,eng,,review,low,doi,review,evidence_synthesis,secondary_literature,uncertain,uncertain,0.9,False,secondary_summary,full_text_seen,text,C006,secondary_literature,,,,,,,,,,,,"Finally, MDMA has shown promise in treating social anxiety disorder among adults with autism. A randomized, doubleblind, placebo-controlled pilot study examining the effects of two 8-hour sessions of MDMA-assisted psychotherapy found a rapid and durable improvement in social anxiety scores among patients who received MDMA (41) .",,,,"Projected from extraction_v1 coverage_mentions; coverage_type=reviews; relationship is discussed in secondary literature, not treated as primary evidence"
compound_disorder,LSD,"Anxiety state, Obsessional neuroses, Anxiety associated with terminal cancer, Alcohol use disorder, Anxiety associated with serious medical illness","Anxiety state, Obsessional neuroses, Anxiety associated with terminal cancer, Alcohol use disorder, Anxiety associated with serious medical illness",therapeutic_indication,,"Anxiety state, Obsessional neuroses, Anxiety associated with terminal cancer, Alcohol use disorder, Anxiety associated with serious medical illness",indication,True,,secondary literature coverage,,unclear,,,,unknown,10.1176/appi.focus.20200047,,Psychedelics as Reemerging Treatments for Anxiety Disorders: Possibilities and Challenges in a Nascent Field,Franklin King; Rebecca Hammond,2021,FOCUS The Journal of Lifelong Learning in Psychiatry,journal-article,NCT03300947 | NCT03356483,2021-06-01,1541-4094,1541-4108,American Psychiatric Association Publishing,,Psychedelics and anxiety disorders,,,,,,,eng,,review,low,doi,review,evidence_synthesis,secondary_literature,uncertain,uncertain,0.9,False,secondary_summary,full_text_seen,text,C007,secondary_literature,,,,,,,,,,,,"Within this first phase of research, composed mostly of smaller case reports, LSD was applied successfully in the treatment of anxiety state (45), obsessional neuroses (46, 47) , and anxiety associated with terminal cancer (48, 49); in addition, LSD was widely studied for treatment of alcohol use disorder (50) . More recent clinical work using LSDassisted psychotherapy to treat any psychiatric disorder is limited to a single randomized, double-blind pilot trial, with an open-label crossover design, for the treatment of anxiety associated with serious medical illness (51) . Treatment resulted in insightful, cathartic, and interpersonal experiences as well as significant reductions in state anxiety that persisted at 12-month follow-up.",,,,"Projected from extraction_v1 coverage_mentions; coverage_type=reviews; relationship is discussed in secondary literature, not treated as primary evidence"
compound_disorder,Psilocybin,"Alcohol use, Smoking cessation, Treatment-resistant depression, Anxiety disorders, Depression, Obsessive-compulsive disorder (OCD)","Alcohol use, Smoking cessation, Treatment-resistant depression, Anxiety disorders, Depression, Obsessive-compulsive disorder (OCD)",therapeutic_indication,,"Alcohol use, Smoking cessation, Treatment-resistant depression, Anxiety disorders, Depression, Obsessive-compulsive disorder (OCD)",indication,True,,secondary literature coverage,,unclear,,,,unknown,10.1176/appi.focus.20200047,,Psychedelics as Reemerging Treatments for Anxiety Disorders: Possibilities and Challenges in a Nascent Field,Franklin King; Rebecca Hammond,2021,FOCUS The Journal of Lifelong Learning in Psychiatry,journal-article,NCT03300947 | NCT03356483,2021-06-01,1541-4094,1541-4108,American Psychiatric Association Publishing,,Psychedelics and anxiety disorders,,,,,,,eng,,review,low,doi,review,evidence_synthesis,secondary_literature,uncertain,uncertain,0.9,False,secondary_summary,full_text_seen,text,C007,secondary_literature,,,,,,,,,,,,"Psilocybin... has shown benefit in numerous, mostly small, studies and pilots for conditions as diverse as alcohol use, smoking cessation, treatment-resistant depression, and anxiety disorders (52) . Building on work from a previous successful pilot study (53) , two recent randomized, double-blind, placebo-controlled trials utilizing a crossover design reported substantial reductions in both depression and anxiety among patients with anxiety and depressive disorders associated with lifethreatening or advanced cancer (54, 55) . ... Psilocybin has also been proposed as a potential treatment of obsessive-compulsive disorder (OCD). One modified double-blind trial of nine patients found reductions in OCD symptoms following four sessions of psilocybin-assisted psychotherapy in which varying doses of psilocybin were given across a 4-week period (57). ... Finally, an open-label study using psilocybinassisted psychotherapy for treatment-resistant depression also found significant reductions in scores on the State-Trait Anxiety Inventory; these results were sustained at 6-month follow-up (60, 61) .",,,,"Projected from extraction_v1 coverage_mentions; coverage_type=reviews; relationship is discussed in secondary literature, not treated as primary evidence"
compound_disorder,Ayahuasca,"Anxiety, Psychopathological symptoms, Trait harm avoidance, Panic-like symptoms","Anxiety, Psychopathological symptoms, Trait harm avoidance, Panic-like symptoms",therapeutic_indication,,"Anxiety, Psychopathological symptoms, Trait harm avoidance, Panic-like symptoms",indication,True,,secondary literature coverage,,unclear,,,,unknown,10.1176/appi.focus.20200047,,Psychedelics as Reemerging Treatments for Anxiety Disorders: Possibilities and Challenges in a Nascent Field,Franklin King; Rebecca Hammond,2021,FOCUS The Journal of Lifelong Learning in Psychiatry,journal-article,NCT03300947 | NCT03356483,2021-06-01,1541-4094,1541-4108,American Psychiatric Association Publishing,,Psychedelics and anxiety disorders,,,,,,,eng,,review,low,doi,review,evidence_synthesis,secondary_literature,uncertain,uncertain,0.9,False,secondary_summary,full_text_seen,text,"C007, C008",secondary_literature,,,,,,,,,,,,"Although ayahuasca has not yet been studied for any specific anxiety disorder, observational studies and clinical trials have found reductions in anxiety and in psychological traits associated with anxiety. Observational studies of ayahuasca used in a ritual setting have found lasting effects of relaxation and inner peace following a single session in an ayahuasca-naïve, nonclinical sample (64); moreover, reductions were found in psychopathological symptoms, including anxiety and trait harm avoidance, in one subgroup at 6 months (65) . ... Trials using ayahuasca for treatment of depression have also found reductions in anxiety as secondary outcomes. An open-label trial found decreases in the anxious-depression subscale of the Brief Psychiatric Rating Scale following one ayahuasca session that were sustained at 21 days postintervention (70) . In addition, a recent randomized, double-blind, placebo-controlled trial reported significant decreases in panic-like symptoms during the ayahuasca session itself (71) . Decreases in anxiety (measured by the Symptom Checklist 90-Revised) persisting up to 1 month following treatment have also been observed following ritual use of ayahuasca (72) . A pilot study integrating traditional Amazonian medicine and ayahuasca into an addictions residential treatment program also found significant reductions in anxiety scores as measured by the Beck Anxiety Inventory (73) .",,,,"Projected from extraction_v1 coverage_mentions; coverage_type=reviews; relationship is discussed in secondary literature, not treated as primary evidence"
compound_disorder,psilocybin,depression,depression,therapeutic_indication,,depression,indication,True,,secondary literature coverage,,unclear,,,,unknown,10.1177/02698811241269751,,Psilocybin for clinical indications: A scoping review,Kim Madden; Breanne Flood; Darren Young Shing; Michael Ade-Conde; Imad Kashir; Melanie Mark; James MacKillop; Mohit Bhandari; Anthony Adili,2024,Journal of Psychopharmacology,journal-article,,2024-08-13,0269-8811,1461-7285,SAGE Publications,Psilocybin / pharmacology | Psilocybin / therapeutic use | Humans | Hallucinogens / pharmacology | Hallucinogens / therapeutic use | Hallucinogens / administration & dosage | Mental Disorders / drug therapy,Psilocybin | pain management | psychedelic medicine | scoping review,,,,,,,eng,,scoping_review,low,doi,scoping_review,evidence_synthesis,secondary_literature,uncertain,uncertain,1.0,False,secondary_summary,full_text_seen,table,T002,systematic scoping review,,,,,,,,,,,,Table 2 . 2 Studies by indication. Medical indication Number of studies % Depression 54 28.0%,"Most studies were funded by not-for-profit sources (37.3%) or were unfunded (20.2%), but a substantial number did not report their source of funding (29.5%). A total of 13 studies (6.7%) had at least one source of for-profit funding.","38.3% of studies reported no relevant conflicts of interest, 45.6% reported at least one potential conflict of interest (financial or intellectual), and 16.1% did not have a conflict of interest disclosure statement (Table 1 ).",,"Projected from extraction_v1 coverage_mentions; coverage_type=summarizes; relationship is discussed in secondary literature, not treated as primary evidence"
compound_disorder,psilocybin,substance use disorder,substance use disorder,therapeutic_indication,,substance use disorder,indication,True,,secondary literature coverage,,unclear,,,,unknown,10.1177/02698811241269751,,Psilocybin for clinical indications: A scoping review,Kim Madden; Breanne Flood; Darren Young Shing; Michael Ade-Conde; Imad Kashir; Melanie Mark; James MacKillop; Mohit Bhandari; Anthony Adili,2024,Journal of Psychopharmacology,journal-article,,2024-08-13,0269-8811,1461-7285,SAGE Publications,Psilocybin / pharmacology | Psilocybin / therapeutic use | Humans | Hallucinogens / pharmacology | Hallucinogens / therapeutic use | Hallucinogens / administration & dosage | Mental Disorders / drug therapy,Psilocybin | pain management | psychedelic medicine | scoping review,,,,,,,eng,,scoping_review,low,doi,scoping_review,evidence_synthesis,secondary_literature,uncertain,uncertain,1.0,False,secondary_summary,full_text_seen,table,T002,systematic scoping review,,,,,,,,,,,,Table 2 . 2 Studies by indication. Medical indication Number of studies % Substance use disorder 28 14.5%,"Most studies were funded by not-for-profit sources (37.3%) or were unfunded (20.2%), but a substantial number did not report their source of funding (29.5%). A total of 13 studies (6.7%) had at least one source of for-profit funding.","38.3% of studies reported no relevant conflicts of interest, 45.6% reported at least one potential conflict of interest (financial or intellectual), and 16.1% did not have a conflict of interest disclosure statement (Table 1 ).",,"Projected from extraction_v1 coverage_mentions; coverage_type=summarizes; relationship is discussed in secondary literature, not treated as primary evidence"
compound_disorder,psilocybin,mental health in life-threatening illness,mental health in life-threatening illness,therapeutic_indication,,mental health in life-threatening illness,indication,True,,secondary literature coverage,,unclear,,,,unknown,10.1177/02698811241269751,,Psilocybin for clinical indications: A scoping review,Kim Madden; Breanne Flood; Darren Young Shing; Michael Ade-Conde; Imad Kashir; Melanie Mark; James MacKillop; Mohit Bhandari; Anthony Adili,2024,Journal of Psychopharmacology,journal-article,,2024-08-13,0269-8811,1461-7285,SAGE Publications,Psilocybin / pharmacology | Psilocybin / therapeutic use | Humans | Hallucinogens / pharmacology | Hallucinogens / therapeutic use | Hallucinogens / administration & dosage | Mental Disorders / drug therapy,Psilocybin | pain management | psychedelic medicine | scoping review,,,,,,,eng,,scoping_review,low,doi,scoping_review,evidence_synthesis,secondary_literature,uncertain,uncertain,1.0,False,secondary_summary,full_text_seen,table,T002,systematic scoping review,,,,,,,,,,,,Table 2 . 2 Studies by indication. Medical indication Number of studies % Mental health in life-threatening illness 17 8.8%,"Most studies were funded by not-for-profit sources (37.3%) or were unfunded (20.2%), but a substantial number did not report their source of funding (29.5%). A total of 13 studies (6.7%) had at least one source of for-profit funding.","38.3% of studies reported no relevant conflicts of interest, 45.6% reported at least one potential conflict of interest (financial or intellectual), and 16.1% did not have a conflict of interest disclosure statement (Table 1 ).",,"Projected from extraction_v1 coverage_mentions; coverage_type=summarizes; relationship is discussed in secondary literature, not treated as primary evidence"
compound_disorder,psilocybin,headaches,headaches,therapeutic_indication,,headaches,indication,True,,secondary literature coverage,,unclear,,,,unknown,10.1177/02698811241269751,,Psilocybin for clinical indications: A scoping review,Kim Madden; Breanne Flood; Darren Young Shing; Michael Ade-Conde; Imad Kashir; Melanie Mark; James MacKillop; Mohit Bhandari; Anthony Adili,2024,Journal of Psychopharmacology,journal-article,,2024-08-13,0269-8811,1461-7285,SAGE Publications,Psilocybin / pharmacology | Psilocybin / therapeutic use | Humans | Hallucinogens / pharmacology | Hallucinogens / therapeutic use | Hallucinogens / administration & dosage | Mental Disorders / drug therapy,Psilocybin | pain management | psychedelic medicine | scoping review,,,,,,,eng,,scoping_review,low,doi,scoping_review,evidence_synthesis,secondary_literature,uncertain,uncertain,1.0,False,secondary_summary,full_text_seen,table,T002,systematic scoping review,,,,,,,,,,,,Table 2 . 2 Studies by indication. Medical indication Number of studies % Headaches 12 6.2%,"Most studies were funded by not-for-profit sources (37.3%) or were unfunded (20.2%), but a substantial number did not report their source of funding (29.5%). A total of 13 studies (6.7%) had at least one source of for-profit funding.","38.3% of studies reported no relevant conflicts of interest, 45.6% reported at least one potential conflict of interest (financial or intellectual), and 16.1% did not have a conflict of interest disclosure statement (Table 1 ).",,"Projected from extraction_v1 coverage_mentions; coverage_type=summarizes; relationship is discussed in secondary literature, not treated as primary evidence"
compound_disorder,psilocybin,depression and anxiety,depression and anxiety,therapeutic_indication,,depression and anxiety,indication,True,,secondary literature coverage,,unclear,,,,unknown,10.1177/02698811241269751,,Psilocybin for clinical indications: A scoping review,Kim Madden; Breanne Flood; Darren Young Shing; Michael Ade-Conde; Imad Kashir; Melanie Mark; James MacKillop; Mohit Bhandari; Anthony Adili,2024,Journal of Psychopharmacology,journal-article,,2024-08-13,0269-8811,1461-7285,SAGE Publications,Psilocybin / pharmacology | Psilocybin / therapeutic use | Humans | Hallucinogens / pharmacology | Hallucinogens / therapeutic use | Hallucinogens / administration & dosage | Mental Disorders / drug therapy,Psilocybin | pain management | psychedelic medicine | scoping review,,,,,,,eng,,scoping_review,low,doi,scoping_review,evidence_synthesis,secondary_literature,uncertain,uncertain,1.0,False,secondary_summary,full_text_seen,table,T002,systematic scoping review,,,,,,,,,,,,Table 2 . 2 Studies by indication. Medical indication Number of studies % Depression and anxiety 11 5.7%,"Most studies were funded by not-for-profit sources (37.3%) or were unfunded (20.2%), but a substantial number did not report their source of funding (29.5%). A total of 13 studies (6.7%) had at least one source of for-profit funding.","38.3% of studies reported no relevant conflicts of interest, 45.6% reported at least one potential conflict of interest (financial or intellectual), and 16.1% did not have a conflict of interest disclosure statement (Table 1 ).",,"Projected from extraction_v1 coverage_mentions; coverage_type=summarizes; relationship is discussed in secondary literature, not treated as primary evidence"
compound_disorder,psilocybin,obsessive-compulsive disorder,obsessive-compulsive disorder,therapeutic_indication,,obsessive-compulsive disorder,indication,True,,secondary literature coverage,,unclear,,,,unknown,10.1177/02698811241269751,,Psilocybin for clinical indications: A scoping review,Kim Madden; Breanne Flood; Darren Young Shing; Michael Ade-Conde; Imad Kashir; Melanie Mark; James MacKillop; Mohit Bhandari; Anthony Adili,2024,Journal of Psychopharmacology,journal-article,,2024-08-13,0269-8811,1461-7285,SAGE Publications,Psilocybin / pharmacology | Psilocybin / therapeutic use | Humans | Hallucinogens / pharmacology | Hallucinogens / therapeutic use | Hallucinogens / administration & dosage | Mental Disorders / drug therapy,Psilocybin | pain management | psychedelic medicine | scoping review,,,,,,,eng,,scoping_review,low,doi,scoping_review,evidence_synthesis,secondary_literature,uncertain,uncertain,1.0,False,secondary_summary,full_text_seen,table,T002,systematic scoping review,,,,,,,,,,,,Table 2 . 2 Studies by indication. Medical indication Number of studies % OCD 6 3.1%,"Most studies were funded by not-for-profit sources (37.3%) or were unfunded (20.2%), but a substantial number did not report their source of funding (29.5%). A total of 13 studies (6.7%) had at least one source of for-profit funding.","38.3% of studies reported no relevant conflicts of interest, 45.6% reported at least one potential conflict of interest (financial or intellectual), and 16.1% did not have a conflict of interest disclosure statement (Table 1 ).",,"Projected from extraction_v1 coverage_mentions; coverage_type=summarizes; relationship is discussed in secondary literature, not treated as primary evidence"
compound_disorder,psilocybin,anxiety disorder,anxiety disorder,therapeutic_indication,,anxiety disorder,indication,True,,secondary literature coverage,,unclear,,,,unknown,10.1177/02698811241269751,,Psilocybin for clinical indications: A scoping review,Kim Madden; Breanne Flood; Darren Young Shing; Michael Ade-Conde; Imad Kashir; Melanie Mark; James MacKillop; Mohit Bhandari; Anthony Adili,2024,Journal of Psychopharmacology,journal-article,,2024-08-13,0269-8811,1461-7285,SAGE Publications,Psilocybin / pharmacology | Psilocybin / therapeutic use | Humans | Hallucinogens / pharmacology | Hallucinogens / therapeutic use | Hallucinogens / administration & dosage | Mental Disorders / drug therapy,Psilocybin | pain management | psychedelic medicine | scoping review,,,,,,,eng,,scoping_review,low,doi,scoping_review,evidence_synthesis,secondary_literature,uncertain,uncertain,1.0,False,secondary_summary,full_text_seen,table,T002,systematic scoping review,,,,,,,,,,,,Table 2 . 2 Studies by indication. Medical indication Number of studies % Anxiety disorder 6 3.1%,"Most studies were funded by not-for-profit sources (37.3%) or were unfunded (20.2%), but a substantial number did not report their source of funding (29.5%). A total of 13 studies (6.7%) had at least one source of for-profit funding.","38.3% of studies reported no relevant conflicts of interest, 45.6% reported at least one potential conflict of interest (financial or intellectual), and 16.1% did not have a conflict of interest disclosure statement (Table 1 ).",,"Projected from extraction_v1 coverage_mentions; coverage_type=summarizes; relationship is discussed in secondary literature, not treated as primary evidence"
compound_disorder,psilocybin,chronic pain,chronic pain,therapeutic_indication,,chronic pain,indication,True,,secondary literature coverage,,unclear,,,,unknown,10.1177/02698811241269751,,Psilocybin for clinical indications: A scoping review,Kim Madden; Breanne Flood; Darren Young Shing; Michael Ade-Conde; Imad Kashir; Melanie Mark; James MacKillop; Mohit Bhandari; Anthony Adili,2024,Journal of Psychopharmacology,journal-article,,2024-08-13,0269-8811,1461-7285,SAGE Publications,Psilocybin / pharmacology | Psilocybin / therapeutic use | Humans | Hallucinogens / pharmacology | Hallucinogens / therapeutic use | Hallucinogens / administration & dosage | Mental Disorders / drug therapy,Psilocybin | pain management | psychedelic medicine | scoping review,,,,,,,eng,,scoping_review,low,doi,scoping_review,evidence_synthesis,secondary_literature,uncertain,uncertain,0.9,False,secondary_summary,full_text_seen,abstract,C001,systematic scoping review,,,,,,,,,,,,"There is a need for high-quality randomized trials on psilocybin and to expand consideration to other promising indications, such as chronic pain.","Most studies were funded by not-for-profit sources (37.3%) or were unfunded (20.2%), but a substantial number did not report their source of funding (29.5%). A total of 13 studies (6.7%) had at least one source of for-profit funding.","38.3% of studies reported no relevant conflicts of interest, 45.6% reported at least one potential conflict of interest (financial or intellectual), and 16.1% did not have a conflict of interest disclosure statement (Table 1 ).",,"Projected from extraction_v1 coverage_mentions; coverage_type=discusses; relationship is discussed in secondary literature, not treated as primary evidence"
compound_disorder,Ayahuasca,major depressive disorder,major depressive disorder,therapeutic_indication,,major depressive disorder,indication,True,,secondary literature coverage,,unclear,,,,unknown,10.1177/20451253251384513,,Biological markers of treatment response to serotonergic psychedelic therapies: a systematic review.,Wong S; Jones BDM; Thiyagarajah MT; Sabbah SG; Thompson C; Solmi M; Umer M; Zrenner C; Voineskos D; Rosenblat JD,2025,Therapeutic advances in psychopharmacology,Journal Article | Review,CRD42021291171,2025-10-16,2045-1253,,,,biomarkers | major depressive disorder | mental disorders | neuroimaging | psychedelics,,,,,,,eng,,systematic_review,low,doi,systematic_review,evidence_synthesis,secondary_literature,uncertain,uncertain,1.0,False,secondary_summary,full_text_seen,abstract,Abstract,systematic review,,,,,,,,,,,,Nine studies investigating the effects of Ayahuasca and psilocybin in major depressive disorder and treatment-resistant depression were included in this review.,,,,"Projected from extraction_v1 coverage_mentions; coverage_type=reviews; relationship is discussed in secondary literature, not treated as primary evidence"
compound_disorder,psilocybin,major depressive disorder,major depressive disorder,therapeutic_indication,,major depressive disorder,indication,True,,secondary literature coverage,,unclear,,,,unknown,10.1177/20451253251384513,,Biological markers of treatment response to serotonergic psychedelic therapies: a systematic review.,Wong S; Jones BDM; Thiyagarajah MT; Sabbah SG; Thompson C; Solmi M; Umer M; Zrenner C; Voineskos D; Rosenblat JD,2025,Therapeutic advances in psychopharmacology,Journal Article | Review,CRD42021291171,2025-10-16,2045-1253,,,,biomarkers | major depressive disorder | mental disorders | neuroimaging | psychedelics,,,,,,,eng,,systematic_review,low,doi,systematic_review,evidence_synthesis,secondary_literature,uncertain,uncertain,1.0,False,secondary_summary,full_text_seen,abstract,Abstract,systematic review,,,,,,,,,,,,Nine studies investigating the effects of Ayahuasca and psilocybin in major depressive disorder and treatment-resistant depression were included in this review.,,,,"Projected from extraction_v1 coverage_mentions; coverage_type=reviews; relationship is discussed in secondary literature, not treated as primary evidence"
compound_disorder,serotonergic psychedelic therapies,mental disorders,mental disorders,therapeutic_indication,,mental disorders,indication,True,,secondary literature coverage,,unclear,,,,unknown,10.1177/20451253251384513,,Biological markers of treatment response to serotonergic psychedelic therapies: a systematic review.,Wong S; Jones BDM; Thiyagarajah MT; Sabbah SG; Thompson C; Solmi M; Umer M; Zrenner C; Voineskos D; Rosenblat JD,2025,Therapeutic advances in psychopharmacology,Journal Article | Review,CRD42021291171,2025-10-16,2045-1253,,,,biomarkers | major depressive disorder | mental disorders | neuroimaging | psychedelics,,,,,,,eng,,systematic_review,low,doi,systematic_review,evidence_synthesis,secondary_literature,uncertain,uncertain,0.9,False,secondary_summary,full_text_seen,abstract,Abstract,systematic review,,,,,,,,,,,,Results from contemporary clinical trials of serotonergic psychedelic therapies have led to an increasing focus on their potential clinical use across mental disorders.,,,,"Projected from extraction_v1 coverage_mentions; coverage_type=discusses; relationship is discussed in secondary literature, not treated as primary evidence"
compound_disorder,serotonergic psychedelics,postpartum depression (PPD),postpartum depression (PPD),therapeutic_indication,,postpartum depression (PPD),indication,True,,secondary literature coverage,,unclear,,,,unknown,10.1177/20451253251408280,,Psychedelic therapy and postpartum depression: priorities and prospects.,Thuery G; Crossen F; Mc Loone D; Hinds C; Duffy R; Jairaj C; Harkin A; Kelly JR,2026,Therapeutic advances in psychopharmacology,Journal Article | Review,,2026-03-09,2045-1253,,,,5-MeO-DMT | major depression | postpartum depression | psilocybin | psychedelics,,,,,,,eng,,review,low,doi,review,evidence_synthesis,secondary_literature,uncertain,uncertain,1.0,False,secondary_summary,full_text_seen,abstract,C001,Narrative Review,,,,,,,,,,,,"To inform the rationale for the use of serotonergic psychedelics in the treatment of PPD, this review summarises the existing knowledge of immune, endocrine and neural pathways underpinning PPD and explores how serotonergic psychedelics interact with these pathways in the context of maternal motivation, bonding and caregiving behaviours.",,,,"Projected from extraction_v1 coverage_mentions; coverage_type=reviews; relationship is discussed in secondary literature, not treated as primary evidence"
compound_disorder,mebufotenin (5-MeO-DMT),postpartum depression (PPD),postpartum depression (PPD),therapeutic_indication,,postpartum depression (PPD),indication,True,,secondary literature coverage,,unclear,,,,unknown,10.1177/20451253251408280,,Psychedelic therapy and postpartum depression: priorities and prospects.,Thuery G; Crossen F; Mc Loone D; Hinds C; Duffy R; Jairaj C; Harkin A; Kelly JR,2026,Therapeutic advances in psychopharmacology,Journal Article | Review,,2026-03-09,2045-1253,,,,5-MeO-DMT | major depression | postpartum depression | psilocybin | psychedelics,,,,,,,eng,,review,low,doi,review,evidence_synthesis,secondary_literature,uncertain,uncertain,0.9,False,secondary_summary,full_text_seen,text,C002,Narrative Review,,,,,,,,,,,,"A phase IIa trial (n = 10) for inhalable short-acting mebufotenin (5-MeO-DMT) significantly reduced symptoms of depression from baseline to day eight, without serious adverse events.",,,,"Projected from extraction_v1 coverage_mentions; coverage_type=discusses; relationship is discussed in secondary literature, not treated as primary evidence"
compound_disorder,synthetic tryptamine psychedelic (related to psilocin),postpartum depression (PPD),postpartum depression (PPD),therapeutic_indication,,postpartum depression (PPD),indication,True,,secondary literature coverage,,unclear,,,,unknown,10.1177/20451253251408280,,Psychedelic therapy and postpartum depression: priorities and prospects.,Thuery G; Crossen F; Mc Loone D; Hinds C; Duffy R; Jairaj C; Harkin A; Kelly JR,2026,Therapeutic advances in psychopharmacology,Journal Article | Review,,2026-03-09,2045-1253,,,,5-MeO-DMT | major depression | postpartum depression | psilocybin | psychedelics,,,,,,,eng,,review,low,doi,review,evidence_synthesis,secondary_literature,uncertain,uncertain,0.9,False,secondary_summary,full_text_seen,text,C002,Narrative Review,,,,,,,,,,,,"Recent results from a randomised, double-blind, active dose-controlled clinical trial (n = 84), which has not yet been published, evaluated the safety and efficacy of a single subcutaneous dose of a synthetic tryptamine psychedelic structurally related to psilocin for the treatment of moderate to severe PPD.",,,,"Projected from extraction_v1 coverage_mentions; coverage_type=discusses; relationship is discussed in secondary literature, not treated as primary evidence"
compound_disorder,psychedelic therapy,major depressive disorder (MDD) and treatment-resistant depression (TRD),major depressive disorder (MDD) and treatment-resistant depression (TRD),therapeutic_indication,,major depressive disorder (MDD) and treatment-resistant depression (TRD),indication,True,,secondary literature coverage,,unclear,,,,unknown,10.1177/20451253251408280,,Psychedelic therapy and postpartum depression: priorities and prospects.,Thuery G; Crossen F; Mc Loone D; Hinds C; Duffy R; Jairaj C; Harkin A; Kelly JR,2026,Therapeutic advances in psychopharmacology,Journal Article | Review,,2026-03-09,2045-1253,,,,5-MeO-DMT | major depression | postpartum depression | psilocybin | psychedelics,,,,,,,eng,,review,low,doi,review,evidence_synthesis,secondary_literature,uncertain,uncertain,0.8,False,secondary_summary,full_text_seen,text,C002,Narrative Review,,,,,,,,,,,,There is growing evidence supporting the use of psychedelic therapy in MDD and treatmentresistant depression (TRD).,,,,"Projected from extraction_v1 coverage_mentions; coverage_type=mentions; relationship is discussed in secondary literature, not treated as primary evidence"
compound_disorder,MDMA,treatment-resistant PTSD,treatment-resistant PTSD,therapeutic_indication,,treatment-resistant PTSD,indication,True,,secondary literature coverage,,unclear,,,,unknown,10.1186/s12991-020-00283-6,,MDMA-assisted psychotherapy for people diagnosed with treatment-resistant PTSD: what it is and what it isn’t,Louise Morgan,2020,Annals of General Psychiatry,journal-article,,2020-05-12,1744-859X,,Springer Science and Business Media LLC,,MDMA | MDMA-assisted psychotherapy | PTSD | Posttraumatic stress disorder | Treatment-resistant PTSD,,,,,,,eng,,review,low,doi,review,evidence_synthesis,secondary_literature,uncertain,uncertain,1.0,False,secondary_summary,full_text_seen,abstract,"Abstract, C001",narrative review,,,,,,,,,,,,"One novel approach is MDMA-assisted psychotherapy for people diagnosed with treatment-resistant PTSD, where MDMA is used as a catalyst to facilitate trauma processing during psychotherapy. The aim was to review all current research into MDMA-assisted psychotherapy for PTSD.",,,,"Projected from extraction_v1 coverage_mentions; coverage_type=reviews; relationship is discussed in secondary literature, not treated as primary evidence"
compound_disorder,MDMA,psychological trauma,psychological trauma,therapeutic_indication,,psychological trauma,indication,True,,secondary literature coverage,,unclear,,,,unknown,10.1186/s12991-020-00283-6,,MDMA-assisted psychotherapy for people diagnosed with treatment-resistant PTSD: what it is and what it isn’t,Louise Morgan,2020,Annals of General Psychiatry,journal-article,,2020-05-12,1744-859X,,Springer Science and Business Media LLC,,MDMA | MDMA-assisted psychotherapy | PTSD | Posttraumatic stress disorder | Treatment-resistant PTSD,,,,,,,eng,,review,low,doi,review,evidence_synthesis,secondary_literature,uncertain,uncertain,0.9,False,secondary_summary,full_text_seen,abstract,"Abstract, C001",narrative review,,,,,,,,,,,,Small-scale studies have shown reduced psychological trauma,,,,"Projected from extraction_v1 coverage_mentions; coverage_type=summarizes; relationship is discussed in secondary literature, not treated as primary evidence"
compound_disorder,MDMA,PTSD,PTSD,therapeutic_indication,,PTSD,indication,True,,secondary literature coverage,,unclear,,,,unknown,10.1186/s12991-020-00283-6,,MDMA-assisted psychotherapy for people diagnosed with treatment-resistant PTSD: what it is and what it isn’t,Louise Morgan,2020,Annals of General Psychiatry,journal-article,,2020-05-12,1744-859X,,Springer Science and Business Media LLC,,MDMA | MDMA-assisted psychotherapy | PTSD | Posttraumatic stress disorder | Treatment-resistant PTSD,,,,,,,eng,,review,low,doi,review,evidence_synthesis,secondary_literature,uncertain,uncertain,1.0,False,secondary_summary,full_text_seen,text,C005,narrative review,,,,,,,,,,,,These studies (combined N = 103) showed promising findings in terms of reduced psychological trauma and long-term remission (as assessed up to 6 years later) and with no drug-related serious adverse events and no adverse neurocognitive effects. 53% of participants in the active dose groups (75-125 mg of MDMA) group did not meet PTSD criteria on the Clinician Administered PTSD Scale-4 (CAPS-4) at the primary endpoint compared to 23% in the control groups (0-40 mg of MDMA) [27].,,,,"Projected from extraction_v1 coverage_mentions; coverage_type=summarizes; relationship is discussed in secondary literature, not treated as primary evidence"
compound_disorder,MDMA,treatment-resistant PTSD,treatment-resistant PTSD,therapeutic_indication,,treatment-resistant PTSD,indication,True,,secondary literature coverage,,unclear,,,,unknown,10.1186/s12991-020-00283-6,,MDMA-assisted psychotherapy for people diagnosed with treatment-resistant PTSD: what it is and what it isn’t,Louise Morgan,2020,Annals of General Psychiatry,journal-article,,2020-05-12,1744-859X,,Springer Science and Business Media LLC,,MDMA | MDMA-assisted psychotherapy | PTSD | Posttraumatic stress disorder | Treatment-resistant PTSD,,,,,,,eng,,review,low,doi,review,evidence_synthesis,secondary_literature,uncertain,uncertain,1.0,False,secondary_summary,full_text_seen,text,C005,narrative review,,,,,,,,,,,,"The phase 3 trials will compare the effects of three experimental sessions of MDMA-assisted psychotherapy versus placebo drug and psychotherapy. The trial aims to recruit up to 300 participants and if the findings are similar to those of the pilot studies, it is anticipated that the US FDA will approve MDMA-assisted psychotherapy as a recognised treatment for people diagnosed with treatment-resistant PTSD by 2021.",,,,"Projected from extraction_v1 coverage_mentions; coverage_type=discusses; relationship is discussed in secondary literature, not treated as primary evidence"
compound_disorder,MDMA,MDMA-assisted psychotherapy,MDMA-assisted psychotherapy,therapeutic_indication,,MDMA-assisted psychotherapy,indication,True,,secondary literature coverage,,unclear,,,,unknown,10.1186/s12991-020-00283-6,,MDMA-assisted psychotherapy for people diagnosed with treatment-resistant PTSD: what it is and what it isn’t,Louise Morgan,2020,Annals of General Psychiatry,journal-article,,2020-05-12,1744-859X,,Springer Science and Business Media LLC,,MDMA | MDMA-assisted psychotherapy | PTSD | Posttraumatic stress disorder | Treatment-resistant PTSD,,,,,,,eng,,review,low,doi,review,evidence_synthesis,secondary_literature,uncertain,uncertain,1.0,False,secondary_summary,full_text_seen,text,C007,narrative review,,,,,,,,,,,,"MDMA has not been posited as a 'treatment for PTSD' and MAPS have not studied MDMA as a therapy; these are separate issues that, to date, nobody has researched. There is additional misrepresentation of the role of MDMA in the therapeutic process...",,,,"Projected from extraction_v1 coverage_mentions; coverage_type=discusses; relationship is discussed in secondary literature, not treated as primary evidence"
compound_disorder,psilocybin,eating disorders,eating disorders,therapeutic_indication,,eating disorders,indication,True,,secondary literature coverage,,unclear,,,,unknown,10.1186/s40337-024-01185-8,,Exploring the neurobiological correlates of psilocybin-assisted psychotherapy in eating disorders: a review of potential methodologies and implications for the psychedelic study design.,Koning E; Chaves C; Kirkpatrick RH; Brietzke E,2024,Journal of eating disorders,Journal Article | Review,,2024-12-27,2050-2974,,,,Eating disorders | Electrophysiology | Neurobiology | Neuroimaging | Neuroplasticity | Precision psychiatry | Psilocybin | Psilocybin-assisted psychotherapy | Psychedelic research,,,,,,,eng,,review,low,doi,review,evidence_synthesis,secondary_literature,uncertain,uncertain,1.0,False,secondary_summary,full_text_seen,abstract,Abstract,narrative review,,,,,,,,,,,,There is emerging evidence for the safety and efficacy of psilocybin-assisted psychotherapy (PAP) to improve treatment outcomes in individuals with EDs.,,,,"Projected from extraction_v1 coverage_mentions; coverage_type=discusses; relationship is discussed in secondary literature, not treated as primary evidence"
compound_disorder,psilocybin,anorexia nervosa,anorexia nervosa,therapeutic_indication,,anorexia nervosa,indication,True,,secondary literature coverage,,unclear,,,,unknown,10.1186/s40337-024-01185-8,,Exploring the neurobiological correlates of psilocybin-assisted psychotherapy in eating disorders: a review of potential methodologies and implications for the psychedelic study design.,Koning E; Chaves C; Kirkpatrick RH; Brietzke E,2024,Journal of eating disorders,Journal Article | Review,,2024-12-27,2050-2974,,,,Eating disorders | Electrophysiology | Neurobiology | Neuroimaging | Neuroplasticity | Precision psychiatry | Psilocybin | Psilocybin-assisted psychotherapy | Psychedelic research,,,,,,,eng,,review,low,doi,review,evidence_synthesis,secondary_literature,uncertain,uncertain,0.9,False,secondary_summary,full_text_seen,text,C002,narrative review,,,,,,,,,,,,"There is preliminary evidence for a therapeutic effect of PAP in AN and several related conditions, although most evidence comes from cross-sectional studies, case reports, or small clinical trials [12, 21, 22, [25] [26] [27] .",,,,"Projected from extraction_v1 coverage_mentions; coverage_type=mentions; relationship is discussed in secondary literature, not treated as primary evidence"
compound_disorder,psilocybin,depression,depression,therapeutic_indication,,depression,indication,True,,secondary literature coverage,,unclear,,,,unknown,10.1186/s40337-024-01185-8,,Exploring the neurobiological correlates of psilocybin-assisted psychotherapy in eating disorders: a review of potential methodologies and implications for the psychedelic study design.,Koning E; Chaves C; Kirkpatrick RH; Brietzke E,2024,Journal of eating disorders,Journal Article | Review,,2024-12-27,2050-2974,,,,Eating disorders | Electrophysiology | Neurobiology | Neuroimaging | Neuroplasticity | Precision psychiatry | Psilocybin | Psilocybin-assisted psychotherapy | Psychedelic research,,,,,,,eng,,review,low,doi,review,evidence_synthesis,secondary_literature,uncertain,uncertain,0.8,False,secondary_summary,full_text_seen,text,C002,narrative review,,,,,,,,,,,,"The incorporation of psilocybin may enhance the therapeutic mechanisms of standard psychotherapy, evidenced by several highquality systematic reviews and meta-analyses suggesting efficacy and safety of PAP for symptoms of depression, substance use disorders, obsessive-compulsive disorder, and mood disorders [20] [21] [22] [23] [24] .",,,,"Projected from extraction_v1 coverage_mentions; coverage_type=mentions; relationship is discussed in secondary literature, not treated as primary evidence"
compound_disorder,psilocybin,substance use disorders,substance use disorders,therapeutic_indication,,substance use disorders,indication,True,,secondary literature coverage,,unclear,,,,unknown,10.1186/s40337-024-01185-8,,Exploring the neurobiological correlates of psilocybin-assisted psychotherapy in eating disorders: a review of potential methodologies and implications for the psychedelic study design.,Koning E; Chaves C; Kirkpatrick RH; Brietzke E,2024,Journal of eating disorders,Journal Article | Review,,2024-12-27,2050-2974,,,,Eating disorders | Electrophysiology | Neurobiology | Neuroimaging | Neuroplasticity | Precision psychiatry | Psilocybin | Psilocybin-assisted psychotherapy | Psychedelic research,,,,,,,eng,,review,low,doi,review,evidence_synthesis,secondary_literature,uncertain,uncertain,0.8,False,secondary_summary,full_text_seen,text,C002,narrative review,,,,,,,,,,,,"The incorporation of psilocybin may enhance the therapeutic mechanisms of standard psychotherapy, evidenced by several highquality systematic reviews and meta-analyses suggesting efficacy and safety of PAP for symptoms of depression, substance use disorders, obsessive-compulsive disorder, and mood disorders [20] [21] [22] [23] [24] .",,,,"Projected from extraction_v1 coverage_mentions; coverage_type=mentions; relationship is discussed in secondary literature, not treated as primary evidence"
compound_disorder,psilocybin,obsessive-compulsive disorder,obsessive-compulsive disorder,therapeutic_indication,,obsessive-compulsive disorder,indication,True,,secondary literature coverage,,unclear,,,,unknown,10.1186/s40337-024-01185-8,,Exploring the neurobiological correlates of psilocybin-assisted psychotherapy in eating disorders: a review of potential methodologies and implications for the psychedelic study design.,Koning E; Chaves C; Kirkpatrick RH; Brietzke E,2024,Journal of eating disorders,Journal Article | Review,,2024-12-27,2050-2974,,,,Eating disorders | Electrophysiology | Neurobiology | Neuroimaging | Neuroplasticity | Precision psychiatry | Psilocybin | Psilocybin-assisted psychotherapy | Psychedelic research,,,,,,,eng,,review,low,doi,review,evidence_synthesis,secondary_literature,uncertain,uncertain,0.8,False,secondary_summary,full_text_seen,text,C002,narrative review,,,,,,,,,,,,"The incorporation of psilocybin may enhance the therapeutic mechanisms of standard psychotherapy, evidenced by several highquality systematic reviews and meta-analyses suggesting efficacy and safety of PAP for symptoms of depression, substance use disorders, obsessive-compulsive disorder, and mood disorders [20] [21] [22] [23] [24] .",,,,"Projected from extraction_v1 coverage_mentions; coverage_type=mentions; relationship is discussed in secondary literature, not treated as primary evidence"
compound_disorder,psilocybin,mood disorders,mood disorders,therapeutic_indication,,mood disorders,indication,True,,secondary literature coverage,,unclear,,,,unknown,10.1186/s40337-024-01185-8,,Exploring the neurobiological correlates of psilocybin-assisted psychotherapy in eating disorders: a review of potential methodologies and implications for the psychedelic study design.,Koning E; Chaves C; Kirkpatrick RH; Brietzke E,2024,Journal of eating disorders,Journal Article | Review,,2024-12-27,2050-2974,,,,Eating disorders | Electrophysiology | Neurobiology | Neuroimaging | Neuroplasticity | Precision psychiatry | Psilocybin | Psilocybin-assisted psychotherapy | Psychedelic research,,,,,,,eng,,review,low,doi,review,evidence_synthesis,secondary_literature,uncertain,uncertain,0.8,False,secondary_summary,full_text_seen,text,C002,narrative review,,,,,,,,,,,,"The incorporation of psilocybin may enhance the therapeutic mechanisms of standard psychotherapy, evidenced by several highquality systematic reviews and meta-analyses suggesting efficacy and safety of PAP for symptoms of depression, substance use disorders, obsessive-compulsive disorder, and mood disorders [20] [21] [22] [23] [24] .",,,,"Projected from extraction_v1 coverage_mentions; coverage_type=mentions; relationship is discussed in secondary literature, not treated as primary evidence"
compound_disorder,ketamine and esketamine,treatment-resistant depression (TRD),treatment-resistant depression (TRD),therapeutic_indication,,treatment-resistant depression (TRD),indication,True,,secondary literature coverage,,unclear,,,,unknown,10.1192/j.eurpsy.2026.10157,,Is the antidepressant efficacy of ketamine and esketamine mediated via opioid mechanisms?,Andy Lu; Heidi Xu; Gia Han Le; Christine E. Dri; Sabrina Wong; Roger Ho; Bing Cao; Heidi Ka Ying Lo; Taeho Greg Rhee; Liyang Yin,2026,European Psychiatry,journal-article,,2026-01-01,0924-9338,1778-3585,Royal College of Psychiatrists,"Ketamine / pharmacology | Ketamine / therapeutic use | Humans | Antidepressive Agents / pharmacology | Depressive Disorder, Treatment-Resistant / drug therapy | Animals | Receptors, Opioid / drug effects | Receptors, Opioid / genetics",depressive disorder | esketamine | ketamine | major | opioid | receptors | treatment-resistant,,,,,,,eng,,systematic_review,low,doi,systematic_review,evidence_synthesis,secondary_literature,uncertain,uncertain,1.0,False,secondary_summary,full_text_seen,abstract,C001,systematic review,,,,,,,,,,,,Ketamine and esketamine produce rapid and sustained antidepressant effects in persons with treatment-resistant depression (TRD).,,,,"Projected from extraction_v1 coverage_mentions; coverage_type=reviews; relationship is discussed in secondary literature, not treated as primary evidence"
compound_disorder,ketamine,opioid system's mediating effect in TRD,opioid system's mediating effect in TRD,therapeutic_indication,,opioid system's mediating effect in TRD,indication,True,,secondary literature coverage,,unclear,,,,unknown,10.1192/j.eurpsy.2026.10157,,Is the antidepressant efficacy of ketamine and esketamine mediated via opioid mechanisms?,Andy Lu; Heidi Xu; Gia Han Le; Christine E. Dri; Sabrina Wong; Roger Ho; Bing Cao; Heidi Ka Ying Lo; Taeho Greg Rhee; Liyang Yin,2026,European Psychiatry,journal-article,,2026-01-01,0924-9338,1778-3585,Royal College of Psychiatrists,"Ketamine / pharmacology | Ketamine / therapeutic use | Humans | Antidepressive Agents / pharmacology | Depressive Disorder, Treatment-Resistant / drug therapy | Animals | Receptors, Opioid / drug effects | Receptors, Opioid / genetics",depressive disorder | esketamine | ketamine | major | opioid | receptors | treatment-resistant,,,,,,,eng,,systematic_review,low,doi,systematic_review,evidence_synthesis,secondary_literature,uncertain,uncertain,1.0,False,secondary_summary,full_text_seen,abstract,C001,systematic review,,,,,,,,,,,,"The reported mixed findings suggest that the opioid system may exert a partial mediating effect of ketamine in TRD. However, given the inconsistent attenuation of ketamine's antidepressant effects by opioid receptor antagonists, the opioid system likely functions as a context-dependent modulator rather than a primary mediator, particularly at standard antidepressant doses.",,,,"Projected from extraction_v1 coverage_mentions; coverage_type=summarizes; relationship is discussed in secondary literature, not treated as primary evidence"
compound_disorder,ketamine,attenuation of antidepressant effects by naltrexone,attenuation of antidepressant effects by naltrexone,therapeutic_indication,,attenuation of antidepressant effects by naltrexone,indication,True,,secondary literature coverage,,unclear,,,,unknown,10.1192/j.eurpsy.2026.10157,,Is the antidepressant efficacy of ketamine and esketamine mediated via opioid mechanisms?,Andy Lu; Heidi Xu; Gia Han Le; Christine E. Dri; Sabrina Wong; Roger Ho; Bing Cao; Heidi Ka Ying Lo; Taeho Greg Rhee; Liyang Yin,2026,European Psychiatry,journal-article,,2026-01-01,0924-9338,1778-3585,Royal College of Psychiatrists,"Ketamine / pharmacology | Ketamine / therapeutic use | Humans | Antidepressive Agents / pharmacology | Depressive Disorder, Treatment-Resistant / drug therapy | Animals | Receptors, Opioid / drug effects | Receptors, Opioid / genetics",depressive disorder | esketamine | ketamine | major | opioid | receptors | treatment-resistant,,,,,,,eng,,systematic_review,low,doi,systematic_review,evidence_synthesis,secondary_literature,uncertain,uncertain,1.0,False,secondary_summary,full_text_seen,abstract,C001,systematic review,,,,,,,,,,,,"Naltrexone (nonselective opioid antagonist) attenuated ketamine's effects in three studies, while four reported no such effect and one reported mixed evidence.",,,,"Projected from extraction_v1 coverage_mentions; coverage_type=summarizes; relationship is discussed in secondary literature, not treated as primary evidence"
compound_disorder,ketamine,association between opioid use and ketamine response,association between opioid use and ketamine response,therapeutic_indication,,association between opioid use and ketamine response,indication,True,,secondary literature coverage,,unclear,,,,unknown,10.1192/j.eurpsy.2026.10157,,Is the antidepressant efficacy of ketamine and esketamine mediated via opioid mechanisms?,Andy Lu; Heidi Xu; Gia Han Le; Christine E. Dri; Sabrina Wong; Roger Ho; Bing Cao; Heidi Ka Ying Lo; Taeho Greg Rhee; Liyang Yin,2026,European Psychiatry,journal-article,,2026-01-01,0924-9338,1778-3585,Royal College of Psychiatrists,"Ketamine / pharmacology | Ketamine / therapeutic use | Humans | Antidepressive Agents / pharmacology | Depressive Disorder, Treatment-Resistant / drug therapy | Animals | Receptors, Opioid / drug effects | Receptors, Opioid / genetics",depressive disorder | esketamine | ketamine | major | opioid | receptors | treatment-resistant,,,,,,,eng,,systematic_review,low,doi,systematic_review,evidence_synthesis,secondary_literature,uncertain,uncertain,1.0,False,secondary_summary,full_text_seen,abstract,C001,systematic review,,,,,,,,,,,,"Separately, opioid use was not associated with ketamine response.",,,,"Projected from extraction_v1 coverage_mentions; coverage_type=summarizes; relationship is discussed in secondary literature, not treated as primary evidence"
compound_disorder,esketamine,treatment-resistant depression,treatment-resistant depression,therapeutic_indication,,treatment-resistant depression,indication,True,,secondary literature coverage,,unclear,,,,unknown,10.2147/ndt.s486118,,Esketamine Nasal Spray: Rapid Relief for TRD and Suicide Prevention-Mechanisms and Pharmacodynamics.,Song H; Luo Y; Fang L,2024,Neuropsychiatric disease and treatment,Journal Article | Review,,2024-11-01,1176-6328,,,,NMDA receptors | TRD | clinical benefits | esketamine | pharmacodynamics | safety and efficacy | treatment-resistant depression,,,,,,,eng,,review,low,doi,review,evidence_synthesis,secondary_literature,uncertain,uncertain,1.0,False,secondary_summary,full_text_seen,abstract,Abstract,secondary_literature,,,,,,,,,,,,"Esketamine nasal spray has emerged as a promising rapid-relief therapy for treatment-resistant depression (TRD) and suicide prevention. ... Clinical research indicates that esketamine effectively alleviates depressive symptoms and prevents suicidal behavior in TRD patients, demonstrating good safety and efficacy over extended periods.",,,,"Projected from extraction_v1 coverage_mentions; coverage_type=reviews; relationship is discussed in secondary literature, not treated as primary evidence"
compound_disorder,esketamine,suicidal behavior,suicidal behavior,therapeutic_indication,,suicidal behavior,indication,True,,secondary literature coverage,,unclear,,,,unknown,10.2147/ndt.s486118,,Esketamine Nasal Spray: Rapid Relief for TRD and Suicide Prevention-Mechanisms and Pharmacodynamics.,Song H; Luo Y; Fang L,2024,Neuropsychiatric disease and treatment,Journal Article | Review,,2024-11-01,1176-6328,,,,NMDA receptors | TRD | clinical benefits | esketamine | pharmacodynamics | safety and efficacy | treatment-resistant depression,,,,,,,eng,,review,low,doi,review,evidence_synthesis,secondary_literature,uncertain,uncertain,1.0,False,secondary_summary,full_text_seen,abstract,Abstract,secondary_literature,,,,,,,,,,,,"Esketamine nasal spray has emerged as a promising rapid-relief therapy for treatment-resistant depression (TRD) and suicide prevention. ... Clinical research indicates that esketamine effectively alleviates depressive symptoms and prevents suicidal behavior in TRD patients, demonstrating good safety and efficacy over extended periods.",,,,"Projected from extraction_v1 coverage_mentions; coverage_type=reviews; relationship is discussed in secondary literature, not treated as primary evidence"
compound_disorder,esketamine,treatment-resistant depression,treatment-resistant depression,therapeutic_indication,,treatment-resistant depression,indication,True,,secondary literature coverage,,unclear,,,,unknown,10.2147/ndt.s486118,,Esketamine Nasal Spray: Rapid Relief for TRD and Suicide Prevention-Mechanisms and Pharmacodynamics.,Song H; Luo Y; Fang L,2024,Neuropsychiatric disease and treatment,Journal Article | Review,,2024-11-01,1176-6328,,,,NMDA receptors | TRD | clinical benefits | esketamine | pharmacodynamics | safety and efficacy | treatment-resistant depression,,,,,,,eng,,review,low,doi,review,evidence_synthesis,secondary_literature,uncertain,uncertain,1.0,False,secondary_summary,full_text_seen,text,S020 - Summary and Prospect,secondary_literature,,,,,,,,,,,,"In summary, esketamine has demonstrated rapid and significant anti-depression and anti-suicide effects in adult treatment-resistant depression (TRD) patients. When used over an extended period, it is safe, effective, and has low side effects, offering a novel option for the management of TRD in the future.",,,,"Projected from extraction_v1 coverage_mentions; coverage_type=summarizes; relationship is discussed in secondary literature, not treated as primary evidence"
compound_disorder,esketamine,suicide prevention,suicide prevention,therapeutic_indication,,suicide prevention,indication,True,,secondary literature coverage,,unclear,,,,unknown,10.2147/ndt.s486118,,Esketamine Nasal Spray: Rapid Relief for TRD and Suicide Prevention-Mechanisms and Pharmacodynamics.,Song H; Luo Y; Fang L,2024,Neuropsychiatric disease and treatment,Journal Article | Review,,2024-11-01,1176-6328,,,,NMDA receptors | TRD | clinical benefits | esketamine | pharmacodynamics | safety and efficacy | treatment-resistant depression,,,,,,,eng,,review,low,doi,review,evidence_synthesis,secondary_literature,uncertain,uncertain,1.0,False,secondary_summary,full_text_seen,text,S020 - Summary and Prospect,secondary_literature,,,,,,,,,,,,"In summary, esketamine has demonstrated rapid and significant anti-depression and anti-suicide effects in adult treatment-resistant depression (TRD) patients.",,,,"Projected from extraction_v1 coverage_mentions; coverage_type=summarizes; relationship is discussed in secondary literature, not treated as primary evidence"
compound_disorder,psychedelic therapies,chronic pain,chronic pain,therapeutic_indication,,chronic pain,indication,True,,secondary literature coverage,,unclear,,,,unknown,10.3389/fpain.2024.1346053,,Chronic pain as an emergent property of a complex system and the potential roles of psychedelic therapies,Maya Armstrong; Joel Castellanos; Devon Christie,2024,Frontiers in Pain Research,journal-article,,2024-04-19,2673-561X,2673-561X,Frontiers Media SA,,biopsychosocial | chronic pain | complexity | mindfulness | neuroplasticity | psychedelics | systems theory,,,,,,,eng,,review,low,doi,review,evidence_synthesis,secondary_literature,uncertain,uncertain,0.9,False,secondary_summary,full_text_seen,abstract,"Abstract, C001",secondary_literature,,,,,,,,,,,,Psychedelic therapies may hold unique promise for the management of chronic pain.,,,,"Projected from extraction_v1 coverage_mentions; coverage_type=discusses; relationship is discussed in secondary literature, not treated as primary evidence"
compound_disorder,psilocybin,migraines,migraines,therapeutic_indication,,migraines,indication,True,,secondary literature coverage,,unclear,,,,unknown,10.3389/fpain.2024.1346053,,Chronic pain as an emergent property of a complex system and the potential roles of psychedelic therapies,Maya Armstrong; Joel Castellanos; Devon Christie,2024,Frontiers in Pain Research,journal-article,,2024-04-19,2673-561X,2673-561X,Frontiers Media SA,,biopsychosocial | chronic pain | complexity | mindfulness | neuroplasticity | psychedelics | systems theory,,,,,,,eng,,review,low,doi,review,evidence_synthesis,secondary_literature,uncertain,uncertain,0.8,False,secondary_summary,full_text_seen,text,C020,secondary_literature,,,,,,,,,,,,"More recently, the first randomized controlled trial of psilocybin for the management of migraines found significant reduction in frequency and intensity of migraines after a single dose (275).",,,,"Projected from extraction_v1 coverage_mentions; coverage_type=mentions; relationship is discussed in secondary literature, not treated as primary evidence"
compound_disorder,LSD,migraine,migraine,therapeutic_indication,,migraine,indication,True,,secondary literature coverage,,unclear,,,,unknown,10.3389/fpain.2024.1346053,,Chronic pain as an emergent property of a complex system and the potential roles of psychedelic therapies,Maya Armstrong; Joel Castellanos; Devon Christie,2024,Frontiers in Pain Research,journal-article,,2024-04-19,2673-561X,2673-561X,Frontiers Media SA,,biopsychosocial | chronic pain | complexity | mindfulness | neuroplasticity | psychedelics | systems theory,,,,,,,eng,,review,low,doi,review,evidence_synthesis,secondary_literature,uncertain,uncertain,0.8,False,secondary_summary,full_text_seen,text,C020,secondary_literature,,,,,,,,,,,,Published reports regarding the benefits of LSD for individuals with migraine first appeared in the 1960s (274).,,,,"Projected from extraction_v1 coverage_mentions; coverage_type=mentions; relationship is discussed in secondary literature, not treated as primary evidence"
compound_disorder,LSD and psilocybin,cluster headaches,cluster headaches,therapeutic_indication,,cluster headaches,indication,True,,secondary literature coverage,,unclear,,,,unknown,10.3389/fpain.2024.1346053,,Chronic pain as an emergent property of a complex system and the potential roles of psychedelic therapies,Maya Armstrong; Joel Castellanos; Devon Christie,2024,Frontiers in Pain Research,journal-article,,2024-04-19,2673-561X,2673-561X,Frontiers Media SA,,biopsychosocial | chronic pain | complexity | mindfulness | neuroplasticity | psychedelics | systems theory,,,,,,,eng,,review,low,doi,review,evidence_synthesis,secondary_literature,uncertain,uncertain,0.8,False,secondary_summary,full_text_seen,text,C020,secondary_literature,,,,,,,,,,,,"Individuals with cluster headaches also report benefit associated with intentional use of psychedelic compounds, including LSD and psilocybin.",,,,"Projected from extraction_v1 coverage_mentions; coverage_type=mentions; relationship is discussed in secondary literature, not treated as primary evidence"
compound_disorder,2-bromo-LSD,headache disorders,headache disorders,therapeutic_indication,,headache disorders,indication,True,,secondary literature coverage,,unclear,,,,unknown,10.3389/fpain.2024.1346053,,Chronic pain as an emergent property of a complex system and the potential roles of psychedelic therapies,Maya Armstrong; Joel Castellanos; Devon Christie,2024,Frontiers in Pain Research,journal-article,,2024-04-19,2673-561X,2673-561X,Frontiers Media SA,,biopsychosocial | chronic pain | complexity | mindfulness | neuroplasticity | psychedelics | systems theory,,,,,,,eng,,review,low,doi,review,evidence_synthesis,secondary_literature,uncertain,uncertain,0.8,False,secondary_summary,full_text_seen,text,C020,secondary_literature,,,,,,,,,,,,"Even 2-bromo-LSD, a congener of LSD with greatly reduced psychotropic effects, appears beneficial in early clinical trials (279, 280) .",,,,"Projected from extraction_v1 coverage_mentions; coverage_type=mentions; relationship is discussed in secondary literature, not treated as primary evidence"
compound_disorder,psychedelics,chronic pain,chronic pain,therapeutic_indication,,chronic pain,indication,True,,secondary literature coverage,,unclear,,,,unknown,10.3389/fpain.2024.1346053,,Chronic pain as an emergent property of a complex system and the potential roles of psychedelic therapies,Maya Armstrong; Joel Castellanos; Devon Christie,2024,Frontiers in Pain Research,journal-article,,2024-04-19,2673-561X,2673-561X,Frontiers Media SA,,biopsychosocial | chronic pain | complexity | mindfulness | neuroplasticity | psychedelics | systems theory,,,,,,,eng,,review,low,doi,review,evidence_synthesis,secondary_literature,uncertain,uncertain,0.8,False,secondary_summary,full_text_seen,text,C021,secondary_literature,,,,,,,,,,,,"Bonnelle and colleagues report on responses from 250 individuals who self-identified as having chronic pain and who had experience with psychedelics, either in large doses (reaching hallucinogenic threshold, aka ""macrodoses"") or sub-threshold doses (i.e., ""microdoses""), or both. They found self-reported pain relief with low or high doses was statistically superior to nonsteroidal anti-inflammatories, but only macrodosing was statistically superior to opioids or cannabis. Furthermore, the duration of effect was longer after macrodosing than after microdosing (291) .",,,,"Projected from extraction_v1 coverage_mentions; coverage_type=mentions; relationship is discussed in secondary literature, not treated as primary evidence"
compound_disorder,Esketamine,depression,depression,therapeutic_indication,,depression,indication,True,,secondary literature coverage,,unclear,,,,unknown,10.3390/jpm13050773,,Recent Developments in Pharmacotherapy of Depression: Bench to Bedside,Mujeeb U. Shad,2023,Journal of Personalized Medicine,journal-article,,2023-04-29,2075-4426,,MDPI AG,,bedside | bench | depression | developments | pharmacotherapy,,,,,,,eng,,review,low,doi,review,evidence_synthesis,secondary_literature,uncertain,uncertain,0.9,False,secondary_summary,full_text_seen,abstract,Abstract,narrative review,,,,,,,,,,,,"For the last 70 years, we did not move beyond the monoamine hypothesis of depression until the approval of the S-enantiomer of ketamine, an N-methyl-D-aspartate (NMDA) receptor blocker and the first non-monoaminergic antidepressant characterized by rapid antidepressant and antisuicidal effects.",,,,"Projected from extraction_v1 coverage_mentions; coverage_type=discusses; relationship is discussed in secondary literature, not treated as primary evidence"
compound_disorder,Esketamine,suicidality,suicidality,therapeutic_indication,,suicidality,indication,True,,secondary literature coverage,,unclear,,,,unknown,10.3390/jpm13050773,,Recent Developments in Pharmacotherapy of Depression: Bench to Bedside,Mujeeb U. Shad,2023,Journal of Personalized Medicine,journal-article,,2023-04-29,2075-4426,,MDPI AG,,bedside | bench | depression | developments | pharmacotherapy,,,,,,,eng,,review,low,doi,review,evidence_synthesis,secondary_literature,uncertain,uncertain,0.9,False,secondary_summary,full_text_seen,abstract,Abstract,narrative review,,,,,,,,,,,,"For the last 70 years, we did not move beyond the monoamine hypothesis of depression until the approval of the S-enantiomer of ketamine, an N-methyl-D-aspartate (NMDA) receptor blocker and the first non-monoaminergic antidepressant characterized by rapid antidepressant and antisuicidal effects.",,,,"Projected from extraction_v1 coverage_mentions; coverage_type=discusses; relationship is discussed in secondary literature, not treated as primary evidence"
compound_disorder,Esketamine,treatment-resistant depression,treatment-resistant depression,therapeutic_indication,,treatment-resistant depression,indication,True,,secondary literature coverage,,unclear,,,,unknown,10.3390/jpm13050773,,Recent Developments in Pharmacotherapy of Depression: Bench to Bedside,Mujeeb U. Shad,2023,Journal of Personalized Medicine,journal-article,,2023-04-29,2075-4426,,MDPI AG,,bedside | bench | depression | developments | pharmacotherapy,,,,,,,eng,,review,low,doi,review,evidence_synthesis,secondary_literature,uncertain,uncertain,0.9,False,secondary_summary,full_text_seen,text,S006,narrative review,,,,,,,,,,,,Preclinical data provide significant evidence to support the rapid initiation of antidepressant effects as an augmentation treatment in patients with TRD [89] [90] [91] .,,,,"Projected from extraction_v1 coverage_mentions; coverage_type=discusses; relationship is discussed in secondary literature, not treated as primary evidence"
compound_disorder,Dextromethorphan-Bupropion,depression,depression,therapeutic_indication,,depression,indication,True,,secondary literature coverage,,unclear,,,,unknown,10.3390/jpm13050773,,Recent Developments in Pharmacotherapy of Depression: Bench to Bedside,Mujeeb U. Shad,2023,Journal of Personalized Medicine,journal-article,,2023-04-29,2075-4426,,MDPI AG,,bedside | bench | depression | developments | pharmacotherapy,,,,,,,eng,,review,low,doi,review,evidence_synthesis,secondary_literature,uncertain,uncertain,0.9,False,secondary_summary,full_text_seen,abstract,Abstract,narrative review,,,,,,,,,,,,"A similar profile has been reported with another NMDA receptor antagonist, dextromethorphan, which has also been approved to manage depression in combination with bupropion.",,,,"Projected from extraction_v1 coverage_mentions; coverage_type=discusses; relationship is discussed in secondary literature, not treated as primary evidence"
compound_disorder,Dextromethorphan-Bupropion,major depressive disorder,major depressive disorder,therapeutic_indication,,major depressive disorder,indication,True,,secondary literature coverage,,unclear,,,,unknown,10.3390/jpm13050773,,Recent Developments in Pharmacotherapy of Depression: Bench to Bedside,Mujeeb U. Shad,2023,Journal of Personalized Medicine,journal-article,,2023-04-29,2075-4426,,MDPI AG,,bedside | bench | depression | developments | pharmacotherapy,,,,,,,eng,,review,low,doi,review,evidence_synthesis,secondary_literature,uncertain,uncertain,0.9,False,secondary_summary,full_text_seen,text,S007,narrative review,,,,,,,,,,,,"The recent approval of dextromethorphan-bupropion was based on rapid and more significant response and remission rates being observed as early as in week 1, compared to those of the active control, bupropion monotherapy, which is consistent with rapid onset of antidepressant effects with ketamine, another NMDA receptor blockade [95] .",,,,"Projected from extraction_v1 coverage_mentions; coverage_type=discusses; relationship is discussed in secondary literature, not treated as primary evidence"
compound_disorder,Dextromethorphan,pseudobulbar affect,pseudobulbar affect,therapeutic_indication,,pseudobulbar affect,indication,True,,secondary literature coverage,,unclear,,,,unknown,10.3390/jpm13050773,,Recent Developments in Pharmacotherapy of Depression: Bench to Bedside,Mujeeb U. Shad,2023,Journal of Personalized Medicine,journal-article,,2023-04-29,2075-4426,,MDPI AG,,bedside | bench | depression | developments | pharmacotherapy,,,,,,,eng,,review,low,doi,review,evidence_synthesis,secondary_literature,uncertain,uncertain,0.8,False,secondary_summary,full_text_seen,text,S007,narrative review,,,,,,,,,,,,"Since emotional dysregulation due to neurological disorders involves glutamate dysfunction, NMDA receptor blockade with dextromethorphan has also been successfully used to manage pseudobulbar affect. However, in this case, dextromethorphan was combined with quinidine instead of bupropion, which also increases dextromethorphan's levels [93] .",,,,"Projected from extraction_v1 coverage_mentions; coverage_type=discusses; relationship is discussed in secondary literature, not treated as primary evidence"
compound_disorder,psilocybin,treatment-resistant depression,treatment-resistant depression,therapeutic_indication,,treatment-resistant depression,indication,True,,secondary literature coverage,,unclear,,,,unknown,10.5772/intechopen.1011560,,"Therapeutic Potential of Psychedelics: Mechanisms, Applications, and Challenges",Guilllermo Castaño-Perez; Sara Isabel Castaño-Ocampo,2025,Pharmaceutical Science,book-chapter,,2025-08-27,3033-3318,,IntechOpen,,,,,,,,,en,,review,low,doi,review,evidence_synthesis,secondary_literature,uncertain,uncertain,1.0,False,secondary_summary,full_text_seen,abstract,Abstract,secondary_literature,,,,,,,,,,,,"In the treatment of mental disorders, psilocybin has shown efficacy in treatment-resistant depression",,,,"Projected from extraction_v1 coverage_mentions; coverage_type=reviews; relationship is discussed in secondary literature, not treated as primary evidence"
compound_disorder,psilocybin,cancer-associated anxiety,cancer-associated anxiety,therapeutic_indication,,cancer-associated anxiety,indication,True,,secondary literature coverage,,unclear,,,,unknown,10.5772/intechopen.1011560,,"Therapeutic Potential of Psychedelics: Mechanisms, Applications, and Challenges",Guilllermo Castaño-Perez; Sara Isabel Castaño-Ocampo,2025,Pharmaceutical Science,book-chapter,,2025-08-27,3033-3318,,IntechOpen,,,,,,,,,en,,review,low,doi,review,evidence_synthesis,secondary_literature,uncertain,uncertain,1.0,False,secondary_summary,full_text_seen,abstract,Abstract,secondary_literature,,,,,,,,,,,,psilocybin has shown efficacy in treatment-resistant depression and cancer-associated anxiety,,,,"Projected from extraction_v1 coverage_mentions; coverage_type=reviews; relationship is discussed in secondary literature, not treated as primary evidence"
compound_disorder,MDMA,post-traumatic stress disorder (PTSD),post-traumatic stress disorder (PTSD),therapeutic_indication,,post-traumatic stress disorder (PTSD),indication,True,,secondary literature coverage,,unclear,,,,unknown,10.5772/intechopen.1011560,,"Therapeutic Potential of Psychedelics: Mechanisms, Applications, and Challenges",Guilllermo Castaño-Perez; Sara Isabel Castaño-Ocampo,2025,Pharmaceutical Science,book-chapter,,2025-08-27,3033-3318,,IntechOpen,,,,,,,,,en,,review,low,doi,review,evidence_synthesis,secondary_literature,uncertain,uncertain,1.0,False,secondary_summary,full_text_seen,abstract,Abstract,secondary_literature,,,,,,,,,,,,MDMA combined with psychotherapy shows promise for post-traumatic stress disorder (PTSD),,,,"Projected from extraction_v1 coverage_mentions; coverage_type=reviews; relationship is discussed in secondary literature, not treated as primary evidence"
compound_disorder,psilocybin,alcohol use disorder,alcohol use disorder,therapeutic_indication,,alcohol use disorder,indication,True,,secondary literature coverage,,unclear,,,,unknown,10.5772/intechopen.1011560,,"Therapeutic Potential of Psychedelics: Mechanisms, Applications, and Challenges",Guilllermo Castaño-Perez; Sara Isabel Castaño-Ocampo,2025,Pharmaceutical Science,book-chapter,,2025-08-27,3033-3318,,IntechOpen,,,,,,,,,en,,review,low,doi,review,evidence_synthesis,secondary_literature,uncertain,uncertain,1.0,False,secondary_summary,full_text_seen,abstract,Abstract,secondary_literature,,,,,,,,,,,,"In the field of addictions, psilocybin has been shown to be effective for alcohol use disorder",,,,"Projected from extraction_v1 coverage_mentions; coverage_type=reviews; relationship is discussed in secondary literature, not treated as primary evidence"
compound_disorder,psilocybin,nicotine dependence,nicotine dependence,therapeutic_indication,,nicotine dependence,indication,True,,secondary literature coverage,,unclear,,,,unknown,10.5772/intechopen.1011560,,"Therapeutic Potential of Psychedelics: Mechanisms, Applications, and Challenges",Guilllermo Castaño-Perez; Sara Isabel Castaño-Ocampo,2025,Pharmaceutical Science,book-chapter,,2025-08-27,3033-3318,,IntechOpen,,,,,,,,,en,,review,low,doi,review,evidence_synthesis,secondary_literature,uncertain,uncertain,1.0,False,secondary_summary,full_text_seen,abstract,Abstract,secondary_literature,,,,,,,,,,,,and nicotine dependence,,,,"Projected from extraction_v1 coverage_mentions; coverage_type=reviews; relationship is discussed in secondary literature, not treated as primary evidence"
compound_disorder,ayahuasca,substance use disorders,substance use disorders,therapeutic_indication,,substance use disorders,indication,True,,secondary literature coverage,,unclear,,,,unknown,10.5772/intechopen.1011560,,"Therapeutic Potential of Psychedelics: Mechanisms, Applications, and Challenges",Guilllermo Castaño-Perez; Sara Isabel Castaño-Ocampo,2025,Pharmaceutical Science,book-chapter,,2025-08-27,3033-3318,,IntechOpen,,,,,,,,,en,,review,low,doi,review,evidence_synthesis,secondary_literature,uncertain,uncertain,1.0,False,secondary_summary,full_text_seen,abstract,Abstract,secondary_literature,,,,,,,,,,,,and ayahuasca shows potential in the treatment of various substance use disorders.,,,,"Projected from extraction_v1 coverage_mentions; coverage_type=reviews; relationship is discussed in secondary literature, not treated as primary evidence"
compound_disorder,LSD,generalized anxiety disorder (GAD),generalized anxiety disorder (GAD),therapeutic_indication,,generalized anxiety disorder (GAD),indication,True,,secondary literature coverage,,unclear,,,,unknown,10.5772/intechopen.1011560,,"Therapeutic Potential of Psychedelics: Mechanisms, Applications, and Challenges",Guilllermo Castaño-Perez; Sara Isabel Castaño-Ocampo,2025,Pharmaceutical Science,book-chapter,,2025-08-27,3033-3318,,IntechOpen,,,,,,,,,en,,review,low,doi,review,evidence_synthesis,secondary_literature,uncertain,uncertain,0.9,False,secondary_summary,full_text_seen,text,C005,secondary_literature,,,,,,,,,,,,Recent clinical trials have explored the potential of LSD for the treatment of generalized anxiety disorder (GAD).,,,,"Projected from extraction_v1 coverage_mentions; coverage_type=reviews; relationship is discussed in secondary literature, not treated as primary evidence"
compound_disorder,ibogaine,cocaine use disorder,cocaine use disorder,therapeutic_indication,,cocaine use disorder,indication,True,,secondary literature coverage,,unclear,,,,unknown,10.5772/intechopen.1011560,,"Therapeutic Potential of Psychedelics: Mechanisms, Applications, and Challenges",Guilllermo Castaño-Perez; Sara Isabel Castaño-Ocampo,2025,Pharmaceutical Science,book-chapter,,2025-08-27,3033-3318,,IntechOpen,,,,,,,,,en,,review,low,doi,review,evidence_synthesis,secondary_literature,uncertain,uncertain,0.9,False,secondary_summary,full_text_seen,text,C013,secondary_literature,,,,,,,,,,,,"The study found that ibogaine was associated with significant reductions in cocaine craving, cocaine use, and depressive symptoms over a 12-month followup period. These results suggest that ibogaine may be a promising intervention for reducing cocaine use and improving clinical outcomes in individuals with cocaine use disorder.",,,,"Projected from extraction_v1 coverage_mentions; coverage_type=reviews; relationship is discussed in secondary literature, not treated as primary evidence"
compound_disorder,ibogaine,opioid use disorder (OUD),opioid use disorder (OUD),therapeutic_indication,,opioid use disorder (OUD),indication,True,,secondary literature coverage,,unclear,,,,unknown,10.5772/intechopen.1011560,,"Therapeutic Potential of Psychedelics: Mechanisms, Applications, and Challenges",Guilllermo Castaño-Perez; Sara Isabel Castaño-Ocampo,2025,Pharmaceutical Science,book-chapter,,2025-08-27,3033-3318,,IntechOpen,,,,,,,,,en,,review,low,doi,review,evidence_synthesis,secondary_literature,uncertain,uncertain,0.9,False,secondary_summary,full_text_seen,text,C014,secondary_literature,,,,,,,,,,,,"The study found that ibogaine was associated with high rates of successful detoxification and significant reductions in opioid withdrawal symptoms. Additionally, a significant proportion of participants remained abstinent from opioids over a followup period of several months. These findings suggest that ibogaine may facilitate the transition to opioid abstinence and reduce relapse risk in individuals with opioid dependence.",,,,"Projected from extraction_v1 coverage_mentions; coverage_type=reviews; relationship is discussed in secondary literature, not treated as primary evidence"
compound_disorder,ketamine,post-traumatic stress disorder (PTSD),post-traumatic stress disorder (PTSD),therapeutic_indication,,post-traumatic stress disorder (PTSD),indication,True,,secondary literature coverage,,unclear,,,,unknown,10.5772/intechopen.1011560,,"Therapeutic Potential of Psychedelics: Mechanisms, Applications, and Challenges",Guilllermo Castaño-Perez; Sara Isabel Castaño-Ocampo,2025,Pharmaceutical Science,book-chapter,,2025-08-27,3033-3318,,IntechOpen,,,,,,,,,en,,review,low,doi,review,evidence_synthesis,secondary_literature,uncertain,uncertain,0.9,False,secondary_summary,full_text_seen,text,C006,secondary_literature,,,,,,,,,,,,"On the other hand, ketamine has emerged as a promising alternative for resistant PTSD",,,,"Projected from extraction_v1 coverage_mentions; coverage_type=reviews; relationship is discussed in secondary literature, not treated as primary evidence"
compound_disorder,psilocybin,psychiatric illnesses,psychiatric illnesses,therapeutic_indication,,psychiatric illnesses,indication,True,,secondary literature coverage,,unclear,,,,unknown,10.7759/cureus.31796,,Psilocybin as a Treatment for Psychiatric Illness: A Meta-Analysis,Ricardo Irizarry; Amelia Winczura; Omar Dimassi; Navpreet Dhillon; Annu Minhas; Jeanpaul Larice,2022,Cureus,journal-article,,2022-11-22,2168-8184,,Springer Science and Business Media LLC,,anxiety | depression | magic mushrooms | meta-analysis | psilocybin | psychedelics | psychiatric illness,,,,,,,eng,,meta_analysis,low,doi,meta_analysis,evidence_synthesis,secondary_literature,uncertain,uncertain,1.0,False,secondary_summary,full_text_seen,abstract,Abstract,meta-analysis,,,,,,,,,,,,Psilocybin is an emerging potential therapy for the treatment of psychiatric illnesses. ... This meta-analysis explores and compiles prior research to make further inferences regarding psilocybin and its use for the treatment of psychiatric illness along with its safety and efficacy.,,,,"Projected from extraction_v1 coverage_mentions; coverage_type=reviews; relationship is discussed in secondary literature, not treated as primary evidence"
compound_disorder,psilocybin,"anxiety, depression, obsessive-compulsive disorder, post-traumatic stress disorder, and substance abuse","anxiety, depression, obsessive-compulsive disorder, post-traumatic stress disorder, and substance abuse",therapeutic_indication,,"anxiety, depression, obsessive-compulsive disorder, post-traumatic stress disorder, and substance abuse",indication,True,,secondary literature coverage,,unclear,,,,unknown,10.7759/cureus.31796,,Psilocybin as a Treatment for Psychiatric Illness: A Meta-Analysis,Ricardo Irizarry; Amelia Winczura; Omar Dimassi; Navpreet Dhillon; Annu Minhas; Jeanpaul Larice,2022,Cureus,journal-article,,2022-11-22,2168-8184,,Springer Science and Business Media LLC,,anxiety | depression | magic mushrooms | meta-analysis | psilocybin | psychedelics | psychiatric illness,,,,,,,eng,,meta_analysis,low,doi,meta_analysis,evidence_synthesis,secondary_literature,uncertain,uncertain,1.0,False,secondary_summary,full_text_seen,abstract,Abstract,meta-analysis,,,,,,,,,,,,"Microdosing has been shown to result in an overall improvement in patients with anxiety, depression, obsessive-compulsive disorder, post-traumatic stress disorder, and substance abuse.",,,,"Projected from extraction_v1 coverage_mentions; coverage_type=reviews; relationship is discussed in secondary literature, not treated as primary evidence"
compound_disorder,psilocybin,psychiatric illnesses,psychiatric illnesses,therapeutic_indication,,psychiatric illnesses,indication,True,,secondary literature coverage,,unclear,,,,unknown,10.7759/cureus.31796,,Psilocybin as a Treatment for Psychiatric Illness: A Meta-Analysis,Ricardo Irizarry; Amelia Winczura; Omar Dimassi; Navpreet Dhillon; Annu Minhas; Jeanpaul Larice,2022,Cureus,journal-article,,2022-11-22,2168-8184,,Springer Science and Business Media LLC,,anxiety | depression | magic mushrooms | meta-analysis | psilocybin | psychedelics | psychiatric illness,,,,,,,eng,,meta_analysis,low,doi,meta_analysis,evidence_synthesis,secondary_literature,uncertain,uncertain,1.0,False,secondary_summary,full_text_seen,abstract,Abstract,meta-analysis,,,,,,,,,,,,"Based on this meta-analysis, psilocybin seems to show symptom improvement in some psychiatric illnesses.",,,,"Projected from extraction_v1 coverage_mentions; coverage_type=summarizes; relationship is discussed in secondary literature, not treated as primary evidence"
compound_disorder,psilocybin,depression,depression,therapeutic_indication,,depression,indication,True,,secondary literature coverage,,unclear,,,,unknown,10.7759/cureus.31796,,Psilocybin as a Treatment for Psychiatric Illness: A Meta-Analysis,Ricardo Irizarry; Amelia Winczura; Omar Dimassi; Navpreet Dhillon; Annu Minhas; Jeanpaul Larice,2022,Cureus,journal-article,,2022-11-22,2168-8184,,Springer Science and Business Media LLC,,anxiety | depression | magic mushrooms | meta-analysis | psilocybin | psychedelics | psychiatric illness,,,,,,,eng,,meta_analysis,low,doi,meta_analysis,evidence_synthesis,secondary_literature,uncertain,uncertain,1.0,False,secondary_summary,full_text_seen,abstract,Abstract,meta-analysis,,,,,,,,,,,,"Another analysis was done using depression severity (Quick Inventory of Depressive Symptomatology 16-Item Self Report, QIDS-SR16) at baseline and after the use of psilocybin. ... The second meta-run on QIDS-SR16 scores from three studies showed a Q value of 1.16 which was lower than 5.991, the critical value for two degrees of freedom found in a chi-square distribution. The I 2 statistic for this second meta-analysis was -73% which can be equated to zero. This indicated that the data were homogeneous or that there was no observed heterogeneity. Due to low heterogeneity, the fixed-effects model was used.",,,,"Projected from extraction_v1 coverage_mentions; coverage_type=meta_analyzes; relationship is discussed in secondary literature, not treated as primary evidence"
compound_disorder,psilocybin,treatment-resistant depression,treatment-resistant depression,therapeutic_indication,,treatment-resistant depression,indication,True,,secondary literature coverage,,unclear,,,,unknown,10.7759/cureus.31796,,Psilocybin as a Treatment for Psychiatric Illness: A Meta-Analysis,Ricardo Irizarry; Amelia Winczura; Omar Dimassi; Navpreet Dhillon; Annu Minhas; Jeanpaul Larice,2022,Cureus,journal-article,,2022-11-22,2168-8184,,Springer Science and Business Media LLC,,anxiety | depression | magic mushrooms | meta-analysis | psilocybin | psychedelics | psychiatric illness,,,,,,,eng,,meta_analysis,low,doi,meta_analysis,evidence_synthesis,secondary_literature,uncertain,uncertain,1.0,False,secondary_summary,full_text_seen,text,chunk_id:C008,meta-analysis,,,,,,,,,,,,"Analysis of the QIDS-SR16 scores in the treatment-resistant population revealed a statistically significant effect, warranting continued research to determine appropriate applications for psilocybin, and to compare it to the effectiveness of the current gold-standard therapies.",,,,"Projected from extraction_v1 coverage_mentions; coverage_type=summarizes; relationship is discussed in secondary literature, not treated as primary evidence"
compound_disorder,psilocybin,psychiatric conditions,psychiatric conditions,therapeutic_indication,,psychiatric conditions,indication,True,,secondary literature coverage,,unclear,,,,unknown,10.7759/cureus.31796,,Psilocybin as a Treatment for Psychiatric Illness: A Meta-Analysis,Ricardo Irizarry; Amelia Winczura; Omar Dimassi; Navpreet Dhillon; Annu Minhas; Jeanpaul Larice,2022,Cureus,journal-article,,2022-11-22,2168-8184,,Springer Science and Business Media LLC,,anxiety | depression | magic mushrooms | meta-analysis | psilocybin | psychedelics | psychiatric illness,,,,,,,eng,,meta_analysis,low,doi,meta_analysis,evidence_synthesis,secondary_literature,uncertain,uncertain,1.0,False,secondary_summary,full_text_seen,text,chunk_id:C008,meta-analysis,,,,,,,,,,,,"We can unequivocally say that there is a statistically significant difference in the improvement of psychiatric conditions with the use of psilocybin, from baseline in the populations studied, and it should be used to further understanding.",,,,"Projected from extraction_v1 coverage_mentions; coverage_type=summarizes; relationship is discussed in secondary literature, not treated as primary evidence"
compound_disorder,psilocybin,depression,depression,therapeutic_indication,,depression,indication,True,,secondary literature coverage,,unclear,,,,unknown,10.7759/cureus.31796,,Psilocybin as a Treatment for Psychiatric Illness: A Meta-Analysis,Ricardo Irizarry; Amelia Winczura; Omar Dimassi; Navpreet Dhillon; Annu Minhas; Jeanpaul Larice,2022,Cureus,journal-article,,2022-11-22,2168-8184,,Springer Science and Business Media LLC,,anxiety | depression | magic mushrooms | meta-analysis | psilocybin | psychedelics | psychiatric illness,,,,,,,eng,,meta_analysis,low,doi,meta_analysis,evidence_synthesis,secondary_literature,uncertain,uncertain,1.0,False,secondary_summary,full_text_seen,text,chunk_id:C008,meta-analysis,,,,,,,,,,,,"In comparison to other treatments such as ketamine, where an effect was only seen to last a few days to two weeks, psilocybin was shown to have effects lasting from four to eight weeks, with a ≥50% reduction in the GRID-Hamilton Depression Rating Scale (GRID-HAMD) score with only two sessions of treatment.",,,,"Projected from extraction_v1 coverage_mentions; coverage_type=reviews; relationship is discussed in secondary literature, not treated as primary evidence"
compound_disorder,psilocybin,substance use disorders,substance use disorders,therapeutic_indication,,substance use disorders,indication,True,,secondary literature coverage,,unclear,,,,unknown,10.7759/cureus.31796,,Psilocybin as a Treatment for Psychiatric Illness: A Meta-Analysis,Ricardo Irizarry; Amelia Winczura; Omar Dimassi; Navpreet Dhillon; Annu Minhas; Jeanpaul Larice,2022,Cureus,journal-article,,2022-11-22,2168-8184,,Springer Science and Business Media LLC,,anxiety | depression | magic mushrooms | meta-analysis | psilocybin | psychedelics | psychiatric illness,,,,,,,eng,,meta_analysis,low,doi,meta_analysis,evidence_synthesis,secondary_literature,uncertain,uncertain,1.0,False,secondary_summary,full_text_seen,text,chunk_id:C003,meta-analysis,,,,,,,,,,,,"Some researchers have shown that psilocybin is effective in the treatment of substance use disorders, especially in helping with tobacco cessation in patients who have been unable to quit with other treatment modalities [22, 23] .",,,,"Projected from extraction_v1 coverage_mentions; coverage_type=reviews; relationship is discussed in secondary literature, not treated as primary evidence"
compound_disorder,psilocybin,"depression, anxiety related to dying, tobacco addiction, and OCD","depression, anxiety related to dying, tobacco addiction, and OCD",therapeutic_indication,,"depression, anxiety related to dying, tobacco addiction, and OCD",indication,True,,secondary literature coverage,,unclear,,,,unknown,10.7759/cureus.31796,,Psilocybin as a Treatment for Psychiatric Illness: A Meta-Analysis,Ricardo Irizarry; Amelia Winczura; Omar Dimassi; Navpreet Dhillon; Annu Minhas; Jeanpaul Larice,2022,Cureus,journal-article,,2022-11-22,2168-8184,,Springer Science and Business Media LLC,,anxiety | depression | magic mushrooms | meta-analysis | psilocybin | psychedelics | psychiatric illness,,,,,,,eng,,meta_analysis,low,doi,meta_analysis,evidence_synthesis,secondary_literature,uncertain,uncertain,1.0,False,secondary_summary,full_text_seen,text,chunk_id:C003,meta-analysis,,,,,,,,,,,,"Studies on psychedelic drugs have shown positive responses in patients with depression, anxiety related to dying, tobacco addiction, and OCD.",,,,"Projected from extraction_v1 coverage_mentions; coverage_type=reviews; relationship is discussed in secondary literature, not treated as primary evidence"
compound_disorder,ketamine,treatment-resistant depression,treatment-resistant depression,therapeutic_indication,,treatment-resistant depression,indication,True,,secondary literature coverage,,unclear,,,,unknown,10.7759/cureus.5189,,Clinical Efficacy of Ketamine for Treatment-resistant Depression,Sosipatros Bratsos; Sohag N Saleh,2019,Cureus,journal-article,,2019-07-22,2168-8184,,Springer Science and Business Media LLC,,depression | ketamine,,,,,,,eng,,review,low,doi,review,evidence_synthesis,secondary_literature,uncertain,uncertain,1.0,False,secondary_summary,full_text_seen,abstract,C001,secondary_literature,,,,,,,,,,,,"In this review, the clinical efficacy of ketamine in TRD has been discussed, with emphasis placed on the evidence from RCTs.",,,,"Projected from extraction_v1 coverage_mentions; coverage_type=discusses; relationship is discussed in secondary literature, not treated as primary evidence"
compound_disorder,ketamine,antidepressant effects in treatment-resistant depression,antidepressant effects in treatment-resistant depression,therapeutic_indication,,antidepressant effects in treatment-resistant depression,indication,True,,secondary literature coverage,,unclear,,,,unknown,10.7759/cureus.5189,,Clinical Efficacy of Ketamine for Treatment-resistant Depression,Sosipatros Bratsos; Sohag N Saleh,2019,Cureus,journal-article,,2019-07-22,2168-8184,,Springer Science and Business Media LLC,,depression | ketamine,,,,,,,eng,,review,low,doi,review,evidence_synthesis,secondary_literature,uncertain,uncertain,1.0,False,secondary_summary,full_text_seen,abstract,C001,secondary_literature,,,,,,,,,,,,"Ketamine, a non-competitive NMDA receptor antagonist, has shown in several randomized controlled trials (RCTs) promising results with rapid antidepressant effects, especially in patients with severe treatment-resistant depression (TRD)",,,,"Projected from extraction_v1 coverage_mentions; coverage_type=discusses; relationship is discussed in secondary literature, not treated as primary evidence"
compound_disorder,ketamine,antidepressant effects in treatment-resistant depression,antidepressant effects in treatment-resistant depression,therapeutic_indication,,antidepressant effects in treatment-resistant depression,indication,True,,secondary literature coverage,,unclear,,,,unknown,10.7759/cureus.5189,,Clinical Efficacy of Ketamine for Treatment-resistant Depression,Sosipatros Bratsos; Sohag N Saleh,2019,Cureus,journal-article,,2019-07-22,2168-8184,,Springer Science and Business Media LLC,,depression | ketamine,,,,,,,eng,,review,low,doi,review,evidence_synthesis,secondary_literature,uncertain,uncertain,1.0,False,secondary_summary,full_text_seen,text,C005,secondary_literature,,,,,,,,,,,,"In this review, the efficacy of ketamine for treating patients with TRD was evaluated. Ketamine was shown to induce rapid antidepressant effects in patients with TRD lasting up to a week following a single intravenous infusion, while twice or thrice weekly infusions prolonged this effect for up to 15 days.",,,,"Projected from extraction_v1 coverage_mentions; coverage_type=summarizes; relationship is discussed in secondary literature, not treated as primary evidence"
compound_disorder,psychotomimetic drugs,psychosis,psychosis,therapeutic_indication,,psychosis,indication,True,,secondary literature coverage,,unclear,,,,unknown,10.1007/s00213-009-1561-0,,From drugs to deprivation: a Bayesian framework for understanding models of psychosis,P. R. Corlett; C. D. Frith; P. C. Fletcher,2009,Psychopharmacology,journal-article,,2009-05-27,0033-3158,1432-2072,Springer Science and Business Media LLC,"Animals | Antipsychotic Agents / pharmacology | Antipsychotic Agents / therapeutic use | Bayes Theorem | Humans | Models, Biological | Psychoses, Substance-Induced / etiology | Psychoses, Substance-Induced / physiopathology | Psychotic Disorders / physiopathology",,Wellcome Trust | Medical Research Council,064351 | G0001354,,,,,eng,,review,low,doi,review,evidence_synthesis,secondary_literature,uncertain,uncertain,1.0,False,secondary_summary,full_text_seen,abstract,Abstract,review,,,,,,,,,,,,"We examine the predictions of the cognitive model in light of what we understand about the neuropharmacology of psychotomimetic drugs and thereby attempt to account for the common and the distinctive effects of NMDA receptor antagonists, serotonergic hallucinogens, cannabinoids and dopamine agonists.",Wellcome Trust | Medical Research Council,,,"Projected from extraction_v1 coverage_mentions; coverage_type=discusses; relationship is discussed in secondary literature, not treated as primary evidence"
compound_disorder,ketamine,psychosis,psychosis,therapeutic_indication,,psychosis,indication,True,,secondary literature coverage,,unclear,,,,unknown,10.1007/s00213-009-1561-0,,From drugs to deprivation: a Bayesian framework for understanding models of psychosis,P. R. Corlett; C. D. Frith; P. C. Fletcher,2009,Psychopharmacology,journal-article,,2009-05-27,0033-3158,1432-2072,Springer Science and Business Media LLC,"Animals | Antipsychotic Agents / pharmacology | Antipsychotic Agents / therapeutic use | Bayes Theorem | Humans | Models, Biological | Psychoses, Substance-Induced / etiology | Psychoses, Substance-Induced / physiopathology | Psychotic Disorders / physiopathology",,Wellcome Trust | Medical Research Council,064351 | G0001354,,,,,eng,,review,low,doi,review,evidence_synthesis,secondary_literature,uncertain,uncertain,1.0,False,secondary_summary,full_text_seen,text,"S005, C006",review,,,,,,,,,,,,"This observation, coupled with the psychopathology induced by ketamine in healthy volunteers (Corlett et al. 2006; Krystal et al. 1994; Oye et al. 1992 ) and patients with schizophrenia (Malhotra et al. 1997) , led to the development of the NMDA hypofunction model of schizophrenia (Javitt and Zukin 1991; Kornhuber 1990) .",Wellcome Trust | Medical Research Council,,,"Projected from extraction_v1 coverage_mentions; coverage_type=discusses; relationship is discussed in secondary literature, not treated as primary evidence"
compound_disorder,PCP,psychosis,psychosis,therapeutic_indication,,psychosis,indication,True,,secondary literature coverage,,unclear,,,,unknown,10.1007/s00213-009-1561-0,,From drugs to deprivation: a Bayesian framework for understanding models of psychosis,P. R. Corlett; C. D. Frith; P. C. Fletcher,2009,Psychopharmacology,journal-article,,2009-05-27,0033-3158,1432-2072,Springer Science and Business Media LLC,"Animals | Antipsychotic Agents / pharmacology | Antipsychotic Agents / therapeutic use | Bayes Theorem | Humans | Models, Biological | Psychoses, Substance-Induced / etiology | Psychoses, Substance-Induced / physiopathology | Psychotic Disorders / physiopathology",,Wellcome Trust | Medical Research Council,064351 | G0001354,,,,,eng,,review,low,doi,review,evidence_synthesis,secondary_literature,uncertain,uncertain,1.0,False,secondary_summary,full_text_seen,text,"S005, C006",review,,,,,,,,,,,,"Both ketamine and PCP block NMDA receptor transmission in mammalian neurons (Anis et al. 1983) . This observation, coupled with the psychopathology induced by ketamine in healthy volunteers (Corlett et al. 2006; Krystal et al. 1994; Oye et al. 1992 ) and patients with schizophrenia (Malhotra et al. 1997) , led to the development of the NMDA hypofunction model of schizophrenia (Javitt and Zukin 1991; Kornhuber 1990) .",Wellcome Trust | Medical Research Council,,,"Projected from extraction_v1 coverage_mentions; coverage_type=discusses; relationship is discussed in secondary literature, not treated as primary evidence"
compound_disorder,LSD,hallucinations,hallucinations,therapeutic_indication,,hallucinations,indication,True,,secondary literature coverage,,unclear,,,,unknown,10.1007/s00213-009-1561-0,,From drugs to deprivation: a Bayesian framework for understanding models of psychosis,P. R. Corlett; C. D. Frith; P. C. Fletcher,2009,Psychopharmacology,journal-article,,2009-05-27,0033-3158,1432-2072,Springer Science and Business Media LLC,"Animals | Antipsychotic Agents / pharmacology | Antipsychotic Agents / therapeutic use | Bayes Theorem | Humans | Models, Biological | Psychoses, Substance-Induced / etiology | Psychoses, Substance-Induced / physiopathology | Psychotic Disorders / physiopathology",,Wellcome Trust | Medical Research Council,064351 | G0001354,,,,,eng,,review,low,doi,review,evidence_synthesis,secondary_literature,uncertain,uncertain,1.0,False,secondary_summary,full_text_seen,text,"S006, C008",review,,,,,,,,,,,,"LSD and other serotonergic hallucinogens induce profound visual hallucinations, together with altered experiences of time, space and the self (Geyer and Vollenweider 2008) .",Wellcome Trust | Medical Research Council,,,"Projected from extraction_v1 coverage_mentions; coverage_type=discusses; relationship is discussed in secondary literature, not treated as primary evidence"
compound_disorder,serotonergic hallucinogens,hallucinations,hallucinations,therapeutic_indication,,hallucinations,indication,True,,secondary literature coverage,,unclear,,,,unknown,10.1007/s00213-009-1561-0,,From drugs to deprivation: a Bayesian framework for understanding models of psychosis,P. R. Corlett; C. D. Frith; P. C. Fletcher,2009,Psychopharmacology,journal-article,,2009-05-27,0033-3158,1432-2072,Springer Science and Business Media LLC,"Animals | Antipsychotic Agents / pharmacology | Antipsychotic Agents / therapeutic use | Bayes Theorem | Humans | Models, Biological | Psychoses, Substance-Induced / etiology | Psychoses, Substance-Induced / physiopathology | Psychotic Disorders / physiopathology",,Wellcome Trust | Medical Research Council,064351 | G0001354,,,,,eng,,review,low,doi,review,evidence_synthesis,secondary_literature,uncertain,uncertain,1.0,False,secondary_summary,full_text_seen,abstract,Abstract,review,,,,,,,,,,,,"We examine the predictions of the cognitive model in light of what we understand about the neuropharmacology of psychotomimetic drugs and thereby attempt to account for the common and the distinctive effects of NMDA receptor antagonists, serotonergic hallucinogens, cannabinoids and dopamine agonists.",Wellcome Trust | Medical Research Council,,,"Projected from extraction_v1 coverage_mentions; coverage_type=discusses; relationship is discussed in secondary literature, not treated as primary evidence"
compound_disorder,cannabinoids,psychosis,psychosis,therapeutic_indication,,psychosis,indication,True,,secondary literature coverage,,unclear,,,,unknown,10.1007/s00213-009-1561-0,,From drugs to deprivation: a Bayesian framework for understanding models of psychosis,P. R. Corlett; C. D. Frith; P. C. Fletcher,2009,Psychopharmacology,journal-article,,2009-05-27,0033-3158,1432-2072,Springer Science and Business Media LLC,"Animals | Antipsychotic Agents / pharmacology | Antipsychotic Agents / therapeutic use | Bayes Theorem | Humans | Models, Biological | Psychoses, Substance-Induced / etiology | Psychoses, Substance-Induced / physiopathology | Psychotic Disorders / physiopathology",,Wellcome Trust | Medical Research Council,064351 | G0001354,,,,,eng,,review,low,doi,review,evidence_synthesis,secondary_literature,uncertain,uncertain,1.0,False,secondary_summary,full_text_seen,abstract,Abstract,review,,,,,,,,,,,,"We examine the predictions of the cognitive model in light of what we understand about the neuropharmacology of psychotomimetic drugs and thereby attempt to account for the common and the distinctive effects of NMDA receptor antagonists, serotonergic hallucinogens, cannabinoids and dopamine agonists.",Wellcome Trust | Medical Research Council,,,"Projected from extraction_v1 coverage_mentions; coverage_type=discusses; relationship is discussed in secondary literature, not treated as primary evidence"
compound_disorder,Δ-9-THC,psychotomimetic effects,psychotomimetic effects,therapeutic_indication,,psychotomimetic effects,indication,True,,secondary literature coverage,,unclear,,,,unknown,10.1007/s00213-009-1561-0,,From drugs to deprivation: a Bayesian framework for understanding models of psychosis,P. R. Corlett; C. D. Frith; P. C. Fletcher,2009,Psychopharmacology,journal-article,,2009-05-27,0033-3158,1432-2072,Springer Science and Business Media LLC,"Animals | Antipsychotic Agents / pharmacology | Antipsychotic Agents / therapeutic use | Bayes Theorem | Humans | Models, Biological | Psychoses, Substance-Induced / etiology | Psychoses, Substance-Induced / physiopathology | Psychotic Disorders / physiopathology",,Wellcome Trust | Medical Research Council,064351 | G0001354,,,,,eng,,review,low,doi,review,evidence_synthesis,secondary_literature,uncertain,uncertain,1.0,False,secondary_summary,full_text_seen,text,"S007, C009",review,,,,,,,,,,,,"Furthermore, synthetic Δ-9-THC was shown to have psychotomimetic effects in healthy volunteers (D' Souza et al. 2004) .",Wellcome Trust | Medical Research Council,,,"Projected from extraction_v1 coverage_mentions; coverage_type=discusses; relationship is discussed in secondary literature, not treated as primary evidence"
compound_disorder,amphetamine,psychotic illness,psychotic illness,therapeutic_indication,,psychotic illness,indication,True,,secondary literature coverage,,unclear,,,,unknown,10.1007/s00213-009-1561-0,,From drugs to deprivation: a Bayesian framework for understanding models of psychosis,P. R. Corlett; C. D. Frith; P. C. Fletcher,2009,Psychopharmacology,journal-article,,2009-05-27,0033-3158,1432-2072,Springer Science and Business Media LLC,"Animals | Antipsychotic Agents / pharmacology | Antipsychotic Agents / therapeutic use | Bayes Theorem | Humans | Models, Biological | Psychoses, Substance-Induced / etiology | Psychoses, Substance-Induced / physiopathology | Psychotic Disorders / physiopathology",,Wellcome Trust | Medical Research Council,064351 | G0001354,,,,,eng,,review,low,doi,review,evidence_synthesis,secondary_literature,uncertain,uncertain,1.0,False,secondary_summary,full_text_seen,text,"S008, C010",review,,,,,,,,,,,,"A richer pattern of psychopathology is induced through repeated amphetamine administration. This includes behaviour suggesting hallucinations in primates chronically administered amphetamines (Castner and Goldman-Rakic 1999, 2003) and a full-blown psychotic illness (including profound delusions and hallucinations) in humans.",Wellcome Trust | Medical Research Council,,,"Projected from extraction_v1 coverage_mentions; coverage_type=discusses; relationship is discussed in secondary literature, not treated as primary evidence"
compound_disorder,dopamine agonists,psychosis,psychosis,therapeutic_indication,,psychosis,indication,True,,secondary literature coverage,,unclear,,,,unknown,10.1007/s00213-009-1561-0,,From drugs to deprivation: a Bayesian framework for understanding models of psychosis,P. R. Corlett; C. D. Frith; P. C. Fletcher,2009,Psychopharmacology,journal-article,,2009-05-27,0033-3158,1432-2072,Springer Science and Business Media LLC,"Animals | Antipsychotic Agents / pharmacology | Antipsychotic Agents / therapeutic use | Bayes Theorem | Humans | Models, Biological | Psychoses, Substance-Induced / etiology | Psychoses, Substance-Induced / physiopathology | Psychotic Disorders / physiopathology",,Wellcome Trust | Medical Research Council,064351 | G0001354,,,,,eng,,review,low,doi,review,evidence_synthesis,secondary_literature,uncertain,uncertain,1.0,False,secondary_summary,full_text_seen,abstract,Abstract,review,,,,,,,,,,,,"We examine the predictions of the cognitive model in light of what we understand about the neuropharmacology of psychotomimetic drugs and thereby attempt to account for the common and the distinctive effects of NMDA receptor antagonists, serotonergic hallucinogens, cannabinoids and dopamine agonists.",Wellcome Trust | Medical Research Council,,,"Projected from extraction_v1 coverage_mentions; coverage_type=discusses; relationship is discussed in secondary literature, not treated as primary evidence"
compound_disorder,psilocybin,psychiatric disorders,psychiatric disorders,therapeutic_indication,,psychiatric disorders,indication,True,,secondary literature coverage,,unclear,,,,unknown,10.1007/s40262-024-01454-4,,Clinical Pharmacokinetics of Psilocin After Psilocybin Administration: A Systematic Review and Post-Hoc Analysis.,Otto ME; van der Heijden KV; Schoones JW; van Esdonk MJ; Borghans LGJM; Jacobs GE; van Hasselt JGC,2025,Clinical pharmacokinetics,Journal Article | Systematic Review,,2025-01-15,0312-5963,1179-1926,,"Psilocybin / pharmacokinetics | Psilocybin / analogs & derivatives | Psilocybin / administration & dosage | Humans | Hallucinogens / pharmacokinetics | Hallucinogens / administration & dosage | Administration, Oral | Half-Life | Administration, Intravenous",,,,10.1007/s40262-025-01487-3,ErratumIn PMID:39982684 Clin Pharmacokinet. 2025 Mar;64(3):465. doi: 10.1007/s40262-025-01487-3.,,true,eng,,systematic_review,low,doi,systematic_review,evidence_synthesis,secondary_literature,uncertain,uncertain,1.0,False,secondary_summary,full_text_seen,abstract,Abstract,Systematic Review,,,,,,,,,,,,Psilocybin is currently being extensively studied as a potential therapeutic agent for multiple psychiatric disorders.,,,,"Projected from extraction_v1 coverage_mentions; coverage_type=discusses; relationship is discussed in secondary literature, not treated as primary evidence"
compound_disorder,serotonergic psychedelics (SPs),unknown toxicological profiles and potentially life-threatening effects from adulterations or analogues,unknown toxicological profiles and potentially life-threatening effects from adulterations or analogues,therapeutic_indication,,unknown toxicological profiles and potentially life-threatening effects from adulterations or analogues,indication,True,,secondary literature coverage,,unclear,,,,unknown,10.1007/s40429-021-00385-5,,"Safer Tripping: Serotonergic Psychedelics and Drug Checking. Submission and Detection Rates, Potential Harms, and Challenges for Drug Analysis",Tim Hirschfeld; Laura Smit-Rigter; Daan van der Gouwe; Simon Reiche; Heino Stöver; Tomislav Majić,2021,Current Addiction Reports,journal-article,,2021-07-27,2196-2952,2196-2952,Springer Science and Business Media LLC,,,Charité - Universitätsmedizin Berlin,,,,,,en,,review,low,doi,review,evidence_synthesis,secondary_literature,uncertain,uncertain,0.9,False,secondary_summary,full_text_seen,abstract,Abstract,literature review,,,,,,,,,,,,"Samples contained considerable amounts of adulterations or analogues, mostly novel SPs with unknown toxicological profiles and in some cases potentially life-threatening effects.",,,,"Projected from extraction_v1 coverage_mentions; coverage_type=discusses; relationship is discussed in secondary literature, not treated as primary evidence"
compound_disorder,NBOMes,health-related incidents and fatalities,health-related incidents and fatalities,therapeutic_indication,,health-related incidents and fatalities,indication,True,,secondary literature coverage,,unclear,,,,unknown,10.1007/s40429-021-00385-5,,"Safer Tripping: Serotonergic Psychedelics and Drug Checking. Submission and Detection Rates, Potential Harms, and Challenges for Drug Analysis",Tim Hirschfeld; Laura Smit-Rigter; Daan van der Gouwe; Simon Reiche; Heino Stöver; Tomislav Majić,2021,Current Addiction Reports,journal-article,,2021-07-27,2196-2952,2196-2952,Springer Science and Business Media LLC,,,Charité - Universitätsmedizin Berlin,,,,,,en,,review,low,doi,review,evidence_synthesis,secondary_literature,uncertain,uncertain,0.9,False,secondary_summary,full_text_seen,text,"Chunk C002, Introduction",literature review,,,,,,,,,,,,"novel SPs like NBOMes may become an increasing public health concern, as they have resulted in numerous cases of health-related incidents and fatalities [38, 39]",,,,"Projected from extraction_v1 coverage_mentions; coverage_type=discusses; relationship is discussed in secondary literature, not treated as primary evidence"
compound_disorder,serotonergic psychedelics (SPs),"acute adverse psychological effects (dysphoria, panic, confusion, hallucinations, paranoid thought, aggression, anxiety)","acute adverse psychological effects (dysphoria, panic, confusion, hallucinations, paranoid thought, aggression, anxiety)",therapeutic_indication,,"acute adverse psychological effects (dysphoria, panic, confusion, hallucinations, paranoid thought, aggression, anxiety)",indication,True,,secondary literature coverage,,unclear,,,,unknown,10.1007/s40429-021-00385-5,,"Safer Tripping: Serotonergic Psychedelics and Drug Checking. Submission and Detection Rates, Potential Harms, and Challenges for Drug Analysis",Tim Hirschfeld; Laura Smit-Rigter; Daan van der Gouwe; Simon Reiche; Heino Stöver; Tomislav Majić,2021,Current Addiction Reports,journal-article,,2021-07-27,2196-2952,2196-2952,Springer Science and Business Media LLC,,,Charité - Universitätsmedizin Berlin,,,,,,en,,review,low,doi,review,evidence_synthesis,secondary_literature,uncertain,uncertain,0.9,False,secondary_summary,full_text_seen,text,"Chunk C014, Harms Associated with Serotonergic Psychedelics",literature review,,,,,,,,,,,,"Acute adverse psychological effects include dysphoria, panic, confusion, hallucinations, paranoid thought, aggression, and anxiety [38, 64]",,,,"Projected from extraction_v1 coverage_mentions; coverage_type=discusses; relationship is discussed in secondary literature, not treated as primary evidence"
compound_disorder,serotonergic psychedelics (SPs),"subacute and long-term persisting adverse psychological effects (psychosis, hallucinogen persisting perception disorder (HPPD), depersonalisation/derealisation syndrome (DDS))","subacute and long-term persisting adverse psychological effects (psychosis, hallucinogen persisting perception disorder (HPPD), depersonalisation/derealisation syndrome (DDS))",therapeutic_indication,,"subacute and long-term persisting adverse psychological effects (psychosis, hallucinogen persisting perception disorder (HPPD), depersonalisation/derealisation syndrome (DDS))",indication,True,,secondary literature coverage,,unclear,,,,unknown,10.1007/s40429-021-00385-5,,"Safer Tripping: Serotonergic Psychedelics and Drug Checking. Submission and Detection Rates, Potential Harms, and Challenges for Drug Analysis",Tim Hirschfeld; Laura Smit-Rigter; Daan van der Gouwe; Simon Reiche; Heino Stöver; Tomislav Majić,2021,Current Addiction Reports,journal-article,,2021-07-27,2196-2952,2196-2952,Springer Science and Business Media LLC,,,Charité - Universitätsmedizin Berlin,,,,,,en,,review,low,doi,review,evidence_synthesis,secondary_literature,uncertain,uncertain,0.9,False,secondary_summary,full_text_seen,text,"Chunk C015, Harms Associated with Serotonergic Psychedelics",literature review,,,,,,,,,,,,"Notably, in addition to the acute effects and risks of SPs, there are also several reports of subacute and long-term persisting adverse psychological effects associated with their recreational use, including psychosis [86] , hallucinogen persisting perception disorder (HPPD) [87] , and depersonalisation/derealisation syndrome (DDS) [88]",,,,"Projected from extraction_v1 coverage_mentions; coverage_type=discusses; relationship is discussed in secondary literature, not treated as primary evidence"
compound_disorder,2C-B,"severe neurological reactions (central serotonin syndrome, epileptic seizures, cerebral oedema, cerebral vasculopathy)","severe neurological reactions (central serotonin syndrome, epileptic seizures, cerebral oedema, cerebral vasculopathy)",therapeutic_indication,,"severe neurological reactions (central serotonin syndrome, epileptic seizures, cerebral oedema, cerebral vasculopathy)",indication,True,,secondary literature coverage,,unclear,,,,unknown,10.1007/s40429-021-00385-5,,"Safer Tripping: Serotonergic Psychedelics and Drug Checking. Submission and Detection Rates, Potential Harms, and Challenges for Drug Analysis",Tim Hirschfeld; Laura Smit-Rigter; Daan van der Gouwe; Simon Reiche; Heino Stöver; Tomislav Majić,2021,Current Addiction Reports,journal-article,,2021-07-27,2196-2952,2196-2952,Springer Science and Business Media LLC,,,Charité - Universitätsmedizin Berlin,,,,,,en,,review,low,doi,review,evidence_synthesis,secondary_literature,uncertain,uncertain,0.9,False,secondary_summary,full_text_seen,text,"Chunk C014, Harms Associated with Serotonergic Psychedelics",literature review,,,,,,,,,,,,"but severe neurological reactions to 2C-B have also been reported, i.e. central serotonin syndrome, epileptic seizures, cerebral oedema [79] , and cerebral vasculopathy [80]",,,,"Projected from extraction_v1 coverage_mentions; coverage_type=discusses; relationship is discussed in secondary literature, not treated as primary evidence"
compound_disorder,serotonergic psychedelics,myriad disorders,myriad disorders,therapeutic_indication,,myriad disorders,indication,True,,secondary literature coverage,,unclear,,,,unknown,10.1016/j.neubiorev.2022.104689,,Psychedelic resting-state neuroimaging: A review and perspective on balancing replication and novel analyses,Drummond E-Wen McCulloch; Gitte Moos Knudsen; Frederick Streeter Barrett; Manoj K. Doss; Robin Lester Carhart-Harris; Fernando E. Rosas; Gustavo Deco; Morten L. Kringelbach; Katrin H. Preller; Johannes G. Ramaekers,2022,Neuroscience & Biobehavioral Reviews,journal-article,,2022-05-16,0149-7634,1873-7528,Elsevier BV,Brain / diagnostic imaging | Hallucinogens / pharmacology | Humans | Magnetic Resonance Imaging | Neural Pathways | Psilocybin / pharmacology,Ayahausca | Clinical | DMT | Entheogen | FMRI | Hallucinogen | Human | LSD | Neuroimaging | Psilocin | Psilocybin | Psychedelic | Replication | Resting-state | Serotonin,,,,,,,eng,,review,low,doi,review,evidence_synthesis,secondary_literature,uncertain,uncertain,1.0,False,secondary_summary,full_text_seen,abstract,S001,review of neuroimaging studies,,,,,,,,,,,,"Clinical research into serotonergic psychedelics is expanding rapidly, showing promising efficacy across myriad disorders.",,,,"Projected from extraction_v1 coverage_mentions; coverage_type=discusses; relationship is discussed in secondary literature, not treated as primary evidence"
compound_disorder,psilocybin and ayahuasca,major depressive disorder (including otherwise treatmentresistant individuals),major depressive disorder (including otherwise treatmentresistant individuals),therapeutic_indication,,major depressive disorder (including otherwise treatmentresistant individuals),indication,True,,secondary literature coverage,,unclear,,,,unknown,10.1016/j.neubiorev.2022.104689,,Psychedelic resting-state neuroimaging: A review and perspective on balancing replication and novel analyses,Drummond E-Wen McCulloch; Gitte Moos Knudsen; Frederick Streeter Barrett; Manoj K. Doss; Robin Lester Carhart-Harris; Fernando E. Rosas; Gustavo Deco; Morten L. Kringelbach; Katrin H. Preller; Johannes G. Ramaekers,2022,Neuroscience & Biobehavioral Reviews,journal-article,,2022-05-16,0149-7634,1873-7528,Elsevier BV,Brain / diagnostic imaging | Hallucinogens / pharmacology | Humans | Magnetic Resonance Imaging | Neural Pathways | Psilocybin / pharmacology,Ayahausca | Clinical | DMT | Entheogen | FMRI | Hallucinogen | Human | LSD | Neuroimaging | Psilocin | Psilocybin | Psychedelic | Replication | Resting-state | Serotonin,,,,,,,eng,,review,low,doi,review,evidence_synthesis,secondary_literature,uncertain,uncertain,1.0,False,secondary_summary,full_text_seen,text,C002,review of neuroimaging studies,,,,,,,,,,,,Small clinical trials over the past 15 years with psilocybin and ayahuasca provide intriguing preliminary evidence for efficacy in treating major depressive disorder (including otherwise treatmentresistant individuals),,,,"Projected from extraction_v1 coverage_mentions; coverage_type=discusses; relationship is discussed in secondary literature, not treated as primary evidence"
compound_disorder,psilocybin and ayahuasca,obsessive compulsive disorder,obsessive compulsive disorder,therapeutic_indication,,obsessive compulsive disorder,indication,True,,secondary literature coverage,,unclear,,,,unknown,10.1016/j.neubiorev.2022.104689,,Psychedelic resting-state neuroimaging: A review and perspective on balancing replication and novel analyses,Drummond E-Wen McCulloch; Gitte Moos Knudsen; Frederick Streeter Barrett; Manoj K. Doss; Robin Lester Carhart-Harris; Fernando E. Rosas; Gustavo Deco; Morten L. Kringelbach; Katrin H. Preller; Johannes G. Ramaekers,2022,Neuroscience & Biobehavioral Reviews,journal-article,,2022-05-16,0149-7634,1873-7528,Elsevier BV,Brain / diagnostic imaging | Hallucinogens / pharmacology | Humans | Magnetic Resonance Imaging | Neural Pathways | Psilocybin / pharmacology,Ayahausca | Clinical | DMT | Entheogen | FMRI | Hallucinogen | Human | LSD | Neuroimaging | Psilocin | Psilocybin | Psychedelic | Replication | Resting-state | Serotonin,,,,,,,eng,,review,low,doi,review,evidence_synthesis,secondary_literature,uncertain,uncertain,1.0,False,secondary_summary,full_text_seen,text,C002,review of neuroimaging studies,,,,,,,,,,,,"Small clinical trials over the past 15 years with psilocybin and ayahuasca provide intriguing preliminary evidence for efficacy in treating major depressive disorder (including otherwise treatmentresistant individuals) (Carhart-Harris et al., 2021 , 2018; Davis et al., 2020; de Osório et al., 2015; Palhano-Fontes et al., 2019) , obsessive compulsive disorder (Moreno et al., 2006)",,,,"Projected from extraction_v1 coverage_mentions; coverage_type=discusses; relationship is discussed in secondary literature, not treated as primary evidence"
compound_disorder,psilocybin and ayahuasca,smoking addiction,smoking addiction,therapeutic_indication,,smoking addiction,indication,True,,secondary literature coverage,,unclear,,,,unknown,10.1016/j.neubiorev.2022.104689,,Psychedelic resting-state neuroimaging: A review and perspective on balancing replication and novel analyses,Drummond E-Wen McCulloch; Gitte Moos Knudsen; Frederick Streeter Barrett; Manoj K. Doss; Robin Lester Carhart-Harris; Fernando E. Rosas; Gustavo Deco; Morten L. Kringelbach; Katrin H. Preller; Johannes G. Ramaekers,2022,Neuroscience & Biobehavioral Reviews,journal-article,,2022-05-16,0149-7634,1873-7528,Elsevier BV,Brain / diagnostic imaging | Hallucinogens / pharmacology | Humans | Magnetic Resonance Imaging | Neural Pathways | Psilocybin / pharmacology,Ayahausca | Clinical | DMT | Entheogen | FMRI | Hallucinogen | Human | LSD | Neuroimaging | Psilocin | Psilocybin | Psychedelic | Replication | Resting-state | Serotonin,,,,,,,eng,,review,low,doi,review,evidence_synthesis,secondary_literature,uncertain,uncertain,1.0,False,secondary_summary,full_text_seen,text,C002,review of neuroimaging studies,,,,,,,,,,,,"Small clinical trials over the past 15 years with psilocybin and ayahuasca provide intriguing preliminary evidence for efficacy in treating major depressive disorder (including otherwise treatmentresistant individuals) (Carhart-Harris et al., 2021 , 2018; Davis et al., 2020; de Osório et al., 2015; Palhano-Fontes et al., 2019) , obsessive compulsive disorder (Moreno et al., 2006) , smoking addiction (Johnson et al., 2017)",,,,"Projected from extraction_v1 coverage_mentions; coverage_type=discusses; relationship is discussed in secondary literature, not treated as primary evidence"
compound_disorder,psilocybin and ayahuasca,alcohol abuse,alcohol abuse,therapeutic_indication,,alcohol abuse,indication,True,,secondary literature coverage,,unclear,,,,unknown,10.1016/j.neubiorev.2022.104689,,Psychedelic resting-state neuroimaging: A review and perspective on balancing replication and novel analyses,Drummond E-Wen McCulloch; Gitte Moos Knudsen; Frederick Streeter Barrett; Manoj K. Doss; Robin Lester Carhart-Harris; Fernando E. Rosas; Gustavo Deco; Morten L. Kringelbach; Katrin H. Preller; Johannes G. Ramaekers,2022,Neuroscience & Biobehavioral Reviews,journal-article,,2022-05-16,0149-7634,1873-7528,Elsevier BV,Brain / diagnostic imaging | Hallucinogens / pharmacology | Humans | Magnetic Resonance Imaging | Neural Pathways | Psilocybin / pharmacology,Ayahausca | Clinical | DMT | Entheogen | FMRI | Hallucinogen | Human | LSD | Neuroimaging | Psilocin | Psilocybin | Psychedelic | Replication | Resting-state | Serotonin,,,,,,,eng,,review,low,doi,review,evidence_synthesis,secondary_literature,uncertain,uncertain,1.0,False,secondary_summary,full_text_seen,text,C002,review of neuroimaging studies,,,,,,,,,,,,"Small clinical trials over the past 15 years with psilocybin and ayahuasca provide intriguing preliminary evidence for efficacy in treating major depressive disorder (including otherwise treatmentresistant individuals) (Carhart-Harris et al., 2021 , 2018; Davis et al., 2020; de Osório et al., 2015; Palhano-Fontes et al., 2019) , obsessive compulsive disorder (Moreno et al., 2006) , smoking addiction (Johnson et al., 2017) , alcohol abuse (Bogenschutz et al., 2015)",,,,"Projected from extraction_v1 coverage_mentions; coverage_type=discusses; relationship is discussed in secondary literature, not treated as primary evidence"
compound_disorder,psilocybin and ayahuasca,demoralisation,demoralisation,therapeutic_indication,,demoralisation,indication,True,,secondary literature coverage,,unclear,,,,unknown,10.1016/j.neubiorev.2022.104689,,Psychedelic resting-state neuroimaging: A review and perspective on balancing replication and novel analyses,Drummond E-Wen McCulloch; Gitte Moos Knudsen; Frederick Streeter Barrett; Manoj K. Doss; Robin Lester Carhart-Harris; Fernando E. Rosas; Gustavo Deco; Morten L. Kringelbach; Katrin H. Preller; Johannes G. Ramaekers,2022,Neuroscience & Biobehavioral Reviews,journal-article,,2022-05-16,0149-7634,1873-7528,Elsevier BV,Brain / diagnostic imaging | Hallucinogens / pharmacology | Humans | Magnetic Resonance Imaging | Neural Pathways | Psilocybin / pharmacology,Ayahausca | Clinical | DMT | Entheogen | FMRI | Hallucinogen | Human | LSD | Neuroimaging | Psilocin | Psilocybin | Psychedelic | Replication | Resting-state | Serotonin,,,,,,,eng,,review,low,doi,review,evidence_synthesis,secondary_literature,uncertain,uncertain,1.0,False,secondary_summary,full_text_seen,text,C002,review of neuroimaging studies,,,,,,,,,,,,"Small clinical trials over the past 15 years with psilocybin and ayahuasca provide intriguing preliminary evidence for efficacy in treating major depressive disorder (including otherwise treatmentresistant individuals) (Carhart-Harris et al., 2021 , 2018; Davis et al., 2020; de Osório et al., 2015; Palhano-Fontes et al., 2019) , obsessive compulsive disorder (Moreno et al., 2006) , smoking addiction (Johnson et al., 2017) , alcohol abuse (Bogenschutz et al., 2015) , demoralisation (Anderson et al., 2020)",,,,"Projected from extraction_v1 coverage_mentions; coverage_type=discusses; relationship is discussed in secondary literature, not treated as primary evidence"
compound_disorder,psilocybin and ayahuasca,depressive and anxiety symptoms associated with diagnosis of life-threatening diseases,depressive and anxiety symptoms associated with diagnosis of life-threatening diseases,therapeutic_indication,,depressive and anxiety symptoms associated with diagnosis of life-threatening diseases,indication,True,,secondary literature coverage,,unclear,,,,unknown,10.1016/j.neubiorev.2022.104689,,Psychedelic resting-state neuroimaging: A review and perspective on balancing replication and novel analyses,Drummond E-Wen McCulloch; Gitte Moos Knudsen; Frederick Streeter Barrett; Manoj K. Doss; Robin Lester Carhart-Harris; Fernando E. Rosas; Gustavo Deco; Morten L. Kringelbach; Katrin H. Preller; Johannes G. Ramaekers,2022,Neuroscience & Biobehavioral Reviews,journal-article,,2022-05-16,0149-7634,1873-7528,Elsevier BV,Brain / diagnostic imaging | Hallucinogens / pharmacology | Humans | Magnetic Resonance Imaging | Neural Pathways | Psilocybin / pharmacology,Ayahausca | Clinical | DMT | Entheogen | FMRI | Hallucinogen | Human | LSD | Neuroimaging | Psilocin | Psilocybin | Psychedelic | Replication | Resting-state | Serotonin,,,,,,,eng,,review,low,doi,review,evidence_synthesis,secondary_literature,uncertain,uncertain,1.0,False,secondary_summary,full_text_seen,text,C002,review of neuroimaging studies,,,,,,,,,,,,"Small clinical trials over the past 15 years with psilocybin and ayahuasca provide intriguing preliminary evidence for efficacy in treating major depressive disorder (including otherwise treatmentresistant individuals) (Carhart-Harris et al., 2021 , 2018; Davis et al., 2020; de Osório et al., 2015; Palhano-Fontes et al., 2019) , obsessive compulsive disorder (Moreno et al., 2006) , smoking addiction (Johnson et al., 2017) , alcohol abuse (Bogenschutz et al., 2015) , demoralisation (Anderson et al., 2020) , and depressive and anxiety symptoms associated with diagnosis of life-threatening diseases (Gasser et al., 2015 (Gasser et al., , 2014;; Griffiths et al., 2016; Grob et al., 2011; Ross et al., 2016)",,,,"Projected from extraction_v1 coverage_mentions; coverage_type=discusses; relationship is discussed in secondary literature, not treated as primary evidence"
compound_disorder,psilocybin,treatment-resistant depression,treatment-resistant depression,therapeutic_indication,,treatment-resistant depression,indication,True,,secondary literature coverage,,unclear,,,,unknown,10.1016/j.tips.2025.07.017,,The ABCs of psychedelics: a preclinical roadmap for drug discovery,Alex C. Kwan; John R. Mantsch; John D. McCorvy,2025,Trends in Pharmacological Sciences,journal-article,,2025-08-28,0165-6147,1873-3735,Elsevier BV,"Hallucinogens / pharmacology | Hallucinogens / chemistry | Humans | Drug Discovery / methods | Animals | Serotonin 5-HT2 Receptor Agonists / pharmacology | Drug Evaluation, Preclinical / methods | Receptor, Serotonin, 5-HT2A / metabolism",G protein-coupled receptor | biased agonist | neural plasticity | partial agonist | screening | serotonin,NIDA NIH HHS | NIMH NIH HHS | NIGMS NIH HHS,R01 DA059194 | R01 MH136708 | R01 MH128217 | R01 DA052169 | R01 MH133849 | R01 MH121848 | R35 GM133421 | R01 MH137047 | R01 DA061433,,,,,eng,,review,low,doi,review,evidence_synthesis,secondary_literature,uncertain,uncertain,0.9,False,secondary_summary,full_text_seen,text,S002,secondary_literature,,,,,,,,,,,,Positive results have been demonstrated for psilocybin with psychological support for treatment-resistant depression [1],,,,"Projected from extraction_v1 coverage_mentions; coverage_type=mentions; relationship is discussed in secondary literature, not treated as primary evidence"
compound_disorder,psilocybin,major depressive disorder,major depressive disorder,therapeutic_indication,,major depressive disorder,indication,True,,secondary literature coverage,,unclear,,,,unknown,10.1016/j.tips.2025.07.017,,The ABCs of psychedelics: a preclinical roadmap for drug discovery,Alex C. Kwan; John R. Mantsch; John D. McCorvy,2025,Trends in Pharmacological Sciences,journal-article,,2025-08-28,0165-6147,1873-3735,Elsevier BV,"Hallucinogens / pharmacology | Hallucinogens / chemistry | Humans | Drug Discovery / methods | Animals | Serotonin 5-HT2 Receptor Agonists / pharmacology | Drug Evaluation, Preclinical / methods | Receptor, Serotonin, 5-HT2A / metabolism",G protein-coupled receptor | biased agonist | neural plasticity | partial agonist | screening | serotonin,NIDA NIH HHS | NIMH NIH HHS | NIGMS NIH HHS,R01 DA059194 | R01 MH136708 | R01 MH128217 | R01 DA052169 | R01 MH133849 | R01 MH121848 | R35 GM133421 | R01 MH137047 | R01 DA061433,,,,,eng,,review,low,doi,review,evidence_synthesis,secondary_literature,uncertain,uncertain,0.9,False,secondary_summary,full_text_seen,text,S002,secondary_literature,,,,,,,,,,,,and major depressive disorder [2],,,,"Projected from extraction_v1 coverage_mentions; coverage_type=mentions; relationship is discussed in secondary literature, not treated as primary evidence"
compound_disorder,psilocybin,alcohol use disorder,alcohol use disorder,therapeutic_indication,,alcohol use disorder,indication,True,,secondary literature coverage,,unclear,,,,unknown,10.1016/j.tips.2025.07.017,,The ABCs of psychedelics: a preclinical roadmap for drug discovery,Alex C. Kwan; John R. Mantsch; John D. McCorvy,2025,Trends in Pharmacological Sciences,journal-article,,2025-08-28,0165-6147,1873-3735,Elsevier BV,"Hallucinogens / pharmacology | Hallucinogens / chemistry | Humans | Drug Discovery / methods | Animals | Serotonin 5-HT2 Receptor Agonists / pharmacology | Drug Evaluation, Preclinical / methods | Receptor, Serotonin, 5-HT2A / metabolism",G protein-coupled receptor | biased agonist | neural plasticity | partial agonist | screening | serotonin,NIDA NIH HHS | NIMH NIH HHS | NIGMS NIH HHS,R01 DA059194 | R01 MH136708 | R01 MH128217 | R01 DA052169 | R01 MH133849 | R01 MH121848 | R35 GM133421 | R01 MH137047 | R01 DA061433,,,,,eng,,review,low,doi,review,evidence_synthesis,secondary_literature,uncertain,uncertain,0.9,False,secondary_summary,full_text_seen,text,S002,secondary_literature,,,,,,,,,,,,psilocybin-assisted psychotherapy for alcohol use disorder [3],,,,"Projected from extraction_v1 coverage_mentions; coverage_type=mentions; relationship is discussed in secondary literature, not treated as primary evidence"
compound_disorder,lysergic acid diethylamide (LSD),anxiety,anxiety,therapeutic_indication,,anxiety,indication,True,,secondary literature coverage,,unclear,,,,unknown,10.1016/j.tips.2025.07.017,,The ABCs of psychedelics: a preclinical roadmap for drug discovery,Alex C. Kwan; John R. Mantsch; John D. McCorvy,2025,Trends in Pharmacological Sciences,journal-article,,2025-08-28,0165-6147,1873-3735,Elsevier BV,"Hallucinogens / pharmacology | Hallucinogens / chemistry | Humans | Drug Discovery / methods | Animals | Serotonin 5-HT2 Receptor Agonists / pharmacology | Drug Evaluation, Preclinical / methods | Receptor, Serotonin, 5-HT2A / metabolism",G protein-coupled receptor | biased agonist | neural plasticity | partial agonist | screening | serotonin,NIDA NIH HHS | NIMH NIH HHS | NIGMS NIH HHS,R01 DA059194 | R01 MH136708 | R01 MH128217 | R01 DA052169 | R01 MH133849 | R01 MH121848 | R35 GM133421 | R01 MH137047 | R01 DA061433,,,,,eng,,review,low,doi,review,evidence_synthesis,secondary_literature,uncertain,uncertain,0.9,False,secondary_summary,full_text_seen,text,S002,secondary_literature,,,,,,,,,,,,and lysergic acid diethylamide (LSD)-assisted therapy for anxiety [4],,,,"Projected from extraction_v1 coverage_mentions; coverage_type=mentions; relationship is discussed in secondary literature, not treated as primary evidence"
compound_disorder,non-hallucinogenic 5-HT 2A receptor agonists,therapeutic benefits,therapeutic benefits,therapeutic_indication,,therapeutic benefits,indication,True,,secondary literature coverage,,unclear,,,,unknown,10.1016/j.tips.2025.07.017,,The ABCs of psychedelics: a preclinical roadmap for drug discovery,Alex C. Kwan; John R. Mantsch; John D. McCorvy,2025,Trends in Pharmacological Sciences,journal-article,,2025-08-28,0165-6147,1873-3735,Elsevier BV,"Hallucinogens / pharmacology | Hallucinogens / chemistry | Humans | Drug Discovery / methods | Animals | Serotonin 5-HT2 Receptor Agonists / pharmacology | Drug Evaluation, Preclinical / methods | Receptor, Serotonin, 5-HT2A / metabolism",G protein-coupled receptor | biased agonist | neural plasticity | partial agonist | screening | serotonin,NIDA NIH HHS | NIMH NIH HHS | NIGMS NIH HHS,R01 DA059194 | R01 MH136708 | R01 MH128217 | R01 DA052169 | R01 MH133849 | R01 MH121848 | R35 GM133421 | R01 MH137047 | R01 DA061433,,,,,eng,,review,low,doi,review,evidence_synthesis,secondary_literature,uncertain,uncertain,0.8,False,secondary_summary,full_text_seen,text,S003,secondary_literature,,,,,,,,,,,,Increasing attention has turned to non-hallucinogenic 5-HT 2A receptor agonists that do not induce the 'trip' yet may still confer therapeutic benefits [11] .,,,,"Projected from extraction_v1 coverage_mentions; coverage_type=discusses; relationship is discussed in secondary literature, not treated as primary evidence"
compound_disorder,psychedelics,major depressive disorder,major depressive disorder,therapeutic_indication,,major depressive disorder,indication,True,,secondary literature coverage,,unclear,,,,unknown,10.1016/j.tips.2025.07.017,,The ABCs of psychedelics: a preclinical roadmap for drug discovery,Alex C. Kwan; John R. Mantsch; John D. McCorvy,2025,Trends in Pharmacological Sciences,journal-article,,2025-08-28,0165-6147,1873-3735,Elsevier BV,"Hallucinogens / pharmacology | Hallucinogens / chemistry | Humans | Drug Discovery / methods | Animals | Serotonin 5-HT2 Receptor Agonists / pharmacology | Drug Evaluation, Preclinical / methods | Receptor, Serotonin, 5-HT2A / metabolism",G protein-coupled receptor | biased agonist | neural plasticity | partial agonist | screening | serotonin,NIDA NIH HHS | NIMH NIH HHS | NIGMS NIH HHS,R01 DA059194 | R01 MH136708 | R01 MH128217 | R01 DA052169 | R01 MH133849 | R01 MH121848 | R35 GM133421 | R01 MH137047 | R01 DA061433,,,,,eng,,review,low,doi,review,evidence_synthesis,secondary_literature,uncertain,uncertain,0.8,False,secondary_summary,full_text_seen,text,S011,secondary_literature,,,,,,,,,,,,"By facilitating the growth of excitatory connections, psychedelics may help reverse the synapse loss associated with neuropsychiatric disorders such as major depressive disorder [80, 81] .",,,,"Projected from extraction_v1 coverage_mentions; coverage_type=discusses; relationship is discussed in secondary literature, not treated as primary evidence"
compound_disorder,Lysergic acid diethylamide (LSD),psychedelic effects,psychedelic effects,therapeutic_indication,,psychedelic effects,indication,True,,secondary literature coverage,,unclear,,,,unknown,10.1038/bjp.2008.207,,Gaddum and LSD: the birth and growth of experimental and clinical neuropharmacology research on 5‐HT in the UK,A R Green,2008,British Journal of Pharmacology,journal-article,,2008-06-02,0007-1188,1476-5381,Wiley,"Animals | Hallucinogens / history | Hallucinogens / pharmacology | History, 20th Century | Humans | Lysergic Acid Diethylamide / history | Lysergic Acid Diethylamide / pharmacology | Mental Disorders / drug therapy | Mental Disorders / physiopathology | Neuropharmacology / history | Neuropharmacology / methods | Research Design | Serotonin / history | Serotonin / metabolism | Serotonin / pharmacology | Serotonin Agents / history | Serotonin Agents / metabolism | Serotonin Agents / pharmacology | United Kingdom",,Wellcome Trust,,,,,,eng,,review,low,doi,review,evidence_synthesis,secondary_literature,uncertain,uncertain,0.9,False,secondary_summary,full_text_seen,abstract,Abstract,secondary_literature,,,,,,,,,,,,"It reviews studies on the effects of LSD in humans, including Gaddum's self-administration experiments.",Wellcome Trust,,,"Projected from extraction_v1 coverage_mentions; coverage_type=discusses; relationship is discussed in secondary literature, not treated as primary evidence"
compound_disorder,Lysergic acid diethylamide (LSD),schizophrenia-like effects,schizophrenia-like effects,therapeutic_indication,,schizophrenia-like effects,indication,True,,secondary literature coverage,,unclear,,,,unknown,10.1038/bjp.2008.207,,Gaddum and LSD: the birth and growth of experimental and clinical neuropharmacology research on 5‐HT in the UK,A R Green,2008,British Journal of Pharmacology,journal-article,,2008-06-02,0007-1188,1476-5381,Wiley,"Animals | Hallucinogens / history | Hallucinogens / pharmacology | History, 20th Century | Humans | Lysergic Acid Diethylamide / history | Lysergic Acid Diethylamide / pharmacology | Mental Disorders / drug therapy | Mental Disorders / physiopathology | Neuropharmacology / history | Neuropharmacology / methods | Research Design | Serotonin / history | Serotonin / metabolism | Serotonin / pharmacology | Serotonin Agents / history | Serotonin Agents / metabolism | Serotonin Agents / pharmacology | United Kingdom",,Wellcome Trust,,,,,,eng,,review,low,doi,review,evidence_synthesis,secondary_literature,uncertain,uncertain,0.9,False,secondary_summary,full_text_seen,text,C018,secondary_literature,,,,,,,,,,,,"For example, it was reported that LSD induced some schizophrenia-like effects and that these effects were reduced by administration of 5-HTP (Brengelmann et al., 1958).",Wellcome Trust,,,"Projected from extraction_v1 coverage_mentions; coverage_type=discusses; relationship is discussed in secondary literature, not treated as primary evidence"
compound_disorder,Lysergic acid diethylamide (LSD),severe adverse psychological response,severe adverse psychological response,therapeutic_indication,,severe adverse psychological response,indication,True,,secondary literature coverage,,unclear,,,,unknown,10.1038/bjp.2008.207,,Gaddum and LSD: the birth and growth of experimental and clinical neuropharmacology research on 5‐HT in the UK,A R Green,2008,British Journal of Pharmacology,journal-article,,2008-06-02,0007-1188,1476-5381,Wiley,"Animals | Hallucinogens / history | Hallucinogens / pharmacology | History, 20th Century | Humans | Lysergic Acid Diethylamide / history | Lysergic Acid Diethylamide / pharmacology | Mental Disorders / drug therapy | Mental Disorders / physiopathology | Neuropharmacology / history | Neuropharmacology / methods | Research Design | Serotonin / history | Serotonin / metabolism | Serotonin / pharmacology | Serotonin Agents / history | Serotonin Agents / metabolism | Serotonin Agents / pharmacology | United Kingdom",,Wellcome Trust,,,,,,eng,,review,low,doi,review,evidence_synthesis,secondary_literature,uncertain,uncertain,0.9,False,secondary_summary,full_text_seen,text,C018,secondary_literature,,,,,,,,,,,,"Although some patients had relatively benign LSDinduced 'trips', one female depressive patient clearly experienced a severe adverse response-she screamed continuously for over 2 h and was reported as having a 'sense of terror'.",Wellcome Trust,,,"Projected from extraction_v1 coverage_mentions; coverage_type=discusses; relationship is discussed in secondary literature, not treated as primary evidence"
compound_disorder,psychedelics,neuropsychiatric disorders,neuropsychiatric disorders,therapeutic_indication,,neuropsychiatric disorders,indication,True,,secondary literature coverage,,unclear,,,,unknown,10.1080/17512433.2023.2279192,,Stimulant and hallucinogenic novel psychoactive substances; an update,F Schifano; A Vento; N Scherbaum; A Guirguis,2023,Expert Review of Clinical Pharmacology,journal-article,,2023-11-02,1751-2433,1751-2441,Informa UK Limited,Humans | Hallucinogens / pharmacology | Psychotropic Drugs / pharmacology | Central Nervous System Stimulants / pharmacology | Phenethylamines | Methamphetamine,Stimulants | amphetamine-type stimulants | dissociatives | hallucinogens | psychedelics,,,,,,,eng,,review,low,doi,review,evidence_synthesis,secondary_literature,uncertain,uncertain,0.9,False,secondary_summary,full_text_seen,text,C019,narrative review,,,,,,,,,,,,"Psychedelics have lately been capturing significant attention because of their therapeutic potential, albeit still largely under investigation, for a range of neuropsychiatric disorders [94, 95].",,,,"Projected from extraction_v1 coverage_mentions; coverage_type=discusses; relationship is discussed in secondary literature, not treated as primary evidence"
compound_disorder,psychedelics,depression and anxiety,depression and anxiety,therapeutic_indication,,depression and anxiety,indication,True,,secondary literature coverage,,unclear,,,,unknown,10.1080/17512433.2023.2279192,,Stimulant and hallucinogenic novel psychoactive substances; an update,F Schifano; A Vento; N Scherbaum; A Guirguis,2023,Expert Review of Clinical Pharmacology,journal-article,,2023-11-02,1751-2433,1751-2441,Informa UK Limited,Humans | Hallucinogens / pharmacology | Psychotropic Drugs / pharmacology | Central Nervous System Stimulants / pharmacology | Phenethylamines | Methamphetamine,Stimulants | amphetamine-type stimulants | dissociatives | hallucinogens | psychedelics,,,,,,,eng,,review,low,doi,review,evidence_synthesis,secondary_literature,uncertain,uncertain,0.8,False,secondary_summary,full_text_seen,text,C020,narrative review,,,,,,,,,,,,"Reported benefits encompassed cognitive and creative enhancements, reduced depression and anxiety, and improved social interactions.",,,,"Projected from extraction_v1 coverage_mentions; coverage_type=discusses; relationship is discussed in secondary literature, not treated as primary evidence"
compound_disorder,psilocybin,treatment-resistant depression,treatment-resistant depression,therapeutic_indication,,treatment-resistant depression,indication,True,,secondary literature coverage,,unclear,,,,unknown,10.1080/17512433.2023.2279192,,Stimulant and hallucinogenic novel psychoactive substances; an update,F Schifano; A Vento; N Scherbaum; A Guirguis,2023,Expert Review of Clinical Pharmacology,journal-article,,2023-11-02,1751-2433,1751-2441,Informa UK Limited,Humans | Hallucinogens / pharmacology | Psychotropic Drugs / pharmacology | Central Nervous System Stimulants / pharmacology | Phenethylamines | Methamphetamine,Stimulants | amphetamine-type stimulants | dissociatives | hallucinogens | psychedelics,,,,,,,eng,,review,low,doi,review,evidence_synthesis,secondary_literature,uncertain,uncertain,0.9,False,secondary_summary,full_text_seen,text,C033,narrative review,,,,,,,,,,,,"Psilocybin, for instance, is currently being investigated for its potential benefits in treating treatment-resistant depression [148]",,,,"Projected from extraction_v1 coverage_mentions; coverage_type=discusses; relationship is discussed in secondary literature, not treated as primary evidence"
compound_disorder,ketamine,depressive disorders,depressive disorders,therapeutic_indication,,depressive disorders,indication,True,,secondary literature coverage,,unclear,,,,unknown,10.1080/17512433.2023.2279192,,Stimulant and hallucinogenic novel psychoactive substances; an update,F Schifano; A Vento; N Scherbaum; A Guirguis,2023,Expert Review of Clinical Pharmacology,journal-article,,2023-11-02,1751-2433,1751-2441,Informa UK Limited,Humans | Hallucinogens / pharmacology | Psychotropic Drugs / pharmacology | Central Nervous System Stimulants / pharmacology | Phenethylamines | Methamphetamine,Stimulants | amphetamine-type stimulants | dissociatives | hallucinogens | psychedelics,,,,,,,eng,,review,low,doi,review,evidence_synthesis,secondary_literature,uncertain,uncertain,0.9,False,secondary_summary,full_text_seen,text,C033,narrative review,,,,,,,,,,,,while the use of dissociative psychedelic substances like ketamine and esketamine has expanded treatment options for depressive disorders [149].,,,,"Projected from extraction_v1 coverage_mentions; coverage_type=discusses; relationship is discussed in secondary literature, not treated as primary evidence"
compound_disorder,esketamine,depressive disorders,depressive disorders,therapeutic_indication,,depressive disorders,indication,True,,secondary literature coverage,,unclear,,,,unknown,10.1080/17512433.2023.2279192,,Stimulant and hallucinogenic novel psychoactive substances; an update,F Schifano; A Vento; N Scherbaum; A Guirguis,2023,Expert Review of Clinical Pharmacology,journal-article,,2023-11-02,1751-2433,1751-2441,Informa UK Limited,Humans | Hallucinogens / pharmacology | Psychotropic Drugs / pharmacology | Central Nervous System Stimulants / pharmacology | Phenethylamines | Methamphetamine,Stimulants | amphetamine-type stimulants | dissociatives | hallucinogens | psychedelics,,,,,,,eng,,review,low,doi,review,evidence_synthesis,secondary_literature,uncertain,uncertain,0.9,False,secondary_summary,full_text_seen,text,C033,narrative review,,,,,,,,,,,,while the use of dissociative psychedelic substances like ketamine and esketamine has expanded treatment options for depressive disorders [149].,,,,"Projected from extraction_v1 coverage_mentions; coverage_type=discusses; relationship is discussed in secondary literature, not treated as primary evidence"
compound_disorder,MDMA,posttraumatic stress disorder (PTSD),posttraumatic stress disorder (PTSD),therapeutic_indication,,posttraumatic stress disorder (PTSD),indication,True,,secondary literature coverage,,unclear,,,,unknown,10.1080/17512433.2023.2279192,,Stimulant and hallucinogenic novel psychoactive substances; an update,F Schifano; A Vento; N Scherbaum; A Guirguis,2023,Expert Review of Clinical Pharmacology,journal-article,,2023-11-02,1751-2433,1751-2441,Informa UK Limited,Humans | Hallucinogens / pharmacology | Psychotropic Drugs / pharmacology | Central Nervous System Stimulants / pharmacology | Phenethylamines | Methamphetamine,Stimulants | amphetamine-type stimulants | dissociatives | hallucinogens | psychedelics,,,,,,,eng,,review,low,doi,review,evidence_synthesis,secondary_literature,uncertain,uncertain,0.9,False,secondary_summary,full_text_seen,text,C033,narrative review,,,,,,,,,,,,"Moreover, Sarmanlu et al. [150] have emphasized the resurgence of clinical, scientific, and public interest in treating posttraumatic stress disorder (PTSD) with the assistance of classical psychedelic phenethylamines, such as MDMA.",,,,"Projected from extraction_v1 coverage_mentions; coverage_type=discusses; relationship is discussed in secondary literature, not treated as primary evidence"
compound_disorder,psychedelics,psychiatric comorbidities,psychiatric comorbidities,therapeutic_indication,,psychiatric comorbidities,indication,True,,secondary literature coverage,,unclear,,,,unknown,10.1080/17512433.2023.2279192,,Stimulant and hallucinogenic novel psychoactive substances; an update,F Schifano; A Vento; N Scherbaum; A Guirguis,2023,Expert Review of Clinical Pharmacology,journal-article,,2023-11-02,1751-2433,1751-2441,Informa UK Limited,Humans | Hallucinogens / pharmacology | Psychotropic Drugs / pharmacology | Central Nervous System Stimulants / pharmacology | Phenethylamines | Methamphetamine,Stimulants | amphetamine-type stimulants | dissociatives | hallucinogens | psychedelics,,,,,,,eng,,review,low,doi,review,evidence_synthesis,secondary_literature,uncertain,uncertain,0.8,False,secondary_summary,full_text_seen,text,C033,narrative review,,,,,,,,,,,,"Additionally, conventional practice in psychedelic, dissociative, and phenethylamine trials has typically involved the exclusion of individuals with psychiatric comorbidities and those with a history of substance misuse.",,,,"Projected from extraction_v1 coverage_mentions; coverage_type=discusses; relationship is discussed in secondary literature, not treated as primary evidence"
compound_disorder,psychedelics,enduring hallucinogen use disorders,enduring hallucinogen use disorders,therapeutic_indication,,enduring hallucinogen use disorders,indication,True,,secondary literature coverage,,unclear,,,,unknown,10.1080/17512433.2023.2279192,,Stimulant and hallucinogenic novel psychoactive substances; an update,F Schifano; A Vento; N Scherbaum; A Guirguis,2023,Expert Review of Clinical Pharmacology,journal-article,,2023-11-02,1751-2433,1751-2441,Informa UK Limited,Humans | Hallucinogens / pharmacology | Psychotropic Drugs / pharmacology | Central Nervous System Stimulants / pharmacology | Phenethylamines | Methamphetamine,Stimulants | amphetamine-type stimulants | dissociatives | hallucinogens | psychedelics,,,,,,,eng,,review,low,doi,review,evidence_synthesis,secondary_literature,uncertain,uncertain,0.9,False,secondary_summary,full_text_seen,text,C033,narrative review,,,,,,,,,,,,"Moreover, there are concerns regarding the potential psychopathological consequences associated with single or multiple administrations of psychedelics, such as self-harm, paranoid disturbances, persistent depersonalization or derealization, excessive mood elevation, and the development of enduring hallucinogen use disorders, as extensively discussed in this paper.",,,,"Projected from extraction_v1 coverage_mentions; coverage_type=discusses; relationship is discussed in secondary literature, not treated as primary evidence"
compound_disorder,psychedelic substances,mental and neurological conditions,mental and neurological conditions,therapeutic_indication,,mental and neurological conditions,indication,True,,secondary literature coverage,,unclear,,,,unknown,10.1089/psymed.2023.0058,,"The Role of Music in Psychedelic-Assisted Therapy: A Comparative Analysis of Neuroscientific Research, Indigenous Entheogenic Ritual, and Contemporary Care Models",Amanda Argot Efthimiou; Amanda M. Cardinale; Agnieszka Kepa,2024,Psychedelic Medicine,journal-article,,2024-06-03,2831-4425,2831-4433,SAGE Publications,,indigenous | mental health | music | neuropsychology | psychedelic-assisted therapy | psychedelics,,,,,,,eng,,review,low,doi,review,evidence_synthesis,secondary_literature,uncertain,uncertain,1.0,False,secondary_summary,full_text_seen,abstract,Abstract,secondary_literature,,,,,,,,,,,,awareness of the medicinal benefits of psychedelic substances to treat mental and neurological conditions increases,,,,"Projected from extraction_v1 coverage_mentions; coverage_type=discusses; relationship is discussed in secondary literature, not treated as primary evidence"
compound_disorder,Psychedelics,"depression, obsessive compulsive disorder, post-traumatic stress disorder (PTSD), anxiety, alcohol misuse, nicotine addiction, cancer-related psychological distress","depression, obsessive compulsive disorder, post-traumatic stress disorder (PTSD), anxiety, alcohol misuse, nicotine addiction, cancer-related psychological distress",therapeutic_indication,,"depression, obsessive compulsive disorder, post-traumatic stress disorder (PTSD), anxiety, alcohol misuse, nicotine addiction, cancer-related psychological distress",indication,True,,secondary literature coverage,,unclear,,,,unknown,10.1089/psymed.2023.0058,,"The Role of Music in Psychedelic-Assisted Therapy: A Comparative Analysis of Neuroscientific Research, Indigenous Entheogenic Ritual, and Contemporary Care Models",Amanda Argot Efthimiou; Amanda M. Cardinale; Agnieszka Kepa,2024,Psychedelic Medicine,journal-article,,2024-06-03,2831-4425,2831-4433,SAGE Publications,,indigenous | mental health | music | neuropsychology | psychedelic-assisted therapy | psychedelics,,,,,,,eng,,review,low,doi,review,evidence_synthesis,secondary_literature,uncertain,uncertain,1.0,False,secondary_summary,full_text_seen,text,C003,secondary_literature,,,,,,,,,,,,"These substances have been tested and used to treat a range of mental health symptoms and disorders, including depression, 11 obsessive compulsive disorder, 12 post-traumatic stress disorder (PTSD), 13 anxiety, 14 alcohol misuse, 15 nicotine addiction, 16 and cancer-related psychological distress. 17",,,,"Projected from extraction_v1 coverage_mentions; coverage_type=discusses; relationship is discussed in secondary literature, not treated as primary evidence"
compound_disorder,Psychedelics,"depression, anxiety, PTSD, alcohol use disorder, eating and body image disorders, neurological conditions, chronic pain conditions","depression, anxiety, PTSD, alcohol use disorder, eating and body image disorders, neurological conditions, chronic pain conditions",therapeutic_indication,,"depression, anxiety, PTSD, alcohol use disorder, eating and body image disorders, neurological conditions, chronic pain conditions",indication,True,,secondary literature coverage,,unclear,,,,unknown,10.1089/psymed.2023.0058,,"The Role of Music in Psychedelic-Assisted Therapy: A Comparative Analysis of Neuroscientific Research, Indigenous Entheogenic Ritual, and Contemporary Care Models",Amanda Argot Efthimiou; Amanda M. Cardinale; Agnieszka Kepa,2024,Psychedelic Medicine,journal-article,,2024-06-03,2831-4425,2831-4433,SAGE Publications,,indigenous | mental health | music | neuropsychology | psychedelic-assisted therapy | psychedelics,,,,,,,eng,,review,low,doi,review,evidence_synthesis,secondary_literature,uncertain,uncertain,1.0,False,secondary_summary,full_text_seen,text,C003,secondary_literature,,,,,,,,,,,,"PAT for the treatment of mental health symptoms is currently confined to research protocols with a limited number of participants studying conditions, such as depression, 32 anxiety, 33 PTSD, 34 alcohol use disorder, 35 eating and body image disorders, 36 and neurological 37 and chronic pain conditions. 35",,,,"Projected from extraction_v1 coverage_mentions; coverage_type=discusses; relationship is discussed in secondary literature, not treated as primary evidence"
compound_disorder,LSD,"anxiety reduction, alcohol use disorders","anxiety reduction, alcohol use disorders",therapeutic_indication,,"anxiety reduction, alcohol use disorders",indication,True,,secondary literature coverage,,unclear,,,,unknown,10.1089/psymed.2023.0058,,"The Role of Music in Psychedelic-Assisted Therapy: A Comparative Analysis of Neuroscientific Research, Indigenous Entheogenic Ritual, and Contemporary Care Models",Amanda Argot Efthimiou; Amanda M. Cardinale; Agnieszka Kepa,2024,Psychedelic Medicine,journal-article,,2024-06-03,2831-4425,2831-4433,SAGE Publications,,indigenous | mental health | music | neuropsychology | psychedelic-assisted therapy | psychedelics,,,,,,,eng,,review,low,doi,review,evidence_synthesis,secondary_literature,uncertain,uncertain,1.0,False,secondary_summary,full_text_seen,text,C003,secondary_literature,,,,,,,,,,,,"For example, research has found that psychotherapy together with classical psychedelics such as LSD demonstrates improved outcomes in anxiety reduction as well as usefulness in treating alcohol use disorders. 38, 39",,,,"Projected from extraction_v1 coverage_mentions; coverage_type=discusses; relationship is discussed in secondary literature, not treated as primary evidence"
compound_disorder,MDMA,PTSD,PTSD,therapeutic_indication,,PTSD,indication,True,,secondary literature coverage,,unclear,,,,unknown,10.1089/psymed.2023.0058,,"The Role of Music in Psychedelic-Assisted Therapy: A Comparative Analysis of Neuroscientific Research, Indigenous Entheogenic Ritual, and Contemporary Care Models",Amanda Argot Efthimiou; Amanda M. Cardinale; Agnieszka Kepa,2024,Psychedelic Medicine,journal-article,,2024-06-03,2831-4425,2831-4433,SAGE Publications,,indigenous | mental health | music | neuropsychology | psychedelic-assisted therapy | psychedelics,,,,,,,eng,,review,low,doi,review,evidence_synthesis,secondary_literature,uncertain,uncertain,1.0,False,secondary_summary,full_text_seen,text,C003,secondary_literature,,,,,,,,,,,,"For PTSD, MDMA in conjunction with psychotherapy has been found to be two times more effective than psychotherapy alone and four times more effective than selective serotonin reuptake inhibitors (SSRIs). 40",,,,"Projected from extraction_v1 coverage_mentions; coverage_type=discusses; relationship is discussed in secondary literature, not treated as primary evidence"
compound_disorder,Psilocybin,treatment-resistant depression,treatment-resistant depression,therapeutic_indication,,treatment-resistant depression,indication,True,,secondary literature coverage,,unclear,,,,unknown,10.1089/psymed.2023.0058,,"The Role of Music in Psychedelic-Assisted Therapy: A Comparative Analysis of Neuroscientific Research, Indigenous Entheogenic Ritual, and Contemporary Care Models",Amanda Argot Efthimiou; Amanda M. Cardinale; Agnieszka Kepa,2024,Psychedelic Medicine,journal-article,,2024-06-03,2831-4425,2831-4433,SAGE Publications,,indigenous | mental health | music | neuropsychology | psychedelic-assisted therapy | psychedelics,,,,,,,eng,,review,low,doi,review,evidence_synthesis,secondary_literature,uncertain,uncertain,1.0,False,secondary_summary,full_text_seen,text,C003,secondary_literature,,,,,,,,,,,,"Psilocybin has been used effectively for treatment-resistant depression, and research highlights the importance of psychiatric support together with psychedelic administration so that patients can experience meaningful uninterrupted inner dialogs and other emotional processing. 41",,,,"Projected from extraction_v1 coverage_mentions; coverage_type=discusses; relationship is discussed in secondary literature, not treated as primary evidence"
compound_disorder,ayahuasca,addictions,addictions,therapeutic_indication,,addictions,indication,True,,secondary literature coverage,,unclear,,,,unknown,10.1089/psymed.2023.0058,,"The Role of Music in Psychedelic-Assisted Therapy: A Comparative Analysis of Neuroscientific Research, Indigenous Entheogenic Ritual, and Contemporary Care Models",Amanda Argot Efthimiou; Amanda M. Cardinale; Agnieszka Kepa,2024,Psychedelic Medicine,journal-article,,2024-06-03,2831-4425,2831-4433,SAGE Publications,,indigenous | mental health | music | neuropsychology | psychedelic-assisted therapy | psychedelics,,,,,,,eng,,review,low,doi,review,evidence_synthesis,secondary_literature,uncertain,uncertain,1.0,False,secondary_summary,full_text_seen,text,C007,secondary_literature,,,,,,,,,,,,"In a study on the use of Icaros during ayahuasca ceremony, participants reported that the music created a sense of safety to explore their challenging memories and emotions in addition to eliciting experiences of healing and learning about their addictions. 8",,,,"Projected from extraction_v1 coverage_mentions; coverage_type=discusses; relationship is discussed in secondary literature, not treated as primary evidence"
compound_disorder,peyote,"healing, muscle and joint inflammation","healing, muscle and joint inflammation",therapeutic_indication,,"healing, muscle and joint inflammation",indication,True,,secondary literature coverage,,unclear,,,,unknown,10.1089/psymed.2023.0058,,"The Role of Music in Psychedelic-Assisted Therapy: A Comparative Analysis of Neuroscientific Research, Indigenous Entheogenic Ritual, and Contemporary Care Models",Amanda Argot Efthimiou; Amanda M. Cardinale; Agnieszka Kepa,2024,Psychedelic Medicine,journal-article,,2024-06-03,2831-4425,2831-4433,SAGE Publications,,indigenous | mental health | music | neuropsychology | psychedelic-assisted therapy | psychedelics,,,,,,,eng,,review,low,doi,review,evidence_synthesis,secondary_literature,uncertain,uncertain,1.0,False,secondary_summary,full_text_seen,text,C008,secondary_literature,,,,,,,,,,,,"Peyote and the chants that provoke visions according to the melodic patterns during the quest are a large part of the Wixárika's journey toward healing and attaining the sacred. 114 Peyote continues to be used extensively in indigenous ceremonies in Mexico, North America, and South America and has also been found to alleviate muscle and joint inflammation while producing mild antibiotic properties when used topically. 115",,,,"Projected from extraction_v1 coverage_mentions; coverage_type=discusses; relationship is discussed in secondary literature, not treated as primary evidence"
compound_disorder,psychedelics,psychiatric disorders,psychiatric disorders,therapeutic_indication,,psychiatric disorders,indication,True,,secondary literature coverage,,unclear,,,,unknown,10.1091/mbc.e20-05-0340,,Catalysts for change: the cellular neurobiology of psychedelics,Matthew I. Banks; Zarmeen Zahid; N. Jones; Ziyad W. Sultan; Cody J. Wenthur,2021,Molecular biology of the cell,Journal Article | Review,,2021-06-01,1059-1524,1939-4586,,Hallucinogens / pharmacology | Humans | Neurobiology | Neuronal Plasticity | Neurons / metabolism | Neurons / physiology | Signal Transduction,,NIGMS NIH HHS,T32 GM008688,,,,,eng,,review,low,doi,review,evidence_synthesis,secondary_literature,uncertain,uncertain,1.0,False,secondary_summary,full_text_seen,abstract,Abstract,secondary_literature,,,,,,,,,,,,The resurgence of interest in the therapeutic potential of psychedelics for treating psychiatric disorders has rekindled efforts to elucidate their mechanism of action.,NIGMS NIH HHS,,,"Projected from extraction_v1 coverage_mentions; coverage_type=discusses; relationship is discussed in secondary literature, not treated as primary evidence"
compound_disorder,psychedelics,"depression and anxiety, substance use, and obsessive-compulsive disorders","depression and anxiety, substance use, and obsessive-compulsive disorders",therapeutic_indication,,"depression and anxiety, substance use, and obsessive-compulsive disorders",indication,True,,secondary literature coverage,,unclear,,,,unknown,10.1091/mbc.e20-05-0340,,Catalysts for change: the cellular neurobiology of psychedelics,Matthew I. Banks; Zarmeen Zahid; N. Jones; Ziyad W. Sultan; Cody J. Wenthur,2021,Molecular biology of the cell,Journal Article | Review,,2021-06-01,1059-1524,1939-4586,,Hallucinogens / pharmacology | Humans | Neurobiology | Neuronal Plasticity | Neurons / metabolism | Neurons / physiology | Signal Transduction,,NIGMS NIH HHS,T32 GM008688,,,,,eng,,review,low,doi,review,evidence_synthesis,secondary_literature,uncertain,uncertain,0.9,False,secondary_summary,full_text_seen,text,C003,secondary_literature,,,,,,,,,,,,"Multiple clinical trials over the past 20 years have demonstrated the potential of these agents for treating psychiatric disorders (Reiff et al., 2020) , including depression and anxiety (Muttoni et al., 2019; Goldberg et al., 2020) , substance use (Johnson et al., 2014; Bogenschutz et al., 2015) , and obsessive-compulsive disorders (Moreno et al., 2006)",NIGMS NIH HHS,,,"Projected from extraction_v1 coverage_mentions; coverage_type=discusses; relationship is discussed in secondary literature, not treated as primary evidence"
compound_disorder,psilocybin,"mood and outlook, well-being and positive perspective on life experiences","mood and outlook, well-being and positive perspective on life experiences",therapeutic_indication,,"mood and outlook, well-being and positive perspective on life experiences",indication,True,,secondary literature coverage,,unclear,,,,unknown,10.1091/mbc.e20-05-0340,,Catalysts for change: the cellular neurobiology of psychedelics,Matthew I. Banks; Zarmeen Zahid; N. Jones; Ziyad W. Sultan; Cody J. Wenthur,2021,Molecular biology of the cell,Journal Article | Review,,2021-06-01,1059-1524,1939-4586,,Hallucinogens / pharmacology | Humans | Neurobiology | Neuronal Plasticity | Neurons / metabolism | Neurons / physiology | Signal Transduction,,NIGMS NIH HHS,T32 GM008688,,,,,eng,,review,low,doi,review,evidence_synthesis,secondary_literature,uncertain,uncertain,0.9,False,secondary_summary,full_text_seen,text,C003,secondary_literature,,,,,,,,,,,,"Remarkably, one or two administered doses of psilocybin result in rapid and prolonged changes in mood and outlook, with symptomatic relief lasting at least 3-12 months (Carhart-Harris et al., 2016a; Griffiths et al., 2016; Ross et al., 2016; Johnson et al., 2017) . In healthy subjects, psilocybin promotes long-lasting increases in well-being and positive perspective on life experiences (Griffiths et al., 2011; Nicholas et al., 2018)",NIGMS NIH HHS,,,"Projected from extraction_v1 coverage_mentions; coverage_type=discusses; relationship is discussed in secondary literature, not treated as primary evidence"
compound_disorder,psychedelics,antidepressant effects,antidepressant effects,therapeutic_indication,,antidepressant effects,indication,True,,secondary literature coverage,,unclear,,,,unknown,10.1091/mbc.e20-05-0340,,Catalysts for change: the cellular neurobiology of psychedelics,Matthew I. Banks; Zarmeen Zahid; N. Jones; Ziyad W. Sultan; Cody J. Wenthur,2021,Molecular biology of the cell,Journal Article | Review,,2021-06-01,1059-1524,1939-4586,,Hallucinogens / pharmacology | Humans | Neurobiology | Neuronal Plasticity | Neurons / metabolism | Neurons / physiology | Signal Transduction,,NIGMS NIH HHS,T32 GM008688,,,,,eng,,review,low,doi,review,evidence_synthesis,secondary_literature,uncertain,uncertain,0.8,False,secondary_summary,full_text_seen,text,C006,secondary_literature,,,,,,,,,,,,"Importantly, signaling through this complex may facilitate the rapid antidepressant effects observed with psychedelics",NIGMS NIH HHS,,,"Projected from extraction_v1 coverage_mentions; coverage_type=discusses; relationship is discussed in secondary literature, not treated as primary evidence"
compound_disorder,LSD,Alzheimer's disease,Alzheimer's disease,therapeutic_indication,,Alzheimer's disease,indication,True,,secondary literature coverage,,unclear,,,,unknown,10.1091/mbc.e20-05-0340,,Catalysts for change: the cellular neurobiology of psychedelics,Matthew I. Banks; Zarmeen Zahid; N. Jones; Ziyad W. Sultan; Cody J. Wenthur,2021,Molecular biology of the cell,Journal Article | Review,,2021-06-01,1059-1524,1939-4586,,Hallucinogens / pharmacology | Humans | Neurobiology | Neuronal Plasticity | Neurons / metabolism | Neurons / physiology | Signal Transduction,,NIGMS NIH HHS,T32 GM008688,,,,,eng,,review,low,doi,review,evidence_synthesis,secondary_literature,uncertain,uncertain,0.8,False,secondary_summary,full_text_seen,text,C009,secondary_literature,,,,,,,,,,,,"The therapeutic potential for the anti-inflammatory effects of psychedelics is just beginning to be explored, including a phase 1 clinical trial in healthy older volunteers with the goal of using LSD to treat Alzheimer's disease (Family et al., 2020)",NIGMS NIH HHS,,,"Projected from extraction_v1 coverage_mentions; coverage_type=mentions; relationship is discussed in secondary literature, not treated as primary evidence"
compound_disorder,psychedelics,mental illness and addiction,mental illness and addiction,therapeutic_indication,,mental illness and addiction,indication,True,,secondary literature coverage,,unclear,,,,unknown,10.1101/2021.11.22.21266718,,Bibliometric Analysis of Academic Journal Articles Reporting Results of Psychedelic Clinical Studies,Jeremy Weleff; Teddy J. Akiki; Brian S. Barnett,2021,medRxiv,posted-content,,2021-11-24,,,openRxiv,,,,,10.1080/02791072.2022.2133757,is-preprint-of doi:10.1080/02791072.2022.2133757 asserted-by:subject,,,,,review,low,doi,review,evidence_synthesis,secondary_literature,uncertain,uncertain,1.0,False,secondary_summary,full_text_seen,abstract,C001,bibliometric analysis,,,,,,,,,,,,"After a decades long period of investigational dormancy, there is renewed interest in employing psychedelics as treatments for mental illness and addiction.",,"Dr. Barnett reports receiving stock options from CB Therapeutics for compensation of consulting services. He also receives monetary compensation for editorial work for DynaMed Plus (EBSCO Industries, Inc). Dr. Akiki serves on the scientific advisory board of and has stock options with Mindbloom, Inc., and receives payment for editorial work for Data in Brief (published by Elsevier). Dr. Weleff reports no potential conflicts of interest.",,"Projected from extraction_v1 coverage_mentions; coverage_type=discusses; relationship is discussed in secondary literature, not treated as primary evidence"
compound_disorder,MDMA,posttraumatic stress disorder,posttraumatic stress disorder,therapeutic_indication,,posttraumatic stress disorder,indication,True,,secondary literature coverage,,unclear,,,,unknown,10.1101/2021.11.22.21266718,,Bibliometric Analysis of Academic Journal Articles Reporting Results of Psychedelic Clinical Studies,Jeremy Weleff; Teddy J. Akiki; Brian S. Barnett,2021,medRxiv,posted-content,,2021-11-24,,,openRxiv,,,,,10.1080/02791072.2022.2133757,is-preprint-of doi:10.1080/02791072.2022.2133757 asserted-by:subject,,,,,review,low,doi,review,evidence_synthesis,secondary_literature,uncertain,uncertain,1.0,False,secondary_summary,full_text_seen,text,C002,bibliometric analysis,,,,,,,,,,,,"At the forefront of investigations into the therapeutic applications of psychedelics are 3,4-methylenedioxymethamphetamine (MDMA), currently in phase 3 trials for treatment of posttraumatic stress disorder",,"Dr. Barnett reports receiving stock options from CB Therapeutics for compensation of consulting services. He also receives monetary compensation for editorial work for DynaMed Plus (EBSCO Industries, Inc). Dr. Akiki serves on the scientific advisory board of and has stock options with Mindbloom, Inc., and receives payment for editorial work for Data in Brief (published by Elsevier). Dr. Weleff reports no potential conflicts of interest.",,"Projected from extraction_v1 coverage_mentions; coverage_type=discusses; relationship is discussed in secondary literature, not treated as primary evidence"
compound_disorder,psilocybin,major depressive disorder and treatment resistant depression,major depressive disorder and treatment resistant depression,therapeutic_indication,,major depressive disorder and treatment resistant depression,indication,True,,secondary literature coverage,,unclear,,,,unknown,10.1101/2021.11.22.21266718,,Bibliometric Analysis of Academic Journal Articles Reporting Results of Psychedelic Clinical Studies,Jeremy Weleff; Teddy J. Akiki; Brian S. Barnett,2021,medRxiv,posted-content,,2021-11-24,,,openRxiv,,,,,10.1080/02791072.2022.2133757,is-preprint-of doi:10.1080/02791072.2022.2133757 asserted-by:subject,,,,,review,low,doi,review,evidence_synthesis,secondary_literature,uncertain,uncertain,1.0,False,secondary_summary,full_text_seen,text,C002,bibliometric analysis,,,,,,,,,,,,"and psilocybin, amid phase 2 trials for treatment of both major depressive disorder and treatment resistant depression.",,"Dr. Barnett reports receiving stock options from CB Therapeutics for compensation of consulting services. He also receives monetary compensation for editorial work for DynaMed Plus (EBSCO Industries, Inc). Dr. Akiki serves on the scientific advisory board of and has stock options with Mindbloom, Inc., and receives payment for editorial work for Data in Brief (published by Elsevier). Dr. Weleff reports no potential conflicts of interest.",,"Projected from extraction_v1 coverage_mentions; coverage_type=discusses; relationship is discussed in secondary literature, not treated as primary evidence"
compound_disorder,psilocybin,depression,depression,therapeutic_indication,,depression,indication,True,,secondary literature coverage,,unclear,,,,unknown,10.1101/2021.11.22.21266718,,Bibliometric Analysis of Academic Journal Articles Reporting Results of Psychedelic Clinical Studies,Jeremy Weleff; Teddy J. Akiki; Brian S. Barnett,2021,medRxiv,posted-content,,2021-11-24,,,openRxiv,,,,,10.1080/02791072.2022.2133757,is-preprint-of doi:10.1080/02791072.2022.2133757 asserted-by:subject,,,,,review,low,doi,review,evidence_synthesis,secondary_literature,uncertain,uncertain,0.9,False,secondary_summary,full_text_seen,text,C008,bibliometric analysis,,,,,,,,,,,,"as well as studies of psilocybin-assisted therapy's effects on psychologically healthy individuals (Roland R Griffiths et al. 2011) , patients with depression (R. L. Carhart-Harris et al. 2016), patients experiencing psychological distress due to cancer (Grob et al. 2011; Roland R Griffiths et al. 2016; Ross et al. 2016) , patients with alcohol use disorder (Bogenschutz et al. 2015) , and patients with tobacco use disorder (Johnson et al. 2014)",,"Dr. Barnett reports receiving stock options from CB Therapeutics for compensation of consulting services. He also receives monetary compensation for editorial work for DynaMed Plus (EBSCO Industries, Inc). Dr. Akiki serves on the scientific advisory board of and has stock options with Mindbloom, Inc., and receives payment for editorial work for Data in Brief (published by Elsevier). Dr. Weleff reports no potential conflicts of interest.",,"Projected from extraction_v1 coverage_mentions; coverage_type=discusses; relationship is discussed in secondary literature, not treated as primary evidence"
compound_disorder,psilocybin,psychological distress due to cancer,psychological distress due to cancer,therapeutic_indication,,psychological distress due to cancer,indication,True,,secondary literature coverage,,unclear,,,,unknown,10.1101/2021.11.22.21266718,,Bibliometric Analysis of Academic Journal Articles Reporting Results of Psychedelic Clinical Studies,Jeremy Weleff; Teddy J. Akiki; Brian S. Barnett,2021,medRxiv,posted-content,,2021-11-24,,,openRxiv,,,,,10.1080/02791072.2022.2133757,is-preprint-of doi:10.1080/02791072.2022.2133757 asserted-by:subject,,,,,review,low,doi,review,evidence_synthesis,secondary_literature,uncertain,uncertain,0.9,False,secondary_summary,full_text_seen,text,C008,bibliometric analysis,,,,,,,,,,,,"as well as studies of psilocybin-assisted therapy's effects on psychologically healthy individuals (Roland R Griffiths et al. 2011) , patients with depression (R. L. Carhart-Harris et al. 2016), patients experiencing psychological distress due to cancer (Grob et al. 2011; Roland R Griffiths et al. 2016; Ross et al. 2016) , patients with alcohol use disorder (Bogenschutz et al. 2015) , and patients with tobacco use disorder (Johnson et al. 2014)",,"Dr. Barnett reports receiving stock options from CB Therapeutics for compensation of consulting services. He also receives monetary compensation for editorial work for DynaMed Plus (EBSCO Industries, Inc). Dr. Akiki serves on the scientific advisory board of and has stock options with Mindbloom, Inc., and receives payment for editorial work for Data in Brief (published by Elsevier). Dr. Weleff reports no potential conflicts of interest.",,"Projected from extraction_v1 coverage_mentions; coverage_type=discusses; relationship is discussed in secondary literature, not treated as primary evidence"
compound_disorder,psilocybin,alcohol use disorder,alcohol use disorder,therapeutic_indication,,alcohol use disorder,indication,True,,secondary literature coverage,,unclear,,,,unknown,10.1101/2021.11.22.21266718,,Bibliometric Analysis of Academic Journal Articles Reporting Results of Psychedelic Clinical Studies,Jeremy Weleff; Teddy J. Akiki; Brian S. Barnett,2021,medRxiv,posted-content,,2021-11-24,,,openRxiv,,,,,10.1080/02791072.2022.2133757,is-preprint-of doi:10.1080/02791072.2022.2133757 asserted-by:subject,,,,,review,low,doi,review,evidence_synthesis,secondary_literature,uncertain,uncertain,0.9,False,secondary_summary,full_text_seen,text,C008,bibliometric analysis,,,,,,,,,,,,"as well as studies of psilocybin-assisted therapy's effects on psychologically healthy individuals (Roland R Griffiths et al. 2011) , patients with depression (R. L. Carhart-Harris et al. 2016), patients experiencing psychological distress due to cancer (Grob et al. 2011; Roland R Griffiths et al. 2016; Ross et al. 2016) , patients with alcohol use disorder (Bogenschutz et al. 2015) , and patients with tobacco use disorder (Johnson et al. 2014)",,"Dr. Barnett reports receiving stock options from CB Therapeutics for compensation of consulting services. He also receives monetary compensation for editorial work for DynaMed Plus (EBSCO Industries, Inc). Dr. Akiki serves on the scientific advisory board of and has stock options with Mindbloom, Inc., and receives payment for editorial work for Data in Brief (published by Elsevier). Dr. Weleff reports no potential conflicts of interest.",,"Projected from extraction_v1 coverage_mentions; coverage_type=discusses; relationship is discussed in secondary literature, not treated as primary evidence"
compound_disorder,psilocybin,tobacco use disorder,tobacco use disorder,therapeutic_indication,,tobacco use disorder,indication,True,,secondary literature coverage,,unclear,,,,unknown,10.1101/2021.11.22.21266718,,Bibliometric Analysis of Academic Journal Articles Reporting Results of Psychedelic Clinical Studies,Jeremy Weleff; Teddy J. Akiki; Brian S. Barnett,2021,medRxiv,posted-content,,2021-11-24,,,openRxiv,,,,,10.1080/02791072.2022.2133757,is-preprint-of doi:10.1080/02791072.2022.2133757 asserted-by:subject,,,,,review,low,doi,review,evidence_synthesis,secondary_literature,uncertain,uncertain,0.9,False,secondary_summary,full_text_seen,text,C008,bibliometric analysis,,,,,,,,,,,,"as well as studies of psilocybin-assisted therapy's effects on psychologically healthy individuals (Roland R Griffiths et al. 2011) , patients with depression (R. L. Carhart-Harris et al. 2016), patients experiencing psychological distress due to cancer (Grob et al. 2011; Roland R Griffiths et al. 2016; Ross et al. 2016) , patients with alcohol use disorder (Bogenschutz et al. 2015) , and patients with tobacco use disorder (Johnson et al. 2014)",,"Dr. Barnett reports receiving stock options from CB Therapeutics for compensation of consulting services. He also receives monetary compensation for editorial work for DynaMed Plus (EBSCO Industries, Inc). Dr. Akiki serves on the scientific advisory board of and has stock options with Mindbloom, Inc., and receives payment for editorial work for Data in Brief (published by Elsevier). Dr. Weleff reports no potential conflicts of interest.",,"Projected from extraction_v1 coverage_mentions; coverage_type=discusses; relationship is discussed in secondary literature, not treated as primary evidence"
compound_disorder,LSD,anxiety associated with life-threatening disease,anxiety associated with life-threatening disease,therapeutic_indication,,anxiety associated with life-threatening disease,indication,True,,secondary literature coverage,,unclear,,,,unknown,10.1101/2021.11.22.21266718,,Bibliometric Analysis of Academic Journal Articles Reporting Results of Psychedelic Clinical Studies,Jeremy Weleff; Teddy J. Akiki; Brian S. Barnett,2021,medRxiv,posted-content,,2021-11-24,,,openRxiv,,,,,10.1080/02791072.2022.2133757,is-preprint-of doi:10.1080/02791072.2022.2133757 asserted-by:subject,,,,,review,low,doi,review,evidence_synthesis,secondary_literature,uncertain,uncertain,0.9,False,secondary_summary,full_text_seen,text,C008,bibliometric analysis,,,,,,,,,,,,Rounding out the recent cohort are a study of LSDassisted psychotherapy's effects on anxiety associated with life-threatening disease (Gasser et al. 2014 ),,"Dr. Barnett reports receiving stock options from CB Therapeutics for compensation of consulting services. He also receives monetary compensation for editorial work for DynaMed Plus (EBSCO Industries, Inc). Dr. Akiki serves on the scientific advisory board of and has stock options with Mindbloom, Inc., and receives payment for editorial work for Data in Brief (published by Elsevier). Dr. Weleff reports no potential conflicts of interest.",,"Projected from extraction_v1 coverage_mentions; coverage_type=discusses; relationship is discussed in secondary literature, not treated as primary evidence"
compound_disorder,MDMA,treatment-resistant posttraumatic stress disorder,treatment-resistant posttraumatic stress disorder,therapeutic_indication,,treatment-resistant posttraumatic stress disorder,indication,True,,secondary literature coverage,,unclear,,,,unknown,10.1101/2021.11.22.21266718,,Bibliometric Analysis of Academic Journal Articles Reporting Results of Psychedelic Clinical Studies,Jeremy Weleff; Teddy J. Akiki; Brian S. Barnett,2021,medRxiv,posted-content,,2021-11-24,,,openRxiv,,,,,10.1080/02791072.2022.2133757,is-preprint-of doi:10.1080/02791072.2022.2133757 asserted-by:subject,,,,,review,low,doi,review,evidence_synthesis,secondary_literature,uncertain,uncertain,0.9,False,secondary_summary,full_text_seen,text,C008,bibliometric analysis,,,,,,,,,,,,and MDMA-assisted psychotherapy's effects on treatment-resistant posttraumatic stress disorder (Mithoefer et al. 2011),,"Dr. Barnett reports receiving stock options from CB Therapeutics for compensation of consulting services. He also receives monetary compensation for editorial work for DynaMed Plus (EBSCO Industries, Inc). Dr. Akiki serves on the scientific advisory board of and has stock options with Mindbloom, Inc., and receives payment for editorial work for Data in Brief (published by Elsevier). Dr. Weleff reports no potential conflicts of interest.",,"Projected from extraction_v1 coverage_mentions; coverage_type=discusses; relationship is discussed in secondary literature, not treated as primary evidence"
compound_disorder,psilocybin,tobacco use disorder,tobacco use disorder,therapeutic_indication,,tobacco use disorder,indication,True,,secondary literature coverage,,unclear,,,,unknown,10.1101/2021.11.22.21266718,,Bibliometric Analysis of Academic Journal Articles Reporting Results of Psychedelic Clinical Studies,Jeremy Weleff; Teddy J. Akiki; Brian S. Barnett,2021,medRxiv,posted-content,,2021-11-24,,,openRxiv,,,,,10.1080/02791072.2022.2133757,is-preprint-of doi:10.1080/02791072.2022.2133757 asserted-by:subject,,,,,review,low,doi,review,evidence_synthesis,secondary_literature,uncertain,uncertain,1.0,False,secondary_summary,full_text_seen,text,C009,bibliometric analysis,,,,,,,,,,,,"However, NIH has recently joined them by providing funding for a study of psilocybin-assisted therapy for tobacco use disorder (Johns Hopkins Medicine Newsroom 2021).",,"Dr. Barnett reports receiving stock options from CB Therapeutics for compensation of consulting services. He also receives monetary compensation for editorial work for DynaMed Plus (EBSCO Industries, Inc). Dr. Akiki serves on the scientific advisory board of and has stock options with Mindbloom, Inc., and receives payment for editorial work for Data in Brief (published by Elsevier). Dr. Weleff reports no potential conflicts of interest.",,"Projected from extraction_v1 coverage_mentions; coverage_type=mentions; relationship is discussed in secondary literature, not treated as primary evidence"
compound_disorder,Ketamine,Ketamine,Ketamine,therapeutic_indication,,Ketamine,indication,True,,secondary literature coverage,,unclear,,,,unknown,10.1159/000507595,,Perioperative Management of Alcohol Withdrawal Syndrome,Alexander Lavinius Ungur; Tim Neumann; Friedrich Borchers; Claudia Spies,2020,Visceral Medicine,journal-article,,2020-01-01,2297-4725,2297-475X,S. Karger AG,,Alcohol | Alcohol withdrawal | Alcohol withdrawal syndrome | Delirium | Ethanol,,,,,,,eng,,review,low,doi,review,evidence_synthesis,secondary_literature,uncertain,uncertain,0.9,False,secondary_summary,full_text_seen,abstract,"Abstract, C001",secondary_literature,,,,,,,,,,,,"Clonidine, dexmedetomidine, baclofen, ketamine, and neuroleptics may be used as symptom-orientated adjuncts.",,,,"Projected from extraction_v1 coverage_mentions; coverage_type=discusses; relationship is discussed in secondary literature, not treated as primary evidence"
compound_disorder,Ketamine,Alcohol Withdrawal Syndrome,Alcohol Withdrawal Syndrome,therapeutic_indication,,Alcohol Withdrawal Syndrome,indication,True,,secondary literature coverage,,unclear,,,,unknown,10.1159/000507595,,Perioperative Management of Alcohol Withdrawal Syndrome,Alexander Lavinius Ungur; Tim Neumann; Friedrich Borchers; Claudia Spies,2020,Visceral Medicine,journal-article,,2020-01-01,2297-4725,2297-475X,S. Karger AG,,Alcohol | Alcohol withdrawal | Alcohol withdrawal syndrome | Delirium | Ethanol,,,,,,,eng,,review,low,doi,review,evidence_synthesis,secondary_literature,uncertain,uncertain,0.9,False,secondary_summary,full_text_seen,text,"C005, S004",secondary_literature,,,,,,,,,,,,"Ketamine 0.15-0.3 mg/kg/h was reported to be a useful adjunct to BZO in a small retrospective analysis [48] , shortening LOS in intensive care.",,,,"Projected from extraction_v1 coverage_mentions; coverage_type=discusses; relationship is discussed in secondary literature, not treated as primary evidence"
compound_disorder,psychedelics,mental health therapy,mental health therapy,therapeutic_indication,,mental health therapy,indication,True,,secondary literature coverage,,unclear,,,,unknown,10.1177/00084174241228678,,An Occupational Perspective on Psychedelic Therapy: A Scoping Review.,Hogan GA; Wagner KE; Tichenor E; Barlott T,2024,Canadian journal of occupational therapy. Revue canadienne d'ergotherapie,Journal Article | Scoping Review,,2024-02-20,0008-4174,1911-9828,,Humans | Hallucinogens / pharmacology | Occupational Therapy | Mental Disorders / drug therapy | Mindfulness | Motivation | Qualitative Research,Mental health therapy | Non-sanctioned occupation | Occupational perspective of health | Occupations non reconnues | Perspective occupationnelle de la santé | Psychedelic therapy | Substance use | Thérapie en santé mentale | Thérapie psychédélique | Utilisation de substances psychoactives,,,,,,,eng,,scoping_review,low,doi,scoping_review,evidence_synthesis,secondary_literature,uncertain,uncertain,1.0,False,secondary_summary,full_text_seen,abstract,S001,scoping review,,,,,,,,,,,,"To conduct a scoping review of qualitative literature on the experiences of psychedelic use for the purpose of mental health therapy, through an occupational lens.",,,,"Projected from extraction_v1 coverage_mentions; coverage_type=reviews; relationship is discussed in secondary literature, not treated as primary evidence"
compound_disorder,psychedelics,overall health,overall health,therapeutic_indication,,overall health,indication,True,,secondary literature coverage,,unclear,,,,unknown,10.1177/00084174241228678,,An Occupational Perspective on Psychedelic Therapy: A Scoping Review.,Hogan GA; Wagner KE; Tichenor E; Barlott T,2024,Canadian journal of occupational therapy. Revue canadienne d'ergotherapie,Journal Article | Scoping Review,,2024-02-20,0008-4174,1911-9828,,Humans | Hallucinogens / pharmacology | Occupational Therapy | Mental Disorders / drug therapy | Mindfulness | Motivation | Qualitative Research,Mental health therapy | Non-sanctioned occupation | Occupational perspective of health | Occupations non reconnues | Perspective occupationnelle de la santé | Psychedelic therapy | Substance use | Thérapie en santé mentale | Thérapie psychédélique | Utilisation de substances psychoactives,,,,,,,eng,,scoping_review,low,doi,scoping_review,evidence_synthesis,secondary_literature,uncertain,uncertain,1.0,False,secondary_summary,full_text_seen,abstract,S001,scoping review,,,,,,,,,,,,This review demonstrates how psychedelic use in the context of mental health support can be experienced as a meaningful occupation and may contribute to overall health.,,,,"Projected from extraction_v1 coverage_mentions; coverage_type=discusses; relationship is discussed in secondary literature, not treated as primary evidence"
compound_disorder,psilocybin,treatment-resistant depression,treatment-resistant depression,therapeutic_indication,,treatment-resistant depression,indication,True,,secondary literature coverage,,unclear,,,,unknown,10.1177/00084174241228678,,An Occupational Perspective on Psychedelic Therapy: A Scoping Review.,Hogan GA; Wagner KE; Tichenor E; Barlott T,2024,Canadian journal of occupational therapy. Revue canadienne d'ergotherapie,Journal Article | Scoping Review,,2024-02-20,0008-4174,1911-9828,,Humans | Hallucinogens / pharmacology | Occupational Therapy | Mental Disorders / drug therapy | Mindfulness | Motivation | Qualitative Research,Mental health therapy | Non-sanctioned occupation | Occupational perspective of health | Occupations non reconnues | Perspective occupationnelle de la santé | Psychedelic therapy | Substance use | Thérapie en santé mentale | Thérapie psychédélique | Utilisation de substances psychoactives,,,,,,,eng,,scoping_review,low,doi,scoping_review,evidence_synthesis,secondary_literature,uncertain,uncertain,0.9,False,secondary_summary,full_text_seen,text,C002,scoping review,,,,,,,,,,,,"For instance, quick and lasting reductions in symptoms have been seen for treatment-resistant depression, with the use of psilocybin (Carhart-Harris et al., 2017)",,,,"Projected from extraction_v1 coverage_mentions; coverage_type=mentions; relationship is discussed in secondary literature, not treated as primary evidence"
compound_disorder,LSD,alcohol use disorder,alcohol use disorder,therapeutic_indication,,alcohol use disorder,indication,True,,secondary literature coverage,,unclear,,,,unknown,10.1177/00084174241228678,,An Occupational Perspective on Psychedelic Therapy: A Scoping Review.,Hogan GA; Wagner KE; Tichenor E; Barlott T,2024,Canadian journal of occupational therapy. Revue canadienne d'ergotherapie,Journal Article | Scoping Review,,2024-02-20,0008-4174,1911-9828,,Humans | Hallucinogens / pharmacology | Occupational Therapy | Mental Disorders / drug therapy | Mindfulness | Motivation | Qualitative Research,Mental health therapy | Non-sanctioned occupation | Occupational perspective of health | Occupations non reconnues | Perspective occupationnelle de la santé | Psychedelic therapy | Substance use | Thérapie en santé mentale | Thérapie psychédélique | Utilisation de substances psychoactives,,,,,,,eng,,scoping_review,low,doi,scoping_review,evidence_synthesis,secondary_literature,uncertain,uncertain,0.9,False,secondary_summary,full_text_seen,text,C002,scoping review,,,,,,,,,,,,"for alcohol use disorder, with the use of LSD (Fuentes et al., 2020)",,,,"Projected from extraction_v1 coverage_mentions; coverage_type=mentions; relationship is discussed in secondary literature, not treated as primary evidence"
compound_disorder,ayahuasca,eating disorders,eating disorders,therapeutic_indication,,eating disorders,indication,True,,secondary literature coverage,,unclear,,,,unknown,10.1177/00084174241228678,,An Occupational Perspective on Psychedelic Therapy: A Scoping Review.,Hogan GA; Wagner KE; Tichenor E; Barlott T,2024,Canadian journal of occupational therapy. Revue canadienne d'ergotherapie,Journal Article | Scoping Review,,2024-02-20,0008-4174,1911-9828,,Humans | Hallucinogens / pharmacology | Occupational Therapy | Mental Disorders / drug therapy | Mindfulness | Motivation | Qualitative Research,Mental health therapy | Non-sanctioned occupation | Occupational perspective of health | Occupations non reconnues | Perspective occupationnelle de la santé | Psychedelic therapy | Substance use | Thérapie en santé mentale | Thérapie psychédélique | Utilisation de substances psychoactives,,,,,,,eng,,scoping_review,low,doi,scoping_review,evidence_synthesis,secondary_literature,uncertain,uncertain,0.9,False,secondary_summary,full_text_seen,text,C002,scoping review,,,,,,,,,,,,"and for eating disorders, with the use of ceremonial ayahuasca journeys (Lafrance et al., 2021)",,,,"Projected from extraction_v1 coverage_mentions; coverage_type=mentions; relationship is discussed in secondary literature, not treated as primary evidence"
compound_disorder,MDMA,social anxiety,social anxiety,therapeutic_indication,,social anxiety,indication,True,,secondary literature coverage,,unclear,,,,unknown,10.1177/00084174241228678,,An Occupational Perspective on Psychedelic Therapy: A Scoping Review.,Hogan GA; Wagner KE; Tichenor E; Barlott T,2024,Canadian journal of occupational therapy. Revue canadienne d'ergotherapie,Journal Article | Scoping Review,,2024-02-20,0008-4174,1911-9828,,Humans | Hallucinogens / pharmacology | Occupational Therapy | Mental Disorders / drug therapy | Mindfulness | Motivation | Qualitative Research,Mental health therapy | Non-sanctioned occupation | Occupational perspective of health | Occupations non reconnues | Perspective occupationnelle de la santé | Psychedelic therapy | Substance use | Thérapie en santé mentale | Thérapie psychédélique | Utilisation de substances psychoactives,,,,,,,eng,,scoping_review,low,doi,scoping_review,evidence_synthesis,secondary_literature,uncertain,uncertain,0.9,False,secondary_summary,full_text_seen,text,C002,scoping review,,,,,,,,,,,,"A study examining intra-and interpersonal change in autistic adults undergoing MDMA-assisted therapy has found rapid and lasting improvement in social anxiety symptoms, with social anxiety diagnoses ranging from marked to very severe (Danforth et al., 2018)",,,,"Projected from extraction_v1 coverage_mentions; coverage_type=mentions; relationship is discussed in secondary literature, not treated as primary evidence"
compound_disorder,psychedelics,racial trauma,racial trauma,therapeutic_indication,,racial trauma,indication,True,,secondary literature coverage,,unclear,,,,unknown,10.1177/00084174241228678,,An Occupational Perspective on Psychedelic Therapy: A Scoping Review.,Hogan GA; Wagner KE; Tichenor E; Barlott T,2024,Canadian journal of occupational therapy. Revue canadienne d'ergotherapie,Journal Article | Scoping Review,,2024-02-20,0008-4174,1911-9828,,Humans | Hallucinogens / pharmacology | Occupational Therapy | Mental Disorders / drug therapy | Mindfulness | Motivation | Qualitative Research,Mental health therapy | Non-sanctioned occupation | Occupational perspective of health | Occupations non reconnues | Perspective occupationnelle de la santé | Psychedelic therapy | Substance use | Thérapie en santé mentale | Thérapie psychédélique | Utilisation de substances psychoactives,,,,,,,eng,,scoping_review,low,doi,scoping_review,evidence_synthesis,secondary_literature,uncertain,uncertain,0.9,False,secondary_summary,full_text_seen,text,C002,scoping review,,,,,,,,,,,,"There are also studies examining the effects of psychedelics in reducing symptoms of racial trauma for Black, Indigenous, and People of Color (BIPOC), a population that has been underrepresented in psychedelic studies thus far (Williams et al., 2021)",,,,"Projected from extraction_v1 coverage_mentions; coverage_type=mentions; relationship is discussed in secondary literature, not treated as primary evidence"
compound_disorder,classic psychedelics,suicide,suicide,therapeutic_indication,,suicide,indication,True,,secondary literature coverage,,unclear,,,,unknown,10.1177/00084174241228678,,An Occupational Perspective on Psychedelic Therapy: A Scoping Review.,Hogan GA; Wagner KE; Tichenor E; Barlott T,2024,Canadian journal of occupational therapy. Revue canadienne d'ergotherapie,Journal Article | Scoping Review,,2024-02-20,0008-4174,1911-9828,,Humans | Hallucinogens / pharmacology | Occupational Therapy | Mental Disorders / drug therapy | Mindfulness | Motivation | Qualitative Research,Mental health therapy | Non-sanctioned occupation | Occupational perspective of health | Occupations non reconnues | Perspective occupationnelle de la santé | Psychedelic therapy | Substance use | Thérapie en santé mentale | Thérapie psychédélique | Utilisation de substances psychoactives,,,,,,,eng,,scoping_review,low,doi,scoping_review,evidence_synthesis,secondary_literature,uncertain,uncertain,0.9,False,secondary_summary,full_text_seen,text,C003,scoping review,,,,,,,,,,,,"Contrary to urban myths, studies have found promise in the prevention of suicide (Hendricks et al., 2015)",,,,"Projected from extraction_v1 coverage_mentions; coverage_type=mentions; relationship is discussed in secondary literature, not treated as primary evidence"
compound_disorder,classic psychedelics,antisocial criminal behaviour,antisocial criminal behaviour,therapeutic_indication,,antisocial criminal behaviour,indication,True,,secondary literature coverage,,unclear,,,,unknown,10.1177/00084174241228678,,An Occupational Perspective on Psychedelic Therapy: A Scoping Review.,Hogan GA; Wagner KE; Tichenor E; Barlott T,2024,Canadian journal of occupational therapy. Revue canadienne d'ergotherapie,Journal Article | Scoping Review,,2024-02-20,0008-4174,1911-9828,,Humans | Hallucinogens / pharmacology | Occupational Therapy | Mental Disorders / drug therapy | Mindfulness | Motivation | Qualitative Research,Mental health therapy | Non-sanctioned occupation | Occupational perspective of health | Occupations non reconnues | Perspective occupationnelle de la santé | Psychedelic therapy | Substance use | Thérapie en santé mentale | Thérapie psychédélique | Utilisation de substances psychoactives,,,,,,,eng,,scoping_review,low,doi,scoping_review,evidence_synthesis,secondary_literature,uncertain,uncertain,0.9,False,secondary_summary,full_text_seen,text,C003,scoping review,,,,,,,,,,,,"as well as reduced chances of antisocial criminal behaviour (Hendricks et al., 2018)",,,,"Projected from extraction_v1 coverage_mentions; coverage_type=mentions; relationship is discussed in secondary literature, not treated as primary evidence"
compound_disorder,"ketamine, LSD, MDMA, ibogaine, psilocybin",mental health experiences,mental health experiences,therapeutic_indication,,mental health experiences,indication,True,,secondary literature coverage,,unclear,,,,unknown,10.1177/00084174241228678,,An Occupational Perspective on Psychedelic Therapy: A Scoping Review.,Hogan GA; Wagner KE; Tichenor E; Barlott T,2024,Canadian journal of occupational therapy. Revue canadienne d'ergotherapie,Journal Article | Scoping Review,,2024-02-20,0008-4174,1911-9828,,Humans | Hallucinogens / pharmacology | Occupational Therapy | Mental Disorders / drug therapy | Mindfulness | Motivation | Qualitative Research,Mental health therapy | Non-sanctioned occupation | Occupational perspective of health | Occupations non reconnues | Perspective occupationnelle de la santé | Psychedelic therapy | Substance use | Thérapie en santé mentale | Thérapie psychédélique | Utilisation de substances psychoactives,,,,,,,eng,,scoping_review,low,doi,scoping_review,evidence_synthesis,secondary_literature,uncertain,uncertain,0.8,False,secondary_summary,full_text_seen,text,C008,scoping review,,,,,,,,,,,,"Participants in these studies had a range of mental health experiences, which were described in Western diagnostic language as eating disorders, treatment-resistant major depressive disorder, anxiety, depression, posttraumatic stress disorder (PTSD), and substance use disorder.",,,,"Projected from extraction_v1 coverage_mentions; coverage_type=mentions; relationship is discussed in secondary literature, not treated as primary evidence"
compound_disorder,Psychedelics,anxiety,anxiety,therapeutic_indication,,anxiety,indication,True,,secondary literature coverage,,unclear,,,,unknown,10.1177/17456916221094856,,Awe as a Pathway to Mental and Physical Health,María Monroy; Dacher Keltner,2022,Perspectives on psychological science : a journal of the Association for Psychological Science,"Journal Article | Research Support, Non-U.S. Gov't",,2022-08-22,1745-6916,1745-6924,,Humans | Hallucinogens | Emotions / physiology | Spirituality,awe | dance | health | music | nature | psychedelics | spirituality | well-being,,,,,,,eng,,review,low,doi,review,evidence_synthesis,secondary_literature,uncertain,uncertain,0.9,False,secondary_summary,full_text_seen,abstract,"Abstract, C001, C009",secondary_literature,,,,,,,,,,,,"How might psychedelics serve as a treatment for trauma and anxiety (Chi & Gold, 2020)?",,,,"Projected from extraction_v1 coverage_mentions; coverage_type=discusses; relationship is discussed in secondary literature, not treated as primary evidence"
compound_disorder,Psychedelics,trauma,trauma,therapeutic_indication,,trauma,indication,True,,secondary literature coverage,,unclear,,,,unknown,10.1177/17456916221094856,,Awe as a Pathway to Mental and Physical Health,María Monroy; Dacher Keltner,2022,Perspectives on psychological science : a journal of the Association for Psychological Science,"Journal Article | Research Support, Non-U.S. Gov't",,2022-08-22,1745-6916,1745-6924,,Humans | Hallucinogens | Emotions / physiology | Spirituality,awe | dance | health | music | nature | psychedelics | spirituality | well-being,,,,,,,eng,,review,low,doi,review,evidence_synthesis,secondary_literature,uncertain,uncertain,0.9,False,secondary_summary,full_text_seen,abstract,"Abstract, C001, C009",secondary_literature,,,,,,,,,,,,"How might psychedelics serve as a treatment for trauma and anxiety (Chi & Gold, 2020)?",,,,"Projected from extraction_v1 coverage_mentions; coverage_type=discusses; relationship is discussed in secondary literature, not treated as primary evidence"
compound_disorder,Psychedelics,depression,depression,therapeutic_indication,,depression,indication,True,,secondary literature coverage,,unclear,,,,unknown,10.1177/17456916221094856,,Awe as a Pathway to Mental and Physical Health,María Monroy; Dacher Keltner,2022,Perspectives on psychological science : a journal of the Association for Psychological Science,"Journal Article | Research Support, Non-U.S. Gov't",,2022-08-22,1745-6916,1745-6924,,Humans | Hallucinogens | Emotions / physiology | Spirituality,awe | dance | health | music | nature | psychedelics | spirituality | well-being,,,,,,,eng,,review,low,doi,review,evidence_synthesis,secondary_literature,uncertain,uncertain,0.9,False,secondary_summary,full_text_seen,text,C009,secondary_literature,,,,,,,,,,,,"Recent studies have also found that psychedelics have beneficial effects on anxiety, depression, substance abuse disorders (e.g., smoking, alcoholism), obsessive-compulsive disorder, and PTSD (see reviews by Chi & Gold, 2020; Johnson et al., 2019)",,,,"Projected from extraction_v1 coverage_mentions; coverage_type=discusses; relationship is discussed in secondary literature, not treated as primary evidence"
compound_disorder,Psychedelics,substance abuse disorders,substance abuse disorders,therapeutic_indication,,substance abuse disorders,indication,True,,secondary literature coverage,,unclear,,,,unknown,10.1177/17456916221094856,,Awe as a Pathway to Mental and Physical Health,María Monroy; Dacher Keltner,2022,Perspectives on psychological science : a journal of the Association for Psychological Science,"Journal Article | Research Support, Non-U.S. Gov't",,2022-08-22,1745-6916,1745-6924,,Humans | Hallucinogens | Emotions / physiology | Spirituality,awe | dance | health | music | nature | psychedelics | spirituality | well-being,,,,,,,eng,,review,low,doi,review,evidence_synthesis,secondary_literature,uncertain,uncertain,0.9,False,secondary_summary,full_text_seen,text,C009,secondary_literature,,,,,,,,,,,,"Recent studies have also found that psychedelics have beneficial effects on anxiety, depression, substance abuse disorders (e.g., smoking, alcoholism), obsessive-compulsive disorder, and PTSD (see reviews by Chi & Gold, 2020; Johnson et al., 2019)",,,,"Projected from extraction_v1 coverage_mentions; coverage_type=discusses; relationship is discussed in secondary literature, not treated as primary evidence"
compound_disorder,Psychedelics,obsessive-compulsive disorder,obsessive-compulsive disorder,therapeutic_indication,,obsessive-compulsive disorder,indication,True,,secondary literature coverage,,unclear,,,,unknown,10.1177/17456916221094856,,Awe as a Pathway to Mental and Physical Health,María Monroy; Dacher Keltner,2022,Perspectives on psychological science : a journal of the Association for Psychological Science,"Journal Article | Research Support, Non-U.S. Gov't",,2022-08-22,1745-6916,1745-6924,,Humans | Hallucinogens | Emotions / physiology | Spirituality,awe | dance | health | music | nature | psychedelics | spirituality | well-being,,,,,,,eng,,review,low,doi,review,evidence_synthesis,secondary_literature,uncertain,uncertain,0.9,False,secondary_summary,full_text_seen,text,C009,secondary_literature,,,,,,,,,,,,"Recent studies have also found that psychedelics have beneficial effects on anxiety, depression, substance abuse disorders (e.g., smoking, alcoholism), obsessive-compulsive disorder, and PTSD (see reviews by Chi & Gold, 2020; Johnson et al., 2019)",,,,"Projected from extraction_v1 coverage_mentions; coverage_type=discusses; relationship is discussed in secondary literature, not treated as primary evidence"
compound_disorder,Psychedelics,PTSD,PTSD,therapeutic_indication,,PTSD,indication,True,,secondary literature coverage,,unclear,,,,unknown,10.1177/17456916221094856,,Awe as a Pathway to Mental and Physical Health,María Monroy; Dacher Keltner,2022,Perspectives on psychological science : a journal of the Association for Psychological Science,"Journal Article | Research Support, Non-U.S. Gov't",,2022-08-22,1745-6916,1745-6924,,Humans | Hallucinogens | Emotions / physiology | Spirituality,awe | dance | health | music | nature | psychedelics | spirituality | well-being,,,,,,,eng,,review,low,doi,review,evidence_synthesis,secondary_literature,uncertain,uncertain,0.9,False,secondary_summary,full_text_seen,text,C009,secondary_literature,,,,,,,,,,,,"Recent studies have also found that psychedelics have beneficial effects on anxiety, depression, substance abuse disorders (e.g., smoking, alcoholism), obsessive-compulsive disorder, and PTSD (see reviews by Chi & Gold, 2020; Johnson et al., 2019)",,,,"Projected from extraction_v1 coverage_mentions; coverage_type=discusses; relationship is discussed in secondary literature, not treated as primary evidence"
compound_disorder,Psychedelics,well-being,well-being,therapeutic_indication,,well-being,indication,True,,secondary literature coverage,,unclear,,,,unknown,10.1177/17456916221094856,,Awe as a Pathway to Mental and Physical Health,María Monroy; Dacher Keltner,2022,Perspectives on psychological science : a journal of the Association for Psychological Science,"Journal Article | Research Support, Non-U.S. Gov't",,2022-08-22,1745-6916,1745-6924,,Humans | Hallucinogens | Emotions / physiology | Spirituality,awe | dance | health | music | nature | psychedelics | spirituality | well-being,,,,,,,eng,,review,low,doi,review,evidence_synthesis,secondary_literature,uncertain,uncertain,0.9,False,secondary_summary,full_text_seen,text,C009,secondary_literature,,,,,,,,,,,,"Recent studies have also found that psychedelics have beneficial effects on anxiety, depression, substance abuse disorders (e.g., smoking, alcoholism), obsessive-compulsive disorder, and PTSD (see reviews by Chi & Gold, 2020; Johnson et al., 2019) as well as improvements in well-being (Griffiths et al., 2008).",,,,"Projected from extraction_v1 coverage_mentions; coverage_type=discusses; relationship is discussed in secondary literature, not treated as primary evidence"
compound_disorder,Psychedelic-assisted therapy,mental health conditions,mental health conditions,therapeutic_indication,,mental health conditions,indication,True,,secondary literature coverage,,unclear,,,,unknown,10.1186/s13034-025-00930-4,,Leveraging family and caregiver support in psychedelic-assisted therapy: considerations for the treatment of adolescents,Sarah Forsberg; Amanda E. Downey; Lindsey D. Bruett; Lisa Hail; Gisele Fernandes-Osterhold; Josh D. Woolley; Adele Lafrance; Marissa Raymond-Flesch,2025,Child and Adolescent Psychiatry and Mental Health,journal-article,,2025-06-04,1753-2000,,Springer Science and Business Media LLC,,Adolescence | Family | Psychedelics,CSRD VA | NCATS NIH HHS,IK4 CX002090 | KL2 TR001870 | KL2TR001870,,,,,eng,,review,low,doi,review,evidence_synthesis,secondary_literature,uncertain,uncertain,1.0,False,secondary_summary,full_text_seen,abstract,Abstract,literature review,,,,,,,,,,,,"Psychedelic-assisted therapy (PAT) is gaining recognition as a promising intervention for treatment-refractory mental health conditions in adults. While interest in its applications for adolescents is growing, critical gaps remain in understanding safe and effective delivery of PAT to this vulnerable population",CSRD VA | NCATS NIH HHS,,,"Projected from extraction_v1 coverage_mentions; coverage_type=discusses; relationship is discussed in secondary literature, not treated as primary evidence"
compound_disorder,psilocybin,anorexia nervosa,anorexia nervosa,therapeutic_indication,,anorexia nervosa,indication,True,,secondary literature coverage,,unclear,,,,unknown,10.1186/s13034-025-00930-4,,Leveraging family and caregiver support in psychedelic-assisted therapy: considerations for the treatment of adolescents,Sarah Forsberg; Amanda E. Downey; Lindsey D. Bruett; Lisa Hail; Gisele Fernandes-Osterhold; Josh D. Woolley; Adele Lafrance; Marissa Raymond-Flesch,2025,Child and Adolescent Psychiatry and Mental Health,journal-article,,2025-06-04,1753-2000,,Springer Science and Business Media LLC,,Adolescence | Family | Psychedelics,CSRD VA | NCATS NIH HHS,IK4 CX002090 | KL2 TR001870 | KL2TR001870,,,,,eng,,review,low,doi,review,evidence_synthesis,secondary_literature,uncertain,uncertain,0.9,False,secondary_summary,full_text_seen,text,C008,literature review,,,,,,,,,,,,"In our clinical trial using psilocybin therapy for young adults with anorexia nervosa (NCT06399263), the involvement of caregivers in preparation and integration is required.",CSRD VA | NCATS NIH HHS,,,"Projected from extraction_v1 coverage_mentions; coverage_type=mentions; relationship is discussed in secondary literature, not treated as primary evidence"
compound_disorder,psychedelics,mental disorders,mental disorders,therapeutic_indication,,mental disorders,indication,True,,secondary literature coverage,,unclear,,,,unknown,10.1503/jpn.240037,,CCNP Innovations in Neuropsychopharmacology Award: The psychopharmacology of psychedelics: where the brain meets spirituality.,Gobbi G,2024,Journal of psychiatry & neuroscience : JPN,"Journal Article | Review | Research Support, Non-U.S. Gov't",,2024-09-19,1180-4882,1488-2434,,Hallucinogens / pharmacology | Humans | Spirituality | Brain / drug effects | Brain / metabolism | Psychopharmacology | Awards and Prizes | Mental Disorders / drug therapy,,CIHR,,10.1139/jpn-2026-0009,ErratumIn PMID:41873785 J Psychiatry Neurosci. 2026 Jan 1;51:1. doi: 10.1139/jpn-2026-0009.,,true,eng,,review,low,doi,review,evidence_synthesis,secondary_literature,uncertain,uncertain,1.0,False,secondary_summary,full_text_seen,abstract,Abstract,secondary_literature,,,,,,,,,,,,"In the last few years, a renaissance in the use of psychedelic drugs for mental disorders has occurred in Western society",CIHR,,,"Projected from extraction_v1 coverage_mentions; coverage_type=reviews; relationship is discussed in secondary literature, not treated as primary evidence"
compound_disorder,psilocybin,major depression,major depression,therapeutic_indication,,major depression,indication,True,,secondary literature coverage,,unclear,,,,unknown,10.1503/jpn.240037,,CCNP Innovations in Neuropsychopharmacology Award: The psychopharmacology of psychedelics: where the brain meets spirituality.,Gobbi G,2024,Journal of psychiatry & neuroscience : JPN,"Journal Article | Review | Research Support, Non-U.S. Gov't",,2024-09-19,1180-4882,1488-2434,,Hallucinogens / pharmacology | Humans | Spirituality | Brain / drug effects | Brain / metabolism | Psychopharmacology | Awards and Prizes | Mental Disorders / drug therapy,,CIHR,,10.1139/jpn-2026-0009,ErratumIn PMID:41873785 J Psychiatry Neurosci. 2026 Jan 1;51:1. doi: 10.1139/jpn-2026-0009.,,true,eng,,review,low,doi,review,evidence_synthesis,secondary_literature,uncertain,uncertain,1.0,False,secondary_summary,full_text_seen,text,C001,secondary_literature,,,,,,,,,,,,"double-blind randomized controlled trials (RCTs) have demonstrated that 1 or 2 administrations of psilocybin, combined with psychotherapy, can treat major depression",CIHR,,,"Projected from extraction_v1 coverage_mentions; coverage_type=reviews; relationship is discussed in secondary literature, not treated as primary evidence"
compound_disorder,psilocybin,alcohol use disorder,alcohol use disorder,therapeutic_indication,,alcohol use disorder,indication,True,,secondary literature coverage,,unclear,,,,unknown,10.1503/jpn.240037,,CCNP Innovations in Neuropsychopharmacology Award: The psychopharmacology of psychedelics: where the brain meets spirituality.,Gobbi G,2024,Journal of psychiatry & neuroscience : JPN,"Journal Article | Review | Research Support, Non-U.S. Gov't",,2024-09-19,1180-4882,1488-2434,,Hallucinogens / pharmacology | Humans | Spirituality | Brain / drug effects | Brain / metabolism | Psychopharmacology | Awards and Prizes | Mental Disorders / drug therapy,,CIHR,,10.1139/jpn-2026-0009,ErratumIn PMID:41873785 J Psychiatry Neurosci. 2026 Jan 1;51:1. doi: 10.1139/jpn-2026-0009.,,true,eng,,review,low,doi,review,evidence_synthesis,secondary_literature,uncertain,uncertain,1.0,False,secondary_summary,full_text_seen,text,C001,secondary_literature,,,,,,,,,,,,this treatment may reduce heavy drinking among people with alcohol use disorder,CIHR,,,"Projected from extraction_v1 coverage_mentions; coverage_type=reviews; relationship is discussed in secondary literature, not treated as primary evidence"
compound_disorder,lysergic acid diethylamide (LSD),anxiety,anxiety,therapeutic_indication,,anxiety,indication,True,,secondary literature coverage,,unclear,,,,unknown,10.1503/jpn.240037,,CCNP Innovations in Neuropsychopharmacology Award: The psychopharmacology of psychedelics: where the brain meets spirituality.,Gobbi G,2024,Journal of psychiatry & neuroscience : JPN,"Journal Article | Review | Research Support, Non-U.S. Gov't",,2024-09-19,1180-4882,1488-2434,,Hallucinogens / pharmacology | Humans | Spirituality | Brain / drug effects | Brain / metabolism | Psychopharmacology | Awards and Prizes | Mental Disorders / drug therapy,,CIHR,,10.1139/jpn-2026-0009,ErratumIn PMID:41873785 J Psychiatry Neurosci. 2026 Jan 1;51:1. doi: 10.1139/jpn-2026-0009.,,true,eng,,review,low,doi,review,evidence_synthesis,secondary_literature,uncertain,uncertain,1.0,False,secondary_summary,full_text_seen,text,C001,secondary_literature,,,,,,,,,,,,"More recently, lysergic acid diethylamide (LSD) was shown to reduce anxiety among patients with lifethreatening conditions.",CIHR,,,"Projected from extraction_v1 coverage_mentions; coverage_type=reviews; relationship is discussed in secondary literature, not treated as primary evidence"
compound_disorder,"3,4-methyl enedioxy methamphetamine (MDMA)",post traumatic stress disorder (PTSD),post traumatic stress disorder (PTSD),therapeutic_indication,,post traumatic stress disorder (PTSD),indication,True,,secondary literature coverage,,unclear,,,,unknown,10.1503/jpn.240037,,CCNP Innovations in Neuropsychopharmacology Award: The psychopharmacology of psychedelics: where the brain meets spirituality.,Gobbi G,2024,Journal of psychiatry & neuroscience : JPN,"Journal Article | Review | Research Support, Non-U.S. Gov't",,2024-09-19,1180-4882,1488-2434,,Hallucinogens / pharmacology | Humans | Spirituality | Brain / drug effects | Brain / metabolism | Psychopharmacology | Awards and Prizes | Mental Disorders / drug therapy,,CIHR,,10.1139/jpn-2026-0009,ErratumIn PMID:41873785 J Psychiatry Neurosci. 2026 Jan 1;51:1. doi: 10.1139/jpn-2026-0009.,,true,eng,,review,low,doi,review,evidence_synthesis,secondary_literature,uncertain,uncertain,1.0,False,secondary_summary,full_text_seen,text,C001,secondary_literature,,,,,,,,,,,,"Finally, the atypical psychedelic 3,4-methyl enedioxy methamphetamine (MDMA or ecstasy) was tested for the treatment of severe post traumatic stress disorder (PTSD), with positive outcomes",CIHR,,,"Projected from extraction_v1 coverage_mentions; coverage_type=reviews; relationship is discussed in secondary literature, not treated as primary evidence"
compound_disorder,DMT,addiction,addiction,therapeutic_indication,,addiction,indication,True,,secondary literature coverage,,unclear,,,,unknown,10.31579/2692-9422/027,,"The Neuroimaging Documentation of Psychedelic Drugs’ Effect on the Brain: dmt, lsd, Psilocybin, and Ibogaine as Examples: A Mini Review",Abdul Wahab Alahmari,2022,Brain and Neurological Disorders,journal-article,,2022-06-21,2642-973X,2642-973X,Auctores Publishing LLC,,,,,,,,,,,review,low,doi,review,evidence_synthesis,secondary_literature,uncertain,uncertain,1.0,False,secondary_summary,full_text_seen,abstract,C001,secondary_literature,,,,,,,,,,,,Many psychedelics drugs are praised on social media platforms like YouTube by non-experts or bias documentaries claiming that these drugs have therapeutic effects on addicted patients or clarity of the mind.,,,,"Projected from extraction_v1 coverage_mentions; coverage_type=discusses; relationship is discussed in secondary literature, not treated as primary evidence"
compound_disorder,DMT,bipolar depression,bipolar depression,therapeutic_indication,,bipolar depression,indication,True,,secondary literature coverage,,unclear,,,,unknown,10.31579/2692-9422/027,,"The Neuroimaging Documentation of Psychedelic Drugs’ Effect on the Brain: dmt, lsd, Psilocybin, and Ibogaine as Examples: A Mini Review",Abdul Wahab Alahmari,2022,Brain and Neurological Disorders,journal-article,,2022-06-21,2642-973X,2642-973X,Auctores Publishing LLC,,,,,,,,,,,review,low,doi,review,evidence_synthesis,secondary_literature,uncertain,uncertain,1.0,False,secondary_summary,full_text_seen,text,C003,secondary_literature,,,,,,,,,,,,A published study claims to use DMT to treat bipolar depression [3] .,,,,"Projected from extraction_v1 coverage_mentions; coverage_type=discusses; relationship is discussed in secondary literature, not treated as primary evidence"
compound_disorder,DMT,anxiety,anxiety,therapeutic_indication,,anxiety,indication,True,,secondary literature coverage,,unclear,,,,unknown,10.31579/2692-9422/027,,"The Neuroimaging Documentation of Psychedelic Drugs’ Effect on the Brain: dmt, lsd, Psilocybin, and Ibogaine as Examples: A Mini Review",Abdul Wahab Alahmari,2022,Brain and Neurological Disorders,journal-article,,2022-06-21,2642-973X,2642-973X,Auctores Publishing LLC,,,,,,,,,,,review,low,doi,review,evidence_synthesis,secondary_literature,uncertain,uncertain,1.0,False,secondary_summary,full_text_seen,text,C003,secondary_literature,,,,,,,,,,,,Another paper claim to use DMT to treat anxiety and post-traumatic stress disorder (PTSD) [4] .,,,,"Projected from extraction_v1 coverage_mentions; coverage_type=discusses; relationship is discussed in secondary literature, not treated as primary evidence"
compound_disorder,DMT,post-traumatic stress disorder (PTSD),post-traumatic stress disorder (PTSD),therapeutic_indication,,post-traumatic stress disorder (PTSD),indication,True,,secondary literature coverage,,unclear,,,,unknown,10.31579/2692-9422/027,,"The Neuroimaging Documentation of Psychedelic Drugs’ Effect on the Brain: dmt, lsd, Psilocybin, and Ibogaine as Examples: A Mini Review",Abdul Wahab Alahmari,2022,Brain and Neurological Disorders,journal-article,,2022-06-21,2642-973X,2642-973X,Auctores Publishing LLC,,,,,,,,,,,review,low,doi,review,evidence_synthesis,secondary_literature,uncertain,uncertain,1.0,False,secondary_summary,full_text_seen,text,C003,secondary_literature,,,,,,,,,,,,Another paper claim to use DMT to treat anxiety and post-traumatic stress disorder (PTSD) [4] .,,,,"Projected from extraction_v1 coverage_mentions; coverage_type=discusses; relationship is discussed in secondary literature, not treated as primary evidence"
compound_disorder,LSD,psychosomatic diseases,psychosomatic diseases,therapeutic_indication,,psychosomatic diseases,indication,True,,secondary literature coverage,,unclear,,,,unknown,10.31579/2692-9422/027,,"The Neuroimaging Documentation of Psychedelic Drugs’ Effect on the Brain: dmt, lsd, Psilocybin, and Ibogaine as Examples: A Mini Review",Abdul Wahab Alahmari,2022,Brain and Neurological Disorders,journal-article,,2022-06-21,2642-973X,2642-973X,Auctores Publishing LLC,,,,,,,,,,,review,low,doi,review,evidence_synthesis,secondary_literature,uncertain,uncertain,1.0,False,secondary_summary,full_text_seen,text,C008,secondary_literature,,,,,,,,,,,,"Claims to treat psychosomatic diseases, anxiety, depression, and addiction 18 .",,,,"Projected from extraction_v1 coverage_mentions; coverage_type=discusses; relationship is discussed in secondary literature, not treated as primary evidence"
compound_disorder,LSD,anxiety,anxiety,therapeutic_indication,,anxiety,indication,True,,secondary literature coverage,,unclear,,,,unknown,10.31579/2692-9422/027,,"The Neuroimaging Documentation of Psychedelic Drugs’ Effect on the Brain: dmt, lsd, Psilocybin, and Ibogaine as Examples: A Mini Review",Abdul Wahab Alahmari,2022,Brain and Neurological Disorders,journal-article,,2022-06-21,2642-973X,2642-973X,Auctores Publishing LLC,,,,,,,,,,,review,low,doi,review,evidence_synthesis,secondary_literature,uncertain,uncertain,1.0,False,secondary_summary,full_text_seen,text,C008,secondary_literature,,,,,,,,,,,,"Claims to treat psychosomatic diseases, anxiety, depression, and addiction 18 .",,,,"Projected from extraction_v1 coverage_mentions; coverage_type=discusses; relationship is discussed in secondary literature, not treated as primary evidence"
compound_disorder,LSD,depression,depression,therapeutic_indication,,depression,indication,True,,secondary literature coverage,,unclear,,,,unknown,10.31579/2692-9422/027,,"The Neuroimaging Documentation of Psychedelic Drugs’ Effect on the Brain: dmt, lsd, Psilocybin, and Ibogaine as Examples: A Mini Review",Abdul Wahab Alahmari,2022,Brain and Neurological Disorders,journal-article,,2022-06-21,2642-973X,2642-973X,Auctores Publishing LLC,,,,,,,,,,,review,low,doi,review,evidence_synthesis,secondary_literature,uncertain,uncertain,1.0,False,secondary_summary,full_text_seen,text,C008,secondary_literature,,,,,,,,,,,,"Claims to treat psychosomatic diseases, anxiety, depression, and addiction 18 .",,,,"Projected from extraction_v1 coverage_mentions; coverage_type=discusses; relationship is discussed in secondary literature, not treated as primary evidence"
compound_disorder,LSD,addiction,addiction,therapeutic_indication,,addiction,indication,True,,secondary literature coverage,,unclear,,,,unknown,10.31579/2692-9422/027,,"The Neuroimaging Documentation of Psychedelic Drugs’ Effect on the Brain: dmt, lsd, Psilocybin, and Ibogaine as Examples: A Mini Review",Abdul Wahab Alahmari,2022,Brain and Neurological Disorders,journal-article,,2022-06-21,2642-973X,2642-973X,Auctores Publishing LLC,,,,,,,,,,,review,low,doi,review,evidence_synthesis,secondary_literature,uncertain,uncertain,1.0,False,secondary_summary,full_text_seen,text,C008,secondary_literature,,,,,,,,,,,,"Claims to treat psychosomatic diseases, anxiety, depression, and addiction 18 .",,,,"Projected from extraction_v1 coverage_mentions; coverage_type=discusses; relationship is discussed in secondary literature, not treated as primary evidence"
compound_disorder,Psilocybin,anxiety,anxiety,therapeutic_indication,,anxiety,indication,True,,secondary literature coverage,,unclear,,,,unknown,10.31579/2692-9422/027,,"The Neuroimaging Documentation of Psychedelic Drugs’ Effect on the Brain: dmt, lsd, Psilocybin, and Ibogaine as Examples: A Mini Review",Abdul Wahab Alahmari,2022,Brain and Neurological Disorders,journal-article,,2022-06-21,2642-973X,2642-973X,Auctores Publishing LLC,,,,,,,,,,,review,low,doi,review,evidence_synthesis,secondary_literature,uncertain,uncertain,1.0,False,secondary_summary,full_text_seen,text,C005,secondary_literature,,,,,,,,,,,,"This psychedelic mushroom has been tested for potential promising treatment for anxiety, mood disorder, drug addiction & dependency, and depression.",,,,"Projected from extraction_v1 coverage_mentions; coverage_type=discusses; relationship is discussed in secondary literature, not treated as primary evidence"
compound_disorder,Psilocybin,mood disorder,mood disorder,therapeutic_indication,,mood disorder,indication,True,,secondary literature coverage,,unclear,,,,unknown,10.31579/2692-9422/027,,"The Neuroimaging Documentation of Psychedelic Drugs’ Effect on the Brain: dmt, lsd, Psilocybin, and Ibogaine as Examples: A Mini Review",Abdul Wahab Alahmari,2022,Brain and Neurological Disorders,journal-article,,2022-06-21,2642-973X,2642-973X,Auctores Publishing LLC,,,,,,,,,,,review,low,doi,review,evidence_synthesis,secondary_literature,uncertain,uncertain,1.0,False,secondary_summary,full_text_seen,text,C005,secondary_literature,,,,,,,,,,,,"This psychedelic mushroom has been tested for potential promising treatment for anxiety, mood disorder, drug addiction & dependency, and depression.",,,,"Projected from extraction_v1 coverage_mentions; coverage_type=discusses; relationship is discussed in secondary literature, not treated as primary evidence"
compound_disorder,Psilocybin,drug addiction & dependency,drug addiction & dependency,therapeutic_indication,,drug addiction & dependency,indication,True,,secondary literature coverage,,unclear,,,,unknown,10.31579/2692-9422/027,,"The Neuroimaging Documentation of Psychedelic Drugs’ Effect on the Brain: dmt, lsd, Psilocybin, and Ibogaine as Examples: A Mini Review",Abdul Wahab Alahmari,2022,Brain and Neurological Disorders,journal-article,,2022-06-21,2642-973X,2642-973X,Auctores Publishing LLC,,,,,,,,,,,review,low,doi,review,evidence_synthesis,secondary_literature,uncertain,uncertain,1.0,False,secondary_summary,full_text_seen,text,C005,secondary_literature,,,,,,,,,,,,"This psychedelic mushroom has been tested for potential promising treatment for anxiety, mood disorder, drug addiction & dependency, and depression.",,,,"Projected from extraction_v1 coverage_mentions; coverage_type=discusses; relationship is discussed in secondary literature, not treated as primary evidence"
compound_disorder,Psilocybin,depression,depression,therapeutic_indication,,depression,indication,True,,secondary literature coverage,,unclear,,,,unknown,10.31579/2692-9422/027,,"The Neuroimaging Documentation of Psychedelic Drugs’ Effect on the Brain: dmt, lsd, Psilocybin, and Ibogaine as Examples: A Mini Review",Abdul Wahab Alahmari,2022,Brain and Neurological Disorders,journal-article,,2022-06-21,2642-973X,2642-973X,Auctores Publishing LLC,,,,,,,,,,,review,low,doi,review,evidence_synthesis,secondary_literature,uncertain,uncertain,1.0,False,secondary_summary,full_text_seen,text,C005,secondary_literature,,,,,,,,,,,,"This psychedelic mushroom has been tested for potential promising treatment for anxiety, mood disorder, drug addiction & dependency, and depression.",,,,"Projected from extraction_v1 coverage_mentions; coverage_type=discusses; relationship is discussed in secondary literature, not treated as primary evidence"
compound_disorder,Psilocybin,major depressive disorder (MDD),major depressive disorder (MDD),therapeutic_indication,,major depressive disorder (MDD),indication,True,,secondary literature coverage,,unclear,,,,unknown,10.31579/2692-9422/027,,"The Neuroimaging Documentation of Psychedelic Drugs’ Effect on the Brain: dmt, lsd, Psilocybin, and Ibogaine as Examples: A Mini Review",Abdul Wahab Alahmari,2022,Brain and Neurological Disorders,journal-article,,2022-06-21,2642-973X,2642-973X,Auctores Publishing LLC,,,,,,,,,,,review,low,doi,review,evidence_synthesis,secondary_literature,uncertain,uncertain,1.0,False,secondary_summary,full_text_seen,text,C007,secondary_literature,,,,,,,,,,,,"A paper published by Johns Hopkins team in JAMA claim that psilocybin is ""efficacious"" treating major depressive disorder (MDD) [20] .",,,,"Projected from extraction_v1 coverage_mentions; coverage_type=discusses; relationship is discussed in secondary literature, not treated as primary evidence"
compound_disorder,Ibogaine,addiction,addiction,therapeutic_indication,,addiction,indication,True,,secondary literature coverage,,unclear,,,,unknown,10.31579/2692-9422/027,,"The Neuroimaging Documentation of Psychedelic Drugs’ Effect on the Brain: dmt, lsd, Psilocybin, and Ibogaine as Examples: A Mini Review",Abdul Wahab Alahmari,2022,Brain and Neurological Disorders,journal-article,,2022-06-21,2642-973X,2642-973X,Auctores Publishing LLC,,,,,,,,,,,review,low,doi,review,evidence_synthesis,secondary_literature,uncertain,uncertain,1.0,False,secondary_summary,full_text_seen,text,C006,secondary_literature,,,,,,,,,,,,It is used to treat addiction and drug dependency.,,,,"Projected from extraction_v1 coverage_mentions; coverage_type=discusses; relationship is discussed in secondary literature, not treated as primary evidence"
compound_disorder,Ibogaine,drug dependency,drug dependency,therapeutic_indication,,drug dependency,indication,True,,secondary literature coverage,,unclear,,,,unknown,10.31579/2692-9422/027,,"The Neuroimaging Documentation of Psychedelic Drugs’ Effect on the Brain: dmt, lsd, Psilocybin, and Ibogaine as Examples: A Mini Review",Abdul Wahab Alahmari,2022,Brain and Neurological Disorders,journal-article,,2022-06-21,2642-973X,2642-973X,Auctores Publishing LLC,,,,,,,,,,,review,low,doi,review,evidence_synthesis,secondary_literature,uncertain,uncertain,1.0,False,secondary_summary,full_text_seen,text,C006,secondary_literature,,,,,,,,,,,,It is used to treat addiction and drug dependency.,,,,"Projected from extraction_v1 coverage_mentions; coverage_type=discusses; relationship is discussed in secondary literature, not treated as primary evidence"
compound_disorder,synthetic cannabinoids,agitation,agitation,therapeutic_indication,,agitation,indication,True,,secondary literature coverage,,unclear,,,,unknown,10.3238/arztebl.2014.0139,,Effects and Risks Associated with Novel Psychoactive Substances,Nicolas Hohmann; Gerd Mikus; David Czock,2014,Deutsches Ärzteblatt international,journal-article,,2014-02-28,1866-0452,1866-0452,Deutscher Arzte-Verlag GmbH,"Akathisia, Drug-Induced / diagnosis | Akathisia, Drug-Induced / etiology | Cardiovascular Diseases / chemically induced | Cardiovascular Diseases / diagnosis | Drug Labeling | Humans | Illicit Drugs / poisoning | Mental Disorders / chemically induced | Mental Disorders / diagnosis | Psychotropic Drugs / poisoning | Risk Assessment | Spices / poisoning",,,,,,,,eng,,review,low,doi,review,evidence_synthesis,secondary_literature,uncertain,uncertain,0.9,False,secondary_summary,full_text_seen,abstract,C001,Selective review of pertinent literature,,,,,,,,,,,,"Synthetic cannabinoids alter mood and perception; intoxications cause agitation, tachy cardia, and arterial hypertension.",,,,"Projected from extraction_v1 coverage_mentions; coverage_type=discusses; relationship is discussed in secondary literature, not treated as primary evidence"
compound_disorder,synthetic cannabinoids,arterial hypertension,arterial hypertension,therapeutic_indication,,arterial hypertension,indication,True,,secondary literature coverage,,unclear,,,,unknown,10.3238/arztebl.2014.0139,,Effects and Risks Associated with Novel Psychoactive Substances,Nicolas Hohmann; Gerd Mikus; David Czock,2014,Deutsches Ärzteblatt international,journal-article,,2014-02-28,1866-0452,1866-0452,Deutscher Arzte-Verlag GmbH,"Akathisia, Drug-Induced / diagnosis | Akathisia, Drug-Induced / etiology | Cardiovascular Diseases / chemically induced | Cardiovascular Diseases / diagnosis | Drug Labeling | Humans | Illicit Drugs / poisoning | Mental Disorders / chemically induced | Mental Disorders / diagnosis | Psychotropic Drugs / poisoning | Risk Assessment | Spices / poisoning",,,,,,,,eng,,review,low,doi,review,evidence_synthesis,secondary_literature,uncertain,uncertain,0.9,False,secondary_summary,full_text_seen,abstract,C001,Selective review of pertinent literature,,,,,,,,,,,,"Synthetic cannabinoids alter mood and perception; intoxications cause agitation, tachy cardia, and arterial hypertension.",,,,"Projected from extraction_v1 coverage_mentions; coverage_type=discusses; relationship is discussed in secondary literature, not treated as primary evidence"
compound_disorder,synthetic cathinones,serotonin syndrome,serotonin syndrome,therapeutic_indication,,serotonin syndrome,indication,True,,secondary literature coverage,,unclear,,,,unknown,10.3238/arztebl.2014.0139,,Effects and Risks Associated with Novel Psychoactive Substances,Nicolas Hohmann; Gerd Mikus; David Czock,2014,Deutsches Ärzteblatt international,journal-article,,2014-02-28,1866-0452,1866-0452,Deutscher Arzte-Verlag GmbH,"Akathisia, Drug-Induced / diagnosis | Akathisia, Drug-Induced / etiology | Cardiovascular Diseases / chemically induced | Cardiovascular Diseases / diagnosis | Drug Labeling | Humans | Illicit Drugs / poisoning | Mental Disorders / chemically induced | Mental Disorders / diagnosis | Psychotropic Drugs / poisoning | Risk Assessment | Spices / poisoning",,,,,,,,eng,,review,low,doi,review,evidence_synthesis,secondary_literature,uncertain,uncertain,0.9,False,secondary_summary,full_text_seen,abstract,C001,Selective review of pertinent literature,,,,,,,,,,,,Synthetic cathinones are hallucinogenic stimulants with predominantly cardiovascular and psychiatric side effects. Severe intoxications cause serotonin syndrome and potentially fatal rhabdomyolysis.,,,,"Projected from extraction_v1 coverage_mentions; coverage_type=discusses; relationship is discussed in secondary literature, not treated as primary evidence"
compound_disorder,synthetic cathinones,rhabdomyolysis,rhabdomyolysis,therapeutic_indication,,rhabdomyolysis,indication,True,,secondary literature coverage,,unclear,,,,unknown,10.3238/arztebl.2014.0139,,Effects and Risks Associated with Novel Psychoactive Substances,Nicolas Hohmann; Gerd Mikus; David Czock,2014,Deutsches Ärzteblatt international,journal-article,,2014-02-28,1866-0452,1866-0452,Deutscher Arzte-Verlag GmbH,"Akathisia, Drug-Induced / diagnosis | Akathisia, Drug-Induced / etiology | Cardiovascular Diseases / chemically induced | Cardiovascular Diseases / diagnosis | Drug Labeling | Humans | Illicit Drugs / poisoning | Mental Disorders / chemically induced | Mental Disorders / diagnosis | Psychotropic Drugs / poisoning | Risk Assessment | Spices / poisoning",,,,,,,,eng,,review,low,doi,review,evidence_synthesis,secondary_literature,uncertain,uncertain,0.9,False,secondary_summary,full_text_seen,abstract,C001,Selective review of pertinent literature,,,,,,,,,,,,Synthetic cathinones are hallucinogenic stimulants with predominantly cardiovascular and psychiatric side effects. Severe intoxications cause serotonin syndrome and potentially fatal rhabdomyolysis.,,,,"Projected from extraction_v1 coverage_mentions; coverage_type=discusses; relationship is discussed in secondary literature, not treated as primary evidence"
compound_disorder,mephedrone,death,death,therapeutic_indication,,death,indication,True,,secondary literature coverage,,unclear,,,,unknown,10.3238/arztebl.2014.0139,,Effects and Risks Associated with Novel Psychoactive Substances,Nicolas Hohmann; Gerd Mikus; David Czock,2014,Deutsches Ärzteblatt international,journal-article,,2014-02-28,1866-0452,1866-0452,Deutscher Arzte-Verlag GmbH,"Akathisia, Drug-Induced / diagnosis | Akathisia, Drug-Induced / etiology | Cardiovascular Diseases / chemically induced | Cardiovascular Diseases / diagnosis | Drug Labeling | Humans | Illicit Drugs / poisoning | Mental Disorders / chemically induced | Mental Disorders / diagnosis | Psychotropic Drugs / poisoning | Risk Assessment | Spices / poisoning",,,,,,,,eng,,review,low,doi,review,evidence_synthesis,secondary_literature,uncertain,uncertain,0.8,False,secondary_summary,full_text_seen,text,C008,Selective review of pertinent literature,,,,,,,,,,,,"From September 2009 to October 2011, there were 128 documented deaths associated with mephedrone use in the United Kingdom: of the 62 cases that could be assessed further, death was due to the acute toxicity of the drug itself in 26, and to self-destructive or suicidal behavior in 18 (25).",,,,"Projected from extraction_v1 coverage_mentions; coverage_type=discusses; relationship is discussed in secondary literature, not treated as primary evidence"
compound_disorder,piperazine derivatives,seizures,seizures,therapeutic_indication,,seizures,indication,True,,secondary literature coverage,,unclear,,,,unknown,10.3238/arztebl.2014.0139,,Effects and Risks Associated with Novel Psychoactive Substances,Nicolas Hohmann; Gerd Mikus; David Czock,2014,Deutsches Ärzteblatt international,journal-article,,2014-02-28,1866-0452,1866-0452,Deutscher Arzte-Verlag GmbH,"Akathisia, Drug-Induced / diagnosis | Akathisia, Drug-Induced / etiology | Cardiovascular Diseases / chemically induced | Cardiovascular Diseases / diagnosis | Drug Labeling | Humans | Illicit Drugs / poisoning | Mental Disorders / chemically induced | Mental Disorders / diagnosis | Psychotropic Drugs / poisoning | Risk Assessment | Spices / poisoning",,,,,,,,eng,,review,low,doi,review,evidence_synthesis,secondary_literature,uncertain,uncertain,0.8,False,secondary_summary,full_text_seen,text,C011,Selective review of pertinent literature,,,,,,,,,,,,Seizures may occur with plasma concentrations as low as 0.05 mg/L but regularly accompany concentrations above 2.15 mg/L (36).,,,,"Projected from extraction_v1 coverage_mentions; coverage_type=discusses; relationship is discussed in secondary literature, not treated as primary evidence"
compound_disorder,MDAI,hyperthermia,hyperthermia,therapeutic_indication,,hyperthermia,indication,True,,secondary literature coverage,,unclear,,,,unknown,10.3238/arztebl.2014.0139,,Effects and Risks Associated with Novel Psychoactive Substances,Nicolas Hohmann; Gerd Mikus; David Czock,2014,Deutsches Ärzteblatt international,journal-article,,2014-02-28,1866-0452,1866-0452,Deutscher Arzte-Verlag GmbH,"Akathisia, Drug-Induced / diagnosis | Akathisia, Drug-Induced / etiology | Cardiovascular Diseases / chemically induced | Cardiovascular Diseases / diagnosis | Drug Labeling | Humans | Illicit Drugs / poisoning | Mental Disorders / chemically induced | Mental Disorders / diagnosis | Psychotropic Drugs / poisoning | Risk Assessment | Spices / poisoning",,,,,,,,eng,,review,low,doi,review,evidence_synthesis,secondary_literature,uncertain,uncertain,0.8,False,secondary_summary,full_text_seen,text,C012,Selective review of pertinent literature,,,,,,,,,,,,"Yet these are by no means harmless substances: among human users, there have been reported cases of hyperthermia, sero tonin syndrome, rhabdomyolysis, and death (37, 38, e20).",,,,"Projected from extraction_v1 coverage_mentions; coverage_type=discusses; relationship is discussed in secondary literature, not treated as primary evidence"
compound_disorder,Bromo-dragonfly,multiple organ failure,multiple organ failure,therapeutic_indication,,multiple organ failure,indication,True,,secondary literature coverage,,unclear,,,,unknown,10.3238/arztebl.2014.0139,,Effects and Risks Associated with Novel Psychoactive Substances,Nicolas Hohmann; Gerd Mikus; David Czock,2014,Deutsches Ärzteblatt international,journal-article,,2014-02-28,1866-0452,1866-0452,Deutscher Arzte-Verlag GmbH,"Akathisia, Drug-Induced / diagnosis | Akathisia, Drug-Induced / etiology | Cardiovascular Diseases / chemically induced | Cardiovascular Diseases / diagnosis | Drug Labeling | Humans | Illicit Drugs / poisoning | Mental Disorders / chemically induced | Mental Disorders / diagnosis | Psychotropic Drugs / poisoning | Risk Assessment | Spices / poisoning",,,,,,,,eng,,review,low,doi,review,evidence_synthesis,secondary_literature,uncertain,uncertain,0.8,False,secondary_summary,full_text_seen,text,C012,Selective review of pertinent literature,,,,,,,,,,,,"""Bromo-dragonfly"" is highly toxic: it can cause seizures, acidosis, pulmonary edema, and prolonged vasospasm leading to gangrene and multiple organ failure (39, 40).",,,,"Projected from extraction_v1 coverage_mentions; coverage_type=discusses; relationship is discussed in secondary literature, not treated as primary evidence"
compound_disorder,psilocybin,treatment-resistant depression,treatment-resistant depression,therapeutic_indication,,treatment-resistant depression,indication,True,,secondary literature coverage,,unclear,,,,unknown,10.3389/fpsyg.2021.720579,,"Spontaneous Spiritual Awakenings: Phenomenology, Altered States, Individual Differences, and Well-Being",Jessica Sophie Corneille; David Luke,2021,Frontiers in Psychology,journal-article,,2021-08-19,1664-1078,,Frontiers Media SA,,DMT | absorption | altered states of consciousness | epilepsy | mental health | mystical experience | psilocybin | spirituality,,,,,,,eng,,review,low,doi,review,evidence_synthesis,secondary_literature,uncertain,uncertain,0.9,False,secondary_summary,full_text_seen,text,C003,secondary_literature,,,,,,,,,,,,"Psilocybin-occasioned mystical experiences have been linked to sustained improvements in treatment-resistant depression (Carhart-Harris et al., 2016)",,,,"Projected from extraction_v1 coverage_mentions; coverage_type=discusses; relationship is discussed in secondary literature, not treated as primary evidence"
compound_disorder,psilocybin,anxiety,anxiety,therapeutic_indication,,anxiety,indication,True,,secondary literature coverage,,unclear,,,,unknown,10.3389/fpsyg.2021.720579,,"Spontaneous Spiritual Awakenings: Phenomenology, Altered States, Individual Differences, and Well-Being",Jessica Sophie Corneille; David Luke,2021,Frontiers in Psychology,journal-article,,2021-08-19,1664-1078,,Frontiers Media SA,,DMT | absorption | altered states of consciousness | epilepsy | mental health | mystical experience | psilocybin | spirituality,,,,,,,eng,,review,low,doi,review,evidence_synthesis,secondary_literature,uncertain,uncertain,0.9,False,secondary_summary,full_text_seen,text,C003,secondary_literature,,,,,,,,,,,,"and significant reductions in anxiety, hopelessness, and fear of death in patients with life-threatening cancer (Griffiths et al., 2016; Ross et al., 2016)",,,,"Projected from extraction_v1 coverage_mentions; coverage_type=discusses; relationship is discussed in secondary literature, not treated as primary evidence"
compound_disorder,psilocybin,hopelessness,hopelessness,therapeutic_indication,,hopelessness,indication,True,,secondary literature coverage,,unclear,,,,unknown,10.3389/fpsyg.2021.720579,,"Spontaneous Spiritual Awakenings: Phenomenology, Altered States, Individual Differences, and Well-Being",Jessica Sophie Corneille; David Luke,2021,Frontiers in Psychology,journal-article,,2021-08-19,1664-1078,,Frontiers Media SA,,DMT | absorption | altered states of consciousness | epilepsy | mental health | mystical experience | psilocybin | spirituality,,,,,,,eng,,review,low,doi,review,evidence_synthesis,secondary_literature,uncertain,uncertain,0.9,False,secondary_summary,full_text_seen,text,C003,secondary_literature,,,,,,,,,,,,"and significant reductions in anxiety, hopelessness, and fear of death in patients with life-threatening cancer (Griffiths et al., 2016; Ross et al., 2016)",,,,"Projected from extraction_v1 coverage_mentions; coverage_type=discusses; relationship is discussed in secondary literature, not treated as primary evidence"
compound_disorder,psilocybin,fear of death,fear of death,therapeutic_indication,,fear of death,indication,True,,secondary literature coverage,,unclear,,,,unknown,10.3389/fpsyg.2021.720579,,"Spontaneous Spiritual Awakenings: Phenomenology, Altered States, Individual Differences, and Well-Being",Jessica Sophie Corneille; David Luke,2021,Frontiers in Psychology,journal-article,,2021-08-19,1664-1078,,Frontiers Media SA,,DMT | absorption | altered states of consciousness | epilepsy | mental health | mystical experience | psilocybin | spirituality,,,,,,,eng,,review,low,doi,review,evidence_synthesis,secondary_literature,uncertain,uncertain,0.9,False,secondary_summary,full_text_seen,text,C003,secondary_literature,,,,,,,,,,,,"and significant reductions in anxiety, hopelessness, and fear of death in patients with life-threatening cancer (Griffiths et al., 2016; Ross et al., 2016)",,,,"Projected from extraction_v1 coverage_mentions; coverage_type=discusses; relationship is discussed in secondary literature, not treated as primary evidence"
compound_disorder,psilocybin,alcohol addiction,alcohol addiction,therapeutic_indication,,alcohol addiction,indication,True,,secondary literature coverage,,unclear,,,,unknown,10.3389/fpsyg.2021.720579,,"Spontaneous Spiritual Awakenings: Phenomenology, Altered States, Individual Differences, and Well-Being",Jessica Sophie Corneille; David Luke,2021,Frontiers in Psychology,journal-article,,2021-08-19,1664-1078,,Frontiers Media SA,,DMT | absorption | altered states of consciousness | epilepsy | mental health | mystical experience | psilocybin | spirituality,,,,,,,eng,,review,low,doi,review,evidence_synthesis,secondary_literature,uncertain,uncertain,0.9,False,secondary_summary,full_text_seen,text,C003,secondary_literature,,,,,,,,,,,,"Both psilocybin-occasioned mystical experiences and spiritual or kundalini awakenings attained without the use of drugs have been linked to persisting positive effects in the treatment of treatment-resistant alcohol and tobacco addiction (Green et al., 1998; Galanter et al., 2007; Strobbe et al., 2013; Garcia-Romeu et al., 2014)",,,,"Projected from extraction_v1 coverage_mentions; coverage_type=discusses; relationship is discussed in secondary literature, not treated as primary evidence"
compound_disorder,psilocybin,tobacco addiction,tobacco addiction,therapeutic_indication,,tobacco addiction,indication,True,,secondary literature coverage,,unclear,,,,unknown,10.3389/fpsyg.2021.720579,,"Spontaneous Spiritual Awakenings: Phenomenology, Altered States, Individual Differences, and Well-Being",Jessica Sophie Corneille; David Luke,2021,Frontiers in Psychology,journal-article,,2021-08-19,1664-1078,,Frontiers Media SA,,DMT | absorption | altered states of consciousness | epilepsy | mental health | mystical experience | psilocybin | spirituality,,,,,,,eng,,review,low,doi,review,evidence_synthesis,secondary_literature,uncertain,uncertain,0.9,False,secondary_summary,full_text_seen,text,C003,secondary_literature,,,,,,,,,,,,"Both psilocybin-occasioned mystical experiences and spiritual or kundalini awakenings attained without the use of drugs have been linked to persisting positive effects in the treatment of treatment-resistant alcohol and tobacco addiction (Green et al., 1998; Galanter et al., 2007; Strobbe et al., 2013; Garcia-Romeu et al., 2014)",,,,"Projected from extraction_v1 coverage_mentions; coverage_type=discusses; relationship is discussed in secondary literature, not treated as primary evidence"
compound_disorder,psychedelics,therapeutic effects for disorders,therapeutic effects for disorders,therapeutic_indication,,therapeutic effects for disorders,indication,True,,secondary literature coverage,,unclear,,,,unknown,10.3389/fpsyg.2021.720579,,"Spontaneous Spiritual Awakenings: Phenomenology, Altered States, Individual Differences, and Well-Being",Jessica Sophie Corneille; David Luke,2021,Frontiers in Psychology,journal-article,,2021-08-19,1664-1078,,Frontiers Media SA,,DMT | absorption | altered states of consciousness | epilepsy | mental health | mystical experience | psilocybin | spirituality,,,,,,,eng,,review,low,doi,review,evidence_synthesis,secondary_literature,uncertain,uncertain,0.8,False,secondary_summary,full_text_seen,text,C035,secondary_literature,,,,,,,,,,,,"Given the overwhelmingly positive reported effects of SSA/SKAs on wellbeing in our study, and given the existing literature supporting the potential for spiritual experiences to both treat disorders such as addiction, depression and anxiety, and move people towards increased pro-social and pro-environmental behaviours, more attention from the research community is warranted.",,,,"Projected from extraction_v1 coverage_mentions; coverage_type=discusses; relationship is discussed in secondary literature, not treated as primary evidence"
compound_disorder,psychedelics,mental health disorders,mental health disorders,therapeutic_indication,,mental health disorders,indication,True,,secondary literature coverage,,unclear,,,,unknown,10.3389/fpsyt.2021.742856,,1H Nuclear Magnetic Resonance: A Future Approach to the Metabolic Profiling of Psychedelics in Human Biofluids?,Sylvana Vilca-Melendez; Malin V. Uthaug; Julian L. Griffin,2021,Frontiers in Psychiatry,journal-article,,2021-12-13,1664-0640,,Frontiers Media SA,,LSD | liquid chromatography | mass spectrometry | metabolomics | new psychoactive substances | proton nuclear magnetic resonance | psilocybin | psychedelics,Medical Research Council,MR/P011705/1 | MR/P011705/2 | MR/S010483/1,,,,,eng,,systematic_review,low,doi,systematic_review,evidence_synthesis,secondary_literature,uncertain,uncertain,0.9,False,secondary_summary,full_text_seen,abstract,C001,Systematic Review,,,,,,,,,,,,"While psychedelics may have therapeutic potential for treating mental health disorders such as depression, further research is needed to better understand their biological effects and mechanisms of action when considering the development of future novel therapy approaches.",Medical Research Council,,,"Projected from extraction_v1 coverage_mentions; coverage_type=discusses; relationship is discussed in secondary literature, not treated as primary evidence"
compound_disorder,psilocybin,depression and anxiety,depression and anxiety,therapeutic_indication,,depression and anxiety,indication,True,,secondary literature coverage,,unclear,,,,unknown,10.3389/fpsyt.2021.742856,,1H Nuclear Magnetic Resonance: A Future Approach to the Metabolic Profiling of Psychedelics in Human Biofluids?,Sylvana Vilca-Melendez; Malin V. Uthaug; Julian L. Griffin,2021,Frontiers in Psychiatry,journal-article,,2021-12-13,1664-0640,,Frontiers Media SA,,LSD | liquid chromatography | mass spectrometry | metabolomics | new psychoactive substances | proton nuclear magnetic resonance | psilocybin | psychedelics,Medical Research Council,MR/P011705/1 | MR/P011705/2 | MR/S010483/1,,,,,eng,,systematic_review,low,doi,systematic_review,evidence_synthesis,secondary_literature,uncertain,uncertain,0.8,False,secondary_summary,full_text_seen,text,C006,Systematic Review,,,,,,,,,,,,Previous clinical research have shown that oral doses of psilocybin may improve mental health related variables and produce persistent positive psychological effects for depression and anxiety (1-5).,Medical Research Council,,,"Projected from extraction_v1 coverage_mentions; coverage_type=discusses; relationship is discussed in secondary literature, not treated as primary evidence"
compound_disorder,psychedelics,autoimmune diseases,autoimmune diseases,therapeutic_indication,,autoimmune diseases,indication,True,,secondary literature coverage,,unclear,,,,unknown,10.3389/fpsyt.2021.742856,,1H Nuclear Magnetic Resonance: A Future Approach to the Metabolic Profiling of Psychedelics in Human Biofluids?,Sylvana Vilca-Melendez; Malin V. Uthaug; Julian L. Griffin,2021,Frontiers in Psychiatry,journal-article,,2021-12-13,1664-0640,,Frontiers Media SA,,LSD | liquid chromatography | mass spectrometry | metabolomics | new psychoactive substances | proton nuclear magnetic resonance | psilocybin | psychedelics,Medical Research Council,MR/P011705/1 | MR/P011705/2 | MR/S010483/1,,,,,eng,,systematic_review,low,doi,systematic_review,evidence_synthesis,secondary_literature,uncertain,uncertain,0.8,False,secondary_summary,full_text_seen,text,C006,Systematic Review,,,,,,,,,,,,"Interestingly, previous research suggests that psychedelics could potentially ameliorate autoimmune diseases (AiD) (6).",Medical Research Council,,,"Projected from extraction_v1 coverage_mentions; coverage_type=discusses; relationship is discussed in secondary literature, not treated as primary evidence"
compound_disorder,psychedelics,mental disorders,mental disorders,therapeutic_indication,,mental disorders,indication,True,,secondary literature coverage,,unclear,,,,unknown,10.3390/rel15040489,,Spirituality as a Therapeutic Approach for Severe Mental Illness: Insights from Neural Networks,Henderikus Knegtering; Richard Bruggeman; Symen Kornelis Spoelstra,2024,Religions,journal-article,,2024-04-16,2077-1444,2077-1444,MDPI AG,,,,,,,,,en,,review,low,doi,review,evidence_synthesis,secondary_literature,uncertain,uncertain,0.9,False,secondary_summary,full_text_seen,text,S011,secondary_literature,,,,,,,,,,,,The treatment of mental disorders with psychedelics has regained new attention (Gattuso et al. 2023).,,,,"Projected from extraction_v1 coverage_mentions; coverage_type=discusses; relationship is discussed in secondary literature, not treated as primary evidence"
compound_disorder,psychedelic substances,end-of-life anxiety,end-of-life anxiety,therapeutic_indication,,end-of-life anxiety,indication,True,,secondary literature coverage,,unclear,,,,unknown,10.3390/rel15040489,,Spirituality as a Therapeutic Approach for Severe Mental Illness: Insights from Neural Networks,Henderikus Knegtering; Richard Bruggeman; Symen Kornelis Spoelstra,2024,Religions,journal-article,,2024-04-16,2077-1444,2077-1444,MDPI AG,,,,,,,,,en,,review,low,doi,review,evidence_synthesis,secondary_literature,uncertain,uncertain,0.9,False,secondary_summary,full_text_seen,text,S011,secondary_literature,,,,,,,,,,,,"Nowadays, psychedelic substances are increasingly studied in Western medicine, which is trying to improve mental health and well-being in psychiatric, addiction, and physical medicine, including interventions for endof-life anxiety (Geyer 2023; Moreton et al. 2023).",,,,"Projected from extraction_v1 coverage_mentions; coverage_type=discusses; relationship is discussed in secondary literature, not treated as primary evidence"
compound_disorder,classic psychedelics,addiction,addiction,therapeutic_indication,,addiction,indication,True,,secondary literature coverage,,unclear,,,,unknown,10.3390/rel15040489,,Spirituality as a Therapeutic Approach for Severe Mental Illness: Insights from Neural Networks,Henderikus Knegtering; Richard Bruggeman; Symen Kornelis Spoelstra,2024,Religions,journal-article,,2024-04-16,2077-1444,2077-1444,MDPI AG,,,,,,,,,en,,review,low,doi,review,evidence_synthesis,secondary_literature,uncertain,uncertain,0.9,False,secondary_summary,full_text_seen,text,S011,secondary_literature,,,,,,,,,,,,"In recent years, there has been growing evidence that classic psychedelics may also be effective in the treatment of addiction, leading to growing interest in their potential as pharmacological treatments in addiction (Mertens and Preller 2021; Johnson 2022; Zafar et al. 2023).",,,,"Projected from extraction_v1 coverage_mentions; coverage_type=discusses; relationship is discussed in secondary literature, not treated as primary evidence"
compound_disorder,psilocybin,major depressive disorder,major depressive disorder,therapeutic_indication,,major depressive disorder,indication,True,,secondary literature coverage,,unclear,,,,unknown,10.3390/rel15040489,,Spirituality as a Therapeutic Approach for Severe Mental Illness: Insights from Neural Networks,Henderikus Knegtering; Richard Bruggeman; Symen Kornelis Spoelstra,2024,Religions,journal-article,,2024-04-16,2077-1444,2077-1444,MDPI AG,,,,,,,,,en,,review,low,doi,review,evidence_synthesis,secondary_literature,uncertain,uncertain,0.8,False,secondary_summary,full_text_seen,text,S010,secondary_literature,,,,,,,,,,,,"Yan et al. (2019) reported reduced resting-state functional connectivity within the DMN in patients with major depressive disorder, while Carhart-Harris et al. (2017) reported an increase in functional connectivity following treatment with psilocybin. These studies suggest that disrupted functional integration of the DMN may play a role in psychiatric disorders, and effective treatments could lead to the restoration of this network.",,,,"Projected from extraction_v1 coverage_mentions; coverage_type=mentions; relationship is discussed in secondary literature, not treated as primary evidence"
compound_disorder,MDMA,posttraumatic stress disorder (PTSD),posttraumatic stress disorder (PTSD),therapeutic_indication,,posttraumatic stress disorder (PTSD),indication,True,,secondary literature coverage,,unclear,,,,unknown,10.47960/3029-3316.2024.2.1.15,,ROLE OF PSYCHEDELIC DRUGS IN MENTAL HEALTH CARE: A NARRATIVE REVIEW,Tamara Trajbarič,2024,Medicina Academica Integrativa,journal-article,,2024-12-20,3029-3316,3029-3316,Sveuciliste u Mostaru,,,,,,,,,en,,review,low,doi,review,evidence_synthesis,secondary_literature,uncertain,uncertain,0.9,False,secondary_summary,full_text_seen,table,"T001, row 'Bahji et al. (2020)'",narrative review,,,,,,,,,,,,"Bahji et al. A systematic review n = 5 randomized and Efficacy of MDMA-assisted (2020) Canada and quasirandomized clinical psychotherapy for posttraumatic meta-analysis trials using MDMA- stress disorder ↑ clinical response assisted psychotherapy for ↑ remission rates PTSD in comparison with ↓ PTSD symptoms other medications, placebo ↑ adverse events or no medication",,,,"Projected from extraction_v1 coverage_mentions; coverage_type=reviews; relationship is discussed in secondary literature, not treated as primary evidence"
compound_disorder,psychedelics,"depression, anxiety, negative mood","depression, anxiety, negative mood",therapeutic_indication,,"depression, anxiety, negative mood",indication,True,,secondary literature coverage,,unclear,,,,unknown,10.47960/3029-3316.2024.2.1.15,,ROLE OF PSYCHEDELIC DRUGS IN MENTAL HEALTH CARE: A NARRATIVE REVIEW,Tamara Trajbarič,2024,Medicina Academica Integrativa,journal-article,,2024-12-20,3029-3316,3029-3316,Sveuciliste u Mostaru,,,,,,,,,en,,review,low,doi,review,evidence_synthesis,secondary_literature,uncertain,uncertain,0.9,False,secondary_summary,full_text_seen,table,"T001, row 'Yao et al. (2024)'",narrative review,,,,,,,,,,,,Yao et al. A systematic review n = 126 articles Efficacy and safety of psychedelics ↓ depression (2024) China and for the treatment of mental disorders ↓ anxiety meta-analysis ↓negative mood,,,,"Projected from extraction_v1 coverage_mentions; coverage_type=reviews; relationship is discussed in secondary literature, not treated as primary evidence"
compound_disorder,classic psychedelics or analogs,obsessive-compulsive disorder (OCD),obsessive-compulsive disorder (OCD),therapeutic_indication,,obsessive-compulsive disorder (OCD),indication,True,,secondary literature coverage,,unclear,,,,unknown,10.47960/3029-3316.2024.2.1.15,,ROLE OF PSYCHEDELIC DRUGS IN MENTAL HEALTH CARE: A NARRATIVE REVIEW,Tamara Trajbarič,2024,Medicina Academica Integrativa,journal-article,,2024-12-20,3029-3316,3029-3316,Sveuciliste u Mostaru,,,,,,,,,en,,review,low,doi,review,evidence_synthesis,secondary_literature,uncertain,uncertain,0.9,False,secondary_summary,full_text_seen,table,"T001, row 'Graziosi, et al. (2024)'",narrative review,,,,,,,,,,,,"Graziosi, et al. A systematic review n = 23 articles (2 non- Potential therapeutic use of (2024) USA systematic reviews, 11 psychedelics in OCD and related preclinical studies disorders investigating the use of classic psychedelics or analogs in preclinical ↓ OCD symptoms ↑adverse events (LSD) models of OCD, 8 case studies or case reports, and 2 clinical trials)",,,,"Projected from extraction_v1 coverage_mentions; coverage_type=reviews; relationship is discussed in secondary literature, not treated as primary evidence"
compound_disorder,ayahuasca,"depression, anxiety","depression, anxiety",therapeutic_indication,,"depression, anxiety",indication,True,,secondary literature coverage,,unclear,,,,unknown,10.47960/3029-3316.2024.2.1.15,,ROLE OF PSYCHEDELIC DRUGS IN MENTAL HEALTH CARE: A NARRATIVE REVIEW,Tamara Trajbarič,2024,Medicina Academica Integrativa,journal-article,,2024-12-20,3029-3316,3029-3316,Sveuciliste u Mostaru,,,,,,,,,en,,review,low,doi,review,evidence_synthesis,secondary_literature,uncertain,uncertain,0.9,False,secondary_summary,full_text_seen,table,"T001, row 'Sarris et al. (2021)'",narrative review,,,,,,,,,,,,"Sarris et al. Cross-sectional study n =11,912 consumers of Ayahuasca use and reported effects (2021) ayahuasca with depression on depression and anxiety symptoms ↓ depression Australia (n = 1571) or anxiety (n = ↓ anxiety 1125) n = nubmer of sample; ↑ increase ; ↓ decrease; -no noticeable effect",,,,"Projected from extraction_v1 coverage_mentions; coverage_type=reviews; relationship is discussed in secondary literature, not treated as primary evidence"
compound_disorder,psychedelics,existential anxiety,existential anxiety,therapeutic_indication,,existential anxiety,indication,True,,secondary literature coverage,,unclear,,,,unknown,10.1146/annurev-psych-032620-031757,,Psychosocial and Integrative Oncology: Interventions Across the Disease Trajectory,Linda E. Carlson,2022,Annual Review of Psychology,journal-article,,2022-09-14,0066-4308,1545-2085,Annual Reviews,Humans | Integrative Oncology | Mindfulness | Anxiety | Neoplasms / therapy | Fatigue / psychology | Fatigue / therapy,acceptance-based therapy | anxiety | cognitive-behavioral therapy | depression | distress | integrative oncology | mind-body therapies | mindfulness | psychedelic therapy | psychosocial oncology,,,,,,,eng,,review,low,doi,review,evidence_synthesis,secondary_literature,uncertain,uncertain,0.9,False,secondary_summary,full_text_seen,text,S037,review,,,,,,,,,,,,"An exciting new area of investigation is the potential use of psychedelics (such as psilocybin, LSD, MDMA, and ketamine) to help people living with advanced cancer manage existential anxiety, loss of meaning or desire for hastened death, and distress related to end of life.",,,,"Projected from extraction_v1 coverage_mentions; coverage_type=discusses; relationship is discussed in secondary literature, not treated as primary evidence"
compound_disorder,psychedelics,loss of meaning,loss of meaning,therapeutic_indication,,loss of meaning,indication,True,,secondary literature coverage,,unclear,,,,unknown,10.1146/annurev-psych-032620-031757,,Psychosocial and Integrative Oncology: Interventions Across the Disease Trajectory,Linda E. Carlson,2022,Annual Review of Psychology,journal-article,,2022-09-14,0066-4308,1545-2085,Annual Reviews,Humans | Integrative Oncology | Mindfulness | Anxiety | Neoplasms / therapy | Fatigue / psychology | Fatigue / therapy,acceptance-based therapy | anxiety | cognitive-behavioral therapy | depression | distress | integrative oncology | mind-body therapies | mindfulness | psychedelic therapy | psychosocial oncology,,,,,,,eng,,review,low,doi,review,evidence_synthesis,secondary_literature,uncertain,uncertain,0.9,False,secondary_summary,full_text_seen,text,S037,review,,,,,,,,,,,,"An exciting new area of investigation is the potential use of psychedelics (such as psilocybin, LSD, MDMA, and ketamine) to help people living with advanced cancer manage existential anxiety, loss of meaning or desire for hastened death, and distress related to end of life.",,,,"Projected from extraction_v1 coverage_mentions; coverage_type=discusses; relationship is discussed in secondary literature, not treated as primary evidence"
compound_disorder,psychedelics,desire for hastened death,desire for hastened death,therapeutic_indication,,desire for hastened death,indication,True,,secondary literature coverage,,unclear,,,,unknown,10.1146/annurev-psych-032620-031757,,Psychosocial and Integrative Oncology: Interventions Across the Disease Trajectory,Linda E. Carlson,2022,Annual Review of Psychology,journal-article,,2022-09-14,0066-4308,1545-2085,Annual Reviews,Humans | Integrative Oncology | Mindfulness | Anxiety | Neoplasms / therapy | Fatigue / psychology | Fatigue / therapy,acceptance-based therapy | anxiety | cognitive-behavioral therapy | depression | distress | integrative oncology | mind-body therapies | mindfulness | psychedelic therapy | psychosocial oncology,,,,,,,eng,,review,low,doi,review,evidence_synthesis,secondary_literature,uncertain,uncertain,0.9,False,secondary_summary,full_text_seen,text,S037,review,,,,,,,,,,,,"An exciting new area of investigation is the potential use of psychedelics (such as psilocybin, LSD, MDMA, and ketamine) to help people living with advanced cancer manage existential anxiety, loss of meaning or desire for hastened death, and distress related to end of life.",,,,"Projected from extraction_v1 coverage_mentions; coverage_type=discusses; relationship is discussed in secondary literature, not treated as primary evidence"
compound_disorder,psychedelics,distress related to end of life,distress related to end of life,therapeutic_indication,,distress related to end of life,indication,True,,secondary literature coverage,,unclear,,,,unknown,10.1146/annurev-psych-032620-031757,,Psychosocial and Integrative Oncology: Interventions Across the Disease Trajectory,Linda E. Carlson,2022,Annual Review of Psychology,journal-article,,2022-09-14,0066-4308,1545-2085,Annual Reviews,Humans | Integrative Oncology | Mindfulness | Anxiety | Neoplasms / therapy | Fatigue / psychology | Fatigue / therapy,acceptance-based therapy | anxiety | cognitive-behavioral therapy | depression | distress | integrative oncology | mind-body therapies | mindfulness | psychedelic therapy | psychosocial oncology,,,,,,,eng,,review,low,doi,review,evidence_synthesis,secondary_literature,uncertain,uncertain,0.9,False,secondary_summary,full_text_seen,text,S037,review,,,,,,,,,,,,"An exciting new area of investigation is the potential use of psychedelics (such as psilocybin, LSD, MDMA, and ketamine) to help people living with advanced cancer manage existential anxiety, loss of meaning or desire for hastened death, and distress related to end of life.",,,,"Projected from extraction_v1 coverage_mentions; coverage_type=discusses; relationship is discussed in secondary literature, not treated as primary evidence"
compound_disorder,psilocybin,depression,depression,therapeutic_indication,,depression,indication,True,,secondary literature coverage,,unclear,,,,unknown,10.1146/annurev-psych-032620-031757,,Psychosocial and Integrative Oncology: Interventions Across the Disease Trajectory,Linda E. Carlson,2022,Annual Review of Psychology,journal-article,,2022-09-14,0066-4308,1545-2085,Annual Reviews,Humans | Integrative Oncology | Mindfulness | Anxiety | Neoplasms / therapy | Fatigue / psychology | Fatigue / therapy,acceptance-based therapy | anxiety | cognitive-behavioral therapy | depression | distress | integrative oncology | mind-body therapies | mindfulness | psychedelic therapy | psychosocial oncology,,,,,,,eng,,review,low,doi,review,evidence_synthesis,secondary_literature,uncertain,uncertain,0.9,False,secondary_summary,full_text_seen,text,S037,review,,,,,,,,,,,,"Compared to the niacin placebo, psilocybin therapy produced rapid and sustained improvements in depression, demoralization, and hopelessness.",,,,"Projected from extraction_v1 coverage_mentions; coverage_type=summarizes; relationship is discussed in secondary literature, not treated as primary evidence"
compound_disorder,psilocybin,demoralization,demoralization,therapeutic_indication,,demoralization,indication,True,,secondary literature coverage,,unclear,,,,unknown,10.1146/annurev-psych-032620-031757,,Psychosocial and Integrative Oncology: Interventions Across the Disease Trajectory,Linda E. Carlson,2022,Annual Review of Psychology,journal-article,,2022-09-14,0066-4308,1545-2085,Annual Reviews,Humans | Integrative Oncology | Mindfulness | Anxiety | Neoplasms / therapy | Fatigue / psychology | Fatigue / therapy,acceptance-based therapy | anxiety | cognitive-behavioral therapy | depression | distress | integrative oncology | mind-body therapies | mindfulness | psychedelic therapy | psychosocial oncology,,,,,,,eng,,review,low,doi,review,evidence_synthesis,secondary_literature,uncertain,uncertain,0.9,False,secondary_summary,full_text_seen,text,S037,review,,,,,,,,,,,,"Compared to the niacin placebo, psilocybin therapy produced rapid and sustained improvements in depression, demoralization, and hopelessness.",,,,"Projected from extraction_v1 coverage_mentions; coverage_type=summarizes; relationship is discussed in secondary literature, not treated as primary evidence"
compound_disorder,psilocybin,hopelessness,hopelessness,therapeutic_indication,,hopelessness,indication,True,,secondary literature coverage,,unclear,,,,unknown,10.1146/annurev-psych-032620-031757,,Psychosocial and Integrative Oncology: Interventions Across the Disease Trajectory,Linda E. Carlson,2022,Annual Review of Psychology,journal-article,,2022-09-14,0066-4308,1545-2085,Annual Reviews,Humans | Integrative Oncology | Mindfulness | Anxiety | Neoplasms / therapy | Fatigue / psychology | Fatigue / therapy,acceptance-based therapy | anxiety | cognitive-behavioral therapy | depression | distress | integrative oncology | mind-body therapies | mindfulness | psychedelic therapy | psychosocial oncology,,,,,,,eng,,review,low,doi,review,evidence_synthesis,secondary_literature,uncertain,uncertain,0.9,False,secondary_summary,full_text_seen,text,S037,review,,,,,,,,,,,,"Compared to the niacin placebo, psilocybin therapy produced rapid and sustained improvements in depression, demoralization, and hopelessness.",,,,"Projected from extraction_v1 coverage_mentions; coverage_type=summarizes; relationship is discussed in secondary literature, not treated as primary evidence"
compound_disorder,psilocybin,suicidal ideation,suicidal ideation,therapeutic_indication,,suicidal ideation,indication,True,,secondary literature coverage,,unclear,,,,unknown,10.1146/annurev-psych-032620-031757,,Psychosocial and Integrative Oncology: Interventions Across the Disease Trajectory,Linda E. Carlson,2022,Annual Review of Psychology,journal-article,,2022-09-14,0066-4308,1545-2085,Annual Reviews,Humans | Integrative Oncology | Mindfulness | Anxiety | Neoplasms / therapy | Fatigue / psychology | Fatigue / therapy,acceptance-based therapy | anxiety | cognitive-behavioral therapy | depression | distress | integrative oncology | mind-body therapies | mindfulness | psychedelic therapy | psychosocial oncology,,,,,,,eng,,review,low,doi,review,evidence_synthesis,secondary_literature,uncertain,uncertain,0.9,False,secondary_summary,full_text_seen,text,S037,review,,,,,,,,,,,,Secondary analyses of these data 4.5 years later found that psilocybin therapy was also associated with reductions in suicidal ideation that were apparent post-intervention and persisting as well as with large reductions in loss of meaning persisting up to 4.5 years (Ross et al. 2021).,,,,"Projected from extraction_v1 coverage_mentions; coverage_type=summarizes; relationship is discussed in secondary literature, not treated as primary evidence"
compound_disorder,psilocybin,loss of meaning,loss of meaning,therapeutic_indication,,loss of meaning,indication,True,,secondary literature coverage,,unclear,,,,unknown,10.1146/annurev-psych-032620-031757,,Psychosocial and Integrative Oncology: Interventions Across the Disease Trajectory,Linda E. Carlson,2022,Annual Review of Psychology,journal-article,,2022-09-14,0066-4308,1545-2085,Annual Reviews,Humans | Integrative Oncology | Mindfulness | Anxiety | Neoplasms / therapy | Fatigue / psychology | Fatigue / therapy,acceptance-based therapy | anxiety | cognitive-behavioral therapy | depression | distress | integrative oncology | mind-body therapies | mindfulness | psychedelic therapy | psychosocial oncology,,,,,,,eng,,review,low,doi,review,evidence_synthesis,secondary_literature,uncertain,uncertain,0.9,False,secondary_summary,full_text_seen,text,S037,review,,,,,,,,,,,,Secondary analyses of these data 4.5 years later found that psilocybin therapy was also associated with reductions in suicidal ideation that were apparent post-intervention and persisting as well as with large reductions in loss of meaning persisting up to 4.5 years (Ross et al. 2021).,,,,"Projected from extraction_v1 coverage_mentions; coverage_type=summarizes; relationship is discussed in secondary literature, not treated as primary evidence"
compound_disorder,psilocybin,depressed mood,depressed mood,therapeutic_indication,,depressed mood,indication,True,,secondary literature coverage,,unclear,,,,unknown,10.1146/annurev-psych-032620-031757,,Psychosocial and Integrative Oncology: Interventions Across the Disease Trajectory,Linda E. Carlson,2022,Annual Review of Psychology,journal-article,,2022-09-14,0066-4308,1545-2085,Annual Reviews,Humans | Integrative Oncology | Mindfulness | Anxiety | Neoplasms / therapy | Fatigue / psychology | Fatigue / therapy,acceptance-based therapy | anxiety | cognitive-behavioral therapy | depression | distress | integrative oncology | mind-body therapies | mindfulness | psychedelic therapy | psychosocial oncology,,,,,,,eng,,review,low,doi,review,evidence_synthesis,secondary_literature,uncertain,uncertain,0.9,False,secondary_summary,full_text_seen,text,S037,review,,,,,,,,,,,,"Only the high-dose condition resulted in large decreases in clinician-and self-rated measures of depressed mood and anxiety, along with increases in QL, meaning in life, and optimism and decreases in death anxiety, which were sustained at the 6-month follow-up.",,,,"Projected from extraction_v1 coverage_mentions; coverage_type=summarizes; relationship is discussed in secondary literature, not treated as primary evidence"
compound_disorder,psilocybin,anxiety,anxiety,therapeutic_indication,,anxiety,indication,True,,secondary literature coverage,,unclear,,,,unknown,10.1146/annurev-psych-032620-031757,,Psychosocial and Integrative Oncology: Interventions Across the Disease Trajectory,Linda E. Carlson,2022,Annual Review of Psychology,journal-article,,2022-09-14,0066-4308,1545-2085,Annual Reviews,Humans | Integrative Oncology | Mindfulness | Anxiety | Neoplasms / therapy | Fatigue / psychology | Fatigue / therapy,acceptance-based therapy | anxiety | cognitive-behavioral therapy | depression | distress | integrative oncology | mind-body therapies | mindfulness | psychedelic therapy | psychosocial oncology,,,,,,,eng,,review,low,doi,review,evidence_synthesis,secondary_literature,uncertain,uncertain,0.9,False,secondary_summary,full_text_seen,text,S037,review,,,,,,,,,,,,"Only the high-dose condition resulted in large decreases in clinician-and self-rated measures of depressed mood and anxiety, along with increases in QL, meaning in life, and optimism and decreases in death anxiety, which were sustained at the 6-month follow-up.",,,,"Projected from extraction_v1 coverage_mentions; coverage_type=summarizes; relationship is discussed in secondary literature, not treated as primary evidence"
compound_disorder,psilocybin,death anxiety,death anxiety,therapeutic_indication,,death anxiety,indication,True,,secondary literature coverage,,unclear,,,,unknown,10.1146/annurev-psych-032620-031757,,Psychosocial and Integrative Oncology: Interventions Across the Disease Trajectory,Linda E. Carlson,2022,Annual Review of Psychology,journal-article,,2022-09-14,0066-4308,1545-2085,Annual Reviews,Humans | Integrative Oncology | Mindfulness | Anxiety | Neoplasms / therapy | Fatigue / psychology | Fatigue / therapy,acceptance-based therapy | anxiety | cognitive-behavioral therapy | depression | distress | integrative oncology | mind-body therapies | mindfulness | psychedelic therapy | psychosocial oncology,,,,,,,eng,,review,low,doi,review,evidence_synthesis,secondary_literature,uncertain,uncertain,0.9,False,secondary_summary,full_text_seen,text,S037,review,,,,,,,,,,,,"Only the high-dose condition resulted in large decreases in clinician-and self-rated measures of depressed mood and anxiety, along with increases in QL, meaning in life, and optimism and decreases in death anxiety, which were sustained at the 6-month follow-up.",,,,"Projected from extraction_v1 coverage_mentions; coverage_type=summarizes; relationship is discussed in secondary literature, not treated as primary evidence"
compound_disorder,LSD,alcohol dependence,alcohol dependence,therapeutic_indication,,alcohol dependence,indication,True,,secondary literature coverage,,unclear,,,,unknown,10.3389/fnhum.2014.00020,,The entropic brain: a theory of conscious states informed by neuroimaging research with psychedelic drugs,Robin L. Carhart-Harris; Robert Leech; Peter J. Hellyer; Murray Shanahan; Amanda Feilding; Enzo Tagliazucchi; Dante R. Chialvo; David Nutt,2014,Frontiers in Human Neuroscience,journal-article,,2014-01-01,1662-5161,,Frontiers Media SA,,5-HT2A receptor | REM sleep | consciousness | criticality | default mode network | entropy | metastability | serotonin,Medical Research Council,MR/J00460X/1,10.3389/fnhum.2016.00423,CommentIn PMID:27624312 Front Hum Neurosci. 2016 Aug 30;10:423. doi: 10.3389/fnhum.2016.00423.,,,eng,,review,low,doi,review,evidence_synthesis,secondary_literature,uncertain,uncertain,0.9,False,secondary_summary,full_text_seen,text,C019,secondary_literature,,,,,,,,,,,,"Subsequent reviews and meta-analyses have suggested an impressive efficacy, especially in relation to the use of LSD in the treatment of alcohol dependence (Mangini, 1998; Dyck, 2005; Krebs and Johansen, 2012)",Medical Research Council,,,"Projected from extraction_v1 coverage_mentions; coverage_type=reviews; relationship is discussed in secondary literature, not treated as primary evidence"
compound_disorder,psilocybin,anxiety and depression,anxiety and depression,therapeutic_indication,,anxiety and depression,indication,True,,secondary literature coverage,,unclear,,,,unknown,10.3389/fnhum.2014.00020,,The entropic brain: a theory of conscious states informed by neuroimaging research with psychedelic drugs,Robin L. Carhart-Harris; Robert Leech; Peter J. Hellyer; Murray Shanahan; Amanda Feilding; Enzo Tagliazucchi; Dante R. Chialvo; David Nutt,2014,Frontiers in Human Neuroscience,journal-article,,2014-01-01,1662-5161,,Frontiers Media SA,,5-HT2A receptor | REM sleep | consciousness | criticality | default mode network | entropy | metastability | serotonin,Medical Research Council,MR/J00460X/1,10.3389/fnhum.2016.00423,CommentIn PMID:27624312 Front Hum Neurosci. 2016 Aug 30;10:423. doi: 10.3389/fnhum.2016.00423.,,,eng,,review,low,doi,review,evidence_synthesis,secondary_literature,uncertain,uncertain,0.9,False,secondary_summary,full_text_seen,text,C019,secondary_literature,,,,,,,,,,,,"a moderate single dose of psilocybin administered to patients with advanced-stage cancer significantly reduced anxiety and depression scores for months after the acute experience (Grob et al., 2011)",Medical Research Council,,,"Projected from extraction_v1 coverage_mentions; coverage_type=discusses; relationship is discussed in secondary literature, not treated as primary evidence"
compound_disorder,psilocybin,obsessive compulsive disorder (OCD),obsessive compulsive disorder (OCD),therapeutic_indication,,obsessive compulsive disorder (OCD),indication,True,,secondary literature coverage,,unclear,,,,unknown,10.3389/fnhum.2014.00020,,The entropic brain: a theory of conscious states informed by neuroimaging research with psychedelic drugs,Robin L. Carhart-Harris; Robert Leech; Peter J. Hellyer; Murray Shanahan; Amanda Feilding; Enzo Tagliazucchi; Dante R. Chialvo; David Nutt,2014,Frontiers in Human Neuroscience,journal-article,,2014-01-01,1662-5161,,Frontiers Media SA,,5-HT2A receptor | REM sleep | consciousness | criticality | default mode network | entropy | metastability | serotonin,Medical Research Council,MR/J00460X/1,10.3389/fnhum.2016.00423,CommentIn PMID:27624312 Front Hum Neurosci. 2016 Aug 30;10:423. doi: 10.3389/fnhum.2016.00423.,,,eng,,review,low,doi,review,evidence_synthesis,secondary_literature,uncertain,uncertain,0.9,False,secondary_summary,full_text_seen,text,C019,secondary_literature,,,,,,,,,,,,"In another study, symptoms of obsessive compulsive disorder (OCD) were significantly reduced after psilocybin (Moreno et al., 2006)",Medical Research Council,,,"Projected from extraction_v1 coverage_mentions; coverage_type=discusses; relationship is discussed in secondary literature, not treated as primary evidence"
compound_disorder,psilocybin,subjective well-being,subjective well-being,therapeutic_indication,,subjective well-being,indication,True,,secondary literature coverage,,unclear,,,,unknown,10.3389/fnhum.2014.00020,,The entropic brain: a theory of conscious states informed by neuroimaging research with psychedelic drugs,Robin L. Carhart-Harris; Robert Leech; Peter J. Hellyer; Murray Shanahan; Amanda Feilding; Enzo Tagliazucchi; Dante R. Chialvo; David Nutt,2014,Frontiers in Human Neuroscience,journal-article,,2014-01-01,1662-5161,,Frontiers Media SA,,5-HT2A receptor | REM sleep | consciousness | criticality | default mode network | entropy | metastability | serotonin,Medical Research Council,MR/J00460X/1,10.3389/fnhum.2016.00423,CommentIn PMID:27624312 Front Hum Neurosci. 2016 Aug 30;10:423. doi: 10.3389/fnhum.2016.00423.,,,eng,,review,low,doi,review,evidence_synthesis,secondary_literature,uncertain,uncertain,0.8,False,secondary_summary,full_text_seen,text,C019,secondary_literature,,,,,,,,,,,,"a single high dose of psilocybin produced profound existential experiences in healthy volunteers that had a lasting beneficial impact on subjective well-being (Griffiths et al., 2006 (Griffiths et al., , 2008) )",Medical Research Council,,,"Projected from extraction_v1 coverage_mentions; coverage_type=discusses; relationship is discussed in secondary literature, not treated as primary evidence"
compound_disorder,LSD,well-being,well-being,therapeutic_indication,,well-being,indication,True,,secondary literature coverage,,unclear,,,,unknown,10.3389/fnhum.2014.00020,,The entropic brain: a theory of conscious states informed by neuroimaging research with psychedelic drugs,Robin L. Carhart-Harris; Robert Leech; Peter J. Hellyer; Murray Shanahan; Amanda Feilding; Enzo Tagliazucchi; Dante R. Chialvo; David Nutt,2014,Frontiers in Human Neuroscience,journal-article,,2014-01-01,1662-5161,,Frontiers Media SA,,5-HT2A receptor | REM sleep | consciousness | criticality | default mode network | entropy | metastability | serotonin,Medical Research Council,MR/J00460X/1,10.3389/fnhum.2016.00423,CommentIn PMID:27624312 Front Hum Neurosci. 2016 Aug 30;10:423. doi: 10.3389/fnhum.2016.00423.,,,eng,,review,low,doi,review,evidence_synthesis,secondary_literature,uncertain,uncertain,0.7,False,secondary_summary,full_text_seen,text,C019,secondary_literature,,,,,,,,,,,,"we surveyed over 500 recreational drug users, and found that 67% of LSD users and 60% of psilocybin users claimed that use of these drugs had produced long-term positive effects on their sense of wellbeing (Carhart-Harris and Nutt, 2010)",Medical Research Council,,,"Projected from extraction_v1 coverage_mentions; coverage_type=discusses; relationship is discussed in secondary literature, not treated as primary evidence"
compound_disorder,psilocybin,well-being,well-being,therapeutic_indication,,well-being,indication,True,,secondary literature coverage,,unclear,,,,unknown,10.3389/fnhum.2014.00020,,The entropic brain: a theory of conscious states informed by neuroimaging research with psychedelic drugs,Robin L. Carhart-Harris; Robert Leech; Peter J. Hellyer; Murray Shanahan; Amanda Feilding; Enzo Tagliazucchi; Dante R. Chialvo; David Nutt,2014,Frontiers in Human Neuroscience,journal-article,,2014-01-01,1662-5161,,Frontiers Media SA,,5-HT2A receptor | REM sleep | consciousness | criticality | default mode network | entropy | metastability | serotonin,Medical Research Council,MR/J00460X/1,10.3389/fnhum.2016.00423,CommentIn PMID:27624312 Front Hum Neurosci. 2016 Aug 30;10:423. doi: 10.3389/fnhum.2016.00423.,,,eng,,review,low,doi,review,evidence_synthesis,secondary_literature,uncertain,uncertain,0.7,False,secondary_summary,full_text_seen,text,C019,secondary_literature,,,,,,,,,,,,"we surveyed over 500 recreational drug users, and found that 67% of LSD users and 60% of psilocybin users claimed that use of these drugs had produced long-term positive effects on their sense of wellbeing (Carhart-Harris and Nutt, 2010)",Medical Research Council,,,"Projected from extraction_v1 coverage_mentions; coverage_type=discusses; relationship is discussed in secondary literature, not treated as primary evidence"
compound_disorder,Esketamine,treatment-resistant major depression,treatment-resistant major depression,therapeutic_indication,,treatment-resistant major depression,indication,True,,secondary literature coverage,,unclear,,,,unknown,10.3389/fphar.2022.884155,,"Investigational Drugs for the Treatment of Depression (Part 2): Glutamatergic, Cholinergic, Sestrin Modulators, and Other Agents",Octavian Vasiliu,2022,Frontiers in Pharmacology,journal-article,NCT01145755 | NCT00376220 | NCT03188185 | NCT02085135 | NCT02433093 | NCT04669665 | NCT01312844 | NCT04688164 | NCT04855747 | NCT05081167 | NCT03155503 | NCT03726658 | NCT04821271 | NCT04116606 | NCT00040261 | NCT03551288 | NCT03131050 | NCT01684163 | NCT03312894 | NCT01204918 | NCT02153502 | NCT04975100 | NCT02376257 | NCT03484754 | NCT03283670 | NCT01733654 | NCT01613820 | NCT02556606 | NCT03336541 | NCT00344682 | NCT00305578 | NCT00977353 | NCT03395392 | NCT03402152 | NCT03396068 | NCT03396601 | NCT02192099 | NCT04855760 | NCT04711005 | NCT05066672 | NCT01004042 | NCT03870776 | NCT01703039 | NCT00054704 | NCT00026052 | NCT01128452 | NCT01856556 | NCT03606395 | NCT04211961 | NCT02974010 | NCT04722666 | NCT02366364 | NCT02561156 | NCT03386448 | NCT01392963,2022-06-17,1663-9812,,Frontiers Media SA,,bipolar depression | brexanolone | esketamine | glutamate | onabotulinumtoxinA | treatment-resistant depression,,,,,,,eng,,review,low,doi,review,evidence_synthesis,secondary_literature,uncertain,uncertain,1.0,False,secondary_summary,full_text_seen,abstract,Abstract,systematic review,,,,,,,,,,,,Esketamine for treatment-resistant major depression,,,,"Projected from extraction_v1 coverage_mentions; coverage_type=mentions; relationship is discussed in secondary literature, not treated as primary evidence"
compound_disorder,Ketamine,mono- or bipolar depression,mono- or bipolar depression,therapeutic_indication,,mono- or bipolar depression,indication,True,,secondary literature coverage,,unclear,,,,unknown,10.3389/fphar.2022.884155,,"Investigational Drugs for the Treatment of Depression (Part 2): Glutamatergic, Cholinergic, Sestrin Modulators, and Other Agents",Octavian Vasiliu,2022,Frontiers in Pharmacology,journal-article,NCT01145755 | NCT00376220 | NCT03188185 | NCT02085135 | NCT02433093 | NCT04669665 | NCT01312844 | NCT04688164 | NCT04855747 | NCT05081167 | NCT03155503 | NCT03726658 | NCT04821271 | NCT04116606 | NCT00040261 | NCT03551288 | NCT03131050 | NCT01684163 | NCT03312894 | NCT01204918 | NCT02153502 | NCT04975100 | NCT02376257 | NCT03484754 | NCT03283670 | NCT01733654 | NCT01613820 | NCT02556606 | NCT03336541 | NCT00344682 | NCT00305578 | NCT00977353 | NCT03395392 | NCT03402152 | NCT03396068 | NCT03396601 | NCT02192099 | NCT04855760 | NCT04711005 | NCT05066672 | NCT01004042 | NCT03870776 | NCT01703039 | NCT00054704 | NCT00026052 | NCT01128452 | NCT01856556 | NCT03606395 | NCT04211961 | NCT02974010 | NCT04722666 | NCT02366364 | NCT02561156 | NCT03386448 | NCT01392963,2022-06-17,1663-9812,,Frontiers Media SA,,bipolar depression | brexanolone | esketamine | glutamate | onabotulinumtoxinA | treatment-resistant depression,,,,,,,eng,,review,low,doi,review,evidence_synthesis,secondary_literature,uncertain,uncertain,1.0,False,secondary_summary,full_text_seen,abstract,Abstract,systematic review,,,,,,,,,,,,subanesthetic intravenous doses of ketamine... explored as therapeutic options for mono- or bipolar depression.,,,,"Projected from extraction_v1 coverage_mentions; coverage_type=mentions; relationship is discussed in secondary literature, not treated as primary evidence"
compound_disorder,Esketamine,treatment-resistant depression (TRD),treatment-resistant depression (TRD),therapeutic_indication,,treatment-resistant depression (TRD),indication,True,,secondary literature coverage,,unclear,,,,unknown,10.3389/fphar.2022.884155,,"Investigational Drugs for the Treatment of Depression (Part 2): Glutamatergic, Cholinergic, Sestrin Modulators, and Other Agents",Octavian Vasiliu,2022,Frontiers in Pharmacology,journal-article,NCT01145755 | NCT00376220 | NCT03188185 | NCT02085135 | NCT02433093 | NCT04669665 | NCT01312844 | NCT04688164 | NCT04855747 | NCT05081167 | NCT03155503 | NCT03726658 | NCT04821271 | NCT04116606 | NCT00040261 | NCT03551288 | NCT03131050 | NCT01684163 | NCT03312894 | NCT01204918 | NCT02153502 | NCT04975100 | NCT02376257 | NCT03484754 | NCT03283670 | NCT01733654 | NCT01613820 | NCT02556606 | NCT03336541 | NCT00344682 | NCT00305578 | NCT00977353 | NCT03395392 | NCT03402152 | NCT03396068 | NCT03396601 | NCT02192099 | NCT04855760 | NCT04711005 | NCT05066672 | NCT01004042 | NCT03870776 | NCT01703039 | NCT00054704 | NCT00026052 | NCT01128452 | NCT01856556 | NCT03606395 | NCT04211961 | NCT02974010 | NCT04722666 | NCT02366364 | NCT02561156 | NCT03386448 | NCT01392963,2022-06-17,1663-9812,,Frontiers Media SA,,bipolar depression | brexanolone | esketamine | glutamate | onabotulinumtoxinA | treatment-resistant depression,,,,,,,eng,,review,low,doi,review,evidence_synthesis,secondary_literature,uncertain,uncertain,1.0,False,secondary_summary,full_text_seen,text,C013,systematic review,,,,,,,,,,,,The recent FDA approval of intranasal esketamine as an adjunctive agent for TRD is an argument in favor of glutamatergic neurotransmission importance in the pathophysiology of mood disorders.,,,,"Projected from extraction_v1 coverage_mentions; coverage_type=discusses; relationship is discussed in secondary literature, not treated as primary evidence"
compound_disorder,Ketamine/Esketamine,major depressive disorder (MDD),major depressive disorder (MDD),therapeutic_indication,,major depressive disorder (MDD),indication,True,,secondary literature coverage,,unclear,,,,unknown,10.3389/fphar.2022.884155,,"Investigational Drugs for the Treatment of Depression (Part 2): Glutamatergic, Cholinergic, Sestrin Modulators, and Other Agents",Octavian Vasiliu,2022,Frontiers in Pharmacology,journal-article,NCT01145755 | NCT00376220 | NCT03188185 | NCT02085135 | NCT02433093 | NCT04669665 | NCT01312844 | NCT04688164 | NCT04855747 | NCT05081167 | NCT03155503 | NCT03726658 | NCT04821271 | NCT04116606 | NCT00040261 | NCT03551288 | NCT03131050 | NCT01684163 | NCT03312894 | NCT01204918 | NCT02153502 | NCT04975100 | NCT02376257 | NCT03484754 | NCT03283670 | NCT01733654 | NCT01613820 | NCT02556606 | NCT03336541 | NCT00344682 | NCT00305578 | NCT00977353 | NCT03395392 | NCT03402152 | NCT03396068 | NCT03396601 | NCT02192099 | NCT04855760 | NCT04711005 | NCT05066672 | NCT01004042 | NCT03870776 | NCT01703039 | NCT00054704 | NCT00026052 | NCT01128452 | NCT01856556 | NCT03606395 | NCT04211961 | NCT02974010 | NCT04722666 | NCT02366364 | NCT02561156 | NCT03386448 | NCT01392963,2022-06-17,1663-9812,,Frontiers Media SA,,bipolar depression | brexanolone | esketamine | glutamate | onabotulinumtoxinA | treatment-resistant depression,,,,,,,eng,,review,low,doi,review,evidence_synthesis,secondary_literature,uncertain,uncertain,1.0,False,secondary_summary,full_text_seen,text,C008,systematic review,,,,,,,,,,,,Ketamine/esketamine are non-competitive NMDA-glutamate receptor antagonists... The mechanisms of action underlying their positive effects on MDD are unclear...,,,,"Projected from extraction_v1 coverage_mentions; coverage_type=discusses; relationship is discussed in secondary literature, not treated as primary evidence"
compound_disorder,Ketamine,major depressive disorder (MDD),major depressive disorder (MDD),therapeutic_indication,,major depressive disorder (MDD),indication,True,,secondary literature coverage,,unclear,,,,unknown,10.3389/fphar.2022.884155,,"Investigational Drugs for the Treatment of Depression (Part 2): Glutamatergic, Cholinergic, Sestrin Modulators, and Other Agents",Octavian Vasiliu,2022,Frontiers in Pharmacology,journal-article,NCT01145755 | NCT00376220 | NCT03188185 | NCT02085135 | NCT02433093 | NCT04669665 | NCT01312844 | NCT04688164 | NCT04855747 | NCT05081167 | NCT03155503 | NCT03726658 | NCT04821271 | NCT04116606 | NCT00040261 | NCT03551288 | NCT03131050 | NCT01684163 | NCT03312894 | NCT01204918 | NCT02153502 | NCT04975100 | NCT02376257 | NCT03484754 | NCT03283670 | NCT01733654 | NCT01613820 | NCT02556606 | NCT03336541 | NCT00344682 | NCT00305578 | NCT00977353 | NCT03395392 | NCT03402152 | NCT03396068 | NCT03396601 | NCT02192099 | NCT04855760 | NCT04711005 | NCT05066672 | NCT01004042 | NCT03870776 | NCT01703039 | NCT00054704 | NCT00026052 | NCT01128452 | NCT01856556 | NCT03606395 | NCT04211961 | NCT02974010 | NCT04722666 | NCT02366364 | NCT02561156 | NCT03386448 | NCT01392963,2022-06-17,1663-9812,,Frontiers Media SA,,bipolar depression | brexanolone | esketamine | glutamate | onabotulinumtoxinA | treatment-resistant depression,,,,,,,eng,,review,low,doi,review,evidence_synthesis,secondary_literature,uncertain,uncertain,1.0,False,secondary_summary,full_text_seen,text,C008,systematic review,,,,,,,,,,,,the racemic mixture of ketamine is currently investigated for MDD,,,,"Projected from extraction_v1 coverage_mentions; coverage_type=mentions; relationship is discussed in secondary literature, not treated as primary evidence"
compound_disorder,Arketamine (PCN-101),treatment-resistant depression (TRD),treatment-resistant depression (TRD),therapeutic_indication,,treatment-resistant depression (TRD),indication,True,,secondary literature coverage,,unclear,,,,unknown,10.3389/fphar.2022.884155,,"Investigational Drugs for the Treatment of Depression (Part 2): Glutamatergic, Cholinergic, Sestrin Modulators, and Other Agents",Octavian Vasiliu,2022,Frontiers in Pharmacology,journal-article,NCT01145755 | NCT00376220 | NCT03188185 | NCT02085135 | NCT02433093 | NCT04669665 | NCT01312844 | NCT04688164 | NCT04855747 | NCT05081167 | NCT03155503 | NCT03726658 | NCT04821271 | NCT04116606 | NCT00040261 | NCT03551288 | NCT03131050 | NCT01684163 | NCT03312894 | NCT01204918 | NCT02153502 | NCT04975100 | NCT02376257 | NCT03484754 | NCT03283670 | NCT01733654 | NCT01613820 | NCT02556606 | NCT03336541 | NCT00344682 | NCT00305578 | NCT00977353 | NCT03395392 | NCT03402152 | NCT03396068 | NCT03396601 | NCT02192099 | NCT04855760 | NCT04711005 | NCT05066672 | NCT01004042 | NCT03870776 | NCT01703039 | NCT00054704 | NCT00026052 | NCT01128452 | NCT01856556 | NCT03606395 | NCT04211961 | NCT02974010 | NCT04722666 | NCT02366364 | NCT02561156 | NCT03386448 | NCT01392963,2022-06-17,1663-9812,,Frontiers Media SA,,bipolar depression | brexanolone | esketamine | glutamate | onabotulinumtoxinA | treatment-resistant depression,,,,,,,eng,,review,low,doi,review,evidence_synthesis,secondary_literature,uncertain,uncertain,1.0,False,secondary_summary,full_text_seen,text,C009,systematic review,,,,,,,,,,,,"In an open-label pilot trial, seven subjects with TRD received a single intravenous infusion of arketamine (0.5 mg/kg), and the MADRS score at 24 h after administration was defined as the primary outcome (Leal et al., 2021) . The mean MADRS score changed significantly, with 20.3 points in 24 h, and no clear dissociative symptoms were reported (Leal et al., 2021).",,,,"Projected from extraction_v1 coverage_mentions; coverage_type=discusses; relationship is discussed in secondary literature, not treated as primary evidence"
compound_disorder,Ketamine,late-life treatment-resistant depression (TRD),late-life treatment-resistant depression (TRD),therapeutic_indication,,late-life treatment-resistant depression (TRD),indication,True,,secondary literature coverage,,unclear,,,,unknown,10.3389/fphar.2022.884155,,"Investigational Drugs for the Treatment of Depression (Part 2): Glutamatergic, Cholinergic, Sestrin Modulators, and Other Agents",Octavian Vasiliu,2022,Frontiers in Pharmacology,journal-article,NCT01145755 | NCT00376220 | NCT03188185 | NCT02085135 | NCT02433093 | NCT04669665 | NCT01312844 | NCT04688164 | NCT04855747 | NCT05081167 | NCT03155503 | NCT03726658 | NCT04821271 | NCT04116606 | NCT00040261 | NCT03551288 | NCT03131050 | NCT01684163 | NCT03312894 | NCT01204918 | NCT02153502 | NCT04975100 | NCT02376257 | NCT03484754 | NCT03283670 | NCT01733654 | NCT01613820 | NCT02556606 | NCT03336541 | NCT00344682 | NCT00305578 | NCT00977353 | NCT03395392 | NCT03402152 | NCT03396068 | NCT03396601 | NCT02192099 | NCT04855760 | NCT04711005 | NCT05066672 | NCT01004042 | NCT03870776 | NCT01703039 | NCT00054704 | NCT00026052 | NCT01128452 | NCT01856556 | NCT03606395 | NCT04211961 | NCT02974010 | NCT04722666 | NCT02366364 | NCT02561156 | NCT03386448 | NCT01392963,2022-06-17,1663-9812,,Frontiers Media SA,,bipolar depression | brexanolone | esketamine | glutamate | onabotulinumtoxinA | treatment-resistant depression,,,,,,,eng,,review,low,doi,review,evidence_synthesis,secondary_literature,uncertain,uncertain,1.0,False,secondary_summary,full_text_seen,text,C008,systematic review,,,,,,,,,,,,"A randomized, phase III trial evaluated the effects of i.v. ketamine (0.1, 0.25, or 0.5 mg/kg) versus midazolam (0.03 mg/kg) in 33 military veterans with late-life TRD (NLM, NCT02556606). The rate of response (50% reduction on MADRS total score) at day 7 was 72.7% for 0.5 mg/kg ketamine i.v. versus 46.2% for midazolam (active placebo) and 87.5% versus 66.7% at day 28 (NLM, NCT02556606).",,,,"Projected from extraction_v1 coverage_mentions; coverage_type=discusses; relationship is discussed in secondary literature, not treated as primary evidence"
compound_disorder,Ketamine,prenatal depression,prenatal depression,therapeutic_indication,,prenatal depression,indication,True,,secondary literature coverage,,unclear,,,,unknown,10.3389/fphar.2022.884155,,"Investigational Drugs for the Treatment of Depression (Part 2): Glutamatergic, Cholinergic, Sestrin Modulators, and Other Agents",Octavian Vasiliu,2022,Frontiers in Pharmacology,journal-article,NCT01145755 | NCT00376220 | NCT03188185 | NCT02085135 | NCT02433093 | NCT04669665 | NCT01312844 | NCT04688164 | NCT04855747 | NCT05081167 | NCT03155503 | NCT03726658 | NCT04821271 | NCT04116606 | NCT00040261 | NCT03551288 | NCT03131050 | NCT01684163 | NCT03312894 | NCT01204918 | NCT02153502 | NCT04975100 | NCT02376257 | NCT03484754 | NCT03283670 | NCT01733654 | NCT01613820 | NCT02556606 | NCT03336541 | NCT00344682 | NCT00305578 | NCT00977353 | NCT03395392 | NCT03402152 | NCT03396068 | NCT03396601 | NCT02192099 | NCT04855760 | NCT04711005 | NCT05066672 | NCT01004042 | NCT03870776 | NCT01703039 | NCT00054704 | NCT00026052 | NCT01128452 | NCT01856556 | NCT03606395 | NCT04211961 | NCT02974010 | NCT04722666 | NCT02366364 | NCT02561156 | NCT03386448 | NCT01392963,2022-06-17,1663-9812,,Frontiers Media SA,,bipolar depression | brexanolone | esketamine | glutamate | onabotulinumtoxinA | treatment-resistant depression,,,,,,,eng,,review,low,doi,review,evidence_synthesis,secondary_literature,uncertain,uncertain,1.0,False,secondary_summary,full_text_seen,text,C008,systematic review,,,,,,,,,,,,"Another interesting study evaluated the efficacy of low-dose ketamine administered during cesarean delivery as a method to decrease the incidence of postpartum depression in parturients with prenatal depression (NLM, NCT03336541). This phase IV trial was completed, but its results are not available.",,,,"Projected from extraction_v1 coverage_mentions; coverage_type=mentions; relationship is discussed in secondary literature, not treated as primary evidence"
compound_disorder,Ketamine (SLS-002),treatment-resistant depression (TRD),treatment-resistant depression (TRD),therapeutic_indication,,treatment-resistant depression (TRD),indication,True,,secondary literature coverage,,unclear,,,,unknown,10.3389/fphar.2022.884155,,"Investigational Drugs for the Treatment of Depression (Part 2): Glutamatergic, Cholinergic, Sestrin Modulators, and Other Agents",Octavian Vasiliu,2022,Frontiers in Pharmacology,journal-article,NCT01145755 | NCT00376220 | NCT03188185 | NCT02085135 | NCT02433093 | NCT04669665 | NCT01312844 | NCT04688164 | NCT04855747 | NCT05081167 | NCT03155503 | NCT03726658 | NCT04821271 | NCT04116606 | NCT00040261 | NCT03551288 | NCT03131050 | NCT01684163 | NCT03312894 | NCT01204918 | NCT02153502 | NCT04975100 | NCT02376257 | NCT03484754 | NCT03283670 | NCT01733654 | NCT01613820 | NCT02556606 | NCT03336541 | NCT00344682 | NCT00305578 | NCT00977353 | NCT03395392 | NCT03402152 | NCT03396068 | NCT03396601 | NCT02192099 | NCT04855760 | NCT04711005 | NCT05066672 | NCT01004042 | NCT03870776 | NCT01703039 | NCT00054704 | NCT00026052 | NCT01128452 | NCT01856556 | NCT03606395 | NCT04211961 | NCT02974010 | NCT04722666 | NCT02366364 | NCT02561156 | NCT03386448 | NCT01392963,2022-06-17,1663-9812,,Frontiers Media SA,,bipolar depression | brexanolone | esketamine | glutamate | onabotulinumtoxinA | treatment-resistant depression,,,,,,,eng,,review,low,doi,review,evidence_synthesis,secondary_literature,uncertain,uncertain,1.0,False,secondary_summary,full_text_seen,text,C008,systematic review,,,,,,,,,,,,"In a randomized, double-blind, crossover study, 20 TRD participants received intranasal ketamine hydrochloride (50 mg) or saline solution and were monitored for 7 days (Lapidus et al., 2014) . Patients treated with ketamine had significant improvements in their depressive symptoms 24 h after drug administration, and the overall tolerability was good, with minimal adverse effects (Lapidus et al., 2014).",,,,"Projected from extraction_v1 coverage_mentions; coverage_type=discusses; relationship is discussed in secondary literature, not treated as primary evidence"
compound_disorder,Ketamine,bipolar depression,bipolar depression,therapeutic_indication,,bipolar depression,indication,True,,secondary literature coverage,,unclear,,,,unknown,10.3389/fphar.2022.884155,,"Investigational Drugs for the Treatment of Depression (Part 2): Glutamatergic, Cholinergic, Sestrin Modulators, and Other Agents",Octavian Vasiliu,2022,Frontiers in Pharmacology,journal-article,NCT01145755 | NCT00376220 | NCT03188185 | NCT02085135 | NCT02433093 | NCT04669665 | NCT01312844 | NCT04688164 | NCT04855747 | NCT05081167 | NCT03155503 | NCT03726658 | NCT04821271 | NCT04116606 | NCT00040261 | NCT03551288 | NCT03131050 | NCT01684163 | NCT03312894 | NCT01204918 | NCT02153502 | NCT04975100 | NCT02376257 | NCT03484754 | NCT03283670 | NCT01733654 | NCT01613820 | NCT02556606 | NCT03336541 | NCT00344682 | NCT00305578 | NCT00977353 | NCT03395392 | NCT03402152 | NCT03396068 | NCT03396601 | NCT02192099 | NCT04855760 | NCT04711005 | NCT05066672 | NCT01004042 | NCT03870776 | NCT01703039 | NCT00054704 | NCT00026052 | NCT01128452 | NCT01856556 | NCT03606395 | NCT04211961 | NCT02974010 | NCT04722666 | NCT02366364 | NCT02561156 | NCT03386448 | NCT01392963,2022-06-17,1663-9812,,Frontiers Media SA,,bipolar depression | brexanolone | esketamine | glutamate | onabotulinumtoxinA | treatment-resistant depression,,,,,,,eng,,review,low,doi,review,evidence_synthesis,secondary_literature,uncertain,uncertain,1.0,False,secondary_summary,full_text_seen,text,C006,systematic review,,,,,,,,,,,,"The results (yet unpublished in a peer-reviewed journal) support the superior efficacy of ketamine followed by NRX-101 versus ketamine followed by lurasidone, as reflected by the Bipolar Inventory of Symptoms Scale-derived MADRS (BDM) scores at day 42 (NLM, NCT02974010).",,,,"Projected from extraction_v1 coverage_mentions; coverage_type=discusses; relationship is discussed in secondary literature, not treated as primary evidence"
compound_disorder,Nitrous oxide,depressive symptoms,depressive symptoms,therapeutic_indication,,depressive symptoms,indication,True,,secondary literature coverage,,unclear,,,,unknown,10.3389/fphar.2022.884155,,"Investigational Drugs for the Treatment of Depression (Part 2): Glutamatergic, Cholinergic, Sestrin Modulators, and Other Agents",Octavian Vasiliu,2022,Frontiers in Pharmacology,journal-article,NCT01145755 | NCT00376220 | NCT03188185 | NCT02085135 | NCT02433093 | NCT04669665 | NCT01312844 | NCT04688164 | NCT04855747 | NCT05081167 | NCT03155503 | NCT03726658 | NCT04821271 | NCT04116606 | NCT00040261 | NCT03551288 | NCT03131050 | NCT01684163 | NCT03312894 | NCT01204918 | NCT02153502 | NCT04975100 | NCT02376257 | NCT03484754 | NCT03283670 | NCT01733654 | NCT01613820 | NCT02556606 | NCT03336541 | NCT00344682 | NCT00305578 | NCT00977353 | NCT03395392 | NCT03402152 | NCT03396068 | NCT03396601 | NCT02192099 | NCT04855760 | NCT04711005 | NCT05066672 | NCT01004042 | NCT03870776 | NCT01703039 | NCT00054704 | NCT00026052 | NCT01128452 | NCT01856556 | NCT03606395 | NCT04211961 | NCT02974010 | NCT04722666 | NCT02366364 | NCT02561156 | NCT03386448 | NCT01392963,2022-06-17,1663-9812,,Frontiers Media SA,,bipolar depression | brexanolone | esketamine | glutamate | onabotulinumtoxinA | treatment-resistant depression,,,,,,,eng,,review,low,doi,review,evidence_synthesis,secondary_literature,uncertain,uncertain,1.0,False,secondary_summary,full_text_seen,table,T002,systematic review,,,,,,,,,,,,"Nitrous oxide vs. placebo, cross-over DBRCT, N = 21 TRD and Depressive symptoms improved significantly at 2 and 24 h after Phase II, NCT02139540 non-TRD patients, 24 h nitrous oxide administration vs. placebo (according to HAMD-21 scores). Treatment response was observed in four patients (20%), and three patients had a full remission after nitrous oxide vs. one patient (5%) and none after placebo. No SAE occurred, and all AE were brief and of mild-to-moderate severity",,,,"Projected from extraction_v1 coverage_mentions; coverage_type=discusses; relationship is discussed in secondary literature, not treated as primary evidence"
compound_disorder,Psilocybin,depression,depression,therapeutic_indication,,depression,indication,True,,secondary literature coverage,,unclear,,,,unknown,10.2174/2666082218666220513142002,,The Efficacy of Psilocybin in the Treatment of Depression and Anxiety: A Meta-Analysis,"Andrew Troy Hodge; Suporn Sukpraprut-Braaten,; Robert C. Strayhan",2023,Current Psychiatry Research and Reviews,journal-article,,2023-03,2666-0822,2666-0830,Bentham Science Publishers Ltd.,,,,,,,,,en,,meta_analysis,low,doi,meta_analysis,evidence_synthesis,secondary_literature,uncertain,uncertain,1.0,False,secondary_summary,abstract_only,abstract,abstract,meta-analysis,,,,,,,,,,,,This study intends to perform a meta-analysis of data reported in clinical trials studying psilocybin’s effect on depression and anxiety.,,,,"Projected from extraction_v1 coverage_mentions; coverage_type=meta_analyzes; relationship is discussed in secondary literature, not treated as primary evidence"
compound_disorder,Psilocybin,anxiety,anxiety,therapeutic_indication,,anxiety,indication,True,,secondary literature coverage,,unclear,,,,unknown,10.2174/2666082218666220513142002,,The Efficacy of Psilocybin in the Treatment of Depression and Anxiety: A Meta-Analysis,"Andrew Troy Hodge; Suporn Sukpraprut-Braaten,; Robert C. Strayhan",2023,Current Psychiatry Research and Reviews,journal-article,,2023-03,2666-0822,2666-0830,Bentham Science Publishers Ltd.,,,,,,,,,en,,meta_analysis,low,doi,meta_analysis,evidence_synthesis,secondary_literature,uncertain,uncertain,1.0,False,secondary_summary,abstract_only,abstract,abstract,meta-analysis,,,,,,,,,,,,This study intends to perform a meta-analysis of data reported in clinical trials studying psilocybin’s effect on depression and anxiety.,,,,"Projected from extraction_v1 coverage_mentions; coverage_type=meta_analyzes; relationship is discussed in secondary literature, not treated as primary evidence"
compound_disorder,5-MeO-DMT,treatment-resistant depression (TRD),treatment-resistant depression (TRD),therapeutic_indication,,treatment-resistant depression (TRD),indication,True,,secondary literature coverage,,unclear,,,,unknown,10.31234/osf.io/9gbkt_v1,,"Psychedelic Therapy: A Primer for Primary Care Clinicians—5-Methoxy-N,N-Dimethyltryptamine (5-MeO-DMT)",Burton J. Tabaac; Kenneth Shinozuka; Anne Weisman; Shiven Chaudhry; Mathieu Seynaeve; Owen S. Muir,2025,,article,,2025-10-23,,,Center for Open Science,,Antidepressant | Primary care | Depression (economics) | Clinical trial | Serotonergic | Randomized controlled trial | Medicine | Psychiatry | Major depressive disorder | Depressive symptoms | Pharmacology | Psychology | Human studies | Clinical psychology | Distress,,,,,,,,,review,low,doi,review,evidence_synthesis,secondary_literature,uncertain,uncertain,0.9,False,secondary_summary,abstract_only,abstract,abstract,secondary_literature,,,,,,,,,,,,Top-line data from a recent Phase 2b trial showed that 57.5% of participants remitted from treatment-resistant depression (TRD) within eight days.,,,,"Projected from extraction_v1 coverage_mentions; coverage_type=discusses; relationship is discussed in secondary literature, not treated as primary evidence"
compound_disorder,5-MeO-DMT,depressive symptoms,depressive symptoms,therapeutic_indication,,depressive symptoms,indication,True,,secondary literature coverage,,unclear,,,,unknown,10.31234/osf.io/9gbkt_v1,,"Psychedelic Therapy: A Primer for Primary Care Clinicians—5-Methoxy-N,N-Dimethyltryptamine (5-MeO-DMT)",Burton J. Tabaac; Kenneth Shinozuka; Anne Weisman; Shiven Chaudhry; Mathieu Seynaeve; Owen S. Muir,2025,,article,,2025-10-23,,,Center for Open Science,,Antidepressant | Primary care | Depression (economics) | Clinical trial | Serotonergic | Randomized controlled trial | Medicine | Psychiatry | Major depressive disorder | Depressive symptoms | Pharmacology | Psychology | Human studies | Clinical psychology | Distress,,,,,,,,,review,low,doi,review,evidence_synthesis,secondary_literature,uncertain,uncertain,0.8,False,secondary_summary,abstract_only,abstract,abstract,secondary_literature,,,,,,,,,,,,"Other Phase 2a and 2b trials have provided further, though still preliminary, evidence that 5-MeO-DMT may reduce depressive symptoms more than existing pharmacological treatments, like SSRIs.",,,,"Projected from extraction_v1 coverage_mentions; coverage_type=discusses; relationship is discussed in secondary literature, not treated as primary evidence"
compound_disorder,5-MeO-DMT,other psychiatric conditions,other psychiatric conditions,therapeutic_indication,,other psychiatric conditions,indication,True,,secondary literature coverage,,unclear,,,,unknown,10.31234/osf.io/9gbkt_v1,,"Psychedelic Therapy: A Primer for Primary Care Clinicians—5-Methoxy-N,N-Dimethyltryptamine (5-MeO-DMT)",Burton J. Tabaac; Kenneth Shinozuka; Anne Weisman; Shiven Chaudhry; Mathieu Seynaeve; Owen S. Muir,2025,,article,,2025-10-23,,,Center for Open Science,,Antidepressant | Primary care | Depression (economics) | Clinical trial | Serotonergic | Randomized controlled trial | Medicine | Psychiatry | Major depressive disorder | Depressive symptoms | Pharmacology | Psychology | Human studies | Clinical psychology | Distress,,,,,,,,,review,low,doi,review,evidence_synthesis,secondary_literature,uncertain,uncertain,0.8,False,secondary_summary,abstract_only,abstract,abstract,secondary_literature,,,,,,,,,,,,"Emerging evidence supports 5-MeO-DMT as a promising, ultra-short-acting psychedelic for TRD and other psychiatric conditions, warranting larger RCTs.",,,,"Projected from extraction_v1 coverage_mentions; coverage_type=discusses; relationship is discussed in secondary literature, not treated as primary evidence"
compound_disorder,psychedelic-assisted therapies,anxiety,anxiety,therapeutic_indication,,anxiety,indication,True,,secondary literature coverage,,unclear,,,,unknown,10.3928/00485713-20220810-06,,Psychedelic-Assisted Therapies in Patients With Serious Illness: Opportunities and Challenges,Michael Ljuslin; Kabir Nigam; Roxanne Sholevar; Alden Doerner Rinaldi; Sivan Schipper; Alesia Cloutier; Justin Sanders; Franklin King; Yvan Beaussant,2022,Psychiatric Annals,journal-article,,2022-09,0048-5713,1938-2456,"SLACK, Inc.",,,,,,,,,en,,review,low,doi,review,evidence_synthesis,secondary_literature,uncertain,uncertain,1.0,False,secondary_summary,abstract_only,abstract,abstract,secondary_literature,,,,,,,,,,,,"A growing body of evidence suggests the safety and efficacy of psychedelic-assisted therapies (PATs) to improve these outcomes. Yet anxiety, depression, adjustment disorder, and existential distress often prove resistant to existing medical or behavioral interventions.",,,,"Projected from extraction_v1 coverage_mentions; coverage_type=reviews; relationship is discussed in secondary literature, not treated as primary evidence"
compound_disorder,psychedelic-assisted therapies,depression,depression,therapeutic_indication,,depression,indication,True,,secondary literature coverage,,unclear,,,,unknown,10.3928/00485713-20220810-06,,Psychedelic-Assisted Therapies in Patients With Serious Illness: Opportunities and Challenges,Michael Ljuslin; Kabir Nigam; Roxanne Sholevar; Alden Doerner Rinaldi; Sivan Schipper; Alesia Cloutier; Justin Sanders; Franklin King; Yvan Beaussant,2022,Psychiatric Annals,journal-article,,2022-09,0048-5713,1938-2456,"SLACK, Inc.",,,,,,,,,en,,review,low,doi,review,evidence_synthesis,secondary_literature,uncertain,uncertain,1.0,False,secondary_summary,abstract_only,abstract,abstract,secondary_literature,,,,,,,,,,,,"A growing body of evidence suggests the safety and efficacy of psychedelic-assisted therapies (PATs) to improve these outcomes. Yet anxiety, depression, adjustment disorder, and existential distress often prove resistant to existing medical or behavioral interventions.",,,,"Projected from extraction_v1 coverage_mentions; coverage_type=reviews; relationship is discussed in secondary literature, not treated as primary evidence"
compound_disorder,psychedelic-assisted therapies,adjustment disorder,adjustment disorder,therapeutic_indication,,adjustment disorder,indication,True,,secondary literature coverage,,unclear,,,,unknown,10.3928/00485713-20220810-06,,Psychedelic-Assisted Therapies in Patients With Serious Illness: Opportunities and Challenges,Michael Ljuslin; Kabir Nigam; Roxanne Sholevar; Alden Doerner Rinaldi; Sivan Schipper; Alesia Cloutier; Justin Sanders; Franklin King; Yvan Beaussant,2022,Psychiatric Annals,journal-article,,2022-09,0048-5713,1938-2456,"SLACK, Inc.",,,,,,,,,en,,review,low,doi,review,evidence_synthesis,secondary_literature,uncertain,uncertain,1.0,False,secondary_summary,abstract_only,abstract,abstract,secondary_literature,,,,,,,,,,,,"A growing body of evidence suggests the safety and efficacy of psychedelic-assisted therapies (PATs) to improve these outcomes. Yet anxiety, depression, adjustment disorder, and existential distress often prove resistant to existing medical or behavioral interventions.",,,,"Projected from extraction_v1 coverage_mentions; coverage_type=reviews; relationship is discussed in secondary literature, not treated as primary evidence"
compound_disorder,psychedelic-assisted therapies,existential distress,existential distress,therapeutic_indication,,existential distress,indication,True,,secondary literature coverage,,unclear,,,,unknown,10.3928/00485713-20220810-06,,Psychedelic-Assisted Therapies in Patients With Serious Illness: Opportunities and Challenges,Michael Ljuslin; Kabir Nigam; Roxanne Sholevar; Alden Doerner Rinaldi; Sivan Schipper; Alesia Cloutier; Justin Sanders; Franklin King; Yvan Beaussant,2022,Psychiatric Annals,journal-article,,2022-09,0048-5713,1938-2456,"SLACK, Inc.",,,,,,,,,en,,review,low,doi,review,evidence_synthesis,secondary_literature,uncertain,uncertain,1.0,False,secondary_summary,abstract_only,abstract,abstract,secondary_literature,,,,,,,,,,,,"A growing body of evidence suggests the safety and efficacy of psychedelic-assisted therapies (PATs) to improve these outcomes. Yet anxiety, depression, adjustment disorder, and existential distress often prove resistant to existing medical or behavioral interventions.",,,,"Projected from extraction_v1 coverage_mentions; coverage_type=reviews; relationship is discussed in secondary literature, not treated as primary evidence"
compound_disorder,ketamine,suicidal ideation,suicidal ideation,therapeutic_indication,,suicidal ideation,indication,True,,secondary literature coverage,,unclear,,,,unknown,10.64239/pi-qt0101,,Ketamine for Suicidal Ideation: Results From A Recent Meta-Analysis,Unknown authors,2019,,CaseReport,,2019-01-31,,,Psychopharmacology Institute,,Medicine | s2-fos-model | Psychology,,,10.64239/PI-QT01,is-part-of doi:10.64239/PI-QT01 asserted-by:subject,,,,9de4a6cac7b22b93b7ef7cd7f83b25495989d11b,meta_analysis,low,doi,meta_analysis,evidence_synthesis,secondary_literature,uncertain,uncertain,1.0,False,secondary_summary,abstract_only,abstract,abstract,meta-analysis of randomized trials,,,,,,,,,,,,"In this meta-analysis of 10 randomized trials, ketamine was associated with rapid reduction of suicidal ideation, sometimes even without similar reductions in depression. The effect persisted for 7 days.",,,,"Projected from extraction_v1 coverage_mentions; coverage_type=meta_analyzes; relationship is discussed in secondary literature, not treated as primary evidence"
compound_disorder,psychedelic phenethylamines,psychopathological consequences,psychopathological consequences,therapeutic_indication,,psychopathological consequences,indication,True,,secondary literature coverage,,unclear,,,,unknown,10.1002/wps.20174,,Novel psychoactive substances of interest for psychiatry,Fabrizio Schifano; Laura Orsolini; G. Duccio Papanti; John M. Corkery,2015,World Psychiatry,journal-article,,2015-02-01,1723-8617,2051-5545,Wiley,,Novel psychoactive substances | cathinones | dual diagnosis | legal highs | phencyclidine-like drugs | psychedelic phenethylamines | research chemicals | smart drugs | substance abuse | synthetic cannabimimetics | tryptamines,,,,,,,eng,,review,low,doi,review,evidence_synthesis,secondary_literature,uncertain,uncertain,0.8,False,secondary_summary,abstract_only,abstract,abstract,secondary_literature,,,,,,,,,,,,"Novel psychoactive substances include synthetic cannabinoids, cathinone derivatives, psychedelic phenethylamines, novel stimulants, synthetic opioids, tryptamine derivatives, phencyclidine-like dissociatives, piperazines, GABA-A/B receptor agonists, a range of prescribed medications, psychoactive plants/herbs, and a large series of performance and image enhancing drugs. Users are typically attracted by these substances due to their intense psychoactive effects and likely lack of detection in routine drug screenings. This paper aims at providing psychiatrists with updated knowledge of the clinical pharmacology and psychopathological consequences of the use of these substances.",,,,"Projected from extraction_v1 coverage_mentions; coverage_type=discusses; relationship is discussed in secondary literature, not treated as primary evidence"
compound_disorder,tryptamine derivatives,psychopathological consequences,psychopathological consequences,therapeutic_indication,,psychopathological consequences,indication,True,,secondary literature coverage,,unclear,,,,unknown,10.1002/wps.20174,,Novel psychoactive substances of interest for psychiatry,Fabrizio Schifano; Laura Orsolini; G. Duccio Papanti; John M. Corkery,2015,World Psychiatry,journal-article,,2015-02-01,1723-8617,2051-5545,Wiley,,Novel psychoactive substances | cathinones | dual diagnosis | legal highs | phencyclidine-like drugs | psychedelic phenethylamines | research chemicals | smart drugs | substance abuse | synthetic cannabimimetics | tryptamines,,,,,,,eng,,review,low,doi,review,evidence_synthesis,secondary_literature,uncertain,uncertain,0.8,False,secondary_summary,abstract_only,abstract,abstract,secondary_literature,,,,,,,,,,,,"Novel psychoactive substances include synthetic cannabinoids, cathinone derivatives, psychedelic phenethylamines, novel stimulants, synthetic opioids, tryptamine derivatives, phencyclidine-like dissociatives, piperazines, GABA-A/B receptor agonists, a range of prescribed medications, psychoactive plants/herbs, and a large series of performance and image enhancing drugs. Users are typically attracted by these substances due to their intense psychoactive effects and likely lack of detection in routine drug screenings. This paper aims at providing psychiatrists with updated knowledge of the clinical pharmacology and psychopathological consequences of the use of these substances.",,,,"Projected from extraction_v1 coverage_mentions; coverage_type=discusses; relationship is discussed in secondary literature, not treated as primary evidence"
compound_disorder,phencyclidine-like dissociatives,psychopathological consequences,psychopathological consequences,therapeutic_indication,,psychopathological consequences,indication,True,,secondary literature coverage,,unclear,,,,unknown,10.1002/wps.20174,,Novel psychoactive substances of interest for psychiatry,Fabrizio Schifano; Laura Orsolini; G. Duccio Papanti; John M. Corkery,2015,World Psychiatry,journal-article,,2015-02-01,1723-8617,2051-5545,Wiley,,Novel psychoactive substances | cathinones | dual diagnosis | legal highs | phencyclidine-like drugs | psychedelic phenethylamines | research chemicals | smart drugs | substance abuse | synthetic cannabimimetics | tryptamines,,,,,,,eng,,review,low,doi,review,evidence_synthesis,secondary_literature,uncertain,uncertain,0.8,False,secondary_summary,abstract_only,abstract,abstract,secondary_literature,,,,,,,,,,,,"Novel psychoactive substances include synthetic cannabinoids, cathinone derivatives, psychedelic phenethylamines, novel stimulants, synthetic opioids, tryptamine derivatives, phencyclidine-like dissociatives, piperazines, GABA-A/B receptor agonists, a range of prescribed medications, psychoactive plants/herbs, and a large series of performance and image enhancing drugs. Users are typically attracted by these substances due to their intense psychoactive effects and likely lack of detection in routine drug screenings. This paper aims at providing psychiatrists with updated knowledge of the clinical pharmacology and psychopathological consequences of the use of these substances.",,,,"Projected from extraction_v1 coverage_mentions; coverage_type=discusses; relationship is discussed in secondary literature, not treated as primary evidence"
compound_disorder,ketamine,Treatment-resistant depression,Treatment-resistant depression,therapeutic_indication,,Treatment-resistant depression,indication,True,,secondary literature coverage,,unclear,,,,unknown,10.1007/978-981-95-6872-7_5,,Rethinking the Treatment-Resistant Depression,Yunfei Tan; Kenji Hashimoto,2026,Advances in experimental medicine and biology,book-chapter,,2026-01-01,0065-2598,2214-8019,Springer Nature Singapore,"Humans | Depressive Disorder, Treatment-Resistant / diagnosis | Depressive Disorder, Treatment-Resistant / drug therapy | Depressive Disorder, Treatment-Resistant / psychology | Depressive Disorder, Treatment-Resistant / physiopathology | Antidepressive Agents / therapeutic use | Biomarkers / metabolism | Diagnosis, Differential | Major Depressive Disorder / drug therapy | Major Depressive Disorder / diagnosis | Major Depressive Disorder / psychology",Biomarkers | Individualized treatment | Inflammation | Ketamine | Neural regulation | Refractory depression,,,,,,,eng,,review,low,doi,review,evidence_synthesis,secondary_literature,uncertain,uncertain,0.8,False,secondary_summary,abstract_only,abstract,abstract,secondary_literature,,,,,,,,,,,,"Biomarker-driven categories (e.g., high-inflammation profiles, connectivity patterns) and developmental/response-based subgroups (e.g., early-onset, ketamine-responsive) guide personalized care.",,,,"Projected from extraction_v1 coverage_mentions; coverage_type=discusses; relationship is discussed in secondary literature, not treated as primary evidence"
compound_disorder,ketamine,prepulse inhibition (PPI),prepulse inhibition (PPI),therapeutic_indication,,prepulse inhibition (PPI),indication,True,,secondary literature coverage,,unclear,,,,unknown,10.1007/s002130100810,,"Human studies of prepulse inhibition of startle: normal subjects, patient groups, and pharmacological studies",David L. Braff; Mark A. Geyer; Neal R. Swerdlow,2001,Psychopharmacology,journal-article,,2001-06-22,0033-3158,1432-2072,Springer Science and Business Media LLC,"Humans | Mental Disorders / physiopathology | Mental Disorders / psychology | Psychotropic Drugs / pharmacology | Reflex, Startle / drug effects | Reflex, Startle / physiology | Schizophrenic Psychology",,NIMH NIH HHS,MH42228,,,,,eng,,review,low,doi,review,evidence_synthesis,secondary_literature,uncertain,uncertain,0.9,False,secondary_summary,abstract_only,abstract,abstract,secondary_literature,,,,,,,,,,,,"For example, the PPI-increasing effects of the glutamate antagonist ketamine and the serotonin releaser MDMA in humans are opposite to the PPI-disruptive effects of these compounds in rodents.",NIMH NIH HHS,,,"Projected from extraction_v1 coverage_mentions; coverage_type=discusses; relationship is discussed in secondary literature, not treated as primary evidence"
compound_disorder,MDMA,prepulse inhibition (PPI),prepulse inhibition (PPI),therapeutic_indication,,prepulse inhibition (PPI),indication,True,,secondary literature coverage,,unclear,,,,unknown,10.1007/s002130100810,,"Human studies of prepulse inhibition of startle: normal subjects, patient groups, and pharmacological studies",David L. Braff; Mark A. Geyer; Neal R. Swerdlow,2001,Psychopharmacology,journal-article,,2001-06-22,0033-3158,1432-2072,Springer Science and Business Media LLC,"Humans | Mental Disorders / physiopathology | Mental Disorders / psychology | Psychotropic Drugs / pharmacology | Reflex, Startle / drug effects | Reflex, Startle / physiology | Schizophrenic Psychology",,NIMH NIH HHS,MH42228,,,,,eng,,review,low,doi,review,evidence_synthesis,secondary_literature,uncertain,uncertain,0.9,False,secondary_summary,abstract_only,abstract,abstract,secondary_literature,,,,,,,,,,,,"For example, the PPI-increasing effects of the glutamate antagonist ketamine and the serotonin releaser MDMA in humans are opposite to the PPI-disruptive effects of these compounds in rodents.",NIMH NIH HHS,,,"Projected from extraction_v1 coverage_mentions; coverage_type=discusses; relationship is discussed in secondary literature, not treated as primary evidence"
compound_disorder,ketamine,headache,headache,therapeutic_indication,,headache,indication,True,,secondary literature coverage,,unclear,,,,unknown,10.1007/s11910-020-01030-w,,Emergency Department and Inpatient Management of Headache in Adults,Jennifer Robblee; Kate W. Grimsrud,2020,Current Neurology and Neuroscience Reports,journal-article,,2020-03-18,1528-4042,1534-6293,Springer Science and Business Media LLC,"Adult | Anti-Inflammatory Agents, Non-Steroidal / therapeutic use | Behavior Therapy / methods | Disease Management | Emergency Service, Hospital | Headache / diagnosis | Headache / drug therapy | Headache / psychology | Humans | Inpatients / psychology | Migraine Disorders / diagnosis | Migraine Disorders / drug therapy",Emergency | Headache | Inpatient | Migraine | Red flags | Status migrainosus,,,,,,,eng,,review,low,doi,review,evidence_synthesis,secondary_literature,uncertain,uncertain,1.0,False,secondary_summary,abstract_only,abstract,abstract,secondary_literature,,,,,,,,,,,,"Other therapies (e.g., ketamine and lidocaine) are used with limited or inconsistent evidence.",,,,"Projected from extraction_v1 coverage_mentions; coverage_type=discusses; relationship is discussed in secondary literature, not treated as primary evidence"
compound_disorder,ketamine,Obsessive-Compulsive Disorder,Obsessive-Compulsive Disorder,therapeutic_indication,,Obsessive-Compulsive Disorder,indication,True,,secondary literature coverage,,unclear,,,,unknown,10.1007/s40272-024-00639-5,,Pediatric Treatment-Resistant Obsessive Compulsive Disorder: Treatment Options and Challenges,Sana Younus; Lauren Havel; Jordan T. Stiede; Catherine E. Rast; Kirti Saxena; Wayne K. Goodman; Eric A. Storch,2024,Pediatric Drugs,journal-article,ISRCTN83050762,2024-06-14,1174-5878,1179-2019,Springer Science and Business Media LLC,Humans | Obsessive-Compulsive Disorder / drug therapy | Child | Antipsychotic Agents / therapeutic use | Adolescent | Antidepressive Agents / therapeutic use,,Eunice Kennedy Shriver National Institute of Child Health and Human Development,P50HD103555,,,,,eng,,review,low,doi,review,evidence_synthesis,secondary_literature,uncertain,uncertain,0.8,False,secondary_summary,abstract_only,abstract,abstract,secondary_literature,,,,,,,,,,,,"Several pharmacological approaches (clomipramine, antipsychotics [e.g., aripiprazole, risperidone], riluzole, ketamine, D-cycloserine, memantine, topiramate, N-acetylcysteine, ondansetron), largely based on supporting data among adults, have received varying levels of investigation and support.",Eunice Kennedy Shriver National Institute of Child Health and Human Development,,,"Projected from extraction_v1 coverage_mentions; coverage_type=reviews; relationship is discussed in secondary literature, not treated as primary evidence"
compound_disorder,Psychedelics,neuropsychiatric disorders,neuropsychiatric disorders,therapeutic_indication,,neuropsychiatric disorders,indication,True,,secondary literature coverage,,unclear,,,,unknown,10.1038/s41380-023-02274-x,,Mechanisms and molecular targets surrounding the potential therapeutic effects of psychedelics,Alaina M. Jaster; Javier González-Maeso,2023,Molecular Psychiatry,journal-article,,2023-09-01,1359-4184,1476-5578,Springer Science and Business Media LLC,Humans | Hallucinogens / pharmacology | Hallucinogens / therapeutic use | Substance-Related Disorders / drug therapy | Anxiety / drug therapy | Research Design | Serotonin / therapeutic use,,NIDA NIH HHS | NIMH NIH HHS,F31 DA057818 | P30 DA033934 | R01 MH084894,,,,,eng,,review,low,doi,review,evidence_synthesis,secondary_literature,uncertain,uncertain,0.9,False,secondary_summary,abstract_only,abstract,abstract,review,,,,,,,,,,,,potential therapeutic effects of psychedelics in the treatment of neuropsychiatric and substance use disorders,,,,"Projected from extraction_v1 coverage_mentions; coverage_type=discusses; relationship is discussed in secondary literature, not treated as primary evidence"
compound_disorder,Psychedelics,substance use disorders,substance use disorders,therapeutic_indication,,substance use disorders,indication,True,,secondary literature coverage,,unclear,,,,unknown,10.1038/s41380-023-02274-x,,Mechanisms and molecular targets surrounding the potential therapeutic effects of psychedelics,Alaina M. Jaster; Javier González-Maeso,2023,Molecular Psychiatry,journal-article,,2023-09-01,1359-4184,1476-5578,Springer Science and Business Media LLC,Humans | Hallucinogens / pharmacology | Hallucinogens / therapeutic use | Substance-Related Disorders / drug therapy | Anxiety / drug therapy | Research Design | Serotonin / therapeutic use,,NIDA NIH HHS | NIMH NIH HHS,F31 DA057818 | P30 DA033934 | R01 MH084894,,,,,eng,,review,low,doi,review,evidence_synthesis,secondary_literature,uncertain,uncertain,0.9,False,secondary_summary,abstract_only,abstract,abstract,review,,,,,,,,,,,,potential therapeutic effects of psychedelics in the treatment of neuropsychiatric and substance use disorders,,,,"Projected from extraction_v1 coverage_mentions; coverage_type=discusses; relationship is discussed in secondary literature, not treated as primary evidence"
compound_disorder,Psychedelics,depression,depression,therapeutic_indication,,depression,indication,True,,secondary literature coverage,,unclear,,,,unknown,10.1038/s41380-023-02274-x,,Mechanisms and molecular targets surrounding the potential therapeutic effects of psychedelics,Alaina M. Jaster; Javier González-Maeso,2023,Molecular Psychiatry,journal-article,,2023-09-01,1359-4184,1476-5578,Springer Science and Business Media LLC,Humans | Hallucinogens / pharmacology | Hallucinogens / therapeutic use | Substance-Related Disorders / drug therapy | Anxiety / drug therapy | Research Design | Serotonin / therapeutic use,,NIDA NIH HHS | NIMH NIH HHS,F31 DA057818 | P30 DA033934 | R01 MH084894,,,,,eng,,review,low,doi,review,evidence_synthesis,secondary_literature,uncertain,uncertain,0.9,False,secondary_summary,abstract_only,abstract,abstract,review,,,,,,,,,,,,alleviate symptoms of depression and anxiety,,,,"Projected from extraction_v1 coverage_mentions; coverage_type=discusses; relationship is discussed in secondary literature, not treated as primary evidence"
compound_disorder,Psychedelics,anxiety,anxiety,therapeutic_indication,,anxiety,indication,True,,secondary literature coverage,,unclear,,,,unknown,10.1038/s41380-023-02274-x,,Mechanisms and molecular targets surrounding the potential therapeutic effects of psychedelics,Alaina M. Jaster; Javier González-Maeso,2023,Molecular Psychiatry,journal-article,,2023-09-01,1359-4184,1476-5578,Springer Science and Business Media LLC,Humans | Hallucinogens / pharmacology | Hallucinogens / therapeutic use | Substance-Related Disorders / drug therapy | Anxiety / drug therapy | Research Design | Serotonin / therapeutic use,,NIDA NIH HHS | NIMH NIH HHS,F31 DA057818 | P30 DA033934 | R01 MH084894,,,,,eng,,review,low,doi,review,evidence_synthesis,secondary_literature,uncertain,uncertain,0.9,False,secondary_summary,abstract_only,abstract,abstract,review,,,,,,,,,,,,alleviate symptoms of depression and anxiety,,,,"Projected from extraction_v1 coverage_mentions; coverage_type=discusses; relationship is discussed in secondary literature, not treated as primary evidence"
compound_disorder,Psychedelics,nicotine use disorder,nicotine use disorder,therapeutic_indication,,nicotine use disorder,indication,True,,secondary literature coverage,,unclear,,,,unknown,10.1038/s41380-023-02274-x,,Mechanisms and molecular targets surrounding the potential therapeutic effects of psychedelics,Alaina M. Jaster; Javier González-Maeso,2023,Molecular Psychiatry,journal-article,,2023-09-01,1359-4184,1476-5578,Springer Science and Business Media LLC,Humans | Hallucinogens / pharmacology | Hallucinogens / therapeutic use | Substance-Related Disorders / drug therapy | Anxiety / drug therapy | Research Design | Serotonin / therapeutic use,,NIDA NIH HHS | NIMH NIH HHS,F31 DA057818 | P30 DA033934 | R01 MH084894,,,,,eng,,review,low,doi,review,evidence_synthesis,secondary_literature,uncertain,uncertain,0.8,False,secondary_summary,abstract_only,abstract,abstract,review,,,,,,,,,,,,promote substantial decreases in the use of nicotine and alcohol,,,,"Projected from extraction_v1 coverage_mentions; coverage_type=discusses; relationship is discussed in secondary literature, not treated as primary evidence"
compound_disorder,Psychedelics,alcohol use disorder,alcohol use disorder,therapeutic_indication,,alcohol use disorder,indication,True,,secondary literature coverage,,unclear,,,,unknown,10.1038/s41380-023-02274-x,,Mechanisms and molecular targets surrounding the potential therapeutic effects of psychedelics,Alaina M. Jaster; Javier González-Maeso,2023,Molecular Psychiatry,journal-article,,2023-09-01,1359-4184,1476-5578,Springer Science and Business Media LLC,Humans | Hallucinogens / pharmacology | Hallucinogens / therapeutic use | Substance-Related Disorders / drug therapy | Anxiety / drug therapy | Research Design | Serotonin / therapeutic use,,NIDA NIH HHS | NIMH NIH HHS,F31 DA057818 | P30 DA033934 | R01 MH084894,,,,,eng,,review,low,doi,review,evidence_synthesis,secondary_literature,uncertain,uncertain,0.8,False,secondary_summary,abstract_only,abstract,abstract,review,,,,,,,,,,,,promote substantial decreases in the use of nicotine and alcohol,,,,"Projected from extraction_v1 coverage_mentions; coverage_type=discusses; relationship is discussed in secondary literature, not treated as primary evidence"
compound_disorder,Ketamine,chronic pain,chronic pain,therapeutic_indication,,chronic pain,indication,True,,secondary literature coverage,,unclear,,,,unknown,10.1080/00325481.2021.1935281,,The expanding role of chronic pain interventions in multimodal perioperative pain management: a narrative review,Ying Ye; Rodney A. Gabriel; Edward R. Mariano,2021,Postgraduate Medicine,journal-article,,2021-05-25,0032-5481,1941-9260,Informa UK Limited,"Analgesia / methods | Analgesics, Opioid / therapeutic use | Chronic Pain / drug therapy | Humans | Nerve Block | Pain Management / methods | Postoperative Pain / drug therapy",Chronic pain | acute pain | integrative medicine | interventional pain | multimodal analgesia | perioperative | transitional pain,,,,,,,eng,,review,low,doi,review,evidence_synthesis,secondary_literature,uncertain,uncertain,1.0,False,secondary_summary,abstract_only,abstract,abstract,narrative review,,,,,,,,,,,,"Pharmacological agents associated with chronic pain medicine, including gabapentinoids, ketamine, and selective serotonin reuptake inhibitors, may be useful adjuncts in perioperative pain management when indicated.",,,,"Projected from extraction_v1 coverage_mentions; coverage_type=discusses; relationship is discussed in secondary literature, not treated as primary evidence"
compound_disorder,LSD,psychiatric and psychological treatment,psychiatric and psychological treatment,therapeutic_indication,,psychiatric and psychological treatment,indication,True,,secondary literature coverage,,unclear,,,,unknown,10.1080/02791072.1985.10524331,,LSD and Psychotherapy,Richard Yensen,1985,Journal of Psychoactive Drugs,journal-article,,1985-10-01,0279-1072,2159-9777,Informa UK Limited,"Alcoholism / therapy | Double-Blind Method | Drug and Narcotic Control / legislation & jurisprudence | History, 20th Century | Humans | Lysergic Acid Diethylamide / history | Lysergic Acid Diethylamide / therapeutic use | Mental Disorders / therapy | Psychotherapy / methods | Psychotherapy, Group / methods | Research | Research Design | Switzerland | United States",,,,,,,,eng,,review,low,doi,review,evidence_synthesis,secondary_literature,uncertain,uncertain,0.9,False,secondary_summary,abstract_only,abstract,abstract,secondary_literature,,,,,,,,,,,,The continuing crisis in psychiatric and psychological treatment demands that the most powerful of the psychoactive drugs cannot simply be shelved and forgotten.,,,,"Projected from extraction_v1 coverage_mentions; coverage_type=discusses; relationship is discussed in secondary literature, not treated as primary evidence"
compound_disorder,LSD,Mental Disorders,Mental Disorders,therapeutic_indication,,Mental Disorders,indication,True,,secondary literature coverage,,unclear,,,,unknown,10.1080/02791072.1985.10524331,,LSD and Psychotherapy,Richard Yensen,1985,Journal of Psychoactive Drugs,journal-article,,1985-10-01,0279-1072,2159-9777,Informa UK Limited,"Alcoholism / therapy | Double-Blind Method | Drug and Narcotic Control / legislation & jurisprudence | History, 20th Century | Humans | Lysergic Acid Diethylamide / history | Lysergic Acid Diethylamide / therapeutic use | Mental Disorders / therapy | Psychotherapy / methods | Psychotherapy, Group / methods | Research | Research Design | Switzerland | United States",,,,,,,,eng,,review,low,doi,review,evidence_synthesis,secondary_literature,uncertain,uncertain,0.8,False,secondary_summary,abstract_only,abstract,abstract,secondary_literature,,,,,,,,,,,,The need is too strong to advance knowledge of the role and function of the human mind in health and disease. LSD and similar drugs hold a tremendous promise for humankind if only ways can be found to further understanding of how to use them responsibly and appropriately.,,,,"Projected from extraction_v1 coverage_mentions; coverage_type=discusses; relationship is discussed in secondary literature, not treated as primary evidence"
compound_disorder,classic psychedelic drugs,clinical indications,clinical indications,therapeutic_indication,,clinical indications,indication,True,,secondary literature coverage,,unclear,,,,unknown,10.1080/02791072.2019.1593559,,Psychedelic-Assisted Group Therapy: A Systematic Review,Alexander Trope; Brian T. Anderson; Andrew R. Hooker; Giancarlo Glick; Christopher Stauffer; Joshua D. Woolley,2019,Journal of Psychoactive Drugs,journal-article,,2019-03-15,0279-1072,2159-9777,Informa UK Limited,"Hallucinogens / administration & dosage | Humans | Lysergic Acid Diethylamide / administration & dosage | Psilocybin / administration & dosage | Psychotherapy / methods | Psychotherapy, Group / methods",LSD | Psychedelic | group therapy | hallucinogen | psilocybin | psychotherapy,CSRD VA | NIMH NIH HHS,IK2 CX001495 | R25 MH060482,,,,,eng,,systematic_review,low,doi,systematic_review,evidence_synthesis,secondary_literature,uncertain,uncertain,0.9,False,secondary_summary,abstract_only,abstract,abstract,systematic review,,,,,,,,,,,,"In therapeutic settings, psychedelics were often used to enhance group therapy for a variety of populations and clinical indications.",CSRD VA | NIMH NIH HHS,,,"Projected from extraction_v1 coverage_mentions; coverage_type=reviews; relationship is discussed in secondary literature, not treated as primary evidence"
compound_disorder,Psilocybin,hallucinogenic drug abuse,hallucinogenic drug abuse,therapeutic_indication,,hallucinogenic drug abuse,indication,True,,secondary literature coverage,,unclear,,,,unknown,10.1080/1355621021000005937,,The pharmacology of psilocybin,Torsten Passie; Juergen Seifert; Udo Schneider; Hinderk M. Emrich,2002,Addiction Biology,journal-article,,2002-10-01,1355-6215,1369-1600,Wiley,"Agaricales / chemistry | Animals | Brain / metabolism | Controlled Clinical Trials as Topic | Hallucinogens / adverse effects | Hallucinogens / analysis | Hallucinogens / pharmacokinetics | Humans | Mice | Psilocybin / adverse effects | Psilocybin / analysis | Psilocybin / pharmacokinetics | Receptors, Presynaptic / metabolism | Serotonin / metabolism | Somatoform Disorders / chemically induced | Somatoform Disorders / classification | Substance-Related Disorders",,,,,,,,eng,,review,low,doi,review,evidence_synthesis,secondary_literature,uncertain,uncertain,0.9,False,secondary_summary,abstract_only,abstract,abstract,secondary_literature,,,,,,,,,,,,These mushrooms represent a growing problem regarding hallucinogenic drug abuse.,,,,"Projected from extraction_v1 coverage_mentions; coverage_type=discusses; relationship is discussed in secondary literature, not treated as primary evidence"
compound_disorder,esketamine,Treatment-resistant depression,Treatment-resistant depression,therapeutic_indication,,Treatment-resistant depression,indication,True,,secondary literature coverage,,unclear,,,,unknown,10.1080/15622975.2026.2617195,,"Beyond first-line antidepressants: lithium, quetiapine, or esketamine? Integrating meta-analyses and preliminary head-to-head evidence",David Eckert; Siegfried Kasper,2026,The World Journal of Biological Psychiatry,journal-article,,2026-01-22,1562-2975,1814-1412,Informa UK Limited,"Humans | Quetiapine Fumarate / therapeutic use | Quetiapine Fumarate / pharmacology | Ketamine / therapeutic use | Ketamine / pharmacology | Depressive Disorder, Treatment-Resistant / drug therapy | Antidepressive Agents / therapeutic use | Antipsychotic Agents / therapeutic use | Lithium / therapeutic use | Lithium Compounds / therapeutic use | Drug Therapy, Combination",Treatment-resistant depression (TRD) | esketamine | lithium | pharmacological augmentation | quetiapine,,,,,,,eng,,systematic_review,low,doi,systematic_review,evidence_synthesis,secondary_literature,uncertain,uncertain,0.9,False,secondary_summary,abstract_only,abstract,abstract,systematic review,,,,,,,,,,,,"recent years have seen increasing evidence for the efficacy of esketamine as a fast-acting agent against depression. ... In summary, (1) all three agents are effective, (2) there may be a descriptive superiority of esketamine over quetiapine...",,,,"Projected from extraction_v1 coverage_mentions; coverage_type=reviews; relationship is discussed in secondary literature, not treated as primary evidence"
compound_disorder,psychedelic therapy,depression,depression,therapeutic_indication,,depression,indication,True,,secondary literature coverage,,unclear,,,,unknown,10.1093/9780197762622.003.0006,,Preparation Sessions,Bill Brennan; Alex Belser,2024,EMBARK Psychedelic Therapy for Depression,book-chapter,,2024-04-23,,,"Oxford University PressNew York, NY",,,,,,,,,en,,review,low,doi,review,evidence_synthesis,secondary_literature,uncertain,uncertain,1.0,False,secondary_summary,abstract_only,abstract,Abstract,protocol description,,,,,,,,,,,,"The therapist’s aims in this phase include building trust, understanding the participant’s experience of depression, identifying participant intentions, and providing psychoeducation about psychedelic therapy.",,,,"Projected from extraction_v1 coverage_mentions; coverage_type=discusses; relationship is discussed in secondary literature, not treated as primary evidence"
compound_disorder,ketamine,bipolar depression,bipolar depression,therapeutic_indication,,bipolar depression,indication,True,,secondary literature coverage,,unclear,,,,unknown,10.1093/med/9780199300532.003.0022,,Pharmacological Treatment Bipolar Depression,Keming Gao; Renrong Wu; Heinz Grunze; Joseph R. Calabrese,2015,Oxford University Press eBooks,book-chapter,,2015-06-01,,,Oxford University Press,,Depression (economics) | Medicine | Psychology | Economics | Macroeconomics,,,,,,,en,,review,low,doi,review,evidence_synthesis,secondary_literature,uncertain,uncertain,0.9,False,secondary_summary,abstract_only,abstract,abstract,secondary_literature,,,,,,,,,,,,Intravenous injection of scopolamine or ketamine produced rapid improvement in depressive symptoms with large effect size.,,,,"Projected from extraction_v1 coverage_mentions; coverage_type=discusses; relationship is discussed in secondary literature, not treated as primary evidence"
compound_disorder,MDMA,Substance use disorder,Substance use disorder,therapeutic_indication,,Substance use disorder,indication,True,,secondary literature coverage,,unclear,,,,unknown,10.1097/00007691-200404000-00009,,Human Pharmacology of MDMA,Rafael de la Torre; Magí Farré; Pere N. Roset; Neus Pizarro; Sergio Abanades; Mireia Segura; Jordi Segura; Jordi Camí,2004,Therapeutic Drug Monitoring,journal-article,,2004-03-19,0163-4356,1536-3694,Ovid Technologies (Wolters Kluwer Health),"Adrenergic Uptake Inhibitors / metabolism | Adrenergic Uptake Inhibitors / pharmacokinetics | Adrenergic Uptake Inhibitors / pharmacology | Central Nervous System Stimulants / pharmacokinetics | Central Nervous System Stimulants / pharmacology | Central Nervous System Stimulants / toxicity | Dopamine Uptake Inhibitors / pharmacokinetics | Dopamine Uptake Inhibitors / pharmacology | Dopamine Uptake Inhibitors / toxicity | Drug Interactions | Drug Overdose | Humans | N-Methyl-3,4-methylenedioxyamphetamine / pharmacokinetics | N-Methyl-3,4-methylenedioxyamphetamine / pharmacology | N-Methyl-3,4-methylenedioxyamphetamine / toxicity | Randomized Controlled Trials as Topic | Serotonin Agents / pharmacokinetics | Serotonin Agents / pharmacology | Serotonin Agents / toxicity | Tissue Distribution",,,,,,,,eng,,review,low,doi,review,evidence_synthesis,secondary_literature,uncertain,uncertain,0.8,False,secondary_summary,abstract_only,abstract,abstract,Review,,,,,,,,,,,,"MDMA (3,4-methylenedioxymethamphetamine, ecstasy) is a widely misused psychostimulant drug abused among large segments of the young population.",,,,"Projected from extraction_v1 coverage_mentions; coverage_type=discusses; relationship is discussed in secondary literature, not treated as primary evidence"
compound_disorder,MDMA,Serotonin syndrome,Serotonin syndrome,therapeutic_indication,,Serotonin syndrome,indication,True,,secondary literature coverage,,unclear,,,,unknown,10.1097/00007691-200404000-00009,,Human Pharmacology of MDMA,Rafael de la Torre; Magí Farré; Pere N. Roset; Neus Pizarro; Sergio Abanades; Mireia Segura; Jordi Segura; Jordi Camí,2004,Therapeutic Drug Monitoring,journal-article,,2004-03-19,0163-4356,1536-3694,Ovid Technologies (Wolters Kluwer Health),"Adrenergic Uptake Inhibitors / metabolism | Adrenergic Uptake Inhibitors / pharmacokinetics | Adrenergic Uptake Inhibitors / pharmacology | Central Nervous System Stimulants / pharmacokinetics | Central Nervous System Stimulants / pharmacology | Central Nervous System Stimulants / toxicity | Dopamine Uptake Inhibitors / pharmacokinetics | Dopamine Uptake Inhibitors / pharmacology | Dopamine Uptake Inhibitors / toxicity | Drug Interactions | Drug Overdose | Humans | N-Methyl-3,4-methylenedioxyamphetamine / pharmacokinetics | N-Methyl-3,4-methylenedioxyamphetamine / pharmacology | N-Methyl-3,4-methylenedioxyamphetamine / toxicity | Randomized Controlled Trials as Topic | Serotonin Agents / pharmacokinetics | Serotonin Agents / pharmacology | Serotonin Agents / toxicity | Tissue Distribution",,,,,,,,eng,,review,low,doi,review,evidence_synthesis,secondary_literature,uncertain,uncertain,0.9,False,secondary_summary,abstract_only,abstract,abstract,Review,,,,,,,,,,,,"Acute toxic effects are related to its pharmacologic actions. The serotonin syndrome (increased muscle rigidity, hyperreflexia, and hyperthermia), among others, is characteristic of acute toxicity episodes.",,,,"Projected from extraction_v1 coverage_mentions; coverage_type=discusses; relationship is discussed in secondary literature, not treated as primary evidence"
compound_disorder,MDMA,Neurotoxicity,Neurotoxicity,therapeutic_indication,,Neurotoxicity,indication,True,,secondary literature coverage,,unclear,,,,unknown,10.1097/00007691-200404000-00009,,Human Pharmacology of MDMA,Rafael de la Torre; Magí Farré; Pere N. Roset; Neus Pizarro; Sergio Abanades; Mireia Segura; Jordi Segura; Jordi Camí,2004,Therapeutic Drug Monitoring,journal-article,,2004-03-19,0163-4356,1536-3694,Ovid Technologies (Wolters Kluwer Health),"Adrenergic Uptake Inhibitors / metabolism | Adrenergic Uptake Inhibitors / pharmacokinetics | Adrenergic Uptake Inhibitors / pharmacology | Central Nervous System Stimulants / pharmacokinetics | Central Nervous System Stimulants / pharmacology | Central Nervous System Stimulants / toxicity | Dopamine Uptake Inhibitors / pharmacokinetics | Dopamine Uptake Inhibitors / pharmacology | Dopamine Uptake Inhibitors / toxicity | Drug Interactions | Drug Overdose | Humans | N-Methyl-3,4-methylenedioxyamphetamine / pharmacokinetics | N-Methyl-3,4-methylenedioxyamphetamine / pharmacology | N-Methyl-3,4-methylenedioxyamphetamine / toxicity | Randomized Controlled Trials as Topic | Serotonin Agents / pharmacokinetics | Serotonin Agents / pharmacology | Serotonin Agents / toxicity | Tissue Distribution",,,,,,,,eng,,review,low,doi,review,evidence_synthesis,secondary_literature,uncertain,uncertain,0.9,False,secondary_summary,abstract_only,abstract,abstract,Review,,,,,,,,,,,,One of the interesting features of MDMA metabolism is its potential involvement in the development of mid- to long-term neurotoxic effects as a result of progressive neurodegeneration of the serotonergic neurotransmission system.,,,,"Projected from extraction_v1 coverage_mentions; coverage_type=discusses; relationship is discussed in secondary literature, not treated as primary evidence"
compound_disorder,serotonergic psychedelics,psychiatric treatments,psychiatric treatments,therapeutic_indication,,psychiatric treatments,indication,True,,secondary literature coverage,,unclear,,,,unknown,10.1101/2025.07.05.663289,,Electrophysiological Mechanisms of Psychedelic Drugs: A Systematic Review,Javier Hidalgo Jiménez; Kristjan Kaup; Jaan Aru,2025,bioRxiv (Cold Spring Harbor Laboratory),posted-content,,2025-07-08,,,openRxiv,,,,,,,,,,,systematic_review,low,doi,systematic_review,evidence_synthesis,secondary_literature,uncertain,uncertain,0.9,False,secondary_summary,abstract_only,abstract,ABSTRACT,systematic review,,,,,,,,,,,,Serotonergic psychedelics are known for their profound effects on consciousness and are gaining renewed interest as potential psychiatric treatments.,,,,"Projected from extraction_v1 coverage_mentions; coverage_type=discusses; relationship is discussed in secondary literature, not treated as primary evidence"
compound_disorder,classic psychedelics,therapeutic effects,therapeutic effects,therapeutic_indication,,therapeutic effects,indication,True,,secondary literature coverage,,unclear,,,,unknown,10.1124/pharmrev.121.000508,,Neural Mechanisms and Psychology of Psychedelic Ego Dissolution,Devon Stoliker; Gary F. Egan; Karl J. Friston; Adeel Razi,2022,Pharmacological Reviews,journal-article,,2022-09-09,0031-6997,1521-0081,Elsevier BV,Humans | Hallucinogens / pharmacology | Solubility | Brain | Consciousness | Ego,,Wellcome Trust,203147/Z/16/Z,,,,,eng,,review,low,doi,review,evidence_synthesis,secondary_literature,uncertain,uncertain,0.9,False,secondary_summary,abstract_only,abstract,abstract,secondary_literature,,,,,,,,,,,,"Neuroimaging studies of psychedelics have advanced our understanding of hierarchical brain organization and the mechanisms underlying their subjective and therapeutic effects. [...] These effects can endure well after the pharmacological half-life, suggesting that psychedelics may have effects on neural plasticity that may play a role in their therapeutic efficacy.",Wellcome Trust,,,"Projected from extraction_v1 coverage_mentions; coverage_type=reviews; relationship is discussed in secondary literature, not treated as primary evidence"
compound_disorder,psilocybin,psychiatric disorders,psychiatric disorders,therapeutic_indication,,psychiatric disorders,indication,True,,secondary literature coverage,,unclear,,,,unknown,10.1177/02698811251353250,,"Unequal representation? A cross-sectional analysis of age, sex, race, and ethnicity in clinical trials of classic psychedelics",Damian Swieczkowski; Aleksander Kwaśny; Patrycja Ciurkowska; Michal Pruc; Lukasz Szarpak; Wiesław Jerzy Cubała,2025,Journal of Psychopharmacology,journal-article,,2025-07-11,0269-8811,1461-7285,SAGE Publications,Humans | Hallucinogens / administration & dosage | Hallucinogens / adverse effects | Cross-Sectional Studies | Male | Female | Psilocybin / administration & dosage | Lysergic Acid Diethylamide / administration & dosage | Middle Aged | Adult | Clinical Trials as Topic / statistics & numerical data | Ethnicity / statistics & numerical data | Age Factors | Racial Groups / statistics & numerical data | Sex Factors | Patient Selection,LSD | Psychedelics | clinical trials | ethnicity | psilocybin | race,,,,,,,eng,,review,low,doi,review,evidence_synthesis,secondary_literature,uncertain,uncertain,0.9,False,secondary_summary,abstract_only,abstract,abstract,cross-sectional analysis of interventional trials,,,,,,,,,,,,"This study assesses the representation of race, ethnicity, and sex in interventional clinical trials of psilocybin and lysergic acid diethylamide (LSD) to evaluate disparities in participant diversity. METHODS: We conducted a cross-sectional analysis of interventional trials registered on ClinicalTrials.gov up to 12 January 2025 that focused on classic psychedelics (psilocybin, psilocin, LSD, DMT, 5-MeO-DMT, and mescaline). Eligible trials were phases 2-4 and targeted psychiatric disorders or symptoms.",,,,"Projected from extraction_v1 coverage_mentions; coverage_type=discusses; relationship is discussed in secondary literature, not treated as primary evidence"
compound_disorder,lysergic acid diethylamide (LSD),psychiatric disorders,psychiatric disorders,therapeutic_indication,,psychiatric disorders,indication,True,,secondary literature coverage,,unclear,,,,unknown,10.1177/02698811251353250,,"Unequal representation? A cross-sectional analysis of age, sex, race, and ethnicity in clinical trials of classic psychedelics",Damian Swieczkowski; Aleksander Kwaśny; Patrycja Ciurkowska; Michal Pruc; Lukasz Szarpak; Wiesław Jerzy Cubała,2025,Journal of Psychopharmacology,journal-article,,2025-07-11,0269-8811,1461-7285,SAGE Publications,Humans | Hallucinogens / administration & dosage | Hallucinogens / adverse effects | Cross-Sectional Studies | Male | Female | Psilocybin / administration & dosage | Lysergic Acid Diethylamide / administration & dosage | Middle Aged | Adult | Clinical Trials as Topic / statistics & numerical data | Ethnicity / statistics & numerical data | Age Factors | Racial Groups / statistics & numerical data | Sex Factors | Patient Selection,LSD | Psychedelics | clinical trials | ethnicity | psilocybin | race,,,,,,,eng,,review,low,doi,review,evidence_synthesis,secondary_literature,uncertain,uncertain,0.9,False,secondary_summary,abstract_only,abstract,abstract,cross-sectional analysis of interventional trials,,,,,,,,,,,,"This study assesses the representation of race, ethnicity, and sex in interventional clinical trials of psilocybin and lysergic acid diethylamide (LSD) to evaluate disparities in participant diversity. METHODS: We conducted a cross-sectional analysis of interventional trials registered on ClinicalTrials.gov up to 12 January 2025 that focused on classic psychedelics (psilocybin, psilocin, LSD, DMT, 5-MeO-DMT, and mescaline). Eligible trials were phases 2-4 and targeted psychiatric disorders or symptoms.",,,,"Projected from extraction_v1 coverage_mentions; coverage_type=discusses; relationship is discussed in secondary literature, not treated as primary evidence"
compound_disorder,ketamine,tolerance,tolerance,therapeutic_indication,,tolerance,indication,True,,secondary literature coverage,,unclear,,,,unknown,10.1179/acb.2002.073,,KETAMINE - REVES ET REALITES,J. Arditti; M. Spadari; L. de Haro; A. Brun; JH. Bourdon; M. Valli,2002,Acta Clinica Belgica,journal-article,,2002-01-01,1784-3286,2295-3337,Informa UK Limited,,"Ketamine, | déviation d’usage, | hallucinogènes | rave-party,",,,,,,,eng,,review,low,doi,review,evidence_synthesis,secondary_literature,uncertain,uncertain,0.8,False,secondary_summary,abstract_only,abstract,abstract,secondary_literature,,,,,,,,,,,,"In long term exposure, tolerance, dependence, withdrawal signs and flash back are described.",,,,"Projected from extraction_v1 coverage_mentions; coverage_type=discusses; relationship is discussed in secondary literature, not treated as primary evidence"
compound_disorder,ketamine,dependence,dependence,therapeutic_indication,,dependence,indication,True,,secondary literature coverage,,unclear,,,,unknown,10.1179/acb.2002.073,,KETAMINE - REVES ET REALITES,J. Arditti; M. Spadari; L. de Haro; A. Brun; JH. Bourdon; M. Valli,2002,Acta Clinica Belgica,journal-article,,2002-01-01,1784-3286,2295-3337,Informa UK Limited,,"Ketamine, | déviation d’usage, | hallucinogènes | rave-party,",,,,,,,eng,,review,low,doi,review,evidence_synthesis,secondary_literature,uncertain,uncertain,0.8,False,secondary_summary,abstract_only,abstract,abstract,secondary_literature,,,,,,,,,,,,"In long term exposure, tolerance, dependence, withdrawal signs and flash back are described.",,,,"Projected from extraction_v1 coverage_mentions; coverage_type=discusses; relationship is discussed in secondary literature, not treated as primary evidence"
compound_disorder,ketamine,withdrawal signs,withdrawal signs,therapeutic_indication,,withdrawal signs,indication,True,,secondary literature coverage,,unclear,,,,unknown,10.1179/acb.2002.073,,KETAMINE - REVES ET REALITES,J. Arditti; M. Spadari; L. de Haro; A. Brun; JH. Bourdon; M. Valli,2002,Acta Clinica Belgica,journal-article,,2002-01-01,1784-3286,2295-3337,Informa UK Limited,,"Ketamine, | déviation d’usage, | hallucinogènes | rave-party,",,,,,,,eng,,review,low,doi,review,evidence_synthesis,secondary_literature,uncertain,uncertain,0.8,False,secondary_summary,abstract_only,abstract,abstract,secondary_literature,,,,,,,,,,,,"In long term exposure, tolerance, dependence, withdrawal signs and flash back are described.",,,,"Projected from extraction_v1 coverage_mentions; coverage_type=discusses; relationship is discussed in secondary literature, not treated as primary evidence"
compound_disorder,ketamine,flash back,flash back,therapeutic_indication,,flash back,indication,True,,secondary literature coverage,,unclear,,,,unknown,10.1179/acb.2002.073,,KETAMINE - REVES ET REALITES,J. Arditti; M. Spadari; L. de Haro; A. Brun; JH. Bourdon; M. Valli,2002,Acta Clinica Belgica,journal-article,,2002-01-01,1784-3286,2295-3337,Informa UK Limited,,"Ketamine, | déviation d’usage, | hallucinogènes | rave-party,",,,,,,,eng,,review,low,doi,review,evidence_synthesis,secondary_literature,uncertain,uncertain,0.8,False,secondary_summary,abstract_only,abstract,abstract,secondary_literature,,,,,,,,,,,,"In long term exposure, tolerance, dependence, withdrawal signs and flash back are described.",,,,"Projected from extraction_v1 coverage_mentions; coverage_type=discusses; relationship is discussed in secondary literature, not treated as primary evidence"
compound_disorder,ketamine,acute intoxication,acute intoxication,therapeutic_indication,,acute intoxication,indication,True,,secondary literature coverage,,unclear,,,,unknown,10.1179/acb.2002.073,,KETAMINE - REVES ET REALITES,J. Arditti; M. Spadari; L. de Haro; A. Brun; JH. Bourdon; M. Valli,2002,Acta Clinica Belgica,journal-article,,2002-01-01,1784-3286,2295-3337,Informa UK Limited,,"Ketamine, | déviation d’usage, | hallucinogènes | rave-party,",,,,,,,eng,,review,low,doi,review,evidence_synthesis,secondary_literature,uncertain,uncertain,0.7,False,secondary_summary,abstract_only,abstract,abstract,secondary_literature,,,,,,,,,,,,risk of acute intoxication.,,,,"Projected from extraction_v1 coverage_mentions; coverage_type=discusses; relationship is discussed in secondary literature, not treated as primary evidence"
compound_disorder,ketamine,refractory and super-refractory status epilepticus (RSE/SRSE),refractory and super-refractory status epilepticus (RSE/SRSE),therapeutic_indication,,refractory and super-refractory status epilepticus (RSE/SRSE),indication,True,,secondary literature coverage,,unclear,,,,unknown,10.1212/cpj.0000000000200584,,Efficacy of IV Ketamine in Refractory/Super-Refractory Status Epilepticus,Abhijit Vijay Lele; Alex Raquer; Jorge Mejia-Mantilla; Samuel Ern Hung Tsan; Gentle Sunder Shrestha; Victor Lin; Samuel Neal Blacker; Sean Marinelli; Peter Chee Seong Tan; Sarah Wahlster,2026,Neurology Clinical Practice,journal-article,,2026-01-14,2163-0402,2163-0933,Ovid Technologies (Wolters Kluwer Health),,,,,,,,,eng,,systematic_review,low,doi,systematic_review,evidence_synthesis,secondary_literature,uncertain,uncertain,1.0,False,secondary_summary,abstract_only,abstract,abstract,systematic review and meta-analysis,,,,,,,,,,,,"Intravenous ketamine is increasingly used for refractory and super-refractory status epilepticus (RSE/SRSE), yet its efficacy and optimal use remain uncertain. We therefore aimed to synthesize the available evidence to quantify the effectiveness of ketamine in achieving seizure cessation and to explore differences in treatment characteristics between patients who respond and those who do not. METHODS: We conducted a systematic review and meta-analysis to estimate the pooled seizure cessation rate associated with intravenous ketamine.",,,,"Projected from extraction_v1 coverage_mentions; coverage_type=reviews; relationship is discussed in secondary literature, not treated as primary evidence"
compound_disorder,ketamine,refractory and super-refractory status epilepticus (RSE/SRSE),refractory and super-refractory status epilepticus (RSE/SRSE),therapeutic_indication,,refractory and super-refractory status epilepticus (RSE/SRSE),indication,True,,secondary literature coverage,,unclear,,,,unknown,10.1212/cpj.0000000000200584,,Efficacy of IV Ketamine in Refractory/Super-Refractory Status Epilepticus,Abhijit Vijay Lele; Alex Raquer; Jorge Mejia-Mantilla; Samuel Ern Hung Tsan; Gentle Sunder Shrestha; Victor Lin; Samuel Neal Blacker; Sean Marinelli; Peter Chee Seong Tan; Sarah Wahlster,2026,Neurology Clinical Practice,journal-article,,2026-01-14,2163-0402,2163-0933,Ovid Technologies (Wolters Kluwer Health),,,,,,,,,eng,,systematic_review,low,doi,systematic_review,evidence_synthesis,secondary_literature,uncertain,uncertain,1.0,False,secondary_summary,abstract_only,abstract,abstract,systematic review and meta-analysis,,,,,,,,,,,,"We conducted a systematic review and meta-analysis to estimate the pooled seizure cessation rate associated with intravenous ketamine. Secondary analyses compared ketamine initiation timing, dosing, and infusion duration between patients who achieved seizure cessation (responders) and those who did not (nonresponders). RESULTS: Fourteen studies comprising 388 adult patients (249 responders, 139 nonresponders) were included. The pooled seizure cessation rate with ketamine was 64% (95% CI 49%-76%) with moderate heterogeneity ( I 2 = 54.1%).",,,,"Projected from extraction_v1 coverage_mentions; coverage_type=meta_analyzes; relationship is discussed in secondary literature, not treated as primary evidence"
compound_disorder,entactogens,perioperative management of psychostimulant exposure,perioperative management of psychostimulant exposure,therapeutic_indication,,perioperative management of psychostimulant exposure,indication,True,,secondary literature coverage,,unclear,,,,unknown,10.1213/ane.0000000000006303,,Perioperative Considerations for Patients Exposed to Psychostimulants,Trent D. Emerick; Thomas J. Martin; Douglas G. Ririe,2023,Anesthesia & Analgesia,journal-article,,2023-08-17,0003-2999,1526-7598,Ovid Technologies (Wolters Kluwer Health),Humans | Central Nervous System Stimulants / adverse effects | Cocaine | Anesthesia / adverse effects | Pain | Patients,,NIDA NIH HHS,R01 DA048490,,,,,eng,,review,low,doi,review,evidence_synthesis,secondary_literature,uncertain,uncertain,0.9,False,secondary_summary,abstract_only,abstract,abstract,secondary_literature,,,,,,,,,,,,"The epidemiology, pharmacology, and perioperative implications of psychostimulant use are presented for amphetamines and similar acting nonamphetamines, cocaine, and, finally, the mixed-action drugs known as entactogens that share stimulant and psychedelic properties. This information is then used as the foundation for safe and effective perioperative management of patients exposed to psychostimulants.",NIDA NIH HHS,,,"Projected from extraction_v1 coverage_mentions; coverage_type=discusses; relationship is discussed in secondary literature, not treated as primary evidence"
compound_disorder,MDMA,reproductive implications,reproductive implications,therapeutic_indication,,reproductive implications,indication,True,,secondary literature coverage,,unclear,,,,unknown,10.2174/187152409789630389,,"Brain Serotonin, Psychoactive Drugs, and Effects on Reproduction",Maria Ayala,2009,Central Nervous System Agents in Medicinal Chemistry,journal-article,,2009-12-01,1871-5249,1875-6166,Bentham Science Publishers Ltd.,"Affect / drug effects | Amphetamine-Related Disorders | Animals | Biological Clocks / drug effects | Brain / drug effects | Brain / metabolism | Cognition Disorders / chemically induced | Depressive Disorder / chemically induced | Drug Interactions | Female | Fenfluramine / adverse effects | Fluoxetine / adverse effects | Male | Methamphetamine / adverse effects | N-Methyl-3,4-methylenedioxyamphetamine / adverse effects | Neurons / drug effects | Obesity / chemically induced | Psychotropic Drugs / adverse effects | Psychotropic Drugs / pharmacology | Reproduction / drug effects | Reproduction / genetics | Reproduction / physiology | Serotonin / metabolism | Serotonin Receptor Agonists / adverse effects | Sexual Behavior, Animal / drug effects | Substance-Related Disorders / etiology | Synaptic Transmission / drug effects",,,,,,,,eng,,review,low,doi,review,evidence_synthesis,secondary_literature,uncertain,uncertain,0.9,False,secondary_summary,abstract_only,abstract,abstract,secondary_literature,,,,,,,,,,,,"This review evaluates the effects of drugs such as MDMA, pCA, fenfluramine, and fluoxetine on serotonergic transmission in the brain, examines the relationships of these drug effects with the neuroendocrine mechanisms modulating reproductive events such as gonadotropin secretion, ovulation, spermatogenesis, and sexual behavior in animal models, and discusses possible reproductive implications of these drugs in humans.",,,,"Projected from extraction_v1 coverage_mentions; coverage_type=discusses; relationship is discussed in secondary literature, not treated as primary evidence"
compound_disorder,MDMA,drug abuse,drug abuse,therapeutic_indication,,drug abuse,indication,True,,secondary literature coverage,,unclear,,,,unknown,10.2174/187152409789630389,,"Brain Serotonin, Psychoactive Drugs, and Effects on Reproduction",Maria Ayala,2009,Central Nervous System Agents in Medicinal Chemistry,journal-article,,2009-12-01,1871-5249,1875-6166,Bentham Science Publishers Ltd.,"Affect / drug effects | Amphetamine-Related Disorders | Animals | Biological Clocks / drug effects | Brain / drug effects | Brain / metabolism | Cognition Disorders / chemically induced | Depressive Disorder / chemically induced | Drug Interactions | Female | Fenfluramine / adverse effects | Fluoxetine / adverse effects | Male | Methamphetamine / adverse effects | N-Methyl-3,4-methylenedioxyamphetamine / adverse effects | Neurons / drug effects | Obesity / chemically induced | Psychotropic Drugs / adverse effects | Psychotropic Drugs / pharmacology | Reproduction / drug effects | Reproduction / genetics | Reproduction / physiology | Serotonin / metabolism | Serotonin Receptor Agonists / adverse effects | Sexual Behavior, Animal / drug effects | Substance-Related Disorders / etiology | Synaptic Transmission / drug effects",,,,,,,,eng,,review,low,doi,review,evidence_synthesis,secondary_literature,uncertain,uncertain,0.9,False,secondary_summary,abstract_only,abstract,abstract,secondary_literature,,,,,,,,,,,,"others, such as the amphetamine analogues MDMA and METH, are potent psychostimulant drugs of abuse.",,,,"Projected from extraction_v1 coverage_mentions; coverage_type=discusses; relationship is discussed in secondary literature, not treated as primary evidence"
compound_disorder,fenfluramine,psychiatric diseases,psychiatric diseases,therapeutic_indication,,psychiatric diseases,indication,True,,secondary literature coverage,,unclear,,,,unknown,10.2174/187152409789630389,,"Brain Serotonin, Psychoactive Drugs, and Effects on Reproduction",Maria Ayala,2009,Central Nervous System Agents in Medicinal Chemistry,journal-article,,2009-12-01,1871-5249,1875-6166,Bentham Science Publishers Ltd.,"Affect / drug effects | Amphetamine-Related Disorders | Animals | Biological Clocks / drug effects | Brain / drug effects | Brain / metabolism | Cognition Disorders / chemically induced | Depressive Disorder / chemically induced | Drug Interactions | Female | Fenfluramine / adverse effects | Fluoxetine / adverse effects | Male | Methamphetamine / adverse effects | N-Methyl-3,4-methylenedioxyamphetamine / adverse effects | Neurons / drug effects | Obesity / chemically induced | Psychotropic Drugs / adverse effects | Psychotropic Drugs / pharmacology | Reproduction / drug effects | Reproduction / genetics | Reproduction / physiology | Serotonin / metabolism | Serotonin Receptor Agonists / adverse effects | Sexual Behavior, Animal / drug effects | Substance-Related Disorders / etiology | Synaptic Transmission / drug effects",,,,,,,,eng,,review,low,doi,review,evidence_synthesis,secondary_literature,uncertain,uncertain,0.8,False,secondary_summary,abstract_only,abstract,abstract,secondary_literature,,,,,,,,,,,,"While some drugs that affect serotonin, such as fenfluramine and fluoxetine, have been successfully used in treatment of a range of psychiatric diseases",,,,"Projected from extraction_v1 coverage_mentions; coverage_type=discusses; relationship is discussed in secondary literature, not treated as primary evidence"
compound_disorder,fluoxetine,psychiatric diseases,psychiatric diseases,therapeutic_indication,,psychiatric diseases,indication,True,,secondary literature coverage,,unclear,,,,unknown,10.2174/187152409789630389,,"Brain Serotonin, Psychoactive Drugs, and Effects on Reproduction",Maria Ayala,2009,Central Nervous System Agents in Medicinal Chemistry,journal-article,,2009-12-01,1871-5249,1875-6166,Bentham Science Publishers Ltd.,"Affect / drug effects | Amphetamine-Related Disorders | Animals | Biological Clocks / drug effects | Brain / drug effects | Brain / metabolism | Cognition Disorders / chemically induced | Depressive Disorder / chemically induced | Drug Interactions | Female | Fenfluramine / adverse effects | Fluoxetine / adverse effects | Male | Methamphetamine / adverse effects | N-Methyl-3,4-methylenedioxyamphetamine / adverse effects | Neurons / drug effects | Obesity / chemically induced | Psychotropic Drugs / adverse effects | Psychotropic Drugs / pharmacology | Reproduction / drug effects | Reproduction / genetics | Reproduction / physiology | Serotonin / metabolism | Serotonin Receptor Agonists / adverse effects | Sexual Behavior, Animal / drug effects | Substance-Related Disorders / etiology | Synaptic Transmission / drug effects",,,,,,,,eng,,review,low,doi,review,evidence_synthesis,secondary_literature,uncertain,uncertain,0.8,False,secondary_summary,abstract_only,abstract,abstract,secondary_literature,,,,,,,,,,,,"While some drugs that affect serotonin, such as fenfluramine and fluoxetine, have been successfully used in treatment of a range of psychiatric diseases",,,,"Projected from extraction_v1 coverage_mentions; coverage_type=discusses; relationship is discussed in secondary literature, not treated as primary evidence"
compound_disorder,METH,drug abuse,drug abuse,therapeutic_indication,,drug abuse,indication,True,,secondary literature coverage,,unclear,,,,unknown,10.2174/187152409789630389,,"Brain Serotonin, Psychoactive Drugs, and Effects on Reproduction",Maria Ayala,2009,Central Nervous System Agents in Medicinal Chemistry,journal-article,,2009-12-01,1871-5249,1875-6166,Bentham Science Publishers Ltd.,"Affect / drug effects | Amphetamine-Related Disorders | Animals | Biological Clocks / drug effects | Brain / drug effects | Brain / metabolism | Cognition Disorders / chemically induced | Depressive Disorder / chemically induced | Drug Interactions | Female | Fenfluramine / adverse effects | Fluoxetine / adverse effects | Male | Methamphetamine / adverse effects | N-Methyl-3,4-methylenedioxyamphetamine / adverse effects | Neurons / drug effects | Obesity / chemically induced | Psychotropic Drugs / adverse effects | Psychotropic Drugs / pharmacology | Reproduction / drug effects | Reproduction / genetics | Reproduction / physiology | Serotonin / metabolism | Serotonin Receptor Agonists / adverse effects | Sexual Behavior, Animal / drug effects | Substance-Related Disorders / etiology | Synaptic Transmission / drug effects",,,,,,,,eng,,review,low,doi,review,evidence_synthesis,secondary_literature,uncertain,uncertain,0.9,False,secondary_summary,abstract_only,abstract,abstract,secondary_literature,,,,,,,,,,,,"others, such as the amphetamine analogues MDMA and METH, are potent psychostimulant drugs of abuse.",,,,"Projected from extraction_v1 coverage_mentions; coverage_type=discusses; relationship is discussed in secondary literature, not treated as primary evidence"
compound_disorder,pCA,reproductive implications,reproductive implications,therapeutic_indication,,reproductive implications,indication,True,,secondary literature coverage,,unclear,,,,unknown,10.2174/187152409789630389,,"Brain Serotonin, Psychoactive Drugs, and Effects on Reproduction",Maria Ayala,2009,Central Nervous System Agents in Medicinal Chemistry,journal-article,,2009-12-01,1871-5249,1875-6166,Bentham Science Publishers Ltd.,"Affect / drug effects | Amphetamine-Related Disorders | Animals | Biological Clocks / drug effects | Brain / drug effects | Brain / metabolism | Cognition Disorders / chemically induced | Depressive Disorder / chemically induced | Drug Interactions | Female | Fenfluramine / adverse effects | Fluoxetine / adverse effects | Male | Methamphetamine / adverse effects | N-Methyl-3,4-methylenedioxyamphetamine / adverse effects | Neurons / drug effects | Obesity / chemically induced | Psychotropic Drugs / adverse effects | Psychotropic Drugs / pharmacology | Reproduction / drug effects | Reproduction / genetics | Reproduction / physiology | Serotonin / metabolism | Serotonin Receptor Agonists / adverse effects | Sexual Behavior, Animal / drug effects | Substance-Related Disorders / etiology | Synaptic Transmission / drug effects",,,,,,,,eng,,review,low,doi,review,evidence_synthesis,secondary_literature,uncertain,uncertain,0.8,False,secondary_summary,abstract_only,abstract,abstract,secondary_literature,,,,,,,,,,,,"This review evaluates the effects of drugs such as MDMA, pCA, fenfluramine, and fluoxetine on serotonergic transmission in the brain, examines the relationships of these drug effects with the neuroendocrine mechanisms modulating reproductive events such as gonadotropin secretion, ovulation, spermatogenesis, and sexual behavior in animal models, and discusses possible reproductive implications of these drugs in humans.",,,,"Projected from extraction_v1 coverage_mentions; coverage_type=discusses; relationship is discussed in secondary literature, not treated as primary evidence"
compound_disorder,fenfluramine,reproductive implications,reproductive implications,therapeutic_indication,,reproductive implications,indication,True,,secondary literature coverage,,unclear,,,,unknown,10.2174/187152409789630389,,"Brain Serotonin, Psychoactive Drugs, and Effects on Reproduction",Maria Ayala,2009,Central Nervous System Agents in Medicinal Chemistry,journal-article,,2009-12-01,1871-5249,1875-6166,Bentham Science Publishers Ltd.,"Affect / drug effects | Amphetamine-Related Disorders | Animals | Biological Clocks / drug effects | Brain / drug effects | Brain / metabolism | Cognition Disorders / chemically induced | Depressive Disorder / chemically induced | Drug Interactions | Female | Fenfluramine / adverse effects | Fluoxetine / adverse effects | Male | Methamphetamine / adverse effects | N-Methyl-3,4-methylenedioxyamphetamine / adverse effects | Neurons / drug effects | Obesity / chemically induced | Psychotropic Drugs / adverse effects | Psychotropic Drugs / pharmacology | Reproduction / drug effects | Reproduction / genetics | Reproduction / physiology | Serotonin / metabolism | Serotonin Receptor Agonists / adverse effects | Sexual Behavior, Animal / drug effects | Substance-Related Disorders / etiology | Synaptic Transmission / drug effects",,,,,,,,eng,,review,low,doi,review,evidence_synthesis,secondary_literature,uncertain,uncertain,0.8,False,secondary_summary,abstract_only,abstract,abstract,secondary_literature,,,,,,,,,,,,"This review evaluates the effects of drugs such as MDMA, pCA, fenfluramine, and fluoxetine on serotonergic transmission in the brain, examines the relationships of these drug effects with the neuroendocrine mechanisms modulating reproductive events such as gonadotropin secretion, ovulation, spermatogenesis, and sexual behavior in animal models, and discusses possible reproductive implications of these drugs in humans.",,,,"Projected from extraction_v1 coverage_mentions; coverage_type=discusses; relationship is discussed in secondary literature, not treated as primary evidence"
compound_disorder,fluoxetine,reproductive implications,reproductive implications,therapeutic_indication,,reproductive implications,indication,True,,secondary literature coverage,,unclear,,,,unknown,10.2174/187152409789630389,,"Brain Serotonin, Psychoactive Drugs, and Effects on Reproduction",Maria Ayala,2009,Central Nervous System Agents in Medicinal Chemistry,journal-article,,2009-12-01,1871-5249,1875-6166,Bentham Science Publishers Ltd.,"Affect / drug effects | Amphetamine-Related Disorders | Animals | Biological Clocks / drug effects | Brain / drug effects | Brain / metabolism | Cognition Disorders / chemically induced | Depressive Disorder / chemically induced | Drug Interactions | Female | Fenfluramine / adverse effects | Fluoxetine / adverse effects | Male | Methamphetamine / adverse effects | N-Methyl-3,4-methylenedioxyamphetamine / adverse effects | Neurons / drug effects | Obesity / chemically induced | Psychotropic Drugs / adverse effects | Psychotropic Drugs / pharmacology | Reproduction / drug effects | Reproduction / genetics | Reproduction / physiology | Serotonin / metabolism | Serotonin Receptor Agonists / adverse effects | Sexual Behavior, Animal / drug effects | Substance-Related Disorders / etiology | Synaptic Transmission / drug effects",,,,,,,,eng,,review,low,doi,review,evidence_synthesis,secondary_literature,uncertain,uncertain,0.8,False,secondary_summary,abstract_only,abstract,abstract,secondary_literature,,,,,,,,,,,,"This review evaluates the effects of drugs such as MDMA, pCA, fenfluramine, and fluoxetine on serotonergic transmission in the brain, examines the relationships of these drug effects with the neuroendocrine mechanisms modulating reproductive events such as gonadotropin secretion, ovulation, spermatogenesis, and sexual behavior in animal models, and discusses possible reproductive implications of these drugs in humans.",,,,"Projected from extraction_v1 coverage_mentions; coverage_type=discusses; relationship is discussed in secondary literature, not treated as primary evidence"
compound_disorder,ketamine,therapeutic potential,therapeutic potential,therapeutic_indication,,therapeutic potential,indication,True,,secondary literature coverage,,unclear,,,,unknown,10.22541/au.176538434.48451693/v1,,Ketamine Reimagined: Distinguishing Psychedelic and Psycholytic Modalities for Next-Generation Therapies.,Sophie Holland,2025,Authorea Inc.,article,,2025-12-10,,,Wiley,,Ketamine | Modalities | Therapeutic modalities | Treatment modality | Modality (human–computer interaction) | Medicine | Anesthesia | Psychology | Psychotherapist | Neuroscience | Differential effects,,,,,,,,,review,low,doi,review,evidence_synthesis,secondary_literature,uncertain,uncertain,1.0,False,secondary_summary,abstract_only,abstract,abstract,review,,,,,,,,,,,,This paper explores ketamine as a psychedelic alongside the differential impacts of psychedelic versus psycholytic effects of ketamine in a therapeutic setting. The paper examines existing research to elucidate the broad therapeutic potential of ketam,,,,"Projected from extraction_v1 coverage_mentions; coverage_type=reviews; relationship is discussed in secondary literature, not treated as primary evidence"
compound_disorder,Psilocybin,End-of-Life Care,End-of-Life Care,therapeutic_indication,,End-of-Life Care,indication,True,,secondary literature coverage,,unclear,,,,unknown,10.26890/hntj1494,,"The Role of Psilocybin in End-of-Life Care: Evidence, Mechanisms, and Guidelines",Mackenzie Unsworth; Mary Lou Galantino; Robert Sandoval,2025,Oncology Rehabilitation in Practice,journal-article,,2025-11-01,3065-7288,3065-7288,University of Dayton Libraries,,,,,,,,,,,review,low,doi,review,evidence_synthesis,secondary_literature,uncertain,uncertain,1.0,False,secondary_summary,abstract_only,abstract,abstract,review,,,,,,,,,,,,This article aims to provide a brief overview of the evidence and mechanisms for psilocybin use in EOL care.,,,,"Projected from extraction_v1 coverage_mentions; coverage_type=discusses; relationship is discussed in secondary literature, not treated as primary evidence"
compound_disorder,psilocybin,dependence potential and acute toxicity,dependence potential and acute toxicity,therapeutic_indication,,dependence potential and acute toxicity,indication,True,,secondary literature coverage,,unclear,,,,unknown,10.3109/00952999309001618,,Toward a Comparative Overview of Dependence Potential and Acute Toxicity of Psychoactive Substances Used Nonmedically,Robert S. Gable,1993,The American Journal of Drug and Alcohol Abuse,journal-article,,1993-01-01,0095-2990,1097-9891,Informa UK Limited,Humans | Psychotropic Drugs / poisoning | Risk Factors | Substance-Related Disorders / etiology | Substance-Related Disorders / prevention & control,,,,,,,,eng,,review,low,doi,review,evidence_synthesis,secondary_literature,uncertain,uncertain,0.8,False,secondary_summary,abstract_only,abstract,abstract,literature review,,,,,,,,,,,,oral psilocybin appeared to have the least [risk of dependence and acute lethality].,,,,"Projected from extraction_v1 coverage_mentions; coverage_type=discusses; relationship is discussed in secondary literature, not treated as primary evidence"
compound_disorder,ketamine,post-operative pain,post-operative pain,therapeutic_indication,,post-operative pain,indication,True,,secondary literature coverage,,unclear,,,,unknown,10.4045/tidsskr.10.1184,,Behandling av postoperativ smerte i sykehus,Olav Fredheim; Petter Borchgrevink; Gunnvald Kvarstein,2011,Tidsskrift for Den norske legeforening,journal-article,,2011-01-01,0029-2001,0807-7096,Norwegian Medical Association,"Acetaminophen / administration & dosage | Analgesia / methods | Analgesia, Epidural | Analgesics / administration & dosage | Analgesics / adverse effects | Analgesics, Non-Narcotic / administration & dosage | Analgesics, Opioid / administration & dosage | Anti-Inflammatory Agents, Non-Steroidal / administration & dosage | Chronic Disease | Combined Modality Therapy | Contraindications | Glucocorticoids / administration & dosage | Humans | Inpatients | Nerve Block | Postoperative Pain / drug therapy | Postoperative Pain / prevention & control | Postoperative Pain / therapy | Risk Factors | Treatment Outcome",,,,,,,,nor,,review,low,doi,review,evidence_synthesis,secondary_literature,uncertain,uncertain,0.9,False,secondary_summary,abstract_only,abstract,RESULTS,literature review,,,,,,,,,,,,"Subanaesthetic doses of ketamine have an opioid-sparing effect, but the optimal dosing regimen is uncertain.",,,,"Projected from extraction_v1 coverage_mentions; coverage_type=discusses; relationship is discussed in secondary literature, not treated as primary evidence"
compound_disorder,Salvia divinorum,dissociative and hallucinogenic properties,dissociative and hallucinogenic properties,therapeutic_indication,,dissociative and hallucinogenic properties,indication,True,,secondary literature coverage,,unclear,,,,unknown,10.4321/s1137-66272013000300015,,Drogas emergentes (III): plantas y hongos alucinógenos,G. Burillo-Putze; E. López Briz; B. Climent Díaz; P. Munné Mas; S. Nogue Xarau; M.A. Pinillos; R.S. Hoffman,2013,Anales del Sistema Sanitario de Navarra,journal-article,,2013-12-01,1137-6627,2340-3527,SciELO Espana/Repisalud,Agaricales | Hallucinogens | Humans | Illicit Drugs | Plants | Substance-Related Disorders / epidemiology,,,,,,,,spa,,review,low,doi,review,evidence_synthesis,secondary_literature,uncertain,uncertain,0.9,False,secondary_summary,abstract_only,abstract,abstract,secondary_literature,,,,,,,,,,,,"Salvia divinorum is a powerful kappa receptor agonist, with dissociative and hallucinogenic properties, which start quickly and have a short duration.",,,,"Projected from extraction_v1 coverage_mentions; coverage_type=discusses; relationship is discussed in secondary literature, not treated as primary evidence"
compound_disorder,psilocybin,hallucinogenic effects,hallucinogenic effects,therapeutic_indication,,hallucinogenic effects,indication,True,,secondary literature coverage,,unclear,,,,unknown,10.4321/s1137-66272013000300015,,Drogas emergentes (III): plantas y hongos alucinógenos,G. Burillo-Putze; E. López Briz; B. Climent Díaz; P. Munné Mas; S. Nogue Xarau; M.A. Pinillos; R.S. Hoffman,2013,Anales del Sistema Sanitario de Navarra,journal-article,,2013-12-01,1137-6627,2340-3527,SciELO Espana/Repisalud,Agaricales | Hallucinogens | Humans | Illicit Drugs | Plants | Substance-Related Disorders / epidemiology,,,,,,,,spa,,review,low,doi,review,evidence_synthesis,secondary_literature,uncertain,uncertain,0.9,False,secondary_summary,abstract_only,abstract,abstract,secondary_literature,,,,,,,,,,,,"The consumption of hallucinogenic mushrooms appears in cyclic form, although there has been increase in their online offer. They are consumed in search of their hallucinogenic effects, above all those belonging to the family of psilocybes, which contain tryptamines with a hallucinogenic effect similar to LSD.",,,,"Projected from extraction_v1 coverage_mentions; coverage_type=discusses; relationship is discussed in secondary literature, not treated as primary evidence"
compound_disorder,mescaline,hallucinations,hallucinations,therapeutic_indication,,hallucinations,indication,True,,secondary literature coverage,,unclear,,,,unknown,10.4321/s1137-66272013000300015,,Drogas emergentes (III): plantas y hongos alucinógenos,G. Burillo-Putze; E. López Briz; B. Climent Díaz; P. Munné Mas; S. Nogue Xarau; M.A. Pinillos; R.S. Hoffman,2013,Anales del Sistema Sanitario de Navarra,journal-article,,2013-12-01,1137-6627,2340-3527,SciELO Espana/Repisalud,Agaricales | Hallucinogens | Humans | Illicit Drugs | Plants | Substance-Related Disorders / epidemiology,,,,,,,,spa,,review,low,doi,review,evidence_synthesis,secondary_literature,uncertain,uncertain,0.9,False,secondary_summary,abstract_only,abstract,abstract,secondary_literature,,,,,,,,,,,,"Peyote (Lophophora psilocybes), a cactus rich in mescaline (trimetoxifeniletilamina), produces hallucinations of the five senses, and forms part of the religious culture of the North American Indians.",,,,"Projected from extraction_v1 coverage_mentions; coverage_type=discusses; relationship is discussed in secondary literature, not treated as primary evidence"
compound_disorder,ayahuasca,hallucinogenic effects,hallucinogenic effects,therapeutic_indication,,hallucinogenic effects,indication,True,,secondary literature coverage,,unclear,,,,unknown,10.4321/s1137-66272013000300015,,Drogas emergentes (III): plantas y hongos alucinógenos,G. Burillo-Putze; E. López Briz; B. Climent Díaz; P. Munné Mas; S. Nogue Xarau; M.A. Pinillos; R.S. Hoffman,2013,Anales del Sistema Sanitario de Navarra,journal-article,,2013-12-01,1137-6627,2340-3527,SciELO Espana/Repisalud,Agaricales | Hallucinogens | Humans | Illicit Drugs | Plants | Substance-Related Disorders / epidemiology,,,,,,,,spa,,review,low,doi,review,evidence_synthesis,secondary_literature,uncertain,uncertain,0.8,False,secondary_summary,abstract_only,abstract,abstract,secondary_literature,,,,,,,,,,,,Other substances used for their hallucinogenic effects include the drink known as ayahuasca,,,,"Projected from extraction_v1 coverage_mentions; coverage_type=discusses; relationship is discussed in secondary literature, not treated as primary evidence"
compound_disorder,LSA,hallucinogenic effects,hallucinogenic effects,therapeutic_indication,,hallucinogenic effects,indication,True,,secondary literature coverage,,unclear,,,,unknown,10.4321/s1137-66272013000300015,,Drogas emergentes (III): plantas y hongos alucinógenos,G. Burillo-Putze; E. López Briz; B. Climent Díaz; P. Munné Mas; S. Nogue Xarau; M.A. Pinillos; R.S. Hoffman,2013,Anales del Sistema Sanitario de Navarra,journal-article,,2013-12-01,1137-6627,2340-3527,SciELO Espana/Repisalud,Agaricales | Hallucinogens | Humans | Illicit Drugs | Plants | Substance-Related Disorders / epidemiology,,,,,,,,spa,,review,low,doi,review,evidence_synthesis,secondary_literature,uncertain,uncertain,0.8,False,secondary_summary,abstract_only,abstract,abstract,secondary_literature,,,,,,,,,,,,"and seeds for preparing infusions like Ololiuqui, Morning Glory (Ipomoea violacea), Hawaian Baby Woodrose (Argyreia nervosa)",,,,"Projected from extraction_v1 coverage_mentions; coverage_type=discusses; relationship is discussed in secondary literature, not treated as primary evidence"
compound_disorder,ibogaine,hallucinogenic effects,hallucinogenic effects,therapeutic_indication,,hallucinogenic effects,indication,True,,secondary literature coverage,,unclear,,,,unknown,10.4321/s1137-66272013000300015,,Drogas emergentes (III): plantas y hongos alucinógenos,G. Burillo-Putze; E. López Briz; B. Climent Díaz; P. Munné Mas; S. Nogue Xarau; M.A. Pinillos; R.S. Hoffman,2013,Anales del Sistema Sanitario de Navarra,journal-article,,2013-12-01,1137-6627,2340-3527,SciELO Espana/Repisalud,Agaricales | Hallucinogens | Humans | Illicit Drugs | Plants | Substance-Related Disorders / epidemiology,,,,,,,,spa,,review,low,doi,review,evidence_synthesis,secondary_literature,uncertain,uncertain,0.8,False,secondary_summary,abstract_only,abstract,abstract,secondary_literature,,,,,,,,,,,,and Iboga Rootbark (Tabernanthe iboga).,,,,"Projected from extraction_v1 coverage_mentions; coverage_type=discusses; relationship is discussed in secondary literature, not treated as primary evidence"
compound_disorder,Psilocybin,Autism,Autism,therapeutic_indication,,Autism,indication,True,,secondary literature coverage,,unclear,,,,unknown,10.53053/nbdr8957,,Going on Trial: Arbaclofen reboot; cell implants; psilocybin microdoses,Peter Hess,2023,The Transmitter,article,,2023-01-01,2770-0976,2770-0976,Simons Foundation,,Psilocybin | Reboot | Autism | Clinical trial | Implant | Medicine | Psychology | Physical medicine and rehabilitation | Psychiatry | Hallucinogen | Computer science | Surgery | Internal medicine | Operating system,,,,,,,en,,review,low,doi,review,evidence_synthesis,secondary_literature,uncertain,uncertain,0.7,False,secondary_summary,abstract_only,abstract,"title, abstract, keywords",secondary_literature,,,,,,,,,,,,Going on Trial: Arbaclofen reboot; cell implants; psilocybin microdoses. Going on Trial rounds up new developments in autism-related drug trials. Keywords: Psilocybin | Autism,,,,"Projected from extraction_v1 coverage_mentions; coverage_type=mentions; relationship is discussed in secondary literature, not treated as primary evidence"
compound_disorder,Ketamine,Major Depressive Disorder,Major Depressive Disorder,therapeutic_indication,,Major Depressive Disorder,indication,True,,secondary literature coverage,,unclear,,,,unknown,10.9734/jammr/2025/v37i85919,,Esmethadone in Major Depressive Disorder: Pharmacology and Clinical Evidence,Olaniyi David Ogundeji; Nkechinyere M Harry; Akinyemi Akinwumiju; Obianuju Nwauwa; Gibson Anugwom; Samuel Nwaobi,2025,Journal of Advances in Medicine and Medical Research,journal-article,,2025-08-28,2456-8899,2456-8899,Sciencedomain International,,,,,,,,,,,review,low,doi,review,evidence_synthesis,secondary_literature,uncertain,uncertain,0.9,False,secondary_summary,abstract_only,abstract,abstract,secondary_literature,,,,,,,,,,,,"Esmethadone offers potential advantages over both traditional antidepressants (faster onset, different side effect profile) and other rapid-acting agents like ketamine (oral administration, minimal dissociative effects, no monitoring requirements).",,,,"Projected from extraction_v1 coverage_mentions; coverage_type=discusses; relationship is discussed in secondary literature, not treated as primary evidence"
compound_disorder,Esketamine,Major Depressive Disorder,Major Depressive Disorder,therapeutic_indication,,Major Depressive Disorder,indication,True,,secondary literature coverage,,unclear,,,,unknown,10.9734/jammr/2025/v37i85919,,Esmethadone in Major Depressive Disorder: Pharmacology and Clinical Evidence,Olaniyi David Ogundeji; Nkechinyere M Harry; Akinyemi Akinwumiju; Obianuju Nwauwa; Gibson Anugwom; Samuel Nwaobi,2025,Journal of Advances in Medicine and Medical Research,journal-article,,2025-08-28,2456-8899,2456-8899,Sciencedomain International,,,,,,,,,,,review,low,doi,review,evidence_synthesis,secondary_literature,uncertain,uncertain,0.9,False,secondary_summary,abstract_only,abstract,abstract,secondary_literature,,,,,,,,,,,,"For patients requiring a more rapid response than traditional antidepressants provide but unable or unwilling to undergo ketamine or esketamine treatment, esmethadone may represent a valuable option.",,,,"Projected from extraction_v1 coverage_mentions; coverage_type=discusses; relationship is discussed in secondary literature, not treated as primary evidence"
compound_disorder,ketamine,major depressive disorder,major depressive disorder,therapeutic_indication,,major depressive disorder,indication,True,,secondary literature coverage,,unclear,,,,unknown,10.1007/978-981-32-9271-0_15,,Potential Anti-Depressive Treatment Maneuvers from Bench to Bedside,Min Cai; Huaning Wang; Xia Zhang,2019,Advances in experimental medicine and biology,book-chapter,,2019-01-01,0065-2598,2214-8019,Springer Singapore,Antidepressive Agents / therapeutic use | Clinical Trials as Topic | Major Depressive Disorder / therapy | Humans,Anti-inflammation | Ketamine | Neurotransmitters | Novel pharmacological antidepressants,,,,,,,eng,,review,low,doi,review,evidence_synthesis,secondary_literature,uncertain,uncertain,0.9,False,secondary_summary,abstract_only,abstract,abstract,review,,,,,,,,,,,,"some of them would be a routine clinical practice which is usable in the treatment of MDD, such as ketamine.",,,,"Projected from extraction_v1 coverage_mentions; coverage_type=reviews; relationship is discussed in secondary literature, not treated as primary evidence"
compound_disorder,MDMA,PTSD,PTSD,therapeutic_indication,,PTSD,indication,True,,secondary literature coverage,,unclear,,,,unknown,10.1007/s11920-023-01446-4,,"Psychedelic-Assisted Therapy in Military and Veterans Healthcare Systems: Clinical, Legal, and Implementation Considerations",Aaron S. Wolfgang; Charles W. Hoge,2023,Current Psychiatry Reports,journal-article,NCT04264026 | NCT04077437,2023-09-08,1523-3812,1535-1645,Springer Science and Business Media LLC,"United States | Humans | Veterans | Hallucinogens / therapeutic use | N-Methyl-3,4-methylenedioxyamphetamine / therapeutic use | Psilocybin / therapeutic use | United States Department of Veterans Affairs | Delivery of Health Care",MDMA | Military | Psilocybin | Psychedelics | Review | Veterans,,,,,,,eng,,review,low,doi,review,evidence_synthesis,secondary_literature,uncertain,uncertain,1.0,False,secondary_summary,abstract_only,abstract,abstract,Review,,,,,,,,,,,,"3,4-Methylenedioxymethamphetamine (MDMA)- and psilocybin-assisted therapy have shown promising outcomes in efficacy, safety, tolerability, and durability for PTSD and depression, respectively.",,,,"Projected from extraction_v1 coverage_mentions; coverage_type=discusses; relationship is discussed in secondary literature, not treated as primary evidence"
compound_disorder,Psilocybin,depression,depression,therapeutic_indication,,depression,indication,True,,secondary literature coverage,,unclear,,,,unknown,10.1007/s11920-023-01446-4,,"Psychedelic-Assisted Therapy in Military and Veterans Healthcare Systems: Clinical, Legal, and Implementation Considerations",Aaron S. Wolfgang; Charles W. Hoge,2023,Current Psychiatry Reports,journal-article,NCT04264026 | NCT04077437,2023-09-08,1523-3812,1535-1645,Springer Science and Business Media LLC,"United States | Humans | Veterans | Hallucinogens / therapeutic use | N-Methyl-3,4-methylenedioxyamphetamine / therapeutic use | Psilocybin / therapeutic use | United States Department of Veterans Affairs | Delivery of Health Care",MDMA | Military | Psilocybin | Psychedelics | Review | Veterans,,,,,,,eng,,review,low,doi,review,evidence_synthesis,secondary_literature,uncertain,uncertain,1.0,False,secondary_summary,abstract_only,abstract,abstract,Review,,,,,,,,,,,,"3,4-Methylenedioxymethamphetamine (MDMA)- and psilocybin-assisted therapy have shown promising outcomes in efficacy, safety, tolerability, and durability for PTSD and depression, respectively.",,,,"Projected from extraction_v1 coverage_mentions; coverage_type=discusses; relationship is discussed in secondary literature, not treated as primary evidence"
compound_disorder,Ketamine,major depressive disorder,major depressive disorder,therapeutic_indication,,major depressive disorder,indication,True,,secondary literature coverage,,unclear,,,,unknown,10.1007/s40265-017-0702-8,,Ketamine and Beyond: Investigations into the Potential of Glutamatergic Agents to Treat Depression,Marc S. Lener; Bashkim Kadriu; Carlos A. Zarate,2017,Drugs,journal-article,,2017-02-13,0012-6667,1179-1950,Springer Science and Business Media LLC,Depression / drug therapy | Excitatory Amino Acid Agents / administration & dosage | Excitatory Amino Acid Agents / therapeutic use | Humans | Ketamine / administration & dosage | Ketamine / therapeutic use,,Intramural NIH HHS,Z01 MH002857 | Z99 MH999999 | ZIA MH002857,,,,,eng,,review,low,doi,review,evidence_synthesis,secondary_literature,uncertain,uncertain,1.0,False,secondary_summary,abstract_only,abstract,abstract,review,,,,,,,,,,,,"In clinical studies of individuals with major depressive disorder and bipolar depression, rapid reductions in depressive symptoms have been observed in response to subanesthetic-dose ketamine",Intramural NIH HHS,,,"Projected from extraction_v1 coverage_mentions; coverage_type=discusses; relationship is discussed in secondary literature, not treated as primary evidence"
compound_disorder,Ketamine,bipolar depression,bipolar depression,therapeutic_indication,,bipolar depression,indication,True,,secondary literature coverage,,unclear,,,,unknown,10.1007/s40265-017-0702-8,,Ketamine and Beyond: Investigations into the Potential of Glutamatergic Agents to Treat Depression,Marc S. Lener; Bashkim Kadriu; Carlos A. Zarate,2017,Drugs,journal-article,,2017-02-13,0012-6667,1179-1950,Springer Science and Business Media LLC,Depression / drug therapy | Excitatory Amino Acid Agents / administration & dosage | Excitatory Amino Acid Agents / therapeutic use | Humans | Ketamine / administration & dosage | Ketamine / therapeutic use,,Intramural NIH HHS,Z01 MH002857 | Z99 MH999999 | ZIA MH002857,,,,,eng,,review,low,doi,review,evidence_synthesis,secondary_literature,uncertain,uncertain,1.0,False,secondary_summary,abstract_only,abstract,abstract,review,,,,,,,,,,,,"In clinical studies of individuals with major depressive disorder and bipolar depression, rapid reductions in depressive symptoms have been observed in response to subanesthetic-dose ketamine",Intramural NIH HHS,,,"Projected from extraction_v1 coverage_mentions; coverage_type=discusses; relationship is discussed in secondary literature, not treated as primary evidence"
compound_disorder,Esketamine,depression,depression,therapeutic_indication,,depression,indication,True,,secondary literature coverage,,unclear,,,,unknown,10.1007/s40265-017-0702-8,,Ketamine and Beyond: Investigations into the Potential of Glutamatergic Agents to Treat Depression,Marc S. Lener; Bashkim Kadriu; Carlos A. Zarate,2017,Drugs,journal-article,,2017-02-13,0012-6667,1179-1950,Springer Science and Business Media LLC,Depression / drug therapy | Excitatory Amino Acid Agents / administration & dosage | Excitatory Amino Acid Agents / therapeutic use | Humans | Ketamine / administration & dosage | Ketamine / therapeutic use,,Intramural NIH HHS,Z01 MH002857 | Z99 MH999999 | ZIA MH002857,,,,,eng,,review,low,doi,review,evidence_synthesis,secondary_literature,uncertain,uncertain,1.0,False,secondary_summary,abstract_only,abstract,abstract,review,,,,,,,,,,,,"This review highlights the evidence supporting the antidepressant effects of subanesthetic-dose ketamine as well as other glutamatergic modulators, such as D-cycloserine, riluzole, CP-101,606, CERC-301 (previously known as MK-0657), basimglurant, JNJ-40411813, dextromethorphan, nitrous oxide, GLYX-13, and esketamine.",Intramural NIH HHS,,,"Projected from extraction_v1 coverage_mentions; coverage_type=discusses; relationship is discussed in secondary literature, not treated as primary evidence"
compound_disorder,D-cycloserine,depression,depression,therapeutic_indication,,depression,indication,True,,secondary literature coverage,,unclear,,,,unknown,10.1007/s40265-017-0702-8,,Ketamine and Beyond: Investigations into the Potential of Glutamatergic Agents to Treat Depression,Marc S. Lener; Bashkim Kadriu; Carlos A. Zarate,2017,Drugs,journal-article,,2017-02-13,0012-6667,1179-1950,Springer Science and Business Media LLC,Depression / drug therapy | Excitatory Amino Acid Agents / administration & dosage | Excitatory Amino Acid Agents / therapeutic use | Humans | Ketamine / administration & dosage | Ketamine / therapeutic use,,Intramural NIH HHS,Z01 MH002857 | Z99 MH999999 | ZIA MH002857,,,,,eng,,review,low,doi,review,evidence_synthesis,secondary_literature,uncertain,uncertain,1.0,False,secondary_summary,abstract_only,abstract,abstract,review,,,,,,,,,,,,"This review highlights the evidence supporting the antidepressant effects of subanesthetic-dose ketamine as well as other glutamatergic modulators, such as D-cycloserine, riluzole, CP-101,606, CERC-301 (previously known as MK-0657), basimglurant, JNJ-40411813, dextromethorphan, nitrous oxide, GLYX-13, and esketamine.",Intramural NIH HHS,,,"Projected from extraction_v1 coverage_mentions; coverage_type=discusses; relationship is discussed in secondary literature, not treated as primary evidence"
compound_disorder,psilocybin,anxiety,anxiety,therapeutic_indication,,anxiety,indication,True,,secondary literature coverage,,unclear,,,,unknown,10.1016/b978-0-444-64125-0.00049-9,,Classic psychedelics as therapeutics for psychiatric disorders,C. Nichols; P. Hendricks,2020,Handbook of behavioral neuroscience,book-chapter,,2020-01-01,1569-7339,2212-1080,Elsevier,,Psychology | external | s2-fos-model | Medicine,,,,,,,en,69c7dbcb3af8ef23916f31ded686d01d17c145cb,review,low,doi,review,evidence_synthesis,secondary_literature,uncertain,uncertain,1.0,False,secondary_summary,abstract_only,abstract,Abstract,review of clinical trials,,,,,,,,,,,,"There are now data from several clinical trials approved by the proper regulatory agencies in the United States, Europe, and elsewhere, suggesting safety and potentially profound efficacy to treat a variety of psychiatric disorders including anxiety, depression, and addiction.",,,,"Projected from extraction_v1 coverage_mentions; coverage_type=discusses; relationship is discussed in secondary literature, not treated as primary evidence"
compound_disorder,psilocybin,depression,depression,therapeutic_indication,,depression,indication,True,,secondary literature coverage,,unclear,,,,unknown,10.1016/b978-0-444-64125-0.00049-9,,Classic psychedelics as therapeutics for psychiatric disorders,C. Nichols; P. Hendricks,2020,Handbook of behavioral neuroscience,book-chapter,,2020-01-01,1569-7339,2212-1080,Elsevier,,Psychology | external | s2-fos-model | Medicine,,,,,,,en,69c7dbcb3af8ef23916f31ded686d01d17c145cb,review,low,doi,review,evidence_synthesis,secondary_literature,uncertain,uncertain,1.0,False,secondary_summary,abstract_only,abstract,Abstract,review of clinical trials,,,,,,,,,,,,"There are now data from several clinical trials approved by the proper regulatory agencies in the United States, Europe, and elsewhere, suggesting safety and potentially profound efficacy to treat a variety of psychiatric disorders including anxiety, depression, and addiction.",,,,"Projected from extraction_v1 coverage_mentions; coverage_type=discusses; relationship is discussed in secondary literature, not treated as primary evidence"
compound_disorder,psilocybin,addiction,addiction,therapeutic_indication,,addiction,indication,True,,secondary literature coverage,,unclear,,,,unknown,10.1016/b978-0-444-64125-0.00049-9,,Classic psychedelics as therapeutics for psychiatric disorders,C. Nichols; P. Hendricks,2020,Handbook of behavioral neuroscience,book-chapter,,2020-01-01,1569-7339,2212-1080,Elsevier,,Psychology | external | s2-fos-model | Medicine,,,,,,,en,69c7dbcb3af8ef23916f31ded686d01d17c145cb,review,low,doi,review,evidence_synthesis,secondary_literature,uncertain,uncertain,1.0,False,secondary_summary,abstract_only,abstract,Abstract,review of clinical trials,,,,,,,,,,,,"There are now data from several clinical trials approved by the proper regulatory agencies in the United States, Europe, and elsewhere, suggesting safety and potentially profound efficacy to treat a variety of psychiatric disorders including anxiety, depression, and addiction.",,,,"Projected from extraction_v1 coverage_mentions; coverage_type=discusses; relationship is discussed in secondary literature, not treated as primary evidence"
compound_disorder,esketamine,treatment-resistant depression,treatment-resistant depression,therapeutic_indication,,treatment-resistant depression,indication,True,,secondary literature coverage,,unclear,,,,unknown,10.1016/j.jad.2026.121257,,Systematic review and meta-analysis of intranasal esketamine for treatment-resistant depression: Evidence from real-world studies,Clara de Oliveira Lapa; Thiago Viola; Rodrigo Delfino; Luiza Dutra; Gabriela Rubira; Rafaela Jung Kurtz Rodrigues; Sayra Catalina Coral; J. Antoni Ramos-Quiroga; Lucas Spanemberg,2026,Journal of Affective Disorders,journal-article,PROSPERO (CRD420251025075),2026-01-28,0165-0327,1573-2517,Elsevier BV,"Humans | Ketamine / administration & dosage | Ketamine / therapeutic use | Ketamine / adverse effects | Depressive Disorder, Treatment-Resistant / drug therapy | Administration, Intranasal | Antidepressive Agents / administration & dosage | Antidepressive Agents / adverse effects | Treatment Outcome | Adult",Esketamine | Intranasal | Meta-analysis | Real-world evidence | Systematic review | Treatment-resistant depression,,,,,,,eng,,meta_analysis,low,doi,meta_analysis,evidence_synthesis,secondary_literature,uncertain,uncertain,1.0,False,secondary_summary,abstract_only,abstract,abstract,Systematic review and meta-analysis of observational studies,,,,,,,,,,,,"This systematic review and meta-analysis aimed to synthesize real-world evidence of intranasal esketamine in patients with treatment-resistant depression. METHODS: A systematic search was conducted in PubMed, Embase, and PsycINFO up to April 2025 to identify observational studies reporting clinical outcomes of intranasal esketamine in adults with treatment-resistant depression. Standardized mean changes in depressive symptoms and odds ratios for remission were calculated. Random-effects meta-analyses were performed, followed by meta-regression to explore potential moderators. The study protocol was prospectively registered in PROSPERO (CRD420251025075). RESULTS: Nine studies were included in the final synthesis. The analyses demonstrated that intranasal esketamine showed substantial effectiveness, with an effect size of Hedges' g = -1.98 (95% CI -2.94 to -1.03; p < 0.0001). Patients were about five times more likely to achieve remission at three months compared with the induction phase (OR = 5.1, 95% CI 2.29-11.39).",,,,"Projected from extraction_v1 coverage_mentions; coverage_type=reviews; relationship is discussed in secondary literature, not treated as primary evidence"
compound_disorder,esketamine,adverse events,adverse events,therapeutic_indication,,adverse events,indication,True,,secondary literature coverage,,unclear,,,,unknown,10.1016/j.jad.2026.121257,,Systematic review and meta-analysis of intranasal esketamine for treatment-resistant depression: Evidence from real-world studies,Clara de Oliveira Lapa; Thiago Viola; Rodrigo Delfino; Luiza Dutra; Gabriela Rubira; Rafaela Jung Kurtz Rodrigues; Sayra Catalina Coral; J. Antoni Ramos-Quiroga; Lucas Spanemberg,2026,Journal of Affective Disorders,journal-article,PROSPERO (CRD420251025075),2026-01-28,0165-0327,1573-2517,Elsevier BV,"Humans | Ketamine / administration & dosage | Ketamine / therapeutic use | Ketamine / adverse effects | Depressive Disorder, Treatment-Resistant / drug therapy | Administration, Intranasal | Antidepressive Agents / administration & dosage | Antidepressive Agents / adverse effects | Treatment Outcome | Adult",Esketamine | Intranasal | Meta-analysis | Real-world evidence | Systematic review | Treatment-resistant depression,,,,,,,eng,,meta_analysis,low,doi,meta_analysis,evidence_synthesis,secondary_literature,uncertain,uncertain,1.0,False,secondary_summary,abstract_only,abstract,abstract,Systematic review and meta-analysis of observational studies,,,,,,,,,,,,"The pooled prevalence of any adverse event, based on studies that reported safety data, was 82% (95% CI 69-92). The most frequent was dissociation, reported in 49% of patients (95% CI 37-62).",,,,"Projected from extraction_v1 coverage_mentions; coverage_type=reviews; relationship is discussed in secondary literature, not treated as primary evidence"
compound_disorder,psychedelic treatments,psychiatric and addictive disorders,psychiatric and addictive disorders,therapeutic_indication,,psychiatric and addictive disorders,indication,True,,secondary literature coverage,,unclear,,,,unknown,10.1016/j.jpsychires.2021.03.002,,Clinical and biological predictors of psychedelic response in the treatment of psychiatric and addictive disorders: A systematic review,Bruno Romeo; Marianne Hermand; Amélie Pétillion; Laurent Karila; Amine Benyamina,2021,Journal of Psychiatric Research,journal-article,,2021-03-07,0022-3956,1879-1379,Elsevier BV,"Anxiety | Anxiety Disorders / drug therapy | Behavior, Addictive | Hallucinogens / pharmacology | Hallucinogens / therapeutic use | Humans | Psilocybin / therapeutic use",Addictive disorders | Ayahuasca | Psilocybin | Psychedelics | Psychiatric disorders,,,,,,,eng,,systematic_review,low,doi,systematic_review,evidence_synthesis,secondary_literature,uncertain,uncertain,1.0,False,secondary_summary,abstract_only,abstract,abstract,systematic review,,,,,,,,,,,,The use of psychedelic treatments has shown very promising results in some psychiatric and addictive disorders,,,,"Projected from extraction_v1 coverage_mentions; coverage_type=reviews; relationship is discussed in secondary literature, not treated as primary evidence"
compound_disorder,psychedelics,addictive disorder,addictive disorder,therapeutic_indication,,addictive disorder,indication,True,,secondary literature coverage,,unclear,,,,unknown,10.1016/j.jpsychires.2021.03.002,,Clinical and biological predictors of psychedelic response in the treatment of psychiatric and addictive disorders: A systematic review,Bruno Romeo; Marianne Hermand; Amélie Pétillion; Laurent Karila; Amine Benyamina,2021,Journal of Psychiatric Research,journal-article,,2021-03-07,0022-3956,1879-1379,Elsevier BV,"Anxiety | Anxiety Disorders / drug therapy | Behavior, Addictive | Hallucinogens / pharmacology | Hallucinogens / therapeutic use | Humans | Psilocybin / therapeutic use",Addictive disorders | Ayahuasca | Psilocybin | Psychedelics | Psychiatric disorders,,,,,,,eng,,systematic_review,low,doi,systematic_review,evidence_synthesis,secondary_literature,uncertain,uncertain,1.0,False,secondary_summary,abstract_only,abstract,abstract,systematic review,,,,,,,,,,,,"Twenty studies investigating addictive disorder, treatment-resistant depression, obsessive-compulsive disorder and depressive and anxiety symptoms in patients with life-threatening cancer were included in this review.",,,,"Projected from extraction_v1 coverage_mentions; coverage_type=reviews; relationship is discussed in secondary literature, not treated as primary evidence"
compound_disorder,psychedelics,treatment-resistant depression,treatment-resistant depression,therapeutic_indication,,treatment-resistant depression,indication,True,,secondary literature coverage,,unclear,,,,unknown,10.1016/j.jpsychires.2021.03.002,,Clinical and biological predictors of psychedelic response in the treatment of psychiatric and addictive disorders: A systematic review,Bruno Romeo; Marianne Hermand; Amélie Pétillion; Laurent Karila; Amine Benyamina,2021,Journal of Psychiatric Research,journal-article,,2021-03-07,0022-3956,1879-1379,Elsevier BV,"Anxiety | Anxiety Disorders / drug therapy | Behavior, Addictive | Hallucinogens / pharmacology | Hallucinogens / therapeutic use | Humans | Psilocybin / therapeutic use",Addictive disorders | Ayahuasca | Psilocybin | Psychedelics | Psychiatric disorders,,,,,,,eng,,systematic_review,low,doi,systematic_review,evidence_synthesis,secondary_literature,uncertain,uncertain,1.0,False,secondary_summary,abstract_only,abstract,abstract,systematic review,,,,,,,,,,,,"Twenty studies investigating addictive disorder, treatment-resistant depression, obsessive-compulsive disorder and depressive and anxiety symptoms in patients with life-threatening cancer were included in this review.",,,,"Projected from extraction_v1 coverage_mentions; coverage_type=reviews; relationship is discussed in secondary literature, not treated as primary evidence"
compound_disorder,psychedelics,obsessive-compulsive disorder,obsessive-compulsive disorder,therapeutic_indication,,obsessive-compulsive disorder,indication,True,,secondary literature coverage,,unclear,,,,unknown,10.1016/j.jpsychires.2021.03.002,,Clinical and biological predictors of psychedelic response in the treatment of psychiatric and addictive disorders: A systematic review,Bruno Romeo; Marianne Hermand; Amélie Pétillion; Laurent Karila; Amine Benyamina,2021,Journal of Psychiatric Research,journal-article,,2021-03-07,0022-3956,1879-1379,Elsevier BV,"Anxiety | Anxiety Disorders / drug therapy | Behavior, Addictive | Hallucinogens / pharmacology | Hallucinogens / therapeutic use | Humans | Psilocybin / therapeutic use",Addictive disorders | Ayahuasca | Psilocybin | Psychedelics | Psychiatric disorders,,,,,,,eng,,systematic_review,low,doi,systematic_review,evidence_synthesis,secondary_literature,uncertain,uncertain,1.0,False,secondary_summary,abstract_only,abstract,abstract,systematic review,,,,,,,,,,,,"Twenty studies investigating addictive disorder, treatment-resistant depression, obsessive-compulsive disorder and depressive and anxiety symptoms in patients with life-threatening cancer were included in this review.",,,,"Projected from extraction_v1 coverage_mentions; coverage_type=reviews; relationship is discussed in secondary literature, not treated as primary evidence"
compound_disorder,psychedelics,depressive and anxiety symptoms,depressive and anxiety symptoms,therapeutic_indication,,depressive and anxiety symptoms,indication,True,,secondary literature coverage,,unclear,,,,unknown,10.1016/j.jpsychires.2021.03.002,,Clinical and biological predictors of psychedelic response in the treatment of psychiatric and addictive disorders: A systematic review,Bruno Romeo; Marianne Hermand; Amélie Pétillion; Laurent Karila; Amine Benyamina,2021,Journal of Psychiatric Research,journal-article,,2021-03-07,0022-3956,1879-1379,Elsevier BV,"Anxiety | Anxiety Disorders / drug therapy | Behavior, Addictive | Hallucinogens / pharmacology | Hallucinogens / therapeutic use | Humans | Psilocybin / therapeutic use",Addictive disorders | Ayahuasca | Psilocybin | Psychedelics | Psychiatric disorders,,,,,,,eng,,systematic_review,low,doi,systematic_review,evidence_synthesis,secondary_literature,uncertain,uncertain,1.0,False,secondary_summary,abstract_only,abstract,abstract,systematic review,,,,,,,,,,,,"Twenty studies investigating addictive disorder, treatment-resistant depression, obsessive-compulsive disorder and depressive and anxiety symptoms in patients with life-threatening cancer were included in this review.",,,,"Projected from extraction_v1 coverage_mentions; coverage_type=reviews; relationship is discussed in secondary literature, not treated as primary evidence"
compound_disorder,psychedelics,alcohol use disorders,alcohol use disorders,therapeutic_indication,,alcohol use disorders,indication,True,,secondary literature coverage,,unclear,,,,unknown,10.1016/j.jpsychires.2021.03.002,,Clinical and biological predictors of psychedelic response in the treatment of psychiatric and addictive disorders: A systematic review,Bruno Romeo; Marianne Hermand; Amélie Pétillion; Laurent Karila; Amine Benyamina,2021,Journal of Psychiatric Research,journal-article,,2021-03-07,0022-3956,1879-1379,Elsevier BV,"Anxiety | Anxiety Disorders / drug therapy | Behavior, Addictive | Hallucinogens / pharmacology | Hallucinogens / therapeutic use | Humans | Psilocybin / therapeutic use",Addictive disorders | Ayahuasca | Psilocybin | Psychedelics | Psychiatric disorders,,,,,,,eng,,systematic_review,low,doi,systematic_review,evidence_synthesis,secondary_literature,uncertain,uncertain,1.0,False,secondary_summary,abstract_only,abstract,abstract,systematic review,,,,,,,,,,,,"Indeed, we found this factor for alcohol and tobacco use disorders, treatment-resistant depression, and anxiety and depressive symptoms in patients with life-threatening cancer, but not for obsessive-compulsive disorder.",,,,"Projected from extraction_v1 coverage_mentions; coverage_type=reviews; relationship is discussed in secondary literature, not treated as primary evidence"
compound_disorder,psychedelics,tobacco use disorders,tobacco use disorders,therapeutic_indication,,tobacco use disorders,indication,True,,secondary literature coverage,,unclear,,,,unknown,10.1016/j.jpsychires.2021.03.002,,Clinical and biological predictors of psychedelic response in the treatment of psychiatric and addictive disorders: A systematic review,Bruno Romeo; Marianne Hermand; Amélie Pétillion; Laurent Karila; Amine Benyamina,2021,Journal of Psychiatric Research,journal-article,,2021-03-07,0022-3956,1879-1379,Elsevier BV,"Anxiety | Anxiety Disorders / drug therapy | Behavior, Addictive | Hallucinogens / pharmacology | Hallucinogens / therapeutic use | Humans | Psilocybin / therapeutic use",Addictive disorders | Ayahuasca | Psilocybin | Psychedelics | Psychiatric disorders,,,,,,,eng,,systematic_review,low,doi,systematic_review,evidence_synthesis,secondary_literature,uncertain,uncertain,1.0,False,secondary_summary,abstract_only,abstract,abstract,systematic review,,,,,,,,,,,,"Indeed, we found this factor for alcohol and tobacco use disorders, treatment-resistant depression, and anxiety and depressive symptoms in patients with life-threatening cancer, but not for obsessive-compulsive disorder.",,,,"Projected from extraction_v1 coverage_mentions; coverage_type=reviews; relationship is discussed in secondary literature, not treated as primary evidence"
compound_disorder,ketamine,pain management,pain management,therapeutic_indication,,pain management,indication,True,,secondary literature coverage,,unclear,,,,unknown,10.1016/j.ncl.2025.04.007,,The Future of Pain Management,Pravarakhya Puppalla; Tara Menon Pattilachan; Rodrigo Salmeron de Toledo Aguiar; Charles E. Argoff; Julie G. Pilitsis,2025,Neurologic Clinics,journal-article,,2025-06-12,0733-8619,1557-9875,Elsevier BV,Humans | Pain Management / trends | Pain Management / methods | Chronic Pain / therapy | Pain / drug therapy,Acute pain | Chronic pain | Pain | Pain intervention | Pain management | Pain medication | Pain treatment,,,,,,,eng,,review,low,doi,review,evidence_synthesis,secondary_literature,uncertain,uncertain,1.0,False,secondary_summary,abstract_only,abstract,abstract,review,,,,,,,,,,,,"novel medications (such as ketamine, psychedelics, and cannabinoids)",,,,"Projected from extraction_v1 coverage_mentions; coverage_type=discusses; relationship is discussed in secondary literature, not treated as primary evidence"
compound_disorder,psychedelics,pain management,pain management,therapeutic_indication,,pain management,indication,True,,secondary literature coverage,,unclear,,,,unknown,10.1016/j.ncl.2025.04.007,,The Future of Pain Management,Pravarakhya Puppalla; Tara Menon Pattilachan; Rodrigo Salmeron de Toledo Aguiar; Charles E. Argoff; Julie G. Pilitsis,2025,Neurologic Clinics,journal-article,,2025-06-12,0733-8619,1557-9875,Elsevier BV,Humans | Pain Management / trends | Pain Management / methods | Chronic Pain / therapy | Pain / drug therapy,Acute pain | Chronic pain | Pain | Pain intervention | Pain management | Pain medication | Pain treatment,,,,,,,eng,,review,low,doi,review,evidence_synthesis,secondary_literature,uncertain,uncertain,1.0,False,secondary_summary,abstract_only,abstract,abstract,review,,,,,,,,,,,,"novel medications (such as ketamine, psychedelics, and cannabinoids)",,,,"Projected from extraction_v1 coverage_mentions; coverage_type=discusses; relationship is discussed in secondary literature, not treated as primary evidence"
compound_disorder,Psychedelics,Anxiety disorders,Anxiety disorders,therapeutic_indication,,Anxiety disorders,indication,True,,secondary literature coverage,,unclear,,,,unknown,10.1016/j.neuropharm.2023.109418,,Alleviating anxiety and taming trauma: Novel pharmacotherapeutics for anxiety disorders and posttraumatic stress disorder,Nicolas Singewald; Simone B. Sartori; Andreas Reif; Andrew Holmes,2023,Neuropharmacology,journal-article,,2023-01-06,0028-3908,1873-7064,Elsevier BV,"Humans | Stress Disorders, Post-Traumatic / drug therapy | Stress Disorders, Post-Traumatic / psychology | Anxiety Disorders / drug therapy | Anxiety / drug therapy",Anxiolytic pharmacological therapy | Cognitive enhancers of exposure therapy | Evidence-based drug discovery | Psychedelics | RDoC,Austrian Science Fund FWF | Intramural NIH HHS,I 3875 | Z01 AA000411,,,,,eng,,review,low,doi,review,evidence_synthesis,secondary_literature,uncertain,uncertain,1.0,False,secondary_summary,abstract_only,abstract,abstract,review,,,,,,,,,,,,"The evaluation of putative treatments targeting monoamine (including psychedelics), GABA, glutamate, cannabinoid, cholinergic and neuropeptide systems, amongst others, are discussed.",Austrian Science Fund FWF | Intramural NIH HHS,,,"Projected from extraction_v1 coverage_mentions; coverage_type=discusses; relationship is discussed in secondary literature, not treated as primary evidence"
compound_disorder,Psychedelics,Posttraumatic stress disorder,Posttraumatic stress disorder,therapeutic_indication,,Posttraumatic stress disorder,indication,True,,secondary literature coverage,,unclear,,,,unknown,10.1016/j.neuropharm.2023.109418,,Alleviating anxiety and taming trauma: Novel pharmacotherapeutics for anxiety disorders and posttraumatic stress disorder,Nicolas Singewald; Simone B. Sartori; Andreas Reif; Andrew Holmes,2023,Neuropharmacology,journal-article,,2023-01-06,0028-3908,1873-7064,Elsevier BV,"Humans | Stress Disorders, Post-Traumatic / drug therapy | Stress Disorders, Post-Traumatic / psychology | Anxiety Disorders / drug therapy | Anxiety / drug therapy",Anxiolytic pharmacological therapy | Cognitive enhancers of exposure therapy | Evidence-based drug discovery | Psychedelics | RDoC,Austrian Science Fund FWF | Intramural NIH HHS,I 3875 | Z01 AA000411,,,,,eng,,review,low,doi,review,evidence_synthesis,secondary_literature,uncertain,uncertain,1.0,False,secondary_summary,abstract_only,abstract,abstract,review,,,,,,,,,,,,"The evaluation of putative treatments targeting monoamine (including psychedelics), GABA, glutamate, cannabinoid, cholinergic and neuropeptide systems, amongst others, are discussed.",Austrian Science Fund FWF | Intramural NIH HHS,,,"Projected from extraction_v1 coverage_mentions; coverage_type=discusses; relationship is discussed in secondary literature, not treated as primary evidence"
compound_disorder,psilocybin,Major Depressive Disorder,Major Depressive Disorder,therapeutic_indication,,Major Depressive Disorder,indication,True,,secondary literature coverage,,unclear,,,,unknown,10.1016/j.psychres.2024.116337,,Efficacy and safety of psilocybin in the treatment of Major Depressive Disorder (MDD): A dose-response network meta-analysis of randomized placebo-controlled clinical trials,Damian Swieczkowski; Aleksander Kwaśny; Michal Pruc; Zuzanna Gaca; Lukasz Szarpak; Wiesław J. Cubała,2024,Psychiatry Research,journal-article,,2024-12-23,0165-1781,1872-7123,Elsevier BV,"Humans | Major Depressive Disorder / drug therapy | Psilocybin / administration & dosage | Psilocybin / adverse effects | Psilocybin / pharmacology | Randomized Controlled Trials as Topic | Dose-Response Relationship, Drug | Hallucinogens / administration & dosage | Hallucinogens / adverse effects | Hallucinogens / pharmacology | Outcome Assessment, Health Care / statistics & numerical data | Depressive Disorder, Treatment-Resistant / drug therapy | Adult",Antidepressive agents | Major depressive disorder | Psilocybin | Psychedelic drug | Rapid-acting antidepressant | Treatment-resistant depression,,,,,,,eng,,meta_analysis,low,doi,meta_analysis,evidence_synthesis,secondary_literature,uncertain,uncertain,1.0,False,secondary_summary,abstract_only,abstract,abstract,systematic review and Dose-Response Network Meta-Analysis (NMA) of Randomized Placebo-Controlled Clinical Trials (RCTs),,,,,,,,,,,,"Psilocybin significantly reduced symptoms compared to placebo at Day 8 (MD = -7.42; 95 % CI:10.07 to -4.78; p < 0.001) and Day 15 (MD = -9.55; 95 % CI:12.44 to -6.65; p < 0.001), without significant effects on Day 2.",,,,"Projected from extraction_v1 coverage_mentions; coverage_type=summarizes; relationship is discussed in secondary literature, not treated as primary evidence"
compound_disorder,psilocybin,optimal dose,optimal dose,therapeutic_indication,,optimal dose,indication,True,,secondary literature coverage,,unclear,,,,unknown,10.1016/j.psychres.2024.116337,,Efficacy and safety of psilocybin in the treatment of Major Depressive Disorder (MDD): A dose-response network meta-analysis of randomized placebo-controlled clinical trials,Damian Swieczkowski; Aleksander Kwaśny; Michal Pruc; Zuzanna Gaca; Lukasz Szarpak; Wiesław J. Cubała,2024,Psychiatry Research,journal-article,,2024-12-23,0165-1781,1872-7123,Elsevier BV,"Humans | Major Depressive Disorder / drug therapy | Psilocybin / administration & dosage | Psilocybin / adverse effects | Psilocybin / pharmacology | Randomized Controlled Trials as Topic | Dose-Response Relationship, Drug | Hallucinogens / administration & dosage | Hallucinogens / adverse effects | Hallucinogens / pharmacology | Outcome Assessment, Health Care / statistics & numerical data | Depressive Disorder, Treatment-Resistant / drug therapy | Adult",Antidepressive agents | Major depressive disorder | Psilocybin | Psychedelic drug | Rapid-acting antidepressant | Treatment-resistant depression,,,,,,,eng,,meta_analysis,low,doi,meta_analysis,evidence_synthesis,secondary_literature,uncertain,uncertain,1.0,False,secondary_summary,abstract_only,abstract,abstract,systematic review and Dose-Response Network Meta-Analysis (NMA) of Randomized Placebo-Controlled Clinical Trials (RCTs),,,,,,,,,,,,"The NMA indicated that a 25 mg dose was the most effective, with a SUCRA value of 92.25 %, compared to doses of 0.215 mg/kg and 10 mg.",,,,"Projected from extraction_v1 coverage_mentions; coverage_type=summarizes; relationship is discussed in secondary literature, not treated as primary evidence"
compound_disorder,psilocybin,adverse events,adverse events,therapeutic_indication,,adverse events,indication,True,,secondary literature coverage,,unclear,,,,unknown,10.1016/j.psychres.2024.116337,,Efficacy and safety of psilocybin in the treatment of Major Depressive Disorder (MDD): A dose-response network meta-analysis of randomized placebo-controlled clinical trials,Damian Swieczkowski; Aleksander Kwaśny; Michal Pruc; Zuzanna Gaca; Lukasz Szarpak; Wiesław J. Cubała,2024,Psychiatry Research,journal-article,,2024-12-23,0165-1781,1872-7123,Elsevier BV,"Humans | Major Depressive Disorder / drug therapy | Psilocybin / administration & dosage | Psilocybin / adverse effects | Psilocybin / pharmacology | Randomized Controlled Trials as Topic | Dose-Response Relationship, Drug | Hallucinogens / administration & dosage | Hallucinogens / adverse effects | Hallucinogens / pharmacology | Outcome Assessment, Health Care / statistics & numerical data | Depressive Disorder, Treatment-Resistant / drug therapy | Adult",Antidepressive agents | Major depressive disorder | Psilocybin | Psychedelic drug | Rapid-acting antidepressant | Treatment-resistant depression,,,,,,,eng,,meta_analysis,low,doi,meta_analysis,evidence_synthesis,secondary_literature,uncertain,uncertain,1.0,False,secondary_summary,abstract_only,abstract,abstract,systematic review and Dose-Response Network Meta-Analysis (NMA) of Randomized Placebo-Controlled Clinical Trials (RCTs),,,,,,,,,,,,"However, psilocybin was associated with a higher risk of adverse events, particularly nausea (RR = 8.35; p < 0.001).",,,,"Projected from extraction_v1 coverage_mentions; coverage_type=summarizes; relationship is discussed in secondary literature, not treated as primary evidence"
compound_disorder,psilocybin,Treatment-Resistant Depression,Treatment-Resistant Depression,therapeutic_indication,,Treatment-Resistant Depression,indication,True,,secondary literature coverage,,unclear,,,,unknown,10.1016/j.psychres.2024.116337,,Efficacy and safety of psilocybin in the treatment of Major Depressive Disorder (MDD): A dose-response network meta-analysis of randomized placebo-controlled clinical trials,Damian Swieczkowski; Aleksander Kwaśny; Michal Pruc; Zuzanna Gaca; Lukasz Szarpak; Wiesław J. Cubała,2024,Psychiatry Research,journal-article,,2024-12-23,0165-1781,1872-7123,Elsevier BV,"Humans | Major Depressive Disorder / drug therapy | Psilocybin / administration & dosage | Psilocybin / adverse effects | Psilocybin / pharmacology | Randomized Controlled Trials as Topic | Dose-Response Relationship, Drug | Hallucinogens / administration & dosage | Hallucinogens / adverse effects | Hallucinogens / pharmacology | Outcome Assessment, Health Care / statistics & numerical data | Depressive Disorder, Treatment-Resistant / drug therapy | Adult",Antidepressive agents | Major depressive disorder | Psilocybin | Psychedelic drug | Rapid-acting antidepressant | Treatment-resistant depression,,,,,,,eng,,meta_analysis,low,doi,meta_analysis,evidence_synthesis,secondary_literature,uncertain,uncertain,0.9,False,secondary_summary,abstract_only,abstract,abstract,systematic review and Dose-Response Network Meta-Analysis (NMA) of Randomized Placebo-Controlled Clinical Trials (RCTs),,,,,,,,,,,,Selecting the optimal dose of psilocybin for treating Major Depressive Disorder (MDD) and Treatment-Resistant Depression (TRD) is crucial for clinical development and regulatory approval.,,,,"Projected from extraction_v1 coverage_mentions; coverage_type=discusses; relationship is discussed in secondary literature, not treated as primary evidence"
compound_disorder,Ketamine,treatment-resistant depression,treatment-resistant depression,therapeutic_indication,,treatment-resistant depression,indication,True,,secondary literature coverage,,unclear,,,,unknown,10.1016/j.psychres.2025.116559,,"Lessons learned from the regulatory alignment in ketamine, esketamine and arketamine clinical trials: A cross-sectional analysis of protocols from ClinicalTrials.gov",Damian Swieczkowski; Aleksander Kwaśny; Krzysztof Sadko; Michal Pruc; Zuzanna Gaca; Lukasz Szarpak; Wiesław Jerzy Cubała,2025,Psychiatry Research,journal-article,,2025-05-22,0165-1781,1872-7123,Elsevier BV,"Ketamine / analogs & derivatives | Ketamine / therapeutic use | Ketamine / adverse effects | Ketamine / pharmacology | Humans | Cross-Sectional Studies | Depressive Disorder, Treatment-Resistant / drug therapy | Clinical Trials as Topic / standards | Antidepressive Agents / therapeutic use | Outcome Assessment, Health Care",Arketamine | Clinical trials | Esketamine | Ketamine | Mood disorders,,,,,,,eng,,review,low,doi,review,evidence_synthesis,secondary_literature,uncertain,uncertain,1.0,False,secondary_summary,abstract_only,abstract,abstract,cross-sectional analysis of clinical trial protocols,,,,,,,,,,,,"Ketamine and its enantiomers, esketamine and arketamine, have emerged as promising treatments for treatment-resistant depression (TRD).",,,,"Projected from extraction_v1 coverage_mentions; coverage_type=discusses; relationship is discussed in secondary literature, not treated as primary evidence"
compound_disorder,Psilocybin,mental health disorders,mental health disorders,therapeutic_indication,,mental health disorders,indication,True,,secondary literature coverage,,unclear,,,,unknown,10.1016/j.psychres.2025.116559,,"Lessons learned from the regulatory alignment in ketamine, esketamine and arketamine clinical trials: A cross-sectional analysis of protocols from ClinicalTrials.gov",Damian Swieczkowski; Aleksander Kwaśny; Krzysztof Sadko; Michal Pruc; Zuzanna Gaca; Lukasz Szarpak; Wiesław Jerzy Cubała,2025,Psychiatry Research,journal-article,,2025-05-22,0165-1781,1872-7123,Elsevier BV,"Ketamine / analogs & derivatives | Ketamine / therapeutic use | Ketamine / adverse effects | Ketamine / pharmacology | Humans | Cross-Sectional Studies | Depressive Disorder, Treatment-Resistant / drug therapy | Clinical Trials as Topic / standards | Antidepressive Agents / therapeutic use | Outcome Assessment, Health Care",Arketamine | Clinical trials | Esketamine | Ketamine | Mood disorders,,,,,,,eng,,review,low,doi,review,evidence_synthesis,secondary_literature,uncertain,uncertain,0.9,False,secondary_summary,abstract_only,abstract,abstract,cross-sectional analysis of clinical trial protocols,,,,,,,,,,,,"The potential lessons learned from these trials could be instrumental in guiding future research on other psychedelics currently under investigation for mental health disorders, such as psilocybin and DMT",,,,"Projected from extraction_v1 coverage_mentions; coverage_type=mentions; relationship is discussed in secondary literature, not treated as primary evidence"
compound_disorder,DMT,mental health disorders,mental health disorders,therapeutic_indication,,mental health disorders,indication,True,,secondary literature coverage,,unclear,,,,unknown,10.1016/j.psychres.2025.116559,,"Lessons learned from the regulatory alignment in ketamine, esketamine and arketamine clinical trials: A cross-sectional analysis of protocols from ClinicalTrials.gov",Damian Swieczkowski; Aleksander Kwaśny; Krzysztof Sadko; Michal Pruc; Zuzanna Gaca; Lukasz Szarpak; Wiesław Jerzy Cubała,2025,Psychiatry Research,journal-article,,2025-05-22,0165-1781,1872-7123,Elsevier BV,"Ketamine / analogs & derivatives | Ketamine / therapeutic use | Ketamine / adverse effects | Ketamine / pharmacology | Humans | Cross-Sectional Studies | Depressive Disorder, Treatment-Resistant / drug therapy | Clinical Trials as Topic / standards | Antidepressive Agents / therapeutic use | Outcome Assessment, Health Care",Arketamine | Clinical trials | Esketamine | Ketamine | Mood disorders,,,,,,,eng,,review,low,doi,review,evidence_synthesis,secondary_literature,uncertain,uncertain,0.9,False,secondary_summary,abstract_only,abstract,abstract,cross-sectional analysis of clinical trial protocols,,,,,,,,,,,,"The potential lessons learned from these trials could be instrumental in guiding future research on other psychedelics currently under investigation for mental health disorders, such as psilocybin and DMT",,,,"Projected from extraction_v1 coverage_mentions; coverage_type=mentions; relationship is discussed in secondary literature, not treated as primary evidence"
compound_disorder,ketamine,pain,pain,therapeutic_indication,,pain,indication,True,,secondary literature coverage,,unclear,,,,unknown,10.1038/aps.2016.5,,Ketamine use in current clinical practice,Mei Gao; Damoon Rejaei; Hong Liu,2016,Acta Pharmacologica Sinica,journal-article,,2016-03-28,1671-4083,1745-7254,Springer Science and Business Media LLC,Depression / drug therapy | Humans | Ketamine / adverse effects | Ketamine / therapeutic use | Pain / drug therapy | Pain Management | Suicide Prevention,,,,,,,,eng,,review,low,doi,review,evidence_synthesis,secondary_literature,uncertain,uncertain,1.0,False,secondary_summary,abstract_only,abstract,abstract,review,,,,,,,,,,,,ketamine still occupies a unique corner in the medical armamentarium of anesthesiologists or clinicians treating pain.,,,,"Projected from extraction_v1 coverage_mentions; coverage_type=discusses; relationship is discussed in secondary literature, not treated as primary evidence"
compound_disorder,ketamine,pediatric pain,pediatric pain,therapeutic_indication,,pediatric pain,indication,True,,secondary literature coverage,,unclear,,,,unknown,10.1038/aps.2016.5,,Ketamine use in current clinical practice,Mei Gao; Damoon Rejaei; Hong Liu,2016,Acta Pharmacologica Sinica,journal-article,,2016-03-28,1671-4083,1745-7254,Springer Science and Business Media LLC,Depression / drug therapy | Humans | Ketamine / adverse effects | Ketamine / therapeutic use | Pain / drug therapy | Pain Management | Suicide Prevention,,,,,,,,eng,,review,low,doi,review,evidence_synthesis,secondary_literature,uncertain,uncertain,1.0,False,secondary_summary,abstract_only,abstract,abstract,review,,,,,,,,,,,,"Nowadays, ketamine is also being utilized for pediatric pain control in emergency department",,,,"Projected from extraction_v1 coverage_mentions; coverage_type=discusses; relationship is discussed in secondary literature, not treated as primary evidence"
compound_disorder,ketamine,acute and chronic pain,acute and chronic pain,therapeutic_indication,,acute and chronic pain,indication,True,,secondary literature coverage,,unclear,,,,unknown,10.1038/aps.2016.5,,Ketamine use in current clinical practice,Mei Gao; Damoon Rejaei; Hong Liu,2016,Acta Pharmacologica Sinica,journal-article,,2016-03-28,1671-4083,1745-7254,Springer Science and Business Media LLC,Depression / drug therapy | Humans | Ketamine / adverse effects | Ketamine / therapeutic use | Pain / drug therapy | Pain Management | Suicide Prevention,,,,,,,,eng,,review,low,doi,review,evidence_synthesis,secondary_literature,uncertain,uncertain,1.0,False,secondary_summary,abstract_only,abstract,abstract,review,,,,,,,,,,,,with its anti-hyperalgesic and anti-inflammatory effects being revealed in acute and chronic pain management.,,,,"Projected from extraction_v1 coverage_mentions; coverage_type=discusses; relationship is discussed in secondary literature, not treated as primary evidence"
compound_disorder,ketamine,depression,depression,therapeutic_indication,,depression,indication,True,,secondary literature coverage,,unclear,,,,unknown,10.1038/aps.2016.5,,Ketamine use in current clinical practice,Mei Gao; Damoon Rejaei; Hong Liu,2016,Acta Pharmacologica Sinica,journal-article,,2016-03-28,1671-4083,1745-7254,Springer Science and Business Media LLC,Depression / drug therapy | Humans | Ketamine / adverse effects | Ketamine / therapeutic use | Pain / drug therapy | Pain Management | Suicide Prevention,,,,,,,,eng,,review,low,doi,review,evidence_synthesis,secondary_literature,uncertain,uncertain,1.0,False,secondary_summary,abstract_only,abstract,abstract,review,,,,,,,,,,,,"Recently, new insights have been gained on ketamine's potential anti-depressive and antisuicidal effects.",,,,"Projected from extraction_v1 coverage_mentions; coverage_type=discusses; relationship is discussed in secondary literature, not treated as primary evidence"
compound_disorder,ketamine,suicidal ideation,suicidal ideation,therapeutic_indication,,suicidal ideation,indication,True,,secondary literature coverage,,unclear,,,,unknown,10.1038/aps.2016.5,,Ketamine use in current clinical practice,Mei Gao; Damoon Rejaei; Hong Liu,2016,Acta Pharmacologica Sinica,journal-article,,2016-03-28,1671-4083,1745-7254,Springer Science and Business Media LLC,Depression / drug therapy | Humans | Ketamine / adverse effects | Ketamine / therapeutic use | Pain / drug therapy | Pain Management | Suicide Prevention,,,,,,,,eng,,review,low,doi,review,evidence_synthesis,secondary_literature,uncertain,uncertain,1.0,False,secondary_summary,abstract_only,abstract,abstract,review,,,,,,,,,,,,"Recently, new insights have been gained on ketamine's potential anti-depressive and antisuicidal effects.",,,,"Projected from extraction_v1 coverage_mentions; coverage_type=discusses; relationship is discussed in secondary literature, not treated as primary evidence"
compound_disorder,"ayahuasca, ibogaine, peyote, LSD",addiction to another substance (alcohol and opiates),addiction to another substance (alcohol and opiates),therapeutic_indication,,addiction to another substance (alcohol and opiates),indication,True,,secondary literature coverage,,unclear,,,,unknown,10.1080/02791072.2002.10399960,,Hallucinogens and Redemption,Marlene Dobkin de Rios; Charles S. Grob; John R. Baker,2002,Journal of Psychoactive Drugs,journal-article,,2002-09-01,0279-1072,2159-9777,Informa UK Limited,"Africa, Western | Americas | Banisteriopsis / adverse effects | Brazil | Cross-Cultural Comparison | Hallucinogens / adverse effects | Humans | Life Change Events | Lysergic Acid Diethylamide / adverse effects | Mescaline / adverse effects | Peru | Plant Extracts / adverse effects | Religion and Medicine | Religion and Psychology | Religious Philosophies | Substance-Related Disorders / etiology | Tabernaemontana / adverse effects",,,,,,,,eng,,review,low,doi,review,evidence_synthesis,secondary_literature,uncertain,uncertain,0.9,False,secondary_summary,abstract_only,abstract,abstract,review,,,,,,,,,,,,The redemptive model posits that the proper use of one psychoactive substance within a spiritual or clinical context helps to free an individual from the adverse effects of their addiction to another substance and thus restores them as functioning members of their community or group. ... abstinence goals from addictive substances such as alcohol and opiates.,,,,"Projected from extraction_v1 coverage_mentions; coverage_type=discusses; relationship is discussed in secondary literature, not treated as primary evidence"
compound_disorder,psilocybin,depression,depression,therapeutic_indication,,depression,indication,True,,secondary literature coverage,,unclear,,,,unknown,10.1080/13803395.2024.2363343,,The effects of psilocybin on cognition and emotional processing in healthy adults and adults with depression: a systematic literature review,Laura Ramos; Selene G. Vicente,2024,Journal of Clinical and Experimental Neuropsychology,journal-article,,2024-05-27,1380-3395,1744-411X,Informa UK Limited,Humans | Psilocybin / pharmacology | Psilocybin / administration & dosage | Adult | Emotions / drug effects | Emotions / physiology | Cognition / drug effects | Cognition / physiology | Hallucinogens / pharmacology | Depression / drug therapy,Psilocybin | cognition | depression disorder | emotional processing | healthy adults,,,,,,,eng,,systematic_review,low,doi,systematic_review,evidence_synthesis,secondary_literature,uncertain,uncertain,1.0,False,secondary_summary,abstract_only,abstract,abstract,systematic literature review,,,,,,,,,,,,This review aims to provide a comprehensive overview of the current literature regarding the effects of psilocybin on these two key areas in both healthy and depressed populations.,,,,"Projected from extraction_v1 coverage_mentions; coverage_type=reviews; relationship is discussed in secondary literature, not treated as primary evidence"
compound_disorder,psilocybin,depression,depression,therapeutic_indication,,depression,indication,True,,secondary literature coverage,,unclear,,,,unknown,10.1080/13803395.2024.2363343,,The effects of psilocybin on cognition and emotional processing in healthy adults and adults with depression: a systematic literature review,Laura Ramos; Selene G. Vicente,2024,Journal of Clinical and Experimental Neuropsychology,journal-article,,2024-05-27,1380-3395,1744-411X,Informa UK Limited,Humans | Psilocybin / pharmacology | Psilocybin / administration & dosage | Adult | Emotions / drug effects | Emotions / physiology | Cognition / drug effects | Cognition / physiology | Hallucinogens / pharmacology | Depression / drug therapy,Psilocybin | cognition | depression disorder | emotional processing | healthy adults,,,,,,,eng,,systematic_review,low,doi,systematic_review,evidence_synthesis,secondary_literature,uncertain,uncertain,1.0,False,secondary_summary,abstract_only,abstract,abstract,systematic literature review,,,,,,,,,,,,"In the population with depression, only cognitive flexibility and emotional recognition were affected, both being enhanced.",,,,"Projected from extraction_v1 coverage_mentions; coverage_type=summarizes; relationship is discussed in secondary literature, not treated as primary evidence"
compound_disorder,ketamine,depression,depression,therapeutic_indication,,depression,indication,True,,secondary literature coverage,,unclear,,,,unknown,10.1089/zeb.2016.1251,,Exploring Hallucinogen Pharmacology and Psychedelic Medicine with Zebrafish Models,Evan J. Kyzar; Allan V. Kalueff,2016,Zebrafish,journal-article,,2016-03-22,1545-8547,1557-8542,SAGE Publications,"Animals | Embryo, Nonmammalian / drug effects | Hallucinogens / pharmacology | Models, Animal | Pharmaceutical Preparations / metabolism | Zebrafish / metabolism",,,,,,,,eng,,review,low,doi,review,evidence_synthesis,secondary_literature,uncertain,uncertain,0.9,False,secondary_summary,abstract_only,abstract,abstract,narrative review,,,,,,,,,,,,Along with the use of ketamine for depression,,,,"Projected from extraction_v1 coverage_mentions; coverage_type=discusses; relationship is discussed in secondary literature, not treated as primary evidence"
compound_disorder,lysergic acid diethylamide,addiction,addiction,therapeutic_indication,,addiction,indication,True,,secondary literature coverage,,unclear,,,,unknown,10.1089/zeb.2016.1251,,Exploring Hallucinogen Pharmacology and Psychedelic Medicine with Zebrafish Models,Evan J. Kyzar; Allan V. Kalueff,2016,Zebrafish,journal-article,,2016-03-22,1545-8547,1557-8542,SAGE Publications,"Animals | Embryo, Nonmammalian / drug effects | Hallucinogens / pharmacology | Models, Animal | Pharmaceutical Preparations / metabolism | Zebrafish / metabolism",,,,,,,,eng,,review,low,doi,review,evidence_synthesis,secondary_literature,uncertain,uncertain,0.9,False,secondary_summary,abstract_only,abstract,abstract,narrative review,,,,,,,,,,,,"efficacy of classic serotonergic hallucinogens, such as lysergic acid diethylamide and psilocybin, in treating addiction",,,,"Projected from extraction_v1 coverage_mentions; coverage_type=discusses; relationship is discussed in secondary literature, not treated as primary evidence"
compound_disorder,psilocybin,addiction,addiction,therapeutic_indication,,addiction,indication,True,,secondary literature coverage,,unclear,,,,unknown,10.1089/zeb.2016.1251,,Exploring Hallucinogen Pharmacology and Psychedelic Medicine with Zebrafish Models,Evan J. Kyzar; Allan V. Kalueff,2016,Zebrafish,journal-article,,2016-03-22,1545-8547,1557-8542,SAGE Publications,"Animals | Embryo, Nonmammalian / drug effects | Hallucinogens / pharmacology | Models, Animal | Pharmaceutical Preparations / metabolism | Zebrafish / metabolism",,,,,,,,eng,,review,low,doi,review,evidence_synthesis,secondary_literature,uncertain,uncertain,0.9,False,secondary_summary,abstract_only,abstract,abstract,narrative review,,,,,,,,,,,,"efficacy of classic serotonergic hallucinogens, such as lysergic acid diethylamide and psilocybin, in treating addiction",,,,"Projected from extraction_v1 coverage_mentions; coverage_type=discusses; relationship is discussed in secondary literature, not treated as primary evidence"
compound_disorder,psilocybin,post-traumatic stress disorder,post-traumatic stress disorder,therapeutic_indication,,post-traumatic stress disorder,indication,True,,secondary literature coverage,,unclear,,,,unknown,10.1089/zeb.2016.1251,,Exploring Hallucinogen Pharmacology and Psychedelic Medicine with Zebrafish Models,Evan J. Kyzar; Allan V. Kalueff,2016,Zebrafish,journal-article,,2016-03-22,1545-8547,1557-8542,SAGE Publications,"Animals | Embryo, Nonmammalian / drug effects | Hallucinogens / pharmacology | Models, Animal | Pharmaceutical Preparations / metabolism | Zebrafish / metabolism",,,,,,,,eng,,review,low,doi,review,evidence_synthesis,secondary_literature,uncertain,uncertain,0.9,False,secondary_summary,abstract_only,abstract,abstract,narrative review,,,,,,,,,,,,"efficacy of classic serotonergic hallucinogens, such as lysergic acid diethylamide and psilocybin, in treating addiction, post-traumatic stress disorder, and anxiety.",,,,"Projected from extraction_v1 coverage_mentions; coverage_type=discusses; relationship is discussed in secondary literature, not treated as primary evidence"
compound_disorder,psilocybin,anxiety,anxiety,therapeutic_indication,,anxiety,indication,True,,secondary literature coverage,,unclear,,,,unknown,10.1089/zeb.2016.1251,,Exploring Hallucinogen Pharmacology and Psychedelic Medicine with Zebrafish Models,Evan J. Kyzar; Allan V. Kalueff,2016,Zebrafish,journal-article,,2016-03-22,1545-8547,1557-8542,SAGE Publications,"Animals | Embryo, Nonmammalian / drug effects | Hallucinogens / pharmacology | Models, Animal | Pharmaceutical Preparations / metabolism | Zebrafish / metabolism",,,,,,,,eng,,review,low,doi,review,evidence_synthesis,secondary_literature,uncertain,uncertain,0.9,False,secondary_summary,abstract_only,abstract,abstract,narrative review,,,,,,,,,,,,"efficacy of classic serotonergic hallucinogens, such as lysergic acid diethylamide and psilocybin, in treating addiction, post-traumatic stress disorder, and anxiety.",,,,"Projected from extraction_v1 coverage_mentions; coverage_type=discusses; relationship is discussed in secondary literature, not treated as primary evidence"
compound_disorder,MDMA,posttraumatic stress disorder,posttraumatic stress disorder,therapeutic_indication,,posttraumatic stress disorder,indication,True,,secondary literature coverage,,unclear,,,,unknown,10.1093/med/9780192863607.003.0004,,MDMA,Michael C. Mithoefer; David E. Presti,2023,Psychedelics as Psychiatric Medications,book-chapter,,2023-03-01,,,Oxford University PressOxford,,,,,,,,,en,,review,low,doi,review,evidence_synthesis,secondary_literature,uncertain,uncertain,1.0,False,secondary_summary,abstract_only,abstract,Abstract,secondary_literature,,,,,,,,,,,,"Controlled clinical trials of MDMA as a catalyst to psychotherapy have been under way since 2004, and most have been focused on posttraumatic stress disorder as a possible indication. After a series of international Phase 2 trials, results of the first Phase 3 trial were published in 2021 showing very robust improvements in posttraumatic stress disorder symptoms (measured by CAPS 5, the primary outcome measure)",,,,"Projected from extraction_v1 coverage_mentions; coverage_type=summarizes; relationship is discussed in secondary literature, not treated as primary evidence"
compound_disorder,MDMA,disability,disability,therapeutic_indication,,disability,indication,True,,secondary literature coverage,,unclear,,,,unknown,10.1093/med/9780192863607.003.0004,,MDMA,Michael C. Mithoefer; David E. Presti,2023,Psychedelics as Psychiatric Medications,book-chapter,,2023-03-01,,,Oxford University PressOxford,,,,,,,,,en,,review,low,doi,review,evidence_synthesis,secondary_literature,uncertain,uncertain,1.0,False,secondary_summary,abstract_only,abstract,Abstract,secondary_literature,,,,,,,,,,,,improvements in disability and depression scores,,,,"Projected from extraction_v1 coverage_mentions; coverage_type=summarizes; relationship is discussed in secondary literature, not treated as primary evidence"
compound_disorder,MDMA,depression,depression,therapeutic_indication,,depression,indication,True,,secondary literature coverage,,unclear,,,,unknown,10.1093/med/9780192863607.003.0004,,MDMA,Michael C. Mithoefer; David E. Presti,2023,Psychedelics as Psychiatric Medications,book-chapter,,2023-03-01,,,Oxford University PressOxford,,,,,,,,,en,,review,low,doi,review,evidence_synthesis,secondary_literature,uncertain,uncertain,1.0,False,secondary_summary,abstract_only,abstract,Abstract,secondary_literature,,,,,,,,,,,,improvements in disability and depression scores,,,,"Projected from extraction_v1 coverage_mentions; coverage_type=summarizes; relationship is discussed in secondary literature, not treated as primary evidence"
compound_disorder,LSD,alcohol addiction,alcohol addiction,therapeutic_indication,,alcohol addiction,indication,True,,secondary literature coverage,,unclear,,,,unknown,10.1093/med/9780192863607.003.0005,,Lysergic acid diethylamide: In search of the wonder drug,Mihai Avram; Felix Müller; Stefan Borgwardt,2023,Psychedelics as Psychiatric Medications,book-chapter,,2023-03,,,Oxford University PressOxford,,,,,,,,,en,,review,low,doi,review,evidence_synthesis,secondary_literature,uncertain,uncertain,1.0,False,secondary_summary,abstract_only,abstract,Abstract,secondary_literature,,,,,,,,,,,,"Before its ban in the late 1960s, LSD was used to model aspects of psychosis and treat distinct mental disorders such as alcohol addiction and anxiety.",,,,"Projected from extraction_v1 coverage_mentions; coverage_type=discusses; relationship is discussed in secondary literature, not treated as primary evidence"
compound_disorder,LSD,anxiety,anxiety,therapeutic_indication,,anxiety,indication,True,,secondary literature coverage,,unclear,,,,unknown,10.1093/med/9780192863607.003.0005,,Lysergic acid diethylamide: In search of the wonder drug,Mihai Avram; Felix Müller; Stefan Borgwardt,2023,Psychedelics as Psychiatric Medications,book-chapter,,2023-03,,,Oxford University PressOxford,,,,,,,,,en,,review,low,doi,review,evidence_synthesis,secondary_literature,uncertain,uncertain,1.0,False,secondary_summary,abstract_only,abstract,Abstract,secondary_literature,,,,,,,,,,,,"Before its ban in the late 1960s, LSD was used to model aspects of psychosis and treat distinct mental disorders such as alcohol addiction and anxiety.",,,,"Projected from extraction_v1 coverage_mentions; coverage_type=discusses; relationship is discussed in secondary literature, not treated as primary evidence"
compound_disorder,LSD,anxiety,anxiety,therapeutic_indication,,anxiety,indication,True,,secondary literature coverage,,unclear,,,,unknown,10.1093/med/9780192863607.003.0005,,Lysergic acid diethylamide: In search of the wonder drug,Mihai Avram; Felix Müller; Stefan Borgwardt,2023,Psychedelics as Psychiatric Medications,book-chapter,,2023-03,,,Oxford University PressOxford,,,,,,,,,en,,review,low,doi,review,evidence_synthesis,secondary_literature,uncertain,uncertain,1.0,False,secondary_summary,abstract_only,abstract,Abstract,secondary_literature,,,,,,,,,,,,"While research continues, small studies have identified potential therapeutic uses for LSD in tackling anxiety.",,,,"Projected from extraction_v1 coverage_mentions; coverage_type=discusses; relationship is discussed in secondary literature, not treated as primary evidence"
compound_disorder,LSD,anxiety disorders,anxiety disorders,therapeutic_indication,,anxiety disorders,indication,True,,secondary literature coverage,,unclear,,,,unknown,10.1093/med/9780192863607.003.0005,,Lysergic acid diethylamide: In search of the wonder drug,Mihai Avram; Felix Müller; Stefan Borgwardt,2023,Psychedelics as Psychiatric Medications,book-chapter,,2023-03,,,Oxford University PressOxford,,,,,,,,,en,,review,low,doi,review,evidence_synthesis,secondary_literature,uncertain,uncertain,1.0,False,secondary_summary,abstract_only,abstract,Abstract,secondary_literature,,,,,,,,,,,,"Current studies are exploring putative therapeutic effects in several clinical populations, ranging from anxiety disorders and depression to cluster headaches.",,,,"Projected from extraction_v1 coverage_mentions; coverage_type=discusses; relationship is discussed in secondary literature, not treated as primary evidence"
compound_disorder,LSD,depression,depression,therapeutic_indication,,depression,indication,True,,secondary literature coverage,,unclear,,,,unknown,10.1093/med/9780192863607.003.0005,,Lysergic acid diethylamide: In search of the wonder drug,Mihai Avram; Felix Müller; Stefan Borgwardt,2023,Psychedelics as Psychiatric Medications,book-chapter,,2023-03,,,Oxford University PressOxford,,,,,,,,,en,,review,low,doi,review,evidence_synthesis,secondary_literature,uncertain,uncertain,1.0,False,secondary_summary,abstract_only,abstract,Abstract,secondary_literature,,,,,,,,,,,,"Current studies are exploring putative therapeutic effects in several clinical populations, ranging from anxiety disorders and depression to cluster headaches.",,,,"Projected from extraction_v1 coverage_mentions; coverage_type=discusses; relationship is discussed in secondary literature, not treated as primary evidence"
compound_disorder,LSD,cluster headaches,cluster headaches,therapeutic_indication,,cluster headaches,indication,True,,secondary literature coverage,,unclear,,,,unknown,10.1093/med/9780192863607.003.0005,,Lysergic acid diethylamide: In search of the wonder drug,Mihai Avram; Felix Müller; Stefan Borgwardt,2023,Psychedelics as Psychiatric Medications,book-chapter,,2023-03,,,Oxford University PressOxford,,,,,,,,,en,,review,low,doi,review,evidence_synthesis,secondary_literature,uncertain,uncertain,1.0,False,secondary_summary,abstract_only,abstract,Abstract,secondary_literature,,,,,,,,,,,,"Current studies are exploring putative therapeutic effects in several clinical populations, ranging from anxiety disorders and depression to cluster headaches.",,,,"Projected from extraction_v1 coverage_mentions; coverage_type=discusses; relationship is discussed in secondary literature, not treated as primary evidence"
compound_disorder,LSD,psychosis,psychosis,therapeutic_indication,,psychosis,indication,True,,secondary literature coverage,,unclear,,,,unknown,10.1093/med/9780192863607.003.0005,,Lysergic acid diethylamide: In search of the wonder drug,Mihai Avram; Felix Müller; Stefan Borgwardt,2023,Psychedelics as Psychiatric Medications,book-chapter,,2023-03,,,Oxford University PressOxford,,,,,,,,,en,,review,low,doi,review,evidence_synthesis,secondary_literature,uncertain,uncertain,1.0,False,secondary_summary,abstract_only,abstract,Abstract,secondary_literature,,,,,,,,,,,,"Before its ban in the late 1960s, LSD was used to model aspects of psychosis and treat distinct mental disorders such as alcohol addiction and anxiety.",,,,"Projected from extraction_v1 coverage_mentions; coverage_type=mentions; relationship is discussed in secondary literature, not treated as primary evidence"
compound_disorder,psychedelic-assisted therapy,depression,depression,therapeutic_indication,,depression,indication,True,,secondary literature coverage,,unclear,,,,unknown,10.1097/gco.0000000000001000,,Updates in palliative care of gynecologic oncology patients,Teresa Khoo; Daniel Karlin; Christopher Pietras,2024,Current Opinion in Obstetrics & Gynecology,journal-article,,2024-10-08,1040-872X,1080-8256,Ovid Technologies (Wolters Kluwer Health),"Humans | Female | Palliative Care | Genital Neoplasms, Female / therapy | Terminal Care | Quality of Life",,,,,,,,eng,,review,low,doi,review,evidence_synthesis,secondary_literature,uncertain,uncertain,1.0,False,secondary_summary,abstract_only,abstract,abstract,secondary_literature,,,,,,,,,,,,"A growing area of interest in palliative care is the realm of psychedelic-assisted therapy, which has shown benefits in treating advanced cancer patients with depression.",,,,"Projected from extraction_v1 coverage_mentions; coverage_type=discusses; relationship is discussed in secondary literature, not treated as primary evidence"
compound_disorder,Psychedelic-assisted therapy,palliative care,palliative care,therapeutic_indication,,palliative care,indication,True,,secondary literature coverage,,unclear,,,,unknown,10.1097/njh.0000000000001096,,A Rapid Review of Psychedelic-Assisted Therapy in the Context of Palliative Care,Megan Miller; Molly Meyers; Annona Martin; Stephanie Napolitano; Caroline Dorsen; Andrew Penn; William E. Rosa,2024,Journal of Hospice and Palliative Nursing,journal-article,,2024-12-19,1522-2179,1539-0705,Ovid Technologies (Wolters Kluwer Health),Humans | Palliative Care / methods | Palliative Care / standards | Hallucinogens / therapeutic use | Hallucinogens / pharmacology,,,,,,,,eng,,review,low,doi,review,evidence_synthesis,secondary_literature,uncertain,uncertain,1.0,False,secondary_summary,abstract_only,abstract,abstract,rapid review,,,,,,,,,,,,This rapid review aims to synthesize current literature on applications of PAT in the context of palliative care.,,,,"Projected from extraction_v1 coverage_mentions; coverage_type=reviews; relationship is discussed in secondary literature, not treated as primary evidence"
compound_disorder,Psychedelic-assisted therapy,psycho-spiritual-existential concerns,psycho-spiritual-existential concerns,therapeutic_indication,,psycho-spiritual-existential concerns,indication,True,,secondary literature coverage,,unclear,,,,unknown,10.1097/njh.0000000000001096,,A Rapid Review of Psychedelic-Assisted Therapy in the Context of Palliative Care,Megan Miller; Molly Meyers; Annona Martin; Stephanie Napolitano; Caroline Dorsen; Andrew Penn; William E. Rosa,2024,Journal of Hospice and Palliative Nursing,journal-article,,2024-12-19,1522-2179,1539-0705,Ovid Technologies (Wolters Kluwer Health),Humans | Palliative Care / methods | Palliative Care / standards | Hallucinogens / therapeutic use | Hallucinogens / pharmacology,,,,,,,,eng,,review,low,doi,review,evidence_synthesis,secondary_literature,uncertain,uncertain,0.9,False,secondary_summary,abstract_only,abstract,abstract,rapid review,,,,,,,,,,,,"Early evidence suggests possible utility of PAT for addressing psychosocial-spiritual-existential concerns, yet gaps remain in understanding findings related to PAT's role in palliative care.",,,,"Projected from extraction_v1 coverage_mentions; coverage_type=reviews; relationship is discussed in secondary literature, not treated as primary evidence"
compound_disorder,Psilocybin,psycho-spiritual-existential outcomes,psycho-spiritual-existential outcomes,therapeutic_indication,,psycho-spiritual-existential outcomes,indication,True,,secondary literature coverage,,unclear,,,,unknown,10.1097/njh.0000000000001096,,A Rapid Review of Psychedelic-Assisted Therapy in the Context of Palliative Care,Megan Miller; Molly Meyers; Annona Martin; Stephanie Napolitano; Caroline Dorsen; Andrew Penn; William E. Rosa,2024,Journal of Hospice and Palliative Nursing,journal-article,,2024-12-19,1522-2179,1539-0705,Ovid Technologies (Wolters Kluwer Health),Humans | Palliative Care / methods | Palliative Care / standards | Hallucinogens / therapeutic use | Hallucinogens / pharmacology,,,,,,,,eng,,review,low,doi,review,evidence_synthesis,secondary_literature,uncertain,uncertain,1.0,False,secondary_summary,abstract_only,abstract,abstract,rapid review,,,,,,,,,,,,Psilocybin was the most commonly studied compound. Results support safety and initial efficacy of PAT for psycho-spiritual-existential outcomes among carefully screened and highly homogonous samples of patients with serious illness (predominantly cancer).,,,,"Projected from extraction_v1 coverage_mentions; coverage_type=reviews; relationship is discussed in secondary literature, not treated as primary evidence"
compound_disorder,Psilocybin,serious illness (predominantly cancer),serious illness (predominantly cancer),therapeutic_indication,,serious illness (predominantly cancer),indication,True,,secondary literature coverage,,unclear,,,,unknown,10.1097/njh.0000000000001096,,A Rapid Review of Psychedelic-Assisted Therapy in the Context of Palliative Care,Megan Miller; Molly Meyers; Annona Martin; Stephanie Napolitano; Caroline Dorsen; Andrew Penn; William E. Rosa,2024,Journal of Hospice and Palliative Nursing,journal-article,,2024-12-19,1522-2179,1539-0705,Ovid Technologies (Wolters Kluwer Health),Humans | Palliative Care / methods | Palliative Care / standards | Hallucinogens / therapeutic use | Hallucinogens / pharmacology,,,,,,,,eng,,review,low,doi,review,evidence_synthesis,secondary_literature,uncertain,uncertain,1.0,False,secondary_summary,abstract_only,abstract,abstract,rapid review,,,,,,,,,,,,Psilocybin was the most commonly studied compound. Results support safety and initial efficacy of PAT for psycho-spiritual-existential outcomes among carefully screened and highly homogonous samples of patients with serious illness (predominantly cancer).,,,,"Projected from extraction_v1 coverage_mentions; coverage_type=reviews; relationship is discussed in secondary literature, not treated as primary evidence"
compound_disorder,Ketamine,chronic noncancer pain,chronic noncancer pain,therapeutic_indication,,chronic noncancer pain,indication,True,,secondary literature coverage,,unclear,,,,unknown,10.1097/spc.0b013e328352812c,,Ketamine for chronic noncancer pain,Rae F. Bell,2012,Current Opinion in Supportive and Palliative Care,journal-article,,2012-06-01,1751-4258,1751-4266,Ovid Technologies (Wolters Kluwer Health),"Analgesics / administration & dosage | Analgesics / adverse effects | Analgesics / therapeutic use | Chemical and Drug Induced Liver Injury | Chronic Pain / drug therapy | Cognition Disorders / chemically induced | Dose-Response Relationship, Drug | Hallucinations / chemically induced | Humans | Ketamine / administration & dosage | Ketamine / adverse effects | Ketamine / therapeutic use | Substance-Related Disorders | Urologic Diseases / chemically induced",,,,,,,,eng,,review,low,doi,review,evidence_synthesis,secondary_literature,uncertain,uncertain,1.0,False,secondary_summary,abstract_only,abstract,abstract,secondary_literature,,,,,,,,,,,,This review focuses on recent studies on ketamine toxicity in recreational users and possible implications for the use of ketamine in chronic pain therapy.,,,,"Projected from extraction_v1 coverage_mentions; coverage_type=reviews; relationship is discussed in secondary literature, not treated as primary evidence"
compound_disorder,ketamine,anxiety disorders,anxiety disorders,therapeutic_indication,,anxiety disorders,indication,True,,secondary literature coverage,,unclear,,,,unknown,10.1097/yco.0000000000000841,,Update on treatments for anxiety-related disorders,Hyun Jeong Lee; Murray B. Stein,2022,Current Opinion in Psychiatry,journal-article,,2022-12-06,0951-7367,1473-6578,Ovid Technologies (Wolters Kluwer Health),Humans | Acceptance and Commitment Therapy | Transcranial Direct Current Stimulation | Anxiety Disorders / psychology | Selective Serotonin Reuptake Inhibitors / therapeutic use | Anxiety,,,,,,,,eng,,review,low,doi,review,evidence_synthesis,secondary_literature,uncertain,uncertain,1.0,False,secondary_summary,abstract_only,abstract,abstract,secondary_literature,,,,,,,,,,,,"Other novel products, such as ketamine, psilocybin and cannabidiol, are in the process of gathering evidence in support of the treatment of anxiety disorders.",,,,"Projected from extraction_v1 coverage_mentions; coverage_type=discusses; relationship is discussed in secondary literature, not treated as primary evidence"
compound_disorder,psilocybin,anxiety disorders,anxiety disorders,therapeutic_indication,,anxiety disorders,indication,True,,secondary literature coverage,,unclear,,,,unknown,10.1097/yco.0000000000000841,,Update on treatments for anxiety-related disorders,Hyun Jeong Lee; Murray B. Stein,2022,Current Opinion in Psychiatry,journal-article,,2022-12-06,0951-7367,1473-6578,Ovid Technologies (Wolters Kluwer Health),Humans | Acceptance and Commitment Therapy | Transcranial Direct Current Stimulation | Anxiety Disorders / psychology | Selective Serotonin Reuptake Inhibitors / therapeutic use | Anxiety,,,,,,,,eng,,review,low,doi,review,evidence_synthesis,secondary_literature,uncertain,uncertain,1.0,False,secondary_summary,abstract_only,abstract,abstract,secondary_literature,,,,,,,,,,,,"Other novel products, such as ketamine, psilocybin and cannabidiol, are in the process of gathering evidence in support of the treatment of anxiety disorders.",,,,"Projected from extraction_v1 coverage_mentions; coverage_type=discusses; relationship is discussed in secondary literature, not treated as primary evidence"
