dataset,row_index,study_doi,study_title,study_year,has_abstract,pdf_download_status,deterministic_prescreen_action,deterministic_prescreen_reason,retained_for_llm,candidate_context_count,heuristic_relevance,heuristic_screening_status,heuristic_matched_context_count
disorder,3371,10.1001/archgenpsychiatry.2010.128,Randomized Clinical Trial Comparing Family-Based Treatment With Adolescent-Focused Individual Therapy for Adolescents With Anorexia Nervosa,2010,True,skipped,exclude_obvious_irrelevant,No in-scope psychedelic/ketamine/entactogen/dissociative compound or intervention term appears in the title/abstract; dataset entity terms present.,False,1,,,
disorder,3374,10.1001/archgenpsychiatry.2011.22,Prevalence and Correlates of Eating Disorders in Adolescents,2011,True,skipped,exclude_obvious_irrelevant,No in-scope psychedelic/ketamine/entactogen/dissociative compound or intervention term appears in the title/abstract; dataset entity terms present.,False,1,,,
disorder,3381,10.1001/jama.2015.6358,Cannabinoids for Medical Use,2015,True,skipped,exclude_obvious_irrelevant,No in-scope psychedelic/ketamine/entactogen/dissociative compound or intervention term appears in the title/abstract; dataset entity terms present.,False,1,,,
disorder,3396,10.1001/jama.2022.18231,Effect of Spinal Cord Burst Stimulation vs Placebo Stimulation on Disability in Patients With Chronic Radicular Pain After Lumbar Spine Surgery,2022,True,skipped,exclude_obvious_irrelevant,No in-scope psychedelic/ketamine/entactogen/dissociative compound or intervention term appears in the title/abstract; dataset entity terms present.,False,1,,,
disorder,3418,10.1001/jama.2023.9864,Folic Acid Supplementation to Prevent Neural Tube Defects,2023,True,skipped,exclude_obvious_irrelevant,No in-scope psychedelic/ketamine/entactogen/dissociative compound or intervention term appears in the title/abstract; dataset entity terms present.,False,1,,,
disorder,3455,10.1001/jamainternmed.2018.1052,Weekly and Monthly Subcutaneous Buprenorphine Depot Formulations vs Daily Sublingual Buprenorphine With Naloxone for Treatment of Opioid Use Disorder,2018,True,skipped,exclude_obvious_irrelevant,No in-scope psychedelic/ketamine/entactogen/dissociative compound or intervention term appears in the title/abstract; dataset entity terms present.,False,1,,,
disorder,3458,10.1001/jamainternmed.2021.0005,Effect of Osteopathic Manipulative Treatment vs Sham Treatment on Activity Limitations in Patients With Nonspecific Subacute and Chronic Low Back Pain,2021,True,skipped,exclude_obvious_irrelevant,No in-scope psychedelic/ketamine/entactogen/dissociative compound or intervention term appears in the title/abstract; no dataset entity terms found.,False,1,,,
disorder,3464,10.1001/jamainternmed.2024.1313,Cytisinicline for Vaping Cessation in Adults Using Nicotine E-Cigarettes,2024,True,skipped,exclude_obvious_irrelevant,No in-scope psychedelic/ketamine/entactogen/dissociative compound or intervention term appears in the title/abstract; dataset entity terms present.,False,1,,,
disorder,3467,10.1001/jamainternmed.2024.4346,Psychiatric Safety of Semaglutide for Weight Management in People Without Known Major Psychopathology,2024,True,skipped,exclude_obvious_irrelevant,No in-scope psychedelic/ketamine/entactogen/dissociative compound or intervention term appears in the title/abstract; dataset entity terms present.,False,1,,,
disorder,3479,10.1001/jamanetworkopen.2019.20177,Treatment of Opioid Use Disorder in Pregnant Women via Telemedicine,2020,True,skipped,exclude_obvious_irrelevant,No in-scope psychedelic/ketamine/entactogen/dissociative compound or intervention term appears in the title/abstract; dataset entity terms present.,False,1,,,
disorder,3480,10.1001/jamanetworkopen.2019.20622,Comparative Effectiveness of Different Treatment Pathways for Opioid Use Disorder,2020,True,skipped,exclude_obvious_irrelevant,No in-scope psychedelic/ketamine/entactogen/dissociative compound or intervention term appears in the title/abstract; dataset entity terms present.,False,1,,,
disorder,3482,10.1001/jamanetworkopen.2020.22787,Effect of Electroacupuncture vs Sham Treatment on Change in Pain Severity Among Adults With Chronic Low Back Pain,2020,True,skipped,exclude_obvious_irrelevant,No in-scope psychedelic/ketamine/entactogen/dissociative compound or intervention term appears in the title/abstract; dataset entity terms present.,False,1,,,
disorder,3484,10.1001/jamanetworkopen.2020.8279,Combined Pharmacotherapy and Cognitive Behavioral Therapy for Adults With Alcohol or Substance Use Disorders,2020,True,skipped,exclude_obvious_irrelevant,No in-scope psychedelic/ketamine/entactogen/dissociative compound or intervention term appears in the title/abstract; dataset entity terms present.,False,1,,,
disorder,3486,10.1001/jamanetworkopen.2021.13401,Comparison of a Single-Session Pain Management Skills Intervention With a Single-Session Health Education Intervention and 8 Sessions of Cognitive Behavioral Therapy in Adults With Chronic Low Back Pain,2021,True,skipped,exclude_obvious_irrelevant,No in-scope psychedelic/ketamine/entactogen/dissociative compound or intervention term appears in the title/abstract; dataset entity terms present.,False,1,,,
disorder,3489,10.1001/jamanetworkopen.2021.8049,Comparison of Treatments for Cocaine Use Disorder Among Adults,2021,True,skipped,exclude_obvious_irrelevant,No in-scope psychedelic/ketamine/entactogen/dissociative compound or intervention term appears in the title/abstract; dataset entity terms present.,False,1,,,
disorder,3490,10.1001/jamanetworkopen.2022.12939,Comparison of Amitriptyline and US Food and Drug Administration–Approved Treatments for Fibromyalgia,2022,True,skipped,exclude_obvious_irrelevant,No in-scope psychedelic/ketamine/entactogen/dissociative compound or intervention term appears in the title/abstract; dataset entity terms present.,False,1,,,
disorder,3505,10.1001/jamanetworkopen.2024.19019,Web-Based Cognitive Behavioral Treatment for Bulimia Nervosa,2024,True,skipped,exclude_obvious_irrelevant,No in-scope psychedelic/ketamine/entactogen/dissociative compound or intervention term appears in the title/abstract; no dataset entity terms found.,False,1,,,
disorder,3510,10.1001/jamanetworkopen.2024.32427,Open-Label Placebo Injection for Chronic Back Pain With Functional Neuroimaging,2024,True,skipped,exclude_obvious_irrelevant,No in-scope psychedelic/ketamine/entactogen/dissociative compound or intervention term appears in the title/abstract; dataset entity terms present.,False,1,,,
disorder,3520,10.1001/jamanetworkopen.2024.61559,Suicide Risk Evaluations and Suicide in the Veterans Health Administration,2025,True,skipped,exclude_obvious_irrelevant,No in-scope psychedelic/ketamine/entactogen/dissociative compound or intervention term appears in the title/abstract; dataset entity terms present.,False,1,,,
disorder,3522,10.1001/jamanetworkopen.2025.14262,Home-Based Transcranial Direct Current Stimulation vs Placebo for Fibromyalgia,2025,True,skipped,exclude_obvious_irrelevant,No in-scope psychedelic/ketamine/entactogen/dissociative compound or intervention term appears in the title/abstract; no dataset entity terms found.,False,1,,,
disorder,3523,10.1001/jamanetworkopen.2025.14278,"Azetukalner, a Novel K<sub>V</sub>7 Potassium Channel Opener, in Adults With Major Depressive Disorder",2025,True,skipped,exclude_obvious_irrelevant,No in-scope psychedelic/ketamine/entactogen/dissociative compound or intervention term appears in the title/abstract; dataset entity terms present.,False,1,,,
disorder,3526,10.1001/jamanetworkopen.2025.25165,Guided Internet-Based Cognitive Behavior Therapy for Women With Bulimia Nervosa,2025,True,skipped,exclude_obvious_irrelevant,No in-scope psychedelic/ketamine/entactogen/dissociative compound or intervention term appears in the title/abstract; no dataset entity terms found.,False,1,,,
disorder,3538,10.1001/jamanetworkopen.2025.9492,Safety of Stimulants Across Patient Populations,2025,True,skipped,exclude_obvious_irrelevant,No in-scope psychedelic/ketamine/entactogen/dissociative compound or intervention term appears in the title/abstract; dataset entity terms present.,False,1,,,
disorder,3541,10.1001/jamanetworkopen.2026.12589,Short-Term and Late-Term Effects of Psilocybin on Symptoms in Major Depression,2026,True,no_pdf_url,escalate,in-scope compound/intervention term appears in title or abstract,True,1,,,
disorder,3580,10.1001/jamapediatrics.2017.3036,Comparative Effectiveness and Safety of Cognitive Behavioral Therapy and Pharmacotherapy for Childhood Anxiety Disorders,2017,True,skipped,exclude_obvious_irrelevant,No in-scope psychedelic/ketamine/entactogen/dissociative compound or intervention term appears in the title/abstract; dataset entity terms present.,False,1,,,
disorder,3582,10.1001/jamapediatrics.2019.0285,Effect of Wearable Digital Intervention for Improving Socialization in Children With Autism Spectrum Disorder,2019,True,skipped,exclude_obvious_irrelevant,No in-scope psychedelic/ketamine/entactogen/dissociative compound or intervention term appears in the title/abstract; dataset entity terms present.,False,1,,,
disorder,3588,10.1001/jamapediatrics.2025.3243,Efficacy and Safety of GLP-1 RAs in Children and Adolescents With Obesity or Type 2 Diabetes,2025,True,skipped,exclude_obvious_irrelevant,No in-scope psychedelic/ketamine/entactogen/dissociative compound or intervention term appears in the title/abstract; dataset entity terms present.,False,1,,,
disorder,3599,10.1001/jamapsychiatry.2016.1031,Whole-Body Hyperthermia for the Treatment of Major Depressive Disorder,2016,True,skipped,exclude_obvious_irrelevant,No in-scope psychedelic/ketamine/entactogen/dissociative compound or intervention term appears in the title/abstract; dataset entity terms present.,False,1,,,
disorder,3601,10.1001/jamapsychiatry.2017.3433,Association of Polygenic Score for Schizophrenia and HLA Antigen and Inflammation Genes With Response to Lithium in Bipolar Affective Disorder,2017,True,skipped,exclude_obvious_irrelevant,No in-scope psychedelic/ketamine/entactogen/dissociative compound or intervention term appears in the title/abstract; no dataset entity terms found.,False,1,,,
disorder,3602,10.1001/jamapsychiatry.2017.3572,Utility of Imaging-Based Biomarkers for Glutamate-Targeted Drug Development in Psychotic Disorders,2017,True,skipped,escalate,in-scope compound/intervention term appears in title or abstract,True,1,,,
disorder,3604,10.1001/jamapsychiatry.2018.1109,Efficacy of Dialectical Behavior Therapy for Adolescents at High Risk for Suicide,2018,True,skipped,exclude_obvious_irrelevant,No in-scope psychedelic/ketamine/entactogen/dissociative compound or intervention term appears in the title/abstract; dataset entity terms present.,False,1,,,
disorder,3611,10.1001/jamapsychiatry.2019.3986,Long-term Outcomes of Cognitive Behavioral Therapy for Anxiety-Related Disorders,2019,True,skipped,exclude_obvious_irrelevant,No in-scope psychedelic/ketamine/entactogen/dissociative compound or intervention term appears in the title/abstract; dataset entity terms present.,False,1,,,
disorder,3613,10.1001/jamapsychiatry.2020.1167,Characteristics of Ongoing Clinical Trials for Alcohol Use Disorder Registered on ClinicalTrials.gov,2020,True,skipped,exclude_obvious_irrelevant,No in-scope psychedelic/ketamine/entactogen/dissociative compound or intervention term appears in the title/abstract; dataset entity terms present.,False,1,,,
disorder,3614,10.1001/jamapsychiatry.2020.2148,Dialectical Behavior Therapy for Posttraumatic Stress Disorder (DBT-PTSD) Compared With Cognitive Processing Therapy (CPT) in Complex Presentations of PTSD in Women Survivors of Childhood Abuse,2020,True,skipped,exclude_obvious_irrelevant,No in-scope psychedelic/ketamine/entactogen/dissociative compound or intervention term appears in the title/abstract; dataset entity terms present.,False,1,,,
disorder,3618,10.1001/jamapsychiatry.2021.0247,Cost-effectiveness of Treatments for Opioid Use Disorder,2021,True,skipped,exclude_obvious_irrelevant,No in-scope psychedelic/ketamine/entactogen/dissociative compound or intervention term appears in the title/abstract; dataset entity terms present.,False,1,,,
disorder,3620,10.1001/jamapsychiatry.2021.1862,Evaluation of Cognitive Behavioral Therapy vs Mindfulness Meditation in Brain Changes During Reappraisal and Acceptance Among Patients With Social Anxiety Disorder,2021,True,skipped,exclude_obvious_irrelevant,No in-scope psychedelic/ketamine/entactogen/dissociative compound or intervention term appears in the title/abstract; dataset entity terms present.,False,1,,,
disorder,3623,10.1001/jamapsychiatry.2021.3170,Lithium Treatment in the Prevention of Repeat Suicide-Related Outcomes in Veterans With Major Depression or Bipolar Disorder,2021,True,skipped,exclude_obvious_irrelevant,No in-scope psychedelic/ketamine/entactogen/dissociative compound or intervention term appears in the title/abstract; dataset entity terms present.,False,1,,,
disorder,3636,10.1001/jamapsychiatry.2023.0562,Ketamine vs Electroconvulsive Therapy for Major Depressive Episode,2023,True,skipped,escalate,in-scope compound/intervention term appears in title or abstract,True,1,,,
disorder,3649,10.1001/jamapsychiatry.2023.3985,Treatment Outcomes With Licensed and Unlicensed Stimulant Doses for Adults With Attention-Deficit/Hyperactivity Disorder,2023,True,skipped,exclude_obvious_irrelevant,No in-scope psychedelic/ketamine/entactogen/dissociative compound or intervention term appears in the title/abstract; no dataset entity terms found.,False,1,,,
disorder,3657,10.1001/jamapsychiatry.2024.0994,Differential Outcomes of Placebo Treatment Across 9 Psychiatric Disorders,2024,True,skipped,exclude_obvious_irrelevant,No in-scope psychedelic/ketamine/entactogen/dissociative compound or intervention term appears in the title/abstract; dataset entity terms present.,False,1,,,
disorder,3663,10.1001/jamapsychiatry.2024.3996,Brexpiprazole and Sertraline Combination Treatment in Posttraumatic Stress Disorder,2024,True,skipped,exclude_obvious_irrelevant,No in-scope psychedelic/ketamine/entactogen/dissociative compound or intervention term appears in the title/abstract; dataset entity terms present.,False,1,,,
disorder,3670,10.1001/jamapsychiatry.2025.0091,Suicide and Self-Harm Events With GLP-1 Receptor Agonists in Adults With Diabetes or Obesity,2025,True,skipped,exclude_obvious_irrelevant,No in-scope psychedelic/ketamine/entactogen/dissociative compound or intervention term appears in the title/abstract; dataset entity terms present.,False,1,,,
disorder,3672,10.1001/jamapsychiatry.2025.0336,Negative Effects During Placebo Treatment,2025,True,skipped,exclude_obvious_irrelevant,No in-scope psychedelic/ketamine/entactogen/dissociative compound or intervention term appears in the title/abstract; dataset entity terms present.,False,1,,,
disorder,3673,10.1001/jamapsychiatry.2025.0482,Cognitive Behavior Therapy for Mental Disorders in Adults,2025,True,skipped,exclude_obvious_irrelevant,No in-scope psychedelic/ketamine/entactogen/dissociative compound or intervention term appears in the title/abstract; dataset entity terms present.,False,1,,,
disorder,3692,10.1001/jamapsychiatry.2026.0159,Mirtazapine for Methamphetamine Use Disorder,2026,True,skipped,exclude_obvious_irrelevant,No in-scope psychedelic/ketamine/entactogen/dissociative compound or intervention term appears in the title/abstract; dataset entity terms present.,False,1,,,
disorder,3778,10.1002/14651858.cd000214.pub3,Training health professionals in smoking cessation,2026,True,no_pdf_url,exclude_obvious_irrelevant,No in-scope psychedelic/ketamine/entactogen/dissociative compound or intervention term appears in the title/abstract; no dataset entity terms found.,False,1,,,
disorder,3779,10.1002/14651858.cd000331.pub4,Epidural versus non-epidural or no analgesia for pain management in labour,2018,True,skipped,exclude_obvious_irrelevant,No in-scope psychedelic/ketamine/entactogen/dissociative compound or intervention term appears in the title/abstract; dataset entity terms present.,False,1,,,
disorder,3780,10.1002/14651858.cd001055.pub6,Psychosocial interventions for supporting women to stop smoking in pregnancy,2026,True,skipped,exclude_obvious_irrelevant,No in-scope psychedelic/ketamine/entactogen/dissociative compound or intervention term appears in the title/abstract; no dataset entity terms found.,False,1,,,
disorder,3781,10.1002/14651858.cd001515,Lisuride for levodopa-induced complications in Parkinson's disease,1999,True,skipped,escalate,in-scope compound/intervention term appears in title or abstract,True,1,,,
disorder,3784,10.1002/14651858.cd003391,Antidepressants versus placebo for people with bulimia nervosa,2003,True,skipped,exclude_obvious_irrelevant,No in-scope psychedelic/ketamine/entactogen/dissociative compound or intervention term appears in the title/abstract; dataset entity terms present.,False,1,,,
disorder,3785,10.1002/14651858.cd003511.pub6,Progestogen for preventing miscarriage in women with recurrent miscarriage of unclear etiology,2025,True,skipped,exclude_obvious_irrelevant,No in-scope psychedelic/ketamine/entactogen/dissociative compound or intervention term appears in the title/abstract; dataset entity terms present.,False,1,,,
disorder,3788,10.1002/14651858.cd004306.pub5,Interventions for smokeless tobacco use cessation,2015,True,skipped,exclude_obvious_irrelevant,No in-scope psychedelic/ketamine/entactogen/dissociative compound or intervention term appears in the title/abstract; dataset entity terms present.,False,1,,,
disorder,3789,10.1002/14651858.cd004366.pub7,Exercise for depression,2026,True,skipped,exclude_obvious_irrelevant,No in-scope psychedelic/ketamine/entactogen/dissociative compound or intervention term appears in the title/abstract; dataset entity terms present.,False,1,,,
disorder,3790,10.1002/14651858.cd004381.pub3,Music therapy for people with autism spectrum disorder,2014,True,skipped,exclude_obvious_irrelevant,No in-scope psychedelic/ketamine/entactogen/dissociative compound or intervention term appears in the title/abstract; dataset entity terms present.,False,1,,,
disorder,3793,10.1002/14651858.cd006306.pub3,Antipsychotic medications for cocaine dependence,2016,True,skipped,exclude_obvious_irrelevant,No in-scope psychedelic/ketamine/entactogen/dissociative compound or intervention term appears in the title/abstract; dataset entity terms present.,False,1,,,
disorder,3794,10.1002/14651858.cd006754.pub4,Anticonvulsants for cocaine dependence,2015,True,skipped,exclude_obvious_irrelevant,No in-scope psychedelic/ketamine/entactogen/dissociative compound or intervention term appears in the title/abstract; dataset entity terms present.,False,1,,,
disorder,3795,10.1002/14651858.cd007115.pub3,"Duloxetine for treating painful neuropathy, chronic pain or fibromyalgia",2014,True,skipped,exclude_obvious_irrelevant,No in-scope psychedelic/ketamine/entactogen/dissociative compound or intervention term appears in the title/abstract; dataset entity terms present.,False,1,,,
disorder,3796,10.1002/14651858.cd007798.pub6,Clinically indicated removal versus routine removal of peripheral venous catheters,2026,True,skipped,exclude_obvious_irrelevant,No in-scope psychedelic/ketamine/entactogen/dissociative compound or intervention term appears in the title/abstract; dataset entity terms present.,False,1,,,
disorder,3797,10.1002/14651858.cd007990.pub3,Pharmacological treatment for attention deficit hyperactivity disorder (ADHD) in children with comorbid tic disorders,2018,True,skipped,exclude_obvious_irrelevant,No in-scope psychedelic/ketamine/entactogen/dissociative compound or intervention term appears in the title/abstract; no dataset entity terms found.,False,1,,,
disorder,3799,10.1002/14651858.cd008112.pub3,Spinal manipulative therapy for adults with chronic low back pain,2026,True,skipped,exclude_obvious_irrelevant,No in-scope psychedelic/ketamine/entactogen/dissociative compound or intervention term appears in the title/abstract; no dataset entity terms found.,False,1,,,
disorder,3800,10.1002/14651858.cd008581.pub2,Antidepressants for the treatment of people with co-occurring depression and alcohol dependence,2018,True,skipped,exclude_obvious_irrelevant,No in-scope psychedelic/ketamine/entactogen/dissociative compound or intervention term appears in the title/abstract; dataset entity terms present.,False,1,,,
disorder,3801,10.1002/14651858.cd009138.pub2,Amitriptyline versus placebo for major depressive disorder,2012,True,skipped,exclude_obvious_irrelevant,No in-scope psychedelic/ketamine/entactogen/dissociative compound or intervention term appears in the title/abstract; dataset entity terms present.,False,1,,,
disorder,3805,10.1002/14651858.cd009810.pub2,Photodynamic therapy for recurrent respiratory papillomatosis,2014,True,skipped,exclude_obvious_irrelevant,No in-scope psychedelic/ketamine/entactogen/dissociative compound or intervention term appears in the title/abstract; no dataset entity terms found.,False,1,,,
disorder,3806,10.1002/14651858.cd009895.pub2,Dance movement therapy for depression,2015,True,skipped,exclude_obvious_irrelevant,No in-scope psychedelic/ketamine/entactogen/dissociative compound or intervention term appears in the title/abstract; dataset entity terms present.,False,1,,,
disorder,3807,10.1002/14651858.cd010145.pub2,Melatonin in cancer treatment,2025,True,skipped,exclude_obvious_irrelevant,No in-scope psychedelic/ketamine/entactogen/dissociative compound or intervention term appears in the title/abstract; no dataset entity terms found.,False,1,,,
disorder,3808,10.1002/14651858.cd010664.pub2,Cognitive-behavioural treatment for subacute and chronic neck pain,2015,True,skipped,exclude_obvious_irrelevant,No in-scope psychedelic/ketamine/entactogen/dissociative compound or intervention term appears in the title/abstract; no dataset entity terms found.,False,1,,,
disorder,3809,10.1002/14651858.cd010742.pub2,System change interventions for smoking cessation,2017,True,skipped,exclude_obvious_irrelevant,No in-scope psychedelic/ketamine/entactogen/dissociative compound or intervention term appears in the title/abstract; dataset entity terms present.,False,1,,,
disorder,3811,10.1002/14651858.cd011225.pub2,Manual therapy with exercise for neck pain,2025,True,skipped,exclude_obvious_irrelevant,No in-scope psychedelic/ketamine/entactogen/dissociative compound or intervention term appears in the title/abstract; no dataset entity terms found.,False,1,,,
disorder,3812,10.1002/14651858.cd011257.pub2,Couple and family therapies for post-traumatic stress disorder (PTSD),2019,True,skipped,exclude_obvious_irrelevant,No in-scope psychedelic/ketamine/entactogen/dissociative compound or intervention term appears in the title/abstract; dataset entity terms present.,False,1,,,
disorder,3814,10.1002/14651858.cd011505.pub2,Oral galactagogues (natural therapies or drugs) for increasing breast milk production in mothers of non-hospitalised term infants,2020,True,skipped,exclude_obvious_irrelevant,No in-scope psychedelic/ketamine/entactogen/dissociative compound or intervention term appears in the title/abstract; no dataset entity terms found.,False,1,,,
disorder,3816,10.1002/14651858.cd011689.pub4,Uterotonic agents for preventing postpartum haemorrhage: a network meta-analysis.,2025,True,skipped,exclude_obvious_irrelevant,No in-scope psychedelic/ketamine/entactogen/dissociative compound or intervention term appears in the title/abstract; no dataset entity terms found.,False,1,,,
disorder,3818,10.1002/14651858.cd012324.pub2,Communication interventions for autism spectrum disorder in minimally verbal children,2018,True,skipped,exclude_obvious_irrelevant,No in-scope psychedelic/ketamine/entactogen/dissociative compound or intervention term appears in the title/abstract; dataset entity terms present.,False,1,,,
disorder,3819,10.1002/14651858.cd012557.pub2,Baclofen for alcohol use disorder,2018,True,skipped,exclude_obvious_irrelevant,No in-scope psychedelic/ketamine/entactogen/dissociative compound or intervention term appears in the title/abstract; dataset entity terms present.,False,1,,,
disorder,3820,10.1002/14651858.cd012700,Aerobic exercise training for adults with fibromyalgia,2017,True,skipped,exclude_obvious_irrelevant,No in-scope psychedelic/ketamine/entactogen/dissociative compound or intervention term appears in the title/abstract; no dataset entity terms found.,False,1,,,
disorder,3821,10.1002/14651858.cd012880.pub2,Alcoholics Anonymous and other 12-step programs for alcohol use disorder,2020,True,skipped,exclude_obvious_irrelevant,No in-scope psychedelic/ketamine/entactogen/dissociative compound or intervention term appears in the title/abstract; dataset entity terms present.,False,1,,,
disorder,3822,10.1002/14651858.cd012942.pub2,Antidepressants versus placebo for generalised anxiety disorder (GAD),2025,True,no_pdf_url,exclude_obvious_irrelevant,No in-scope psychedelic/ketamine/entactogen/dissociative compound or intervention term appears in the title/abstract; dataset entity terms present.,False,1,,,
disorder,3823,10.1002/14651858.cd013017.pub2,Psychological therapies for women who experience intimate partner violence,2020,True,skipped,exclude_obvious_irrelevant,No in-scope psychedelic/ketamine/entactogen/dissociative compound or intervention term appears in the title/abstract; dataset entity terms present.,False,1,,,
disorder,3824,10.1002/14651858.cd013173.pub2,Behavioural and cognitive behavioural therapy for obsessive compulsive disorder (OCD) in individuals with autism spectrum disorder (ASD),2021,True,skipped,exclude_obvious_irrelevant,No in-scope psychedelic/ketamine/entactogen/dissociative compound or intervention term appears in the title/abstract; dataset entity terms present.,False,1,,,
disorder,3825,10.1002/14651858.cd013581,Non-steroidal anti-inflammatory drugs for acute low back pain,2020,True,skipped,exclude_obvious_irrelevant,No in-scope psychedelic/ketamine/entactogen/dissociative compound or intervention term appears in the title/abstract; no dataset entity terms found.,False,1,,,
disorder,3827,10.1002/14651858.cd013674.pub2,New generation antidepressants for depression in children and adolescents: a network meta-analysis,2021,True,skipped,exclude_obvious_irrelevant,No in-scope psychedelic/ketamine/entactogen/dissociative compound or intervention term appears in the title/abstract; dataset entity terms present.,False,1,,,
disorder,3828,10.1002/14651858.cd013844.pub2,Prevention of self-harm and suicide in young people up to the age of 25 in education settings,2024,True,skipped,exclude_obvious_irrelevant,No in-scope psychedelic/ketamine/entactogen/dissociative compound or intervention term appears in the title/abstract; dataset entity terms present.,False,1,,,
disorder,3829,10.1002/14651858.cd013845.pub2,Memantine for autism spectrum disorder,2022,True,skipped,exclude_obvious_irrelevant,No in-scope psychedelic/ketamine/entactogen/dissociative compound or intervention term appears in the title/abstract; dataset entity terms present.,False,1,,,
disorder,3830,10.1002/14651858.cd014585.pub2,Proton pump inhibitors for the prevention of non-steroidal anti-inflammatory drug-induced ulcers and dyspepsia,2025,True,skipped,exclude_obvious_irrelevant,No in-scope psychedelic/ketamine/entactogen/dissociative compound or intervention term appears in the title/abstract; no dataset entity terms found.,False,1,,,
disorder,3831,10.1002/14651858.cd014834,Antipsychotic drugs for anorexia nervosa,2024,True,skipped,exclude_obvious_irrelevant,No in-scope psychedelic/ketamine/entactogen/dissociative compound or intervention term appears in the title/abstract; dataset entity terms present.,False,1,,,
disorder,3833,10.1002/14651858.cd015046.pub2,Pharmacological and non-pharmacological treatments for impulsive-compulsive behaviors in Parkinson's disease,2025,True,skipped,exclude_obvious_irrelevant,No in-scope psychedelic/ketamine/entactogen/dissociative compound or intervention term appears in the title/abstract; dataset entity terms present.,False,1,,,
disorder,3834,10.1002/14651858.cd015436.pub2,Prognostic factors associated with progression of open-angle glaucoma in adults,2025,True,skipped,exclude_obvious_irrelevant,No in-scope psychedelic/ketamine/entactogen/dissociative compound or intervention term appears in the title/abstract; no dataset entity terms found.,False,1,,,
disorder,3836,10.1002/14651858.cd015528,Acupuncture for the prevention of episodic migraine.,2025,True,skipped,exclude_obvious_irrelevant,No in-scope psychedelic/ketamine/entactogen/dissociative compound or intervention term appears in the title/abstract; no dataset entity terms found.,False,1,,,
disorder,3837,10.1002/14651858.cd016064,Interventions for preventing falls in older people in care facilities.,2025,True,skipped,exclude_obvious_irrelevant,No in-scope psychedelic/ketamine/entactogen/dissociative compound or intervention term appears in the title/abstract; dataset entity terms present.,False,1,,,
disorder,3847,10.1002/acn3.50934,Safety of slow‐pulsed transcranial electrical stimulation in acute spike suppression,2019,True,skipped,exclude_obvious_irrelevant,No in-scope psychedelic/ketamine/entactogen/dissociative compound or intervention term appears in the title/abstract; dataset entity terms present.,False,1,,,
disorder,3855,10.1002/acr.25142,"Efficacy and Safety of Sublingual Cyclobenzaprine for the Treatment of Fibromyalgia: Results From a Randomized, <scp>Double‐Blind, Placebo‐Controlled</scp> Trial",2023,True,skipped,exclude_obvious_irrelevant,No in-scope psychedelic/ketamine/entactogen/dissociative compound or intervention term appears in the title/abstract; no dataset entity terms found.,False,1,,,
disorder,3879,10.1002/art.25062,"Evaluation of the efficacy and safety of terguride in patients with fibromyalgia syndrome: Results of a twelve‐week, multicenter, randomized, double‐blind, placebo‐controlled, parallel‐group study",2009,True,no_pdf_url,exclude_obvious_irrelevant,No in-scope psychedelic/ketamine/entactogen/dissociative compound or intervention term appears in the title/abstract; dataset entity terms present.,False,1,,,
disorder,3882,10.1002/art.41170,"Transcutaneous Electrical Nerve Stimulation Reduces Movement-Evoked Pain and Fatigue: A Randomized, Controlled Trial.",2020,True,skipped,exclude_obvious_irrelevant,No in-scope psychedelic/ketamine/entactogen/dissociative compound or intervention term appears in the title/abstract; no dataset entity terms found.,False,1,,,
disorder,3884,10.1002/art.42477,"A <scp>24‐Week</scp>, Phase <scp>IIa</scp>, Randomized, <scp>Double‐Blind</scp>, <scp>Placebo‐Controlled</scp> Study of Ziritaxestat in Early Diffuse Cutaneous Systemic Sclerosis",2023,True,skipped,exclude_obvious_irrelevant,No in-scope psychedelic/ketamine/entactogen/dissociative compound or intervention term appears in the title/abstract; no dataset entity terms found.,False,1,,,
disorder,3893,10.1002/aur.3172,Comparison of propofol‐esketamine versus propofol‐sufentanil for deep sedation and analgesia in children with autism: A randomized double‐blind clinical trial,2024,True,skipped,escalate,in-scope compound/intervention term appears in title or abstract,True,1,,,
disorder,3895,10.1002/aur.3254,Music therapy improves engagement and initiation for autistic children with mild intellectual disabilities: A randomized controlled study,2024,True,skipped,exclude_obvious_irrelevant,No in-scope psychedelic/ketamine/entactogen/dissociative compound or intervention term appears in the title/abstract; dataset entity terms present.,False,1,,,
disorder,3912,10.1002/brb3.2498,Effectiveness of olanzapine in the treatment of anorexia nervosa: A systematic review and meta‐analysis,2022,True,skipped,exclude_obvious_irrelevant,No in-scope psychedelic/ketamine/entactogen/dissociative compound or intervention term appears in the title/abstract; dataset entity terms present.,False,1,,,
disorder,3918,10.1002/brb3.70823,UK Medical Cannabis Registry: A Clinical Outcomes Analysis for Complex Regional Pain Syndrome,2025,True,skipped,exclude_obvious_irrelevant,No in-scope psychedelic/ketamine/entactogen/dissociative compound or intervention term appears in the title/abstract; no dataset entity terms found.,False,1,,,
disorder,3944,10.1002/cncr.11538,Nicotine dependence treatment for patients with cancer,2003,True,skipped,exclude_obvious_irrelevant,No in-scope psychedelic/ketamine/entactogen/dissociative compound or intervention term appears in the title/abstract; dataset entity terms present.,False,1,,,
disorder,3959,10.1002/cpp.2799,The effectiveness of cognitive behavioural therapy for social anxiety disorder in routine clinical practice,2022,True,skipped,exclude_obvious_irrelevant,No in-scope psychedelic/ketamine/entactogen/dissociative compound or intervention term appears in the title/abstract; dataset entity terms present.,False,1,,,
disorder,3965,10.1002/cpp.2905,Remote blended treatment for individuals with suicidal ideation: A single‐arm proof‐of‐concept trial,2023,True,skipped,exclude_obvious_irrelevant,No in-scope psychedelic/ketamine/entactogen/dissociative compound or intervention term appears in the title/abstract; dataset entity terms present.,False,1,,,
disorder,4042,10.1002/da.22728,Cognitive behavioral therapy for anxiety and related disorders: A meta‐analysis of randomized placebo‐controlled trials,2018,True,skipped,exclude_obvious_irrelevant,No in-scope psychedelic/ketamine/entactogen/dissociative compound or intervention term appears in the title/abstract; dataset entity terms present.,False,1,,,
disorder,4072,10.1002/eat.22672,A meta‐analysis of the relation between therapeutic alliance and treatment outcome in eating disorders,2017,True,skipped,exclude_obvious_irrelevant,No in-scope psychedelic/ketamine/entactogen/dissociative compound or intervention term appears in the title/abstract; dataset entity terms present.,False,1,,,
disorder,4089,10.1002/eat.23890,Expressed emotion and treatment outcome in higher levels of care for eating disorders,2022,True,skipped,exclude_obvious_irrelevant,No in-scope psychedelic/ketamine/entactogen/dissociative compound or intervention term appears in the title/abstract; dataset entity terms present.,False,1,,,
disorder,4111,10.1002/eat.24062,Predictors of neurofeedback treatment outcome in <scp>binge‐eating disorder</scp>: An exploratory study,2023,True,skipped,exclude_obvious_irrelevant,No in-scope psychedelic/ketamine/entactogen/dissociative compound or intervention term appears in the title/abstract; no dataset entity terms found.,False,1,,,
disorder,4129,10.1002/eat.24198,Adaptive design trials in eating disorder research: A scoping review,2024,True,skipped,exclude_obvious_irrelevant,No in-scope psychedelic/ketamine/entactogen/dissociative compound or intervention term appears in the title/abstract; dataset entity terms present.,False,1,,,
disorder,4151,10.1002/eat.24484,Effects of Childhood Emotional Abuse on Treatment Outcome in Adolescent Inpatients With Anorexia Nervosa,2025,True,skipped,exclude_obvious_irrelevant,No in-scope psychedelic/ketamine/entactogen/dissociative compound or intervention term appears in the title/abstract; dataset entity terms present.,False,1,,,
disorder,4173,10.1002/eat.24590,"Body Image Surveys to Address Social Appearance Anxiety in Women at Risk of Eating Psychopathology: An Acceptability, Feasibility and Preliminary Efficacy Study, Using a Wait‐List Randomized Controlled Design",2025,True,skipped,exclude_obvious_irrelevant,No in-scope psychedelic/ketamine/entactogen/dissociative compound or intervention term appears in the title/abstract; no dataset entity terms found.,False,1,,,
disorder,4183,10.1002/ejp.1054,A phase III randomized controlled study on the efficacy and improved bowel function of prolonged-release (PR) oxycodone-naloxone (up to 160/80 mg daily) vs oxycodone PR.,2017,True,skipped,exclude_obvious_irrelevant,No in-scope psychedelic/ketamine/entactogen/dissociative compound or intervention term appears in the title/abstract; no dataset entity terms found.,False,1,,,
disorder,4195,10.1002/ejp.70239,A Systematic Review and Meta‐Analysis Examining the Effect of Mindfulness Based Stress Reduction on Pain Severity and Quality of Life in People Living With Fibromyalgia,2026,True,skipped,exclude_obvious_irrelevant,No in-scope psychedelic/ketamine/entactogen/dissociative compound or intervention term appears in the title/abstract; dataset entity terms present.,False,1,,,
disorder,4199,10.1002/erv.2330,Temperament‐based Treatment for Anorexia Nervosa,2014,True,skipped,exclude_obvious_irrelevant,No in-scope psychedelic/ketamine/entactogen/dissociative compound or intervention term appears in the title/abstract; dataset entity terms present.,False,1,,,
disorder,4200,10.1002/erv.2397,"Eating Disorders and Problematic Eating Behaviours Before and After Bariatric Surgery: Characterization, Assessment and Association with Treatment Outcomes.",2015,True,skipped,exclude_obvious_irrelevant,No in-scope psychedelic/ketamine/entactogen/dissociative compound or intervention term appears in the title/abstract; dataset entity terms present.,False,1,,,
disorder,4202,10.1002/erv.2808,Inpatient treatment of anorexia nervosa in adolescents: A 1‐year follow‐up study,2020,True,skipped,exclude_obvious_irrelevant,No in-scope psychedelic/ketamine/entactogen/dissociative compound or intervention term appears in the title/abstract; dataset entity terms present.,False,1,,,
disorder,4204,10.1002/erv.2876,"The effects of probiotics administration on the gut microbiome in adolescents with anorexia nervosa—A study protocol for a longitudinal, double‐blind, randomized, placebo‐controlled trial",2021,True,skipped,exclude_obvious_irrelevant,No in-scope psychedelic/ketamine/entactogen/dissociative compound or intervention term appears in the title/abstract; dataset entity terms present.,False,1,,,
disorder,4213,10.1002/erv.3058,"Autopsy of a failed trial part 2: Outcomes, challenges, and lessons learnt from the DAISIES trial",2023,True,skipped,escalate,in-scope compound/intervention term appears in title or abstract,True,1,,,
disorder,4233,10.1002/erv.70099,Psychometric Properties of the Commitment to Exercise Scale in Inpatients With Anorexia Nervosa and Bulimia Nervosa,2026,True,no_pdf_url,exclude_obvious_irrelevant,No in-scope psychedelic/ketamine/entactogen/dissociative compound or intervention term appears in the title/abstract; dataset entity terms present.,False,1,,,
disorder,4258,10.1002/hsr2.72142,Long‐Term Clinical and Psychological Efficacy and Safety of Ocrelizumab in People With Multiple Sclerosis: A Real‐World Longitudinal Study,2026,True,skipped,exclude_obvious_irrelevant,No in-scope psychedelic/ketamine/entactogen/dissociative compound or intervention term appears in the title/abstract; dataset entity terms present.,False,1,,,
disorder,4274,10.1002/jbmr.4420,"Sequential Therapy With Recombinant Human IGF-1 Followed by Risedronate Increases Spine Bone Mineral Density in Women With Anorexia Nervosa: A Randomized, Placebo-Controlled Trial",2021,True,skipped,exclude_obvious_irrelevant,No in-scope psychedelic/ketamine/entactogen/dissociative compound or intervention term appears in the title/abstract; dataset entity terms present.,False,1,,,
disorder,4312,10.1002/jts.23002,The impact of substance use on posttraumatic stress disorder symptoms and treatment discontinuation,2023,True,skipped,exclude_obvious_irrelevant,No in-scope psychedelic/ketamine/entactogen/dissociative compound or intervention term appears in the title/abstract; dataset entity terms present.,False,1,,,
disorder,4314,10.1002/jum.16347,Noninvasive Evaluation of Breast Tumor Response to Combined Ultrasound‐Stimulated Microbubbles and Hyperthermia Therapy Using Quantitative Ultrasound‐Based Texture Analysis Method,2023,True,skipped,exclude_obvious_irrelevant,No in-scope psychedelic/ketamine/entactogen/dissociative compound or intervention term appears in the title/abstract; dataset entity terms present.,False,1,,,
disorder,4315,10.1002/lsm.23011,Effects of transcranial photobiomodulation with near‐infrared light on sexual dysfunction,2018,True,skipped,exclude_obvious_irrelevant,No in-scope psychedelic/ketamine/entactogen/dissociative compound or intervention term appears in the title/abstract; dataset entity terms present.,False,1,,,
disorder,4319,10.1002/mds.1070,Long‐duration effect and the postsynaptic compartment: Study using a dopamine agonist with a short half‐life,2001,True,skipped,escalate,in-scope compound/intervention term appears in title or abstract,True,1,,,
disorder,4321,10.1002/mds.22254,Treatment of restless legs syndrome: An evidence‐based review and implications for clinical practice,2008,True,skipped,escalate,in-scope compound/intervention term appears in title or abstract,True,1,,,
disorder,4337,10.1002/msc.1956,Rehabilitation Interventions for Adults With Complex Regional Pain Syndrome: A Scoping Review Protocol,2024,True,skipped,exclude_obvious_irrelevant,No in-scope psychedelic/ketamine/entactogen/dissociative compound or intervention term appears in the title/abstract; dataset entity terms present.,False,1,,,
disorder,4338,10.1002/msc.70186,Strength Training Versus Walking on the Fibromyalgia Impact: A Blinded Randomised Controlled Trial,2025,True,skipped,exclude_obvious_irrelevant,No in-scope psychedelic/ketamine/entactogen/dissociative compound or intervention term appears in the title/abstract; dataset entity terms present.,False,1,,,
disorder,4349,10.1002/oby.23898,"Naltrexone/bupropion for binge‐eating disorder: A randomized, double‐blind, placebo‐controlled trial",2023,True,skipped,exclude_obvious_irrelevant,No in-scope psychedelic/ketamine/entactogen/dissociative compound or intervention term appears in the title/abstract; no dataset entity terms found.,False,1,,,
disorder,4350,10.1002/oby.24292,Rapid response to behavioral/pharmacological obesity treatments for binge‐eating disorder predicts better clinical outcomes,2025,True,skipped,exclude_obvious_irrelevant,No in-scope psychedelic/ketamine/entactogen/dissociative compound or intervention term appears in the title/abstract; no dataset entity terms found.,False,1,,,
disorder,4351,10.1002/osp4.619,A pilot randomized controlled trial of liraglutide 3.0 mg for binge eating disorder.,2023,True,skipped,exclude_obvious_irrelevant,No in-scope psychedelic/ketamine/entactogen/dissociative compound or intervention term appears in the title/abstract; no dataset entity terms found.,False,1,,,
disorder,4362,10.1002/pmrj.13439,Preoperative physical health and psychosocial characteristics influence postoperative mobility in veterans following total knee arthroplasty: A structural equation modeling approach,2025,True,skipped,escalate,in-scope compound/intervention term appears in title or abstract,True,1,,,
disorder,4365,10.1002/pon.5223,"Greater mindfulness associated with lower pain, fatigue, and psychological distress in women with metastatic breast cancer",2019,True,skipped,exclude_obvious_irrelevant,No in-scope psychedelic/ketamine/entactogen/dissociative compound or intervention term appears in the title/abstract; dataset entity terms present.,False,1,,,
disorder,4370,10.1002/pros.24794,The role of gut microbiota involved in prostate microenvironment and symptoms improvement in chronic prostatitis/chronic pelvic pain syndrome patients treated with low‐intensity extracorporeal shock wave,2024,True,skipped,exclude_obvious_irrelevant,No in-scope psychedelic/ketamine/entactogen/dissociative compound or intervention term appears in the title/abstract; no dataset entity terms found.,False,1,,,
disorder,4385,10.1002/smi.3436,Emotions in search of words: Does alexithymia predict treatment outcome in chronic musculoskeletal pain?,2024,True,skipped,exclude_obvious_irrelevant,No in-scope psychedelic/ketamine/entactogen/dissociative compound or intervention term appears in the title/abstract; dataset entity terms present.,False,1,,,
disorder,4400,10.1002/wps.20941,The efficacy of psychotherapies and pharmacotherapies for mental disorders in adults: an umbrella review and meta‐analytic evaluation of recent meta‐analyses,2022,True,skipped,exclude_obvious_irrelevant,No in-scope psychedelic/ketamine/entactogen/dissociative compound or intervention term appears in the title/abstract; dataset entity terms present.,False,1,,,
disorder,4447,10.1007/bf03160964,Neurogenic bladder and chronic urinary retention associated with MDMA abuse,2008,True,skipped,escalate,in-scope compound/intervention term appears in title or abstract,True,1,,,
disorder,4454,10.1007/s00115-025-01804-y,[Pharmacotherapy of eating disorders-An update].,2025,True,skipped,exclude_obvious_irrelevant,No in-scope psychedelic/ketamine/entactogen/dissociative compound or intervention term appears in the title/abstract; dataset entity terms present.,False,1,,,
disorder,4519,10.1007/s00213-018-4887-7,New steps for treating alcohol use disorder,2018,True,skipped,exclude_obvious_irrelevant,No in-scope psychedelic/ketamine/entactogen/dissociative compound or intervention term appears in the title/abstract; dataset entity terms present.,False,1,,,
disorder,4567,10.1007/s00213-026-07073-0,"A Mindfulness-Based Intervention to Reduce Altered Brain Reward Function in Cannabis Use Disorder: A Double-Blind, Active and Passive, Randomised Controlled fMRI Trial",2025,True,skipped,exclude_obvious_irrelevant,No in-scope psychedelic/ketamine/entactogen/dissociative compound or intervention term appears in the title/abstract; dataset entity terms present.,False,1,,,
disorder,4582,10.1007/s00296-022-05140-1,Effects of different protocols of physical exercise on fibromyalgia syndrome treatment: systematic review and meta-analysis of randomized controlled trials,2022,True,no_pdf_url,exclude_obvious_irrelevant,No in-scope psychedelic/ketamine/entactogen/dissociative compound or intervention term appears in the title/abstract; no dataset entity terms found.,False,1,,,
disorder,4583,10.1007/s00296-024-05778-z,Can mindfulness have long-term impact on patients with fibromyalgia? A two-year prospective follow-up study of a mindfulness-based intervention,2025,True,skipped,exclude_obvious_irrelevant,No in-scope psychedelic/ketamine/entactogen/dissociative compound or intervention term appears in the title/abstract; no dataset entity terms found.,False,1,,,
disorder,4585,10.1007/s00393-025-01738-5,Digitale Behandlung der Fibromyalgie,2025,True,skipped,exclude_obvious_irrelevant,No in-scope psychedelic/ketamine/entactogen/dissociative compound or intervention term appears in the title/abstract; dataset entity terms present.,False,1,,,
disorder,4595,10.1007/s00406-023-01620-y,TDCS at home for depressive disorders: an updated systematic review and lessons learned from a prematurely terminated randomized controlled pilot study,2023,True,skipped,exclude_obvious_irrelevant,No in-scope psychedelic/ketamine/entactogen/dissociative compound or intervention term appears in the title/abstract; dataset entity terms present.,False,1,,,
disorder,4669,10.1007/s10072-022-06197-3,Comparative safety of high-efficacy disease-modifying therapies in relapsing–remitting multiple sclerosis: a systematic review and network meta-analysis,2022,True,no_pdf_url,exclude_obvious_irrelevant,No in-scope psychedelic/ketamine/entactogen/dissociative compound or intervention term appears in the title/abstract; no dataset entity terms found.,False,1,,,
disorder,4675,10.1007/s10103-024-04146-4,The efficacy of high-intensity laser therapy in wound healing: a narrative review.,2024,True,skipped,exclude_obvious_irrelevant,No in-scope psychedelic/ketamine/entactogen/dissociative compound or intervention term appears in the title/abstract; no dataset entity terms found.,False,1,,,
disorder,4685,10.1007/s10194-006-0327-x,Acute treatment of headache,2006,True,skipped,exclude_obvious_irrelevant,No in-scope psychedelic/ketamine/entactogen/dissociative compound or intervention term appears in the title/abstract; dataset entity terms present.,False,1,,,
disorder,4689,10.1007/s10194-009-0133-3,Favorable outcome of early treatment of new onset child and adolescent migraine-implications for disease modification,2009,True,skipped,exclude_obvious_irrelevant,No in-scope psychedelic/ketamine/entactogen/dissociative compound or intervention term appears in the title/abstract; no dataset entity terms found.,False,1,,,
disorder,4710,10.1007/s10555-020-09889-4,Inflammation resolution: a dual-pronged approach to averting cytokine storms in COVID-19?,2020,True,skipped,exclude_obvious_irrelevant,No in-scope psychedelic/ketamine/entactogen/dissociative compound or intervention term appears in the title/abstract; no dataset entity terms found.,False,1,,,
disorder,4737,10.1007/s10803-014-2158-y,Quantifying Narrative Ability in Autism Spectrum Disorder: A Computational Linguistic Analysis of Narrative Coherence,2014,True,skipped,escalate,in-scope compound/intervention term appears in title or abstract,True,1,,,
disorder,4738,10.1007/s10803-020-04521-4,Generalized Effects of Naturalistic Social Communication Intervention for Minimally Verbal Children with Autism.,2021,True,skipped,exclude_obvious_irrelevant,No in-scope psychedelic/ketamine/entactogen/dissociative compound or intervention term appears in the title/abstract; no dataset entity terms found.,False,1,,,
disorder,4742,10.1007/s10803-022-05812-8,Expert Clinician Certainty in Diagnosing Autism Spectrum Disorder in 16–30-Month-Olds: A Multi-site Trial Secondary Analysis,2022,True,skipped,exclude_obvious_irrelevant,No in-scope psychedelic/ketamine/entactogen/dissociative compound or intervention term appears in the title/abstract; dataset entity terms present.,False,1,,,
disorder,4757,10.1007/s10865-025-00550-5,Mindfulness-based interventions for binge eating: an updated systematic review and meta-analysis,2025,True,skipped,exclude_obvious_irrelevant,No in-scope psychedelic/ketamine/entactogen/dissociative compound or intervention term appears in the title/abstract; no dataset entity terms found.,False,1,,,
disorder,4763,10.1007/s10926-023-10121-7,Systematic Review to Inform a World Health Organization (WHO) Clinical Practice Guideline: Benefits and Harms of Transcutaneous Electrical Nerve Stimulation (TENS) for Chronic Primary Low Back Pain in Adults,2023,True,skipped,exclude_obvious_irrelevant,No in-scope psychedelic/ketamine/entactogen/dissociative compound or intervention term appears in the title/abstract; no dataset entity terms found.,False,1,,,
disorder,4764,10.1007/s10926-023-10124-4,Systematic Review to Inform a World Health Organization (WHO) Clinical Practice Guideline: Benefits and Harms of Structured Exercise Programs for Chronic Primary Low Back Pain in Adults,2023,True,skipped,exclude_obvious_irrelevant,No in-scope psychedelic/ketamine/entactogen/dissociative compound or intervention term appears in the title/abstract; no dataset entity terms found.,False,1,,,
disorder,4765,10.1007/s10926-023-10125-3,Systematic Review to Inform a World Health Organization (WHO) Clinical Practice Guideline: Benefits and Harms of Needling Therapies for Chronic Primary Low Back Pain in Adults,2023,True,skipped,exclude_obvious_irrelevant,No in-scope psychedelic/ketamine/entactogen/dissociative compound or intervention term appears in the title/abstract; no dataset entity terms found.,False,1,,,
disorder,4775,10.1007/s11065-022-09564-1,Treatment Response of Transcranial Magnetic Stimulation in Intellectually Capable Youth and Young Adults with Autism Spectrum Disorder: A Systematic Review and Meta-Analysis,2022,True,skipped,exclude_obvious_irrelevant,No in-scope psychedelic/ketamine/entactogen/dissociative compound or intervention term appears in the title/abstract; dataset entity terms present.,False,1,,,
disorder,4784,10.1007/s11126-021-09955-2,The Psychiatric Burden on Medical Students in New York City Entering Clinical Clerkships During the COVID-19 Pandemic,2021,True,skipped,exclude_obvious_irrelevant,No in-scope psychedelic/ketamine/entactogen/dissociative compound or intervention term appears in the title/abstract; dataset entity terms present.,False,1,,,
disorder,4789,10.1007/s11136-021-02848-8,"Health-related quality of life in elderly, multimorbid individuals with and without depression and/or mild cognitive impairment using a telemonitoring application",2021,True,skipped,exclude_obvious_irrelevant,No in-scope psychedelic/ketamine/entactogen/dissociative compound or intervention term appears in the title/abstract; dataset entity terms present.,False,1,,,
disorder,4798,10.1007/s11325-025-03279-2,Added value of technician intervention to improve mask management for apneic patients treated with long-term CPAP,2025,True,no_pdf_url,exclude_obvious_irrelevant,No in-scope psychedelic/ketamine/entactogen/dissociative compound or intervention term appears in the title/abstract; no dataset entity terms found.,False,1,,,
disorder,4801,10.1007/s11357-024-01142-y,"The duration of lithium use and biological ageing: telomere length, frailty, metabolomic age and all-cause mortality",2024,True,skipped,exclude_obvious_irrelevant,No in-scope psychedelic/ketamine/entactogen/dissociative compound or intervention term appears in the title/abstract; no dataset entity terms found.,False,1,,,
disorder,4814,10.1007/s11606-019-04858-2,Predictors of Neuropsychiatric Adverse Events with Smoking Cessation Medications in the Randomized Controlled EAGLES Trial,2019,True,skipped,exclude_obvious_irrelevant,No in-scope psychedelic/ketamine/entactogen/dissociative compound or intervention term appears in the title/abstract; dataset entity terms present.,False,1,,,
disorder,4815,10.1007/s11606-019-05074-8,Pharmacotherapy for Cocaine Use Disorder—a Systematic Review and Meta-analysis,2019,True,skipped,exclude_obvious_irrelevant,No in-scope psychedelic/ketamine/entactogen/dissociative compound or intervention term appears in the title/abstract; dataset entity terms present.,False,1,,,
disorder,4840,10.1007/s11916-011-0214-2,Exercise therapy for fibromyalgia.,2011,True,skipped,exclude_obvious_irrelevant,No in-scope psychedelic/ketamine/entactogen/dissociative compound or intervention term appears in the title/abstract; no dataset entity terms found.,False,1,,,
disorder,4842,10.1007/s11916-022-01022-0,Preventing the Progression of Episodic Migraine to Chronic Migraine with Acute Treatment Optimization.,2022,True,skipped,exclude_obvious_irrelevant,No in-scope psychedelic/ketamine/entactogen/dissociative compound or intervention term appears in the title/abstract; no dataset entity terms found.,False,1,,,
disorder,4843,10.1007/s11916-023-01161-y,"New Daily Persistent Headache (NDPH): Unraveling the Complexities of Diagnosis, Pathophysiology, and Treatment.",2023,True,skipped,escalate,in-scope compound/intervention term appears in title or abstract,True,1,,,
disorder,4844,10.1007/s11916-024-01271-1,Four Decades of Occipital Nerve Stimulation for Headache Disorders: A Systematic Review.,2024,True,skipped,exclude_obvious_irrelevant,No in-scope psychedelic/ketamine/entactogen/dissociative compound or intervention term appears in the title/abstract; dataset entity terms present.,False,1,,,
disorder,4850,10.1007/s11920-019-1086-0,Adolescent Substance Use Disorder Treatment: an Update on Evidence-Based Strategies,2019,True,skipped,exclude_obvious_irrelevant,No in-scope psychedelic/ketamine/entactogen/dissociative compound or intervention term appears in the title/abstract; dataset entity terms present.,False,1,,,
disorder,4851,10.1007/s11920-019-1110-4,Opioid Use in Pregnancy,2019,True,skipped,exclude_obvious_irrelevant,No in-scope psychedelic/ketamine/entactogen/dissociative compound or intervention term appears in the title/abstract; dataset entity terms present.,False,1,,,
disorder,4853,10.1007/s11920-022-01326-3,Moderators of Cognitive Behavioral Treatment for Insomnia on Depression and Anxiety Outcomes,2022,True,skipped,exclude_obvious_irrelevant,No in-scope psychedelic/ketamine/entactogen/dissociative compound or intervention term appears in the title/abstract; dataset entity terms present.,False,1,,,
disorder,4859,10.1007/s11926-020-00954-z,Acupuncture and Chronic Musculoskeletal Pain,2020,True,skipped,exclude_obvious_irrelevant,No in-scope psychedelic/ketamine/entactogen/dissociative compound or intervention term appears in the title/abstract; no dataset entity terms found.,False,1,,,
disorder,4873,10.1007/s12035-025-05608-8,Unraveling Cannabidiol's Dual Modulatory Role in Schizophrenia: Network Pharmacology and In Vivo Validation of Neuroinflammatory and Behavioral Modulation.,2025,True,skipped,escalate,in-scope compound/intervention term appears in title or abstract,True,1,,,
disorder,4888,10.1007/s12325-023-02507-z,Investigational Use of Mesenchymal Stem/Stromal Cells and Their Secretome as Add-On Therapy in Severe Respiratory Virus Infections: Challenges and Perspectives,2023,True,skipped,exclude_obvious_irrelevant,No in-scope psychedelic/ketamine/entactogen/dissociative compound or intervention term appears in the title/abstract; no dataset entity terms found.,False,1,,,
disorder,4915,10.1007/s13181-013-0287-x,Recurrent Seizures and Serotonin Syndrome Following “2C-I” Ingestion,2013,True,skipped,escalate,in-scope compound/intervention term appears in title or abstract,True,1,,,
disorder,4925,10.1007/s13311-015-0361-y,Angelman Syndrome,2015,True,skipped,exclude_obvious_irrelevant,No in-scope psychedelic/ketamine/entactogen/dissociative compound or intervention term appears in the title/abstract; dataset entity terms present.,False,1,,,
disorder,4930,10.1007/s13311-020-00878-7,"RETRACTED ARTICLE: The Antidiabetic Metformin as an Adjunct to Antidepressants in Patients with Major Depressive Disorder: A Proof-of-Concept, Randomized, Double-Blind, Placebo-Controlled Trial",2020,True,skipped,exclude_obvious_irrelevant,No in-scope psychedelic/ketamine/entactogen/dissociative compound or intervention term appears in the title/abstract; dataset entity terms present.,False,1,,,
disorder,4932,10.1007/s13311-020-00914-6,"Current Management of Tics and Tourette Syndrome: Behavioral, Pharmacologic, and Surgical Treatments",2020,True,skipped,escalate,broad psychiatric treatment language needs LLM review,True,1,,,
disorder,4935,10.1007/s13340-020-00476-0,Protective effect of pregabalin on the brain tissue of diabetic rats,2020,True,skipped,exclude_obvious_irrelevant,No in-scope psychedelic/ketamine/entactogen/dissociative compound or intervention term appears in the title/abstract; dataset entity terms present.,False,1,,,
disorder,4945,10.1007/s13679-023-00517-0,"Binge-Eating Disorder Interventions: Review, Current Status, and Implications",2023,True,skipped,exclude_obvious_irrelevant,No in-scope psychedelic/ketamine/entactogen/dissociative compound or intervention term appears in the title/abstract; no dataset entity terms found.,False,1,,,
disorder,4946,10.1007/s13679-024-00553-4,Treatment of Binge-Eating Disorder Across the Lifespan: An Updated Review of the Literature and Considerations for Future Research,2024,True,skipped,exclude_obvious_irrelevant,No in-scope psychedelic/ketamine/entactogen/dissociative compound or intervention term appears in the title/abstract; no dataset entity terms found.,False,1,,,
disorder,4981,10.1007/s40211-020-00334-0,"Cannabidiol treatment in an adolescent with multiple substance abuse, social anxiety and depression",2020,True,skipped,escalate,in-scope compound/intervention term appears in title or abstract,True,1,,,
disorder,4988,10.1007/s40261-021-01032-7,The Pharmacology of Buprenorphine Microinduction for Opioid Use Disorder,2021,True,skipped,exclude_obvious_irrelevant,No in-scope psychedelic/ketamine/entactogen/dissociative compound or intervention term appears in the title/abstract; dataset entity terms present.,False,1,,,
disorder,4999,10.1007/s40263-014-0166-2,A systematic review of the safety of lisdexamfetamine dimesylate.,2014,True,skipped,exclude_obvious_irrelevant,No in-scope psychedelic/ketamine/entactogen/dissociative compound or intervention term appears in the title/abstract; no dataset entity terms found.,False,1,,,
disorder,5002,10.1007/s40263-017-0410-7,"Cardiovascular Effects of Stimulant and Non-Stimulant Medication for Children and Adolescents with ADHD: A Systematic Review and Meta-Analysis of Trials of Methylphenidate, Amphetamines and Atomoxetine.",2017,True,skipped,exclude_obvious_irrelevant,No in-scope psychedelic/ketamine/entactogen/dissociative compound or intervention term appears in the title/abstract; no dataset entity terms found.,False,1,,,
disorder,5003,10.1007/s40263-017-0477-1,Lisdexamfetamine: A Review in Binge Eating Disorder,2017,True,no_pdf_url,exclude_obvious_irrelevant,No in-scope psychedelic/ketamine/entactogen/dissociative compound or intervention term appears in the title/abstract; no dataset entity terms found.,False,1,,,
disorder,5013,10.1007/s40263-022-00911-7,Hypnotic and Melatonin/Melatonin-Receptor Agonist Treatment in Bipolar Disorder: A Systematic Review and Meta-Analysis.,2022,True,skipped,exclude_obvious_irrelevant,No in-scope psychedelic/ketamine/entactogen/dissociative compound or intervention term appears in the title/abstract; dataset entity terms present.,False,1,,,
disorder,5029,10.1007/s40264-022-01201-3,Safety of Praziquantel and Albendazole Coadministration for the Control and Elimination of Schistosomiasis and Soil-Transmitted Helminths Among Children in Rwanda: An Active Surveillance Study.,2022,True,skipped,exclude_obvious_irrelevant,No in-scope psychedelic/ketamine/entactogen/dissociative compound or intervention term appears in the title/abstract; no dataset entity terms found.,False,1,,,
disorder,5033,10.1007/s40265-018-0866-x,Prevention and Treatment of Chronic Postsurgical Pain: A Narrative Review,2018,True,no_pdf_url,exclude_obvious_irrelevant,No in-scope psychedelic/ketamine/entactogen/dissociative compound or intervention term appears in the title/abstract; dataset entity terms present.,False,1,,,
disorder,5037,10.1007/s40271-026-00813-6,Experiences of Migraine and Erenumab Treatment in Japan: Qualitative Interviews with Clinical Trial Participants,2026,True,skipped,exclude_obvious_irrelevant,No in-scope psychedelic/ketamine/entactogen/dissociative compound or intervention term appears in the title/abstract; no dataset entity terms found.,False,1,,,
disorder,5040,10.1007/s40279-019-01187-6,Exercise as Medicine for Mental and Substance Use Disorders: A Meta-review of the Benefits for Neuropsychiatric and Cognitive Outcomes,2019,True,skipped,exclude_obvious_irrelevant,No in-scope psychedelic/ketamine/entactogen/dissociative compound or intervention term appears in the title/abstract; dataset entity terms present.,False,1,,,
disorder,5078,10.1007/s40744-022-00461-w,"Clinical Characteristics of Potential ""Difficult-to-treat"" Patients with Psoriatic Arthritis: A Retrospective Analysis of a Longitudinal Cohort.",2022,True,skipped,exclude_obvious_irrelevant,No in-scope psychedelic/ketamine/entactogen/dissociative compound or intervention term appears in the title/abstract; no dataset entity terms found.,False,1,,,
disorder,5210,10.1016/j.amepre.2020.03.022,Opioid Use Disorder Treatment Facilities With Programs for Special Populations,2020,True,skipped,exclude_obvious_irrelevant,No in-scope psychedelic/ketamine/entactogen/dissociative compound or intervention term appears in the title/abstract; dataset entity terms present.,False,1,,,
disorder,5222,10.1016/j.apmr.2020.06.019,Effectiveness of Exercise on Fatigue and Sleep Quality in Fibromyalgia: A Systematic Review and Meta-analysis of Randomized Trials,2020,True,skipped,exclude_obvious_irrelevant,No in-scope psychedelic/ketamine/entactogen/dissociative compound or intervention term appears in the title/abstract; no dataset entity terms found.,False,1,,,
disorder,5224,10.1016/j.aprim.2018.03.010,[Analgesic effects of transcutaneous electrical nerve stimulation (TENS) in patients with fibromyalgia: A systematic review].,2019,True,skipped,exclude_obvious_irrelevant,No in-scope psychedelic/ketamine/entactogen/dissociative compound or intervention term appears in the title/abstract; dataset entity terms present.,False,1,,,
disorder,5231,10.1016/j.autrev.2026.104055,Predicting the Course: Real-World Trajectories Toward Minimal Disease Activity in Psoriatic Arthritis,2025,True,no_pdf_url,exclude_obvious_irrelevant,No in-scope psychedelic/ketamine/entactogen/dissociative compound or intervention term appears in the title/abstract; no dataset entity terms found.,False,1,,,
disorder,5255,10.1016/j.beth.2014.05.006,Brief Interventions to Reduce Ecstasy Use: A Multi-Site Randomized Controlled Trial,2014,True,skipped,escalate,in-scope compound/intervention term appears in title or abstract,True,1,,,
disorder,5259,10.1016/j.biochi.2020.04.019,Folinic acid improves the score of Autism in the EFFET placebo-controlled randomized trial,2020,True,skipped,exclude_obvious_irrelevant,No in-scope psychedelic/ketamine/entactogen/dissociative compound or intervention term appears in the title/abstract; dataset entity terms present.,False,1,,,
disorder,5266,10.1016/j.biopsych.2009.02.029,"Reward Processing After Catecholamine Depletion in Unmedicated, Remitted Subjects with Major Depressive Disorder",2009,True,no_pdf_url,exclude_obvious_irrelevant,No in-scope psychedelic/ketamine/entactogen/dissociative compound or intervention term appears in the title/abstract; dataset entity terms present.,False,1,,,
disorder,5279,10.1016/j.biopsych.2015.08.001,Association Between Cannabis and Psychosis: Epidemiologic Evidence,2015,True,skipped,exclude_obvious_irrelevant,No in-scope psychedelic/ketamine/entactogen/dissociative compound or intervention term appears in the title/abstract; no dataset entity terms found.,False,1,,,
disorder,5298,10.1016/j.biopsych.2025.01.001,Focused Ultrasound Neuromodulation: Exploring a Novel Treatment for Severe Opioid Use Disorder,2025,True,skipped,exclude_obvious_irrelevant,No in-scope psychedelic/ketamine/entactogen/dissociative compound or intervention term appears in the title/abstract; dataset entity terms present.,False,1,,,
disorder,5308,10.1016/j.bja.2023.12.031,Intraoperative dexamethasone and chronic postsurgical pain: a propensity score-matched analysis of a large trial,2024,True,skipped,exclude_obvious_irrelevant,No in-scope psychedelic/ketamine/entactogen/dissociative compound or intervention term appears in the title/abstract; no dataset entity terms found.,False,1,,,
disorder,5314,10.1016/j.bjpt.2023.100480,Life-space mobility in older adults with Alzheimer's-type dementia,2023,True,skipped,escalate,in-scope compound/intervention term appears in title or abstract,True,1,,,
disorder,5315,10.1016/j.bjpt.2025.101226,The most effective therapeutic exercises for pain intensity in women with fibromyalgia: A systematic review and network meta-analysis,2025,True,skipped,exclude_obvious_irrelevant,No in-scope psychedelic/ketamine/entactogen/dissociative compound or intervention term appears in the title/abstract; no dataset entity terms found.,False,1,,,
disorder,5329,10.1016/j.bpsgos.2025.100521,The Induction of Dissociative States: A Meta-Analysis,2025,True,skipped,escalate,in-scope compound/intervention term appears in title or abstract,True,1,,,
disorder,5331,10.1016/j.bpsgos.2025.100558,Pathway-Specific Polygenic Scores for Predicting Clinical Lithium Treatment Response in Patients With Bipolar Disorder.,2025,True,skipped,exclude_obvious_irrelevant,No in-scope psychedelic/ketamine/entactogen/dissociative compound or intervention term appears in the title/abstract; no dataset entity terms found.,False,1,,,
disorder,5350,10.1016/j.brat.2024.104643,Moderators of outcome in self-guided internet-delivered cognitive-behavior therapy for obsessive-compulsive disorder,2024,True,no_pdf_url,exclude_obvious_irrelevant,No in-scope psychedelic/ketamine/entactogen/dissociative compound or intervention term appears in the title/abstract; dataset entity terms present.,False,1,,,
disorder,5362,10.1016/j.brs.2023.10.002,"Efficacy of insula deep repetitive transcranial magnetic stimulation combined with varenicline for smoking cessation: A randomized, double-blind, sham controlled trial",2023,True,no_pdf_url,exclude_obvious_irrelevant,No in-scope psychedelic/ketamine/entactogen/dissociative compound or intervention term appears in the title/abstract; no dataset entity terms found.,False,1,,,
disorder,5384,10.1016/j.cct.2021.106379,A SMARTTT approach to Treating Tobacco use disorder in persons with HIV (SMARTTT): Rationale and design for a hybrid type 1 effectiveness-implementation study,2021,True,skipped,exclude_obvious_irrelevant,No in-scope psychedelic/ketamine/entactogen/dissociative compound or intervention term appears in the title/abstract; dataset entity terms present.,False,1,,,
disorder,5390,10.1016/j.cct.2024.107541,IntEgrating Smoking Cessation treAtment into usual online Psychological care for people with common mEntal illness: Protocol for an online randomised feasibility and pilot study (ESCAPE digital),2024,True,skipped,exclude_obvious_irrelevant,No in-scope psychedelic/ketamine/entactogen/dissociative compound or intervention term appears in the title/abstract; dataset entity terms present.,False,1,,,
disorder,5425,10.1016/j.cgh.2024.07.025,"IL-1 Signal Inhibition in Alcohol-Related Hepatitis: A Randomized, Double-Blind, Placebo-Controlled Trial of Canakinumab",2024,True,no_pdf_url,exclude_obvious_irrelevant,No in-scope psychedelic/ketamine/entactogen/dissociative compound or intervention term appears in the title/abstract; no dataset entity terms found.,False,1,,,
disorder,5440,10.1016/j.clinph.2020.10.018,Resting EEG theta connectivity and alpha power to predict repetitive transcranial magnetic stimulation response in depression: A non-replication from the ICON-DB consortium,2020,True,skipped,exclude_obvious_irrelevant,No in-scope psychedelic/ketamine/entactogen/dissociative compound or intervention term appears in the title/abstract; dataset entity terms present.,False,1,,,
disorder,5443,10.1016/j.clinsp.2024.100566,Behavioral therapies for the treatment of autism spectrum disorder: A systematic review,2024,True,skipped,exclude_obvious_irrelevant,No in-scope psychedelic/ketamine/entactogen/dissociative compound or intervention term appears in the title/abstract; dataset entity terms present.,False,1,,,
disorder,5446,10.1016/j.clinthera.2020.10.006,Psychotherapy and Medications for Eating Disorders: Better Together?,2020,True,skipped,exclude_obvious_irrelevant,No in-scope psychedelic/ketamine/entactogen/dissociative compound or intervention term appears in the title/abstract; dataset entity terms present.,False,1,,,
disorder,5448,10.1016/j.clnu.2018.12.031,Novel approaches for the assessment of relative body weight and body fat in diagnosis and treatment of anorexia nervosa: A cross-sectional study,2019,True,skipped,exclude_obvious_irrelevant,No in-scope psychedelic/ketamine/entactogen/dissociative compound or intervention term appears in the title/abstract; dataset entity terms present.,False,1,,,
disorder,5460,10.1016/j.comppsych.2023.152371,"Feasibility, acceptability and practicality of transcranial stimulation in obsessive compulsive symptoms (FEATSOCS): A randomised controlled crossover trial",2023,True,skipped,exclude_obvious_irrelevant,No in-scope psychedelic/ketamine/entactogen/dissociative compound or intervention term appears in the title/abstract; dataset entity terms present.,False,1,,,
disorder,5461,10.1016/j.comppsych.2024.152453,The effectiveness of unguided self-help psychological interventions for obsessive-compulsive disorder: A meta-analysis of randomized controlled trials,2024,True,no_pdf_url,exclude_obvious_irrelevant,No in-scope psychedelic/ketamine/entactogen/dissociative compound or intervention term appears in the title/abstract; dataset entity terms present.,False,1,,,
disorder,5462,10.1016/j.comppsych.2024.152478,The course of borderline personality disorder from adolescence to early adulthood: A 5-year follow-up study,2024,True,skipped,exclude_obvious_irrelevant,No in-scope psychedelic/ketamine/entactogen/dissociative compound or intervention term appears in the title/abstract; dataset entity terms present.,False,1,,,
disorder,5464,10.1016/j.comppsych.2025.152617,Unraveling the neurophysiological underpinnings of social anxiety through body language: An ERP study,2025,True,no_pdf_url,escalate,in-scope compound/intervention term appears in title or abstract,True,1,,,
disorder,5469,10.1016/j.conctc.2016.10.002,Customized Care: An intervention to Improve Communication and health outcomes in multimorbidity.,2016,True,skipped,escalate,in-scope compound/intervention term appears in title or abstract,True,1,,,
disorder,5476,10.1016/j.conctc.2025.101490,"Corrigendum to ""Protocol for a randomized clinical trial of strength at home parents: A trauma informed parenting intervention for veterans"" [Contempor. Clin. Trials Commun. 41 (2024) 101363].",2025,True,skipped,exclude_obvious_irrelevant,No in-scope psychedelic/ketamine/entactogen/dissociative compound or intervention term appears in the title/abstract; no dataset entity terms found.,False,1,,,
disorder,5484,10.1016/j.coph.2021.11.012,Treatment of alcohol use disorder in patients with liver disease,2022,True,no_pdf_url,exclude_obvious_irrelevant,No in-scope psychedelic/ketamine/entactogen/dissociative compound or intervention term appears in the title/abstract; dataset entity terms present.,False,1,,,
disorder,5485,10.1016/j.copsyc.2021.03.013,Targeting body image in eating disorders,2021,True,skipped,exclude_obvious_irrelevant,No in-scope psychedelic/ketamine/entactogen/dissociative compound or intervention term appears in the title/abstract; dataset entity terms present.,False,1,,,
disorder,5493,10.1016/j.cpr.2021.102110,Expanding the continuum of substance use disorder treatment: Nonabstinence approaches,2021,True,skipped,exclude_obvious_irrelevant,No in-scope psychedelic/ketamine/entactogen/dissociative compound or intervention term appears in the title/abstract; dataset entity terms present.,False,1,,,
disorder,5497,10.1016/j.crphar.2025.100242,"Neuroprotective effects of naringenin on nicotine-induced anxiety and depression: Involvement of monoaminergic systems, oxidative stress, and neuroinflammation on male rats",2025,True,skipped,exclude_obvious_irrelevant,No in-scope psychedelic/ketamine/entactogen/dissociative compound or intervention term appears in the title/abstract; dataset entity terms present.,False,1,,,
disorder,5505,10.1016/j.dadr.2023.100200,"Corrigendum to ""Co-use of cigarettes and cannabis among people with HIV: Results from a randomized controlled smoking cessation trial"" [Drug and Alcohol Dependence Reports 7 (2023) 100172].",2023,True,skipped,exclude_obvious_irrelevant,No in-scope psychedelic/ketamine/entactogen/dissociative compound or intervention term appears in the title/abstract; dataset entity terms present.,False,1,,,
disorder,5516,10.1016/j.drugalcdep.2007.11.021,A randomized trial of 6-month methadone maintenance with standard or minimal counseling versus 21-day methadone detoxification,2008,True,skipped,exclude_obvious_irrelevant,No in-scope psychedelic/ketamine/entactogen/dissociative compound or intervention term appears in the title/abstract; no dataset entity terms found.,False,1,,,
disorder,5517,10.1016/j.drugalcdep.2008.03.010,"Randomized, placebo-controlled trial of bupropion for the treatment of methamphetamine dependence",2008,True,skipped,exclude_obvious_irrelevant,No in-scope psychedelic/ketamine/entactogen/dissociative compound or intervention term appears in the title/abstract; dataset entity terms present.,False,1,,,
disorder,5518,10.1016/j.drugalcdep.2008.04.008,A placebo-controlled trial of modafinil for nicotine dependence,2008,True,skipped,exclude_obvious_irrelevant,No in-scope psychedelic/ketamine/entactogen/dissociative compound or intervention term appears in the title/abstract; dataset entity terms present.,False,1,,,
disorder,5521,10.1016/j.drugalcdep.2013.09.026,Variability in the prevalence of adult ADHD in treatment seeking substance use disorder patients: results from an international multi-center study exploring DSM-IV and DSM-5 criteria.,2014,True,skipped,exclude_obvious_irrelevant,No in-scope psychedelic/ketamine/entactogen/dissociative compound or intervention term appears in the title/abstract; dataset entity terms present.,False,1,,,
disorder,5541,10.1016/j.drugalcdep.2019.107648,Clinical validation of reduction in cocaine frequency level as an endpoint in clinical trials for cocaine use disorder,2019,True,skipped,exclude_obvious_irrelevant,No in-scope psychedelic/ketamine/entactogen/dissociative compound or intervention term appears in the title/abstract; dataset entity terms present.,False,1,,,
disorder,5543,10.1016/j.drugalcdep.2019.107735,Is it feasible to pay specialty substance use disorder treatment programs based on patient outcomes?,2019,True,skipped,exclude_obvious_irrelevant,No in-scope psychedelic/ketamine/entactogen/dissociative compound or intervention term appears in the title/abstract; dataset entity terms present.,False,1,,,
disorder,5547,10.1016/j.drugalcdep.2020.108060,Non-pharmacological interventions for methamphetamine use disorder: a systematic review,2020,True,no_pdf_url,exclude_obvious_irrelevant,No in-scope psychedelic/ketamine/entactogen/dissociative compound or intervention term appears in the title/abstract; dataset entity terms present.,False,1,,,
disorder,5557,10.1016/j.drugalcdep.2021.108614,Testing the effects of the GLP-1 receptor agonist exenatide on cocaine self-administration and subjective responses in humans with cocaine use disorder,2021,True,skipped,exclude_obvious_irrelevant,No in-scope psychedelic/ketamine/entactogen/dissociative compound or intervention term appears in the title/abstract; dataset entity terms present.,False,1,,,
disorder,5561,10.1016/j.drugalcdep.2021.108765,Non-abstinent treatment outcomes for cannabis use disorder,2021,True,skipped,exclude_obvious_irrelevant,No in-scope psychedelic/ketamine/entactogen/dissociative compound or intervention term appears in the title/abstract; dataset entity terms present.,False,1,,,
disorder,5573,10.1016/j.drugalcdep.2021.109070,Detecting change in psychiatric functioning in clinical trials for cocaine use disorder: sensitivity of the Addiction Severity Index and Brief Symptom Inventory,2021,True,skipped,exclude_obvious_irrelevant,No in-scope psychedelic/ketamine/entactogen/dissociative compound or intervention term appears in the title/abstract; dataset entity terms present.,False,1,,,
disorder,5580,10.1016/j.drugalcdep.2021.109261,"Ulotaront, a novel TAAR1 agonist with 5-HT1A agonist activity, lacks abuse liability and attenuates cocaine cue-induced relapse in rats",2021,True,no_pdf_url,escalate,in-scope compound/intervention term appears in title or abstract,True,1,,,
disorder,5590,10.1016/j.drugalcdep.2022.109692,Lisdexamfetamine for the treatment of acute methamphetamine withdrawal: A pilot feasibility and safety trial,2022,True,skipped,exclude_obvious_irrelevant,No in-scope psychedelic/ketamine/entactogen/dissociative compound or intervention term appears in the title/abstract; no dataset entity terms found.,False,1,,,
disorder,5600,10.1016/j.drugalcdep.2023.110945,Active learning impairments in substance use disorders when resolving the explore-exploit dilemma: A replication and extension of previous computational modeling results,2023,True,skipped,exclude_obvious_irrelevant,No in-scope psychedelic/ketamine/entactogen/dissociative compound or intervention term appears in the title/abstract; no dataset entity terms found.,False,1,,,
disorder,5609,10.1016/j.drugalcdep.2024.111266,Effect of a selective personality-targeted prevention program on 7-year illicit substance related outcomes: A secondary analysis of a cluster randomized controlled trial,2024,True,no_pdf_url,escalate,in-scope compound/intervention term appears in title or abstract,True,1,,,
disorder,5619,10.1016/j.drugalcdep.2025.112778,A multi-site study examining the tobacco withdrawal trajectory in people with tobacco and cannabis co-use,2025,True,no_pdf_url,exclude_obvious_irrelevant,No in-scope psychedelic/ketamine/entactogen/dissociative compound or intervention term appears in the title/abstract; no dataset entity terms found.,False,1,,,
disorder,5624,10.1016/j.drugalcdep.2025.112909,Brief mindfulness intervention for adults with cannabis use disorder: A randomised clinical trial,2025,True,no_pdf_url,exclude_obvious_irrelevant,No in-scope psychedelic/ketamine/entactogen/dissociative compound or intervention term appears in the title/abstract; dataset entity terms present.,False,1,,,
disorder,5631,10.1016/j.drugpo.2021.103295,Pharmacotherapies for cannabis use disorder: A systematic review and network meta-analysis,2021,True,skipped,exclude_obvious_irrelevant,No in-scope psychedelic/ketamine/entactogen/dissociative compound or intervention term appears in the title/abstract; dataset entity terms present.,False,1,,,
disorder,5634,10.1016/j.drugpo.2023.104187,Long-term patterns of treatment use for opioid use disorder (OUD): Findings from the 18-20-year Australian Treatment Outcome Study,2023,True,no_pdf_url,exclude_obvious_irrelevant,No in-scope psychedelic/ketamine/entactogen/dissociative compound or intervention term appears in the title/abstract; dataset entity terms present.,False,1,,,
disorder,5635,10.1016/j.drugpo.2024.104383,Participant experiences in a pilot study for methamphetamine withdrawal treatment: Implications for retention,2024,True,no_pdf_url,exclude_obvious_irrelevant,No in-scope psychedelic/ketamine/entactogen/dissociative compound or intervention term appears in the title/abstract; no dataset entity terms found.,False,1,,,
disorder,5636,10.1016/j.drugpo.2026.105174,Optimal provision of opioid agonist therapy (OAT) and needle and syringe programmes (NSP): a realist evaluation,2026,True,no_pdf_url,exclude_obvious_irrelevant,No in-scope psychedelic/ketamine/entactogen/dissociative compound or intervention term appears in the title/abstract; no dataset entity terms found.,False,1,,,
disorder,5638,10.1016/j.eatbeh.2015.11.008,Meal patterning in the treatment of bulimia nervosa,2015,True,skipped,exclude_obvious_irrelevant,No in-scope psychedelic/ketamine/entactogen/dissociative compound or intervention term appears in the title/abstract; dataset entity terms present.,False,1,,,
disorder,5652,10.1016/j.eclinm.2023.101984,"Safety of integrated mass drug administration of azithromycin, albendazole and ivermectin versus standard treatment regimens: a cluster-randomised trial in Ethiopia",2023,True,skipped,exclude_obvious_irrelevant,No in-scope psychedelic/ketamine/entactogen/dissociative compound or intervention term appears in the title/abstract; no dataset entity terms found.,False,1,,,
disorder,5657,10.1016/j.eclinm.2023.102400,"Superiority and cost-effectiveness of Individual Placement and Support versus standard employment support for people with alcohol and drug dependence: a pragmatic, parallel-group, open-label, multicentre, randomised, controlled, phase 3 trial.",2024,True,skipped,exclude_obvious_irrelevant,No in-scope psychedelic/ketamine/entactogen/dissociative compound or intervention term appears in the title/abstract; dataset entity terms present.,False,1,,,
disorder,5672,10.1016/j.ejphar.2020.173748,A review on possible mechanistic insights of Nitazoxanide for repurposing in COVID-19,2020,True,skipped,exclude_obvious_irrelevant,No in-scope psychedelic/ketamine/entactogen/dissociative compound or intervention term appears in the title/abstract; no dataset entity terms found.,False,1,,,
disorder,5679,10.1016/j.envint.2020.106205,"The effect of exposure to long working hours on alcohol consumption, risky drinking and alcohol use disorder: A systematic review and meta-analysis from the WHO/ILO Joint Estimates of the Work-related Burden of Disease and Injury",2020,True,skipped,exclude_obvious_irrelevant,No in-scope psychedelic/ketamine/entactogen/dissociative compound or intervention term appears in the title/abstract; dataset entity terms present.,False,1,,,
disorder,5683,10.1016/j.euroneuro.2016.02.013,Efficacy of escitalopram in the treatment of social anxiety disorder: A meta-analysis versus placebo,2016,True,no_pdf_url,exclude_obvious_irrelevant,No in-scope psychedelic/ketamine/entactogen/dissociative compound or intervention term appears in the title/abstract; dataset entity terms present.,False,1,,,
disorder,5693,10.1016/j.euroneuro.2022.01.005,Remembering Molly: Immediate and delayed false memory formation after acute MDMA exposure,2022,True,no_pdf_url,escalate,in-scope compound/intervention term appears in title or abstract,True,1,,,
disorder,5703,10.1016/j.euroneuro.2026.112783,Predictors of treatment success in patients with substance use disorder (SUD) and co-morbid attention deficit/hyperactivity disorder (ADHD): Results from the International Naturalistic Cohort Study of ADHD and SUD (INCAS),2026,True,skipped,exclude_obvious_irrelevant,No in-scope psychedelic/ketamine/entactogen/dissociative compound or intervention term appears in the title/abstract; dataset entity terms present.,False,1,,,
disorder,5733,10.1016/j.heliyon.2023.e21249,"Nano-curcumin effects on nicotine dependence, depression, anxiety and metabolic parameters in smokers: A randomized double-blind clinical study.",2023,True,skipped,exclude_obvious_irrelevant,No in-scope psychedelic/ketamine/entactogen/dissociative compound or intervention term appears in the title/abstract; dataset entity terms present.,False,1,,,
disorder,5740,10.1016/j.ijcard.2013.06.054,Association of migraine aura with patent foramen ovale and atrial septal aneurysms,2013,True,no_pdf_url,exclude_obvious_irrelevant,No in-scope psychedelic/ketamine/entactogen/dissociative compound or intervention term appears in the title/abstract; no dataset entity terms found.,False,1,,,
disorder,5741,10.1016/j.ijcard.2023.131694,Management of high and intermediate-high risk pulmonary embolism: A position paper of the Interventional Cardiology Working Group of the Italian Society of Cardiology,2023,True,skipped,exclude_obvious_irrelevant,No in-scope psychedelic/ketamine/entactogen/dissociative compound or intervention term appears in the title/abstract; no dataset entity terms found.,False,1,,,
disorder,5751,10.1016/j.imr.2022.100846,"Withdrawal notice to: Electroacupuncture plus moxibustion for major depressive disorder: A randomized, sham-controlled, pilot clinical trial",2022,True,skipped,exclude_obvious_irrelevant,No in-scope psychedelic/ketamine/entactogen/dissociative compound or intervention term appears in the title/abstract; dataset entity terms present.,False,1,,,
disorder,5753,10.1016/j.imr.2025.101138,Mindfulness-based interventions for adults with type 2 diabetes mellitus: A systematic review and meta-analysis.,2025,True,skipped,exclude_obvious_irrelevant,No in-scope psychedelic/ketamine/entactogen/dissociative compound or intervention term appears in the title/abstract; dataset entity terms present.,False,1,,,
disorder,5754,10.1016/j.intimp.2025.115860,Effects of esketamine combined with dexmedetomidine on oxidative stress and lung function during one-lung ventilation in patients with mild to moderate COPD undergoing thoracoscopic surgery,2025,True,no_pdf_url,escalate,in-scope compound/intervention term appears in title or abstract,True,1,,,
disorder,5767,10.1016/j.jaac.2022.01.004,"Vortioxetine for Major Depressive Disorder in Adolescents: 12-Week Randomized, Placebo-Controlled, Fluoxetine-Referenced, Fixed-Dose Study",2022,True,skipped,exclude_obvious_irrelevant,No in-scope psychedelic/ketamine/entactogen/dissociative compound or intervention term appears in the title/abstract; dataset entity terms present.,False,1,,,
disorder,5768,10.1016/j.jaac.2022.12.002,Editorial: Treating Social Anxiety Disorder in Children and Young People: Challenges and Opportunities,2022,True,no_pdf_url,exclude_obvious_irrelevant,No in-scope psychedelic/ketamine/entactogen/dissociative compound or intervention term appears in the title/abstract; dataset entity terms present.,False,1,,,
disorder,5769,10.1016/j.jaac.2023.10.012,Who Responds to an Adaptive Intervention for Adolescents With Anorexia Nervosa Being Treated With Family-Based Treatment? Outcomes From a Randomized Clinical Trial,2023,True,skipped,exclude_obvious_irrelevant,No in-scope psychedelic/ketamine/entactogen/dissociative compound or intervention term appears in the title/abstract; dataset entity terms present.,False,1,,,
disorder,5770,10.1016/j.jaac.2024.05.023,Systematic Review and Meta-Analysis: Effects of Pharmacological Treatment for Attention-Deficit/Hyperactivity Disorder on Quality of Life,2024,True,skipped,exclude_obvious_irrelevant,No in-scope psychedelic/ketamine/entactogen/dissociative compound or intervention term appears in the title/abstract; no dataset entity terms found.,False,1,,,
disorder,5779,10.1016/j.jad.2010.06.003,"Glial and glutamatergic markers in depression, alcoholism, and their comorbidity",2010,True,skipped,exclude_obvious_irrelevant,No in-scope psychedelic/ketamine/entactogen/dissociative compound or intervention term appears in the title/abstract; dataset entity terms present.,False,1,,,
disorder,5784,10.1016/j.jad.2016.09.032,Evidence of distinct profiles of Posttraumatic Stress Disorder (PTSD) and Complex Posttraumatic Stress Disorder (CPTSD) based on the new ICD-11 Trauma Questionnaire (ICD-TQ),2016,True,skipped,exclude_obvious_irrelevant,No in-scope psychedelic/ketamine/entactogen/dissociative compound or intervention term appears in the title/abstract; dataset entity terms present.,False,1,,,
disorder,5799,10.1016/j.jad.2020.09.011,Strategies for augmentation of high-frequency left-sided repetitive transcranial magnetic stimulation treatment of major depressive disorder,2020,True,no_pdf_url,exclude_obvious_irrelevant,No in-scope psychedelic/ketamine/entactogen/dissociative compound or intervention term appears in the title/abstract; dataset entity terms present.,False,1,,,
disorder,5808,10.1016/j.jad.2021.12.134,Augmentation strategies for treatment resistant major depression: A systematic review and network meta-analysis,2022,True,skipped,exclude_obvious_irrelevant,No in-scope psychedelic/ketamine/entactogen/dissociative compound or intervention term appears in the title/abstract; dataset entity terms present.,False,1,,,
disorder,5816,10.1016/j.jad.2022.12.054,Randomized controlled trial of computerized approach/avoidance training in social anxiety disorder: Neural and symptom outcomes,2022,True,no_pdf_url,exclude_obvious_irrelevant,No in-scope psychedelic/ketamine/entactogen/dissociative compound or intervention term appears in the title/abstract; dataset entity terms present.,False,1,,,
disorder,5817,10.1016/j.jad.2023.01.061,Effect of intermittent theta burst stimulation on suicidal ideation and depressive symptoms in adolescent depression with suicide attempt: A randomized sham-controlled study,2023,True,no_pdf_url,exclude_obvious_irrelevant,No in-scope psychedelic/ketamine/entactogen/dissociative compound or intervention term appears in the title/abstract; dataset entity terms present.,False,1,,,
disorder,5822,10.1016/j.jad.2023.05.029,Patterns of demoralization and anhedonia during early substance use disorder treatment and associations with treatment attrition,2023,True,skipped,exclude_obvious_irrelevant,No in-scope psychedelic/ketamine/entactogen/dissociative compound or intervention term appears in the title/abstract; dataset entity terms present.,False,1,,,
disorder,5823,10.1016/j.jad.2023.06.068,Psychopharmacology of eating disorders: Systematic review and meta-analysis of randomized controlled trials,2023,True,no_pdf_url,exclude_obvious_irrelevant,No in-scope psychedelic/ketamine/entactogen/dissociative compound or intervention term appears in the title/abstract; dataset entity terms present.,False,1,,,
disorder,5825,10.1016/j.jad.2023.10.070,Exposure-based cognitive-behaviour therapy for anxiety-related disorders in pregnancy (ADEPT): Results of a feasibility randomised controlled trial of time-intensive versus weekly CBT,2023,True,no_pdf_url,exclude_obvious_irrelevant,No in-scope psychedelic/ketamine/entactogen/dissociative compound or intervention term appears in the title/abstract; dataset entity terms present.,False,1,,,
disorder,5830,10.1016/j.jad.2024.05.109,Trajectories of suicidal ideation during rTMS for treatment-resistant depression,2024,True,no_pdf_url,exclude_obvious_irrelevant,No in-scope psychedelic/ketamine/entactogen/dissociative compound or intervention term appears in the title/abstract; dataset entity terms present.,False,1,,,
disorder,5834,10.1016/j.jad.2024.09.068,Beta-blockers for the treatment of anxiety disorders: A systematic review and meta-analysis,2024,True,no_pdf_url,exclude_obvious_irrelevant,No in-scope psychedelic/ketamine/entactogen/dissociative compound or intervention term appears in the title/abstract; dataset entity terms present.,False,1,,,
disorder,5839,10.1016/j.jad.2025.05.008,"Lurasidone for bipolar I depression with comorbid anxiety symptoms: Post-hoc-analysis of randomized, placebo-controlled studies",2025,True,no_pdf_url,exclude_obvious_irrelevant,No in-scope psychedelic/ketamine/entactogen/dissociative compound or intervention term appears in the title/abstract; dataset entity terms present.,False,1,,,
disorder,5841,10.1016/j.jad.2025.119487,"The efficacy of lithium in the treatment of suicidal ideation, behavior and suicide: An updated systematic review and meta-analysis of randomized controlled trials",2025,True,skipped,exclude_obvious_irrelevant,No in-scope psychedelic/ketamine/entactogen/dissociative compound or intervention term appears in the title/abstract; dataset entity terms present.,False,1,,,
disorder,5844,10.1016/j.jad.2025.119544,"The predictive value of insomnia for the treatment outcome of pharmacotherapy, psychotherapy, and combined therapy in major depressive disorder: A mega-analysis of five randomised clinical trials",2025,True,no_pdf_url,exclude_obvious_irrelevant,No in-scope psychedelic/ketamine/entactogen/dissociative compound or intervention term appears in the title/abstract; dataset entity terms present.,False,1,,,
disorder,5870,10.1016/j.jadr.2021.100105,A lifetime of challenges: Real-life decision outcomes in early- and late-onset suicide attempters,2021,True,skipped,exclude_obvious_irrelevant,No in-scope psychedelic/ketamine/entactogen/dissociative compound or intervention term appears in the title/abstract; no dataset entity terms found.,False,1,,,
disorder,5907,10.1016/j.janxdis.2024.102827,Cannabis use and trauma-focused treatment for co-occurring posttraumatic stress disorder and substance use disorders: A meta-analysis of individual patient data,2024,True,skipped,exclude_obvious_irrelevant,No in-scope psychedelic/ketamine/entactogen/dissociative compound or intervention term appears in the title/abstract; dataset entity terms present.,False,1,,,
disorder,5924,10.1016/j.jbspin.2018.06.009,Determinants of daily pain trajectories and relationship with pain acceptability in hip and knee osteoarthritis. A national prospective cohort study on 886 patients,2018,True,skipped,escalate,in-scope compound/intervention term appears in title or abstract,True,1,,,
disorder,5925,10.1016/j.jbspin.2024.105769,Virtual reality as a treatment for chronic musculoskeletal pain syndromes,2024,True,skipped,exclude_obvious_irrelevant,No in-scope psychedelic/ketamine/entactogen/dissociative compound or intervention term appears in the title/abstract; dataset entity terms present.,False,1,,,
disorder,5932,10.1016/j.jclinepi.2021.10.027,Clinical trials were missing from regulatory documents of extended-release methylphenidate for ADHD in adults: a case study of public documents,2021,True,skipped,exclude_obvious_irrelevant,No in-scope psychedelic/ketamine/entactogen/dissociative compound or intervention term appears in the title/abstract; no dataset entity terms found.,False,1,,,
disorder,5941,10.1016/j.jisako.2024.04.017,Beyond the patella: Treatment of cam femoroacetabular impingement syndrome improves anterior knee pain,2024,True,skipped,exclude_obvious_irrelevant,No in-scope psychedelic/ketamine/entactogen/dissociative compound or intervention term appears in the title/abstract; no dataset entity terms found.,False,1,,,
disorder,5943,10.1016/j.jmii.2019.08.018,Enteroviral infection in neonates,2019,True,no_pdf_url,exclude_obvious_irrelevant,No in-scope psychedelic/ketamine/entactogen/dissociative compound or intervention term appears in the title/abstract; no dataset entity terms found.,False,1,,,
disorder,5948,10.1016/j.joca.2024.04.021,Mesenchymal stem cells for chronic knee pain secondary to osteoarthritis: A systematic review and meta-analysis of randomized trials,2024,True,skipped,exclude_obvious_irrelevant,No in-scope psychedelic/ketamine/entactogen/dissociative compound or intervention term appears in the title/abstract; dataset entity terms present.,False,1,,,
disorder,5952,10.1016/j.jogn.2018.08.004,Pilot Tobacco Treatment Intervention for Women in Residential Treatment for Substance Use Disorder,2018,True,skipped,exclude_obvious_irrelevant,No in-scope psychedelic/ketamine/entactogen/dissociative compound or intervention term appears in the title/abstract; dataset entity terms present.,False,1,,,
disorder,5954,10.1016/j.josat.2022.208934,Methamphetamine use and illicit opioid use during buprenorphine treatment,2023,True,skipped,exclude_obvious_irrelevant,No in-scope psychedelic/ketamine/entactogen/dissociative compound or intervention term appears in the title/abstract; dataset entity terms present.,False,1,,,
disorder,5960,10.1016/j.josat.2023.209076,"Identifying early intervention opportunities for illicit stimulant use: A cross-sectional study of factors associated with illicit stimulant use among young people accessing integrated youth services in British Columbia, Canada",2023,True,no_pdf_url,escalate,in-scope compound/intervention term appears in title or abstract,True,1,,,
disorder,5961,10.1016/j.josat.2023.209085,Psychometric properties of the Treatment Effectiveness Assessment in methamphetamine use disorder,2023,True,skipped,exclude_obvious_irrelevant,No in-scope psychedelic/ketamine/entactogen/dissociative compound or intervention term appears in the title/abstract; dataset entity terms present.,False,1,,,
disorder,6011,10.1016/j.jpain.2017.11.005,Acupuncture for Chronic Pain: Update of an Individual Patient Data Meta-Analysis,2017,True,skipped,exclude_obvious_irrelevant,No in-scope psychedelic/ketamine/entactogen/dissociative compound or intervention term appears in the title/abstract; dataset entity terms present.,False,1,,,
disorder,6012,10.1016/j.jpain.2019.12.003,Improving Study Conduct and Data Quality in Clinical Trials of Chronic Pain Treatments: IMMPACT Recommendations,2019,True,skipped,exclude_obvious_irrelevant,No in-scope psychedelic/ketamine/entactogen/dissociative compound or intervention term appears in the title/abstract; dataset entity terms present.,False,1,,,
disorder,6019,10.1016/j.jpain.2025.105431,Effectiveness of non-surgical interventions for patients with chronic sciatica: A systematic review with network meta-analysis,2025,True,skipped,escalate,in-scope compound/intervention term appears in title or abstract,True,1,,,
disorder,6032,10.1016/j.jpainsymman.2015.11.019,Demoralization Scale in Spanish-Speaking Palliative Care Patients,2015,True,skipped,exclude_obvious_irrelevant,No in-scope psychedelic/ketamine/entactogen/dissociative compound or intervention term appears in the title/abstract; dataset entity terms present.,False,1,,,
disorder,6043,10.1016/j.jpeds.2021.06.073,Parental Post-traumatic Stress and Healthcare Use in Infants with Complex Cardiac Defects,2021,True,skipped,exclude_obvious_irrelevant,No in-scope psychedelic/ketamine/entactogen/dissociative compound or intervention term appears in the title/abstract; dataset entity terms present.,False,1,,,
disorder,6047,10.1016/j.jphys.2021.02.013,Dry cupping therapy is not superior to sham cupping to improve clinical outcomes in people with non-specific chronic low back pain: a randomised trial,2021,True,no_pdf_url,exclude_obvious_irrelevant,No in-scope psychedelic/ketamine/entactogen/dissociative compound or intervention term appears in the title/abstract; no dataset entity terms found.,False,1,,,
disorder,6048,10.1016/j.jphys.2021.09.004,Some types of exercise are more effective than others in people with chronic low back pain: a network meta-analysis,2021,True,no_pdf_url,exclude_obvious_irrelevant,No in-scope psychedelic/ketamine/entactogen/dissociative compound or intervention term appears in the title/abstract; no dataset entity terms found.,False,1,,,
disorder,6049,10.1016/j.jphys.2024.06.002,"Mulligan manual therapy added to exercise improves headache frequency, intensity and disability more than exercise alone in people with cervicogenic headache: a randomised trial",2024,True,no_pdf_url,exclude_obvious_irrelevant,No in-scope psychedelic/ketamine/entactogen/dissociative compound or intervention term appears in the title/abstract; no dataset entity terms found.,False,1,,,
disorder,6063,10.1016/j.jpsychires.2022.01.027,Predictors of suicidal ideation trajectories in the Sequenced Treatment Alternatives to Relieve Depression (STAR*D) study,2022,True,skipped,exclude_obvious_irrelevant,No in-scope psychedelic/ketamine/entactogen/dissociative compound or intervention term appears in the title/abstract; dataset entity terms present.,False,1,,,
disorder,6071,10.1016/j.jpsychires.2025.02.024,Exercise as a transdiagnostic intervention for improving mental health: An umbrella review,2025,True,no_pdf_url,exclude_obvious_irrelevant,No in-scope psychedelic/ketamine/entactogen/dissociative compound or intervention term appears in the title/abstract; dataset entity terms present.,False,1,,,
disorder,6080,10.1016/j.jsat.2014.01.008,Impulsivity as a vulnerability factor for poor addiction treatment outcomes: A review of neurocognitive findings among individuals with substance use disorders,2014,True,skipped,exclude_obvious_irrelevant,No in-scope psychedelic/ketamine/entactogen/dissociative compound or intervention term appears in the title/abstract; dataset entity terms present.,False,1,,,
disorder,6081,10.1016/j.jsat.2014.12.002,Treating Tobacco Use Disorder in Pregnant Women in Medication-Assisted Treatment for an Opioid Use Disorder: A Systematic Review,2014,True,skipped,exclude_obvious_irrelevant,No in-scope psychedelic/ketamine/entactogen/dissociative compound or intervention term appears in the title/abstract; dataset entity terms present.,False,1,,,
disorder,6086,10.1016/j.jsat.2018.06.001,Developing an opioid use disorder treatment cascade: A review of quality measures,2018,True,skipped,exclude_obvious_irrelevant,No in-scope psychedelic/ketamine/entactogen/dissociative compound or intervention term appears in the title/abstract; dataset entity terms present.,False,1,,,
disorder,6092,10.1016/j.jsat.2020.02.007,Implementation of emergency department-initiated buprenorphine for opioid use disorder in a rural southern state.,2020,True,skipped,escalate,in-scope compound/intervention term appears in title or abstract,True,1,,,
disorder,6095,10.1016/j.jsat.2020.108088,Treating cannabis use disorder: Exploring a treatment as needed model with 34-month follow-up,2020,True,skipped,exclude_obvious_irrelevant,No in-scope psychedelic/ketamine/entactogen/dissociative compound or intervention term appears in the title/abstract; dataset entity terms present.,False,1,,,
disorder,6111,10.1016/j.jsat.2022.108892,Longitudinal associations between pain and substance use disorder treatment outcomes,2022,True,skipped,exclude_obvious_irrelevant,No in-scope psychedelic/ketamine/entactogen/dissociative compound or intervention term appears in the title/abstract; dataset entity terms present.,False,1,,,
disorder,6119,10.1016/j.jtcme.2019.09.006,Vernonia cinerea pastilles is effective for smoking cessation.,2021,True,skipped,exclude_obvious_irrelevant,No in-scope psychedelic/ketamine/entactogen/dissociative compound or intervention term appears in the title/abstract; no dataset entity terms found.,False,1,,,
disorder,6136,10.1016/j.landig.2025.100878,Digital health interventions for mental health disorders: an umbrella review of meta-analyses of randomised controlled trials,2025,True,skipped,exclude_obvious_irrelevant,No in-scope psychedelic/ketamine/entactogen/dissociative compound or intervention term appears in the title/abstract; dataset entity terms present.,False,1,,,
disorder,6146,10.1016/j.mehy.2020.110284,The paradoxical effect of IL-6 and implications for the use of Tocilizumab in Covid-19 patients,2020,True,skipped,exclude_obvious_irrelevant,No in-scope psychedelic/ketamine/entactogen/dissociative compound or intervention term appears in the title/abstract; no dataset entity terms found.,False,1,,,
disorder,6155,10.1016/j.msard.2018.04.019,Yawning and cortisol levels in multiple sclerosis: Potential new diagnostic tool,2018,True,skipped,exclude_obvious_irrelevant,No in-scope psychedelic/ketamine/entactogen/dissociative compound or intervention term appears in the title/abstract; dataset entity terms present.,False,1,,,
disorder,6159,10.1016/j.msard.2021.103004,Registry of patients with multiple sclerosis and COVID-19 infection in Saudi Arabia,2021,True,skipped,exclude_obvious_irrelevant,No in-scope psychedelic/ketamine/entactogen/dissociative compound or intervention term appears in the title/abstract; no dataset entity terms found.,False,1,,,
disorder,6168,10.1016/j.neubiorev.2015.04.015,Clinical trials of N-acetylcysteine in psychiatry and neurology: A systematic review,2015,True,no_pdf_url,exclude_obvious_irrelevant,No in-scope psychedelic/ketamine/entactogen/dissociative compound or intervention term appears in the title/abstract; dataset entity terms present.,False,1,,,
disorder,6176,10.1016/j.neubiorev.2022.104857,Treatment of eating disorders: A systematic meta-review of meta-analyses and network meta-analyses,2022,True,skipped,exclude_obvious_irrelevant,No in-scope psychedelic/ketamine/entactogen/dissociative compound or intervention term appears in the title/abstract; dataset entity terms present.,False,1,,,
disorder,6177,10.1016/j.neubiorev.2023.105483,Comparing different non-invasive brain stimulation interventions for bipolar depression treatment: A network meta-analysis of randomized controlled trials,2023,True,no_pdf_url,exclude_obvious_irrelevant,No in-scope psychedelic/ketamine/entactogen/dissociative compound or intervention term appears in the title/abstract; dataset entity terms present.,False,1,,,
disorder,6209,10.1016/j.neuropharm.2014.04.002,Psychostimulant addiction treatment,2014,True,skipped,exclude_obvious_irrelevant,No in-scope psychedelic/ketamine/entactogen/dissociative compound or intervention term appears in the title/abstract; no dataset entity terms found.,False,1,,,
disorder,6256,10.1016/j.nicl.2017.12.033,Prenatal methadone exposure is associated with altered neonatal brain development.,2018,True,skipped,exclude_obvious_irrelevant,No in-scope psychedelic/ketamine/entactogen/dissociative compound or intervention term appears in the title/abstract; dataset entity terms present.,False,1,,,
disorder,6259,10.1016/j.nicl.2022.103224,Generalizability of treatment outcome prediction in major depressive disorder using structural MRI: A NeuroPharm study.,2022,True,skipped,exclude_obvious_irrelevant,No in-scope psychedelic/ketamine/entactogen/dissociative compound or intervention term appears in the title/abstract; dataset entity terms present.,False,1,,,
disorder,6331,10.1016/j.pbb.2021.173240,Treating cocaine and opioid use disorder with transcranial magnetic stimulation: A path forward,2021,True,skipped,exclude_obvious_irrelevant,No in-scope psychedelic/ketamine/entactogen/dissociative compound or intervention term appears in the title/abstract; dataset entity terms present.,False,1,,,
disorder,6332,10.1016/j.pbb.2022.173376,Cannabidiol effects on cognition in individuals with cocaine use disorder: Exploratory results from a randomized controlled trial,2022,True,no_pdf_url,exclude_obvious_irrelevant,No in-scope psychedelic/ketamine/entactogen/dissociative compound or intervention term appears in the title/abstract; dataset entity terms present.,False,1,,,
disorder,6338,10.1016/j.pedneo.2016.09.011,Beyond the inhaled nitric oxide in persistent pulmonary hypertension of the newborn,2017,True,no_pdf_url,exclude_obvious_irrelevant,No in-scope psychedelic/ketamine/entactogen/dissociative compound or intervention term appears in the title/abstract; no dataset entity terms found.,False,1,,,
disorder,6351,10.1016/j.phrs.2024.107454,Efficacy of medications for the treatment of alcohol use disorder (AUD): A systematic review and meta-analysis considering baseline AUD severity,2024,True,skipped,exclude_obvious_irrelevant,No in-scope psychedelic/ketamine/entactogen/dissociative compound or intervention term appears in the title/abstract; dataset entity terms present.,False,1,,,
disorder,6377,10.1016/j.pnpbp.2021.110326,The pediatric psychopharmacology of autism spectrum disorder: A systematic review - Part I: The past and the present,2021,True,no_pdf_url,exclude_obvious_irrelevant,No in-scope psychedelic/ketamine/entactogen/dissociative compound or intervention term appears in the title/abstract; dataset entity terms present.,False,1,,,
disorder,6388,10.1016/j.pnpbp.2025.111455,"The role of GABA, glutamate, and Glx levels in treatment of major depressive disorder: A systematic review and meta-analysis",2025,True,no_pdf_url,escalate,in-scope compound/intervention term appears in title or abstract,True,1,,,
disorder,6395,10.1016/j.psc.2022.10.004,Cognitive-Behavioral Therapy for Obsessive-Compulsive Disorder,2022,True,skipped,exclude_obvious_irrelevant,No in-scope psychedelic/ketamine/entactogen/dissociative compound or intervention term appears in the title/abstract; dataset entity terms present.,False,1,,,
disorder,6398,10.1016/j.pscychresns.2024.111830,Brain alterations in Cocaine Use Disorder: Does the route of use matter and does it relate to the treatment outcome?,2024,True,skipped,exclude_obvious_irrelevant,No in-scope psychedelic/ketamine/entactogen/dissociative compound or intervention term appears in the title/abstract; dataset entity terms present.,False,1,,,
disorder,6404,10.1016/j.psychres.2014.04.024,Depression and treatment outcome in anorexia nervosa,2014,True,no_pdf_url,exclude_obvious_irrelevant,No in-scope psychedelic/ketamine/entactogen/dissociative compound or intervention term appears in the title/abstract; dataset entity terms present.,False,1,,,
disorder,6412,10.1016/j.psychres.2022.114486,"Ifenprodil tartrate treatment of adolescents with post-traumatic stress disorder: A double-blind, placebo-controlled trial",2022,True,no_pdf_url,exclude_obvious_irrelevant,No in-scope psychedelic/ketamine/entactogen/dissociative compound or intervention term appears in the title/abstract; dataset entity terms present.,False,1,,,
disorder,6417,10.1016/j.psychres.2023.115357,Pharmacotherapy compared to placebo for people with Bulimia Nervosa: A systematic review and meta-analysis,2023,True,no_pdf_url,exclude_obvious_irrelevant,No in-scope psychedelic/ketamine/entactogen/dissociative compound or intervention term appears in the title/abstract; no dataset entity terms found.,False,1,,,
disorder,6418,10.1016/j.psychres.2024.115730,"Placebo-controlled randomized clinical trials of antidepressants for major depressive disorder: Analysis of ClinicalTrials.gov, 2008–2022",2024,True,no_pdf_url,exclude_obvious_irrelevant,No in-scope psychedelic/ketamine/entactogen/dissociative compound or intervention term appears in the title/abstract; dataset entity terms present.,False,1,,,
disorder,6422,10.1016/j.psychres.2024.116074,The effect of physical exercise therapy on autism spectrum disorder:a systematic review and meta-analysis,2024,True,no_pdf_url,exclude_obvious_irrelevant,No in-scope psychedelic/ketamine/entactogen/dissociative compound or intervention term appears in the title/abstract; dataset entity terms present.,False,1,,,
disorder,6447,10.1016/j.psyneuen.2020.104787,Automatic Imitation in Comorbid PTSD &amp; Alcohol Use Disorder and Controls: an RCT of Intranasal Oxytocin,2020,True,skipped,exclude_obvious_irrelevant,No in-scope psychedelic/ketamine/entactogen/dissociative compound or intervention term appears in the title/abstract; dataset entity terms present.,False,1,,,
disorder,6454,10.1016/j.redox.2013.12.013,Autophagy as an essential cellular antioxidant pathway in neurodegenerative disease.,2014,True,skipped,exclude_obvious_irrelevant,No in-scope psychedelic/ketamine/entactogen/dissociative compound or intervention term appears in the title/abstract; no dataset entity terms found.,False,1,,,
disorder,6457,10.1016/j.rpsm.2023.01.005,Meta-analysis of the effects of adjuvant drugs in co-occurring bipolar and substance use disorder,2023,True,no_pdf_url,exclude_obvious_irrelevant,No in-scope psychedelic/ketamine/entactogen/dissociative compound or intervention term appears in the title/abstract; dataset entity terms present.,False,1,,,
disorder,6466,10.1016/j.sleep.2017.03.028,Safety and efficacy of long-term use of sodium oxybate for narcolepsy with cataplexy in routine clinical practice,2017,True,skipped,exclude_obvious_irrelevant,No in-scope psychedelic/ketamine/entactogen/dissociative compound or intervention term appears in the title/abstract; no dataset entity terms found.,False,1,,,
disorder,6467,10.1016/j.smrv.2022.101597,Cognitive behavioral therapy for insomnia in patients with mental disorders and comorbid insomnia: A systematic review and meta-analysis,2022,True,skipped,exclude_obvious_irrelevant,No in-scope psychedelic/ketamine/entactogen/dissociative compound or intervention term appears in the title/abstract; dataset entity terms present.,False,1,,,
disorder,6478,10.1016/j.toxrep.2022.12.003,Calcium voltage-gated channel subunit alpha 1 C and glial fibrillary acidic protein signaling pathways as a selective biomarker in predicting the efficacy of liposomal loaded co-enzyme Q in the autistic rat model.,2023,True,skipped,exclude_obvious_irrelevant,No in-scope psychedelic/ketamine/entactogen/dissociative compound or intervention term appears in the title/abstract; dataset entity terms present.,False,1,,,
disorder,6479,10.1016/j.toxrep.2024.101812,Fisetin attenuates AlCl(3)-induced neurodegeneration by modulating oxidative stress and inflammatory cytokine release in adult albino wistar rats.,2024,True,skipped,exclude_obvious_irrelevant,No in-scope psychedelic/ketamine/entactogen/dissociative compound or intervention term appears in the title/abstract; no dataset entity terms found.,False,1,,,
disorder,6493,10.1016/j.xjmad.2023.100044,"Corrigendum to “A randomized clinical trial of behavioral activation and exposure-based therapy for adults with generalized anxiety disorder” [J. Mood Anxiety Disord., vol. 1, June 2023, 100004]",2024,True,skipped,exclude_obvious_irrelevant,No in-scope psychedelic/ketamine/entactogen/dissociative compound or intervention term appears in the title/abstract; dataset entity terms present.,False,1,,,
disorder,6501,10.1016/j.yebeh.2016.05.010,Abuse liability assessment of eslicarbazepine acetate in healthy male and female recreational sedative users: A Phase I randomized controlled trial,2016,True,skipped,escalate,in-scope compound/intervention term appears in title or abstract,True,1,,,
disorder,6528,10.1016/s0140-6736(17)32802-7,Comparative Efficacy and Acceptability of 21 Antidepressant Drugs for the Acute Treatment of Adults With Major Depressive Disorder: A Systematic Review and Network Meta-Analysis,2018,True,skipped,exclude_obvious_irrelevant,No in-scope psychedelic/ketamine/entactogen/dissociative compound or intervention term appears in the title/abstract; dataset entity terms present.,False,1,,,
disorder,6529,10.1016/s0140-6736(18)31793-8,Pharmacological treatments for generalised anxiety disorder: a systematic review and network meta-analysis,2019,True,skipped,exclude_obvious_irrelevant,No in-scope psychedelic/ketamine/entactogen/dissociative compound or intervention term appears in the title/abstract; no dataset entity terms found.,False,1,,,
disorder,6545,10.1016/s0140-6736(23)01523-4,"Amitriptyline at Low-Dose and Titrated for Irritable Bowel Syndrome as Second-Line Treatment in primary care (ATLANTIS): a randomised, double-blind, placebo-controlled, phase 3 trial",2023,True,skipped,exclude_obvious_irrelevant,No in-scope psychedelic/ketamine/entactogen/dissociative compound or intervention term appears in the title/abstract; dataset entity terms present.,False,1,,,
disorder,6546,10.1016/s0140-6736(24)00367-2,"Global burden of 288 causes of death and life expectancy decomposition in 204 countries and territories and 811 subnational locations, 1990–2021: a systematic analysis for the Global Burden of Disease Study 2021",2024,True,skipped,exclude_obvious_irrelevant,No in-scope psychedelic/ketamine/entactogen/dissociative compound or intervention term appears in the title/abstract; no dataset entity terms found.,False,1,,,
disorder,6548,10.1016/s0140-6736(24)00933-4,"Global burden and strength of evidence for 88 risk factors in 204 countries and 811 subnational locations, 1990–2021: a systematic analysis for the Global Burden of Disease Study 2021",2024,True,skipped,exclude_obvious_irrelevant,No in-scope psychedelic/ketamine/entactogen/dissociative compound or intervention term appears in the title/abstract; no dataset entity terms found.,False,1,,,
disorder,6549,10.1016/s0140-6736(25)01330-3,"Global age-sex-specific all-cause mortality and life expectancy estimates for 204 countries and territories and 660 subnational locations, 1950–2023: a demographic analysis for the Global Burden of Disease Study 2023",2025,True,skipped,exclude_obvious_irrelevant,No in-scope psychedelic/ketamine/entactogen/dissociative compound or intervention term appears in the title/abstract; no dataset entity terms found.,False,1,,,
disorder,6550,10.1016/s0140-6736(25)01637-x,"Burden of 375 diseases and injuries, risk-attributable burden of 88 risk factors, and healthy life expectancy in 204 countries and territories, including 660 subnational locations, 1990–2023: a systematic analysis for the Global Burden of Disease Study 2023",2025,True,no_pdf_url,exclude_obvious_irrelevant,No in-scope psychedelic/ketamine/entactogen/dissociative compound or intervention term appears in the title/abstract; no dataset entity terms found.,False,1,,,
disorder,6551,10.1016/s0140-6736(25)01853-7,"Global, regional, and national burden of chronic kidney disease in adults, 1990–2023, and its attributable risk factors: a systematic analysis for the Global Burden of Disease Study 2023",2025,True,skipped,exclude_obvious_irrelevant,No in-scope psychedelic/ketamine/entactogen/dissociative compound or intervention term appears in the title/abstract; no dataset entity terms found.,False,1,,,
disorder,6552,10.1016/s0140-6736(25)01917-8,"Global burden of 292 causes of death in 204 countries and territories and 660 subnational locations, 1990–2023: a systematic analysis for the Global Burden of Disease Study 2023",2025,True,skipped,exclude_obvious_irrelevant,No in-scope psychedelic/ketamine/entactogen/dissociative compound or intervention term appears in the title/abstract; no dataset entity terms found.,False,1,,,
disorder,6591,10.1016/s1473-3099(26)00024-1,"Double-dose azithromycin mass drug administration, facial cleanliness, and fly control measures for trachoma control in Oromia, Ethiopia (Stronger SAFE): a cluster-randomised controlled trial",2026,True,no_pdf_url,exclude_obvious_irrelevant,No in-scope psychedelic/ketamine/entactogen/dissociative compound or intervention term appears in the title/abstract; no dataset entity terms found.,False,1,,,
disorder,6594,10.1016/s1474-4422(23)00206-5,Migraine in older adults,2023,True,skipped,exclude_obvious_irrelevant,No in-scope psychedelic/ketamine/entactogen/dissociative compound or intervention term appears in the title/abstract; no dataset entity terms found.,False,1,,,
disorder,6604,10.1016/s2213-8587(22)00277-7,"Efficacy and safety of setmelanotide, a melanocortin-4 receptor agonist, in patients with Bardet-Biedl syndrome and Alström syndrome: a multicentre, randomised, double-blind, placebo-controlled, phase 3 trial with an open-label period",2022,True,skipped,exclude_obvious_irrelevant,No in-scope psychedelic/ketamine/entactogen/dissociative compound or intervention term appears in the title/abstract; dataset entity terms present.,False,1,,,
disorder,6606,10.1016/s2215-0366(16)30069-4,Pharmacological and psychotherapeutic interventions for management of obsessive-compulsive disorder in adults: a systematic review and network meta-analysis,2016,True,skipped,exclude_obvious_irrelevant,No in-scope psychedelic/ketamine/entactogen/dissociative compound or intervention term appears in the title/abstract; dataset entity terms present.,False,1,,,
disorder,6613,10.1016/s2215-0366(19)30401-8,Cannabinoids for the treatment of mental disorders and symptoms of mental disorders: a systematic review and meta-analysis,2019,True,skipped,exclude_obvious_irrelevant,No in-scope psychedelic/ketamine/entactogen/dissociative compound or intervention term appears in the title/abstract; dataset entity terms present.,False,1,,,
disorder,6618,10.1016/s2215-0366(20)30137-1,"Comparative efficacy and acceptability of antidepressants, psychotherapies, and their combination for acute treatment of children and adolescents with depressive disorder: a systematic review and network meta-analysis",2020,True,skipped,exclude_obvious_irrelevant,No in-scope psychedelic/ketamine/entactogen/dissociative compound or intervention term appears in the title/abstract; dataset entity terms present.,False,1,,,
disorder,6620,10.1016/s2215-0366(22)00029-3,"Combined social communication therapy at home and in education for young autistic children in England (PACT-G): a parallel, single-blind, randomised controlled trial",2022,True,skipped,escalate,in-scope compound/intervention term appears in title or abstract,True,1,,,
disorder,6625,10.1016/s2215-0366(24)00006-3,Pharmacological treatments for psychotic depression: a systematic review and network meta-analysis,2024,True,no_pdf_url,exclude_obvious_irrelevant,No in-scope psychedelic/ketamine/entactogen/dissociative compound or intervention term appears in the title/abstract; dataset entity terms present.,False,1,,,
disorder,6626,10.1016/s2215-0366(24)00316-x,Psychological interventions to prevent the onset of major depression in adults: a systematic review and individual participant data meta-analysis,2024,True,skipped,exclude_obvious_irrelevant,No in-scope psychedelic/ketamine/entactogen/dissociative compound or intervention term appears in the title/abstract; dataset entity terms present.,False,1,,,
disorder,6627,10.1016/s2215-0366(25)00194-4,"Pramipexole augmentation for the acute phase of treatment-resistant, unipolar depression: a placebo-controlled, double-blind, randomised trial in the UK",2025,True,skipped,exclude_obvious_irrelevant,No in-scope psychedelic/ketamine/entactogen/dissociative compound or intervention term appears in the title/abstract; dataset entity terms present.,False,1,,,
disorder,6633,10.1016/s2352-4642(22)00279-6,"Efficacy and safety of methylphenidate and behavioural parent training for children aged 3–5 years with attention-deficit hyperactivity disorder: a randomised, double-blind, placebo-controlled, and sham behavioural parent training-controlled trial",2022,True,skipped,exclude_obvious_irrelevant,No in-scope psychedelic/ketamine/entactogen/dissociative compound or intervention term appears in the title/abstract; no dataset entity terms found.,False,1,,,
disorder,6634,10.1016/s2352-4642(24)00098-1,Comparative physiological effects of antipsychotic drugs in children and young people: a network meta-analysis,2024,True,skipped,exclude_obvious_irrelevant,No in-scope psychedelic/ketamine/entactogen/dissociative compound or intervention term appears in the title/abstract; no dataset entity terms found.,False,1,,,
disorder,6735,10.1017/ipm.2018.16,Are the effects of methylphenidate uncertain?,2018,True,skipped,exclude_obvious_irrelevant,No in-scope psychedelic/ketamine/entactogen/dissociative compound or intervention term appears in the title/abstract; no dataset entity terms found.,False,1,,,
disorder,6751,10.1017/s0033291719000436,Psychological interventions for ICD-11 complex PTSD symptoms: systematic review and meta-analysis,2019,True,no_pdf_url,exclude_obvious_irrelevant,No in-scope psychedelic/ketamine/entactogen/dissociative compound or intervention term appears in the title/abstract; dataset entity terms present.,False,1,,,
disorder,6754,10.1017/s0033291720004389,Behavioral activation therapy for depression is associated with a reduction in the concentration of circulating quinolinic acid,2020,True,skipped,escalate,in-scope compound/intervention term appears in title or abstract,True,1,,,
disorder,6755,10.1017/s0033291721002178,Repetitive transcranial magnetic stimulation treatment of major depressive disorder and comorbid chronic pain: response rates and neurophysiologic biomarkers,2021,True,skipped,exclude_obvious_irrelevant,No in-scope psychedelic/ketamine/entactogen/dissociative compound or intervention term appears in the title/abstract; dataset entity terms present.,False,1,,,
disorder,6756,10.1017/s0033291722002951,Irremediability in psychiatric euthanasia: examining the objective standard,2022,True,skipped,exclude_obvious_irrelevant,No in-scope psychedelic/ketamine/entactogen/dissociative compound or intervention term appears in the title/abstract; dataset entity terms present.,False,1,,,
disorder,6757,10.1017/s0033291723000685,Which psychotherapy is most effective and acceptable in the treatment of adults with a (sub)clinical borderline personality disorder? A systematic review and network meta-analysis,2023,True,skipped,exclude_obvious_irrelevant,No in-scope psychedelic/ketamine/entactogen/dissociative compound or intervention term appears in the title/abstract; no dataset entity terms found.,False,1,,,
disorder,6758,10.1017/s0033291723001800,Naltrexone plus bupropion combination medication maintenance treatment for binge-eating disorder following successful acute treatments: randomized double-blind placebo-controlled trial,2023,True,skipped,exclude_obvious_irrelevant,No in-scope psychedelic/ketamine/entactogen/dissociative compound or intervention term appears in the title/abstract; no dataset entity terms found.,False,1,,,
disorder,6762,10.1017/s003329172400028x,Changes in evening-shifted loss of control eating severity following treatment for binge-eating disorder.,2024,True,skipped,exclude_obvious_irrelevant,No in-scope psychedelic/ketamine/entactogen/dissociative compound or intervention term appears in the title/abstract; no dataset entity terms found.,False,1,,,
disorder,6764,10.1017/s003329172400148x,Lisdexamfetamine maintenance treatment for binge-eating disorder following successful treatments: randomized double-blind placebo-controlled trial,2024,True,skipped,exclude_obvious_irrelevant,No in-scope psychedelic/ketamine/entactogen/dissociative compound or intervention term appears in the title/abstract; no dataset entity terms found.,False,1,,,
disorder,6766,10.1017/s0033291725000492,Repetitive transcranial magnetic stimulation of the left dorsolateral prefrontal cortex in binge eating disorder: a double-blind randomized controlled trial,2025,True,skipped,exclude_obvious_irrelevant,No in-scope psychedelic/ketamine/entactogen/dissociative compound or intervention term appears in the title/abstract; no dataset entity terms found.,False,1,,,
disorder,6767,10.1017/s0033291725101578,Relapse rates in stable obsessive-compulsive disorder after antidepressant discontinuation versus maintenance: A systematic review and meta-analysis,2025,True,skipped,exclude_obvious_irrelevant,No in-scope psychedelic/ketamine/entactogen/dissociative compound or intervention term appears in the title/abstract; dataset entity terms present.,False,1,,,
disorder,6768,10.1017/s0033291725101608,Continuation electroconvulsive therapy combined with pharmacotherapy for depression relapse prevention: A systematic review and meta-analysis,2025,True,skipped,exclude_obvious_irrelevant,No in-scope psychedelic/ketamine/entactogen/dissociative compound or intervention term appears in the title/abstract; dataset entity terms present.,False,1,,,
disorder,6769,10.1017/s0033291725101827,Domain-specific cognitive function in euthymic bipolar disorder: a systematic review and meta-analysis,2025,True,skipped,exclude_obvious_irrelevant,No in-scope psychedelic/ketamine/entactogen/dissociative compound or intervention term appears in the title/abstract; no dataset entity terms found.,False,1,,,
disorder,6770,10.1017/s0033291725102043,Comparative effectiveness of digital versus face-to-face cognitive behavioral therapy for alcohol use disorder: a systematic review and meta-analysis,2025,True,skipped,exclude_obvious_irrelevant,No in-scope psychedelic/ketamine/entactogen/dissociative compound or intervention term appears in the title/abstract; dataset entity terms present.,False,1,,,
disorder,6773,10.1017/s0954422417000154,"A structured literature review on the role of mindfulness, mindful eating and intuitive eating in changing eating behaviours: effectiveness and associated potential mechanisms",2017,True,skipped,exclude_obvious_irrelevant,No in-scope psychedelic/ketamine/entactogen/dissociative compound or intervention term appears in the title/abstract; no dataset entity terms found.,False,1,,,
disorder,6778,10.1017/s1049023x21000935,Prehospital Ketamine Administration for Excited Delirium with Illicit Substance Co-Ingestion and Subsequent Intubation in the Emergency Department.,2021,True,skipped,escalate,in-scope compound/intervention term appears in title or abstract,True,1,,,
disorder,6783,10.1017/s1092852921000924,An innovative approach to the assessment of mood disturbances in patients with acute coronary syndrome,2021,True,skipped,exclude_obvious_irrelevant,No in-scope psychedelic/ketamine/entactogen/dissociative compound or intervention term appears in the title/abstract; dataset entity terms present.,False,1,,,
disorder,6785,10.1017/s1092852924000300,Lifetime alcohol use disorder and gambling disorder: clinical profile and treatment response,2024,True,skipped,exclude_obvious_irrelevant,No in-scope psychedelic/ketamine/entactogen/dissociative compound or intervention term appears in the title/abstract; dataset entity terms present.,False,1,,,
disorder,6799,10.1017/s1461145711001027,"A double-blind, randomized, placebo-controlled, active reference study of Lu AA21004 in patients with major depressive disorder.",2012,True,skipped,exclude_obvious_irrelevant,No in-scope psychedelic/ketamine/entactogen/dissociative compound or intervention term appears in the title/abstract; dataset entity terms present.,False,1,,,
disorder,6812,10.1017/s2045796016000020,Using patient self-reports to study heterogeneity of treatment effects in major depressive disorder,2016,True,skipped,exclude_obvious_irrelevant,No in-scope psychedelic/ketamine/entactogen/dissociative compound or intervention term appears in the title/abstract; dataset entity terms present.,False,1,,,
disorder,6814,10.1017/s2045796024000520,The risks of adverse events with venlafaxine for adults with major depressive disorder: a systematic review of randomised clinical trials with meta-analysis and Trial Sequential Analysis,2024,True,skipped,exclude_obvious_irrelevant,No in-scope psychedelic/ketamine/entactogen/dissociative compound or intervention term appears in the title/abstract; dataset entity terms present.,False,1,,,
disorder,6815,10.1017/s2045796025100231,Age-specific prevalence and predictors of lifetime suicide attempts using machine learning in Chinese adults: a nationwide multi-centre survey.,2025,True,skipped,escalate,in-scope compound/intervention term appears in title or abstract,True,1,,,
disorder,6883,10.1037/abn0000219,Risk factors that predict future onset of each DSM–5 eating disorder: Predictive specificity in high-risk adolescent females.,2016,True,skipped,exclude_obvious_irrelevant,No in-scope psychedelic/ketamine/entactogen/dissociative compound or intervention term appears in the title/abstract; dataset entity terms present.,False,1,,,
disorder,6886,10.1037/adb0000475,Baseline cocaine demand predicts contingency management treatment outcomes for cocaine-use disorder.,2019,True,skipped,exclude_obvious_irrelevant,No in-scope psychedelic/ketamine/entactogen/dissociative compound or intervention term appears in the title/abstract; dataset entity terms present.,False,1,,,
disorder,6896,10.1037/ccp0000021,Therapeutic alliance in a randomized clinical trial for bulimia nervosa.,2015,True,skipped,exclude_obvious_irrelevant,No in-scope psychedelic/ketamine/entactogen/dissociative compound or intervention term appears in the title/abstract; dataset entity terms present.,False,1,,,
disorder,6897,10.1037/ccp0000054,The coupling of nicotine and stimulant craving during treatment for stimulant dependence.,2015,True,no_pdf_url,exclude_obvious_irrelevant,No in-scope psychedelic/ketamine/entactogen/dissociative compound or intervention term appears in the title/abstract; dataset entity terms present.,False,1,,,
disorder,6901,10.1037/ccp0000245,The efficacy of cognitive-behavioral therapy for eating disorders: A systematic review and meta-analysis.,2017,True,no_pdf_url,exclude_obvious_irrelevant,No in-scope psychedelic/ketamine/entactogen/dissociative compound or intervention term appears in the title/abstract; dataset entity terms present.,False,1,,,
disorder,6905,10.1037/ccp0000358,Meta-analysis of the efficacy of psychological and medical treatments for binge-eating disorder.,2018,True,skipped,exclude_obvious_irrelevant,No in-scope psychedelic/ketamine/entactogen/dissociative compound or intervention term appears in the title/abstract; no dataset entity terms found.,False,1,,,
disorder,6936,10.1037/pas0000773,Beyond the thin ideal: Development and validation of the Fit Ideal Internalization Test (FIIT) for women.,2019,True,no_pdf_url,exclude_obvious_irrelevant,No in-scope psychedelic/ketamine/entactogen/dissociative compound or intervention term appears in the title/abstract; no dataset entity terms found.,False,1,,,
disorder,6937,10.1037/pas0000794,“Beyond the thin ideal: Development and validation of the Fit Ideal Internalization Test (FIIT) for women”: Correction to Uhlmann et al. (2019).,2020,True,no_pdf_url,exclude_obvious_irrelevant,No in-scope psychedelic/ketamine/entactogen/dissociative compound or intervention term appears in the title/abstract; no dataset entity terms found.,False,1,,,
disorder,6956,10.1037/pst0000288,Positivity pays off: Clients’ perspectives on positive compared with traditional cognitive behavioral therapy for depression.,2020,True,no_pdf_url,exclude_obvious_irrelevant,No in-scope psychedelic/ketamine/entactogen/dissociative compound or intervention term appears in the title/abstract; dataset entity terms present.,False,1,,,
disorder,6960,10.1037/pst0000574,Correction to “Defining and assessing adverse events and harmful effects in psychotherapy study protocols: A systematic review” by Klatte et al. (2022).,2025,True,no_pdf_url,exclude_obvious_irrelevant,No in-scope psychedelic/ketamine/entactogen/dissociative compound or intervention term appears in the title/abstract; dataset entity terms present.,False,1,,,
disorder,6961,10.1037/rep0000510,Evaluating the benefits of a second pain treatment following a clinical trial.,2023,True,skipped,exclude_obvious_irrelevant,No in-scope psychedelic/ketamine/entactogen/dissociative compound or intervention term appears in the title/abstract; dataset entity terms present.,False,1,,,
disorder,6966,10.1037/tra0001625,Ayahuasca in the treatment of posttraumatic stress disorder: Mixed-methods case series evaluation in military combat veterans.,2023,True,no_pdf_url,escalate,in-scope compound/intervention term appears in title or abstract,True,1,,,
disorder,6969,10.1038/aps.2009.46,Mechanism-based medication development for the treatment of nicotine dependence,2009,True,skipped,exclude_obvious_irrelevant,No in-scope psychedelic/ketamine/entactogen/dissociative compound or intervention term appears in the title/abstract; dataset entity terms present.,False,1,,,
disorder,6982,10.1038/mp.2016.168,Folinic acid improves verbal communication in children with autism and language impairment: a randomized double-blind placebo-controlled trial.,2018,True,skipped,exclude_obvious_irrelevant,No in-scope psychedelic/ketamine/entactogen/dissociative compound or intervention term appears in the title/abstract; dataset entity terms present.,False,1,,,
disorder,6983,10.1038/mp.2016.252,Cannabis use and risk of schizophrenia: a Mendelian randomization study,2017,True,skipped,exclude_obvious_irrelevant,No in-scope psychedelic/ketamine/entactogen/dissociative compound or intervention term appears in the title/abstract; no dataset entity terms found.,False,1,,,
disorder,6997,10.1038/npp.2008.219,Involvement of Inferior Parietal Lobules in Prospective Memory Impairment during Acute MDMA (Ecstasy) Intoxication: An Event-Related fMRI Study,2008,True,skipped,escalate,in-scope compound/intervention term appears in title or abstract,True,1,,,
disorder,7072,10.1038/s41375-021-01374-3,The janus-kinase inhibitor ruxolitinib in SARS-CoV-2 induced acute respiratory distress syndrome (ARDS),2021,True,skipped,exclude_obvious_irrelevant,No in-scope psychedelic/ketamine/entactogen/dissociative compound or intervention term appears in the title/abstract; no dataset entity terms found.,False,1,,,
disorder,7077,10.1038/s41380-018-0284-1,Opioid system modulation with buprenorphine/samidorphan combination for major depressive disorder: two randomized controlled studies,2018,True,skipped,exclude_obvious_irrelevant,No in-scope psychedelic/ketamine/entactogen/dissociative compound or intervention term appears in the title/abstract; dataset entity terms present.,False,1,,,
disorder,7082,10.1038/s41380-020-0689-5,Association of polygenic score for major depression with response to lithium in patients with bipolar disorder,2020,True,skipped,exclude_obvious_irrelevant,No in-scope psychedelic/ketamine/entactogen/dissociative compound or intervention term appears in the title/abstract; dataset entity terms present.,False,1,,,
disorder,7089,10.1038/s41380-022-01524-8,Efficacy of neurostimulation across mental disorders: systematic review and meta-analysis of 208 randomized controlled trials,2022,True,skipped,exclude_obvious_irrelevant,No in-scope psychedelic/ketamine/entactogen/dissociative compound or intervention term appears in the title/abstract; dataset entity terms present.,False,1,,,
disorder,7099,10.1038/s41380-023-02149-1,Association of polygenic score and the involvement of cholinergic and glutamatergic pathways with lithium treatment response in patients with bipolar disorder,2023,True,skipped,exclude_obvious_irrelevant,No in-scope psychedelic/ketamine/entactogen/dissociative compound or intervention term appears in the title/abstract; no dataset entity terms found.,False,1,,,
disorder,7116,10.1038/s41380-024-02638-x,Placebo effects in randomized trials of pharmacological and neurostimulation interventions for mental disorders: An umbrella review,2024,True,skipped,exclude_obvious_irrelevant,No in-scope psychedelic/ketamine/entactogen/dissociative compound or intervention term appears in the title/abstract; dataset entity terms present.,False,1,,,
disorder,7156,10.1038/s41386-021-01097-0,Genetic contributions to alcohol use disorder treatment outcomes: a genome-wide pharmacogenomics study,2021,True,skipped,exclude_obvious_irrelevant,No in-scope psychedelic/ketamine/entactogen/dissociative compound or intervention term appears in the title/abstract; dataset entity terms present.,False,1,,,
disorder,7207,10.1038/s41386-025-02061-y,N-acetylcysteine for youth cannabis use disorder: randomized controlled trial main findings,2025,True,skipped,exclude_obvious_irrelevant,No in-scope psychedelic/ketamine/entactogen/dissociative compound or intervention term appears in the title/abstract; dataset entity terms present.,False,1,,,
disorder,7255,10.1038/s41398-018-0287-3,Music improves social communication and auditory–motor connectivity in children with autism,2018,True,skipped,exclude_obvious_irrelevant,No in-scope psychedelic/ketamine/entactogen/dissociative compound or intervention term appears in the title/abstract; dataset entity terms present.,False,1,,,
disorder,7268,10.1038/s41398-021-01451-2,Transcranial magnetic stimulation as a translational biomarker for AMPA receptor modulation,2021,True,skipped,exclude_obvious_irrelevant,No in-scope psychedelic/ketamine/entactogen/dissociative compound or intervention term appears in the title/abstract; dataset entity terms present.,False,1,,,
disorder,7271,10.1038/s41398-021-01702-2,Combining schizophrenia and depression polygenic risk scores improves the genetic prediction of lithium response in bipolar disorder patients,2021,True,skipped,exclude_obvious_irrelevant,No in-scope psychedelic/ketamine/entactogen/dissociative compound or intervention term appears in the title/abstract; dataset entity terms present.,False,1,,,
disorder,7274,10.1038/s41398-022-01934-w,A serotonergic biobehavioral signature differentiates cocaine use disorder participants administered mirtazapine,2022,True,skipped,exclude_obvious_irrelevant,No in-scope psychedelic/ketamine/entactogen/dissociative compound or intervention term appears in the title/abstract; dataset entity terms present.,False,1,,,
disorder,7312,10.1038/s41398-025-03407-2,A large-scale multimodal investigation of the interplay between the serotonergic system and emotion processing,2025,True,skipped,exclude_obvious_irrelevant,No in-scope psychedelic/ketamine/entactogen/dissociative compound or intervention term appears in the title/abstract; dataset entity terms present.,False,1,,,
disorder,7378,10.1038/s41467-025-59932-7,"A comparison of intramuscular (Zimhi) and intranasal naloxone (Narcan) in reversal of fentanyl-induced apnea: a randomized, crossover, open-label trial.",2025,True,skipped,exclude_obvious_irrelevant,No in-scope psychedelic/ketamine/entactogen/dissociative compound or intervention term appears in the title/abstract; dataset entity terms present.,False,1,,,
disorder,7380,10.1038/s41467-025-63857-6,Local activity alterations in individuals with autism correlate with neurotransmitter properties and ketamine-induced brain changes,2025,True,skipped,escalate,in-scope compound/intervention term appears in title or abstract,True,1,,,
disorder,7397,10.1038/s41572-021-00247-4,Cannabis use and cannabis use disorder,2021,True,skipped,exclude_obvious_irrelevant,No in-scope psychedelic/ketamine/entactogen/dissociative compound or intervention term appears in the title/abstract; dataset entity terms present.,False,1,,,
disorder,7533,10.1038/s41598-021-97140-7,HLA-DRB1 and HLA-DQB1 genetic diversity modulates response to lithium in bipolar affective disorders,2021,True,skipped,exclude_obvious_irrelevant,No in-scope psychedelic/ketamine/entactogen/dissociative compound or intervention term appears in the title/abstract; no dataset entity terms found.,False,1,,,
disorder,7537,10.1038/s41598-022-14213-x,Effect of different types of exercise in adult subjects with fibromyalgia: a systematic review and meta-analysis of randomised clinical trials,2022,True,skipped,exclude_obvious_irrelevant,No in-scope psychedelic/ketamine/entactogen/dissociative compound or intervention term appears in the title/abstract; dataset entity terms present.,False,1,,,
disorder,7556,10.1038/s41598-023-46047-6,The effect of probiotic supplementation on the clinical and para-clinical findings of multiple sclerosis: a randomized clinical trial,2023,True,skipped,exclude_obvious_irrelevant,No in-scope psychedelic/ketamine/entactogen/dissociative compound or intervention term appears in the title/abstract; no dataset entity terms found.,False,1,,,
disorder,7558,10.1038/s41598-023-48910-y,Paracetamol versus ibuprofen in treating episodic tension-type headache: a systematic review and network meta-analysis,2023,True,skipped,exclude_obvious_irrelevant,No in-scope psychedelic/ketamine/entactogen/dissociative compound or intervention term appears in the title/abstract; no dataset entity terms found.,False,1,,,
disorder,7569,10.1038/s41598-024-66906-0,"Three-month treatment outcome of medication-overuse headache according to classes of overused medications, use of acute medications, and preventive treatments",2024,True,skipped,exclude_obvious_irrelevant,No in-scope psychedelic/ketamine/entactogen/dissociative compound or intervention term appears in the title/abstract; no dataset entity terms found.,False,1,,,
disorder,7571,10.1038/s41598-024-71093-z,Probiotics and magnesium orotate for the treatment of major depressive disorder: a randomised double blind controlled trial,2024,True,skipped,exclude_obvious_irrelevant,No in-scope psychedelic/ketamine/entactogen/dissociative compound or intervention term appears in the title/abstract; dataset entity terms present.,False,1,,,
disorder,7572,10.1038/s41598-024-72282-6,Efficacy of galcanezumab in migraine central sensitization,2024,True,skipped,exclude_obvious_irrelevant,No in-scope psychedelic/ketamine/entactogen/dissociative compound or intervention term appears in the title/abstract; no dataset entity terms found.,False,1,,,
disorder,7579,10.1038/s41598-024-83144-6,Real-world evaluation of an evidence-based telemental health program for PTSD symptoms,2025,True,skipped,exclude_obvious_irrelevant,No in-scope psychedelic/ketamine/entactogen/dissociative compound or intervention term appears in the title/abstract; dataset entity terms present.,False,1,,,
disorder,7663,10.1038/sj.npp.1300882,Inhibition of Return in the Human 5HT2A Agonist and NMDA Antagonist Model of Psychosis,2005,True,skipped,escalate,in-scope compound/intervention term appears in title or abstract,True,1,,,
disorder,7709,10.1042/bsr20191260,The effect of wuling capsule on depression in Type 2 diabetic patients,2020,True,skipped,exclude_obvious_irrelevant,No in-scope psychedelic/ketamine/entactogen/dissociative compound or intervention term appears in the title/abstract; dataset entity terms present.,False,1,,,
disorder,7712,10.1044/2018_jslhr-l-rsaut-18-0029,SMARTer Approach to Personalizing Intervention for Children With Autism Spectrum Disorder,2018,True,skipped,exclude_obvious_irrelevant,No in-scope psychedelic/ketamine/entactogen/dissociative compound or intervention term appears in the title/abstract; dataset entity terms present.,False,1,,,
disorder,7713,10.1044/2019_jslhr-19-00202,Expanding Communication Modalities and Functions for Preschoolers With Autism Spectrum Disorder: Secondary Analysis of a Peer Partner Speech-Generating Device Intervention,2019,True,skipped,exclude_obvious_irrelevant,No in-scope psychedelic/ketamine/entactogen/dissociative compound or intervention term appears in the title/abstract; dataset entity terms present.,False,1,,,
disorder,7714,10.1044/2019_lshss-18-0093,Efficacy Study of a Social Communication and Self-Regulation Intervention for School-Age Children With Autism Spectrum Disorder: A Randomized Controlled Trial,2019,True,skipped,exclude_obvious_irrelevant,No in-scope psychedelic/ketamine/entactogen/dissociative compound or intervention term appears in the title/abstract; dataset entity terms present.,False,1,,,
disorder,7715,10.1044/2020_ajslp-19-00206,Rate of Communicative Gestures and Developmental Outcomes in Toddlers With and Without Autism Spectrum Disorder During a Home Observation.,2021,True,skipped,exclude_obvious_irrelevant,No in-scope psychedelic/ketamine/entactogen/dissociative compound or intervention term appears in the title/abstract; dataset entity terms present.,False,1,,,
disorder,7716,10.1044/2020_lshss-20-00016,Stability of Literacy Profiles of Adolescents With Autism Spectrum Disorder and Associations With Stakeholder Perceptions of Appropriate High School Support Needs,2021,True,skipped,exclude_obvious_irrelevant,No in-scope psychedelic/ketamine/entactogen/dissociative compound or intervention term appears in the title/abstract; dataset entity terms present.,False,1,,,
disorder,7717,10.1044/2022_ajslp-22-00133,Teaching Caregivers to Support Social Communication: Results From a Randomized Clinical Trial of Autistic Toddlers,2022,True,skipped,exclude_obvious_irrelevant,No in-scope psychedelic/ketamine/entactogen/dissociative compound or intervention term appears in the title/abstract; no dataset entity terms found.,False,1,,,
disorder,7718,10.1044/2023_ajslp-23-00279,Just-in-Time: A Caregiver-Mediated Intervention for Toddlers With Autism,2024,True,no_pdf_url,exclude_obvious_irrelevant,No in-scope psychedelic/ketamine/entactogen/dissociative compound or intervention term appears in the title/abstract; no dataset entity terms found.,False,1,,,
disorder,7719,10.1044/2023_jslhr-23-00069,The Stability and Validity of Automated Indices of Vocal Development in Infants With Autistic and Non-Autistic Siblings,2023,True,skipped,exclude_obvious_irrelevant,No in-scope psychedelic/ketamine/entactogen/dissociative compound or intervention term appears in the title/abstract; no dataset entity terms found.,False,1,,,
disorder,7720,10.1044/2024_ajslp-23-00313,Effects of an Augmentative and Alternative Communication Intervention Package on Socio-Communicative Behaviors Between Minimally Speaking Autistic Children and Their Peers,2024,True,skipped,exclude_obvious_irrelevant,No in-scope psychedelic/ketamine/entactogen/dissociative compound or intervention term appears in the title/abstract; no dataset entity terms found.,False,1,,,
disorder,7721,10.1044/2024_jslhr-24-00210,Socio-Communicative Behaviors Involving Minimally Speaking Autistic Preschoolers and Their Typically Developing Peers: Effects of an Augmentative and Alternative Communication Intervention Package,2024,True,skipped,exclude_obvious_irrelevant,No in-scope psychedelic/ketamine/entactogen/dissociative compound or intervention term appears in the title/abstract; no dataset entity terms found.,False,1,,,
disorder,7722,10.1044/2024_jslhr-24-00257,Language Profiles of School-Age Children With 16p11.2 Copy Number Variants in a Clinically Ascertained Cohort,2024,True,skipped,exclude_obvious_irrelevant,No in-scope psychedelic/ketamine/entactogen/dissociative compound or intervention term appears in the title/abstract; dataset entity terms present.,False,1,,,
disorder,7723,10.1044/2025_ajslp-25-00160,"Administering the Communication and Symbolic Behavior Scales in Collaboration With Caregivers in a Virtual Environment: Reliability, Fidelity, and Lessons Learned",2026,True,skipped,exclude_obvious_irrelevant,No in-scope psychedelic/ketamine/entactogen/dissociative compound or intervention term appears in the title/abstract; no dataset entity terms found.,False,1,,,
disorder,7724,10.1044/2026_jslhr-24-00391,The Influence of Language and Cognition on Intervention Effects in Young Autistic Children: A Meta-Regression Analysis,2026,True,skipped,exclude_obvious_irrelevant,No in-scope psychedelic/ketamine/entactogen/dissociative compound or intervention term appears in the title/abstract; no dataset entity terms found.,False,1,,,
disorder,7735,10.1046/j.1468-2982.2000.0200s2014.x,Acute Migraine Treatment Outcome Measures: A Clinician's                     View,2000,True,skipped,exclude_obvious_irrelevant,No in-scope psychedelic/ketamine/entactogen/dissociative compound or intervention term appears in the title/abstract; no dataset entity terms found.,False,1,,,
disorder,7746,10.1053/j.gastro.2013.08.056,Aspiration Therapy Leads to Weight Loss in Obese Subjects: A Pilot Study,2013,True,skipped,exclude_obvious_irrelevant,No in-scope psychedelic/ketamine/entactogen/dissociative compound or intervention term appears in the title/abstract; no dataset entity terms found.,False,1,,,
disorder,7747,10.1053/j.gastro.2018.05.011,"Corticosteroids Reduce Risk of Death Within 28 Days for Patients With Severe Alcoholic Hepatitis, Compared With Pentoxifylline or Placebo—a Meta-analysis of Individual Data From Controlled Trials",2018,True,no_pdf_url,exclude_obvious_irrelevant,No in-scope psychedelic/ketamine/entactogen/dissociative compound or intervention term appears in the title/abstract; no dataset entity terms found.,False,1,,,
disorder,7765,10.1055/s-0033-1364004,"The Challenge of Treatment in Bipolar Depression: Evidence from Clinical Guidelines, Treatment Recommendations and Complex Treatment Situations",2014,True,skipped,exclude_obvious_irrelevant,No in-scope psychedelic/ketamine/entactogen/dissociative compound or intervention term appears in the title/abstract; dataset entity terms present.,False,1,,,
disorder,7789,10.1056/evidoa2300349,Intranasal Oxytocin for Obesity,2024,True,skipped,exclude_obvious_irrelevant,No in-scope psychedelic/ketamine/entactogen/dissociative compound or intervention term appears in the title/abstract; no dataset entity terms found.,False,1,,,
disorder,7806,10.1056/nejmoa0804633,"Cognitive Behavioral Therapy, Sertraline, or a Combination in Childhood Anxiety",2008,True,skipped,exclude_obvious_irrelevant,No in-scope psychedelic/ketamine/entactogen/dissociative compound or intervention term appears in the title/abstract; dataset entity terms present.,False,1,,,
disorder,7832,10.1056/nejmoa1705848,A Controlled Trial of Erenumab for Episodic Migraine,2017,True,skipped,exclude_obvious_irrelevant,No in-scope psychedelic/ketamine/entactogen/dissociative compound or intervention term appears in the title/abstract; no dataset entity terms found.,False,1,,,
disorder,7841,10.1056/nejmoa1811090,"Rimegepant, an Oral Calcitonin Gene–Related Peptide Receptor Antagonist, for Migraine",2019,True,skipped,exclude_obvious_irrelevant,No in-scope psychedelic/ketamine/entactogen/dissociative compound or intervention term appears in the title/abstract; no dataset entity terms found.,False,1,,,
disorder,7845,10.1056/nejmoa2020214,Bupropion and Naltrexone in Methamphetamine Use Disorder,2021,True,skipped,exclude_obvious_irrelevant,No in-scope psychedelic/ketamine/entactogen/dissociative compound or intervention term appears in the title/abstract; dataset entity terms present.,False,1,,,
disorder,7848,10.1056/nejmoa2035908,Atogepant for the Preventive Treatment of Migraine,2021,True,skipped,exclude_obvious_irrelevant,No in-scope psychedelic/ketamine/entactogen/dissociative compound or intervention term appears in the title/abstract; no dataset entity terms found.,False,1,,,
disorder,7850,10.1056/nejmoa2103583,Intranasal Oxytocin in Children and Adolescents with Autism Spectrum Disorder,2021,True,skipped,exclude_obvious_irrelevant,No in-scope psychedelic/ketamine/entactogen/dissociative compound or intervention term appears in the title/abstract; dataset entity terms present.,False,1,,,
disorder,7864,10.1073/pnas.1314478110,Human genome–guided identification of memory-modulating drugs,2013,True,skipped,exclude_obvious_irrelevant,No in-scope psychedelic/ketamine/entactogen/dissociative compound or intervention term appears in the title/abstract; dataset entity terms present.,False,1,,,
disorder,7898,10.1080/00952990802455444,Correlates of Stimulant Treatment Outcome Across Treatment Modalities,2009,True,skipped,exclude_obvious_irrelevant,No in-scope psychedelic/ketamine/entactogen/dissociative compound or intervention term appears in the title/abstract; no dataset entity terms found.,False,1,,,
disorder,7932,10.1080/03630242.2024.2334700,Factors influencing clinical trial participation of women with fibromyalgia across the United States: a cross-sectional survey,2024,True,skipped,exclude_obvious_irrelevant,No in-scope psychedelic/ketamine/entactogen/dissociative compound or intervention term appears in the title/abstract; dataset entity terms present.,False,1,,,
disorder,7933,10.1080/07317115.2018.1539801,Posttraumatic Stress Disorder in Older Adults: A Conceptual Review,2018,True,skipped,exclude_obvious_irrelevant,No in-scope psychedelic/ketamine/entactogen/dissociative compound or intervention term appears in the title/abstract; dataset entity terms present.,False,1,,,
disorder,7943,10.1080/07853890.2025.2543522,"Liposomal bupivacaine vs. Ropivacaine for wound infiltration on chronic postsurgical pain after video-assisted thoracoscopic lung surgery: protocol for a randomized, double-blind, controlled trial",2025,True,skipped,exclude_obvious_irrelevant,No in-scope psychedelic/ketamine/entactogen/dissociative compound or intervention term appears in the title/abstract; dataset entity terms present.,False,1,,,
disorder,7944,10.1080/07853890.2025.2589570,"Impact of opioid-free anesthesia on the overall benefit of analgesia score after laparoscopic cholecystectomy: protocol and statistical analysis plan for a multicenter, randomized, controlled trial.",2025,True,skipped,escalate,in-scope compound/intervention term appears in title or abstract,True,1,,,
disorder,7948,10.1080/08897070802418469,Development of the Pretreatment Readiness Scale for Substance Abusers: Modification of an Existing Motivation Assessment,2008,True,no_pdf_url,exclude_obvious_irrelevant,No in-scope psychedelic/ketamine/entactogen/dissociative compound or intervention term appears in the title/abstract; no dataset entity terms found.,False,1,,,
disorder,7958,10.1080/09540121.2018.1533225,A qualitative study of the feasibility and acceptability of a smoking cessation program for people living with HIV and emotional dysregulation,2018,True,skipped,exclude_obvious_irrelevant,No in-scope psychedelic/ketamine/entactogen/dissociative compound or intervention term appears in the title/abstract; dataset entity terms present.,False,1,,,
disorder,7963,10.1080/09540261.2022.2093629,Mental health in transgender individuals: a systematic review,2022,True,no_pdf_url,exclude_obvious_irrelevant,No in-scope psychedelic/ketamine/entactogen/dissociative compound or intervention term appears in the title/abstract; dataset entity terms present.,False,1,,,
disorder,7972,10.1080/09638288.2023.2283113,Predictors of treatment outcome in cognitive behavioural therapy for chronic pain: a systematic review,2023,True,skipped,exclude_obvious_irrelevant,No in-scope psychedelic/ketamine/entactogen/dissociative compound or intervention term appears in the title/abstract; dataset entity terms present.,False,1,,,
disorder,7978,10.1080/10408398.2022.2055525,Influence of eating with distractors on caloric intake of children and adolescents: a systematic review and meta-analysis of interventional controlled studies,2022,True,no_pdf_url,exclude_obvious_irrelevant,No in-scope psychedelic/ketamine/entactogen/dissociative compound or intervention term appears in the title/abstract; no dataset entity terms found.,False,1,,,
disorder,7980,10.1080/10503307.2016.1253891,Relaxation-induced anxiety: Effects of peak and trajectories of change on treatment outcome for generalized anxiety disorder,2016,True,skipped,exclude_obvious_irrelevant,No in-scope psychedelic/ketamine/entactogen/dissociative compound or intervention term appears in the title/abstract; dataset entity terms present.,False,1,,,
disorder,8005,10.1080/10826084.2022.2026965,Substance Use Treatment Engagement among Men Who Have Sex with Men Who Use Stimulants in the Northeastern United States,2022,True,skipped,exclude_obvious_irrelevant,No in-scope psychedelic/ketamine/entactogen/dissociative compound or intervention term appears in the title/abstract; dataset entity terms present.,False,1,,,
disorder,8046,10.1080/13880209.2018.1479868,Effects of garlic polysaccharide on alcoholic liver fibrosis and intestinal microflora in mice,2018,True,skipped,exclude_obvious_irrelevant,No in-scope psychedelic/ketamine/entactogen/dissociative compound or intervention term appears in the title/abstract; no dataset entity terms found.,False,1,,,
disorder,8086,10.1080/15374416.2020.1833735,Predictors and Moderators of Treatment Efficacy in Children and Adolescents with Autism Spectrum Disorder,2020,True,skipped,exclude_obvious_irrelevant,No in-scope psychedelic/ketamine/entactogen/dissociative compound or intervention term appears in the title/abstract; dataset entity terms present.,False,1,,,
disorder,8098,10.1080/15563650.2025.2453052,"Differences in the clinical presentation of acute 3,4-methylenedioxymetamfetamine intoxication by co-intoxication and patient sex to European emergency departments",2025,True,no_pdf_url,exclude_obvious_irrelevant,No in-scope psychedelic/ketamine/entactogen/dissociative compound or intervention term appears in the title/abstract; no dataset entity terms found.,False,1,,,
disorder,8101,10.1080/15622975.2024.2429429,Residual hypersomnia in unipolar and bipolar depression: A systematic review,2024,True,skipped,exclude_obvious_irrelevant,No in-scope psychedelic/ketamine/entactogen/dissociative compound or intervention term appears in the title/abstract; dataset entity terms present.,False,1,,,
disorder,8104,10.1080/16506073.2015.1098724,Acceptance- and mindfulness-based interventions for the treatment of chronic pain: a meta-analytic review,2016,True,skipped,exclude_obvious_irrelevant,No in-scope psychedelic/ketamine/entactogen/dissociative compound or intervention term appears in the title/abstract; dataset entity terms present.,False,1,,,
disorder,8105,10.1080/16506073.2018.1560358,Psychological and pharmacological treatments for generalized anxiety disorder (GAD): a meta-analysis of randomized controlled trials,2019,True,skipped,exclude_obvious_irrelevant,No in-scope psychedelic/ketamine/entactogen/dissociative compound or intervention term appears in the title/abstract; dataset entity terms present.,False,1,,,
disorder,8138,10.1080/20008066.2023.2193525,Habituation of distress during exposure and its relationship to treatment outcome in post-traumatic stress disorder and prolonged grief disorder.,2023,True,skipped,exclude_obvious_irrelevant,No in-scope psychedelic/ketamine/entactogen/dissociative compound or intervention term appears in the title/abstract; dataset entity terms present.,False,1,,,
disorder,8149,10.1080/20008066.2024.2302703,Effectiveness of prolonged exposure (PE) after implementation at a crime victim support centre.,2024,True,skipped,exclude_obvious_irrelevant,No in-scope psychedelic/ketamine/entactogen/dissociative compound or intervention term appears in the title/abstract; dataset entity terms present.,False,1,,,
disorder,8160,10.1080/20008066.2025.2484060,Predicting treatment outcome for complex posttraumatic stress disorder using the personalized advantage index.,2025,True,skipped,exclude_obvious_irrelevant,No in-scope psychedelic/ketamine/entactogen/dissociative compound or intervention term appears in the title/abstract; dataset entity terms present.,False,1,,,
disorder,8165,10.1080/20008066.2025.2504839,Exploring study dropout in drug trials for adults with PTSD: insights from a conventional and individual participant data meta-analysis.,2025,True,skipped,exclude_obvious_irrelevant,No in-scope psychedelic/ketamine/entactogen/dissociative compound or intervention term appears in the title/abstract; dataset entity terms present.,False,1,,,
disorder,8167,10.1080/20008066.2025.2537546,Symptom retention after successful intensive trauma-focused treatment for post-traumatic stress disorder.,2025,True,skipped,exclude_obvious_irrelevant,No in-scope psychedelic/ketamine/entactogen/dissociative compound or intervention term appears in the title/abstract; dataset entity terms present.,False,1,,,
disorder,8201,10.1080/21642850.2024.2349004,More than my Appearance: a pilot evaluation of the Expand Your Horizon online functionality-based writing programme for adults with visible differences,2024,True,skipped,exclude_obvious_irrelevant,No in-scope psychedelic/ketamine/entactogen/dissociative compound or intervention term appears in the title/abstract; dataset entity terms present.,False,1,,,
disorder,8216,10.1080/26895269.2021.1939221,"The clinical profile of patients attending a large, Australian pediatric gender service: A 10-year review",2021,True,skipped,exclude_obvious_irrelevant,No in-scope psychedelic/ketamine/entactogen/dissociative compound or intervention term appears in the title/abstract; dataset entity terms present.,False,1,,,
disorder,8222,10.1089/acm.2018.0437,Cannabidiol in the Treatment of Post-Traumatic Stress Disorder: A Case Series,2018,True,skipped,exclude_obvious_irrelevant,No in-scope psychedelic/ketamine/entactogen/dissociative compound or intervention term appears in the title/abstract; dataset entity terms present.,False,1,,,
disorder,8224,10.1089/acm.2019.0252,"Putative Antidepressant Effect of Chamomile (
                    <i>Matricaria chamomilla</i>
                    L.) Oral Extract in Subjects with Comorbid Generalized Anxiety Disorder and Depression",2019,True,skipped,exclude_obvious_irrelevant,No in-scope psychedelic/ketamine/entactogen/dissociative compound or intervention term appears in the title/abstract; dataset entity terms present.,False,1,,,
disorder,8234,10.1089/cap.2008.021,Stimulant Treatment in Children with Attention-Deficit/Hyperactivity Disorder Moderates Adolescent Academic Outcome,2008,True,skipped,exclude_obvious_irrelevant,No in-scope psychedelic/ketamine/entactogen/dissociative compound or intervention term appears in the title/abstract; no dataset entity terms found.,False,1,,,
disorder,8236,10.1089/cap.2013.0106,Randomized Placebo-Controlled D-Cycloserine with Cognitive Behavior Therapy for Pediatric Posttraumatic Stress,2014,True,skipped,exclude_obvious_irrelevant,No in-scope psychedelic/ketamine/entactogen/dissociative compound or intervention term appears in the title/abstract; dataset entity terms present.,False,1,,,
disorder,8238,10.1089/cap.2022.0035,Psychopharmacological Treatment Algorithms of Manic/Mixed and Depressed Episodes in Pediatric Bipolar Disorder,2022,True,skipped,exclude_obvious_irrelevant,No in-scope psychedelic/ketamine/entactogen/dissociative compound or intervention term appears in the title/abstract; dataset entity terms present.,False,1,,,
disorder,8248,10.1089/cyber.2009.0224,An Internet-Based Self-Help Treatment for Fear of Public Speaking: A Controlled Trial,2010,True,no_pdf_url,exclude_obvious_irrelevant,No in-scope psychedelic/ketamine/entactogen/dissociative compound or intervention term appears in the title/abstract; dataset entity terms present.,False,1,,,
disorder,8259,10.1089/lgbt.2021.0242,Differences in Alcohol and Other Drug Use and Dependence Between Transgender and Cisgender Participants from the 2018 Global Drug Survey,2022,True,no_pdf_url,escalate,in-scope compound/intervention term appears in title or abstract,True,1,,,
disorder,8264,10.1089/pho.2018.4490,Transcranial Photobiomodulation for the Treatment of Major Depressive Disorder. The ELATED-2 Pilot Trial,2018,True,skipped,exclude_obvious_irrelevant,No in-scope psychedelic/ketamine/entactogen/dissociative compound or intervention term appears in the title/abstract; dataset entity terms present.,False,1,,,
disorder,8304,10.1093/alcalc/agac027,Smoking As an Outcome Moderator In the Treatment of Alcohol Use Disorders,2022,True,skipped,exclude_obvious_irrelevant,No in-scope psychedelic/ketamine/entactogen/dissociative compound or intervention term appears in the title/abstract; dataset entity terms present.,False,1,,,
disorder,8386,10.1093/braincomms/fcac100,"Serotonin–norepinephrine reuptake inhibitor antidepressant effects on regional connectivity of the thalamus in persistent depressive disorder: evidence from two randomized, double-blind, placebo-controlled clinical trials",2022,True,skipped,exclude_obvious_irrelevant,No in-scope psychedelic/ketamine/entactogen/dissociative compound or intervention term appears in the title/abstract; dataset entity terms present.,False,1,,,
disorder,8484,10.1093/fampra/cmad072,Early detection of neurodevelopmental disorders in paediatric primary care: A scoping review,2023,True,skipped,exclude_obvious_irrelevant,No in-scope psychedelic/ketamine/entactogen/dissociative compound or intervention term appears in the title/abstract; dataset entity terms present.,False,1,,,
disorder,8487,10.1093/geronb/gby145,Psychophysiological Effects of Dance Movement Therapy and Physical Exercise on Older Adults With Mild Dementia: A Randomized Controlled Trial,2018,True,skipped,exclude_obvious_irrelevant,No in-scope psychedelic/ketamine/entactogen/dissociative compound or intervention term appears in the title/abstract; dataset entity terms present.,False,1,,,
disorder,8497,10.1093/geront/gnae085,Brief Aging Education Affects Continuing Education Preferences and Behaviors of Mental Health Providers,2024,True,skipped,exclude_obvious_irrelevant,No in-scope psychedelic/ketamine/entactogen/dissociative compound or intervention term appears in the title/abstract; dataset entity terms present.,False,1,,,
disorder,8509,10.1093/ijnp/pyaa003,Disturbance of Oxidative Stress Parameters in Treatment-Resistant Bipolar Disorder and Their Association With Electroconvulsive Therapy Response,2020,True,skipped,exclude_obvious_irrelevant,No in-scope psychedelic/ketamine/entactogen/dissociative compound or intervention term appears in the title/abstract; dataset entity terms present.,False,1,,,
disorder,8517,10.1093/ijnp/pyae052,Efficacy and safety of lumateperone for bipolar depression and schizophrenia: a systematic review and meta-analysis.,2024,True,skipped,exclude_obvious_irrelevant,No in-scope psychedelic/ketamine/entactogen/dissociative compound or intervention term appears in the title/abstract; dataset entity terms present.,False,1,,,
disorder,8547,10.1093/ijnp/pyaf013,Antidepressants in the treatment of bipolar depression: commentary,2025,True,skipped,exclude_obvious_irrelevant,No in-scope psychedelic/ketamine/entactogen/dissociative compound or intervention term appears in the title/abstract; dataset entity terms present.,False,1,,,
disorder,8589,10.1093/jat/20.6.393,Sweat Testing in Opioid Users with a Sweat Patch,1996,True,skipped,escalate,in-scope compound/intervention term appears in title or abstract,True,1,,,
disorder,8655,10.1093/ntr/ntac153,Changes in Nicotine Dependence Among Smokers Using Electronic Cigarettes to Reduce Cigarette Smoking in a Randomized Controlled Trial,2022,True,skipped,exclude_obvious_irrelevant,No in-scope psychedelic/ketamine/entactogen/dissociative compound or intervention term appears in the title/abstract; dataset entity terms present.,False,1,,,
disorder,8670,10.1093/ntr/ntr312,Alcohol and Marijuana Use in the Context of Tobacco Dependence Treatment: Impact on Outcome and Mediation of Effect,2012,True,skipped,exclude_obvious_irrelevant,No in-scope psychedelic/ketamine/entactogen/dissociative compound or intervention term appears in the title/abstract; dataset entity terms present.,False,1,,,
disorder,8706,10.1093/pm/pnab050,Nabiximols in Chronic Neuropathic Pain: A Meta-Analysis of Randomized Placebo-Controlled Trials,2021,True,skipped,exclude_obvious_irrelevant,No in-scope psychedelic/ketamine/entactogen/dissociative compound or intervention term appears in the title/abstract; dataset entity terms present.,False,1,,,
disorder,8709,10.1093/pm/pnae006,Psychologically based interventions for adults with chronic neuropathic pain: a scoping review,2024,True,skipped,exclude_obvious_irrelevant,No in-scope psychedelic/ketamine/entactogen/dissociative compound or intervention term appears in the title/abstract; dataset entity terms present.,False,1,,,
disorder,8712,10.1093/pm/pnae076,Mind-body therapy for treating fibromyalgia: a systematic review,2024,True,skipped,exclude_obvious_irrelevant,No in-scope psychedelic/ketamine/entactogen/dissociative compound or intervention term appears in the title/abstract; no dataset entity terms found.,False,1,,,
disorder,8722,10.1093/ptj/pzab255,The Manual Therapy and Strengthening for the Hip (MASH) Trial: Protocol for a Multisite Randomized Trial of a Subgroup of Older Adults With Chronic Back and Hip Pain,2021,True,skipped,exclude_obvious_irrelevant,No in-scope psychedelic/ketamine/entactogen/dissociative compound or intervention term appears in the title/abstract; no dataset entity terms found.,False,1,,,
disorder,8761,10.1093/sleep/zsab149,"Treating insomnia symptoms with medicinal cannabis: a randomized, crossover trial of the efficacy of a cannabinoid medicine compared with placebo",2021,True,skipped,exclude_obvious_irrelevant,No in-scope psychedelic/ketamine/entactogen/dissociative compound or intervention term appears in the title/abstract; no dataset entity terms found.,False,1,,,
disorder,8775,10.1093/sleep/zsx019,Cognitive Behavioral Insomnia Therapy for Those With Insomnia and Depression: A Randomized Controlled Clinical Trial,2017,True,skipped,exclude_obvious_irrelevant,No in-scope psychedelic/ketamine/entactogen/dissociative compound or intervention term appears in the title/abstract; dataset entity terms present.,False,1,,,
disorder,8794,10.1097/00000542-200307000-00025,Differential Modulation of Remifentanil-induced Analgesia and Postinfusion Hyperalgesia by S -Ketamine and Clonidine in Humans,2003,True,skipped,escalate,in-scope compound/intervention term appears in title or abstract,True,1,,,
disorder,8983,10.1097/adm.0000000000000547,"A Multicenter, Randomized, Double-blind, Parallel, Placebo-controlled Clinical Study to Evaluate the Efficacy and Safety of a Nicotine Mint Lozenge (2 and 4 mg) in Smoking Cessation.",2020,True,skipped,exclude_obvious_irrelevant,No in-scope psychedelic/ketamine/entactogen/dissociative compound or intervention term appears in the title/abstract; dataset entity terms present.,False,1,,,
disorder,8985,10.1097/adm.0000000000001059,Cannabis Use Disorder Treatment Preferences: A Pilot Survey in Current Users of Cannabis,2022,True,skipped,exclude_obvious_irrelevant,No in-scope psychedelic/ketamine/entactogen/dissociative compound or intervention term appears in the title/abstract; dataset entity terms present.,False,1,,,
disorder,8994,10.1097/ajp.0000000000001109,Cannabinoid Therapy,2023,True,skipped,exclude_obvious_irrelevant,No in-scope psychedelic/ketamine/entactogen/dissociative compound or intervention term appears in the title/abstract; dataset entity terms present.,False,1,,,
disorder,8997,10.1097/aln.0000000000002130,Neuroinflammation and Central Sensitization in Chronic and Widespread Pain,2018,True,skipped,exclude_obvious_irrelevant,No in-scope psychedelic/ketamine/entactogen/dissociative compound or intervention term appears in the title/abstract; dataset entity terms present.,False,1,,,
disorder,9010,10.1097/ans.0000000000000175,The Roy Adaptation Model,2017,True,skipped,exclude_obvious_irrelevant,No in-scope psychedelic/ketamine/entactogen/dissociative compound or intervention term appears in the title/abstract; dataset entity terms present.,False,1,,,
disorder,9017,10.1097/ccm.0000000000004585,Core Outcomes Set for Trials in People With Coronavirus Disease 2019,2020,True,skipped,exclude_obvious_irrelevant,No in-scope psychedelic/ketamine/entactogen/dissociative compound or intervention term appears in the title/abstract; no dataset entity terms found.,False,1,,,
disorder,9019,10.1097/ea9.0000000000000053,Assessment of postoperative pain in children following sclerotherapy of vascular malformations: a retrospective single centre cohort study.,2024,True,skipped,escalate,in-scope compound/intervention term appears in title or abstract,True,1,,,
disorder,9029,10.1097/hrp.0000000000000063,Treatment of Tobacco Use Disorders in Smokers with Serious Mental Illness,2015,True,skipped,exclude_obvious_irrelevant,No in-scope psychedelic/ketamine/entactogen/dissociative compound or intervention term appears in the title/abstract; dataset entity terms present.,False,1,,,
disorder,9036,10.1097/j.pain.0000000000002500,Efficacy of nonpharmacological interventions for individual features of fibromyalgia: a systematic review and meta-analysis of randomised controlled trials,2021,True,no_pdf_url,exclude_obvious_irrelevant,No in-scope psychedelic/ketamine/entactogen/dissociative compound or intervention term appears in the title/abstract; dataset entity terms present.,False,1,,,
disorder,9055,10.1097/md.0000000000001903,Treatment Outcomes From a Specialist Model for Treating Tobacco Use Disorder in a Medical Center,2015,True,skipped,exclude_obvious_irrelevant,No in-scope psychedelic/ketamine/entactogen/dissociative compound or intervention term appears in the title/abstract; dataset entity terms present.,False,1,,,
disorder,9056,10.1097/md.0000000000004541,The effect of alogliptin on pulmonary function in obese patients with type 2 diabetes inadequately controlled by metformin monotherapy.,2016,True,skipped,exclude_obvious_irrelevant,No in-scope psychedelic/ketamine/entactogen/dissociative compound or intervention term appears in the title/abstract; no dataset entity terms found.,False,1,,,
disorder,9057,10.1097/md.0000000000006302,Clinical efficacy of a centric relation occlusal splint and intra-articular liquid phase concentrated growth factor injection for the treatment of temporomandibular disorders.,2017,True,skipped,escalate,in-scope compound/intervention term appears in title or abstract,True,1,,,
disorder,9058,10.1097/md.0000000000018900,Auricular acupuncture for migraine,2020,True,skipped,exclude_obvious_irrelevant,No in-scope psychedelic/ketamine/entactogen/dissociative compound or intervention term appears in the title/abstract; no dataset entity terms found.,False,1,,,
disorder,9059,10.1097/md.0000000000021268,Acupoint catgut embedding for patients with migraine,2020,True,skipped,exclude_obvious_irrelevant,No in-scope psychedelic/ketamine/entactogen/dissociative compound or intervention term appears in the title/abstract; no dataset entity terms found.,False,1,,,
disorder,9060,10.1097/md.0000000000021395,The efficacy and safety of acupuncture and moxibustion combined with western medicine for obsessive-compulsive disorder,2020,True,skipped,exclude_obvious_irrelevant,No in-scope psychedelic/ketamine/entactogen/dissociative compound or intervention term appears in the title/abstract; dataset entity terms present.,False,1,,,
disorder,9061,10.1097/md.0000000000023128,Safety and efficacy of complementary and alternative medicine in the treatment of autism spectrum disorder,2020,True,skipped,exclude_obvious_irrelevant,No in-scope psychedelic/ketamine/entactogen/dissociative compound or intervention term appears in the title/abstract; dataset entity terms present.,False,1,,,
disorder,9064,10.1097/md.0000000000027854,Comparison of core muscle strengthening exercise and stretching exercise in middle-aged women with fibromyalgia,2021,True,no_pdf_url,exclude_obvious_irrelevant,No in-scope psychedelic/ketamine/entactogen/dissociative compound or intervention term appears in the title/abstract; no dataset entity terms found.,False,1,,,
disorder,9065,10.1097/md.0000000000030076,Efficacy of acupuncture for generalized anxiety disorder: A PRISMA-compliant systematic review and meta-analysis.,2022,True,skipped,exclude_obvious_irrelevant,No in-scope psychedelic/ketamine/entactogen/dissociative compound or intervention term appears in the title/abstract; dataset entity terms present.,False,1,,,
disorder,9072,10.1097/ms9.0000000000002272,Patterns of substance use and initiation timing in adults with substance abuse: a comparison between those with and without attention deficit hyperactivity disorder.,2024,True,skipped,escalate,in-scope compound/intervention term appears in title or abstract,True,1,,,
disorder,9075,10.1097/qad.0000000000002125,Integration of care for HIV and opioid use disorder,2018,True,skipped,exclude_obvious_irrelevant,No in-scope psychedelic/ketamine/entactogen/dissociative compound or intervention term appears in the title/abstract; dataset entity terms present.,False,1,,,
disorder,9076,10.1097/upj.0000000000000515,Epididymectomy Is an Effective Treatment for Chronic Epididymal Pain,2024,True,no_pdf_url,exclude_obvious_irrelevant,No in-scope psychedelic/ketamine/entactogen/dissociative compound or intervention term appears in the title/abstract; no dataset entity terms found.,False,1,,,
disorder,9077,10.1097/yco.0000000000000642,Developments in the psychological treatment of anorexia nervosa and their implications for daily practice.,2020,True,skipped,exclude_obvious_irrelevant,No in-scope psychedelic/ketamine/entactogen/dissociative compound or intervention term appears in the title/abstract; dataset entity terms present.,False,1,,,
disorder,9083,10.1097/yic.0000000000000368,Tolcapone in obsessive-compulsive disorder: a randomized double-blind placebo-controlled crossover trial,2021,True,skipped,exclude_obvious_irrelevant,No in-scope psychedelic/ketamine/entactogen/dissociative compound or intervention term appears in the title/abstract; dataset entity terms present.,False,1,,,
disorder,9085,10.1098/rsos.231889,Do autistic adults spontaneously reason about belief? A detailed exploration of alternative explanations,2024,True,skipped,exclude_obvious_irrelevant,No in-scope psychedelic/ketamine/entactogen/dissociative compound or intervention term appears in the title/abstract; no dataset entity terms found.,False,1,,,
disorder,9091,10.1099/mic.0.001568,Pharmaco-psychiatry and gut microbiome: a systematic review of effects of psychotropic drugs for bipolar disorder,2025,True,skipped,escalate,broad psychiatric treatment language needs LLM review,True,1,,,
disorder,9102,10.1101/2020.11.05.20226811,Is OR “portable” in meta-analysis? Time to consider bivariate generalized linear mixed model,2020,True,skipped,exclude_obvious_irrelevant,No in-scope psychedelic/ketamine/entactogen/dissociative compound or intervention term appears in the title/abstract; no dataset entity terms found.,False,1,,,
disorder,9322,10.1101/cshperspect.a039263,Medications Development for Treatment of Opioid Use Disorder,2020,True,skipped,exclude_obvious_irrelevant,No in-scope psychedelic/ketamine/entactogen/dissociative compound or intervention term appears in the title/abstract; dataset entity terms present.,False,1,,,
disorder,9353,10.1111/acer.13765,N‐Acetyl Cysteine Treatment Restores Early Phase Fracture Healing in Ethanol‐Fed Rats,2018,True,skipped,exclude_obvious_irrelevant,No in-scope psychedelic/ketamine/entactogen/dissociative compound or intervention term appears in the title/abstract; no dataset entity terms found.,False,1,,,
disorder,9356,10.1111/acer.13928,"A Randomized, Double‐Blind, Placebo‐Controlled Trial of Citicoline in Patients with Alcohol Use Disorder",2018,True,skipped,exclude_obvious_irrelevant,No in-scope psychedelic/ketamine/entactogen/dissociative compound or intervention term appears in the title/abstract; dataset entity terms present.,False,1,,,
disorder,9436,10.1111/acps.13603,Changes in self‐reported suicidal ideation during treatment with electroconvulsive therapy: A retrospective cohort study,2023,True,skipped,exclude_obvious_irrelevant,No in-scope psychedelic/ketamine/entactogen/dissociative compound or intervention term appears in the title/abstract; dataset entity terms present.,False,1,,,
disorder,9438,10.1111/acps.13809,The Efficacy and Acceptability of Non‐Invasive Brain Stimulation Interventions for Obsessive‐Compulsive Disorder Management: A Network Meta‐Analysis Based on 24 Stimulation Methods,2025,True,skipped,exclude_obvious_irrelevant,No in-scope psychedelic/ketamine/entactogen/dissociative compound or intervention term appears in the title/abstract; dataset entity terms present.,False,1,,,
disorder,9441,10.1111/adb.12498,Default mode network deactivation to smoking cue relative to food cue predicts treatment outcome in nicotine use disorder,2017,True,skipped,exclude_obvious_irrelevant,No in-scope psychedelic/ketamine/entactogen/dissociative compound or intervention term appears in the title/abstract; no dataset entity terms found.,False,1,,,
disorder,9447,10.1111/adb.13317,"Delta‐9‐tetrahydrocannabinol modulates pain sensitivity among persons receiving opioid agonist therapy for opioid use disorder: A within‐subject, randomized, placebo‐controlled laboratory study",2023,True,skipped,exclude_obvious_irrelevant,No in-scope psychedelic/ketamine/entactogen/dissociative compound or intervention term appears in the title/abstract; dataset entity terms present.,False,1,,,
disorder,9461,10.1111/add.13259,"Medical treatments for opioid use disorder in Iran: a randomized, double‐blind placebo‐controlled comparison of buprenorphine/naloxone and naltrexone maintenance treatment",2015,True,skipped,exclude_obvious_irrelevant,No in-scope psychedelic/ketamine/entactogen/dissociative compound or intervention term appears in the title/abstract; dataset entity terms present.,False,1,,,
disorder,9466,10.1111/add.14180,Extended‐release injectable naltrexone for opioid use disorder: a systematic review,2018,True,skipped,exclude_obvious_irrelevant,No in-scope psychedelic/ketamine/entactogen/dissociative compound or intervention term appears in the title/abstract; dataset entity terms present.,False,1,,,
disorder,9484,10.1111/add.15853,Comparative efficacy and safety of pharmacotherapies for alcohol withdrawal: a systematic review and network meta‐analysis,2022,True,skipped,exclude_obvious_irrelevant,No in-scope psychedelic/ketamine/entactogen/dissociative compound or intervention term appears in the title/abstract; no dataset entity terms found.,False,1,,,
disorder,9502,10.1111/add.16403,An on‐line school‐based substance use harm reduction programme: The Illicit Project randomized controlled trial results,2023,True,skipped,escalate,in-scope compound/intervention term appears in title or abstract,True,1,,,
disorder,9516,10.1111/add.16730,"Lisdexamfetamine in the treatment of methamphetamine dependence: A randomised, placebo‐controlled trial",2024,True,skipped,exclude_obvious_irrelevant,No in-scope psychedelic/ketamine/entactogen/dissociative compound or intervention term appears in the title/abstract; dataset entity terms present.,False,1,,,
disorder,9565,10.1111/apt.17665,Systematic review: Interventions for alcohol use disorder in patients with cirrhosis or alcohol‐associated hepatitis,2023,True,skipped,exclude_obvious_irrelevant,No in-scope psychedelic/ketamine/entactogen/dissociative compound or intervention term appears in the title/abstract; dataset entity terms present.,False,1,,,
disorder,9566,10.1111/bcp.12115,Vaccines against stimulants: cocaine and <scp>MA</scp>,2013,True,skipped,exclude_obvious_irrelevant,No in-scope psychedelic/ketamine/entactogen/dissociative compound or intervention term appears in the title/abstract; no dataset entity terms found.,False,1,,,
disorder,9569,10.1111/bcp.13214,Outcomes from massive paracetamol overdose: a retrospective observational study,2016,True,skipped,exclude_obvious_irrelevant,No in-scope psychedelic/ketamine/entactogen/dissociative compound or intervention term appears in the title/abstract; no dataset entity terms found.,False,1,,,
disorder,9589,10.1111/bdi.13283,Brain stimulation treatment for bipolar disorder,2022,True,skipped,exclude_obvious_irrelevant,No in-scope psychedelic/ketamine/entactogen/dissociative compound or intervention term appears in the title/abstract; no dataset entity terms found.,False,1,,,
disorder,9602,10.1111/bdi.70049,The Efficacy of Pharmacological Interventions in the Treatment of Major Depressive Disorder and Bipolar Depression With Mixed Features: A Systematic Review,2025,True,skipped,exclude_obvious_irrelevant,No in-scope psychedelic/ketamine/entactogen/dissociative compound or intervention term appears in the title/abstract; dataset entity terms present.,False,1,,,
disorder,9620,10.1111/bph.12634,Analgesic efficacy of opioids in chronic pain: recent meta‐analyses,2014,True,skipped,exclude_obvious_irrelevant,No in-scope psychedelic/ketamine/entactogen/dissociative compound or intervention term appears in the title/abstract; dataset entity terms present.,False,1,,,
disorder,9622,10.1111/bph.13750,Opioids and the immune system – friend or foe,2017,True,skipped,exclude_obvious_irrelevant,No in-scope psychedelic/ketamine/entactogen/dissociative compound or intervention term appears in the title/abstract; dataset entity terms present.,False,1,,,
disorder,9624,10.1111/bph.13826,Cross‐species studies of cognition relevant to drug discovery: a translational approach,2017,True,skipped,exclude_obvious_irrelevant,No in-scope psychedelic/ketamine/entactogen/dissociative compound or intervention term appears in the title/abstract; dataset entity terms present.,False,1,,,
disorder,9625,10.1111/bph.14339,PPARs and pain,2018,True,skipped,exclude_obvious_irrelevant,No in-scope psychedelic/ketamine/entactogen/dissociative compound or intervention term appears in the title/abstract; dataset entity terms present.,False,1,,,
disorder,9628,10.1111/bph.15451,Heterogeneity in response to repeated intranasal oxytocin in schizophrenia and autism spectrum disorders: A meta‐analysis of variance,2021,True,skipped,exclude_obvious_irrelevant,No in-scope psychedelic/ketamine/entactogen/dissociative compound or intervention term appears in the title/abstract; dataset entity terms present.,False,1,,,
disorder,9642,10.1111/cas.13956,Phase I dose-escalation study of capmatinib (INC280) in Japanese patients with advanced solid tumors.,2019,True,skipped,exclude_obvious_irrelevant,No in-scope psychedelic/ketamine/entactogen/dissociative compound or intervention term appears in the title/abstract; dataset entity terms present.,False,1,,,
disorder,9646,10.1111/clr.14419,The Effect of Different Socket Morphologies of a Maxillary Central Incisor on the Accuracy of Immediate Implants Placed With Freehand or Guided Surgery-An In Vitro Study.,2025,True,skipped,exclude_obvious_irrelevant,No in-scope psychedelic/ketamine/entactogen/dissociative compound or intervention term appears in the title/abstract; dataset entity terms present.,False,1,,,
disorder,9651,10.1111/cns.13048,Machine learning in major depression: From classification to treatment outcome prediction,2018,True,skipped,exclude_obvious_irrelevant,No in-scope psychedelic/ketamine/entactogen/dissociative compound or intervention term appears in the title/abstract; dataset entity terms present.,False,1,,,
disorder,9654,10.1111/cns.14667,"Retraction: Abdallah MS, Ramadan AN, Omara‐Reda H, et al. Double‐blind, randomized, placebo‐controlled pilot study of the phosphodiesterase‐3 inhibitor cilostazol as an adjunctive to antidepressants in patients with major depressive disorder. <i>CNS Neurosci. Ther.</i> 2021;27:1540–1548 (https://doi.org/10.1111/cns.13731)",2024,True,skipped,exclude_obvious_irrelevant,No in-scope psychedelic/ketamine/entactogen/dissociative compound or intervention term appears in the title/abstract; dataset entity terms present.,False,1,,,
disorder,9655,10.1111/cns.70077,Efficacy and Safety of Transcranial Direct Current Stimulation as an Add‐On Trial Treatment for Acute Bipolar Depression Patients With Suicidal Ideation,2024,True,skipped,exclude_obvious_irrelevant,No in-scope psychedelic/ketamine/entactogen/dissociative compound or intervention term appears in the title/abstract; dataset entity terms present.,False,1,,,
disorder,9660,10.1111/cts.13406,An exploratory machine learning approach to identify placebo responders in pharmacological binge eating disorder trials.,2022,True,skipped,exclude_obvious_irrelevant,No in-scope psychedelic/ketamine/entactogen/dissociative compound or intervention term appears in the title/abstract; no dataset entity terms found.,False,1,,,
disorder,9667,10.1111/cts.70005,Implementing a pragmatic clinical trial to tailor opioids for chronic pain on behalf of the IGNITE ADOPT PGx investigators.,2024,True,skipped,exclude_obvious_irrelevant,No in-scope psychedelic/ketamine/entactogen/dissociative compound or intervention term appears in the title/abstract; dataset entity terms present.,False,1,,,
disorder,9671,10.1111/dar.12055,Investigating the ‘bath salt’ panic: The rarity of synthetic cathinone use among students in the United States,2013,True,skipped,escalate,in-scope compound/intervention term appears in title or abstract,True,1,,,
disorder,9674,10.1111/dar.13019,Contingency management treatment for methamphetamine use disorder in South Africa,2019,True,skipped,exclude_obvious_irrelevant,No in-scope psychedelic/ketamine/entactogen/dissociative compound or intervention term appears in the title/abstract; dataset entity terms present.,False,1,,,
disorder,9675,10.1111/dar.13142,"A trial of Criminal Infringement Notices as an alternative to criminal penalties for illicit drug offences in New South Wales, Australia: Estimated savings",2020,True,skipped,escalate,in-scope compound/intervention term appears in title or abstract,True,1,,,
disorder,9774,10.1111/dom.15576,"Effect of combination pioglitazone with sodium‐glucose cotransporter‐2 inhibitors or
                    <scp>glucagon‐like peptide</scp>
                    ‐1
                    <scp>receptor agonists</scp>
                    on outcomes in type 2 diabetes: A systematic review, meta‐analysis, and real‐world study from an international federated database",2024,True,skipped,exclude_obvious_irrelevant,No in-scope psychedelic/ketamine/entactogen/dissociative compound or intervention term appears in the title/abstract; no dataset entity terms found.,False,1,,,
disorder,9782,10.1111/dom.15886,"Health‐related quality of life of people with type 1 diabetes: An
                    <scp>IMI2 SOPHIA</scp>
                    post hoc analysis of
                    <scp>FUTURE</scp>
                    and
                    <scp>ADJUNCT</scp>
                    ‐
                    <scp>ONE</scp>",2024,True,skipped,exclude_obvious_irrelevant,No in-scope psychedelic/ketamine/entactogen/dissociative compound or intervention term appears in the title/abstract; no dataset entity terms found.,False,1,,,
disorder,9802,10.1111/dom.16458,Mediterranean diet vs. the Australian guide to healthy eating (AGHE) on body composition and glucose metabolism: A randomized controlled trial.,2025,True,skipped,exclude_obvious_irrelevant,No in-scope psychedelic/ketamine/entactogen/dissociative compound or intervention term appears in the title/abstract; no dataset entity terms found.,False,1,,,
disorder,9811,10.1111/dom.70054,"Cardiovascular and kidney outcomes of
                    <scp>GLP</scp>
                    ‐1 receptor agonists in adults with obesity: A target trial emulation study",2025,True,skipped,exclude_obvious_irrelevant,No in-scope psychedelic/ketamine/entactogen/dissociative compound or intervention term appears in the title/abstract; dataset entity terms present.,False,1,,,
disorder,9813,10.1111/dom.70117,"A review of multidisciplinary care in metabolic dysfunction-associated steatohepatitis and cardiometabolic disease, with a focus on Canada.",2025,True,skipped,exclude_obvious_irrelevant,No in-scope psychedelic/ketamine/entactogen/dissociative compound or intervention term appears in the title/abstract; no dataset entity terms found.,False,1,,,
disorder,9814,10.1111/dom.70169,"Relative efficacy of
                    <scp>GLP</scp>
                    ‐1 and
                    <scp>GLP</scp>
                    ‐1/
                    <scp>GIP</scp>
                    receptor agonists in the prevention of alcohol‐use disorders using a target trial emulation approach",2025,True,skipped,exclude_obvious_irrelevant,No in-scope psychedelic/ketamine/entactogen/dissociative compound or intervention term appears in the title/abstract; dataset entity terms present.,False,1,,,
disorder,9825,10.1111/dom.70318,Evaluating the use of virtual reality for weight management: A systematic review and meta-analysis.,2026,True,skipped,exclude_obvious_irrelevant,No in-scope psychedelic/ketamine/entactogen/dissociative compound or intervention term appears in the title/abstract; no dataset entity terms found.,False,1,,,
disorder,9831,10.1111/dom.70697,SEMASEARCH Study Design: Real-World Evaluation of Semaglutide 2.4 mg in Adults With Severe Obesity Underrepresented in Clinical Trials.,2026,True,skipped,exclude_obvious_irrelevant,No in-scope psychedelic/ketamine/entactogen/dissociative compound or intervention term appears in the title/abstract; no dataset entity terms found.,False,1,,,
disorder,9842,10.1111/ene.70328,Efficacy and Safety of Erenumab in Adults With Medication Overuse Headache: Final Results From a Phase 4 Randomized Placebo-Controlled Study.,2025,True,skipped,exclude_obvious_irrelevant,No in-scope psychedelic/ketamine/entactogen/dissociative compound or intervention term appears in the title/abstract; no dataset entity terms found.,False,1,,,
disorder,9849,10.1111/hdi.13105,Effect of needle orientation during arteriovenous access puncture on needed compression time after hemodialysis: A randomized controlled trial,2023,True,skipped,exclude_obvious_irrelevant,No in-scope psychedelic/ketamine/entactogen/dissociative compound or intervention term appears in the title/abstract; no dataset entity terms found.,False,1,,,
disorder,9852,10.1111/head.12601,Triptans in the Acute Treatment of Migraine: A Systematic Review and Network Meta‐Analysis,2015,True,skipped,exclude_obvious_irrelevant,No in-scope psychedelic/ketamine/entactogen/dissociative compound or intervention term appears in the title/abstract; no dataset entity terms found.,False,1,,,
disorder,9854,10.1111/head.12866,Treatment of Cluster Headache: The American Headache Society Evidence‐Based Guidelines,2016,True,skipped,exclude_obvious_irrelevant,No in-scope psychedelic/ketamine/entactogen/dissociative compound or intervention term appears in the title/abstract; dataset entity terms present.,False,1,,,
disorder,9886,10.1111/imj.16657,Efficacy and safety of using cilostazol versus aspirin in secondary stroke prevention: systematic review and meta-analysis of randomised controlled clinical trials.,2025,True,skipped,exclude_obvious_irrelevant,No in-scope psychedelic/ketamine/entactogen/dissociative compound or intervention term appears in the title/abstract; no dataset entity terms found.,False,1,,,
disorder,9898,10.1111/j.1360-0443.2009.02564.x,A review of the clinical pharmacology of methamphetamine,2009,True,skipped,exclude_obvious_irrelevant,No in-scope psychedelic/ketamine/entactogen/dissociative compound or intervention term appears in the title/abstract; no dataset entity terms found.,False,1,,,
disorder,9900,10.1111/j.1360-0443.2010.03089.x,A multi‐level analysis of non‐significant counseling effects in a randomized smoking cessation trial,2010,True,skipped,exclude_obvious_irrelevant,No in-scope psychedelic/ketamine/entactogen/dissociative compound or intervention term appears in the title/abstract; dataset entity terms present.,False,1,,,
disorder,9910,10.1111/j.1369-1600.2008.00113.x,Blocking cannabinoid CB<sub>1</sub>receptors for the treatment of nicotine dependence: insights from pre‐clinical and clinical studies,2008,True,skipped,exclude_obvious_irrelevant,No in-scope psychedelic/ketamine/entactogen/dissociative compound or intervention term appears in the title/abstract; dataset entity terms present.,False,1,,,
disorder,9914,10.1111/j.1468-2982.1995.tb00046.x,"Treatment of Cluster Headache: Clinical Trials, Design and Results",1995,True,no_pdf_url,exclude_obvious_irrelevant,No in-scope psychedelic/ketamine/entactogen/dissociative compound or intervention term appears in the title/abstract; dataset entity terms present.,False,1,,,
disorder,9924,10.1111/j.1476-5381.2012.02196.x,Inhibition of<scp>MDMA</scp>‐induced increase in cortisol does not prevent acute impairment of verbal memory,2012,True,skipped,escalate,in-scope compound/intervention term appears in title or abstract,True,1,,,
disorder,9930,10.1111/j.1526-4637.2006.00178.x,Duloxetine and Other Antidepressants in the Treatment of Patients with Fibromyalgia,2007,True,skipped,exclude_obvious_irrelevant,No in-scope psychedelic/ketamine/entactogen/dissociative compound or intervention term appears in the title/abstract; no dataset entity terms found.,False,1,,,
disorder,9933,10.1111/j.1526-4637.2010.00862.x,Neurotherapy of Fibromyalgia?,2010,True,skipped,exclude_obvious_irrelevant,No in-scope psychedelic/ketamine/entactogen/dissociative compound or intervention term appears in the title/abstract; dataset entity terms present.,False,1,,,
disorder,9938,10.1111/j.1530-0277.2010.01349.x,Increased Oxidative DNA Damage in Patients With Alcohol Dependence and Its Correlation With Alcohol Withdrawal Severity,2010,True,skipped,exclude_obvious_irrelevant,No in-scope psychedelic/ketamine/entactogen/dissociative compound or intervention term appears in the title/abstract; dataset entity terms present.,False,1,,,
disorder,9939,10.1111/j.1553-2712.1997.tb03735.x,Advantage of High‐surface‐area Charcoal for Gastrointestinal Decontamination in a Human Acetaminophen Ingestion Model,1997,True,skipped,escalate,in-scope compound/intervention term appears in title or abstract,True,1,,,
disorder,9941,10.1111/j.1600-0447.2004.00505.x,Overcoming treatment resistance in obsessive–compulsive disorder,2005,True,skipped,exclude_obvious_irrelevant,No in-scope psychedelic/ketamine/entactogen/dissociative compound or intervention term appears in the title/abstract; dataset entity terms present.,False,1,,,
disorder,9952,10.1111/jan.15095,Smartphone‐based exercise intervention for chronic pain: PainReApp randomized clinical trial protocol,2021,True,skipped,exclude_obvious_irrelevant,No in-scope psychedelic/ketamine/entactogen/dissociative compound or intervention term appears in the title/abstract; dataset entity terms present.,False,1,,,
disorder,9954,10.1111/jar.12689,Attachment and child behaviour and emotional problems in autism spectrum disorder with intellectual disability,2019,True,skipped,exclude_obvious_irrelevant,No in-scope psychedelic/ketamine/entactogen/dissociative compound or intervention term appears in the title/abstract; dataset entity terms present.,False,1,,,
disorder,9975,10.1111/jep.12413,Increased water intake to reduce headache: learning from a critical appraisal,2015,True,skipped,exclude_obvious_irrelevant,No in-scope psychedelic/ketamine/entactogen/dissociative compound or intervention term appears in the title/abstract; no dataset entity terms found.,False,1,,,
disorder,9981,10.1111/jnc.13848,Eating disorders: from bench to bedside and back,2016,True,skipped,exclude_obvious_irrelevant,No in-scope psychedelic/ketamine/entactogen/dissociative compound or intervention term appears in the title/abstract; dataset entity terms present.,False,1,,,
disorder,9991,10.1111/jocn.16928,Virtual reality used to distract children and young people with long‐term conditions from pain or pruritus: A scoping review using <scp>PAGER</scp>,2023,True,skipped,exclude_obvious_irrelevant,No in-scope psychedelic/ketamine/entactogen/dissociative compound or intervention term appears in the title/abstract; dataset entity terms present.,False,1,,,
disorder,9998,10.1111/jsr.13793,Medicinal cannabis improves sleep in adults with insomnia: a randomised double‐blind placebo‐controlled crossover study,2022,True,skipped,exclude_obvious_irrelevant,No in-scope psychedelic/ketamine/entactogen/dissociative compound or intervention term appears in the title/abstract; no dataset entity terms found.,False,1,,,
disorder,10003,10.1111/ner.12970,"Redefining Spinal Cord Stimulation ""Trials"": A Randomized Controlled Trial Using Single-Stage Wireless Permanent Implantable Devices.",2020,True,skipped,exclude_obvious_irrelevant,No in-scope psychedelic/ketamine/entactogen/dissociative compound or intervention term appears in the title/abstract; dataset entity terms present.,False,1,,,
disorder,10010,10.1111/nyas.13467,"Disordered eating and obesity: associations between binge‐eating disorder, night‐eating syndrome, and weight‐related comorbidities",2017,True,skipped,exclude_obvious_irrelevant,No in-scope psychedelic/ketamine/entactogen/dissociative compound or intervention term appears in the title/abstract; no dataset entity terms found.,False,1,,,
disorder,10013,10.1111/obr.13936,Pharmacotherapies for Binge Eating Disorder: Systematic Review and Network Meta‐Analysis,2025,True,skipped,exclude_obvious_irrelevant,No in-scope psychedelic/ketamine/entactogen/dissociative compound or intervention term appears in the title/abstract; no dataset entity terms found.,False,1,,,
disorder,10014,10.1111/papr.13055,"Treatment of chronic axial back pain with 60‐day percutaneous medial branch PNS: Primary end point results from a prospective, multicenter study",2021,True,skipped,exclude_obvious_irrelevant,No in-scope psychedelic/ketamine/entactogen/dissociative compound or intervention term appears in the title/abstract; no dataset entity terms found.,False,1,,,
disorder,10021,10.1111/papr.70084,Non‐Invasive Vagus Nerve Stimulation in Cluster Headache: A Clinical Practice Guideline,2025,True,skipped,exclude_obvious_irrelevant,No in-scope psychedelic/ketamine/entactogen/dissociative compound or intervention term appears in the title/abstract; dataset entity terms present.,False,1,,,
disorder,10023,10.1111/pcn.12330,Effectiveness of group cognitive behavioral therapy for somatoform pain disorder patients in <scp>J</scp>apan: A preliminary non‐case‐control study,2015,True,skipped,exclude_obvious_irrelevant,No in-scope psychedelic/ketamine/entactogen/dissociative compound or intervention term appears in the title/abstract; dataset entity terms present.,False,1,,,
disorder,10074,10.1111/trf.17373,Epsilon aminocaproic acid is associated with acute kidney injury after life‐threatening hemorrhage in children,2023,True,skipped,exclude_obvious_irrelevant,No in-scope psychedelic/ketamine/entactogen/dissociative compound or intervention term appears in the title/abstract; no dataset entity terms found.,False,1,,,
disorder,10085,10.1124/jpet.116.236547,"Abuse Potential and Pharmacodynamic Characteristics of Oral and Intranasal Eluxadoline, a Mixed μ- and κ-Opioid Receptor Agonist and δ-Opioid Receptor Antagonist",2016,True,skipped,exclude_obvious_irrelevant,No in-scope psychedelic/ketamine/entactogen/dissociative compound or intervention term appears in the title/abstract; no dataset entity terms found.,False,1,,,
disorder,10089,10.1124/jpet.119.261511,OREX-1019: A Novel Treatment of Opioid Use Disorder and Relapse Prevention,2019,True,skipped,exclude_obvious_irrelevant,No in-scope psychedelic/ketamine/entactogen/dissociative compound or intervention term appears in the title/abstract; dataset entity terms present.,False,1,,,
disorder,10090,10.1124/jpet.119.264069,Extending the Specificity of DRL 72-s Behavior for Screening Antidepressant-Like Effects of Glutamatergic Clinically Validated Anxiolytic or Antidepressant Drugs in Rats,2020,True,skipped,escalate,in-scope compound/intervention term appears in title or abstract,True,1,,,
disorder,10116,10.1126/sciadv.aax4043,Advances in the science and treatment of alcohol use disorder.,2019,True,skipped,exclude_obvious_irrelevant,No in-scope psychedelic/ketamine/entactogen/dissociative compound or intervention term appears in the title/abstract; dataset entity terms present.,False,1,,,
disorder,10138,10.1128/spectrum.04110-23,Mycobiome analyses of critically ill COVID-19 patients,2024,True,skipped,exclude_obvious_irrelevant,No in-scope psychedelic/ketamine/entactogen/dissociative compound or intervention term appears in the title/abstract; no dataset entity terms found.,False,1,,,
disorder,10151,10.1136/annrheumdis-2021-220263,Effectiveness of IL-12/23 inhibition (ustekinumab) versus tumour necrosis factor inhibition in psoriatic arthritis: observational PsABio study results.,2021,True,skipped,exclude_obvious_irrelevant,No in-scope psychedelic/ketamine/entactogen/dissociative compound or intervention term appears in the title/abstract; no dataset entity terms found.,False,1,,,
disorder,10152,10.1136/annrheumdis-2021-221664,"Efficacy and safety of selective TYK2 inhibitor, deucravacitinib, in a phase II trial in psoriatic arthritis",2022,True,skipped,exclude_obvious_irrelevant,No in-scope psychedelic/ketamine/entactogen/dissociative compound or intervention term appears in the title/abstract; no dataset entity terms found.,False,1,,,
disorder,10196,10.1136/bjsports-2019-100780,Cognitive functional therapy compared with a group-based exercise and education intervention for chronic low back pain: a multicentre randomised controlled trial (RCT).,2020,True,skipped,exclude_obvious_irrelevant,No in-scope psychedelic/ketamine/entactogen/dissociative compound or intervention term appears in the title/abstract; no dataset entity terms found.,False,1,,,
disorder,10209,10.1136/bmj-2023-076226,Management of chronic pain secondary to temporomandibular disorders: a systematic review and network meta-analysis of randomised trials,2023,True,skipped,exclude_obvious_irrelevant,No in-scope psychedelic/ketamine/entactogen/dissociative compound or intervention term appears in the title/abstract; dataset entity terms present.,False,1,,,
disorder,10217,10.1136/bmj-2024-080107,Comparative effects of drug interventions for the acute management of migraine episodes in adults: systematic review and network meta-analysis,2024,True,skipped,exclude_obvious_irrelevant,No in-scope psychedelic/ketamine/entactogen/dissociative compound or intervention term appears in the title/abstract; no dataset entity terms found.,False,1,,,
disorder,10236,10.1136/bmj.h2168,Childhood attention-deficit/hyperactivity disorder,2015,True,skipped,exclude_obvious_irrelevant,No in-scope psychedelic/ketamine/entactogen/dissociative compound or intervention term appears in the title/abstract; no dataset entity terms found.,False,1,,,
disorder,10249,10.1136/bmjebm-2022-111989,"Consistency between trials presented at conferences, their subsequent publications and press releases.",2023,True,skipped,exclude_obvious_irrelevant,No in-scope psychedelic/ketamine/entactogen/dissociative compound or intervention term appears in the title/abstract; no dataset entity terms found.,False,1,,,
disorder,10255,10.1136/bmjment-2022-300626,Exploring the efficacy of psychotherapies for depression: a multiverse meta-analysis,2023,True,skipped,exclude_obvious_irrelevant,No in-scope psychedelic/ketamine/entactogen/dissociative compound or intervention term appears in the title/abstract; dataset entity terms present.,False,1,,,
disorder,10268,10.1136/bmjopen-2017-016619,"Real-world validation of the minimal disease activity index in psoriatic arthritis: an analysis from a prospective, observational, biological treatment registry.",2017,True,skipped,exclude_obvious_irrelevant,No in-scope psychedelic/ketamine/entactogen/dissociative compound or intervention term appears in the title/abstract; no dataset entity terms found.,False,1,,,
disorder,10269,10.1136/bmjopen-2017-016965corr1,Correction: Protocol for an online randomised controlled trial to evaluate the clinical and cost-effectiveness of a peer-supported self-management intervention for relatives of people with psychosis or bipolar disorder: Relatives Education And Coping Toolkit (REACT).,2017,True,skipped,exclude_obvious_irrelevant,No in-scope psychedelic/ketamine/entactogen/dissociative compound or intervention term appears in the title/abstract; no dataset entity terms found.,False,1,,,
disorder,10273,10.1136/bmjopen-2017-021409,A pilot randomised controlled trial of metacognitive therapy for prolonged grief.,2019,True,skipped,exclude_obvious_irrelevant,No in-scope psychedelic/ketamine/entactogen/dissociative compound or intervention term appears in the title/abstract; dataset entity terms present.,False,1,,,
disorder,10284,10.1136/bmjopen-2020-038827,A protocol for the economic evaluation of the smoking Cessation in Pregnancy Incentives Trial III (CPIT III),2020,True,skipped,exclude_obvious_irrelevant,No in-scope psychedelic/ketamine/entactogen/dissociative compound or intervention term appears in the title/abstract; no dataset entity terms found.,False,1,,,
disorder,10286,10.1136/bmjopen-2020-039358,Coenzyme Q10 supplementation for prophylaxis in adult patients with migraine-a meta-analysis.,2021,True,skipped,exclude_obvious_irrelevant,No in-scope psychedelic/ketamine/entactogen/dissociative compound or intervention term appears in the title/abstract; no dataset entity terms found.,False,1,,,
disorder,10289,10.1136/bmjopen-2021-051073,Efficacy and safety of transcutaneous electrical nerve stimulation (TENS) for acute and chronic pain in adults: a systematic review and meta-analysis of 381 studies (the meta-TENS study).,2022,True,skipped,exclude_obvious_irrelevant,No in-scope psychedelic/ketamine/entactogen/dissociative compound or intervention term appears in the title/abstract; dataset entity terms present.,False,1,,,
disorder,10294,10.1136/bmjopen-2021-057707,"Effects of chess-based cognitive remediation training as therapy add-on in alcohol and tobacco use disorders: protocol of a randomised, controlled clinical fMRI trial.",2022,True,skipped,exclude_obvious_irrelevant,No in-scope psychedelic/ketamine/entactogen/dissociative compound or intervention term appears in the title/abstract; dataset entity terms present.,False,1,,,
disorder,10301,10.1136/bmjopen-2022-068182,Cannabis for medical use versus opioids for chronic non-cancer pain: a systematic review and network meta-analysis of randomised clinical trials.,2024,True,skipped,exclude_obvious_irrelevant,No in-scope psychedelic/ketamine/entactogen/dissociative compound or intervention term appears in the title/abstract; no dataset entity terms found.,False,1,,,
disorder,10303,10.1136/bmjopen-2022-069153,Protocol of HOTFy: randomised clinical trial to hyperbaric oxygen therapy in fibromyalgia.,2023,True,skipped,exclude_obvious_irrelevant,No in-scope psychedelic/ketamine/entactogen/dissociative compound or intervention term appears in the title/abstract; no dataset entity terms found.,False,1,,,
disorder,10336,10.1136/bmjopen-2024-087180,PRECISE trial (Pain RElief Combination Intervention StratEgies): protocol for the clinical trial of a pregabalin-melatonin combination for fibromyalgia.,2024,True,skipped,exclude_obvious_irrelevant,No in-scope psychedelic/ketamine/entactogen/dissociative compound or intervention term appears in the title/abstract; dataset entity terms present.,False,1,,,
disorder,10341,10.1136/bmjopen-2024-089007,"mHealth intervention (mTB-Tobacco) for smoking cessation in people with drug-sensitive pulmonary tuberculosis in Bangladesh and Pakistan: protocol for an adaptive design, cluster randomised controlled trial (Quit4TB)",2025,True,skipped,exclude_obvious_irrelevant,No in-scope psychedelic/ketamine/entactogen/dissociative compound or intervention term appears in the title/abstract; no dataset entity terms found.,False,1,,,
disorder,10346,10.1136/bmjopen-2024-091183,Integration of healthcare services for HIV and non-communicable diseases in sub-Saharan Africa: protocol for a scoping review of randomised controlled trials.,2025,True,skipped,exclude_obvious_irrelevant,No in-scope psychedelic/ketamine/entactogen/dissociative compound or intervention term appears in the title/abstract; dataset entity terms present.,False,1,,,
disorder,10352,10.1136/bmjopen-2024-095184,The VIP trial: a randomised controlled trial of the clinical effectiveness of a Victim Improvement Package (VIP) for the reduction of continued symptoms of depression or anxiety in older victims of community crime in an English city,2025,True,skipped,exclude_obvious_irrelevant,No in-scope psychedelic/ketamine/entactogen/dissociative compound or intervention term appears in the title/abstract; dataset entity terms present.,False,1,,,
disorder,10354,10.1136/bmjopen-2024-095564,Using community engagement to adapt anxiety cognitive behavioural therapy for autistic youth receiving services in Michigan community-based organisations: protocol for a mixed methods study.,2025,True,skipped,exclude_obvious_irrelevant,No in-scope psychedelic/ketamine/entactogen/dissociative compound or intervention term appears in the title/abstract; no dataset entity terms found.,False,1,,,
disorder,10370,10.1136/bmjopen-2025-106054,Qualitative evidence of service user experiences and perspectives on long-acting injectable buprenorphine for opioid treatment: protocol for a scoping review.,2025,True,skipped,exclude_obvious_irrelevant,No in-scope psychedelic/ketamine/entactogen/dissociative compound or intervention term appears in the title/abstract; no dataset entity terms found.,False,1,,,
disorder,10378,10.1136/bmjopen-2025-114587,Parental-based prevention interventions to reduce suicidal-related behaviours in adolescents: protocol for a systematic review and meta-analysis.,2026,True,skipped,exclude_obvious_irrelevant,No in-scope psychedelic/ketamine/entactogen/dissociative compound or intervention term appears in the title/abstract; dataset entity terms present.,False,1,,,
disorder,10379,10.1136/bmjopen-2026-116613,"Protocol for a scoping review of interventional trials in complex regional pain syndrome: evaluation of adherence to the core outcome set, SPIRIT-PRO and CONSORT-PRO guidelines",2026,True,no_pdf_url,exclude_obvious_irrelevant,No in-scope psychedelic/ketamine/entactogen/dissociative compound or intervention term appears in the title/abstract; dataset entity terms present.,False,1,,,
disorder,10381,10.1136/bmjpo-2024-003045,Impact of probiotic supplements on behavioural and gastrointestinal symptoms in children with autism spectrum disorder: A randomised controlled trial.,2025,True,skipped,exclude_obvious_irrelevant,No in-scope psychedelic/ketamine/entactogen/dissociative compound or intervention term appears in the title/abstract; dataset entity terms present.,False,1,,,
disorder,10389,10.1136/gpsych-2019-100144,Anxiety Symptoms Questionnaire (ASQ): development and validation.,2019,True,skipped,exclude_obvious_irrelevant,No in-scope psychedelic/ketamine/entactogen/dissociative compound or intervention term appears in the title/abstract; dataset entity terms present.,False,1,,,
disorder,10401,10.1136/heartjnl-2023-322520,Prevalence and impact of recreational drug use in patients with acute cardiovascular events,2023,True,skipped,escalate,in-scope compound/intervention term appears in title or abstract,True,1,,,
disorder,10405,10.1136/jitc-2022-005957,SARS-CoV-2 infections in pediatric and young adult recipients of chimeric antigen receptor T-cell therapy: an international registry report.,2023,True,skipped,exclude_obvious_irrelevant,No in-scope psychedelic/ketamine/entactogen/dissociative compound or intervention term appears in the title/abstract; no dataset entity terms found.,False,1,,,
disorder,10415,10.1136/jnnp-2018-320113,Non-invasive neuromodulation for migraine and cluster headache: a systematic review of clinical trials.,2019,True,skipped,exclude_obvious_irrelevant,No in-scope psychedelic/ketamine/entactogen/dissociative compound or intervention term appears in the title/abstract; dataset entity terms present.,False,1,,,
disorder,10445,10.1136/rapm-2025-106718,Practice advisory for intravenous management of headache disorders in hospitalized patients: a review of the evidence and consensus recommendations.,2026,True,skipped,exclude_obvious_irrelevant,No in-scope psychedelic/ketamine/entactogen/dissociative compound or intervention term appears in the title/abstract; no dataset entity terms found.,False,1,,,
disorder,10450,10.1136/rmdopen-2023-004062,Window of opportunity in psoriatic arthritis: the earlier the better?,2024,True,skipped,exclude_obvious_irrelevant,No in-scope psychedelic/ketamine/entactogen/dissociative compound or intervention term appears in the title/abstract; no dataset entity terms found.,False,1,,,
disorder,10466,10.1146/annurev-clinpsy-081219-110907,Cognitive Behavioral Therapy for the Eating Disorders,2021,True,skipped,exclude_obvious_irrelevant,No in-scope psychedelic/ketamine/entactogen/dissociative compound or intervention term appears in the title/abstract; dataset entity terms present.,False,1,,,
disorder,10486,10.1155/2010/568396,Toll-like Receptor 4 Modulation as a Strategy to Treat Sepsis,2010,True,skipped,exclude_obvious_irrelevant,No in-scope psychedelic/ketamine/entactogen/dissociative compound or intervention term appears in the title/abstract; no dataset entity terms found.,False,1,,,
disorder,10509,10.1155/2017/2356346,Effectiveness of Therapeutic Exercise in Fibromyalgia Syndrome: A Systematic Review and Meta-Analysis of Randomized Clinical Trials,2017,True,skipped,exclude_obvious_irrelevant,No in-scope psychedelic/ketamine/entactogen/dissociative compound or intervention term appears in the title/abstract; dataset entity terms present.,False,1,,,
disorder,10524,10.1155/2020/4539891,In Vitro Modulation of Endogenous Antioxidant Enzyme Activities and Oxidative Stress in Autism Lymphoblastoid Cell Line (ALCL) by Stingless Bee Honey Treatment,2020,True,skipped,exclude_obvious_irrelevant,No in-scope psychedelic/ketamine/entactogen/dissociative compound or intervention term appears in the title/abstract; no dataset entity terms found.,False,1,,,
disorder,10526,10.1155/2021/5529741,"The Effect of Combined Vitamin C and Vitamin E Supplementation on Oxidative Stress Markers in Women with Endometriosis: A Randomized, Triple-Blind Placebo-Controlled Clinical Trial",2021,True,skipped,exclude_obvious_irrelevant,No in-scope psychedelic/ketamine/entactogen/dissociative compound or intervention term appears in the title/abstract; no dataset entity terms found.,False,1,,,
disorder,10529,10.1155/2022/1350813,"Reduction on Proinflammatory Cytokines after Application of Transcutaneous Electrical Nerve Stimulation (TENS) in Patients with a Breast Cancer: A Nonrandomized, Open, and Single-Arm Study Protocol with Paired Analysis",2022,True,skipped,exclude_obvious_irrelevant,No in-scope psychedelic/ketamine/entactogen/dissociative compound or intervention term appears in the title/abstract; no dataset entity terms found.,False,1,,,
disorder,10532,10.1155/2022/3284446,Botox (OnabotulinumtoxinA) for Treatment of Migraine Symptoms: A Systematic Review,2022,True,skipped,exclude_obvious_irrelevant,No in-scope psychedelic/ketamine/entactogen/dissociative compound or intervention term appears in the title/abstract; no dataset entity terms found.,False,1,,,
disorder,10552,10.1155/da/3511703,Rumination and Self‐Compassion Moderate Mindfulness‐Based Cognitive Therapy for Patients With Recurrent and Persistent Major Depressive Disorder: A Controlled Trial,2024,True,skipped,exclude_obvious_irrelevant,No in-scope psychedelic/ketamine/entactogen/dissociative compound or intervention term appears in the title/abstract; dataset entity terms present.,False,1,,,
disorder,10587,10.1159/000324480,Treatment Outcomes of an Integrated Residential Programme for Patients with Schizophrenia and Substance Use Disorder,2011,True,skipped,exclude_obvious_irrelevant,No in-scope psychedelic/ketamine/entactogen/dissociative compound or intervention term appears in the title/abstract; dataset entity terms present.,False,1,,,
disorder,10604,10.1159/000487767,"International Consensus Statement on Screening, Diagnosis and Treatment of Substance Use Disorder Patients with Comorbid Attention Deficit/Hyperactivity Disorder",2018,True,skipped,exclude_obvious_irrelevant,No in-scope psychedelic/ketamine/entactogen/dissociative compound or intervention term appears in the title/abstract; dataset entity terms present.,False,1,,,
disorder,10606,10.1159/000496742,Effect of Assertive Community Treatment for Patients with Substance Use Disorder: A Systematic Review,2019,True,skipped,exclude_obvious_irrelevant,No in-scope psychedelic/ketamine/entactogen/dissociative compound or intervention term appears in the title/abstract; dataset entity terms present.,False,1,,,
disorder,10609,10.1159/000508385,"International Consensus Statement for the Screening, Diagnosis, and Treatment of Adolescents with Concurrent Attention-Deficit/Hyperactivity Disorder and Substance Use Disorder",2020,True,skipped,exclude_obvious_irrelevant,No in-scope psychedelic/ketamine/entactogen/dissociative compound or intervention term appears in the title/abstract; dataset entity terms present.,False,1,,,
disorder,10610,10.1159/000508870,"The International Collaboration on ADHD and Substance Abuse (ICASA): Mission, Results, and Future Activities",2020,True,skipped,exclude_obvious_irrelevant,No in-scope psychedelic/ketamine/entactogen/dissociative compound or intervention term appears in the title/abstract; dataset entity terms present.,False,1,,,
disorder,10618,10.1159/000531008,Concomitant Drug Use among Opioid-Dependent Patients with and without Attention Deficit Hyperactivity Disorder: Does Methylphenidate Merit a Trial?,2023,True,no_pdf_url,escalate,in-scope compound/intervention term appears in title or abstract,True,1,,,
disorder,10619,10.1159/000533661,Symptom Change during Waitlist for Medicated and Nonmedicated Patients with Chronic Depression,2023,True,no_pdf_url,exclude_obvious_irrelevant,No in-scope psychedelic/ketamine/entactogen/dissociative compound or intervention term appears in the title/abstract; dataset entity terms present.,False,1,,,
disorder,10676,10.1161/jaha.123.030178,Association of Cannabis Use With Cardiovascular Outcomes Among US Adults.,2024,True,skipped,exclude_obvious_irrelevant,No in-scope psychedelic/ketamine/entactogen/dissociative compound or intervention term appears in the title/abstract; no dataset entity terms found.,False,1,,,
disorder,10703,10.1172/jci.insight.182331,"A randomized, double-blind, placebo-controlled study of a GHSR blocker in people with alcohol use disorder",2024,True,skipped,exclude_obvious_irrelevant,No in-scope psychedelic/ketamine/entactogen/dissociative compound or intervention term appears in the title/abstract; dataset entity terms present.,False,1,,,
disorder,10724,10.1176/appi.ajp.2015.14070857,"A Randomized, Double-Blind, Placebo-Controlled Trial of Citicoline for Cocaine Dependence in Bipolar I Disorder",2015,True,skipped,exclude_obvious_irrelevant,No in-scope psychedelic/ketamine/entactogen/dissociative compound or intervention term appears in the title/abstract; dataset entity terms present.,False,1,,,
disorder,10731,10.1176/appi.ajp.2017.16090996,Low-Intensity Transcranial Current Stimulation in Psychiatry,2017,True,skipped,exclude_obvious_irrelevant,No in-scope psychedelic/ketamine/entactogen/dissociative compound or intervention term appears in the title/abstract; dataset entity terms present.,False,1,,,
disorder,10739,10.1176/appi.ajp.2018.18070824,Cariprazine Treatment of Bipolar Depression: A Randomized Double-Blind Placebo-Controlled Phase 3 Study,2019,True,skipped,exclude_obvious_irrelevant,No in-scope psychedelic/ketamine/entactogen/dissociative compound or intervention term appears in the title/abstract; dataset entity terms present.,False,1,,,
disorder,10740,10.1176/appi.ajp.2018.18101125,Olanzapine Versus Placebo in Adult Outpatients With Anorexia Nervosa: A Randomized Clinical Trial,2019,True,skipped,exclude_obvious_irrelevant,No in-scope psychedelic/ketamine/entactogen/dissociative compound or intervention term appears in the title/abstract; dataset entity terms present.,False,1,,,
disorder,10747,10.1176/appi.ajp.2020.20050548,CBT for Prolonged Grief in Children and Adolescents: A Randomized Clinical Trial,2021,True,no_pdf_url,exclude_obvious_irrelevant,No in-scope psychedelic/ketamine/entactogen/dissociative compound or intervention term appears in the title/abstract; dataset entity terms present.,False,1,,,
disorder,10752,10.1176/appi.ajp.20220267,"Naltrexone-Bupropion and Behavior Therapy, Alone and Combined, for Binge-Eating Disorder: Randomized Double-Blind Placebo-Controlled Trial",2022,True,skipped,exclude_obvious_irrelevant,No in-scope psychedelic/ketamine/entactogen/dissociative compound or intervention term appears in the title/abstract; dataset entity terms present.,False,1,,,
disorder,10757,10.1176/appi.ajp.20230556,rTMS as a Next Step in Antidepressant Nonresponders: A Randomized Comparison With Current Antidepressant Treatment Approaches,2024,True,skipped,exclude_obvious_irrelevant,No in-scope psychedelic/ketamine/entactogen/dissociative compound or intervention term appears in the title/abstract; dataset entity terms present.,False,1,,,
disorder,10761,10.1176/appi.ajp.20230982,"Cognitive Behavioral Therapy and Lisdexamfetamine, Alone and Combined, for Binge-Eating Disorder With Obesity: A Randomized Controlled Trial",2024,True,skipped,exclude_obvious_irrelevant,No in-scope psychedelic/ketamine/entactogen/dissociative compound or intervention term appears in the title/abstract; no dataset entity terms found.,False,1,,,
disorder,10764,10.1176/appi.ajp.20250903,Regional Blood Flow Signatures of Opioidergic Modulation of Ketamine in Major Depressive Disorder: A Randomized Crossover Study,2026,True,no_pdf_url,escalate,in-scope compound/intervention term appears in title or abstract,True,1,,,
disorder,10785,10.1176/appi.psychotherapy.2015.69.2.97,The Course and Evolution of Dialectical Behavior Therapy,2015,True,skipped,exclude_obvious_irrelevant,No in-scope psychedelic/ketamine/entactogen/dissociative compound or intervention term appears in the title/abstract; no dataset entity terms found.,False,1,,,
disorder,10811,10.1177/0193945919852964,Guided Imagery for Total Knee Replacement: Responses to an Audiobook Placebo Treatment,2019,True,skipped,exclude_obvious_irrelevant,No in-scope psychedelic/ketamine/entactogen/dissociative compound or intervention term appears in the title/abstract; dataset entity terms present.,False,1,,,
disorder,10814,10.1177/02537176241275544,Oxidative Stress in Depression: A Case-control Study of Serum MDA Levels and Lipid Levels in Patients With Depression in a Tertiary Care Hospital in South India,2024,True,skipped,exclude_obvious_irrelevant,No in-scope psychedelic/ketamine/entactogen/dissociative compound or intervention term appears in the title/abstract; dataset entity terms present.,False,1,,,
disorder,10824,10.1177/0269881108089587,Disrupted `reflection' impulsivity in cannabis users but not current or                former ecstasy users,2008,True,skipped,escalate,in-scope compound/intervention term appears in title or abstract,True,1,,,
disorder,10825,10.1177/0269881108089815,Evidence for selective executive function deficits in ecstasy/polydrug users,2008,True,skipped,escalate,in-scope compound/intervention term appears in title or abstract,True,1,,,
disorder,10833,10.1177/0269881115602487,Clinical relevance of nalmefene versus placebo in alcohol treatment: reduction in mortality risk.,2015,True,skipped,exclude_obvious_irrelevant,No in-scope psychedelic/ketamine/entactogen/dissociative compound or intervention term appears in the title/abstract; dataset entity terms present.,False,1,,,
disorder,10834,10.1177/0269881115612236,Propranolol for the treatment of anxiety disorders: Systematic review and meta-analysis.,2016,True,skipped,exclude_obvious_irrelevant,No in-scope psychedelic/ketamine/entactogen/dissociative compound or intervention term appears in the title/abstract; dataset entity terms present.,False,1,,,
disorder,10841,10.1177/0269881117732514,The antidepressant efficacy of subanesthetic-dose ketamine does not correlate with baseline subcortical volumes in a replication sample with major depressive disorder,2017,True,skipped,escalate,in-scope compound/intervention term appears in title or abstract,True,1,,,
disorder,10907,10.1177/02698811251344692,"Acute effects of 150 mg caffeine on subjective, physiological, and behavioral components of anxiety in panic disorder and healthy controls – A randomized placebo-controlled crossover trial",2025,True,skipped,exclude_obvious_irrelevant,No in-scope psychedelic/ketamine/entactogen/dissociative compound or intervention term appears in the title/abstract; no dataset entity terms found.,False,1,,,
disorder,10923,10.1177/0271678x20938137,Intranasal salvinorin A improves neurological outcome in rhesus monkey ischemic stroke model using autologous blood clot,2020,True,skipped,escalate,in-scope compound/intervention term appears in title or abstract,True,1,,,
disorder,10929,10.1177/0333102414531156,"Clopidogrel as prophylactic treatment for migraine: A pilot randomised, controlled study",2014,True,skipped,exclude_obvious_irrelevant,No in-scope psychedelic/ketamine/entactogen/dissociative compound or intervention term appears in the title/abstract; no dataset entity terms found.,False,1,,,
disorder,10931,10.1177/0333102416639515,Invasive pericranial nerve interventions,2016,True,no_pdf_url,exclude_obvious_irrelevant,No in-scope psychedelic/ketamine/entactogen/dissociative compound or intervention term appears in the title/abstract; dataset entity terms present.,False,1,,,
disorder,10934,10.1177/0333102420905132,"Eptinezumab in episodic migraine: A randomized, double-blind, placebo-controlled study (PROMISE-1).",2020,True,skipped,exclude_obvious_irrelevant,No in-scope psychedelic/ketamine/entactogen/dissociative compound or intervention term appears in the title/abstract; no dataset entity terms found.,False,1,,,
disorder,10935,10.1177/03331024211053571,"Erenumab versus topiramate for the prevention of migraine – a randomised, double-blind, active-controlled phase 4 trial",2021,True,skipped,exclude_obvious_irrelevant,No in-scope psychedelic/ketamine/entactogen/dissociative compound or intervention term appears in the title/abstract; no dataset entity terms found.,False,1,,,
disorder,10941,10.1177/03331024231156922,"Randomized controlled studies evaluating Topiramate, Botulinum toxin type A, and mABs targeting CGRP in patients with chronic migraine and medication overuse headache: A systematic review and meta-analysis",2023,True,skipped,exclude_obvious_irrelevant,No in-scope psychedelic/ketamine/entactogen/dissociative compound or intervention term appears in the title/abstract; no dataset entity terms found.,False,1,,,
disorder,10942,10.1177/03331024231159366,Evaluating the efficacy of CGRP mAbs and gepants for the preventive treatment of migraine: A systematic review and network meta-analysis of phase 3 randomised controlled trials,2023,True,skipped,exclude_obvious_irrelevant,No in-scope psychedelic/ketamine/entactogen/dissociative compound or intervention term appears in the title/abstract; no dataset entity terms found.,False,1,,,
disorder,10952,10.1177/03331024251365858,Reviewing the complex relationship between circadian rhythms and cluster headache,2025,True,skipped,exclude_obvious_irrelevant,No in-scope psychedelic/ketamine/entactogen/dissociative compound or intervention term appears in the title/abstract; dataset entity terms present.,False,1,,,
disorder,10954,10.1177/03331024251388377,International Headache society evidence-based guidelines on the use of non-invasive neuromodulation devices for the acute and preventive treatment of migraine,2025,True,no_pdf_url,exclude_obvious_irrelevant,No in-scope psychedelic/ketamine/entactogen/dissociative compound or intervention term appears in the title/abstract; no dataset entity terms found.,False,1,,,
disorder,10957,10.1177/070674370605100702,The Psychological Treatment of Obsessive—Compulsive Disorder,2006,True,skipped,exclude_obvious_irrelevant,No in-scope psychedelic/ketamine/entactogen/dissociative compound or intervention term appears in the title/abstract; dataset entity terms present.,False,1,,,
disorder,10970,10.1177/07067437241262967,Efficacy and Safety of Modafinil for Treatment of Amphetamine-Type Stimulant Use Disorder: A Systematic Review and Meta-Analysis of Randomized Placebo-Controlled Trials: Efficacité et innocuité du modafinil pour le traitement des troubles liés à l'usage de stimulants de type amphétamine : revue systématique et méta-analyse d'essais randomisés contrôlés par placebo.,2024,True,skipped,exclude_obvious_irrelevant,No in-scope psychedelic/ketamine/entactogen/dissociative compound or intervention term appears in the title/abstract; dataset entity terms present.,False,1,,,
disorder,10985,10.1177/10398562231166293,"Post-traumatic stress disorder in doctors: Origins, approach and Eye Movement Desensitisation and Reprocessing therapy",2023,True,skipped,exclude_obvious_irrelevant,No in-scope psychedelic/ketamine/entactogen/dissociative compound or intervention term appears in the title/abstract; dataset entity terms present.,False,1,,,
disorder,10989,10.1177/10711007231205293,Nicotine Dependence and Rates of Postoperative Complications in Achilles Tendon Repair,2023,True,skipped,exclude_obvious_irrelevant,No in-scope psychedelic/ketamine/entactogen/dissociative compound or intervention term appears in the title/abstract; dataset entity terms present.,False,1,,,
disorder,10990,10.1177/10732748251336416,Randomized Placebo-Controlled Trial of Memantine for Smoking Cessation (CCCWFU 99311).,2025,True,skipped,exclude_obvious_irrelevant,No in-scope psychedelic/ketamine/entactogen/dissociative compound or intervention term appears in the title/abstract; dataset entity terms present.,False,1,,,
disorder,11014,10.1177/11795441251330313,The Effect of NSAID Use on Dextrose Prolotherapy in Patients With Knee Osteoarthritis: A Prospective Case Series,2025,True,skipped,escalate,in-scope compound/intervention term appears in title or abstract,True,1,,,
disorder,11016,10.1177/12034754261442925,Defining Minimal Disease Activity in Hidradenitis Suppurativa: A New Clinical Target,2026,True,no_pdf_url,exclude_obvious_irrelevant,No in-scope psychedelic/ketamine/entactogen/dissociative compound or intervention term appears in the title/abstract; no dataset entity terms found.,False,1,,,
disorder,11019,10.1177/1352458515585718,Erratum,2015,True,skipped,exclude_obvious_irrelevant,No in-scope psychedelic/ketamine/entactogen/dissociative compound or intervention term appears in the title/abstract; dataset entity terms present.,False,1,,,
disorder,11070,10.1177/1753465815621233,Is there a role for e-cigarettes in smoking cessation?,2015,True,skipped,exclude_obvious_irrelevant,No in-scope psychedelic/ketamine/entactogen/dissociative compound or intervention term appears in the title/abstract; dataset entity terms present.,False,1,,,
disorder,11075,10.1177/1753944709335754,Smoking cessation pharmacotherapy,2009,True,skipped,exclude_obvious_irrelevant,No in-scope psychedelic/ketamine/entactogen/dissociative compound or intervention term appears in the title/abstract; dataset entity terms present.,False,1,,,
disorder,11134,10.1177/20543581231209009,Complement-Mediated Thrombotic Microangiopathy in Pregnancy: An Educational Case Report,2023,True,skipped,exclude_obvious_irrelevant,No in-scope psychedelic/ketamine/entactogen/dissociative compound or intervention term appears in the title/abstract; no dataset entity terms found.,False,1,,,
disorder,11208,10.1179/1351000215y.0000000004,<i>N</i>-acetylcysteine for therapy-resistant tobacco use disorder: a pilot study,2015,True,skipped,exclude_obvious_irrelevant,No in-scope psychedelic/ketamine/entactogen/dissociative compound or intervention term appears in the title/abstract; dataset entity terms present.,False,1,,,
disorder,11348,10.1186/1129-2377-15-72,Central auditory processing and migraine: a controlled study,2014,True,skipped,escalate,in-scope compound/intervention term appears in title or abstract,True,1,,,
disorder,11360,10.1186/1471-230x-12-11,"Long-term effects of treatment and response in patients with chronic hepatitis C on quality of life. An international, multicenter, randomized, controlled study",2012,True,skipped,exclude_obvious_irrelevant,No in-scope psychedelic/ketamine/entactogen/dissociative compound or intervention term appears in the title/abstract; no dataset entity terms found.,False,1,,,
disorder,11365,10.1186/1471-244x-1-4,"Voluntary self-poisoning as a cause of admission to a tertiary hospital internal medicine clinic in Piraeus, Greece within a year",2001,True,skipped,exclude_obvious_irrelevant,No in-scope psychedelic/ketamine/entactogen/dissociative compound or intervention term appears in the title/abstract; dataset entity terms present.,False,1,,,
disorder,11368,10.1186/1471-244x-12-160,"Quetiapine monotherapy in acute phase for major depressive disorder: a meta-analysis of randomized, placebo-controlled trials",2012,True,skipped,exclude_obvious_irrelevant,No in-scope psychedelic/ketamine/entactogen/dissociative compound or intervention term appears in the title/abstract; dataset entity terms present.,False,1,,,
disorder,11374,10.1186/1471-244x-4-6,Thyroid function in clinical subtypes of major depression: an exploratory study,2004,True,skipped,exclude_obvious_irrelevant,No in-scope psychedelic/ketamine/entactogen/dissociative compound or intervention term appears in the title/abstract; dataset entity terms present.,False,1,,,
disorder,11376,10.1186/1471-244x-9-28,"A randomized, double-blind, placebo-controlled trial to assess the efficacy of topiramate in the treatment of post-traumatic stress disorder",2009,True,skipped,exclude_obvious_irrelevant,No in-scope psychedelic/ketamine/entactogen/dissociative compound or intervention term appears in the title/abstract; dataset entity terms present.,False,1,,,
disorder,11384,10.1186/1472-6882-8-28,Craniosacral therapy for migraine: Protocol development for an exploratory controlled clinical trial,2008,True,skipped,exclude_obvious_irrelevant,No in-scope psychedelic/ketamine/entactogen/dissociative compound or intervention term appears in the title/abstract; no dataset entity terms found.,False,1,,,
disorder,11385,10.1186/1472-6963-6-149,Determinants for receiving acupuncture for LBP and associated treatments: a prospective cohort study,2006,True,skipped,exclude_obvious_irrelevant,No in-scope psychedelic/ketamine/entactogen/dissociative compound or intervention term appears in the title/abstract; no dataset entity terms found.,False,1,,,
disorder,11388,10.1186/1477-5751-10-1,Methylphenidate for treating tobacco dependence in non-attention deficit hyperactivity disorder smokers: A pilot randomized placebo-controlled trial,2011,True,skipped,exclude_obvious_irrelevant,No in-scope psychedelic/ketamine/entactogen/dissociative compound or intervention term appears in the title/abstract; dataset entity terms present.,False,1,,,
disorder,11423,10.1186/ar2980,Brain perfusion in fibromyalgia patients and its differences between responders and poor responders to gabapentin,2010,True,skipped,exclude_obvious_irrelevant,No in-scope psychedelic/ketamine/entactogen/dissociative compound or intervention term appears in the title/abstract; no dataset entity terms found.,False,1,,,
disorder,11431,10.1186/s10194-015-0516-6,"Improvement of migraine symptoms with a proprietary supplement containing riboflavin, magnesium and Q10: a randomized, placebo-controlled, double-blind, multicenter trial",2015,True,skipped,exclude_obvious_irrelevant,No in-scope psychedelic/ketamine/entactogen/dissociative compound or intervention term appears in the title/abstract; no dataset entity terms found.,False,1,,,
disorder,11433,10.1186/s10194-015-0568-7,Nociception-specific blink reflex: pharmacology in healthy volunteers,2015,True,skipped,escalate,in-scope compound/intervention term appears in title or abstract,True,1,,,
disorder,11437,10.1186/s10194-017-0821-3,PACAP38 in human models of primary headaches,2017,True,skipped,exclude_obvious_irrelevant,No in-scope psychedelic/ketamine/entactogen/dissociative compound or intervention term appears in the title/abstract; no dataset entity terms found.,False,1,,,
disorder,11439,10.1186/s10194-018-0874-y,OnabotulinumtoxinA in the treatment of refractory chronic cluster headache,2018,True,skipped,exclude_obvious_irrelevant,No in-scope psychedelic/ketamine/entactogen/dissociative compound or intervention term appears in the title/abstract; dataset entity terms present.,False,1,,,
disorder,11441,10.1186/s10194-018-0933-4,Cognitive dysfunction and migraine,2018,True,skipped,exclude_obvious_irrelevant,No in-scope psychedelic/ketamine/entactogen/dissociative compound or intervention term appears in the title/abstract; dataset entity terms present.,False,1,,,
disorder,11444,10.1186/s10194-020-1085-x,Different doses of galcanezumab versus placebo in patients with migraine and cluster headache: a meta-analysis of randomized controlled trials,2020,True,skipped,exclude_obvious_irrelevant,No in-scope psychedelic/ketamine/entactogen/dissociative compound or intervention term appears in the title/abstract; dataset entity terms present.,False,1,,,
disorder,11477,10.1186/s11689-021-09384-z,Current neurologic treatment and emerging therapies in CDKL5 deficiency disorder,2021,True,skipped,exclude_obvious_irrelevant,No in-scope psychedelic/ketamine/entactogen/dissociative compound or intervention term appears in the title/abstract; no dataset entity terms found.,False,1,,,
disorder,11483,10.1186/s12868-016-0283-6,25th Annual Computational Neuroscience Meeting: CNS-2016,2016,True,skipped,escalate,in-scope compound/intervention term appears in title or abstract,True,1,,,
disorder,11519,10.1186/s12879-025-10966-8,Predictors of severe disease in Streptococcus dysgalactiae subsp. equisimilis bacteremia: a population-based study,2025,True,skipped,exclude_obvious_irrelevant,No in-scope psychedelic/ketamine/entactogen/dissociative compound or intervention term appears in the title/abstract; no dataset entity terms found.,False,1,,,
disorder,11522,10.1186/s12882-020-01766-0,Isolated thrombotic microangiopathy of the small intestine in a patient with atypical hemolytic uremic syndrome – a case report,2020,True,skipped,exclude_obvious_irrelevant,No in-scope psychedelic/ketamine/entactogen/dissociative compound or intervention term appears in the title/abstract; no dataset entity terms found.,False,1,,,
disorder,11527,10.1186/s12883-023-03477-z,"Efficacy and safety of eptinezumab in patients with chronic migraine and medication-overuse headache: a randomized, double-blind, placebo-controlled study",2023,True,skipped,exclude_obvious_irrelevant,No in-scope psychedelic/ketamine/entactogen/dissociative compound or intervention term appears in the title/abstract; no dataset entity terms found.,False,1,,,
disorder,11529,10.1186/s12883-024-03706-z,Smoking and cluster headache presentation and responsiveness to treatment.,2024,True,skipped,exclude_obvious_irrelevant,No in-scope psychedelic/ketamine/entactogen/dissociative compound or intervention term appears in the title/abstract; dataset entity terms present.,False,1,,,
disorder,11563,10.1186/s12888-015-0445-6,Binge-eating disorder diagnosis and treatment: a recap in front of DSM-5,2015,True,skipped,exclude_obvious_irrelevant,No in-scope psychedelic/ketamine/entactogen/dissociative compound or intervention term appears in the title/abstract; dataset entity terms present.,False,1,,,
disorder,11572,10.1186/s12888-018-1639-5,Digital IAPT: the effectiveness &amp; cost-effectiveness of internet-delivered interventions for depression and anxiety disorders in the Improving Access to Psychological Therapies programme: study protocol for a randomised control trial,2018,True,skipped,exclude_obvious_irrelevant,No in-scope psychedelic/ketamine/entactogen/dissociative compound or intervention term appears in the title/abstract; dataset entity terms present.,False,1,,,
disorder,11577,10.1186/s12888-019-2276-3,Does the treatment of anxiety in children with Attention-Deficit/Hyperactivity Disorder (ADHD) using cognitive behavioral therapy improve child and family outcomes? Protocol for a randomized controlled trial,2019,True,skipped,exclude_obvious_irrelevant,No in-scope psychedelic/ketamine/entactogen/dissociative compound or intervention term appears in the title/abstract; no dataset entity terms found.,False,1,,,
disorder,11578,10.1186/s12888-019-2409-8,Medicinal cannabis for psychiatric disorders: a clinically-focused systematic review,2020,True,skipped,exclude_obvious_irrelevant,No in-scope psychedelic/ketamine/entactogen/dissociative compound or intervention term appears in the title/abstract; dataset entity terms present.,False,1,,,
disorder,11579,10.1186/s12888-020-02697-8,A psychological intervention for suicide applied to non-affective psychosis: the CARMS (Cognitive AppRoaches to coMbatting Suicidality) randomised controlled trial protocol,2020,True,skipped,exclude_obvious_irrelevant,No in-scope psychedelic/ketamine/entactogen/dissociative compound or intervention term appears in the title/abstract; dataset entity terms present.,False,1,,,
disorder,11582,10.1186/s12888-021-03220-3,Efficacy and tolerability of atypical antipsychotics for acute bipolar depression: a network meta-analysis,2021,True,skipped,exclude_obvious_irrelevant,No in-scope psychedelic/ketamine/entactogen/dissociative compound or intervention term appears in the title/abstract; dataset entity terms present.,False,1,,,
disorder,11584,10.1186/s12888-022-04005-y,Physical and mental health outcomes of an integrated cognitive behavioural and weight management therapy for people with an eating disorder characterized by binge eating and a high body mass index: a randomized controlled trial,2022,True,skipped,exclude_obvious_irrelevant,No in-scope psychedelic/ketamine/entactogen/dissociative compound or intervention term appears in the title/abstract; dataset entity terms present.,False,1,,,
disorder,11614,10.1186/s12888-024-05650-1,"The efficacy of real versus sham external Trigeminal Nerve Stimulation (eTNS) in youth with Attention-Deficit/Hyperactivity Disorder (ADHD) over 4 weeks: a protocol for a multi-centre, double-blind, randomized, parallel-group, phase IIb study (ATTENS)",2024,True,skipped,exclude_obvious_irrelevant,No in-scope psychedelic/ketamine/entactogen/dissociative compound or intervention term appears in the title/abstract; no dataset entity terms found.,False,1,,,
disorder,11633,10.1186/s12888-024-06285-y,The effects of L-theanine supplementation on the outcomes of patients with mental disorders: a systematic review.,2024,True,skipped,exclude_obvious_irrelevant,No in-scope psychedelic/ketamine/entactogen/dissociative compound or intervention term appears in the title/abstract; dataset entity terms present.,False,1,,,
disorder,11647,10.1186/s12888-025-06698-3,Effects of oxidative stress and GDNF on patients with bipolar disorder: a prospective study.,2025,True,skipped,exclude_obvious_irrelevant,No in-scope psychedelic/ketamine/entactogen/dissociative compound or intervention term appears in the title/abstract; no dataset entity terms found.,False,1,,,
disorder,11648,10.1186/s12888-025-06728-0,Predicting the treatment outcomes of major depressive disorder interventions with baseline resting-state functional connectivity: a meta-analysis,2025,True,skipped,exclude_obvious_irrelevant,No in-scope psychedelic/ketamine/entactogen/dissociative compound or intervention term appears in the title/abstract; dataset entity terms present.,False,1,,,
disorder,11666,10.1186/s12888-025-07429-4,"Neuroimaging and neurophysiologic biomarkers for diagnosis and prognosis of depressive disorders, bipolar disorder, anxiety disorders, obsessive compulsive disorder, posttraumatic stress disorder, and substance use disorder: an evidence map",2026,True,skipped,exclude_obvious_irrelevant,No in-scope psychedelic/ketamine/entactogen/dissociative compound or intervention term appears in the title/abstract; dataset entity terms present.,False,1,,,
disorder,11676,10.1186/s12889-016-3821-3,A novel experience-based internet intervention for smoking cessation: feasibility randomised controlled trial,2016,True,skipped,exclude_obvious_irrelevant,No in-scope psychedelic/ketamine/entactogen/dissociative compound or intervention term appears in the title/abstract; no dataset entity terms found.,False,1,,,
disorder,11677,10.1186/s12889-021-10669-0,Syringe service program-based telemedicine linkage to opioid use disorder treatment: protocol for the STAMINA randomized control trial,2021,True,skipped,exclude_obvious_irrelevant,No in-scope psychedelic/ketamine/entactogen/dissociative compound or intervention term appears in the title/abstract; dataset entity terms present.,False,1,,,
disorder,11681,10.1186/s12889-023-16200-x,Reducing sickness absence and stigma due to mental health difficulties: a randomised control treatment trial (RCT) of a low intensity psychological intervention and stigma reduction programme for common mental disorder (Prevail),2023,True,skipped,exclude_obvious_irrelevant,No in-scope psychedelic/ketamine/entactogen/dissociative compound or intervention term appears in the title/abstract; dataset entity terms present.,False,1,,,
disorder,11683,10.1186/s12889-023-16792-4,Validation of the Swedish version of the safe environment for every kid (SEEK) parent screening questionnaire,2023,True,skipped,exclude_obvious_irrelevant,No in-scope psychedelic/ketamine/entactogen/dissociative compound or intervention term appears in the title/abstract; no dataset entity terms found.,False,1,,,
disorder,11689,10.1186/s12889-024-20336-9,The decriminalization of illicit drugs in British Columbia: a national evaluation protocol,2024,True,skipped,exclude_obvious_irrelevant,No in-scope psychedelic/ketamine/entactogen/dissociative compound or intervention term appears in the title/abstract; no dataset entity terms found.,False,1,,,
disorder,11694,10.1186/s12891-017-1854-0,Continuous passive motion and physical therapy (CPM) versus physical therapy (PT) versus delayed physical therapy (DPT) after surgical release for elbow contractures; a study protocol for a prospective randomized controlled trial,2017,True,skipped,escalate,in-scope compound/intervention term appears in title or abstract,True,1,,,
disorder,11699,10.1186/s12891-024-07952-7,Exercise-based telerehabilitation in chronic low back pain – a scoping review,2024,True,skipped,exclude_obvious_irrelevant,No in-scope psychedelic/ketamine/entactogen/dissociative compound or intervention term appears in the title/abstract; no dataset entity terms found.,False,1,,,
disorder,11707,10.1186/s12903-019-0791-8,"Changes in salivary oxidative status, salivary cortisol, and clinical symptoms in female patients with temporomandibular disorders during occlusal splint therapy: a 3-month follow up",2019,True,skipped,exclude_obvious_irrelevant,No in-scope psychedelic/ketamine/entactogen/dissociative compound or intervention term appears in the title/abstract; no dataset entity terms found.,False,1,,,
disorder,11719,10.1186/s12906-018-2226-5,Efficacy of intra-articular hypertonic dextrose prolotherapy versus normal saline for knee osteoarthritis: a protocol for a triple-blinded randomized controlled trial,2018,True,skipped,escalate,in-scope compound/intervention term appears in title or abstract,True,1,,,
disorder,11721,10.1186/s12906-020-03128-7,Comparison of oral Nano-Curcumin with oral prednisolone on oral lichen planus: a randomized double-blinded clinical trial,2020,True,skipped,escalate,in-scope compound/intervention term appears in title or abstract,True,1,,,
disorder,11726,10.1186/s12906-023-04312-1,The acceptability and feasibility of a virtual mantram program for patients with posttraumatic stress disorder and substance use disorders: mixed method results,2024,True,skipped,exclude_obvious_irrelevant,No in-scope psychedelic/ketamine/entactogen/dissociative compound or intervention term appears in the title/abstract; dataset entity terms present.,False,1,,,
disorder,11727,10.1186/s12906-024-04386-5,Daoyin therapy in chronic neck pain: study protocol for a randomized controlled trial,2024,True,skipped,exclude_obvious_irrelevant,No in-scope psychedelic/ketamine/entactogen/dissociative compound or intervention term appears in the title/abstract; no dataset entity terms found.,False,1,,,
disorder,11728,10.1186/s12906-024-04617-9,"Enhancing chronic migraine preventive therapy: low-level 810 nm laser acupuncture as an add-on treatment for patients with unsatisfactory pharmacological effect, a pilot single-blind randomized controlled trial.",2024,True,skipped,exclude_obvious_irrelevant,No in-scope psychedelic/ketamine/entactogen/dissociative compound or intervention term appears in the title/abstract; no dataset entity terms found.,False,1,,,
disorder,11731,10.1186/s12906-025-05055-x,Differential placebo effect of sham acupuncture for chronic pain: a network meta-analysis of randomized controlled trials.,2025,True,skipped,exclude_obvious_irrelevant,No in-scope psychedelic/ketamine/entactogen/dissociative compound or intervention term appears in the title/abstract; dataset entity terms present.,False,1,,,
disorder,11732,10.1186/s12906-025-05107-2,Effect of fundamental movement skills practice on executive function and social interaction ability in children with moderate autism: a randomized controlled trial.,2025,True,skipped,exclude_obvious_irrelevant,No in-scope psychedelic/ketamine/entactogen/dissociative compound or intervention term appears in the title/abstract; dataset entity terms present.,False,1,,,
disorder,11745,10.1186/s12912-025-03559-y,Non-Pharmacological interventions for psychological stress reactions in disaster nursing rescue workers: a scoping review.,2025,True,skipped,exclude_obvious_irrelevant,No in-scope psychedelic/ketamine/entactogen/dissociative compound or intervention term appears in the title/abstract; dataset entity terms present.,False,1,,,
disorder,11752,10.1186/s12913-026-14701-0,Economic value of physiotherapy interventions in headache management: a scoping review,2026,True,no_pdf_url,exclude_obvious_irrelevant,No in-scope psychedelic/ketamine/entactogen/dissociative compound or intervention term appears in the title/abstract; no dataset entity terms found.,False,1,,,
disorder,11761,10.1186/s12916-024-03684-6,"Effects of probiotic and vitamin D co-supplementation on clinical symptoms, mental health, and inflammation in adult patients with migraine headache: a randomized, triple-blinded, placebo-controlled trial.",2024,True,skipped,exclude_obvious_irrelevant,No in-scope psychedelic/ketamine/entactogen/dissociative compound or intervention term appears in the title/abstract; dataset entity terms present.,False,1,,,
disorder,11780,10.1186/s12937-019-0475-x,"The study evaluating the effect of probiotic supplementation on the mental status, inflammation, and intestinal barrier in major depressive disorder patients using gluten-free or gluten-containing diet (SANGUT study): a 12-week, randomized, double-blind, and placebo-controlled clinical study protocol",2019,True,skipped,exclude_obvious_irrelevant,No in-scope psychedelic/ketamine/entactogen/dissociative compound or intervention term appears in the title/abstract; dataset entity terms present.,False,1,,,
disorder,11836,10.1186/s12991-020-00278-3,"Correction to: Efficacy of the interpersonal and social rhythm therapy (IPSRT) in patients with bipolar disorder: results from a real-world, controlled trial",2020,True,skipped,exclude_obvious_irrelevant,No in-scope psychedelic/ketamine/entactogen/dissociative compound or intervention term appears in the title/abstract; no dataset entity terms found.,False,1,,,
disorder,11874,10.1186/s13018-023-03995-z,Duloxetine for fibromyalgia syndrome: a systematic review and meta-analysis,2023,True,skipped,exclude_obvious_irrelevant,No in-scope psychedelic/ketamine/entactogen/dissociative compound or intervention term appears in the title/abstract; no dataset entity terms found.,False,1,,,
disorder,11893,10.1186/s13034-022-00453-2,Systematic review and meta-analysis of the effects of exercise on depression in adolescents,2022,True,skipped,exclude_obvious_irrelevant,No in-scope psychedelic/ketamine/entactogen/dissociative compound or intervention term appears in the title/abstract; dataset entity terms present.,False,1,,,
disorder,11909,10.1186/s13047-023-00605-3,The effect of dextrose prolotherapy versus placebo/other non‐surgical treatments on pain in chronic plantar fasciitis: a systematic review and meta‐analysis of clinical trials,2023,True,skipped,escalate,in-scope compound/intervention term appears in title or abstract,True,1,,,
disorder,11911,10.1186/s13048-019-0480-x,"Vitamin D and probiotic co-supplementation affects mental health, hormonal, inflammatory and oxidative stress parameters in women with polycystic ovary syndrome",2019,True,skipped,exclude_obvious_irrelevant,No in-scope psychedelic/ketamine/entactogen/dissociative compound or intervention term appears in the title/abstract; dataset entity terms present.,False,1,,,
disorder,11916,10.1186/s13054-023-04569-5,Guideline on multimodal rehabilitation for patients with post-intensive care syndrome,2023,True,skipped,exclude_obvious_irrelevant,No in-scope psychedelic/ketamine/entactogen/dissociative compound or intervention term appears in the title/abstract; no dataset entity terms found.,False,1,,,
disorder,11918,10.1186/s13054-024-04843-0,Using a targeted metabolomics approach to explore differences in ARDS associated with COVID-19 compared to ARDS caused by H1N1 influenza and bacterial pneumonia,2024,True,skipped,exclude_obvious_irrelevant,No in-scope psychedelic/ketamine/entactogen/dissociative compound or intervention term appears in the title/abstract; no dataset entity terms found.,False,1,,,
disorder,11932,10.1186/s13063-016-1602-z,Collaborative Assessment and Management of Suicidality (CAMS) compared to treatment as usual (TAU) for suicidal patients: study protocol for a randomized controlled trial,2016,True,skipped,exclude_obvious_irrelevant,No in-scope psychedelic/ketamine/entactogen/dissociative compound or intervention term appears in the title/abstract; dataset entity terms present.,False,1,,,
disorder,11934,10.1186/s13063-016-1620-x,A randomised controlled trial of the clinical and cost-effectiveness of a contingency management intervention compared to treatment as usual for reduction of cannabis use and of relapse in early psychosis (CIRCLE): a study protocol for a randomised controlled trial,2016,True,skipped,exclude_obvious_irrelevant,No in-scope psychedelic/ketamine/entactogen/dissociative compound or intervention term appears in the title/abstract; no dataset entity terms found.,False,1,,,
disorder,11936,10.1186/s13063-017-2410-9,Home-based physical activity incentive and education program in subacute phase of stroke recovery (Ticaa’dom): study protocol for a randomized controlled trial,2018,True,skipped,escalate,in-scope compound/intervention term appears in title or abstract,True,1,,,
disorder,11939,10.1186/s13063-018-3068-7,Evaluation of an intensive education program on the treatment of tobacco-use disorder for pharmacists: a study protocol for a randomized controlled trial,2019,True,skipped,exclude_obvious_irrelevant,No in-scope psychedelic/ketamine/entactogen/dissociative compound or intervention term appears in the title/abstract; dataset entity terms present.,False,1,,,
disorder,11941,10.1186/s13063-018-3128-z,Integral movement therapy versus local movement therapy approach in patients with idiopathic chronic low-back pain: study protocol for a randomized controlled trial,2019,True,skipped,exclude_obvious_irrelevant,No in-scope psychedelic/ketamine/entactogen/dissociative compound or intervention term appears in the title/abstract; no dataset entity terms found.,False,1,,,
disorder,11945,10.1186/s13063-019-3205-y,Sensory integration therapy versus usual care for sensory processing difficulties in autism spectrum disorder in children: study protocol for a pragmatic randomised controlled trial,2019,True,skipped,exclude_obvious_irrelevant,No in-scope psychedelic/ketamine/entactogen/dissociative compound or intervention term appears in the title/abstract; dataset entity terms present.,False,1,,,
disorder,11958,10.1186/s13063-021-05666-y,The clinical and cost-effectiveness of a self-management intervention for patients with persistent depressive disorder and their partners/caregivers: study protocol of a multicenter pragmatic randomized controlled trial,2021,True,skipped,exclude_obvious_irrelevant,No in-scope psychedelic/ketamine/entactogen/dissociative compound or intervention term appears in the title/abstract; dataset entity terms present.,False,1,,,
disorder,11968,10.1186/s13063-022-06761-4,"A multicenter, randomized controlled trial to compare the effectiveness of STARC-SUD (Skills Training in Affect Regulation – a Culture-sensitive approach) versus treatment as usual in trauma-exposed refugees with substance use problems",2022,True,skipped,exclude_obvious_irrelevant,No in-scope psychedelic/ketamine/entactogen/dissociative compound or intervention term appears in the title/abstract; dataset entity terms present.,False,1,,,
disorder,11972,10.1186/s13063-022-07037-7,A protocol for a randomized clinical trial assessing the efficacy of hypertonic dextrose injection (prolotherapy) in chronic ankle instability,2022,True,skipped,escalate,in-scope compound/intervention term appears in title or abstract,True,1,,,
disorder,11973,10.1186/s13063-023-07081-x,Reducing tobacco-associated lung cancer risk: a study protocol for a randomized clinical trial of AB-free kava,2023,True,skipped,exclude_obvious_irrelevant,No in-scope psychedelic/ketamine/entactogen/dissociative compound or intervention term appears in the title/abstract; dataset entity terms present.,False,1,,,
disorder,11975,10.1186/s13063-023-07107-4,The effect of vitamin D and magnesium supplementation on clinical symptoms and serum inflammatory and oxidative stress markers in patients with COVID-19: a structured summary of a study protocol for a randomized controlled trial,2023,True,skipped,exclude_obvious_irrelevant,No in-scope psychedelic/ketamine/entactogen/dissociative compound or intervention term appears in the title/abstract; no dataset entity terms found.,False,1,,,
disorder,11989,10.1186/s13063-023-07691-5,The effects of intermittent fasting diet alone or in combination with probiotic supplementation in comparison with calorie-restricted diet on metabolic and hormonal profile in patients with polycystic ovary syndrome: study protocol for a randomized clinical trial,2023,True,skipped,exclude_obvious_irrelevant,No in-scope psychedelic/ketamine/entactogen/dissociative compound or intervention term appears in the title/abstract; no dataset entity terms found.,False,1,,,
disorder,12025,10.1186/s13063-024-08500-3,"Investigating the effects of co-supplementation with alpha-linolenic acid and L-carnitine on inflammatory status, oxidative stress, clinical symptoms, mental health and quality of life in women with migraine: a protocol for a randomized, triple-blind, placebo-controlled trial.",2024,True,skipped,exclude_obvious_irrelevant,No in-scope psychedelic/ketamine/entactogen/dissociative compound or intervention term appears in the title/abstract; no dataset entity terms found.,False,1,,,
disorder,12026,10.1186/s13063-024-08558-z,Evaluation of a multi-component prevention concept for hazardous substance use among refugees in shared accommodations: study protocol for a cluster randomized controlled trial,2024,True,skipped,exclude_obvious_irrelevant,No in-scope psychedelic/ketamine/entactogen/dissociative compound or intervention term appears in the title/abstract; no dataset entity terms found.,False,1,,,
disorder,12030,10.1186/s13063-025-08895-7,A phase 3 study of ravulizumab to protect patients with chronic kidney disease from cardiac surgery-associated acute kidney injury and major adverse kidney events (ARTEMIS),2025,True,skipped,exclude_obvious_irrelevant,No in-scope psychedelic/ketamine/entactogen/dissociative compound or intervention term appears in the title/abstract; no dataset entity terms found.,False,1,,,
disorder,12041,10.1186/s13063-025-09166-1,"Effect of mixodin supplementation on inflammatory and oxidative stress markers, clinical symptoms, mental health, and quality of life in patients with migraine: study protocol for a randomized clinical trial.",2025,True,skipped,exclude_obvious_irrelevant,No in-scope psychedelic/ketamine/entactogen/dissociative compound or intervention term appears in the title/abstract; no dataset entity terms found.,False,1,,,
disorder,12042,10.1186/s13063-025-09214-w,A randomised controlled trial to evaluate the clinical and cost-effectiveness of Stimulant compared with Non-stimulant medication for adults with Attention-deficit/hyperactivity disorder and a history of Psychosis or biPolar disordER: SNAPPER.,2025,True,skipped,exclude_obvious_irrelevant,No in-scope psychedelic/ketamine/entactogen/dissociative compound or intervention term appears in the title/abstract; no dataset entity terms found.,False,1,,,
disorder,12044,10.1186/s13063-025-09272-0,"ALCOhol use, Norms, Identities and Motivations-based (ALCONIM) prevention program for binge drinking among college students: a study protocol for a parallel-group randomized controlled trial.",2025,True,skipped,exclude_obvious_irrelevant,No in-scope psychedelic/ketamine/entactogen/dissociative compound or intervention term appears in the title/abstract; no dataset entity terms found.,False,1,,,
disorder,12046,10.1186/s13063-025-09364-x,"Effectiveness and cost-effectiveness of a peer-delivered, relational, harm reduction intervention to improve mental health, quality of life, and related outcomes, for people experiencing homelessness and substance use problems: protocol for the ‘SHARPS’ cluster randomised controlled trial",2025,True,skipped,exclude_obvious_irrelevant,No in-scope psychedelic/ketamine/entactogen/dissociative compound or intervention term appears in the title/abstract; no dataset entity terms found.,False,1,,,
disorder,12049,10.1186/s13063-026-09460-6,"Effects of a facilitator-delivered, group-based school intervention to improve media literacy and body dissatisfaction among adolescents: protocol of a cluster randomized controlled trial in Colombia",2026,True,skipped,exclude_obvious_irrelevant,No in-scope psychedelic/ketamine/entactogen/dissociative compound or intervention term appears in the title/abstract; no dataset entity terms found.,False,1,,,
disorder,12060,10.1186/s13075-021-02474-2,Relationships between psoriatic arthritis composite measures of disease activity with patient-reported outcomes in phase 3 studies of tofacitinib,2021,True,skipped,exclude_obvious_irrelevant,No in-scope psychedelic/ketamine/entactogen/dissociative compound or intervention term appears in the title/abstract; no dataset entity terms found.,False,1,,,
disorder,12069,10.1186/s13104-017-2651-4,"Chiropractic spinal manipulative therapy for cervicogenic headache: a single-blinded, placebo, randomized controlled trial",2017,True,skipped,exclude_obvious_irrelevant,No in-scope psychedelic/ketamine/entactogen/dissociative compound or intervention term appears in the title/abstract; no dataset entity terms found.,False,1,,,
disorder,12078,10.1186/s13229-021-00420-2,Cannabinoid treatment for autism: a proof-of-concept randomized trial,2021,True,skipped,exclude_obvious_irrelevant,No in-scope psychedelic/ketamine/entactogen/dissociative compound or intervention term appears in the title/abstract; dataset entity terms present.,False,1,,,
disorder,12080,10.1186/s13229-022-00488-4,Pharmacological and dietary-supplement treatments for autism spectrum disorder: a systematic review and network meta-analysis,2022,True,skipped,exclude_obvious_irrelevant,No in-scope psychedelic/ketamine/entactogen/dissociative compound or intervention term appears in the title/abstract; dataset entity terms present.,False,1,,,
disorder,12084,10.1186/s13256-025-05304-0,Rimegepant in airplane headache treatment: a case report.,2025,True,skipped,exclude_obvious_irrelevant,No in-scope psychedelic/ketamine/entactogen/dissociative compound or intervention term appears in the title/abstract; no dataset entity terms found.,False,1,,,
disorder,12100,10.1186/s13643-024-02675-1,Efficacy of pharmacological interventions for ADHD: protocol for an updated systematic review and dose-response network meta-analysis.,2024,True,skipped,exclude_obvious_irrelevant,No in-scope psychedelic/ketamine/entactogen/dissociative compound or intervention term appears in the title/abstract; no dataset entity terms found.,False,1,,,
disorder,12101,10.1186/s13643-024-02719-6,Spinal manipulations for migraine: an updated systematic review and meta-analysis of randomized clinical trials.,2024,True,skipped,exclude_obvious_irrelevant,No in-scope psychedelic/ketamine/entactogen/dissociative compound or intervention term appears in the title/abstract; no dataset entity terms found.,False,1,,,
disorder,12103,10.1186/s13643-026-03085-1,"COmprehensive Meta-analysis and meta-regression of Psychiatric disorders in people with Amphetamine-type Stimulant use disorder Study (COMPASS): a protocol for a pilot study, a systematic review and a meta-analysis series.",2026,True,skipped,exclude_obvious_irrelevant,No in-scope psychedelic/ketamine/entactogen/dissociative compound or intervention term appears in the title/abstract; dataset entity terms present.,False,1,,,
disorder,12104,10.1186/s13643-026-03193-y,Physical exercise therapy for autism spectrum disorder: protocol for a scoping review of systematic reviews,2026,True,no_pdf_url,exclude_obvious_irrelevant,No in-scope psychedelic/ketamine/entactogen/dissociative compound or intervention term appears in the title/abstract; dataset entity terms present.,False,1,,,
disorder,12126,10.1186/s13722-024-00448-8,Treatment of alcohol use disorder in patients with alcohol-associated liver disease: Innovative approaches and a call to action,2024,True,skipped,exclude_obvious_irrelevant,No in-scope psychedelic/ketamine/entactogen/dissociative compound or intervention term appears in the title/abstract; dataset entity terms present.,False,1,,,
disorder,12164,10.1186/s40337-020-0283-x,Correction to: Dimensions within 24 weight history indices and their association with inpatient treatment outcome in adults with anorexia nervosa: analysis of routine data,2020,True,skipped,exclude_obvious_irrelevant,No in-scope psychedelic/ketamine/entactogen/dissociative compound or intervention term appears in the title/abstract; dataset entity terms present.,False,1,,,
disorder,12208,10.1186/s40337-025-01238-6,Mindfulness-based interventions and their relationships with body image and eating behavior in adolescents: a scoping review,2025,True,skipped,exclude_obvious_irrelevant,No in-scope psychedelic/ketamine/entactogen/dissociative compound or intervention term appears in the title/abstract; no dataset entity terms found.,False,1,,,
disorder,12236,10.1186/s40345-022-00263-7,"The association between variability, intensity, and persistence of suicidal ideation and prospective suicidal behavior in the systematic treatment enhancement program for bipolar disorder (STEP-BD) study",2022,True,skipped,exclude_obvious_irrelevant,No in-scope psychedelic/ketamine/entactogen/dissociative compound or intervention term appears in the title/abstract; dataset entity terms present.,False,1,,,
disorder,12248,10.1186/s40359-023-01060-2,Determining the impact of cannabis use and severity on tobacco cessation outcomes: study protocol for a prospective tobacco treatment trial,2023,True,skipped,exclude_obvious_irrelevant,No in-scope psychedelic/ketamine/entactogen/dissociative compound or intervention term appears in the title/abstract; no dataset entity terms found.,False,1,,,
disorder,12252,10.1186/s40359-024-01772-z,Cognitive training via mobile app for addressing eating disorders’ cognitions in adolescents: a randomized control trial protocol,2024,True,skipped,exclude_obvious_irrelevant,No in-scope psychedelic/ketamine/entactogen/dissociative compound or intervention term appears in the title/abstract; dataset entity terms present.,False,1,,,
disorder,12258,10.1186/s40359-025-02778-x,Behavioral and psychological correlates of problematic smartphone use in street ketamine users.,2025,True,skipped,escalate,in-scope compound/intervention term appears in title or abstract,True,1,,,
disorder,12263,10.1186/s40359-025-03917-0,Study protocol for a randomised controlled trial of dance-movement therapy for adolescents with depression,2026,True,skipped,exclude_obvious_irrelevant,No in-scope psychedelic/ketamine/entactogen/dissociative compound or intervention term appears in the title/abstract; dataset entity terms present.,False,1,,,
disorder,12264,10.1186/s40360-023-00713-7,Efficacy of pharmacotherapies for bulimia nervosa: a systematic review and meta-analysis,2023,True,skipped,exclude_obvious_irrelevant,No in-scope psychedelic/ketamine/entactogen/dissociative compound or intervention term appears in the title/abstract; no dataset entity terms found.,False,1,,,
disorder,12266,10.1186/s40360-025-00863-w,"Melatonin protect against pregabalin-induced gonadotoxicity via anti-oxidative, anti-inflammatory, anti-apoptotic, enzymatic and hormonal regulatory mechanisms in rats.",2025,True,skipped,exclude_obvious_irrelevant,No in-scope psychedelic/ketamine/entactogen/dissociative compound or intervention term appears in the title/abstract; no dataset entity terms found.,False,1,,,
disorder,12270,10.1186/s40479-022-00184-y,"Dissociation, trauma, and borderline personality disorder",2022,True,skipped,exclude_obvious_irrelevant,No in-scope psychedelic/ketamine/entactogen/dissociative compound or intervention term appears in the title/abstract; dataset entity terms present.,False,1,,,
disorder,12281,10.1186/s40795-025-01048-8,Irregular meal and migraine headache: a scoping review.,2025,True,skipped,exclude_obvious_irrelevant,No in-scope psychedelic/ketamine/entactogen/dissociative compound or intervention term appears in the title/abstract; no dataset entity terms found.,False,1,,,
disorder,12284,10.1186/s40814-021-00838-8,Optimising psychological treatment for Anxiety DisordErs in Pregnancy (ADEPT): study protocol for a feasibility trial of time-intensive CBT versus weekly CBT,2021,True,skipped,exclude_obvious_irrelevant,No in-scope psychedelic/ketamine/entactogen/dissociative compound or intervention term appears in the title/abstract; dataset entity terms present.,False,1,,,
disorder,12296,10.1186/s40814-025-01753-y,Balancing ethical and practical dilemmas: feasibility of a cluster randomised internal pilot trial of Teaching Recovery Techniques with accompanied refugee children in Sweden,2026,True,skipped,exclude_obvious_irrelevant,No in-scope psychedelic/ketamine/entactogen/dissociative compound or intervention term appears in the title/abstract; no dataset entity terms found.,False,1,,,
disorder,12316,10.1186/s42358-024-00398-4,Ultrasound nail assessment in patients with psoriasic arthritis: is there an association of findings with clinical scores?,2024,True,skipped,exclude_obvious_irrelevant,No in-scope psychedelic/ketamine/entactogen/dissociative compound or intervention term appears in the title/abstract; dataset entity terms present.,False,1,,,
disorder,12343,10.1192/bjo.2020.118,The effectiveness of mindfulness-based cognitive therapy for major depressive disorder: evidence from routine outcome monitoring data.,2020,True,skipped,exclude_obvious_irrelevant,No in-scope psychedelic/ketamine/entactogen/dissociative compound or intervention term appears in the title/abstract; dataset entity terms present.,False,1,,,
disorder,12344,10.1192/bjo.2020.30,Impact of dissociation on the effectiveness of psychotherapy for post-traumatic stress disorder: meta-analysis.,2020,True,skipped,exclude_obvious_irrelevant,No in-scope psychedelic/ketamine/entactogen/dissociative compound or intervention term appears in the title/abstract; dataset entity terms present.,False,1,,,
disorder,12345,10.1192/bjo.2020.45,Elderly patients with no previous psychiatric history: suicidality and other factors relating to psychiatric acute admissions.,2020,True,skipped,exclude_obvious_irrelevant,No in-scope psychedelic/ketamine/entactogen/dissociative compound or intervention term appears in the title/abstract; dataset entity terms present.,False,1,,,
disorder,12373,10.1192/bjp.2019.113,Anorexia nervosa: 30-year outcome,2019,True,skipped,exclude_obvious_irrelevant,No in-scope psychedelic/ketamine/entactogen/dissociative compound or intervention term appears in the title/abstract; dataset entity terms present.,False,1,,,
disorder,12379,10.1192/bjp.2022.139,Methylphenidate for prison inmates with ADHD: yes or no?,2022,True,skipped,exclude_obvious_irrelevant,No in-scope psychedelic/ketamine/entactogen/dissociative compound or intervention term appears in the title/abstract; no dataset entity terms found.,False,1,,,
disorder,12380,10.1192/bjp.2022.28,Using polygenic scores and clinical data for bipolar disorder patient stratification and lithium response prediction: machine learning approach,2022,True,skipped,exclude_obvious_irrelevant,No in-scope psychedelic/ketamine/entactogen/dissociative compound or intervention term appears in the title/abstract; dataset entity terms present.,False,1,,,
disorder,12386,10.1192/bjp.2025.87,Individual patient data meta-analysis of placebo-controlled trials of selective serotonin reuptake inhibitors submitted for regulatory approval in adult obsessive-compulsive disorder.,2025,True,skipped,exclude_obvious_irrelevant,No in-scope psychedelic/ketamine/entactogen/dissociative compound or intervention term appears in the title/abstract; dataset entity terms present.,False,1,,,
disorder,12390,10.1192/bjp.bp.112.110650,Antidepressant drugs and sexual dysfunction,2013,True,skipped,exclude_obvious_irrelevant,No in-scope psychedelic/ketamine/entactogen/dissociative compound or intervention term appears in the title/abstract; dataset entity terms present.,False,1,,,
disorder,12391,10.1192/bjp.bp.113.126003,Interventions for reducing benzodiazepine use in older people: meta-analysis of randomised controlled trials,2014,True,skipped,exclude_obvious_irrelevant,No in-scope psychedelic/ketamine/entactogen/dissociative compound or intervention term appears in the title/abstract; no dataset entity terms found.,False,1,,,
disorder,12393,10.1192/bjp.bp.113.132977,Dopamine transporter occupancy by methylphenidate and impulsivity in adult ADHD,2014,True,skipped,exclude_obvious_irrelevant,No in-scope psychedelic/ketamine/entactogen/dissociative compound or intervention term appears in the title/abstract; no dataset entity terms found.,False,1,,,
disorder,12396,10.1192/bjp.bp.116.194720,Personality disorder and alcohol treatment outcome: systematic review and meta-analysis,2017,True,skipped,exclude_obvious_irrelevant,No in-scope psychedelic/ketamine/entactogen/dissociative compound or intervention term appears in the title/abstract; dataset entity terms present.,False,1,,,
disorder,12401,10.1192/j.eurpsy.2021.2218,Inpatients with severe-enduring anorexia nervosa: Understanding the “enduringness” specifier,2021,True,skipped,exclude_obvious_irrelevant,No in-scope psychedelic/ketamine/entactogen/dissociative compound or intervention term appears in the title/abstract; dataset entity terms present.,False,1,,,
disorder,12439,10.1192/j.eurpsy.2024.25,Efficacy and tolerability of FDA-approved atypical antipsychotics for the treatment of bipolar depression: a systematic review and network meta-analysis,2024,True,skipped,exclude_obvious_irrelevant,No in-scope psychedelic/ketamine/entactogen/dissociative compound or intervention term appears in the title/abstract; dataset entity terms present.,False,1,,,
disorder,12523,10.1196/annals.1441.027,Substance Abuse Vaccines,2008,True,skipped,exclude_obvious_irrelevant,No in-scope psychedelic/ketamine/entactogen/dissociative compound or intervention term appears in the title/abstract; no dataset entity terms found.,False,1,,,
disorder,12549,10.1200/jco.1996.14.7.2000,"Anastrozole, a potent and selective aromatase inhibitor, versus megestrol acetate in postmenopausal women with advanced breast cancer: results of overview analysis of two phase III trials. Arimidex Study Group.",1996,True,no_pdf_url,exclude_obvious_irrelevant,No in-scope psychedelic/ketamine/entactogen/dissociative compound or intervention term appears in the title/abstract; no dataset entity terms found.,False,1,,,
disorder,12568,10.1210/clinem/dgab203,One Year of GH Treatment for Growth Failure in Children With Anorexia Nervosa: A Randomized Placebo-Controlled Trial,2021,True,skipped,exclude_obvious_irrelevant,No in-scope psychedelic/ketamine/entactogen/dissociative compound or intervention term appears in the title/abstract; dataset entity terms present.,False,1,,,
disorder,12578,10.1210/endrev/bnz012,Metabolic Effects of Oxytocin,2019,True,skipped,exclude_obvious_irrelevant,No in-scope psychedelic/ketamine/entactogen/dissociative compound or intervention term appears in the title/abstract; no dataset entity terms found.,False,1,,,
disorder,12590,10.1210/jc.2019-00828,A Randomized Placebo-Controlled Trial of Low-Dose Testosterone Therapy in Women With Anorexia Nervosa,2019,True,skipped,exclude_obvious_irrelevant,No in-scope psychedelic/ketamine/entactogen/dissociative compound or intervention term appears in the title/abstract; dataset entity terms present.,False,1,,,
disorder,12648,10.1212/wnl.0000000000201518,Supportive Self-Management Program for People With Chronic Headaches and Migraine,2022,True,skipped,exclude_obvious_irrelevant,No in-scope psychedelic/ketamine/entactogen/dissociative compound or intervention term appears in the title/abstract; no dataset entity terms found.,False,1,,,
disorder,12651,10.1212/wnl.0000000000209584,"Efficacy of Atogepant in Chronic Migraine With and Without Acute Medication Overuse in the Randomized, Double-Blind, Phase 3 PROGRESS Trial.",2024,True,skipped,exclude_obvious_irrelevant,No in-scope psychedelic/ketamine/entactogen/dissociative compound or intervention term appears in the title/abstract; no dataset entity terms found.,False,1,,,
disorder,12665,10.1253/circj.cj-14-0638,Impact of Cigarette Smoking Cessation on High-Density Lipoprotein Functionality,2014,True,skipped,exclude_obvious_irrelevant,No in-scope psychedelic/ketamine/entactogen/dissociative compound or intervention term appears in the title/abstract; no dataset entity terms found.,False,1,,,
disorder,12670,10.12659/ajcr.899764,A Case Report and Literature Review of Eculizumab Withdrawal in Atypical Hemolytic-Uremic Syndrome,2016,True,skipped,exclude_obvious_irrelevant,No in-scope psychedelic/ketamine/entactogen/dissociative compound or intervention term appears in the title/abstract; no dataset entity terms found.,False,1,,,
disorder,12674,10.12669/pjms.336.13851,A randomized controlled trial of intermittent Cervical Traction in sitting Vs. Supine position for the management of Cervical Radiculopathy,2017,True,skipped,exclude_obvious_irrelevant,No in-scope psychedelic/ketamine/entactogen/dissociative compound or intervention term appears in the title/abstract; no dataset entity terms found.,False,1,,,
disorder,12675,10.12669/pjms.40.10.8984,Anxiety and depression among various blood groups of undergraduate medical and physical therapy students,2024,True,skipped,escalate,in-scope compound/intervention term appears in title or abstract,True,1,,,
disorder,12704,10.12740/pp/105130,Treatment of obsessive-compulsive disorders (OCD) and obsessive-compulsive-related disorders (OCRD),2019,True,skipped,exclude_obvious_irrelevant,No in-scope psychedelic/ketamine/entactogen/dissociative compound or intervention term appears in the title/abstract; dataset entity terms present.,False,1,,,
disorder,12708,10.12740/pp/onlinefirst/202128,Ketamine - mechanisms of action as an antidepressant,2025,True,skipped,escalate,in-scope compound/intervention term appears in title or abstract,True,1,,,
disorder,12723,10.1289/ehp515,Effects of Neonicotinoid Pesticide Exposure on Human Health: A Systematic Review,2016,True,skipped,exclude_obvious_irrelevant,No in-scope psychedelic/ketamine/entactogen/dissociative compound or intervention term appears in the title/abstract; dataset entity terms present.,False,1,,,
disorder,12732,10.12998/wjcc.v12.i28.6195,Effect of intraoperative injection of esketamine on postoperative analgesia and postoperative rehabilitation after cesarean section.,2024,True,skipped,escalate,in-scope compound/intervention term appears in title or abstract,True,1,,,
disorder,12737,10.1302/2058-5241.3.180004,Chronic pain after total knee arthroplasty.,2018,True,skipped,exclude_obvious_irrelevant,No in-scope psychedelic/ketamine/entactogen/dissociative compound or intervention term appears in the title/abstract; dataset entity terms present.,False,1,,,
disorder,12738,10.1302/2058-5241.5.190094,Lesions of the abductors in the hip.,2020,True,skipped,exclude_obvious_irrelevant,No in-scope psychedelic/ketamine/entactogen/dissociative compound or intervention term appears in the title/abstract; no dataset entity terms found.,False,1,,,
disorder,12771,10.1371/journal.pmed.1003262,Psychological and pharmacological interventions for posttraumatic stress disorder and comorbid mental health problems following complex traumatic events: Systematic review and component network meta-analysis,2020,True,skipped,exclude_obvious_irrelevant,No in-scope psychedelic/ketamine/entactogen/dissociative compound or intervention term appears in the title/abstract; dataset entity terms present.,False,1,,,
disorder,12785,10.1371/journal.pntd.0002221,"A Cluster Randomized Study of The Safety of Integrated Treatment of Trachoma and Lymphatic Filariasis in Children and Adults in Sikasso, Mali",2013,True,skipped,exclude_obvious_irrelevant,No in-scope psychedelic/ketamine/entactogen/dissociative compound or intervention term appears in the title/abstract; no dataset entity terms found.,False,1,,,
disorder,12792,10.1371/journal.pntd.0010680,"Adverse drug effects among students following mass de-worming exercise involving administration of Praziquantel and Albendazole in KEEA Municipality, Ghana",2022,True,skipped,exclude_obvious_irrelevant,No in-scope psychedelic/ketamine/entactogen/dissociative compound or intervention term appears in the title/abstract; no dataset entity terms found.,False,1,,,
disorder,12820,10.1371/journal.pone.0048395,The Role of Personal Opinions and Experiences in Compliance with Mass Drug Administration for Lymphatic Filariasis Elimination in Kenya,2012,True,skipped,exclude_obvious_irrelevant,No in-scope psychedelic/ketamine/entactogen/dissociative compound or intervention term appears in the title/abstract; no dataset entity terms found.,False,1,,,
disorder,12842,10.1371/journal.pone.0124554,"Health Providers’ Perceptions of Clinical Trials: Lessons from Ghana, Kenya and Burkina Faso",2015,True,skipped,exclude_obvious_irrelevant,No in-scope psychedelic/ketamine/entactogen/dissociative compound or intervention term appears in the title/abstract; dataset entity terms present.,False,1,,,
disorder,12851,10.1371/journal.pone.0176849,Efficacy of cognitive-behavioral therapy in patients with bipolar disorder: A meta-analysis of randomized controlled trials,2017,True,skipped,exclude_obvious_irrelevant,No in-scope psychedelic/ketamine/entactogen/dissociative compound or intervention term appears in the title/abstract; dataset entity terms present.,False,1,,,
disorder,12853,10.1371/journal.pone.0180355,The pharmacological and non-pharmacological treatment of attention deficit hyperactivity disorder in children and adolescents: A systematic review with network meta-analyses of randomised trials,2017,True,skipped,exclude_obvious_irrelevant,No in-scope psychedelic/ketamine/entactogen/dissociative compound or intervention term appears in the title/abstract; dataset entity terms present.,False,1,,,
disorder,12865,10.1371/journal.pone.0215940,Correction: A Randomized Controlled Study of Neurofeedback for Chronic PTSD,2019,True,skipped,exclude_obvious_irrelevant,No in-scope psychedelic/ketamine/entactogen/dissociative compound or intervention term appears in the title/abstract; dataset entity terms present.,False,1,,,
disorder,12867,10.1371/journal.pone.0219679,"Effects of the antidepressant medication duloxetine on brain metabolites in persistent depressive disorder: A randomized, controlled trial",2019,True,skipped,exclude_obvious_irrelevant,No in-scope psychedelic/ketamine/entactogen/dissociative compound or intervention term appears in the title/abstract; dataset entity terms present.,False,1,,,
disorder,12892,10.1371/journal.pone.0274406,Comparative efficacy and acceptability of non-pharmacological interventions in fibromyalgia: Protocol for a network meta-analysis,2022,True,skipped,exclude_obvious_irrelevant,No in-scope psychedelic/ketamine/entactogen/dissociative compound or intervention term appears in the title/abstract; no dataset entity terms found.,False,1,,,
disorder,12897,10.1371/journal.pone.0280402,Eating disorder treatment in routine clinical care: A descriptive study examining treatment characteristics and short-term treatment outcomes among patients with anorexia nervosa and bulimia nervosa in Germany and Switzerland,2023,True,skipped,exclude_obvious_irrelevant,No in-scope psychedelic/ketamine/entactogen/dissociative compound or intervention term appears in the title/abstract; dataset entity terms present.,False,1,,,
disorder,12942,10.1371/journal.pone.0315844,Correction: Replication of machine learning methods to predict treatment outcome with antidepressant medications in patients with major depressive disorder from STAR*D and CAN-BIND-1,2024,True,skipped,exclude_obvious_irrelevant,No in-scope psychedelic/ketamine/entactogen/dissociative compound or intervention term appears in the title/abstract; dataset entity terms present.,False,1,,,
disorder,12951,10.1371/journal.pone.0324947,An overview of the treatment interventions and assessment of fear-avoidance for chronic musculoskeletal pain in adults: A scoping review protocol,2025,True,skipped,exclude_obvious_irrelevant,No in-scope psychedelic/ketamine/entactogen/dissociative compound or intervention term appears in the title/abstract; no dataset entity terms found.,False,1,,,
disorder,12956,10.1371/journal.pone.0327704,Sex and gender influences on problematic cannabis use and cannabis use disorder: A scoping review protocol,2026,True,skipped,exclude_obvious_irrelevant,No in-scope psychedelic/ketamine/entactogen/dissociative compound or intervention term appears in the title/abstract; dataset entity terms present.,False,1,,,
disorder,12990,10.14740/jocmr4437,COVID-19-Associated Acute Brain Dysfunction Related to Sepsis.,2021,True,skipped,exclude_obvious_irrelevant,No in-scope psychedelic/ketamine/entactogen/dissociative compound or intervention term appears in the title/abstract; no dataset entity terms found.,False,1,,,
disorder,13025,10.1515/biol-2022-0709,Effectiveness of the treatment of depression associated with cancer and neuroimaging changes in depression-related brain regions in patients treated with the mediator-deuterium acupuncture method,2023,True,skipped,exclude_obvious_irrelevant,No in-scope psychedelic/ketamine/entactogen/dissociative compound or intervention term appears in the title/abstract; dataset entity terms present.,False,1,,,
disorder,13031,10.1515/jcim-2025-0212,Assessing the impact of massage and herbal therapies on chronic low back pain: a randomized controlled trial,2025,True,no_pdf_url,exclude_obvious_irrelevant,No in-scope psychedelic/ketamine/entactogen/dissociative compound or intervention term appears in the title/abstract; no dataset entity terms found.,False,1,,,
disorder,13037,10.1515/revneuro-2012-0078,The role of setting for ketamine abuse: clinical and preclinical evidence,2012,True,no_pdf_url,escalate,in-scope compound/intervention term appears in title or abstract,True,1,,,
disorder,13041,10.1517/14656566.2015.1053465,Pharmacological treatment of binge eating disorder: update review and synthesis,2015,True,skipped,exclude_obvious_irrelevant,No in-scope psychedelic/ketamine/entactogen/dissociative compound or intervention term appears in the title/abstract; dataset entity terms present.,False,1,,,
disorder,13042,10.1517/14656566.2016.1114101,Pharmacological treatment of schizophrenia with comorbid substance use disorder,2015,True,no_pdf_url,exclude_obvious_irrelevant,No in-scope psychedelic/ketamine/entactogen/dissociative compound or intervention term appears in the title/abstract; dataset entity terms present.,False,1,,,
disorder,13101,10.15288/jsad.2019.80.431,Patterns of Cocaine Use During Treatment: Associations With Baseline Characteristics and Follow-Up Functioning,2019,True,skipped,exclude_obvious_irrelevant,No in-scope psychedelic/ketamine/entactogen/dissociative compound or intervention term appears in the title/abstract; dataset entity terms present.,False,1,,,
disorder,13132,10.1542/pir.34-1-19,Childhood obsessive-compulsive disorder.,2013,True,skipped,exclude_obvious_irrelevant,No in-scope psychedelic/ketamine/entactogen/dissociative compound or intervention term appears in the title/abstract; dataset entity terms present.,False,1,,,
disorder,13142,10.1556/2006.6.2017.029,"Gambling disorder: Association between duration of illness, clinical, and neurocognitive variables.",2017,True,skipped,exclude_obvious_irrelevant,No in-scope psychedelic/ketamine/entactogen/dissociative compound or intervention term appears in the title/abstract; dataset entity terms present.,False,1,,,
disorder,13244,10.1556/650.2019.31432,Krónikus orofacialis fájdalmak,2019,True,skipped,exclude_obvious_irrelevant,No in-scope psychedelic/ketamine/entactogen/dissociative compound or intervention term appears in the title/abstract; dataset entity terms present.,False,1,,,
disorder,13280,10.1590/1516-4446-2019-0645,The importance of assessing personality traits and disorders in clinical trials of major depressive disorder,2020,True,skipped,exclude_obvious_irrelevant,No in-scope psychedelic/ketamine/entactogen/dissociative compound or intervention term appears in the title/abstract; dataset entity terms present.,False,1,,,
disorder,13300,10.1590/s2179-64912012000400014,Dor em cantores populares,2012,True,skipped,exclude_obvious_irrelevant,No in-scope psychedelic/ketamine/entactogen/dissociative compound or intervention term appears in the title/abstract; no dataset entity terms found.,False,1,,,
disorder,13322,10.17219/acem/144369,The effects of adalimumab on the rat autotransplantation endometriosis model: A placebo-controlled randomized study,2022,True,skipped,exclude_obvious_irrelevant,No in-scope psychedelic/ketamine/entactogen/dissociative compound or intervention term appears in the title/abstract; no dataset entity terms found.,False,1,,,
disorder,13323,10.17219/acem/200647,Chronic pain in the elderly: A constant challenge,2025,True,no_pdf_url,exclude_obvious_irrelevant,No in-scope psychedelic/ketamine/entactogen/dissociative compound or intervention term appears in the title/abstract; dataset entity terms present.,False,1,,,
disorder,13538,10.18332/tid/133054,Measuring fidelity to delivery of a new smoking cessation intervention integrated into routine tuberculosis care in Pakistan and Bangladesh: Contextual differences and opportunities,2021,True,skipped,exclude_obvious_irrelevant,No in-scope psychedelic/ketamine/entactogen/dissociative compound or intervention term appears in the title/abstract; no dataset entity terms found.,False,1,,,
disorder,13602,10.20882/adicciones.1559,Clinical practice guideline on pharmacological  and psychological management of adult patients with depression and a comorbid substance use disorder,2021,True,skipped,exclude_obvious_irrelevant,No in-scope psychedelic/ketamine/entactogen/dissociative compound or intervention term appears in the title/abstract; dataset entity terms present.,False,1,,,
disorder,13632,10.20960/nh.258,Abordaje nutricional de pacientes ingresados con anorexia nerviosa,2016,True,skipped,exclude_obvious_irrelevant,No in-scope psychedelic/ketamine/entactogen/dissociative compound or intervention term appears in the title/abstract; dataset entity terms present.,False,1,,,
disorder,13640,10.21037/atm-20-7698,"Styloidogenic-cervical spondylotic internal jugular venous compression, a vascular disease related to several clinical neurological manifestations: diagnosis and treatment-a comprehensive literature review.",2021,True,skipped,exclude_obvious_irrelevant,No in-scope psychedelic/ketamine/entactogen/dissociative compound or intervention term appears in the title/abstract; no dataset entity terms found.,False,1,,,
disorder,13645,10.21037/mhealth-19-237,Virtually possible: using telehealth to bring reproductive health care to women with opioid use disorder in rural Maine,2020,True,skipped,exclude_obvious_irrelevant,No in-scope psychedelic/ketamine/entactogen/dissociative compound or intervention term appears in the title/abstract; dataset entity terms present.,False,1,,,
disorder,13646,10.21037/mhealth.2019.12.03,Telehealth and indigenous populations around the world: a systematic review on current modalities for physical and mental health,2020,True,skipped,exclude_obvious_irrelevant,No in-scope psychedelic/ketamine/entactogen/dissociative compound or intervention term appears in the title/abstract; dataset entity terms present.,False,1,,,
disorder,13651,10.21037/tgh-20-266,Primary sclerosing cholangitis,2020,True,skipped,exclude_obvious_irrelevant,No in-scope psychedelic/ketamine/entactogen/dissociative compound or intervention term appears in the title/abstract; no dataset entity terms found.,False,1,,,
disorder,13652,10.21037/tp-20-478,The efficacy and safety of antiepileptics in the prophylaxis of pediatric migraine: the meta-analysis of randomized controlled trials.,2021,True,skipped,exclude_obvious_irrelevant,No in-scope psychedelic/ketamine/entactogen/dissociative compound or intervention term appears in the title/abstract; no dataset entity terms found.,False,1,,,
disorder,13656,10.2105/ajph.2021.306503,"Individual and Health Policy Factors Associated With Positive Heroin and Opioid Treatment Response: United States, 2018",2022,True,skipped,exclude_obvious_irrelevant,No in-scope psychedelic/ketamine/entactogen/dissociative compound or intervention term appears in the title/abstract; dataset entity terms present.,False,1,,,
disorder,13657,10.2105/ajph.2021.306601,"Multilevel Intervention for Low-Income Maternal Smokers in the Special Supplemental Nutrition Program for Women, Infants, and Children (WIC)",2022,True,skipped,exclude_obvious_irrelevant,No in-scope psychedelic/ketamine/entactogen/dissociative compound or intervention term appears in the title/abstract; dataset entity terms present.,False,1,,,
disorder,13658,10.2105/ajph.2023.307442,"Referrals to Community and State Agencies to Address Social Determinants of Health for Improving Mental Health, Functioning, and Quality of Care Outcomes for Diverse Adults",2023,True,skipped,exclude_obvious_irrelevant,No in-scope psychedelic/ketamine/entactogen/dissociative compound or intervention term appears in the title/abstract; dataset entity terms present.,False,1,,,
disorder,13659,10.2105/ajph.2024.307845,"Effect of the Communities That HEAL Intervention on Overdose Education and Naloxone Distribution: A Cluster-Randomized, Wait-List Controlled Trial",2024,True,skipped,exclude_obvious_irrelevant,No in-scope psychedelic/ketamine/entactogen/dissociative compound or intervention term appears in the title/abstract; no dataset entity terms found.,False,1,,,
disorder,13660,10.2105/ajph.2025.308038,Enhancing Community Engagement in Research: A Premortem Analysis for Community-Engaged Research,2025,True,skipped,exclude_obvious_irrelevant,No in-scope psychedelic/ketamine/entactogen/dissociative compound or intervention term appears in the title/abstract; no dataset entity terms found.,False,1,,,
disorder,13661,10.2105/ajph.2025.308205,Primary Prevention of Drug Overdoses in Rural Low-Resource and Tribal Communities: A Cluster Randomized Trial,2025,True,skipped,exclude_obvious_irrelevant,No in-scope psychedelic/ketamine/entactogen/dissociative compound or intervention term appears in the title/abstract; no dataset entity terms found.,False,1,,,
disorder,13663,10.2105/ajph.86.12.1760,An adolescent tobacco-use prevention trial in orthodontic offices.,1996,True,skipped,exclude_obvious_irrelevant,No in-scope psychedelic/ketamine/entactogen/dissociative compound or intervention term appears in the title/abstract; no dataset entity terms found.,False,1,,,
disorder,13904,10.2147/copd.s131062,"Effects of a simple prototype respiratory muscle trainer on respiratory muscle strength, quality of life and dyspnea, and oxidative stress in COPD patients: a preliminary study.",2017,True,skipped,exclude_obvious_irrelevant,No in-scope psychedelic/ketamine/entactogen/dissociative compound or intervention term appears in the title/abstract; no dataset entity terms found.,False,1,,,
disorder,13905,10.2147/copd.s181428,"Preliminary study: comparative effects of lung volume therapy between slow and fast deep-breathing techniques on pulmonary function, respiratory muscle strength, oxidative stress, cytokines, 6-minute walking distance, and quality of life in persons with COPD.",2018,True,skipped,exclude_obvious_irrelevant,No in-scope psychedelic/ketamine/entactogen/dissociative compound or intervention term appears in the title/abstract; no dataset entity terms found.,False,1,,,
disorder,13907,10.2147/cpaa.s427333,"Erratum: A Multicenter, Randomized, Double-Blind, Placebo-Controlled Trial Assessing Efficacy and Safety of a Novel Low-Dose Turmeric Extract Formulation in Healthy Adults with Chronic Knee Pain [Corrigendum].",2023,True,skipped,exclude_obvious_irrelevant,No in-scope psychedelic/ketamine/entactogen/dissociative compound or intervention term appears in the title/abstract; no dataset entity terms found.,False,1,,,
disorder,13915,10.2147/ijgm.s402206,"Hematological, Inflammatory, Coagulation, and Oxidative/Antioxidant Biomarkers as Predictors for Severity and Mortality in COVID-19: A Prospective Cohort-Study.",2023,True,skipped,exclude_obvious_irrelevant,No in-scope psychedelic/ketamine/entactogen/dissociative compound or intervention term appears in the title/abstract; dataset entity terms present.,False,1,,,
disorder,13926,10.2147/jpr.s499096,"Erratum: Efficacy and Safety of Rimegepant 75 Mg Oral Tablet, a CGRP Receptor Antagonist, for the Acute Treatment of Migraine: A Randomized, Double-Blind, Placebo-Controlled Trial [Corrigendum].",2024,True,skipped,exclude_obvious_irrelevant,No in-scope psychedelic/ketamine/entactogen/dissociative compound or intervention term appears in the title/abstract; no dataset entity terms found.,False,1,,,
disorder,13953,10.21470/1678-9741-2020-0333,Cocaine-Related Aortic Dissection: what do we know?,2020,True,skipped,exclude_obvious_irrelevant,No in-scope psychedelic/ketamine/entactogen/dissociative compound or intervention term appears in the title/abstract; no dataset entity terms found.,False,1,,,
disorder,13970,10.2169/internalmedicine.37.444,Efficacy of a Low-dose Subcutaneous Lisuride Infusion in Parkinson's Disease.,1998,True,skipped,escalate,in-scope compound/intervention term appears in title or abstract,True,1,,,
disorder,13971,10.2169/internalmedicine.50.4637,Focal Nodular Hyperplasia-Like Nodule with Reduced Expression of Organic Anion Transporter 1B3 in Alcoholic Liver Cirrhosis,2011,True,skipped,exclude_obvious_irrelevant,No in-scope psychedelic/ketamine/entactogen/dissociative compound or intervention term appears in the title/abstract; no dataset entity terms found.,False,1,,,
disorder,13999,10.2174/1570159x21666221229160300,"Pharmacological Treatment of Alcohol use Disorder in Patients with
Psychotic Disorders: A Systematic Review",2022,True,skipped,exclude_obvious_irrelevant,No in-scope psychedelic/ketamine/entactogen/dissociative compound or intervention term appears in the title/abstract; dataset entity terms present.,False,1,,,
disorder,14001,10.2174/1570159x22666240129095852,"Cariprazine Augmentation in Treatment-Resistant Bipolar Depression:
Data from a Retrospective Observational Study",2024,True,skipped,exclude_obvious_irrelevant,No in-scope psychedelic/ketamine/entactogen/dissociative compound or intervention term appears in the title/abstract; dataset entity terms present.,False,1,,,
disorder,14028,10.2196/14381,Figure Correction: Exploring Efficacy of a Serious Game (Tobbstop) for Smoking Cessation During Pregnancy: Randomized Controlled Trial,2019,True,skipped,exclude_obvious_irrelevant,No in-scope psychedelic/ketamine/entactogen/dissociative compound or intervention term appears in the title/abstract; no dataset entity terms found.,False,1,,,
disorder,14034,10.2196/26951,A Mobile Phone–Based Life-Skills Training Program for Substance Use Prevention Among Adolescents: Cluster-Randomized Controlled Trial,2021,True,skipped,exclude_obvious_irrelevant,No in-scope psychedelic/ketamine/entactogen/dissociative compound or intervention term appears in the title/abstract; no dataset entity terms found.,False,1,,,
disorder,14039,10.2196/34863,Effectiveness of Recruitment Strategies of Latino Smokers: Secondary Analysis of a Mobile Health Smoking Cessation Randomized Clinical Trial,2022,True,skipped,exclude_obvious_irrelevant,No in-scope psychedelic/ketamine/entactogen/dissociative compound or intervention term appears in the title/abstract; no dataset entity terms found.,False,1,,,
disorder,14049,10.2196/42956,Supporting Youth Vaping Cessation With the Crush the Crave Smartphone App: Protocol for a Randomized Controlled Trial,2022,True,skipped,exclude_obvious_irrelevant,No in-scope psychedelic/ketamine/entactogen/dissociative compound or intervention term appears in the title/abstract; dataset entity terms present.,False,1,,,
disorder,14060,10.2196/45847,"Correction: Efficacy, Benefits, and Harms of a Self-management App in a Swedish Trauma-Exposed Community Sample (PTSD Coach): Randomized Controlled Trial",2023,True,skipped,exclude_obvious_irrelevant,No in-scope psychedelic/ketamine/entactogen/dissociative compound or intervention term appears in the title/abstract; dataset entity terms present.,False,1,,,
disorder,14064,10.2196/47040,Comparing the Effectiveness of the Blended Delivery Mode With the Face-to-Face Delivery Mode of Smoking Cessation Treatment: Noninferiority Randomized Controlled Trial,2023,True,skipped,exclude_obvious_irrelevant,No in-scope psychedelic/ketamine/entactogen/dissociative compound or intervention term appears in the title/abstract; no dataset entity terms found.,False,1,,,
disorder,14082,10.2196/50963,Effectiveness of the Offer of the Smoke Free Smartphone App Compared With No Intervention for Smoking Cessation: Pragmatic Randomized Controlled Trial,2024,True,skipped,exclude_obvious_irrelevant,No in-scope psychedelic/ketamine/entactogen/dissociative compound or intervention term appears in the title/abstract; no dataset entity terms found.,False,1,,,
disorder,14083,10.2196/51298,Design of a Remote Multiparametric Tool to Assess Mental Well-Being and Distress in Young People (mHealth Methods in Mental Health Research Project): Protocol for an Observational Study,2024,True,skipped,exclude_obvious_irrelevant,No in-scope psychedelic/ketamine/entactogen/dissociative compound or intervention term appears in the title/abstract; dataset entity terms present.,False,1,,,
disorder,14086,10.2196/52609,Acceptability of Digital Mental Health Interventions for Depression and Anxiety: Systematic Review,2024,True,skipped,exclude_obvious_irrelevant,No in-scope psychedelic/ketamine/entactogen/dissociative compound or intervention term appears in the title/abstract; dataset entity terms present.,False,1,,,
disorder,14102,10.2196/55541,Smartphone-Based Intervention Targeting Norms and Risk Perception Among University Students with Unhealthy Alcohol Use: Secondary Mediation Analysis of a Randomized Controlled Trial,2025,True,skipped,exclude_obvious_irrelevant,No in-scope psychedelic/ketamine/entactogen/dissociative compound or intervention term appears in the title/abstract; no dataset entity terms found.,False,1,,,
disorder,14136,10.2196/63515,Evaluation of a Guided Chatbot Intervention for Young People in Jordan: Feasibility Randomized Controlled Trial,2024,True,skipped,exclude_obvious_irrelevant,No in-scope psychedelic/ketamine/entactogen/dissociative compound or intervention term appears in the title/abstract; dataset entity terms present.,False,1,,,
disorder,14139,10.2196/63898,Digital Interventions for Older People Experiencing Homelessness: Systematic Scoping Review,2024,True,skipped,exclude_obvious_irrelevant,No in-scope psychedelic/ketamine/entactogen/dissociative compound or intervention term appears in the title/abstract; no dataset entity terms found.,False,1,,,
disorder,14171,10.2196/71238,The Impact of Mechanisms of Action on Adherence and Outcomes in Self-Guided Digital Mental Health Interventions: Protocol for a Randomized Controlled Trial With Mediation Analysis,2025,True,skipped,escalate,in-scope compound/intervention term appears in title or abstract,True,1,,,
disorder,14174,10.2196/73617,Digital Contingency Management for Substance Use Disorder Treatment: 12-Month Quasi-Experimental Design,2025,True,skipped,exclude_obvious_irrelevant,No in-scope psychedelic/ketamine/entactogen/dissociative compound or intervention term appears in the title/abstract; dataset entity terms present.,False,1,,,
disorder,14192,10.2196/mental.9782,Using Psychological Artificial Intelligence (Tess) to Relieve Symptoms of Depression and Anxiety: Randomized Controlled Trial,2018,True,skipped,exclude_obvious_irrelevant,No in-scope psychedelic/ketamine/entactogen/dissociative compound or intervention term appears in the title/abstract; dataset entity terms present.,False,1,,,
disorder,14216,10.22038/ijbms.2023.74536.16190,Autistic-like behaviors are attenuated by agmatine consumption during pregnancy: Assessment of oxidative stress profile and histopathological changes in the prefrontal cortex and CA1 region of the hippocampus.,2024,True,no_pdf_url,exclude_obvious_irrelevant,No in-scope psychedelic/ketamine/entactogen/dissociative compound or intervention term appears in the title/abstract; no dataset entity terms found.,False,1,,,
disorder,14217,10.22038/ijbms.2026.90321.19468,"Fluoxetine attenuates UPR-activation, neuroinflammation, and oxidative stress in a nitroglycerin-induced rat model of migraine.",2026,True,skipped,exclude_obvious_irrelevant,No in-scope psychedelic/ketamine/entactogen/dissociative compound or intervention term appears in the title/abstract; no dataset entity terms found.,False,1,,,
disorder,14284,10.2337/dc09-0934,Pancreatic islet autoantibodies as predictors of type 1 diabetes in the Diabetes Prevention Trial-Type 1.,2009,True,skipped,escalate,in-scope compound/intervention term appears in title or abstract,True,1,,,
disorder,14286,10.2337/dc11-0523,Long-term outcome of individuals treated with oral insulin: diabetes prevention trial-type 1 (DPT-1) oral insulin trial.,2011,True,skipped,escalate,in-scope compound/intervention term appears in title or abstract,True,1,,,
disorder,14297,10.23736/s0375-9393.24.17703-6,The effects of prophylactic use of esketamine on postoperative depression and quality of life: a meta-analysis,2024,True,no_pdf_url,escalate,in-scope compound/intervention term appears in title or abstract,True,1,,,
disorder,14315,10.23938/assn.1074,[Effectiveness of interventions to help mitigate the influence of social networks on anorexia and bulimia nervosa: a systematic review].,2024,True,skipped,exclude_obvious_irrelevant,No in-scope psychedelic/ketamine/entactogen/dissociative compound or intervention term appears in the title/abstract; dataset entity terms present.,False,1,,,
disorder,14341,10.24869/psyd.2018.273,CHALLENGES OF TREATMENT-RESISTANT DEPRESSION,2018,True,no_pdf_url,exclude_obvious_irrelevant,No in-scope psychedelic/ketamine/entactogen/dissociative compound or intervention term appears in the title/abstract; dataset entity terms present.,False,1,,,
disorder,14342,10.24869/psyd.2022.236,THE EFFICACY AND SAFETY OF TRANSCRANIAL MAGNETIC STIMULATION IN TREATMENT-RESISTANT BIPOLAR DEPRESSION,2022,True,skipped,exclude_obvious_irrelevant,No in-scope psychedelic/ketamine/entactogen/dissociative compound or intervention term appears in the title/abstract; dataset entity terms present.,False,1,,,
disorder,14355,10.25122/jml-2025-0172,"A proprietary herbal extract of ashwagandha root for stress and anxiety in healthy adults: a randomized, double-blind, three-arm, placebo-controlled efficacy and safety study.",2026,True,no_pdf_url,exclude_obvious_irrelevant,No in-scope psychedelic/ketamine/entactogen/dissociative compound or intervention term appears in the title/abstract; dataset entity terms present.,False,1,,,
disorder,14363,10.2519/jospt.2016.6265,"Prevalence of Symptoms of Depression, Anxiety, and Posttraumatic Stress Disorder in Workers With Upper Extremity Complaints",2016,True,skipped,exclude_obvious_irrelevant,No in-scope psychedelic/ketamine/entactogen/dissociative compound or intervention term appears in the title/abstract; dataset entity terms present.,False,1,,,
disorder,14364,10.2519/jospt.2016.6379,A Randomized Controlled Trial Comparing the McKenzie Method to Motor Control Exercises in People With Chronic Low Back Pain and a Directional Preference,2016,True,skipped,exclude_obvious_irrelevant,No in-scope psychedelic/ketamine/entactogen/dissociative compound or intervention term appears in the title/abstract; no dataset entity terms found.,False,1,,,
disorder,14365,10.2519/jospt.2019.8816,Cervical Muscular Endurance Performance in Women With and Without Migraine,2019,True,no_pdf_url,exclude_obvious_irrelevant,No in-scope psychedelic/ketamine/entactogen/dissociative compound or intervention term appears in the title/abstract; no dataset entity terms found.,False,1,,,
disorder,14366,10.2519/jospt.2022.10731,Reducing Low-Value Imaging for Low Back Pain: Systematic Review With Meta-analysis,2022,True,no_pdf_url,exclude_obvious_irrelevant,No in-scope psychedelic/ketamine/entactogen/dissociative compound or intervention term appears in the title/abstract; no dataset entity terms found.,False,1,,,
disorder,14367,10.2519/jospt.2022.10813,Do Physical Therapy and Yoga Improve Pain and Disability through Psychological Mechanisms? A Causal Mediation Analysis of Adults with Chronic Low Back Pain,2022,True,skipped,exclude_obvious_irrelevant,No in-scope psychedelic/ketamine/entactogen/dissociative compound or intervention term appears in the title/abstract; dataset entity terms present.,False,1,,,
disorder,14369,10.2519/jospt.2025.12794,Individual Education for Patients With Chronic Low Back Pain: Likely a Clinically Relevant Effect for Long-term Disability Compared to Noneducational Interventions. A Systematic Review With Meta-Analysis,2025,True,skipped,exclude_obvious_irrelevant,No in-scope psychedelic/ketamine/entactogen/dissociative compound or intervention term appears in the title/abstract; no dataset entity terms found.,False,1,,,
disorder,14370,10.2519/jospt.2025.13253,"Effectiveness of Painful Versus Nonpainful Exercise on Pain Intensity, Disability, and Other Patient-Reported Outcomes in Adults With Chronic Musculoskeletal Pain: An Updated Systematic Review With Meta-Analysis",2025,True,no_pdf_url,exclude_obvious_irrelevant,No in-scope psychedelic/ketamine/entactogen/dissociative compound or intervention term appears in the title/abstract; no dataset entity terms found.,False,1,,,
disorder,14376,10.2522/ptj.20130597,"Chronic Stress, Cortisol Dysfunction, and Pain: A Psychoneuroendocrine Rationale for Stress Management in Pain Rehabilitation",2014,True,skipped,exclude_obvious_irrelevant,No in-scope psychedelic/ketamine/entactogen/dissociative compound or intervention term appears in the title/abstract; no dataset entity terms found.,False,1,,,
disorder,14377,10.2522/ptj.20140555,Movement System Impairment–Based Classification Versus General Exercise for Chronic Low Back Pain: Protocol of a Randomized Controlled Trial,2015,True,skipped,exclude_obvious_irrelevant,No in-scope psychedelic/ketamine/entactogen/dissociative compound or intervention term appears in the title/abstract; no dataset entity terms found.,False,1,,,
disorder,14378,10.2522/ptj.20150501,Effectiveness of Global Postural Re-education in Patients With Chronic Nonspecific Neck Pain: Randomized Controlled Trial,2016,True,skipped,exclude_obvious_irrelevant,No in-scope psychedelic/ketamine/entactogen/dissociative compound or intervention term appears in the title/abstract; no dataset entity terms found.,False,1,,,
disorder,14505,10.31083/ap40031,Effectiveness of Eye Movement Desensitization and Reprocessing (EMDR) in Treating Borderline Personality Disorder: A Randomized Controlled Trial,2025,True,skipped,exclude_obvious_irrelevant,No in-scope psychedelic/ketamine/entactogen/dissociative compound or intervention term appears in the title/abstract; no dataset entity terms found.,False,1,,,
disorder,14683,10.3171/case24520,Self-inflicted bilateral penetrating brain injury with a nail gun in an African American male: illustrative case.,2025,True,skipped,exclude_obvious_irrelevant,No in-scope psychedelic/ketamine/entactogen/dissociative compound or intervention term appears in the title/abstract; dataset entity terms present.,False,1,,,
disorder,14692,10.31887/dcns.2014.16.2/hkapfhammer,Patient-reported outcomes in post-traumatic stress disorder. Part II: focus on pharmacological treatment.,2014,True,skipped,exclude_obvious_irrelevant,No in-scope psychedelic/ketamine/entactogen/dissociative compound or intervention term appears in the title/abstract; dataset entity terms present.,False,1,,,
disorder,14693,10.31887/dcns.2014.16.2/sheke,Patient-reported outcomes in post-traumatic stress disorder. Part I: focus on psychological treatment.,2014,True,skipped,exclude_obvious_irrelevant,No in-scope psychedelic/ketamine/entactogen/dissociative compound or intervention term appears in the title/abstract; dataset entity terms present.,False,1,,,
disorder,14694,10.31887/dcns.2014.16.4/aleuchter,Intermediate phenotypes and biomarkers of treatment outcome in major depressive disorder.,2014,True,skipped,exclude_obvious_irrelevant,No in-scope psychedelic/ketamine/entactogen/dissociative compound or intervention term appears in the title/abstract; dataset entity terms present.,False,1,,,
disorder,14695,10.31887/dcns.2019.21.3/gdom,Cognition and addiction .,2019,True,skipped,exclude_obvious_irrelevant,No in-scope psychedelic/ketamine/entactogen/dissociative compound or intervention term appears in the title/abstract; no dataset entity terms found.,False,1,,,
disorder,14721,10.3238/arztebl.2017.0455,Methamphetamine-Related Disorders,2017,True,skipped,exclude_obvious_irrelevant,No in-scope psychedelic/ketamine/entactogen/dissociative compound or intervention term appears in the title/abstract; dataset entity terms present.,False,1,,,
disorder,14766,10.32598/bcn.2022.895.2,The Antinociceptive Effects of Combined Treatment With Atorvastatin and Vitamin C in the Chronic Constriction Injury Model of Rats.,2023,True,skipped,exclude_obvious_irrelevant,No in-scope psychedelic/ketamine/entactogen/dissociative compound or intervention term appears in the title/abstract; dataset entity terms present.,False,1,,,
disorder,14816,10.3310/aywa5297,Preventive drug treatments for adults with chronic migraine: a systematic review with economic modelling,2024,True,skipped,exclude_obvious_irrelevant,No in-scope psychedelic/ketamine/entactogen/dissociative compound or intervention term appears in the title/abstract; no dataset entity terms found.,False,1,,,
disorder,14817,10.3310/ctdh4677,Effect of contributing factors on the incidence of non-communicable diseases among adults with common mental health disorders: a systematic review,2024,True,skipped,exclude_obvious_irrelevant,No in-scope psychedelic/ketamine/entactogen/dissociative compound or intervention term appears in the title/abstract; dataset entity terms present.,False,1,,,
disorder,14818,10.3310/ctgf3870,Health and wellbeing of survivors of sexual violence and abuse attending sexual assault referral centres in England: the MESARCH mixed-methods evaluation,2024,True,skipped,exclude_obvious_irrelevant,No in-scope psychedelic/ketamine/entactogen/dissociative compound or intervention term appears in the title/abstract; dataset entity terms present.,False,1,,,
disorder,14819,10.3310/dqkl6124,Adjunctive Medication Management and Contingency Management to enhance adherence to acamprosate for alcohol dependence: the ADAM trial RCT,2023,True,skipped,exclude_obvious_irrelevant,No in-scope psychedelic/ketamine/entactogen/dissociative compound or intervention term appears in the title/abstract; dataset entity terms present.,False,1,,,
disorder,14821,10.3310/hbfc1953,Pramipexole in addition to mood stabilisers for treatment-resistant bipolar depression: the PAX-BD randomised double-blind placebo-controlled trial,2025,True,skipped,exclude_obvious_irrelevant,No in-scope psychedelic/ketamine/entactogen/dissociative compound or intervention term appears in the title/abstract; dataset entity terms present.,False,1,,,
disorder,14822,10.3310/hta20430,A systematic review of the clinical effectiveness and cost-effectiveness of pharmacological and psychological interventions for the management of obsessive–compulsive disorder in children/adolescents and adults,2016,True,skipped,exclude_obvious_irrelevant,No in-scope psychedelic/ketamine/entactogen/dissociative compound or intervention term appears in the title/abstract; dataset entity terms present.,False,1,,,
disorder,14823,10.3310/hta23030,Extended-release naltrexone versus standard oral naltrexone versus placebo for opioid use disorder: the NEAT three-arm RCT,2019,True,skipped,exclude_obvious_irrelevant,No in-scope psychedelic/ketamine/entactogen/dissociative compound or intervention term appears in the title/abstract; dataset entity terms present.,False,1,,,
disorder,14824,10.3310/hta24430,Interventions for adults with a history of complex traumatic events: the INCiTE mixed-methods systematic review,2020,True,skipped,exclude_obvious_irrelevant,No in-scope psychedelic/ketamine/entactogen/dissociative compound or intervention term appears in the title/abstract; dataset entity terms present.,False,1,,,
disorder,14886,10.3389/fcimb.2025.1627406,Efficacy of gut microbiota-targeted therapies in Parkinson’s disease: a systematic review and meta-analysis of randomized controlled trials,2025,True,skipped,exclude_obvious_irrelevant,No in-scope psychedelic/ketamine/entactogen/dissociative compound or intervention term appears in the title/abstract; dataset entity terms present.,False,1,,,
disorder,14887,10.3389/fcimb.2026.1739777,Effects of Xipayi Gingival Solution combined with minocycline hydrochloride on inflammatory cytokines and masticatory function in patients with chronic periodontitis,2026,True,skipped,exclude_obvious_irrelevant,No in-scope psychedelic/ketamine/entactogen/dissociative compound or intervention term appears in the title/abstract; no dataset entity terms found.,False,1,,,
disorder,14909,10.3389/fendo.2024.1340465,"Adults with excess weight or obesity, but not with overweight, report greater pain intensities than individuals with normal weight: a systematic review and meta-analysis",2024,True,skipped,exclude_obvious_irrelevant,No in-scope psychedelic/ketamine/entactogen/dissociative compound or intervention term appears in the title/abstract; dataset entity terms present.,False,1,,,
disorder,14934,10.3389/fimmu.2025.1583235,TSLP pretreatment inhibits M1 macrophage polarization and attenuates LPS-induced iNKT cell-dependent acute lung injury,2025,True,skipped,exclude_obvious_irrelevant,No in-scope psychedelic/ketamine/entactogen/dissociative compound or intervention term appears in the title/abstract; no dataset entity terms found.,False,1,,,
disorder,14935,10.3389/fimmu.2025.1597259,"Management of immune-related myocarditis, myositis and myasthenia gravis (MMM) overlap syndrome: a single institution case series and literature review",2025,True,skipped,exclude_obvious_irrelevant,No in-scope psychedelic/ketamine/entactogen/dissociative compound or intervention term appears in the title/abstract; no dataset entity terms found.,False,1,,,
disorder,14948,10.3389/fmed.2024.1452465,Effectiveness of osteopathic craniosacral techniques: a meta-analysis,2024,True,skipped,exclude_obvious_irrelevant,No in-scope psychedelic/ketamine/entactogen/dissociative compound or intervention term appears in the title/abstract; no dataset entity terms found.,False,1,,,
disorder,14952,10.3389/fmed.2025.1637040,A phase 2b basket trial approach to treat multiple rare and fibrotic skin diseases,2025,True,skipped,escalate,in-scope compound/intervention term appears in title or abstract,True,1,,,
disorder,14959,10.3389/fmed.2025.1710291,"Bibliometric analysis of trends, innovations, and the future of CBT-based mobile interventions for depression",2025,True,skipped,exclude_obvious_irrelevant,No in-scope psychedelic/ketamine/entactogen/dissociative compound or intervention term appears in the title/abstract; dataset entity terms present.,False,1,,,
disorder,14965,10.3389/fmicb.2025.1535451,Dachaihu decoction ameliorates abnormal behavior by regulating gut microbiota in rats with propionic acid-induced autism,2025,True,skipped,exclude_obvious_irrelevant,No in-scope psychedelic/ketamine/entactogen/dissociative compound or intervention term appears in the title/abstract; dataset entity terms present.,False,1,,,
disorder,15057,10.3389/fnins.2023.1269609,Effect of neonatal melatonin administration on behavioral and brain electrophysiological and redox imbalance in rats,2023,True,skipped,exclude_obvious_irrelevant,No in-scope psychedelic/ketamine/entactogen/dissociative compound or intervention term appears in the title/abstract; dataset entity terms present.,False,1,,,
disorder,15072,10.3389/fnmol.2023.1174810,Corrigendum: Circulating exosomal microRNA profiles in migraine patients receiving acupuncture treatment: a placebo-controlled clinical trial,2023,True,skipped,exclude_obvious_irrelevant,No in-scope psychedelic/ketamine/entactogen/dissociative compound or intervention term appears in the title/abstract; no dataset entity terms found.,False,1,,,
disorder,15102,10.3389/fpain.2023.1327997,Corrigendum: Machine learning clinical decision support for interdisciplinary multimodal chronic musculoskeletal pain treatment,2023,True,skipped,exclude_obvious_irrelevant,No in-scope psychedelic/ketamine/entactogen/dissociative compound or intervention term appears in the title/abstract; no dataset entity terms found.,False,1,,,
disorder,15133,10.3389/fphar.2020.561817,Behavioral and Biochemical Effects of KXS on Postmyocardial Infarction Depression,2020,True,skipped,exclude_obvious_irrelevant,No in-scope psychedelic/ketamine/entactogen/dissociative compound or intervention term appears in the title/abstract; dataset entity terms present.,False,1,,,
disorder,15155,10.3389/fphar.2022.969500,Insula deep rTMS and varenicline for smoking cessation: A randomized control trial study protocol,2022,True,skipped,exclude_obvious_irrelevant,No in-scope psychedelic/ketamine/entactogen/dissociative compound or intervention term appears in the title/abstract; dataset entity terms present.,False,1,,,
disorder,15166,10.3389/fphar.2023.968106,Efficacy and safety of praziquantel preventive chemotherapy in Schistosoma mansoni infected school children in Southern Ethiopia: A prospective cohort study,2023,True,skipped,exclude_obvious_irrelevant,No in-scope psychedelic/ketamine/entactogen/dissociative compound or intervention term appears in the title/abstract; no dataset entity terms found.,False,1,,,
disorder,15167,10.3389/fphar.2024.1247646,Esketamine combined with sufentanil versus sufentanil in patient-controlled intravenous analgesia: a meta-analysis,2024,True,skipped,escalate,in-scope compound/intervention term appears in title or abstract,True,1,,,
disorder,15181,10.3389/fphar.2025.1599684,Effects of intravenous propofol combined with opioids on euphoria in patients undergoing painless gastrointestinal endoscopy: protocol for a randomized double-blind placebo-controlled trial,2025,True,skipped,escalate,in-scope compound/intervention term appears in title or abstract,True,1,,,
disorder,15204,10.3389/fpsyg.2018.00534,The Efficacy of Eye Movement Desensitization and Reprocessing in Children and Adults Who Have Experienced Complex Childhood Trauma: A Systematic Review of Randomized Controlled Trials,2018,True,skipped,exclude_obvious_irrelevant,No in-scope psychedelic/ketamine/entactogen/dissociative compound or intervention term appears in the title/abstract; dataset entity terms present.,False,1,,,
disorder,15212,10.3389/fpsyg.2019.01617,Men Scare Me More: Gender Differences in Social Fear Conditioning in Virtual Reality,2019,True,skipped,escalate,in-scope compound/intervention term appears in title or abstract,True,1,,,
disorder,15214,10.3389/fpsyg.2019.01806,Effects of Dance Movement Therapy and Dance on Health-Related Psychological Outcomes. A Meta-Analysis Update,2019,True,skipped,exclude_obvious_irrelevant,No in-scope psychedelic/ketamine/entactogen/dissociative compound or intervention term appears in the title/abstract; dataset entity terms present.,False,1,,,
disorder,15235,10.3389/fpsyg.2022.937564,Examining the efficacy of dance movement and music mixed treatment on social communication impairment in children with autism — Based on family parent-child situation,2022,True,skipped,exclude_obvious_irrelevant,No in-scope psychedelic/ketamine/entactogen/dissociative compound or intervention term appears in the title/abstract; dataset entity terms present.,False,1,,,
disorder,15249,10.3389/fpsyg.2023.1176564,Substance abuse and susceptibility to false memory formation: a systematic review and meta-analysis,2023,True,skipped,escalate,in-scope compound/intervention term appears in title or abstract,True,1,,,
disorder,15296,10.3389/fpsyt.2019.00311,"Addiction, Anhedonia, and Comorbid Mood Disorder. A Narrative Review",2019,True,skipped,exclude_obvious_irrelevant,No in-scope psychedelic/ketamine/entactogen/dissociative compound or intervention term appears in the title/abstract; dataset entity terms present.,False,1,,,
disorder,15299,10.3389/fpsyt.2019.00880,Cognition and Related Neural Findings on Methamphetamine Use Disorder: Insights and Treatment Implications From Schizophrenia Research,2019,True,skipped,exclude_obvious_irrelevant,No in-scope psychedelic/ketamine/entactogen/dissociative compound or intervention term appears in the title/abstract; dataset entity terms present.,False,1,,,
disorder,15306,10.3389/fpsyt.2020.00671,Emotion Regulation as a Time-Invariant and Time-Varying Covariate Predicts Outcome in an Internet-Based Psychodynamic Treatment Targeting Adolescent Depression,2020,True,skipped,exclude_obvious_irrelevant,No in-scope psychedelic/ketamine/entactogen/dissociative compound or intervention term appears in the title/abstract; dataset entity terms present.,False,1,,,
disorder,15307,10.3389/fpsyt.2020.00717,"Antidepressants in Children and Adolescents: Meta-Review of Efficacy, Tolerability and Suicidality in Acute Treatment",2020,True,skipped,exclude_obvious_irrelevant,No in-scope psychedelic/ketamine/entactogen/dissociative compound or intervention term appears in the title/abstract; dataset entity terms present.,False,1,,,
disorder,15317,10.3389/fpsyt.2021.650706,Early Adverse Stress and Depressive and Bipolar Disorders: A Systematic Review and Meta-Analysis of Treatment Interventions,2021,True,skipped,exclude_obvious_irrelevant,No in-scope psychedelic/ketamine/entactogen/dissociative compound or intervention term appears in the title/abstract; no dataset entity terms found.,False,1,,,
disorder,15319,10.3389/fpsyt.2021.659835,"Decentering, Acceptance, and Non-Attachment: Challenging the Question “Is It Me?”",2021,True,skipped,escalate,in-scope compound/intervention term appears in title or abstract,True,1,,,
disorder,15348,10.3389/fpsyt.2022.804055,Evidence for Schizophrenia-Specific Pathophysiology of Nicotine Dependence,2022,True,skipped,exclude_obvious_irrelevant,No in-scope psychedelic/ketamine/entactogen/dissociative compound or intervention term appears in the title/abstract; dataset entity terms present.,False,1,,,
disorder,15352,10.3389/fpsyt.2022.833259,Ketamine as a prophylactic resilience-enhancing agent,2022,True,skipped,escalate,in-scope compound/intervention term appears in title or abstract,True,1,,,
disorder,15354,10.3389/fpsyt.2022.876445,From Perceived Stress to Demoralization in Parkinson Disease: A Path Analysis,2022,True,skipped,exclude_obvious_irrelevant,No in-scope psychedelic/ketamine/entactogen/dissociative compound or intervention term appears in the title/abstract; dataset entity terms present.,False,1,,,
disorder,15374,10.3389/fpsyt.2023.1146451,Corrigendum: Reducing craving and lapse risk in alcohol and stimulants dependence using mobile app involving ecological momentary assessment and self-guided psychological interventions: Protocol for a randomized controlled trial,2023,True,skipped,exclude_obvious_irrelevant,No in-scope psychedelic/ketamine/entactogen/dissociative compound or intervention term appears in the title/abstract; no dataset entity terms found.,False,1,,,
disorder,15383,10.3389/fpsyt.2023.1182124,Erratum: Distinct patterns of cognitive outcome in young children with autism spectrum disorder receiving the Early Start Denver Model,2023,True,skipped,exclude_obvious_irrelevant,No in-scope psychedelic/ketamine/entactogen/dissociative compound or intervention term appears in the title/abstract; dataset entity terms present.,False,1,,,
disorder,15388,10.3389/fpsyt.2023.1223147,Altered brain network organization in adults with Asperger's syndrome: decreased connectome transitivity and assortativity with increased global efficiency,2023,True,skipped,exclude_obvious_irrelevant,No in-scope psychedelic/ketamine/entactogen/dissociative compound or intervention term appears in the title/abstract; dataset entity terms present.,False,1,,,
disorder,15406,10.3389/fpsyt.2023.1336569,Addressing mental health need after COVID-19: a systematic review of remote EMDR therapy studies as an emerging option,2024,True,skipped,exclude_obvious_irrelevant,No in-scope psychedelic/ketamine/entactogen/dissociative compound or intervention term appears in the title/abstract; dataset entity terms present.,False,1,,,
disorder,15465,10.3389/fpsyt.2025.1548762,Corrigendum: Augmenting self-guided virtual-reality exposure therapy for social anxiety with biofeedback: a randomised controlled trial,2025,True,skipped,exclude_obvious_irrelevant,No in-scope psychedelic/ketamine/entactogen/dissociative compound or intervention term appears in the title/abstract; no dataset entity terms found.,False,1,,,
disorder,15472,10.3389/fpsyt.2025.1573263,Interoception in individuals with autism spectrum disorder: a systematic literature review and meta-analysis,2025,True,skipped,exclude_obvious_irrelevant,No in-scope psychedelic/ketamine/entactogen/dissociative compound or intervention term appears in the title/abstract; dataset entity terms present.,False,1,,,
disorder,15474,10.3389/fpsyt.2025.1576099,Corrigendum: Computer based body exposure in adolescents with anorexia nervosa: a study protocol,2025,True,skipped,exclude_obvious_irrelevant,No in-scope psychedelic/ketamine/entactogen/dissociative compound or intervention term appears in the title/abstract; dataset entity terms present.,False,1,,,
disorder,15502,10.3389/fpsyt.2026.1802394,Dance/movement therapy in psychotic disorders and eating disorders: a systematic review,2026,True,skipped,exclude_obvious_irrelevant,No in-scope psychedelic/ketamine/entactogen/dissociative compound or intervention term appears in the title/abstract; dataset entity terms present.,False,1,,,
disorder,15503,10.3389/fpsyt.2026.1809029,Correction: Interventions to reduce relapse risk and drug craving in patients with substance use disorders in forensic psychiatric care: a systematic review of controlled trials,2026,True,skipped,exclude_obvious_irrelevant,No in-scope psychedelic/ketamine/entactogen/dissociative compound or intervention term appears in the title/abstract; no dataset entity terms found.,False,1,,,
disorder,15547,10.3390/ani14030405,Vitamin B12 Ameliorates Pesticide-Induced Sociability Impairment in Zebrafish (Danio rerio): A Prospective Controlled Intervention Study,2024,True,skipped,exclude_obvious_irrelevant,No in-scope psychedelic/ketamine/entactogen/dissociative compound or intervention term appears in the title/abstract; dataset entity terms present.,False,1,,,
disorder,15549,10.3390/ani16060900,"Randomized and Blind Evaluation of the Efficacy of a Full-Spectrum Oral Cannabis sativa Oil Extract, Standardized Based on CBD-A, CBD and THC-A, THC in Canines with Chronic Osteoarthritis",2026,True,skipped,exclude_obvious_irrelevant,No in-scope psychedelic/ketamine/entactogen/dissociative compound or intervention term appears in the title/abstract; no dataset entity terms found.,False,1,,,
disorder,15560,10.3390/bioengineering10020260,"Whole-Body Vibration Training on Oxidative Stress Markers, Irisin Levels, and Body Composition in Women with Fibromyalgia: A Randomized Controlled Trial",2023,True,skipped,exclude_obvious_irrelevant,No in-scope psychedelic/ketamine/entactogen/dissociative compound or intervention term appears in the title/abstract; no dataset entity terms found.,False,1,,,
disorder,15580,10.3390/biomedicines11061621,Cannabis for the Treatment of Fibromyalgia: A Systematic Review,2023,True,skipped,exclude_obvious_irrelevant,No in-scope psychedelic/ketamine/entactogen/dissociative compound or intervention term appears in the title/abstract; dataset entity terms present.,False,1,,,
disorder,15596,10.3390/biomedicines13102338,Theoretical Applicability of Different Occluder Systems for Entry Closure in Type B Aortic Dissection: An Image-Morphological Study,2025,True,skipped,escalate,in-scope compound/intervention term appears in title or abstract,True,1,,,
disorder,15629,10.3390/brainsci13121698,Motivations for Cannabis Use in Individuals with Social Anxiety Disorder (SAD),2023,True,skipped,exclude_obvious_irrelevant,No in-scope psychedelic/ketamine/entactogen/dissociative compound or intervention term appears in the title/abstract; dataset entity terms present.,False,1,,,
disorder,15633,10.3390/brainsci14030246,Expectancies of the Effects of Cannabis Use in Individuals with Social Anxiety Disorder (SAD),2024,True,skipped,exclude_obvious_irrelevant,No in-scope psychedelic/ketamine/entactogen/dissociative compound or intervention term appears in the title/abstract; dataset entity terms present.,False,1,,,
disorder,15664,10.3390/bs8070061,Effects of Dance Movement Therapy on Adult Patients with Autism Spectrum Disorder: A Randomized Controlled Trial,2018,True,skipped,exclude_obvious_irrelevant,No in-scope psychedelic/ketamine/entactogen/dissociative compound or intervention term appears in the title/abstract; dataset entity terms present.,False,1,,,
disorder,15765,10.3390/ijerph17072227,Psychological and Sleep Effects of Tryptophan and Magnesium-Enriched Mediterranean Diet in Women with Fibromyalgia,2020,True,skipped,exclude_obvious_irrelevant,No in-scope psychedelic/ketamine/entactogen/dissociative compound or intervention term appears in the title/abstract; dataset entity terms present.,False,1,,,
disorder,15766,10.3390/ijerph17124611,"Effects of Manual Therapy on Fatigue, Pain, and Psychological Aspects in Women with Fibromyalgia",2020,True,skipped,exclude_obvious_irrelevant,No in-scope psychedelic/ketamine/entactogen/dissociative compound or intervention term appears in the title/abstract; no dataset entity terms found.,False,1,,,
disorder,15768,10.3390/ijerph18115594,Sleep Duration Is Closely Associated with Suicidal Ideation and Suicide Attempt in Korean Adults: A Nationwide Cross-Sectional Study,2021,True,skipped,escalate,in-scope compound/intervention term appears in title or abstract,True,1,,,
disorder,15775,10.3390/ijerph19063703,"Frontal Lobe Functions, Demoralization, Depression and Craving as Prognostic Factors and Positive Outcomes of Patients with Heroin Use Disorder Receiving 6 Months of Methadone Maintenance Treatment",2022,True,skipped,exclude_obvious_irrelevant,No in-scope psychedelic/ketamine/entactogen/dissociative compound or intervention term appears in the title/abstract; dataset entity terms present.,False,1,,,
disorder,15784,10.3390/ijerph192416836,Eye Movement Desensitization and Reprocessing versus Cognitive Behavior Therapy for Treating Post-Traumatic Stress Disorder: A Systematic Review and Meta-Analysis,2022,True,skipped,exclude_obvious_irrelevant,No in-scope psychedelic/ketamine/entactogen/dissociative compound or intervention term appears in the title/abstract; dataset entity terms present.,False,1,,,
disorder,15785,10.3390/ijerph192416938,Attentional Bias Is Associated with Negative Emotions in Problematic Users of Social Media as Measured by a Dot-Probe Task,2022,True,skipped,escalate,in-scope compound/intervention term appears in title or abstract,True,1,,,
disorder,15798,10.3390/ijerph21050578,Contingency Management for Dually Diagnosed Inpatients with Psychosis,2024,True,skipped,exclude_obvious_irrelevant,No in-scope psychedelic/ketamine/entactogen/dissociative compound or intervention term appears in the title/abstract; no dataset entity terms found.,False,1,,,
disorder,15810,10.3390/ijms17081279,Epigenetic Modifications of Major Depressive Disorder,2016,True,skipped,exclude_obvious_irrelevant,No in-scope psychedelic/ketamine/entactogen/dissociative compound or intervention term appears in the title/abstract; dataset entity terms present.,False,1,,,
disorder,15874,10.3390/ijms25105319,DReAmocracy: A Method to Capitalise on Prior Drug Discovery Efforts to Highlight Candidate Drugs for Repurposing,2024,True,skipped,escalate,in-scope compound/intervention term appears in title or abstract,True,1,,,
disorder,15900,10.3390/ijms27031476,Therapeutic Effects of Vitamins in Endometriosis Patients: A Systematic Review of Randomized Controlled Trials,2026,True,skipped,exclude_obvious_irrelevant,No in-scope psychedelic/ketamine/entactogen/dissociative compound or intervention term appears in the title/abstract; no dataset entity terms found.,False,1,,,
disorder,15910,10.3390/jcm10215109,The Impact of Neurocognitive Functioning on the Course of Posttraumatic Stress Symptoms following Civilian Traumatic Brain Injury,2021,True,skipped,exclude_obvious_irrelevant,No in-scope psychedelic/ketamine/entactogen/dissociative compound or intervention term appears in the title/abstract; dataset entity terms present.,False,1,,,
disorder,15915,10.3390/jcm11144129,Effect of Intravenous Ketamine on Hypocranial Pressure Symptoms in Patients with Spinal Anesthetic Cesarean Sections: A Systematic Review and Meta-Analysis,2022,True,skipped,escalate,in-scope compound/intervention term appears in title or abstract,True,1,,,
disorder,15935,10.3390/jcm12227153,Impact of Robotic-Assisted Gait Therapy on Depression and Anxiety Symptoms in Patients with Subacute Spinal Cord Injuries (SCIs)—A Prospective Clinical Study,2023,True,skipped,escalate,in-scope compound/intervention term appears in title or abstract,True,1,,,
disorder,16001,10.3390/jpm14111078,Innovations in Pain Management for Abdominoplasty Patients: A Systematic Review,2024,True,skipped,escalate,in-scope compound/intervention term appears in title or abstract,True,1,,,
disorder,16012,10.3390/life14020173,Neuromodulation Techniques for Headache Management,2024,True,skipped,exclude_obvious_irrelevant,No in-scope psychedelic/ketamine/entactogen/dissociative compound or intervention term appears in the title/abstract; dataset entity terms present.,False,1,,,
disorder,16025,10.3390/medicina56060267,Oxytocin Differentiated Effects According to the Administration Route in a Prenatal Valproic Acid-Induced Rat Model of Autism,2020,True,skipped,exclude_obvious_irrelevant,No in-scope psychedelic/ketamine/entactogen/dissociative compound or intervention term appears in the title/abstract; dataset entity terms present.,False,1,,,
disorder,16035,10.3390/medicina61081327,"Surgical Treatment, Rehabilitative Approaches and Functioning Assessment for Patients Affected by Breast Cancer-Related Lymphedema: A Comprehensive Review",2025,True,skipped,exclude_obvious_irrelevant,No in-scope psychedelic/ketamine/entactogen/dissociative compound or intervention term appears in the title/abstract; no dataset entity terms found.,False,1,,,
disorder,16042,10.3390/metabo12090865,Intravenous Ascorbic Acid and Lung Function in Severely Ill COVID-19 Patients,2022,True,skipped,exclude_obvious_irrelevant,No in-scope psychedelic/ketamine/entactogen/dissociative compound or intervention term appears in the title/abstract; no dataset entity terms found.,False,1,,,
disorder,16044,10.3390/metabo13040548,Bee Pollen and Probiotics’ Potential to Protect and Treat Intestinal Permeability in Propionic Acid-Induced Rodent Model of Autism,2023,True,skipped,exclude_obvious_irrelevant,No in-scope psychedelic/ketamine/entactogen/dissociative compound or intervention term appears in the title/abstract; dataset entity terms present.,False,1,,,
disorder,16084,10.3390/nu10030369,"Comprehensive Nutritional and Dietary Intervention for Autism Spectrum Disorder—A Randomized, Controlled 12-Month Trial",2018,True,skipped,exclude_obvious_irrelevant,No in-scope psychedelic/ketamine/entactogen/dissociative compound or intervention term appears in the title/abstract; dataset entity terms present.,False,1,,,
disorder,16085,10.3390/nu10070829,Obesity with Comorbid Eating Disorders: Associated Health Risks and Treatment Approaches,2018,True,skipped,exclude_obvious_irrelevant,No in-scope psychedelic/ketamine/entactogen/dissociative compound or intervention term appears in the title/abstract; dataset entity terms present.,False,1,,,
disorder,16086,10.3390/nu11030521,Autism Spectrum Disorders and the Gut Microbiota,2019,True,skipped,exclude_obvious_irrelevant,No in-scope psychedelic/ketamine/entactogen/dissociative compound or intervention term appears in the title/abstract; dataset entity terms present.,False,1,,,
disorder,16087,10.3390/nu11040820,"Effects of Lactobacillus plantarum PS128 on Children with Autism Spectrum Disorder in Taiwan: A Randomized, Double-Blind, Placebo-Controlled Trial",2019,True,skipped,exclude_obvious_irrelevant,No in-scope psychedelic/ketamine/entactogen/dissociative compound or intervention term appears in the title/abstract; dataset entity terms present.,False,1,,,
disorder,16088,10.3390/nu11081932,"Children in Need—Diagnostics, Epidemiology, Treatment and Outcome of Early Onset Anorexia Nervosa",2019,True,skipped,exclude_obvious_irrelevant,No in-scope psychedelic/ketamine/entactogen/dissociative compound or intervention term appears in the title/abstract; dataset entity terms present.,False,1,,,
disorder,16096,10.3390/nu12092660,"Headaches and Magnesium: Mechanisms, Bioavailability, Therapeutic Efficacy and Potential Advantage of Magnesium Pidolate",2020,True,skipped,exclude_obvious_irrelevant,No in-scope psychedelic/ketamine/entactogen/dissociative compound or intervention term appears in the title/abstract; no dataset entity terms found.,False,1,,,
disorder,16097,10.3390/nu12092664,Dietary Interventions in the Management of Fibromyalgia: A Systematic Review and Best-Evidence Synthesis,2020,True,skipped,exclude_obvious_irrelevant,No in-scope psychedelic/ketamine/entactogen/dissociative compound or intervention term appears in the title/abstract; no dataset entity terms found.,False,1,,,
disorder,16099,10.3390/nu12113422,PROVIT: Supplementary Probiotic Treatment and Vitamin B7 in Depression—A Randomized Controlled Trial,2020,True,skipped,exclude_obvious_irrelevant,No in-scope psychedelic/ketamine/entactogen/dissociative compound or intervention term appears in the title/abstract; dataset entity terms present.,False,1,,,
disorder,16101,10.3390/nu13051552,"Probiotic and Oxytocin Combination Therapy in Patients with Autism Spectrum Disorder: A Randomized, Double-Blinded, Placebo-Controlled Pilot Trial",2021,True,skipped,exclude_obvious_irrelevant,No in-scope psychedelic/ketamine/entactogen/dissociative compound or intervention term appears in the title/abstract; dataset entity terms present.,False,1,,,
disorder,16104,10.3390/nu14102088,Short-Term Magnesium Therapy Alleviates Moderate Stress in Patients with Fibromyalgia: A Randomized Double-Blind Clinical Trial,2022,True,skipped,exclude_obvious_irrelevant,No in-scope psychedelic/ketamine/entactogen/dissociative compound or intervention term appears in the title/abstract; no dataset entity terms found.,False,1,,,
disorder,16110,10.3390/nu15061350,Palmitoylethanolamide in the Treatment of Chronic Pain: A Systematic Review and Meta-Analysis of Double-Blind Randomized Controlled Trials,2023,True,skipped,exclude_obvious_irrelevant,No in-scope psychedelic/ketamine/entactogen/dissociative compound or intervention term appears in the title/abstract; dataset entity terms present.,False,1,,,
disorder,16118,10.3390/nu15133003,"Athletes with Eating Disorders: Analysis of Their Clinical Characteristics, Psychopathology and Response to Treatment",2023,True,skipped,exclude_obvious_irrelevant,No in-scope psychedelic/ketamine/entactogen/dissociative compound or intervention term appears in the title/abstract; dataset entity terms present.,False,1,,,
disorder,16123,10.3390/nu15194247,Inpatient Treatment Outcome in a Large Sample of Adolescents with Anorexia Nervosa,2023,True,skipped,exclude_obvious_irrelevant,No in-scope psychedelic/ketamine/entactogen/dissociative compound or intervention term appears in the title/abstract; dataset entity terms present.,False,1,,,
disorder,16137,10.3390/nu16111728,Is Curcumin Intake Really Effective for Chronic Inflammatory Metabolic Disease? A Review of Meta-Analyses of Randomized Controlled Trials,2024,True,skipped,exclude_obvious_irrelevant,No in-scope psychedelic/ketamine/entactogen/dissociative compound or intervention term appears in the title/abstract; dataset entity terms present.,False,1,,,
disorder,16157,10.3390/nu8080483,Effect of Probiotics on Depression: A Systematic Review and Meta-Analysis of Randomized Controlled Trials,2016,True,skipped,exclude_obvious_irrelevant,No in-scope psychedelic/ketamine/entactogen/dissociative compound or intervention term appears in the title/abstract; dataset entity terms present.,False,1,,,
disorder,16254,10.3390/toxins12120803,Botulinum Toxin in the Treatment of Headache,2020,True,skipped,exclude_obvious_irrelevant,No in-scope psychedelic/ketamine/entactogen/dissociative compound or intervention term appears in the title/abstract; no dataset entity terms found.,False,1,,,
disorder,16256,10.3390/toxins14090619,Botulinum Toxin—A Current Place in the Treatment of Chronic Migraine and Other Primary Headaches,2022,True,skipped,exclude_obvious_irrelevant,No in-scope psychedelic/ketamine/entactogen/dissociative compound or intervention term appears in the title/abstract; dataset entity terms present.,False,1,,,
disorder,16275,10.3399/bjgp18x698969,Migraine management: beyond pills.,2018,True,skipped,exclude_obvious_irrelevant,No in-scope psychedelic/ketamine/entactogen/dissociative compound or intervention term appears in the title/abstract; no dataset entity terms found.,False,1,,,
disorder,16370,10.36849/jdd.7344,Brodalumab: 4-Year US Pharmacovigilance Report,2023,True,skipped,exclude_obvious_irrelevant,No in-scope psychedelic/ketamine/entactogen/dissociative compound or intervention term appears in the title/abstract; dataset entity terms present.,False,1,,,
disorder,16406,10.3768/rtipress.2025.rb.0040.2502,Baclofen for Alcohol Use Disorder: A Cochrane Review Summary With Commentary,2025,True,skipped,exclude_obvious_irrelevant,No in-scope psychedelic/ketamine/entactogen/dissociative compound or intervention term appears in the title/abstract; dataset entity terms present.,False,1,,,
disorder,16421,10.3892/br.2024.1785,Effect of naringin on sodium fluoride‑induced neurobehavioral deficits in Wistar rats.,2024,True,skipped,exclude_obvious_irrelevant,No in-scope psychedelic/ketamine/entactogen/dissociative compound or intervention term appears in the title/abstract; dataset entity terms present.,False,1,,,
disorder,16430,10.3899/jrheum.201674,Composite Measures for Clinical Trials in Psoriatic Arthritis: Testing Pain and Fatigue Modifications in a UK Multicenter Study,2021,True,no_pdf_url,exclude_obvious_irrelevant,No in-scope psychedelic/ketamine/entactogen/dissociative compound or intervention term appears in the title/abstract; no dataset entity terms found.,False,1,,,
disorder,16432,10.3906/sag-2004-168,"COVID-19, immune system response, hyperinflammation and repurposing antirheumatic drugs",2020,True,skipped,exclude_obvious_irrelevant,No in-scope psychedelic/ketamine/entactogen/dissociative compound or intervention term appears in the title/abstract; no dataset entity terms found.,False,1,,,
disorder,16475,10.4088/jcp.14m08992,Efficacy and Safety of Vilazodone in Major Depressive Disorder,2014,True,skipped,exclude_obvious_irrelevant,No in-scope psychedelic/ketamine/entactogen/dissociative compound or intervention term appears in the title/abstract; dataset entity terms present.,False,1,,,
disorder,16482,10.4088/jcp.16m11314,Cost-Effectiveness of Internet-Based Cognitive-Behavioral Treatment for Bulimia Nervosa,2017,True,skipped,exclude_obvious_irrelevant,No in-scope psychedelic/ketamine/entactogen/dissociative compound or intervention term appears in the title/abstract; no dataset entity terms found.,False,1,,,
disorder,16487,10.4088/jcp.17m11585,Treatment With a Ghrelin Agonist in Outpatient Women With Anorexia Nervosa,2017,True,skipped,exclude_obvious_irrelevant,No in-scope psychedelic/ketamine/entactogen/dissociative compound or intervention term appears in the title/abstract; dataset entity terms present.,False,1,,,
disorder,16493,10.4088/jcp.20m13396,Escitalopram in Adolescents With Generalized Anxiety Disorder,2020,True,skipped,exclude_obvious_irrelevant,No in-scope psychedelic/ketamine/entactogen/dissociative compound or intervention term appears in the title/abstract; dataset entity terms present.,False,1,,,
disorder,16500,10.4088/jcp.22m14739,The Efficacy of Lumateperone in Patients With Bipolar Depression With Mixed Features,2023,True,skipped,exclude_obvious_irrelevant,No in-scope psychedelic/ketamine/entactogen/dissociative compound or intervention term appears in the title/abstract; dataset entity terms present.,False,1,,,
disorder,16511,10.4088/jcp.25f15796,Target Trial Emulation,2025,True,skipped,exclude_obvious_irrelevant,No in-scope psychedelic/ketamine/entactogen/dissociative compound or intervention term appears in the title/abstract; dataset entity terms present.,False,1,,,
disorder,16555,10.4103/abr.abr_166_21,Comparison of the Effect of Intravenous Fentanyl with Low-Dose Ketamine on Pain Relief in Patients Taking Methadone and Suffering from Limb Fractures.,2023,True,skipped,escalate,in-scope compound/intervention term appears in title or abstract,True,1,,,
disorder,16569,10.4103/bnm.bnm_20_24,Efficacy of scrambler therapy in chronic neuropathic pain: pairwise and dose-response meta-analysis.,2024,True,skipped,exclude_obvious_irrelevant,No in-scope psychedelic/ketamine/entactogen/dissociative compound or intervention term appears in the title/abstract; dataset entity terms present.,False,1,,,
disorder,16578,10.4103/ijoy.ijoy_180_24,"A Randomized Controlled Trial in Obese Adults with Polycystic Ovarian Syndrome: Examining the Impact of Short-term Integrated Naturopathy and Yoga Interventions on Testosterone, Oxidative Stress, and Mental Health.",2024,True,skipped,exclude_obvious_irrelevant,No in-scope psychedelic/ketamine/entactogen/dissociative compound or intervention term appears in the title/abstract; dataset entity terms present.,False,1,,,
disorder,16633,10.4161/hv.29707,Pharmacological effects of two anti-methamphetamine monoclonal antibodies,2014,True,skipped,exclude_obvious_irrelevant,No in-scope psychedelic/ketamine/entactogen/dissociative compound or intervention term appears in the title/abstract; no dataset entity terms found.,False,1,,,
disorder,16634,10.4172/2155-6105.1000176,"Comparison of Caffeine and d-amphetamine in Cocaine-Dependent Subjects: Differential Outcomes on Subjective and Cardiovascular Effects, Reward Learning, and Salivary Paraxanthine",2014,True,skipped,escalate,in-scope compound/intervention term appears in title or abstract,True,1,,,
disorder,16708,10.47626/1516-4446-2024-3541,"A randomized, double-blind, placebo-controlled trial of N-acetylcysteine as an adjuvant treatment for alcohol use disorder.",2025,True,skipped,exclude_obvious_irrelevant,No in-scope psychedelic/ketamine/entactogen/dissociative compound or intervention term appears in the title/abstract; dataset entity terms present.,False,1,,,
disorder,16714,10.47626/2237-6089-2020-0149,Cannabis and cannabinoid use in autism spectrum disorder: a systematic review,2021,True,skipped,exclude_obvious_irrelevant,No in-scope psychedelic/ketamine/entactogen/dissociative compound or intervention term appears in the title/abstract; dataset entity terms present.,False,1,,,
disorder,16757,10.5080/u26698,Investigation of the Relationship between Inflammation and Oxidative Stress Markers and Treatment Response in First Attack Major Depression Patients:A Follow-Up Study,2023,True,skipped,exclude_obvious_irrelevant,No in-scope psychedelic/ketamine/entactogen/dissociative compound or intervention term appears in the title/abstract; dataset entity terms present.,False,1,,,
disorder,16758,10.5080/u26899,DUYGUDURUM BOZUKLUKLARININ ICD-11 VE DSM-5 SINIFLANDIRMALARINDA ORTAK NOKTALARI VE FARKLILIKLARI,2021,True,no_pdf_url,exclude_obvious_irrelevant,No in-scope psychedelic/ketamine/entactogen/dissociative compound or intervention term appears in the title/abstract; dataset entity terms present.,False,1,,,
disorder,16760,10.5114/ait.2019.86166,Impact of spinal needle design and approach to postdural puncture headache and spinal anesthesia failure in obstetrics,2019,True,skipped,exclude_obvious_irrelevant,No in-scope psychedelic/ketamine/entactogen/dissociative compound or intervention term appears in the title/abstract; no dataset entity terms found.,False,1,,,
disorder,16798,10.51894/001c.17647,Does Peritraumatic Ketamine Reduce Symptoms of Post-Traumatic Stress Disorder?,2020,True,skipped,escalate,in-scope compound/intervention term appears in title or abstract,True,1,,,
disorder,16851,10.5312/wjo.v15.i9.882,Pain management in acute musculoskeletal injury: Effect of opioid vs nonopioid medications.,2024,True,skipped,escalate,in-scope compound/intervention term appears in title or abstract,True,1,,,
disorder,16929,10.5507/bp.2019.058,"SNPs within CHRNA5-A3-B4 and CYP2A6/B6, nicotine metabolite concentrations and nicotine dependence treatment success in smokers",2019,True,skipped,exclude_obvious_irrelevant,No in-scope psychedelic/ketamine/entactogen/dissociative compound or intervention term appears in the title/abstract; dataset entity terms present.,False,1,,,
disorder,16938,10.55563/clinexprheumatol/ctfuqe,Efficacy of physiotherapy treatment in medium and long term in adults with fibromyalgia: an umbrella of systematic reviews,2024,True,skipped,exclude_obvious_irrelevant,No in-scope psychedelic/ketamine/entactogen/dissociative compound or intervention term appears in the title/abstract; no dataset entity terms found.,False,1,,,
disorder,16940,10.55563/clinexprheumatol/i19pig,Fibromyalgia position paper,2021,True,skipped,exclude_obvious_irrelevant,No in-scope psychedelic/ketamine/entactogen/dissociative compound or intervention term appears in the title/abstract; no dataset entity terms found.,False,1,,,
disorder,16979,10.5692/clinicalneurol.50.332,Sporadic hemiplegic migraine-like headache in a patient with systemic lupus erythematosus,2010,True,skipped,exclude_obvious_irrelevant,No in-scope psychedelic/ketamine/entactogen/dissociative compound or intervention term appears in the title/abstract; no dataset entity terms found.,False,1,,,
disorder,17141,10.62347/xtyg7368,"Association of vitamin D and N-acetylcysteine supplementation with anxiety, cognition, and biomarkers in generalized anxiety disorder: a retrospective cohort study",2026,True,skipped,exclude_obvious_irrelevant,No in-scope psychedelic/ketamine/entactogen/dissociative compound or intervention term appears in the title/abstract; dataset entity terms present.,False,1,,,
disorder,17178,10.64898/2026.01.01.25343187,Using multi-trait polygenic scores to predict lithium responsiveness in patients with bipolar disorder,2026,True,skipped,exclude_obvious_irrelevant,No in-scope psychedelic/ketamine/entactogen/dissociative compound or intervention term appears in the title/abstract; no dataset entity terms found.,False,1,,,
disorder,17236,10.7189/jogh.14.04090,Innovative virtual reality exposure therapy for anxiety and posttraumatic stress disorder: a meta-analysis of randomised controlled trials,2024,True,skipped,exclude_obvious_irrelevant,No in-scope psychedelic/ketamine/entactogen/dissociative compound or intervention term appears in the title/abstract; dataset entity terms present.,False,1,,,
disorder,17261,10.7326/m15-2455,Binge-Eating Disorder in Adults,2016,True,no_pdf_url,exclude_obvious_irrelevant,No in-scope psychedelic/ketamine/entactogen/dissociative compound or intervention term appears in the title/abstract; dataset entity terms present.,False,1,,,
disorder,17289,10.7717/peerj.15260,Follow-up focused on psychological intervention initiated after intensive care unit in adult patients and informal caregivers: a systematic review and meta-analysis,2023,True,skipped,exclude_obvious_irrelevant,No in-scope psychedelic/ketamine/entactogen/dissociative compound or intervention term appears in the title/abstract; dataset entity terms present.,False,1,,,
disorder,17344,10.7759/cureus.70789,Compact Arterial Monitoring Device Use in Resuscitative Endovascular Balloon Occlusion of the Aorta (REBOA): A Simple Validation Study in Swine,2024,True,skipped,exclude_obvious_irrelevant,No in-scope psychedelic/ketamine/entactogen/dissociative compound or intervention term appears in the title/abstract; no dataset entity terms found.,False,1,,,
disorder,17348,10.7759/cureus.73717,Assessment of Saliva Oxidative Stress Biomarkers and Gingival Health Status in a Sample of High-Functioning Autistic Children in Erbil City,2024,True,skipped,exclude_obvious_irrelevant,No in-scope psychedelic/ketamine/entactogen/dissociative compound or intervention term appears in the title/abstract; dataset entity terms present.,False,1,,,
disorder,17379,10.7762/cnr.2023.12.4.257,The Effects of Coenzyme Q10 Supplementation on Oxidative Status and Lipid Profile in Migraine Patients: A Randomized Double-Blinded Controlled Clinical Trial.,2023,True,skipped,exclude_obvious_irrelevant,No in-scope psychedelic/ketamine/entactogen/dissociative compound or intervention term appears in the title/abstract; no dataset entity terms found.,False,1,,,
disorder,17381,10.7812/tpp/18-041,Cannabidiol in Anxiety and Sleep: A Large Case Series,2019,True,skipped,exclude_obvious_irrelevant,No in-scope psychedelic/ketamine/entactogen/dissociative compound or intervention term appears in the title/abstract; no dataset entity terms found.,False,1,,,
disorder,17385,10.7860/jcdr/2017/22165.9658,Effect of Diclofenac Mouthwash on Postoperative Pain after Periodontal Surgery,2017,True,skipped,escalate,in-scope compound/intervention term appears in title or abstract,True,1,,,
disorder,17392,10.7861/clinmedicine.7-5-478,"Depression, demoralisation or adjustment disorder? Understanding emotional distress in the severely medically ill",2007,True,skipped,exclude_obvious_irrelevant,No in-scope psychedelic/ketamine/entactogen/dissociative compound or intervention term appears in the title/abstract; dataset entity terms present.,False,1,,,
disorder,17440,10.1001/archneur.63.11.nct60002,Effectiveness of Intranasal Zolmitriptan in Acute Cluster Headache,2006,True,not_open_access,exclude_obvious_irrelevant,No in-scope psychedelic/ketamine/entactogen/dissociative compound or intervention term appears in the title/abstract; dataset entity terms present.,False,1,,,
disorder,17443,10.1001/archpediatrics.2012.1276,Ask Suicide-Screening Questions (ASQ),2012,True,not_open_access,exclude_obvious_irrelevant,No in-scope psychedelic/ketamine/entactogen/dissociative compound or intervention term appears in the title/abstract; dataset entity terms present.,False,1,,,
disorder,17448,10.1001/archpsyc.1984.01790120076010,Seasonal Affective Disorder,1984,True,not_open_access,exclude_obvious_irrelevant,No in-scope psychedelic/ketamine/entactogen/dissociative compound or intervention term appears in the title/abstract; dataset entity terms present.,False,1,,,
disorder,17451,10.1001/archpsyc.1994.03950020009001,"Dose-Response Study of N,N-Dimethyltryptamine in Humans",1994,True,not_open_access,escalate,in-scope compound/intervention term appears in title or abstract,True,1,,,
disorder,17456,10.1001/archpsyc.62.4.409,Cognitive Therapy vs Medications in the Treatment of Moderate to Severe Depression,2005,True,not_open_access,exclude_obvious_irrelevant,No in-scope psychedelic/ketamine/entactogen/dissociative compound or intervention term appears in the title/abstract; dataset entity terms present.,False,1,,,
disorder,17457,10.1001/archpsyc.62.9.985,Comparative and Interactive Human Psychopharmacologic Effects of Ketamine and Amphetamine,2005,True,not_open_access,escalate,in-scope compound/intervention term appears in title or abstract,True,1,,,
disorder,17458,10.1001/archpsyc.64.10.1132,The Treatment for Adolescents With Depression Study (TADS),2007,True,not_open_access,exclude_obvious_irrelevant,No in-scope psychedelic/ketamine/entactogen/dissociative compound or intervention term appears in the title/abstract; dataset entity terms present.,False,1,,,
disorder,17475,10.1001/jama.2021.17633,Management of Acne Vulgaris,2021,True,not_open_access,exclude_obvious_irrelevant,No in-scope psychedelic/ketamine/entactogen/dissociative compound or intervention term appears in the title/abstract; dataset entity terms present.,False,1,,,
disorder,17476,10.1001/jama.2022.0395,Treatment of Tobacco Smoking,2022,True,not_open_access,exclude_obvious_irrelevant,No in-scope psychedelic/ketamine/entactogen/dissociative compound or intervention term appears in the title/abstract; dataset entity terms present.,False,1,,,
disorder,17482,10.1001/jama.2025.19433,Therapeutic Use of Cannabis and Cannabinoids,2025,True,not_open_access,exclude_obvious_irrelevant,No in-scope psychedelic/ketamine/entactogen/dissociative compound or intervention term appears in the title/abstract; dataset entity terms present.,False,1,,,
disorder,17485,10.1001/jama.2025.23247,Restless Legs Syndrome,2026,True,not_open_access,exclude_obvious_irrelevant,No in-scope psychedelic/ketamine/entactogen/dissociative compound or intervention term appears in the title/abstract; dataset entity terms present.,False,1,,,
disorder,17490,10.1001/jama.292.16.1969,"Cognitive-Behavior Therapy, Sertraline, and Their Combination for Children and Adolescents With Obsessive-Compulsive Disorder",2004,True,not_open_access,exclude_obvious_irrelevant,No in-scope psychedelic/ketamine/entactogen/dissociative compound or intervention term appears in the title/abstract; dataset entity terms present.,False,1,,,
disorder,17491,10.1001/jama.295.22.2605,Fluoxetine After Weight Restoration in Anorexia Nervosa,2006,True,not_open_access,exclude_obvious_irrelevant,No in-scope psychedelic/ketamine/entactogen/dissociative compound or intervention term appears in the title/abstract; dataset entity terms present.,False,1,,,
disorder,17495,10.1001/jamaneurol.2022.4804,Management of Trigeminal Autonomic Cephalalgias Including Chronic Cluster,2023,True,not_open_access,exclude_obvious_irrelevant,No in-scope psychedelic/ketamine/entactogen/dissociative compound or intervention term appears in the title/abstract; dataset entity terms present.,False,1,,,
disorder,17498,10.1001/jamaneurol.2025.1687,Ambroxol as a Treatment for Parkinson Disease Dementia,2025,True,not_open_access,exclude_obvious_irrelevant,No in-scope psychedelic/ketamine/entactogen/dissociative compound or intervention term appears in the title/abstract; no dataset entity terms found.,False,1,,,
disorder,17501,10.1001/jamapsychiatry.2014.3039,Dialectical Behavior Therapy for High Suicide Risk in Individuals With Borderline Personality Disorder,2015,True,not_open_access,exclude_obvious_irrelevant,No in-scope psychedelic/ketamine/entactogen/dissociative compound or intervention term appears in the title/abstract; dataset entity terms present.,False,1,,,
disorder,17536,10.1002/(sici)1520-6394(1998)8:1<33::aid-da7>3.0.co;2-6,Associations with subsyndromal panic and the validity of DSM-IV criteria,1998,True,not_open_access,escalate,in-scope compound/intervention term appears in title or abstract,True,1,,,
disorder,17568,10.1002/14651858.cd000562,Psychotherapy for bulimia nervosa and binging,2003,True,not_open_access,exclude_obvious_irrelevant,No in-scope psychedelic/ketamine/entactogen/dissociative compound or intervention term appears in the title/abstract; dataset entity terms present.,False,1,,,
disorder,17569,10.1002/14651858.cd000562.pub2,Psychotherapy for bulimia nervosa and binging,2004,True,not_open_access,exclude_obvious_irrelevant,No in-scope psychedelic/ketamine/entactogen/dissociative compound or intervention term appears in the title/abstract; dataset entity terms present.,False,1,,,
disorder,17573,10.1002/14651858.cd007662.pub3,Pharmacotherapy for trichotillomania,2021,True,not_open_access,exclude_obvious_irrelevant,No in-scope psychedelic/ketamine/entactogen/dissociative compound or intervention term appears in the title/abstract; no dataset entity terms found.,False,1,,,
disorder,17574,10.1002/14651858.cd007667.pub3,Pharmacological interventions for antisocial personality disorder,2020,True,not_open_access,exclude_obvious_irrelevant,No in-scope psychedelic/ketamine/entactogen/dissociative compound or intervention term appears in the title/abstract; no dataset entity terms found.,False,1,,,
disorder,17575,10.1002/14651858.cd012820.pub2,Cannabinoids for the treatment of dementia,2021,True,not_open_access,exclude_obvious_irrelevant,No in-scope psychedelic/ketamine/entactogen/dissociative compound or intervention term appears in the title/abstract; no dataset entity terms found.,False,1,,,
disorder,17577,10.1002/14651858.cd013513.pub3,Biologics for chronic rhinosinusitis,2021,True,not_open_access,exclude_obvious_irrelevant,No in-scope psychedelic/ketamine/entactogen/dissociative compound or intervention term appears in the title/abstract; no dataset entity terms found.,False,1,,,
disorder,17578,10.1002/14651858.cd013801.pub2,Immunoglobulin for myasthenia gravis,2025,True,not_open_access,exclude_obvious_irrelevant,No in-scope psychedelic/ketamine/entactogen/dissociative compound or intervention term appears in the title/abstract; no dataset entity terms found.,False,1,,,
disorder,17635,10.1002/acr.24593,Depression and Anxiety Reduce the Probability of Achieving a State of Sustained Minimal Disease Activity in Patients With Psoriatic Arthritis,2021,True,not_open_access,exclude_obvious_irrelevant,No in-scope psychedelic/ketamine/entactogen/dissociative compound or intervention term appears in the title/abstract; dataset entity terms present.,False,1,,,
disorder,17641,10.1002/ana.20210,Subcutaneous octreotide in cluster headache: Randomized placebo‐controlled double‐blind crossover study,2004,True,not_open_access,exclude_obvious_irrelevant,No in-scope psychedelic/ketamine/entactogen/dissociative compound or intervention term appears in the title/abstract; dataset entity terms present.,False,1,,,
disorder,17643,10.1002/art.37734,"Low‐dose naltrexone for the treatment of fibromyalgia: Findings of a small, randomized, double‐blind, placebo‐controlled, counterbalanced, crossover trial assessing daily pain levels",2013,True,not_open_access,exclude_obvious_irrelevant,No in-scope psychedelic/ketamine/entactogen/dissociative compound or intervention term appears in the title/abstract; no dataset entity terms found.,False,1,,,
disorder,17649,10.1002/bdm.1882,"Late‐life Depression, Suicidal Ideation, and Attempted Suicide: The Role of Individual Differences in Maximizing, Regret, and Negative Decision Outcomes",2015,True,not_open_access,exclude_obvious_irrelevant,No in-scope psychedelic/ketamine/entactogen/dissociative compound or intervention term appears in the title/abstract; dataset entity terms present.,False,1,,,
disorder,17795,10.1002/da.22854,Systematic review and meta-analysis: Dose-response curve of SSRIs and SNRIs in anxiety disorders,2018,True,not_open_access,exclude_obvious_irrelevant,No in-scope psychedelic/ketamine/entactogen/dissociative compound or intervention term appears in the title/abstract; dataset entity terms present.,False,1,,,
disorder,17825,10.1002/eat.20202,"Topiramate treatment in bulimia nervosa patients: A randomized, double-blind, placebo-controlled trial",2005,True,not_open_access,exclude_obvious_irrelevant,No in-scope psychedelic/ketamine/entactogen/dissociative compound or intervention term appears in the title/abstract; no dataset entity terms found.,False,1,,,
disorder,17829,10.1002/eat.20372,Bulimia nervosa treatment: A systematic review of randomized controlled trials,2007,True,not_open_access,exclude_obvious_irrelevant,No in-scope psychedelic/ketamine/entactogen/dissociative compound or intervention term appears in the title/abstract; no dataset entity terms found.,False,1,,,
disorder,17841,10.1002/eat.22330,Compulsory treatment in anorexia nervosa: A review,2014,True,not_open_access,exclude_obvious_irrelevant,No in-scope psychedelic/ketamine/entactogen/dissociative compound or intervention term appears in the title/abstract; dataset entity terms present.,False,1,,,
disorder,17849,10.1002/eat.23078,"A double‐blind, placebo‐controlled study of vortioxetine in the treatment of binge‐eating disorder",2019,True,not_open_access,exclude_obvious_irrelevant,No in-scope psychedelic/ketamine/entactogen/dissociative compound or intervention term appears in the title/abstract; no dataset entity terms found.,False,1,,,
disorder,17851,10.1002/eat.23192,"A randomized, placebo‐controlled crossover trial of phentermine‐topiramate ER in patients with binge‐eating disorder and bulimia nervosa",2019,True,not_open_access,exclude_obvious_irrelevant,No in-scope psychedelic/ketamine/entactogen/dissociative compound or intervention term appears in the title/abstract; no dataset entity terms found.,False,1,,,
disorder,17854,10.1002/eat.23373,Relationship between eating disorder duration and treatment outcome: Systematic review and meta‐analysis,2020,True,not_open_access,exclude_obvious_irrelevant,No in-scope psychedelic/ketamine/entactogen/dissociative compound or intervention term appears in the title/abstract; dataset entity terms present.,False,1,,,
disorder,17856,10.1002/eat.23697,Specialist supportive clinical management for anorexia nervosa: Analysis of therapy content and relation to outcome,2022,True,not_open_access,exclude_obvious_irrelevant,No in-scope psychedelic/ketamine/entactogen/dissociative compound or intervention term appears in the title/abstract; dataset entity terms present.,False,1,,,
disorder,17857,10.1002/eat.23749,Modified metacognitive therapy for anorexia nervosa: An open trial in an outpatient setting,2022,True,not_open_access,exclude_obvious_irrelevant,No in-scope psychedelic/ketamine/entactogen/dissociative compound or intervention term appears in the title/abstract; dataset entity terms present.,False,1,,,
disorder,17858,10.1002/eat.23856,A systematic review comparing atypical anorexia nervosa and anorexia nervosa,2022,True,not_open_access,exclude_obvious_irrelevant,No in-scope psychedelic/ketamine/entactogen/dissociative compound or intervention term appears in the title/abstract; dataset entity terms present.,False,1,,,
disorder,17889,10.1002/erv.2517,Comparative Effectiveness of Treatments for Binge‐Eating Disorder: Systematic Review and Network Meta‐Analysis,2017,True,not_open_access,exclude_obvious_irrelevant,No in-scope psychedelic/ketamine/entactogen/dissociative compound or intervention term appears in the title/abstract; dataset entity terms present.,False,1,,,
disorder,17915,10.1002/hup.2425,Anticonvulsants to treat post‐traumatic stress disorder,2014,True,not_open_access,exclude_obvious_irrelevant,No in-scope psychedelic/ketamine/entactogen/dissociative compound or intervention term appears in the title/abstract; dataset entity terms present.,False,1,,,
disorder,17916,10.1002/hup.2547,Lisdexamfetamine dimesylate in binge eating disorder: a placebo controlled trial,2016,True,not_open_access,exclude_obvious_irrelevant,No in-scope psychedelic/ketamine/entactogen/dissociative compound or intervention term appears in the title/abstract; no dataset entity terms found.,False,1,,,
disorder,17924,10.1002/hup.503,Cortisol as an indicator of dopaminergic effects on nicotine craving,2003,True,not_open_access,escalate,in-scope compound/intervention term appears in title or abstract,True,1,,,
disorder,17925,10.1002/hup.684,Pattern of cannabis use in ecstasy polydrug users: moderate cannabis use may compensate for self‐rated aggression and somatic symptoms,2005,True,not_open_access,escalate,in-scope compound/intervention term appears in title or abstract,True,1,,,
disorder,17932,10.1002/jclp.20122,Pharmacotherapy of adult ADHD,2005,True,not_open_access,exclude_obvious_irrelevant,No in-scope psychedelic/ketamine/entactogen/dissociative compound or intervention term appears in the title/abstract; no dataset entity terms found.,False,1,,,
disorder,17934,10.1002/jclp.22059,Specific and Nonspecific Psychological Interventions for PTSD Symptoms: A Meta‐Analysis With Problem Complexity as a Moderator,2013,True,not_open_access,exclude_obvious_irrelevant,No in-scope psychedelic/ketamine/entactogen/dissociative compound or intervention term appears in the title/abstract; dataset entity terms present.,False,1,,,
disorder,17975,10.1002/lsm.23246,Thermomechanical Ablation‐Assisted Photodynamic Therapy for the Treatment of Acne Vulgaris. A Retrospective Chart Review of 30 Patients,2020,True,not_open_access,exclude_obvious_irrelevant,No in-scope psychedelic/ketamine/entactogen/dissociative compound or intervention term appears in the title/abstract; no dataset entity terms found.,False,1,,,
disorder,17981,10.1002/oby.24289,Lifestyle behavioral weight‐loss treatment for binge‐eating disorder in patients with obesity: where's the harm?,2025,True,not_open_access,exclude_obvious_irrelevant,No in-scope psychedelic/ketamine/entactogen/dissociative compound or intervention term appears in the title/abstract; no dataset entity terms found.,False,1,,,
disorder,17983,10.1002/phar.1365,A Review of Inhaled Nitric Oxide and Aerosolized Epoprostenol in Acute Lung Injury or Acute Respiratory Distress Syndrome,2013,True,not_open_access,exclude_obvious_irrelevant,No in-scope psychedelic/ketamine/entactogen/dissociative compound or intervention term appears in the title/abstract; no dataset entity terms found.,False,1,,,
disorder,17988,10.1002/pmrj.70136,Prolotherapy versus epidural steroid injections for lumbar pain with associated leg pain: A pragmatic randomized controlled trial,2026,True,not_open_access,escalate,in-scope compound/intervention term appears in title or abstract,True,1,,,
disorder,17994,10.1002/ptr.6349,"Therapeutic efficacy and safety of chamomile for state anxiety, generalized anxiety disorder, insomnia, and sleep quality: A systematic review and meta‐analysis of randomized trials and quasi‐randomized trials",2019,True,not_open_access,exclude_obvious_irrelevant,No in-scope psychedelic/ketamine/entactogen/dissociative compound or intervention term appears in the title/abstract; dataset entity terms present.,False,1,,,
disorder,17996,10.1002/ptr.7612,"The effects of fenugreek seed extract supplementation in patients with Alzheimer's disease: A randomized, double‐blind, placebo‐controlled trial",2022,True,not_open_access,exclude_obvious_irrelevant,No in-scope psychedelic/ketamine/entactogen/dissociative compound or intervention term appears in the title/abstract; dataset entity terms present.,False,1,,,
disorder,17998,10.1002/ptr.8110,New horizons for the study of saffron (<i>Crocus sativus</i> L.) and its active ingredients in the management of neurological and psychiatric disorders: A systematic review of clinical evidence and mechanisms,2024,True,not_open_access,exclude_obvious_irrelevant,No in-scope psychedelic/ketamine/entactogen/dissociative compound or intervention term appears in the title/abstract; dataset entity terms present.,False,1,,,
disorder,18059,10.1007/164_2019_303,Clinical Trials for Stimulant Use Disorders: Addressing Heterogeneities That May Undermine Treatment Outcomes,2019,True,not_open_access,exclude_obvious_irrelevant,No in-scope psychedelic/ketamine/entactogen/dissociative compound or intervention term appears in the title/abstract; no dataset entity terms found.,False,1,,,
disorder,18060,10.1007/164_2019_304,Clinical Trials for Opioid Use Disorder,2019,True,not_open_access,escalate,in-scope compound/intervention term appears in title or abstract,True,1,,,
disorder,18061,10.1007/5584_2018_234,Effects of Low-Level Laser Therapy in Autism Spectrum Disorder,2018,True,not_open_access,exclude_obvious_irrelevant,No in-scope psychedelic/ketamine/entactogen/dissociative compound or intervention term appears in the title/abstract; dataset entity terms present.,False,1,,,
disorder,18062,10.1007/7854_2009_2,Pharmacological Treatment of Generalized Anxiety Disorder,2009,True,not_open_access,exclude_obvious_irrelevant,No in-scope psychedelic/ketamine/entactogen/dissociative compound or intervention term appears in the title/abstract; dataset entity terms present.,False,1,,,
disorder,18513,10.1007/978-981-10-5562-1_11,Drug Therapy,2017,True,not_open_access,exclude_obvious_irrelevant,No in-scope psychedelic/ketamine/entactogen/dissociative compound or intervention term appears in the title/abstract; no dataset entity terms found.,False,1,,,
disorder,18518,10.1007/978-981-32-9271-0_10,Standardized Treatment Strategy for Depressive Disorder,2019,True,not_open_access,exclude_obvious_irrelevant,No in-scope psychedelic/ketamine/entactogen/dissociative compound or intervention term appears in the title/abstract; dataset entity terms present.,False,1,,,
disorder,18520,10.1007/978-981-32-9705-0_17,"Cognitive Behavioral Therapy, Mindfulness-Based Cognitive Therapy and Acceptance Commitment Therapy for Anxiety Disorders: Integrating Traditional with Digital Treatment Approaches",2020,True,not_open_access,exclude_obvious_irrelevant,No in-scope psychedelic/ketamine/entactogen/dissociative compound or intervention term appears in the title/abstract; dataset entity terms present.,False,1,,,
disorder,18523,10.1007/978-981-33-6044-0_19,Well-being Therapy in Depressive Disorders,2021,True,not_open_access,exclude_obvious_irrelevant,No in-scope psychedelic/ketamine/entactogen/dissociative compound or intervention term appears in the title/abstract; no dataset entity terms found.,False,1,,,
disorder,18530,10.1007/978-981-97-4402-2_14,Well-Being Therapy for Depression,2024,True,not_open_access,exclude_obvious_irrelevant,No in-scope psychedelic/ketamine/entactogen/dissociative compound or intervention term appears in the title/abstract; dataset entity terms present.,False,1,,,
disorder,18538,10.1007/bf00443414,Cocaine-induced cocaine craving,1989,True,not_open_access,exclude_obvious_irrelevant,No in-scope psychedelic/ketamine/entactogen/dissociative compound or intervention term appears in the title/abstract; no dataset entity terms found.,False,1,,,
disorder,18541,10.1007/bf01250796,Continuous subcutaneous lisuride infusion in OPCA,1992,True,not_open_access,escalate,in-scope compound/intervention term appears in title or abstract,True,1,,,
disorder,18542,10.1007/bf01664012,Assessment of hypokinesia in parkinsonism,1981,True,not_open_access,exclude_obvious_irrelevant,No in-scope psychedelic/ketamine/entactogen/dissociative compound or intervention term appears in the title/abstract; no dataset entity terms found.,False,1,,,
disorder,18545,10.1007/bf02849936,Treatment of bulimia nervosa with fluvoxamine: A randomized controlled trial,2005,True,not_open_access,exclude_obvious_irrelevant,No in-scope psychedelic/ketamine/entactogen/dissociative compound or intervention term appears in the title/abstract; dataset entity terms present.,False,1,,,
disorder,18546,10.1007/bf02850155,Treatment of bulimia nervosa with sertraline: A randomized controlled trial,2004,True,not_open_access,exclude_obvious_irrelevant,No in-scope psychedelic/ketamine/entactogen/dissociative compound or intervention term appears in the title/abstract; dataset entity terms present.,False,1,,,
disorder,18551,10.1007/bf03325638,Infliximab in Psoriasis and Psoriatic Arthritis,2013,True,not_open_access,exclude_obvious_irrelevant,No in-scope psychedelic/ketamine/entactogen/dissociative compound or intervention term appears in the title/abstract; no dataset entity terms found.,False,1,,,
disorder,18552,10.1007/pl00007768,Long-term treatment with dopamine agonists in idiopathic in Parkinson's disease,2000,True,not_open_access,escalate,in-scope compound/intervention term appears in title or abstract,True,1,,,
disorder,18557,10.1007/s00115-012-3625-3,Chronische Migräne,2013,True,not_open_access,exclude_obvious_irrelevant,No in-scope psychedelic/ketamine/entactogen/dissociative compound or intervention term appears in the title/abstract; no dataset entity terms found.,False,1,,,
disorder,18558,10.1007/s00115-013-3955-9,Soziale Phobie,2014,True,not_open_access,exclude_obvious_irrelevant,No in-scope psychedelic/ketamine/entactogen/dissociative compound or intervention term appears in the title/abstract; dataset entity terms present.,False,1,,,
disorder,18559,10.1007/s00115-014-4121-8,Generalisierte Angststörung,2014,True,not_open_access,exclude_obvious_irrelevant,No in-scope psychedelic/ketamine/entactogen/dissociative compound or intervention term appears in the title/abstract; dataset entity terms present.,False,1,,,
disorder,18560,10.1007/s00115-017-0281-7,Cannabisinduzierte Störungen,2017,True,not_open_access,exclude_obvious_irrelevant,No in-scope psychedelic/ketamine/entactogen/dissociative compound or intervention term appears in the title/abstract; dataset entity terms present.,False,1,,,
disorder,18573,10.1007/s00210-017-1438-4,Migraine with prolonged aura: phenotype and treatment,2017,True,not_open_access,escalate,in-scope compound/intervention term appears in title or abstract,True,1,,,
disorder,18574,10.1007/s00210-019-01631-4,"Na+/K+-ATPase level and products of lipid peroxidation in live cells treated with therapeutic lithium for different periods in time (1, 7, and 28 days); studies of Jurkat and HEK293 cells",2019,True,not_open_access,exclude_obvious_irrelevant,No in-scope psychedelic/ketamine/entactogen/dissociative compound or intervention term appears in the title/abstract; no dataset entity terms found.,False,1,,,
disorder,18584,10.1007/s00213-003-1463-5,Altered response to tryptophan supplementation after long-term abstention from MDMA (ecstasy) is highly correlated with human memory function,2003,True,not_open_access,escalate,in-scope compound/intervention term appears in title or abstract,True,1,,,
disorder,18589,10.1007/s00213-008-1237-1,Pharmacological modulation of the neural basis underlying inhibition of return (IOR) in the human 5-HT2A agonist and NMDA antagonist model of psychosis,2008,True,not_open_access,escalate,in-scope compound/intervention term appears in title or abstract,True,1,,,
disorder,18594,10.1007/s00213-012-2905-8,The relationship between impulsivity and craving in alcohol dependent patients,2012,True,not_open_access,exclude_obvious_irrelevant,No in-scope psychedelic/ketamine/entactogen/dissociative compound or intervention term appears in the title/abstract; dataset entity terms present.,False,1,,,
disorder,18609,10.1007/s00213-019-05204-4,Effects of ketamine treatment on cocaine-induced reinstatement and disruption of functional connectivity in unanesthetized rhesus monkeys,2019,True,not_open_access,escalate,in-scope compound/intervention term appears in title or abstract,True,1,,,
disorder,18634,10.1007/s00213-024-06669-8,"Acute analgesic effect of nicotine vaping using three experimental pain induction tasks: a randomized, placebo-controlled laboratory study",2024,True,not_open_access,exclude_obvious_irrelevant,No in-scope psychedelic/ketamine/entactogen/dissociative compound or intervention term appears in the title/abstract; dataset entity terms present.,False,1,,,
disorder,18652,10.1007/s00253-019-10122-8,Protective effects of Lactobacillus plantarum against chronic alcohol-induced liver injury in the murine model,2019,True,not_open_access,exclude_obvious_irrelevant,No in-scope psychedelic/ketamine/entactogen/dissociative compound or intervention term appears in the title/abstract; no dataset entity terms found.,False,1,,,
disorder,18663,10.1007/s00406-004-0484-3,Antioxidant enzyme and malondialdehyde values in social phobia before and after citalopram treatment,2004,True,not_open_access,exclude_obvious_irrelevant,No in-scope psychedelic/ketamine/entactogen/dissociative compound or intervention term appears in the title/abstract; dataset entity terms present.,False,1,,,
disorder,18668,10.1007/s00406-014-0542-4,Prediction of methylphenidate treatment outcome in adults with attention-deficit/hyperactivity disorder (ADHD),2014,True,not_open_access,exclude_obvious_irrelevant,No in-scope psychedelic/ketamine/entactogen/dissociative compound or intervention term appears in the title/abstract; no dataset entity terms found.,False,1,,,
disorder,18718,10.1007/s00586-016-4376-9,Are non-invasive interventions effective for the management of headaches associated with neck pain? An update of the Bone and Joint Decade Task Force on Neck Pain and Its Associated Disorders by the Ontario Protocol for Traffic Injury Management (OPTIMa) Collaboration,2016,True,not_open_access,exclude_obvious_irrelevant,No in-scope psychedelic/ketamine/entactogen/dissociative compound or intervention term appears in the title/abstract; no dataset entity terms found.,False,1,,,
disorder,18727,10.1007/s00787-003-1113-9,The course and outcome of bulimia nervosa,2003,True,not_open_access,exclude_obvious_irrelevant,No in-scope psychedelic/ketamine/entactogen/dissociative compound or intervention term appears in the title/abstract; dataset entity terms present.,False,1,,,
disorder,18734,10.1007/s10067-017-3768-5,Serious adverse events after HPV vaccination: a critical review of randomized trials and post-marketing case series,2017,True,not_open_access,exclude_obvious_irrelevant,No in-scope psychedelic/ketamine/entactogen/dissociative compound or intervention term appears in the title/abstract; no dataset entity terms found.,False,1,,,
disorder,18738,10.1007/s10072-014-1864-8,Decreased antioxidant status in migraine patients with brain white matter hyperintensities,2014,True,not_open_access,exclude_obvious_irrelevant,No in-scope psychedelic/ketamine/entactogen/dissociative compound or intervention term appears in the title/abstract; no dataset entity terms found.,False,1,,,
disorder,18739,10.1007/s10072-015-2240-z,Serum oxidant and antioxidant status of patients with chronic tension-type headache: possible effects of medical treatment,2015,True,not_open_access,exclude_obvious_irrelevant,No in-scope psychedelic/ketamine/entactogen/dissociative compound or intervention term appears in the title/abstract; no dataset entity terms found.,False,1,,,
disorder,18740,10.1007/s10072-017-2910-0,New treatments for headache,2017,True,not_open_access,exclude_obvious_irrelevant,No in-scope psychedelic/ketamine/entactogen/dissociative compound or intervention term appears in the title/abstract; no dataset entity terms found.,False,1,,,
disorder,18743,10.1007/s10072-024-07794-0,Effects of selected dietary supplements on migraine prophylaxis: A systematic review and dose–response meta-analysis of randomized controlled trials,2024,True,not_open_access,exclude_obvious_irrelevant,No in-scope psychedelic/ketamine/entactogen/dissociative compound or intervention term appears in the title/abstract; no dataset entity terms found.,False,1,,,
disorder,18745,10.1007/s100720170068,Efficacy and tolerability of dopamine agonists in a parkinsonian population,2001,True,not_open_access,exclude_obvious_irrelevant,No in-scope psychedelic/ketamine/entactogen/dissociative compound or intervention term appears in the title/abstract; no dataset entity terms found.,False,1,,,
disorder,18746,10.1007/s10143-021-01725-9,Gamma Knife radiosurgery for the treatment of cluster headache: a systematic review,2022,True,not_open_access,exclude_obvious_irrelevant,No in-scope psychedelic/ketamine/entactogen/dissociative compound or intervention term appears in the title/abstract; dataset entity terms present.,False,1,,,
disorder,18753,10.1007/s10484-008-9060-3,Biofeedback Treatment for Headache Disorders: A Comprehensive Efficacy Review,2008,True,not_open_access,exclude_obvious_irrelevant,No in-scope psychedelic/ketamine/entactogen/dissociative compound or intervention term appears in the title/abstract; dataset entity terms present.,False,1,,,
disorder,18755,10.1007/s10484-022-09565-z,A Pilot Study of a Three-Session Heart Rate Variability Biofeedback Intervention for Veterans with Posttraumatic Stress Disorder,2022,True,not_open_access,exclude_obvious_irrelevant,No in-scope psychedelic/ketamine/entactogen/dissociative compound or intervention term appears in the title/abstract; dataset entity terms present.,False,1,,,
disorder,18756,10.1007/s10484-023-09610-5,Increasing Value and Reducing Waste of Research on Neurofeedback Effects in Post-traumatic Stress Disorder: A State-of-the-Art-Review,2023,True,not_open_access,exclude_obvious_irrelevant,No in-scope psychedelic/ketamine/entactogen/dissociative compound or intervention term appears in the title/abstract; dataset entity terms present.,False,1,,,
disorder,18761,10.1007/s10549-011-1644-6,"Vitamin D and aromatase inhibitor-induced musculoskeletal symptoms (AIMSS): a phase II, double-blind, placebo-controlled, randomized trial",2011,True,not_open_access,exclude_obvious_irrelevant,No in-scope psychedelic/ketamine/entactogen/dissociative compound or intervention term appears in the title/abstract; no dataset entity terms found.,False,1,,,
disorder,18775,10.1007/s10787-016-0289-9,"Curcuma longa extract reduces inflammatory and oxidative stress biomarkers in osteoarthritis of knee: a four-month, double-blind, randomized, placebo-controlled trial",2016,True,not_open_access,exclude_obvious_irrelevant,No in-scope psychedelic/ketamine/entactogen/dissociative compound or intervention term appears in the title/abstract; no dataset entity terms found.,False,1,,,
disorder,18781,10.1007/s10803-015-2530-6,Effectiveness of a Standardized Equine-Assisted Therapy Program for Children with Autism Spectrum Disorder,2015,True,not_open_access,exclude_obvious_irrelevant,No in-scope psychedelic/ketamine/entactogen/dissociative compound or intervention term appears in the title/abstract; dataset entity terms present.,False,1,,,
disorder,18783,10.1007/s10803-017-3456-y,Effectiveness of a Multisystem Aquatic Therapy for Children with Autism Spectrum Disorders,2018,True,not_open_access,exclude_obvious_irrelevant,No in-scope psychedelic/ketamine/entactogen/dissociative compound or intervention term appears in the title/abstract; dataset entity terms present.,False,1,,,
disorder,18784,10.1007/s10803-018-3659-x,"Emotional Processing in Autism Spectrum Disorders: Effects of Age, Emotional Valence, and Social Engagement on Emotional Language Use",2018,True,not_open_access,exclude_obvious_irrelevant,No in-scope psychedelic/ketamine/entactogen/dissociative compound or intervention term appears in the title/abstract; dataset entity terms present.,False,1,,,
disorder,18788,10.1007/s10803-023-06031-5,Effects of Physical Exercise on Gross Motor Skills in Children with Autism Spectrum Disorder,2023,True,not_open_access,exclude_obvious_irrelevant,No in-scope psychedelic/ketamine/entactogen/dissociative compound or intervention term appears in the title/abstract; dataset entity terms present.,False,1,,,
disorder,18789,10.1007/s10803-023-06185-2,Telehealth as a Psychological Intervention for Caregivers of Children with Neurodevelopmental Disorders: A Systematic Review with Effect Sizes,2023,True,not_open_access,exclude_obvious_irrelevant,No in-scope psychedelic/ketamine/entactogen/dissociative compound or intervention term appears in the title/abstract; dataset entity terms present.,False,1,,,
disorder,18792,10.1007/s10803-024-06325-2,The Effectiveness of Sensory-Motor Integration Exercises on Social Skills and Motor Performance in Children with Autism,2024,True,not_open_access,exclude_obvious_irrelevant,No in-scope psychedelic/ketamine/entactogen/dissociative compound or intervention term appears in the title/abstract; dataset entity terms present.,False,1,,,
disorder,18802,10.1007/s10865-017-9868-5,Time to selected quit date and subsequent rates of sustained smoking abstinence,2017,True,not_open_access,exclude_obvious_irrelevant,No in-scope psychedelic/ketamine/entactogen/dissociative compound or intervention term appears in the title/abstract; dataset entity terms present.,False,1,,,
disorder,18805,10.1007/s10899-015-9533-2,Smoking and Gambling Disorder: Does Tobacco Use Influence Treatment Outcome?,2015,True,not_open_access,exclude_obvious_irrelevant,No in-scope psychedelic/ketamine/entactogen/dissociative compound or intervention term appears in the title/abstract; no dataset entity terms found.,False,1,,,
disorder,18806,10.1007/s10899-020-09931-8,"Gambling, Substance Use and Violence in Male and Female Adolescents",2020,True,not_open_access,escalate,in-scope compound/intervention term appears in title or abstract,True,1,,,
disorder,18811,10.1007/s11011-023-01275-7,Saffron and crocin ameliorate prenatal valproic acid-induced autistic-like behaviors and brain oxidative stress in the male offspring rats,2023,True,not_open_access,exclude_obvious_irrelevant,No in-scope psychedelic/ketamine/entactogen/dissociative compound or intervention term appears in the title/abstract; no dataset entity terms found.,False,1,,,
disorder,18818,10.1007/s11033-019-04989-z,Influence of adjuvant Coenzyme Q10 on inflammatory and oxidative stress biomarkers in patients with bipolar disorders during the depressive episode,2019,True,not_open_access,exclude_obvious_irrelevant,No in-scope psychedelic/ketamine/entactogen/dissociative compound or intervention term appears in the title/abstract; no dataset entity terms found.,False,1,,,
disorder,18822,10.1007/s11064-018-2490-2,Analgesic Effect of Methane Rich Saline in a Rat Model of Chronic Inflammatory Pain,2018,True,not_open_access,exclude_obvious_irrelevant,No in-scope psychedelic/ketamine/entactogen/dissociative compound or intervention term appears in the title/abstract; dataset entity terms present.,False,1,,,
disorder,18824,10.1007/s11065-021-09506-3,Cognitive Remediation as an Adjunct Treatment for Substance Use Disorders: A Systematic Review,2021,True,not_open_access,exclude_obvious_irrelevant,No in-scope psychedelic/ketamine/entactogen/dissociative compound or intervention term appears in the title/abstract; no dataset entity terms found.,False,1,,,
disorder,18831,10.1007/s11154-009-9123-7,Psychosomatic aspects of Cushing’s syndrome,2009,True,not_open_access,exclude_obvious_irrelevant,No in-scope psychedelic/ketamine/entactogen/dissociative compound or intervention term appears in the title/abstract; dataset entity terms present.,False,1,,,
disorder,18833,10.1007/s11255-020-02450-w,The impact of donor urine chemical toxicology analysis on outcomes of kidney transplantation,2020,True,not_open_access,escalate,in-scope compound/intervention term appears in title or abstract,True,1,,,
disorder,18847,10.1007/s11481-016-9680-y,Neuroimaging the Effectiveness of Substance Use Disorder Treatments,2016,True,not_open_access,exclude_obvious_irrelevant,No in-scope psychedelic/ketamine/entactogen/dissociative compound or intervention term appears in the title/abstract; dataset entity terms present.,False,1,,,
disorder,18860,10.1007/s11845-023-03280-2,"Serum paraoxonase activities, nitric oxide, and malondialdehyde levels are altered in patients with primary fibromyalgia syndrome",2023,True,not_open_access,exclude_obvious_irrelevant,No in-scope psychedelic/ketamine/entactogen/dissociative compound or intervention term appears in the title/abstract; dataset entity terms present.,False,1,,,
disorder,18863,10.1007/s11904-019-00436-7,Medications for Treatment of Opioid Use Disorder among Persons Living with HIV,2019,True,not_open_access,exclude_obvious_irrelevant,No in-scope psychedelic/ketamine/entactogen/dissociative compound or intervention term appears in the title/abstract; dataset entity terms present.,False,1,,,
disorder,18865,10.1007/s11910-001-0006-x,Chronic daily headache,2001,True,not_open_access,exclude_obvious_irrelevant,No in-scope psychedelic/ketamine/entactogen/dissociative compound or intervention term appears in the title/abstract; dataset entity terms present.,False,1,,,
disorder,18867,10.1007/s11910-009-0019-4,Medication overuse headache,2009,True,not_open_access,exclude_obvious_irrelevant,No in-scope psychedelic/ketamine/entactogen/dissociative compound or intervention term appears in the title/abstract; no dataset entity terms found.,False,1,,,
disorder,18868,10.1007/s11910-013-0343-6,Vertigo as a Migraine Phenomenon,2013,True,not_open_access,exclude_obvious_irrelevant,No in-scope psychedelic/ketamine/entactogen/dissociative compound or intervention term appears in the title/abstract; no dataset entity terms found.,False,1,,,
disorder,18873,10.1007/s11912-014-0417-x,Mind-Body Practices in Cancer Care,2014,True,not_open_access,exclude_obvious_irrelevant,No in-scope psychedelic/ketamine/entactogen/dissociative compound or intervention term appears in the title/abstract; no dataset entity terms found.,False,1,,,
disorder,18874,10.1007/s11916-004-0036-6,Indomethacin-responsive headache syndromes,2004,True,not_open_access,exclude_obvious_irrelevant,No in-scope psychedelic/ketamine/entactogen/dissociative compound or intervention term appears in the title/abstract; no dataset entity terms found.,False,1,,,
disorder,18875,10.1007/s11916-009-0077-y,Chronic tension-type headache,2009,True,not_open_access,exclude_obvious_irrelevant,No in-scope psychedelic/ketamine/entactogen/dissociative compound or intervention term appears in the title/abstract; no dataset entity terms found.,False,1,,,
disorder,18882,10.1007/s11916-013-0392-1,Neuromodulation for Intractable Headaches,2014,True,not_open_access,exclude_obvious_irrelevant,No in-scope psychedelic/ketamine/entactogen/dissociative compound or intervention term appears in the title/abstract; dataset entity terms present.,False,1,,,
disorder,18884,10.1007/s11916-015-0511-2,SUNCT/SUNA: A Review,2015,True,not_open_access,exclude_obvious_irrelevant,No in-scope psychedelic/ketamine/entactogen/dissociative compound or intervention term appears in the title/abstract; no dataset entity terms found.,False,1,,,
disorder,18886,10.1007/s11916-015-0534-8,Outcome of Chronic Daily Headache or Chronic Migraine,2015,True,not_open_access,exclude_obvious_irrelevant,No in-scope psychedelic/ketamine/entactogen/dissociative compound or intervention term appears in the title/abstract; no dataset entity terms found.,False,1,,,
disorder,18887,10.1007/s11916-016-0549-9,New Pain Management Options for the Surgical Patient on Methadone and Buprenorphine,2016,True,not_open_access,escalate,in-scope compound/intervention term appears in title or abstract,True,1,,,
disorder,18901,10.1007/s11916-024-01258-y,Light Therapy in Chronic Migraine,2024,True,not_open_access,exclude_obvious_irrelevant,No in-scope psychedelic/ketamine/entactogen/dissociative compound or intervention term appears in the title/abstract; no dataset entity terms found.,False,1,,,
disorder,18902,10.1007/s11916-024-01269-9,Advances in Exercise in the Clinical Trials of Migraine: A Scoping Review,2024,True,not_open_access,exclude_obvious_irrelevant,No in-scope psychedelic/ketamine/entactogen/dissociative compound or intervention term appears in the title/abstract; no dataset entity terms found.,False,1,,,
disorder,18903,10.1007/s11916-024-01284-w,The Role of Mindfulness Therapy in the Treatment of Chronic Pain,2024,True,not_open_access,exclude_obvious_irrelevant,No in-scope psychedelic/ketamine/entactogen/dissociative compound or intervention term appears in the title/abstract; dataset entity terms present.,False,1,,,
disorder,18907,10.1007/s11916-025-01411-1,Low Dose Naltrexone In The Management Of Chronic Pain Syndrome: A Meta-Analysis Of Randomized Controlled Clinical Trials,2025,True,not_open_access,exclude_obvious_irrelevant,No in-scope psychedelic/ketamine/entactogen/dissociative compound or intervention term appears in the title/abstract; dataset entity terms present.,False,1,,,
disorder,18909,10.1007/s11920-008-0019-0,Post-traumatic stress disorder and its treatment in children and adolescents,2008,True,not_open_access,exclude_obvious_irrelevant,No in-scope psychedelic/ketamine/entactogen/dissociative compound or intervention term appears in the title/abstract; dataset entity terms present.,False,1,,,
disorder,18911,10.1007/s11920-015-0573-1,Psychopharmacologic Treatment of Eating Disorders: Emerging Findings,2015,True,not_open_access,exclude_obvious_irrelevant,No in-scope psychedelic/ketamine/entactogen/dissociative compound or intervention term appears in the title/abstract; dataset entity terms present.,False,1,,,
disorder,18914,10.1007/s11920-017-0758-x,Use of Stimulants in Bipolar Disorder,2017,True,not_open_access,exclude_obvious_irrelevant,No in-scope psychedelic/ketamine/entactogen/dissociative compound or intervention term appears in the title/abstract; dataset entity terms present.,False,1,,,
disorder,18917,10.1007/s11920-020-01201-z,Challenges for Women Entering Treatment for Opioid Use Disorder,2020,True,not_open_access,exclude_obvious_irrelevant,No in-scope psychedelic/ketamine/entactogen/dissociative compound or intervention term appears in the title/abstract; dataset entity terms present.,False,1,,,
disorder,18919,10.1007/s11920-022-01324-5,ADHD and Anxiety Disorder Comorbidity in Children and Adults: Diagnostic and Therapeutic Challenges,2022,True,not_open_access,exclude_obvious_irrelevant,No in-scope psychedelic/ketamine/entactogen/dissociative compound or intervention term appears in the title/abstract; no dataset entity terms found.,False,1,,,
disorder,18926,10.1007/s11926-019-0861-6,Qigong and Musculoskeletal Pain,2019,True,not_open_access,exclude_obvious_irrelevant,No in-scope psychedelic/ketamine/entactogen/dissociative compound or intervention term appears in the title/abstract; dataset entity terms present.,False,1,,,
disorder,18927,10.1007/s11934-018-0783-2,Neuromodulation for Chronic Pelvic Pain,2018,True,not_open_access,exclude_obvious_irrelevant,No in-scope psychedelic/ketamine/entactogen/dissociative compound or intervention term appears in the title/abstract; no dataset entity terms found.,False,1,,,
disorder,18930,10.1007/s12011-019-01681-y,Trace Element Levels and Oxidant/Antioxidant Status in Patients with Alcohol Abuse,2019,True,not_open_access,exclude_obvious_irrelevant,No in-scope psychedelic/ketamine/entactogen/dissociative compound or intervention term appears in the title/abstract; dataset entity terms present.,False,1,,,
disorder,18936,10.1007/s12031-019-01401-0,"The Association of Major Depressive Disorder with Activation of NLRP3 Inflammasome, Lipid Peroxidation, and Total Antioxidant Capacity",2019,True,not_open_access,exclude_obvious_irrelevant,No in-scope psychedelic/ketamine/entactogen/dissociative compound or intervention term appears in the title/abstract; dataset entity terms present.,False,1,,,
disorder,18943,10.1007/s12035-026-05677-3,Gastrodin Ameliorates Pain-Depression Comorbidity through SIRT3-Dependent Alleviation of Oxidative Stress and Promotion of Mitochondrial Biogenesis,2026,True,not_open_access,exclude_obvious_irrelevant,No in-scope psychedelic/ketamine/entactogen/dissociative compound or intervention term appears in the title/abstract; dataset entity terms present.,False,1,,,
disorder,18953,10.1007/s12311-012-0382-6,Lisuride Reduces Involuntary Periodic Leg Movements in Spinocerebellar Ataxia Type 2 Patients,2012,True,not_open_access,escalate,in-scope compound/intervention term appears in title or abstract,True,1,,,
disorder,18968,10.1007/s40211-020-00346-w,A review of binge eating disorder and obesity,2020,True,not_open_access,exclude_obvious_irrelevant,No in-scope psychedelic/ketamine/entactogen/dissociative compound or intervention term appears in the title/abstract; no dataset entity terms found.,False,1,,,
disorder,18980,10.1007/s40263-016-0373-0,Naltrexone: A Pan-Addiction Treatment?,2016,True,not_open_access,exclude_obvious_irrelevant,No in-scope psychedelic/ketamine/entactogen/dissociative compound or intervention term appears in the title/abstract; dataset entity terms present.,False,1,,,
disorder,18981,10.1007/s40263-019-00665-9,Recent Advances in Pharmacotherapy for Episodic Migraine,2019,True,not_open_access,exclude_obvious_irrelevant,No in-scope psychedelic/ketamine/entactogen/dissociative compound or intervention term appears in the title/abstract; no dataset entity terms found.,False,1,,,
disorder,18988,10.1007/s40263-024-01107-x,Psychotropic Drugs Reemerging as Headache Medicines,2024,True,not_open_access,escalate,in-scope compound/intervention term appears in title or abstract,True,1,,,
disorder,18995,10.1007/s40263-026-01296-7,Clinical Predictors of Antidepressant Effects of Ketamine and Esketamine in Treatment-Resistant Unipolar and Bipolar Depression: A Systematic Review,2026,True,not_open_access,escalate,in-scope compound/intervention term appears in title or abstract,True,1,,,
disorder,18999,10.1007/s40265-018-0944-0,Erenumab: First Global Approval,2018,True,not_open_access,exclude_obvious_irrelevant,No in-scope psychedelic/ketamine/entactogen/dissociative compound or intervention term appears in the title/abstract; no dataset entity terms found.,False,1,,,
disorder,19050,10.1007/s40519-015-0211-2,Prognostic factors and outcome in anorexia nervosa: a follow-up study,2015,True,not_open_access,escalate,broad psychiatric treatment language needs LLM review,True,1,,,
disorder,19052,10.1007/s40519-019-00643-6,Combining day treatment and outpatient treatment for eating disorders: findings from a naturalistic setting,2019,True,not_open_access,exclude_obvious_irrelevant,No in-scope psychedelic/ketamine/entactogen/dissociative compound or intervention term appears in the title/abstract; dataset entity terms present.,False,1,,,
disorder,19111,10.1016/0006-3223(94)90019-1,The effects of lisuride on mood and sleep during acute withdrawal in stimulant abusers: A preliminary report,1994,True,not_open_access,escalate,in-scope compound/intervention term appears in title or abstract,True,1,,,
disorder,19136,10.1016/0165-1781(92)90013-s,Treatment of extrapyramidal side effects with terguride,1992,True,not_open_access,exclude_obvious_irrelevant,No in-scope psychedelic/ketamine/entactogen/dissociative compound or intervention term appears in the title/abstract; no dataset entity terms found.,False,1,,,
disorder,19137,10.1016/0165-1781(93)90090-4,A clinical trial of sleep deprivation in combination with antidepressant medication,1993,True,not_open_access,escalate,in-scope compound/intervention term appears in title or abstract,True,1,,,
disorder,19140,10.1016/0278-5846(87)90007-8,Treatment of alcohol organic mental disorder with piracetam,1987,True,not_open_access,exclude_obvious_irrelevant,No in-scope psychedelic/ketamine/entactogen/dissociative compound or intervention term appears in the title/abstract; no dataset entity terms found.,False,1,,,
disorder,19454,10.1016/bs.pbr.2023.02.004,Treatment resistant depression in elderly,2023,True,not_open_access,exclude_obvious_irrelevant,No in-scope psychedelic/ketamine/entactogen/dissociative compound or intervention term appears in the title/abstract; dataset entity terms present.,False,1,,,
disorder,19457,10.1016/bs.pbr.2023.03.006,Brain stimulation for treatment-resistant depression,2023,True,not_open_access,exclude_obvious_irrelevant,No in-scope psychedelic/ketamine/entactogen/dissociative compound or intervention term appears in the title/abstract; dataset entity terms present.,False,1,,,
disorder,19460,10.1016/bs.pmbts.2018.01.005,Epigenetic Drugs for Mood Disorders,2018,True,not_open_access,exclude_obvious_irrelevant,No in-scope psychedelic/ketamine/entactogen/dissociative compound or intervention term appears in the title/abstract; dataset entity terms present.,False,1,,,
disorder,19470,10.1016/j.acap.2026.103316,"Mental Health Diagnoses, Dispositions, and Changes Over Time of Children and Early Adolescents Presenting to Emergency Departments in the United States: A Scoping Review",2026,True,not_open_access,exclude_obvious_irrelevant,No in-scope psychedelic/ketamine/entactogen/dissociative compound or intervention term appears in the title/abstract; dataset entity terms present.,False,1,,,
disorder,19475,10.1016/j.addbeh.2012.04.006,Neurophysiological effects of modafinil on cue-exposure in cocaine dependence: A randomized placebo‐controlled cross-over study using pharmacological fMRI,2012,True,not_open_access,exclude_obvious_irrelevant,No in-scope psychedelic/ketamine/entactogen/dissociative compound or intervention term appears in the title/abstract; dataset entity terms present.,False,1,,,
disorder,19487,10.1016/j.addbeh.2020.106795,Preventing E-cigarette use among high-risk adolescents: A trauma-informed prevention approach,2020,True,not_open_access,exclude_obvious_irrelevant,No in-scope psychedelic/ketamine/entactogen/dissociative compound or intervention term appears in the title/abstract; dataset entity terms present.,False,1,,,
disorder,19488,10.1016/j.addbeh.2022.107283,N-acetyl cysteine in the treatment of cannabis use disorder: A systematic review of clinical trials,2022,True,not_open_access,exclude_obvious_irrelevant,No in-scope psychedelic/ketamine/entactogen/dissociative compound or intervention term appears in the title/abstract; dataset entity terms present.,False,1,,,
disorder,19490,10.1016/j.addbeh.2022.107589,Effects of buprenorphine on opioid craving in comparison to other medications for opioid use disorder: A systematic review of randomized controlled trials,2022,True,not_open_access,exclude_obvious_irrelevant,No in-scope psychedelic/ketamine/entactogen/dissociative compound or intervention term appears in the title/abstract; dataset entity terms present.,False,1,,,
disorder,19491,10.1016/j.addbeh.2023.107723,Treatment outcomes among pregnant women with cannabis use disorder,2023,True,not_open_access,exclude_obvious_irrelevant,No in-scope psychedelic/ketamine/entactogen/dissociative compound or intervention term appears in the title/abstract; dataset entity terms present.,False,1,,,
disorder,19492,10.1016/j.addbeh.2024.108242,Pharmacological treatment for substance use disorder: A systematic review,2025,True,not_open_access,exclude_obvious_irrelevant,No in-scope psychedelic/ketamine/entactogen/dissociative compound or intervention term appears in the title/abstract; dataset entity terms present.,False,1,,,
disorder,19507,10.1016/j.ajem.2024.10.015,High- versus low-dose ketamine for analgesia in older adults in the emergency department,2024,True,not_open_access,escalate,in-scope compound/intervention term appears in title or abstract,True,1,,,
disorder,19510,10.1016/j.ajp.2014.09.001,Emerging antidepressants to treat major depressive disorder,2014,True,not_open_access,exclude_obvious_irrelevant,No in-scope psychedelic/ketamine/entactogen/dissociative compound or intervention term appears in the title/abstract; dataset entity terms present.,False,1,,,
disorder,19511,10.1016/j.ajp.2015.07.009,A comparative study of different modalities of treatment in nicotine dependence syndrome,2015,True,not_open_access,exclude_obvious_irrelevant,No in-scope psychedelic/ketamine/entactogen/dissociative compound or intervention term appears in the title/abstract; dataset entity terms present.,False,1,,,
disorder,19514,10.1016/j.ajp.2017.12.001,Frequency and correlates of tardive dyskinesia in Indian patients with type I bipolar disorder,2017,True,not_open_access,exclude_obvious_irrelevant,No in-scope psychedelic/ketamine/entactogen/dissociative compound or intervention term appears in the title/abstract; no dataset entity terms found.,False,1,,,
disorder,19518,10.1016/j.ajp.2022.103189,Intensive rTMS for treatment-resistant depression patients with suicidal ideation: An open-label study,2022,True,not_open_access,exclude_obvious_irrelevant,No in-scope psychedelic/ketamine/entactogen/dissociative compound or intervention term appears in the title/abstract; dataset entity terms present.,False,1,,,
disorder,19521,10.1016/j.ajp.2023.103839,Adjunctive antidepressants for the treatment of bipolar depression: An updated meta-analysis of randomized clinical trials,2023,True,not_open_access,exclude_obvious_irrelevant,No in-scope psychedelic/ketamine/entactogen/dissociative compound or intervention term appears in the title/abstract; dataset entity terms present.,False,1,,,
disorder,19524,10.1016/j.ajp.2024.104159,Treatment-emergent symptoms during short-term ketamine administration in treatment-resistant bipolar depression: A retrospective cross-sectional descriptive study,2024,True,not_open_access,escalate,in-scope compound/intervention term appears in title or abstract,True,1,,,
disorder,19543,10.1016/j.amjcard.2003.10.017,Effect of caffeine administered intravenously on intracoronary-administered adenosine-induced coronary hemodynamics in patients with coronary artery disease,2004,True,not_open_access,exclude_obvious_irrelevant,No in-scope psychedelic/ketamine/entactogen/dissociative compound or intervention term appears in the title/abstract; no dataset entity terms found.,False,1,,,
disorder,19548,10.1016/j.anaerobe.2015.08.004,Delayed infection with Parvimonas micra following spinal instrumentation,2015,True,not_open_access,exclude_obvious_irrelevant,No in-scope psychedelic/ketamine/entactogen/dissociative compound or intervention term appears in the title/abstract; dataset entity terms present.,False,1,,,
disorder,19549,10.1016/j.anai.2016.06.016,Evaluation of drug provocation test–related anxiety in patients with drug hypersensitivity,2016,True,not_open_access,escalate,in-scope compound/intervention term appears in title or abstract,True,1,,,
disorder,19557,10.1016/j.annemergmed.2020.08.021,"Intravenous Haloperidol Versus Ondansetron for Cannabis Hyperemesis Syndrome (HaVOC): A Randomized, Controlled Trial",2020,True,not_open_access,exclude_obvious_irrelevant,No in-scope psychedelic/ketamine/entactogen/dissociative compound or intervention term appears in the title/abstract; no dataset entity terms found.,False,1,,,
disorder,19561,10.1016/j.annfar.2013.04.012,Douleurs chroniques postchirurgicales,2013,True,not_open_access,exclude_obvious_irrelevant,No in-scope psychedelic/ketamine/entactogen/dissociative compound or intervention term appears in the title/abstract; dataset entity terms present.,False,1,,,
disorder,19564,10.1016/j.apmr.2018.10.018,Influence of Peer-led Wheelchair Training on Wheelchair Skills and Participation in Older Adults: Clinical Outcomes of a Randomized Controlled Feasibility Trial,2018,True,not_open_access,escalate,in-scope compound/intervention term appears in title or abstract,True,1,,,
disorder,19567,10.1016/j.appet.2019.02.012,Use of cyproheptadine to stimulate appetite and body weight gain: A systematic review,2019,True,not_open_access,exclude_obvious_irrelevant,No in-scope psychedelic/ketamine/entactogen/dissociative compound or intervention term appears in the title/abstract; no dataset entity terms found.,False,1,,,
disorder,19569,10.1016/j.arth.2022.07.018,Rates and Outcomes of Periprosthetic Joint Infection in Persons Who Inject Drugs,2022,True,not_open_access,exclude_obvious_irrelevant,No in-scope psychedelic/ketamine/entactogen/dissociative compound or intervention term appears in the title/abstract; no dataset entity terms found.,False,1,,,
disorder,19570,10.1016/j.atherosclerosis.2017.05.012,"Effects of varenicline and nicotine replacement therapy on arterial elasticity, endothelial glycocalyx and oxidative stress during a 3-month smoking cessation program",2017,True,not_open_access,exclude_obvious_irrelevant,No in-scope psychedelic/ketamine/entactogen/dissociative compound or intervention term appears in the title/abstract; no dataset entity terms found.,False,1,,,
disorder,19571,10.1016/j.autneu.2006.07.023,Gastrointestinal disturbances in eating disorders: Clinical and neurobiological aspects,2006,True,not_open_access,exclude_obvious_irrelevant,No in-scope psychedelic/ketamine/entactogen/dissociative compound or intervention term appears in the title/abstract; dataset entity terms present.,False,1,,,
disorder,19573,10.1016/j.bbi.2024.09.005,Low-dose interleukin-2 in patients with bipolar depression: A phase 2 randomised double-blind placebo-controlled trial,2024,True,not_open_access,exclude_obvious_irrelevant,No in-scope psychedelic/ketamine/entactogen/dissociative compound or intervention term appears in the title/abstract; dataset entity terms present.,False,1,,,
disorder,19577,10.1016/j.bbr.2014.04.045,Ameliorating effect of piperine on behavioral abnormalities and oxidative markers in sodium valproate induced autism in BALB/C mice,2014,True,not_open_access,exclude_obvious_irrelevant,No in-scope psychedelic/ketamine/entactogen/dissociative compound or intervention term appears in the title/abstract; no dataset entity terms found.,False,1,,,
disorder,19585,10.1016/j.bbrc.2017.09.030,Hepatoprotective effects of Methyl ferulic acid on alcohol-induced liver oxidative injury in mice by inhibiting the NOX4/ROS-MAPK pathway,2017,True,not_open_access,exclude_obvious_irrelevant,No in-scope psychedelic/ketamine/entactogen/dissociative compound or intervention term appears in the title/abstract; no dataset entity terms found.,False,1,,,
disorder,19586,10.1016/j.bcp.2008.02.013,Fluoxetine mediates G0/G1 arrest by inducing functional inhibition of cyclin dependent kinase subunit (CKS)1,2008,True,not_open_access,exclude_obvious_irrelevant,No in-scope psychedelic/ketamine/entactogen/dissociative compound or intervention term appears in the title/abstract; dataset entity terms present.,False,1,,,
disorder,19592,10.1016/j.beth.2014.04.004,The Influence of Anticipatory Processing on Attentional Biases in Social Anxiety,2014,True,not_open_access,escalate,in-scope compound/intervention term appears in title or abstract,True,1,,,
disorder,19594,10.1016/j.beth.2018.03.009,Dialectical Behavior Therapy Is Effective for the Treatment of Suicidal Behavior: A Meta-Analysis,2018,True,not_open_access,exclude_obvious_irrelevant,No in-scope psychedelic/ketamine/entactogen/dissociative compound or intervention term appears in the title/abstract; dataset entity terms present.,False,1,,,
disorder,19600,10.1016/j.beth.2024.03.002,"Once in Contact, Forever Contaminated! Introducing a Clinically Validated Imagery- and Video-Based Chain of Contagion Task for the Measurement of Disgust and Contamination Change in Experimental Research and Clinical Practice",2024,True,not_open_access,exclude_obvious_irrelevant,No in-scope psychedelic/ketamine/entactogen/dissociative compound or intervention term appears in the title/abstract; dataset entity terms present.,False,1,,,
disorder,19602,10.1016/j.biopha.2016.08.051,Guduchi Sawras (Tinospora cordifolia): An Ayurvedic drug treatment modulates the impaired lipid metabolism in alcoholics through dopaminergic neurotransmission and anti-oxidant defense system,2016,True,not_open_access,exclude_obvious_irrelevant,No in-scope psychedelic/ketamine/entactogen/dissociative compound or intervention term appears in the title/abstract; no dataset entity terms found.,False,1,,,
disorder,19604,10.1016/j.biopsych.2004.03.009,Neuroimmune and cortisol changes in selective serotonin reuptake inhibitor and placebo treatment of chronic posttraumatic stress disorder,2004,True,not_open_access,exclude_obvious_irrelevant,No in-scope psychedelic/ketamine/entactogen/dissociative compound or intervention term appears in the title/abstract; dataset entity terms present.,False,1,,,
disorder,19605,10.1016/j.biopsych.2004.06.011,Neural mechanisms of working memory in ecstasy (MDMA) users who continue or discontinue ecstasy and amphetamine use: Evidence from an 18-month longitudinal functional magnetic resonance imaging study,2004,True,not_open_access,escalate,in-scope compound/intervention term appears in title or abstract,True,1,,,
disorder,19616,10.1016/j.biopsych.2012.02.033,A Randomized Placebo-Controlled Trial of d-Cycloserine to Enhance Exposure Therapy for Posttraumatic Stress Disorder,2012,True,not_open_access,exclude_obvious_irrelevant,No in-scope psychedelic/ketamine/entactogen/dissociative compound or intervention term appears in the title/abstract; dataset entity terms present.,False,1,,,
disorder,19624,10.1016/j.biopsych.2012.12.025,Modafinil Modulates Resting-State Functional Network Connectivity and Cognitive Control in Alcohol-Dependent Patients,2013,True,not_open_access,exclude_obvious_irrelevant,No in-scope psychedelic/ketamine/entactogen/dissociative compound or intervention term appears in the title/abstract; dataset entity terms present.,False,1,,,
disorder,19676,10.1016/j.biopsych.2023.12.013,Comparisons of Accelerated Continuous and Intermittent Theta Burst Stimulation for Treatment-Resistant Depression and Suicidal Ideation,2023,True,not_open_access,exclude_obvious_irrelevant,No in-scope psychedelic/ketamine/entactogen/dissociative compound or intervention term appears in the title/abstract; dataset entity terms present.,False,1,,,
disorder,19693,10.1016/j.biortech.2015.10.083,Alkali-solubilized organic matter from sludge and its degradability in the anaerobic process,2015,True,not_open_access,escalate,in-scope compound/intervention term appears in title or abstract,True,1,,,
disorder,19696,10.1016/j.bjps.2024.09.058,Surgical treatment delay in patients with headache disorders and neuralgia correlates with poor postoperative outcome,2024,True,not_open_access,exclude_obvious_irrelevant,No in-scope psychedelic/ketamine/entactogen/dissociative compound or intervention term appears in the title/abstract; no dataset entity terms found.,False,1,,,
disorder,19700,10.1016/j.bpa.2020.06.004,Use of cannabidiol (CBD) for the treatment of chronic pain,2020,True,not_open_access,exclude_obvious_irrelevant,No in-scope psychedelic/ketamine/entactogen/dissociative compound or intervention term appears in the title/abstract; dataset entity terms present.,False,1,,,
disorder,19701,10.1016/j.bpa.2020.07.009,Utilization of B12 for the treatment of chronic migraine,2020,True,not_open_access,exclude_obvious_irrelevant,No in-scope psychedelic/ketamine/entactogen/dissociative compound or intervention term appears in the title/abstract; no dataset entity terms found.,False,1,,,
disorder,19702,10.1016/j.bpa.2020.08.001,Cognitive behavioral therapy for the treatment of chronic pelvic pain,2020,True,not_open_access,exclude_obvious_irrelevant,No in-scope psychedelic/ketamine/entactogen/dissociative compound or intervention term appears in the title/abstract; no dataset entity terms found.,False,1,,,
disorder,19703,10.1016/j.bpsc.2021.07.010,Intrinsic Functional Connectomes Characterize Neuroticism in Major Depressive Disorder and Predict Antidepressant Treatment Outcomes,2021,True,not_open_access,exclude_obvious_irrelevant,No in-scope psychedelic/ketamine/entactogen/dissociative compound or intervention term appears in the title/abstract; dataset entity terms present.,False,1,,,
disorder,19707,10.1016/j.brainres.2019.146597,Suvorexant to treat alcohol use disorder and comorbid insomnia: Plan for a phase II trial,2019,True,not_open_access,exclude_obvious_irrelevant,No in-scope psychedelic/ketamine/entactogen/dissociative compound or intervention term appears in the title/abstract; dataset entity terms present.,False,1,,,
disorder,19713,10.1016/j.brainresbull.2022.09.003,Homotaurine ameliorates the core ASD symptomatology in VPA rats through GABAergic signaling: Role of GAD67,2022,True,not_open_access,exclude_obvious_irrelevant,No in-scope psychedelic/ketamine/entactogen/dissociative compound or intervention term appears in the title/abstract; dataset entity terms present.,False,1,,,
disorder,19738,10.1016/j.cct.2005.11.003,Review of randomised trials using the post-randomised consent (Zelen's) design,2006,True,not_open_access,exclude_obvious_irrelevant,No in-scope psychedelic/ketamine/entactogen/dissociative compound or intervention term appears in the title/abstract; dataset entity terms present.,False,1,,,
disorder,19739,10.1016/j.cct.2012.02.013,Early phase drug development for treatment of chronic pain — Options for clinical trial and program design,2012,True,not_open_access,exclude_obvious_irrelevant,No in-scope psychedelic/ketamine/entactogen/dissociative compound or intervention term appears in the title/abstract; dataset entity terms present.,False,1,,,
disorder,19742,10.1016/j.cct.2016.08.006,An exploratory evaluation of Take Control : A novel computer-delivered behavioral platform for placebo-controlled pharmacotherapy trials for alcohol use disorder,2016,True,not_open_access,exclude_obvious_irrelevant,No in-scope psychedelic/ketamine/entactogen/dissociative compound or intervention term appears in the title/abstract; dataset entity terms present.,False,1,,,
disorder,19744,10.1016/j.cct.2017.07.021,Differing antidepressant maintenance methodologies,2017,True,not_open_access,exclude_obvious_irrelevant,No in-scope psychedelic/ketamine/entactogen/dissociative compound or intervention term appears in the title/abstract; dataset entity terms present.,False,1,,,
disorder,19745,10.1016/j.cct.2017.10.007,Study protocol and rationale for a randomized double-blinded crossover trial of phentermine-topiramate ER versus placebo to treat binge eating disorder and bulimia nervosa,2017,True,not_open_access,exclude_obvious_irrelevant,No in-scope psychedelic/ketamine/entactogen/dissociative compound or intervention term appears in the title/abstract; dataset entity terms present.,False,1,,,
disorder,19752,10.1016/j.cct.2024.107644,A clinical trial inclusion criteria to enrich for patients presenting with canonical symptom structure in bipolar depression,2024,True,not_open_access,exclude_obvious_irrelevant,No in-scope psychedelic/ketamine/entactogen/dissociative compound or intervention term appears in the title/abstract; dataset entity terms present.,False,1,,,
disorder,19757,10.1016/j.cct.2025.107916,"A protocol for high-dose lisdexamfetamine and contingency management, alone or in combination, for the treatment of methamphetamine use disorder: The ASCME study",2025,True,not_open_access,exclude_obvious_irrelevant,No in-scope psychedelic/ketamine/entactogen/dissociative compound or intervention term appears in the title/abstract; dataset entity terms present.,False,1,,,
disorder,19765,10.1016/j.chc.2005.06.002,Obsessive-Compulsive Disorder,2005,True,not_open_access,exclude_obvious_irrelevant,No in-scope psychedelic/ketamine/entactogen/dissociative compound or intervention term appears in the title/abstract; dataset entity terms present.,False,1,,,
disorder,19766,10.1016/j.chc.2007.12.001,Psychopharmacological Interventions,2008,True,not_open_access,exclude_obvious_irrelevant,No in-scope psychedelic/ketamine/entactogen/dissociative compound or intervention term appears in the title/abstract; no dataset entity terms found.,False,1,,,
disorder,19767,10.1016/j.chc.2022.07.004,Cannabis and Psychosis,2022,True,not_open_access,exclude_obvious_irrelevant,No in-scope psychedelic/ketamine/entactogen/dissociative compound or intervention term appears in the title/abstract; no dataset entity terms found.,False,1,,,
disorder,19772,10.1016/j.chom.2023.11.021,Precision microbial intervention improves social behavior but not autism severity: A pilot double-blind randomized placebo-controlled trial,2023,True,not_open_access,exclude_obvious_irrelevant,No in-scope psychedelic/ketamine/entactogen/dissociative compound or intervention term appears in the title/abstract; dataset entity terms present.,False,1,,,
disorder,19773,10.1016/j.chom.2024.01.013,Donor-recipient intermicrobial interactions impact transfer of subspecies and fecal microbiota transplantation outcome,2024,True,not_open_access,exclude_obvious_irrelevant,No in-scope psychedelic/ketamine/entactogen/dissociative compound or intervention term appears in the title/abstract; dataset entity terms present.,False,1,,,
disorder,19785,10.1016/j.clinthera.2010.04.010,Propofol/dexmedetomidine and propofol/ketamine combinations for anesthesia in pediatric patients undergoing transcatheter atrial septal defect closure: A prospective randomized study,2010,True,not_open_access,escalate,in-scope compound/intervention term appears in title or abstract,True,1,,,
disorder,19799,10.1016/j.compbiomed.2013.11.005,A novel mortality model for acute alcoholic hepatitis including variables recorded after admission to hospital,2013,True,not_open_access,exclude_obvious_irrelevant,No in-scope psychedelic/ketamine/entactogen/dissociative compound or intervention term appears in the title/abstract; no dataset entity terms found.,False,1,,,
disorder,19802,10.1016/j.cpr.2005.11.007,Relapse to smoking,2005,True,not_open_access,exclude_obvious_irrelevant,No in-scope psychedelic/ketamine/entactogen/dissociative compound or intervention term appears in the title/abstract; no dataset entity terms found.,False,1,,,
disorder,19804,10.1016/j.cpr.2012.01.006,A review of the definitions of outcome used in the treatment of bulimia nervosa,2012,True,not_open_access,exclude_obvious_irrelevant,No in-scope psychedelic/ketamine/entactogen/dissociative compound or intervention term appears in the title/abstract; dataset entity terms present.,False,1,,,
disorder,19805,10.1016/j.cpr.2014.01.002,Psychological treatment of generalized anxiety disorder: A meta-analysis,2014,True,not_open_access,exclude_obvious_irrelevant,No in-scope psychedelic/ketamine/entactogen/dissociative compound or intervention term appears in the title/abstract; dataset entity terms present.,False,1,,,
disorder,19806,10.1016/j.cpr.2015.06.003,Cognitive behavioral treatments of obsessive–compulsive disorder. A systematic review and meta-analysis of studies published 1993–2014,2015,True,not_open_access,exclude_obvious_irrelevant,No in-scope psychedelic/ketamine/entactogen/dissociative compound or intervention term appears in the title/abstract; dataset entity terms present.,False,1,,,
disorder,19807,10.1016/j.cpr.2017.01.006,Efficacy of group social skills interventions for youth with autism spectrum disorder: A systematic review and meta-analysis,2017,True,not_open_access,exclude_obvious_irrelevant,No in-scope psychedelic/ketamine/entactogen/dissociative compound or intervention term appears in the title/abstract; dataset entity terms present.,False,1,,,
disorder,19810,10.1016/j.cpr.2023.102323,Concerns about a systematic review of mediators of PTSD treatments: A commentary on Alpert and colleagues (2023),2023,True,not_open_access,exclude_obvious_irrelevant,No in-scope psychedelic/ketamine/entactogen/dissociative compound or intervention term appears in the title/abstract; dataset entity terms present.,False,1,,,
disorder,19814,10.1016/j.ctim.2019.07.021,Effects of yoga on eating disorders—A systematic review,2019,True,not_open_access,exclude_obvious_irrelevant,No in-scope psychedelic/ketamine/entactogen/dissociative compound or intervention term appears in the title/abstract; dataset entity terms present.,False,1,,,
disorder,19815,10.1016/j.ctim.2020.102361,"The effects of probiotic supplementation on mental health, biomarkers of inflammation and oxidative stress in patients with psychiatric disorders: A systematic review and meta-analysis of randomized controlled trials",2020,True,not_open_access,exclude_obvious_irrelevant,No in-scope psychedelic/ketamine/entactogen/dissociative compound or intervention term appears in the title/abstract; dataset entity terms present.,False,1,,,
disorder,19816,10.1016/j.ctrv.2013.09.009,Major depressive disorder in breast cancer: A critical systematic review of pharmacological and psychotherapeutic clinical trials,2013,True,not_open_access,exclude_obvious_irrelevant,No in-scope psychedelic/ketamine/entactogen/dissociative compound or intervention term appears in the title/abstract; dataset entity terms present.,False,1,,,
disorder,19822,10.1016/j.drugalcdep.2005.05.003,"Discriminative stimulus effects of 3,4-methylenedioxymethamphetamine (MDMA) in humans trained to discriminate among d-amphetamine, meta-chlorophenylpiperazine and placebo",2005,True,not_open_access,escalate,in-scope compound/intervention term appears in title or abstract,True,1,,,
disorder,19823,10.1016/j.drugalcdep.2010.02.017,An improved brief measure of cannabis misuse: The Cannabis Use Disorders Identification Test-Revised (CUDIT-R)☆,2010,True,not_open_access,exclude_obvious_irrelevant,No in-scope psychedelic/ketamine/entactogen/dissociative compound or intervention term appears in the title/abstract; dataset entity terms present.,False,1,,,
disorder,19825,10.1016/j.drugalcdep.2010.09.013,"Mortality among individuals with cannabis, cocaine, amphetamine, MDMA, and opioid use disorders: A nationwide follow-up study of Danish substance users in treatment",2010,True,not_open_access,escalate,in-scope compound/intervention term appears in title or abstract,True,1,,,
disorder,19826,10.1016/j.drugalcdep.2011.02.005,Cigarette and cannabis use trajectories among adolescents in treatment for attention-deficit/hyperactivity disorder and substance use disorders,2011,True,not_open_access,exclude_obvious_irrelevant,No in-scope psychedelic/ketamine/entactogen/dissociative compound or intervention term appears in the title/abstract; no dataset entity terms found.,False,1,,,
disorder,19833,10.1016/j.drugalcdep.2013.04.010,Validity of the Adult ADHD Self-Report Scale (ASRS) as a screener for adult ADHD in treatment seeking substance use disorder patients,2013,True,not_open_access,exclude_obvious_irrelevant,No in-scope psychedelic/ketamine/entactogen/dissociative compound or intervention term appears in the title/abstract; dataset entity terms present.,False,1,,,
disorder,19841,10.1016/j.drugalcdep.2014.12.037,Quetiapine for the treatment of cocaine use disorder,2015,True,not_open_access,exclude_obvious_irrelevant,No in-scope psychedelic/ketamine/entactogen/dissociative compound or intervention term appears in the title/abstract; dataset entity terms present.,False,1,,,
disorder,19850,10.1016/j.drugalcdep.2018.04.028,Review: Adjunctive pharmacologic approaches for benzodiazepine tapers,2018,True,not_open_access,exclude_obvious_irrelevant,No in-scope psychedelic/ketamine/entactogen/dissociative compound or intervention term appears in the title/abstract; no dataset entity terms found.,False,1,,,
disorder,19859,10.1016/j.drugalcdep.2018.12.021,Very-low-nicotine-content cigarettes and dependence among non-daily smokers,2019,True,not_open_access,exclude_obvious_irrelevant,No in-scope psychedelic/ketamine/entactogen/dissociative compound or intervention term appears in the title/abstract; dataset entity terms present.,False,1,,,
disorder,19889,10.1016/j.drugalcdep.2023.111029,Mindfulness and clinical correlates in methamphetamine use disorder,2023,True,not_open_access,exclude_obvious_irrelevant,No in-scope psychedelic/ketamine/entactogen/dissociative compound or intervention term appears in the title/abstract; dataset entity terms present.,False,1,,,
disorder,19916,10.1016/j.drugalcdep.2025.112769,Mirtazapine reduces hypothetical methamphetamine demand in humans,2025,True,not_open_access,exclude_obvious_irrelevant,No in-scope psychedelic/ketamine/entactogen/dissociative compound or intervention term appears in the title/abstract; dataset entity terms present.,False,1,,,
disorder,19918,10.1016/j.drugalcdep.2026.113125,"The wake of addiction: Pharmacological strategies for sleep disturbances in stimulant use disorders, a systematic review",2026,True,not_open_access,escalate,in-scope compound/intervention term appears in title or abstract,True,1,,,
disorder,19932,10.1016/j.eatbeh.2012.11.001,N-acetylcysteine in bulimia nervosa — Open-label trial,2012,True,not_open_access,exclude_obvious_irrelevant,No in-scope psychedelic/ketamine/entactogen/dissociative compound or intervention term appears in the title/abstract; no dataset entity terms found.,False,1,,,
disorder,19934,10.1016/j.eatbeh.2014.01.005,"Mindfulness meditation as an intervention for binge eating, emotional eating, and weight loss: A systematic review",2014,True,not_open_access,exclude_obvious_irrelevant,No in-scope psychedelic/ketamine/entactogen/dissociative compound or intervention term appears in the title/abstract; no dataset entity terms found.,False,1,,,
disorder,19940,10.1016/j.ejogrb.2018.08.578,"Effect of chlorella supplementation on systematic symptoms and serum levels of prostaglandins, inflammatory and oxidative markers in women with primary dysmenorrhea",2018,True,not_open_access,exclude_obvious_irrelevant,No in-scope psychedelic/ketamine/entactogen/dissociative compound or intervention term appears in the title/abstract; no dataset entity terms found.,False,1,,,
disorder,19942,10.1016/j.ejon.2025.102888,Effects of an app-assisted self-management intervention for urinary incontinence on self-efficacy and related outcomes in men with prostate cancer: A randomized controlled feasibility trial,2025,True,not_open_access,exclude_obvious_irrelevant,No in-scope psychedelic/ketamine/entactogen/dissociative compound or intervention term appears in the title/abstract; dataset entity terms present.,False,1,,,
disorder,19943,10.1016/j.ejon.2025.102934,The impact of dignity therapy on demoralization syndrome in patients undergoing chemotherapy: A randomized controlled trial exploring a nurse-led psychotherapeutic approach in oncology care,2025,True,not_open_access,exclude_obvious_irrelevant,No in-scope psychedelic/ketamine/entactogen/dissociative compound or intervention term appears in the title/abstract; dataset entity terms present.,False,1,,,
disorder,19956,10.1016/j.ejphar.2012.05.044,Effect of diethylcarbamazine on chronic hepatic inflammation induced by alcohol in C57BL/6 mice,2012,True,not_open_access,exclude_obvious_irrelevant,No in-scope psychedelic/ketamine/entactogen/dissociative compound or intervention term appears in the title/abstract; no dataset entity terms found.,False,1,,,
disorder,19982,10.1016/j.euroneuro.2012.10.004,"Effect of modafinil on impulsivity and relapse in alcohol dependent patients: A randomized, placebo-controlled trial",2012,True,not_open_access,exclude_obvious_irrelevant,No in-scope psychedelic/ketamine/entactogen/dissociative compound or intervention term appears in the title/abstract; dataset entity terms present.,False,1,,,
disorder,20016,10.1016/j.euroneuro.2024.03.006,Antidepressants compared to placebo for people with binge eating disorder: A systematic review and meta-analysis,2024,True,not_open_access,exclude_obvious_irrelevant,No in-scope psychedelic/ketamine/entactogen/dissociative compound or intervention term appears in the title/abstract; dataset entity terms present.,False,1,,,
disorder,20024,10.1016/j.euroneuro.2026.112818,Treatment of bipolar depression: results from a comprehensive network meta-analysis and updated systematic review,2026,True,not_open_access,exclude_obvious_irrelevant,No in-scope psychedelic/ketamine/entactogen/dissociative compound or intervention term appears in the title/abstract; dataset entity terms present.,False,1,,,
disorder,20032,10.1016/j.explore.2017.03.007,Acupuncture for the Prevention of Tension-Type Headache (2016),2017,True,not_open_access,exclude_obvious_irrelevant,No in-scope psychedelic/ketamine/entactogen/dissociative compound or intervention term appears in the title/abstract; no dataset entity terms found.,False,1,,,
disorder,20034,10.1016/j.explore.2017.04.018,Yoga Treatment for Chronic Non-Specific Low Back Pain (2017),2017,True,not_open_access,exclude_obvious_irrelevant,No in-scope psychedelic/ketamine/entactogen/dissociative compound or intervention term appears in the title/abstract; dataset entity terms present.,False,1,,,
disorder,20038,10.1016/j.expneurol.2021.113906,Treatment of multiple sclerosis fatigue with the synthetic psychoactive drug modafinil,2021,True,not_open_access,exclude_obvious_irrelevant,No in-scope psychedelic/ketamine/entactogen/dissociative compound or intervention term appears in the title/abstract; dataset entity terms present.,False,1,,,
disorder,20040,10.1016/j.freeradbiomed.2026.02.032,"Weizmannia coagulans BC99 alleviates alcohol-induced oxidative stress and gut barrier dysfunction via modulation of butyrate metabolism: A randomized, double-blind, placebo-controlled trial",2026,True,not_open_access,exclude_obvious_irrelevant,No in-scope psychedelic/ketamine/entactogen/dissociative compound or intervention term appears in the title/abstract; no dataset entity terms found.,False,1,,,
disorder,20045,10.1016/j.genhosppsych.2015.10.007,Prazosin for treating sleep disturbances in adults with posttraumatic stress disorder: a systematic review and meta-analysis of randomized controlled trials,2015,True,not_open_access,exclude_obvious_irrelevant,No in-scope psychedelic/ketamine/entactogen/dissociative compound or intervention term appears in the title/abstract; dataset entity terms present.,False,1,,,
disorder,20057,10.1016/j.ijantimicag.2026.107825,Safety and tolerability of switching to bictegravir/emtricitabine/tenofovir alafenamide versus continuing dolutegravir/lamivudine in people living with HIV with neuropsychiatric comorbidities: week 24 and 48 results from the Management of INSTI-associated Neuropsychiatric Disorders (MIND) clinical trial,2026,True,not_open_access,exclude_obvious_irrelevant,No in-scope psychedelic/ketamine/entactogen/dissociative compound or intervention term appears in the title/abstract; no dataset entity terms found.,False,1,,,
disorder,20058,10.1016/j.ijdevneu.2018.09.001,A review of interventions against fetal alcohol spectrum disorder targeting oxidative stress,2018,True,not_open_access,exclude_obvious_irrelevant,No in-scope psychedelic/ketamine/entactogen/dissociative compound or intervention term appears in the title/abstract; no dataset entity terms found.,False,1,,,
disorder,20064,10.1016/j.injury.2025.112872,Non-tobacco nicotine dependence and postoperative outcomes in operative treatment of humeral shaft fractures,2025,True,not_open_access,exclude_obvious_irrelevant,No in-scope psychedelic/ketamine/entactogen/dissociative compound or intervention term appears in the title/abstract; dataset entity terms present.,False,1,,,
disorder,20067,10.1016/j.jaac.2015.06.011,"Meta-Analysis: Risk of Tics Associated With Psychostimulant Use in Randomized, Placebo-Controlled Trials",2015,True,not_open_access,exclude_obvious_irrelevant,No in-scope psychedelic/ketamine/entactogen/dissociative compound or intervention term appears in the title/abstract; no dataset entity terms found.,False,1,,,
disorder,20068,10.1016/j.jaac.2015.08.008,Randomized Clinical Trial of Family-Based Treatment and Cognitive-Behavioral Therapy for Adolescent Bulimia Nervosa,2015,True,not_open_access,exclude_obvious_irrelevant,No in-scope psychedelic/ketamine/entactogen/dissociative compound or intervention term appears in the title/abstract; no dataset entity terms found.,False,1,,,
disorder,20070,10.1016/j.jaac.2021.01.016,"Dialectical Behavior Therapy for Suicidal Self-Harming Youth: Emotion Regulation, Mechanisms, and Mediators",2021,True,not_open_access,exclude_obvious_irrelevant,No in-scope psychedelic/ketamine/entactogen/dissociative compound or intervention term appears in the title/abstract; dataset entity terms present.,False,1,,,
disorder,20076,10.1016/j.jaac.2022.10.001,Clinical Practice Guideline for the Assessment and Treatment of Children and Adolescents With Major and Persistent Depressive Disorders,2022,True,not_open_access,exclude_obvious_irrelevant,No in-scope psychedelic/ketamine/entactogen/dissociative compound or intervention term appears in the title/abstract; dataset entity terms present.,False,1,,,
disorder,20087,10.1016/j.jad.2007.12.229,Differential interactions between comorbid anxiety disorders and substance use disorder in rapid cycling bipolar I or II disorder,2008,True,not_open_access,exclude_obvious_irrelevant,No in-scope psychedelic/ketamine/entactogen/dissociative compound or intervention term appears in the title/abstract; dataset entity terms present.,False,1,,,
disorder,20088,10.1016/j.jad.2011.03.039,ECT efficacy and treatment course: A systematic review and meta-analysis of twice vs thrice weekly schedules,2011,True,not_open_access,exclude_obvious_irrelevant,No in-scope psychedelic/ketamine/entactogen/dissociative compound or intervention term appears in the title/abstract; dataset entity terms present.,False,1,,,
disorder,20093,10.1016/j.jad.2013.01.014,"A review of lifestyle factors that contribute to important pathways associated with major depression: Diet, sleep and exercise",2013,True,not_open_access,exclude_obvious_irrelevant,No in-scope psychedelic/ketamine/entactogen/dissociative compound or intervention term appears in the title/abstract; dataset entity terms present.,False,1,,,
disorder,20099,10.1016/j.jad.2016.03.024,Variability in the substance use disorder exclusion criterion in antidepressant efficacy trials,2016,True,not_open_access,exclude_obvious_irrelevant,No in-scope psychedelic/ketamine/entactogen/dissociative compound or intervention term appears in the title/abstract; dataset entity terms present.,False,1,,,
disorder,20104,10.1016/j.jad.2016.10.010,Obesity and obstetric complications are associated with rapid-cycling in Italian patients with bipolar disorder,2016,True,not_open_access,escalate,in-scope compound/intervention term appears in title or abstract,True,1,,,
disorder,20106,10.1016/j.jad.2017.03.024,Placebo and nocebo reactions in randomized trials of pharmacological treatments for persistent depressive disorder. A meta-regression analysis,2017,True,not_open_access,exclude_obvious_irrelevant,No in-scope psychedelic/ketamine/entactogen/dissociative compound or intervention term appears in the title/abstract; dataset entity terms present.,False,1,,,
disorder,20108,10.1016/j.jad.2017.04.068,Obsessive-compulsive disorder has a reduced placebo (and antidepressant) response compared to other anxiety disorders: A meta-analysis,2017,True,not_open_access,exclude_obvious_irrelevant,No in-scope psychedelic/ketamine/entactogen/dissociative compound or intervention term appears in the title/abstract; dataset entity terms present.,False,1,,,
disorder,20119,10.1016/j.jad.2018.06.025,"Cognitive bias modification as an add-on treatment in clinical depression: Results from a placebo-controlled, single-blinded randomized control trial",2018,True,not_open_access,escalate,in-scope compound/intervention term appears in title or abstract,True,1,,,
disorder,20124,10.1016/j.jad.2018.11.065,Desvenlafaxine vs. placebo in the treatment of persistent depressive disorder,2018,True,not_open_access,exclude_obvious_irrelevant,No in-scope psychedelic/ketamine/entactogen/dissociative compound or intervention term appears in the title/abstract; dataset entity terms present.,False,1,,,
disorder,20125,10.1016/j.jad.2018.11.090,"Double-blind, placebo-controlled trial of pioglitazone for bipolar depression",2018,True,not_open_access,exclude_obvious_irrelevant,No in-scope psychedelic/ketamine/entactogen/dissociative compound or intervention term appears in the title/abstract; dataset entity terms present.,False,1,,,
disorder,20140,10.1016/j.jad.2020.02.013,Antidepressant-placebo differences for specific adverse events in major depressive disorder: A systematic review,2020,True,not_open_access,exclude_obvious_irrelevant,No in-scope psychedelic/ketamine/entactogen/dissociative compound or intervention term appears in the title/abstract; dataset entity terms present.,False,1,,,
disorder,20172,10.1016/j.jad.2022.08.041,A systematic meta-review of patient-level predictors of psychological therapy outcome in major depressive disorder,2022,True,not_open_access,exclude_obvious_irrelevant,No in-scope psychedelic/ketamine/entactogen/dissociative compound or intervention term appears in the title/abstract; dataset entity terms present.,False,1,,,
disorder,20217,10.1016/j.jad.2024.10.071,"Efficacy and acceptability of brain stimulation for anxiety disorders, OCD, and PTSD: A systematic review and network meta-analysis of randomized controlled trials",2024,True,not_open_access,exclude_obvious_irrelevant,No in-scope psychedelic/ketamine/entactogen/dissociative compound or intervention term appears in the title/abstract; dataset entity terms present.,False,1,,,
disorder,20222,10.1016/j.jad.2025.02.092,Psychotherapies for social anxiety disorder in adults: A systematic review and Bayesian network meta-analysis,2025,True,not_open_access,exclude_obvious_irrelevant,No in-scope psychedelic/ketamine/entactogen/dissociative compound or intervention term appears in the title/abstract; dataset entity terms present.,False,1,,,
disorder,20243,10.1016/j.jad.2025.120722,Mystical experiences during magnesium-Ibogaine are associated with improvements in PTSD symptoms in veterans,2025,True,not_open_access,escalate,in-scope compound/intervention term appears in title or abstract,True,1,,,
disorder,20260,10.1016/j.jagp.2016.06.006,"Efficacy of Cognitive Behavioral Therapy for Generalized Anxiety Disorder in Older Adults: Systematic Review, Meta-Analysis, and Meta-Regression",2016,True,not_open_access,exclude_obvious_irrelevant,No in-scope psychedelic/ketamine/entactogen/dissociative compound or intervention term appears in the title/abstract; dataset entity terms present.,False,1,,,
disorder,20275,10.1016/j.jaip.2017.12.005,Anxiety and Depression Effects During Drug Provocation Test,2018,True,not_open_access,escalate,in-scope compound/intervention term appears in title or abstract,True,1,,,
disorder,20277,10.1016/j.jand.2020.10.019,The Influence of Mindful Eating and/or Intuitive Eating Approaches on Dietary Intake: A Systematic Review,2020,True,not_open_access,exclude_obvious_irrelevant,No in-scope psychedelic/ketamine/entactogen/dissociative compound or intervention term appears in the title/abstract; dataset entity terms present.,False,1,,,
disorder,20282,10.1016/j.janxdis.2015.06.005,Extinction learning as a moderator of d-cycloserine efficacy for enhancing exposure therapy in posttraumatic stress disorder,2015,True,not_open_access,exclude_obvious_irrelevant,No in-scope psychedelic/ketamine/entactogen/dissociative compound or intervention term appears in the title/abstract; dataset entity terms present.,False,1,,,
disorder,20286,10.1016/j.janxdis.2016.05.008,A comprehensive meta-analysis of cognitive-behavioral interventions for social anxiety disorder in children and adolescents,2016,True,not_open_access,exclude_obvious_irrelevant,No in-scope psychedelic/ketamine/entactogen/dissociative compound or intervention term appears in the title/abstract; dataset entity terms present.,False,1,,,
disorder,20294,10.1016/j.janxdis.2018.08.003,Virtual reality exposure therapy for anxiety and related disorders: A meta-analysis of randomized controlled trials,2018,True,not_open_access,exclude_obvious_irrelevant,No in-scope psychedelic/ketamine/entactogen/dissociative compound or intervention term appears in the title/abstract; dataset entity terms present.,False,1,,,
disorder,20305,10.1016/j.janxdis.2024.102912,"Neuromodulation treatments for post-traumatic stress disorder: A systematic review and network meta-analysis covering efficacy, acceptability, and follow-up effects",2024,True,not_open_access,exclude_obvious_irrelevant,No in-scope psychedelic/ketamine/entactogen/dissociative compound or intervention term appears in the title/abstract; dataset entity terms present.,False,1,,,
disorder,20317,10.1016/j.jbmt.2019.11.002,Osteopathic manipulative treatment combined with exercise improves pain and disability in individuals with non-specific chronic neck pain: A pragmatic randomized controlled trial,2019,True,not_open_access,escalate,in-scope compound/intervention term appears in title or abstract,True,1,,,
disorder,20318,10.1016/j.jbmt.2020.12.032,Effectiveness of standard cervical physiotherapy plus diaphragm manual therapy on pain in patients with chronic neck pain: A randomized controlled trial,2021,True,not_open_access,exclude_obvious_irrelevant,No in-scope psychedelic/ketamine/entactogen/dissociative compound or intervention term appears in the title/abstract; no dataset entity terms found.,False,1,,,
disorder,20319,10.1016/j.jbmt.2024.12.043,The effect of anorexia nervosa inpatient physiotherapy adapted program (ANIPAP): A clinical trial,2024,True,not_open_access,exclude_obvious_irrelevant,No in-scope psychedelic/ketamine/entactogen/dissociative compound or intervention term appears in the title/abstract; dataset entity terms present.,False,1,,,
disorder,20320,10.1016/j.jbtep.2015.12.002,Attentional biases in high social anxiety using a flanker task,2015,True,not_open_access,escalate,in-scope compound/intervention term appears in title or abstract,True,1,,,
disorder,20323,10.1016/j.jbtep.2022.101833,Does fear reduction predict treatment response to exposure for social anxiety disorder?,2022,True,not_open_access,exclude_obvious_irrelevant,No in-scope psychedelic/ketamine/entactogen/dissociative compound or intervention term appears in the title/abstract; dataset entity terms present.,False,1,,,
disorder,20326,10.1016/j.jchemneu.2020.101771,The role of CGRP receptor antagonist (CGRP8-37) and Endomorphin-1 combination therapy on neuropathic pain alleviation and expression of Sigma-1 receptors and antioxidants in rats,2020,True,not_open_access,exclude_obvious_irrelevant,No in-scope psychedelic/ketamine/entactogen/dissociative compound or intervention term appears in the title/abstract; dataset entity terms present.,False,1,,,
disorder,20328,10.1016/j.jclinane.2007.06.024,A possible perianesthetic serotonin syndrome related to intrathecal fentanyl,2008,True,not_open_access,exclude_obvious_irrelevant,No in-scope psychedelic/ketamine/entactogen/dissociative compound or intervention term appears in the title/abstract; no dataset entity terms found.,False,1,,,
disorder,20331,10.1016/j.jclinane.2022.110652,Perioperative ketamine for postoperative pain management in patients with preoperative opioid intake: A systematic review and meta-analysis,2022,True,not_open_access,escalate,in-scope compound/intervention term appears in title or abstract,True,1,,,
disorder,20334,10.1016/j.jclinane.2025.111821,Effect of esketamine on postoperative depression in women with breast cancer and preoperative depressive symptoms: The EASE randomized trial,2025,True,not_open_access,escalate,in-scope compound/intervention term appears in title or abstract,True,1,,,
disorder,20338,10.1016/j.jemermed.2003.05.007,"Acute, transient urinary retention from combined ecstasy and methamphetamine use",2004,True,not_open_access,escalate,in-scope compound/intervention term appears in title or abstract,True,1,,,
disorder,20350,10.1016/j.jgyn.2010.06.013,"Analyse des données maternelles et obstétricales dans une cohorte rétrospective de 170 nouveau-nés de mères polyconsommatrices, Île-de-France, 1999–2008",2010,True,not_open_access,escalate,broad psychiatric treatment language needs LLM review,True,1,,,
disorder,20355,10.1016/j.jns.2021.120095,Electroconvulsive therapy in treatment resistant depression,2021,True,not_open_access,exclude_obvious_irrelevant,No in-scope psychedelic/ketamine/entactogen/dissociative compound or intervention term appears in the title/abstract; dataset entity terms present.,False,1,,,
disorder,20378,10.1016/j.josat.2024.209338,Racial/ethnic representation in opioid use disorder-related clinical trials,2024,True,not_open_access,exclude_obvious_irrelevant,No in-scope psychedelic/ketamine/entactogen/dissociative compound or intervention term appears in the title/abstract; dataset entity terms present.,False,1,,,
disorder,20390,10.1016/j.jpain.2020.01.002,Cupping for Patients With Chronic Pain: A Systematic Review and Meta-Analysis,2020,True,not_open_access,exclude_obvious_irrelevant,No in-scope psychedelic/ketamine/entactogen/dissociative compound or intervention term appears in the title/abstract; dataset entity terms present.,False,1,,,
disorder,20393,10.1016/j.jpain.2024.104622,Temporal Summation but Not Expectations of Pain Relief Predict Response to Acupuncture Treatment in Fibromyalgia,2024,True,not_open_access,exclude_obvious_irrelevant,No in-scope psychedelic/ketamine/entactogen/dissociative compound or intervention term appears in the title/abstract; dataset entity terms present.,False,1,,,
disorder,20405,10.1016/j.jpeds.2016.10.002,A Systematic Review and Meta-Analysis of Intensive Multidisciplinary Intervention for Pediatric Feeding Disorders: How Standard Is the Standard of Care?,2016,True,not_open_access,exclude_obvious_irrelevant,No in-scope psychedelic/ketamine/entactogen/dissociative compound or intervention term appears in the title/abstract; no dataset entity terms found.,False,1,,,
disorder,20436,10.1016/j.jpsychires.2022.01.057,"Comparing the efficacy of pharmacological and psychological treatment, alone and in combination, in children and adolescents with obsessive-compulsive disorder: A network meta-analysis",2022,True,not_open_access,exclude_obvious_irrelevant,No in-scope psychedelic/ketamine/entactogen/dissociative compound or intervention term appears in the title/abstract; dataset entity terms present.,False,1,,,
disorder,20450,10.1016/j.jpsychires.2024.09.043,Deep transcranial magnetic stimulation for treatment-resistant obsessive-compulsive disorder: A meta-analysis of randomized-controlled trials,2024,True,not_open_access,exclude_obvious_irrelevant,No in-scope psychedelic/ketamine/entactogen/dissociative compound or intervention term appears in the title/abstract; dataset entity terms present.,False,1,,,
disorder,20458,10.1016/j.jpsychires.2025.09.032,The effect of the Apollo Neuro device on anxiety among participants who underwent ketamine assisted therapy,2025,True,not_open_access,escalate,in-scope compound/intervention term appears in title or abstract,True,1,,,
disorder,20467,10.1016/j.jsat.2013.07.005,Differences in the acceptability of non-abstinence goals by type of drug among American substance abuse clinicians,2013,True,not_open_access,escalate,in-scope compound/intervention term appears in title or abstract,True,1,,,
disorder,20469,10.1016/j.jsat.2017.11.003,Group-based treatment of opioid use disorder with buprenorphine: A systematic review,2017,True,not_open_access,exclude_obvious_irrelevant,No in-scope psychedelic/ketamine/entactogen/dissociative compound or intervention term appears in the title/abstract; dataset entity terms present.,False,1,,,
disorder,20479,10.1016/j.jsat.2022.108926,Digital interventions for opioid use disorder treatment: A systematic review of randomized controlled trials,2022,True,not_open_access,exclude_obvious_irrelevant,No in-scope psychedelic/ketamine/entactogen/dissociative compound or intervention term appears in the title/abstract; dataset entity terms present.,False,1,,,
disorder,20480,10.1016/j.jsbmb.2018.10.016,"Effects of lisdexamfetamine on plasma steroid concentrations compared with d-amphetamine in healthy subjects: A randomized, double-blind, placebo-controlled study",2018,True,not_open_access,escalate,in-scope compound/intervention term appears in title or abstract,True,1,,,
disorder,20482,10.1016/j.jsxm.2019.02.018,"Substance-Linked Sex in Heterosexual, Homosexual, and Bisexual Men and Women: An Online, Cross-Sectional “Global Drug Survey” Report",2019,True,not_open_access,escalate,in-scope compound/intervention term appears in title or abstract,True,1,,,
disorder,20510,10.1016/j.msard.2021.103395,The effects of HMG-CoA reductase inhibitors on disease activity in multiple sclerosis: A systematic review and meta-analysis,2021,True,not_open_access,exclude_obvious_irrelevant,No in-scope psychedelic/ketamine/entactogen/dissociative compound or intervention term appears in the title/abstract; no dataset entity terms found.,False,1,,,
disorder,20513,10.1016/j.ncl.2008.11.003,Pediatric Migraine,2009,True,not_open_access,exclude_obvious_irrelevant,No in-scope psychedelic/ketamine/entactogen/dissociative compound or intervention term appears in the title/abstract; no dataset entity terms found.,False,1,,,
disorder,20514,10.1016/j.ncl.2008.11.005,Trigeminal Autonomic Cephalalgias,2009,True,not_open_access,exclude_obvious_irrelevant,No in-scope psychedelic/ketamine/entactogen/dissociative compound or intervention term appears in the title/abstract; dataset entity terms present.,False,1,,,
disorder,20515,10.1016/j.ncl.2019.07.006,Acute Treatment of Migraine,2019,True,not_open_access,exclude_obvious_irrelevant,No in-scope psychedelic/ketamine/entactogen/dissociative compound or intervention term appears in the title/abstract; no dataset entity terms found.,False,1,,,
disorder,20518,10.1016/j.nec.2018.12.004,Occipital Nerve Stimulation,2019,True,not_open_access,exclude_obvious_irrelevant,No in-scope psychedelic/ketamine/entactogen/dissociative compound or intervention term appears in the title/abstract; dataset entity terms present.,False,1,,,
disorder,20534,10.1016/j.neucli.2021.01.004,Cortical spreading depolarization and ketamine: a short systematic review,2021,True,not_open_access,escalate,in-scope compound/intervention term appears in title or abstract,True,1,,,
disorder,20535,10.1016/j.neulet.2009.12.075,Anticonvulsive effects of the dopamine agonist lisuride maleate after experimental traumatic brain injury,2010,True,not_open_access,escalate,in-scope compound/intervention term appears in title or abstract,True,1,,,
disorder,20536,10.1016/j.neulet.2011.05.059,"Effects of lisuride hydrogen maleate on pericontusional tissue metabolism, brain edema formation, and contusion volume development after experimental traumatic brain injury in rats",2011,True,not_open_access,escalate,in-scope compound/intervention term appears in title or abstract,True,1,,,
disorder,20538,10.1016/j.neulet.2012.09.054,Riluzole effect on occipital cortex: A structural and spectroscopy pilot study,2012,True,not_open_access,exclude_obvious_irrelevant,No in-scope psychedelic/ketamine/entactogen/dissociative compound or intervention term appears in the title/abstract; dataset entity terms present.,False,1,,,
disorder,20543,10.1016/j.neulet.2016.11.048,Considering future pharmacotherapy for PTSD,2016,True,not_open_access,exclude_obvious_irrelevant,No in-scope psychedelic/ketamine/entactogen/dissociative compound or intervention term appears in the title/abstract; dataset entity terms present.,False,1,,,
disorder,20544,10.1016/j.neulet.2017.01.054,Neuroactive steroids and PTSD treatment,2017,True,not_open_access,exclude_obvious_irrelevant,No in-scope psychedelic/ketamine/entactogen/dissociative compound or intervention term appears in the title/abstract; dataset entity terms present.,False,1,,,
disorder,20552,10.1016/j.neuropharm.2010.02.006,Effects of serotonin (5-HT)2 receptor ligands on depression-like behavior during nicotine withdrawal,2010,True,not_open_access,escalate,in-scope compound/intervention term appears in title or abstract,True,1,,,
disorder,20558,10.1016/j.neuropharm.2015.04.023,d-amphetamine withdrawal-induced decreases in brain-derived neurotrophic factor in sprague-dawley rats are reversed by treatment with ketamine,2015,True,not_open_access,escalate,in-scope compound/intervention term appears in title or abstract,True,1,,,
disorder,20566,10.1016/j.neuropharm.2020.108063,Preclinical and clinical research on the discriminative stimulus effects of nicotine,2020,True,not_open_access,exclude_obvious_irrelevant,No in-scope psychedelic/ketamine/entactogen/dissociative compound or intervention term appears in the title/abstract; dataset entity terms present.,False,1,,,
disorder,20571,10.1016/j.neuropsychologia.2020.107731,Disgust face captures more attention in individuals with high social anxiety when cognitive resources are abundant: Evidence from N2pc,2020,True,not_open_access,escalate,in-scope compound/intervention term appears in title or abstract,True,1,,,
disorder,20597,10.1016/j.ogc.2018.05.001,Treatment of Perinatal Opioid Use Disorder,2018,True,not_open_access,exclude_obvious_irrelevant,No in-scope psychedelic/ketamine/entactogen/dissociative compound or intervention term appears in the title/abstract; dataset entity terms present.,False,1,,,
disorder,20600,10.1016/j.otc.2013.11.002,Medical Management of Adult Headache,2013,True,not_open_access,exclude_obvious_irrelevant,No in-scope psychedelic/ketamine/entactogen/dissociative compound or intervention term appears in the title/abstract; dataset entity terms present.,False,1,,,
disorder,20609,10.1016/j.pain.2005.12.025,Electroconvulsive therapy improves severe pain associated with fibromyalgia,2006,True,not_open_access,exclude_obvious_irrelevant,No in-scope psychedelic/ketamine/entactogen/dissociative compound or intervention term appears in the title/abstract; dataset entity terms present.,False,1,,,
disorder,20620,10.1016/j.parkreldis.2010.09.003,LRRK2 G2019S mutation in Parkinson’s disease: A neuropsychological and neuropsychiatric study in a large Algerian cohort,2010,True,not_open_access,exclude_obvious_irrelevant,No in-scope psychedelic/ketamine/entactogen/dissociative compound or intervention term appears in the title/abstract; dataset entity terms present.,False,1,,,
disorder,20622,10.1016/j.pbb.2011.05.006,Influences of activity wheel access on the body temperature response to MDMA and methamphetamine,2011,True,not_open_access,escalate,in-scope compound/intervention term appears in title or abstract,True,1,,,
disorder,20639,10.1016/j.pharmthera.2004.03.002,Clinical investigations of the therapeutic potential of ayahuasca: rationale and regulatory challenges,2004,True,not_open_access,escalate,in-scope compound/intervention term appears in title or abstract,True,1,,,
disorder,20651,10.1016/j.phrs.2022.106204,Medicinal herbs for the treatment of anxiety: A systematic review and network meta-analysis,2022,True,not_open_access,exclude_obvious_irrelevant,No in-scope psychedelic/ketamine/entactogen/dissociative compound or intervention term appears in the title/abstract; dataset entity terms present.,False,1,,,
disorder,20653,10.1016/j.physbeh.2007.11.020,Treatment of anorexia nervosa: Insights and obstacles,2007,True,not_open_access,exclude_obvious_irrelevant,No in-scope psychedelic/ketamine/entactogen/dissociative compound or intervention term appears in the title/abstract; dataset entity terms present.,False,1,,,
disorder,20654,10.1016/j.physbeh.2023.114267,Psychological and medical treatments for binge-eating disorder: A research update,2023,True,not_open_access,exclude_obvious_irrelevant,No in-scope psychedelic/ketamine/entactogen/dissociative compound or intervention term appears in the title/abstract; no dataset entity terms found.,False,1,,,
disorder,20655,10.1016/j.physbeh.2023.114351,(-)-α-bisabolol exerts neuroprotective effects against pentylenetetrazole-induced seizures in rats by targeting inflammation and oxidative stress,2023,True,not_open_access,exclude_obvious_irrelevant,No in-scope psychedelic/ketamine/entactogen/dissociative compound or intervention term appears in the title/abstract; no dataset entity terms found.,False,1,,,
disorder,20668,10.1016/j.pnpbp.2006.03.034,Examination of free radical metabolism and antioxidant defence system elements in patients with obsessive–compulsive disorder,2006,True,not_open_access,exclude_obvious_irrelevant,No in-scope psychedelic/ketamine/entactogen/dissociative compound or intervention term appears in the title/abstract; dataset entity terms present.,False,1,,,
disorder,20669,10.1016/j.pnpbp.2006.04.012,Oxidation of apolipoprotein B-containing lipoproteins and serum paraoxonase/arylesterase activities in major depressive disorder,2006,True,not_open_access,exclude_obvious_irrelevant,No in-scope psychedelic/ketamine/entactogen/dissociative compound or intervention term appears in the title/abstract; dataset entity terms present.,False,1,,,
disorder,20670,10.1016/j.pnpbp.2006.06.014,Atypical antipsychotics in bipolar depression: Neurobiological basis and clinical implications,2006,True,not_open_access,exclude_obvious_irrelevant,No in-scope psychedelic/ketamine/entactogen/dissociative compound or intervention term appears in the title/abstract; dataset entity terms present.,False,1,,,
disorder,20672,10.1016/j.pnpbp.2008.10.004,Serum selenium and plasma malondialdehyde levels and antioxidant enzyme activities in patients with obsessive–compulsive disorder,2008,True,not_open_access,exclude_obvious_irrelevant,No in-scope psychedelic/ketamine/entactogen/dissociative compound or intervention term appears in the title/abstract; dataset entity terms present.,False,1,,,
disorder,20673,10.1016/j.pnpbp.2008.10.009,The correlation between early alcohol withdrawal severity and oxidative stress in patients with alcohol dependence,2008,True,not_open_access,exclude_obvious_irrelevant,No in-scope psychedelic/ketamine/entactogen/dissociative compound or intervention term appears in the title/abstract; dataset entity terms present.,False,1,,,
disorder,20688,10.1016/j.pnpbp.2022.110513,"Repetitive transcranial magnetic stimulation in treatment-seeking subjects with cocaine use disorder: A randomized, double-blind, sham-controlled trial",2022,True,not_open_access,exclude_obvious_irrelevant,No in-scope psychedelic/ketamine/entactogen/dissociative compound or intervention term appears in the title/abstract; dataset entity terms present.,False,1,,,
disorder,20695,10.1016/j.pnpbp.2024.111176,The pediatric psychopharmacology of autism spectrum disorder: A systematic review - Part II: The future,2024,True,not_open_access,exclude_obvious_irrelevant,No in-scope psychedelic/ketamine/entactogen/dissociative compound or intervention term appears in the title/abstract; dataset entity terms present.,False,1,,,
disorder,20699,10.1016/j.pnpbp.2026.111634,Preliminary effects of ayahuasca on mental and physical health: A systematic review of prospective studies,2026,True,not_open_access,escalate,in-scope compound/intervention term appears in title or abstract,True,1,,,
disorder,20702,10.1016/j.psc.2005.02.003,Treatment of Bipolar Depression,2005,True,not_open_access,exclude_obvious_irrelevant,No in-scope psychedelic/ketamine/entactogen/dissociative compound or intervention term appears in the title/abstract; dataset entity terms present.,False,1,,,
disorder,20703,10.1016/j.psc.2010.01.001,"The Pathophysiology, Diagnosis and Treatment of Fibromyalgia",2010,True,not_open_access,exclude_obvious_irrelevant,No in-scope psychedelic/ketamine/entactogen/dissociative compound or intervention term appears in the title/abstract; no dataset entity terms found.,False,1,,,
disorder,20704,10.1016/j.psc.2011.11.004,Management of Treatment-Resistant Depression,2011,True,not_open_access,exclude_obvious_irrelevant,No in-scope psychedelic/ketamine/entactogen/dissociative compound or intervention term appears in the title/abstract; dataset entity terms present.,False,1,,,
disorder,20705,10.1016/j.psc.2012.04.002,Serotonergic Hallucinogens and Emerging Targets for Addiction Pharmacotherapies,2012,True,not_open_access,escalate,in-scope compound/intervention term appears in title or abstract,True,1,,,
disorder,20706,10.1016/j.psc.2019.01.006,Self-Help Treatment of Eating Disorders,2019,True,not_open_access,exclude_obvious_irrelevant,No in-scope psychedelic/ketamine/entactogen/dissociative compound or intervention term appears in the title/abstract; dataset entity terms present.,False,1,,,
disorder,20707,10.1016/j.psc.2022.10.006,Obsessive-Compulsive Disorder,2022,True,not_open_access,exclude_obvious_irrelevant,No in-scope psychedelic/ketamine/entactogen/dissociative compound or intervention term appears in the title/abstract; dataset entity terms present.,False,1,,,
disorder,20711,10.1016/j.psc.2023.02.007,Special Populations,2023,True,not_open_access,exclude_obvious_irrelevant,No in-scope psychedelic/ketamine/entactogen/dissociative compound or intervention term appears in the title/abstract; dataset entity terms present.,False,1,,,
disorder,20713,10.1016/j.psc.2023.03.006,Cannabis and Psychosis,2023,True,not_open_access,exclude_obvious_irrelevant,No in-scope psychedelic/ketamine/entactogen/dissociative compound or intervention term appears in the title/abstract; no dataset entity terms found.,False,1,,,
disorder,20715,10.1016/j.pscychresns.2017.04.011,Functional network connectivity predicts treatment outcome during treatment of nicotine use disorder,2017,True,not_open_access,exclude_obvious_irrelevant,No in-scope psychedelic/ketamine/entactogen/dissociative compound or intervention term appears in the title/abstract; no dataset entity terms found.,False,1,,,
disorder,20717,10.1016/j.pscychresns.2025.112115,Deep learning based treatment remission prediction to transcranial direct current stimulation in bipolar depression using EEG power spectral density,2025,True,not_open_access,exclude_obvious_irrelevant,No in-scope psychedelic/ketamine/entactogen/dissociative compound or intervention term appears in the title/abstract; dataset entity terms present.,False,1,,,
disorder,20726,10.1016/j.psychres.2015.04.028,"MDMA, cannabis, and cocaine produce acute dissociative symptoms",2015,True,not_open_access,escalate,in-scope compound/intervention term appears in title or abstract,True,1,,,
disorder,20730,10.1016/j.psychres.2017.07.065,Active suicidal ideation during clinical antidepressant trials,2017,True,not_open_access,exclude_obvious_irrelevant,No in-scope psychedelic/ketamine/entactogen/dissociative compound or intervention term appears in the title/abstract; dataset entity terms present.,False,1,,,
disorder,20733,10.1016/j.psychres.2018.03.032,Impact of aerobic exercise on cognitive impairment and oxidative stress markers in methamphetamine-dependent patients,2018,True,not_open_access,exclude_obvious_irrelevant,No in-scope psychedelic/ketamine/entactogen/dissociative compound or intervention term appears in the title/abstract; dataset entity terms present.,False,1,,,
disorder,20734,10.1016/j.psychres.2018.03.061,Coenzyme Q10 supplementation reduces oxidative stress and decreases antioxidant enzyme activity in children with autism spectrum disorders,2018,True,not_open_access,exclude_obvious_irrelevant,No in-scope psychedelic/ketamine/entactogen/dissociative compound or intervention term appears in the title/abstract; no dataset entity terms found.,False,1,,,
disorder,20740,10.1016/j.psychres.2019.112505,"Associations between methamphetamine use, psychiatric comorbidities and treatment outcome in two inpatient rehabilitation centers",2019,True,not_open_access,exclude_obvious_irrelevant,No in-scope psychedelic/ketamine/entactogen/dissociative compound or intervention term appears in the title/abstract; no dataset entity terms found.,False,1,,,
disorder,20744,10.1016/j.psychres.2020.113262,Treatment of double depression: A meta-analysis,2020,True,not_open_access,exclude_obvious_irrelevant,No in-scope psychedelic/ketamine/entactogen/dissociative compound or intervention term appears in the title/abstract; dataset entity terms present.,False,1,,,
disorder,20756,10.1016/j.psychres.2022.114861,The effect of exposure and response prevention therapy on obsessive-compulsive disorder: A systematic review and meta-analysis,2022,True,not_open_access,exclude_obvious_irrelevant,No in-scope psychedelic/ketamine/entactogen/dissociative compound or intervention term appears in the title/abstract; dataset entity terms present.,False,1,,,
disorder,20760,10.1016/j.psychres.2023.115340,Repetitive transcranial magnetic stimulation for smoking cessation: Next steps for translation and implementation into clinical practice,2023,True,not_open_access,exclude_obvious_irrelevant,No in-scope psychedelic/ketamine/entactogen/dissociative compound or intervention term appears in the title/abstract; dataset entity terms present.,False,1,,,
disorder,20792,10.1016/j.psyneuen.2018.10.010,"Probiotic Lactobacillus Plantarum 299v decreases kynurenine concentration and improves cognitive functions in patients with major depression: A double-blind, randomized, placebo controlled study",2018,True,not_open_access,exclude_obvious_irrelevant,No in-scope psychedelic/ketamine/entactogen/dissociative compound or intervention term appears in the title/abstract; dataset entity terms present.,False,1,,,
disorder,20793,10.1016/j.psyneuen.2021.105168,Hydrocortisone administration for reducing post-traumatic stress symptoms: A systematic review and meta-analysis,2021,True,not_open_access,exclude_obvious_irrelevant,No in-scope psychedelic/ketamine/entactogen/dissociative compound or intervention term appears in the title/abstract; dataset entity terms present.,False,1,,,
disorder,20815,10.1016/j.resuscitation.2011.07.006,Tetramethylammonium ion causes respiratory failure related mortality in a rat model,2011,True,not_open_access,exclude_obvious_irrelevant,No in-scope psychedelic/ketamine/entactogen/dissociative compound or intervention term appears in the title/abstract; no dataset entity terms found.,False,1,,,
disorder,20817,10.1016/j.revmed.2012.01.005,Le syndrome catastrophique des antiphospholipides,2012,True,not_open_access,exclude_obvious_irrelevant,No in-scope psychedelic/ketamine/entactogen/dissociative compound or intervention term appears in the title/abstract; no dataset entity terms found.,False,1,,,
disorder,20818,10.1016/j.ridd.2025.105003,Gut microbiome differences in children with Attention Deficit Hyperactivity Disorder and Autism Spectrum Disorder and effects of probiotic supplementation: A randomized controlled trial,2025,True,not_open_access,exclude_obvious_irrelevant,No in-scope psychedelic/ketamine/entactogen/dissociative compound or intervention term appears in the title/abstract; dataset entity terms present.,False,1,,,
disorder,20819,10.1016/j.rpsm.2015.12.002,"25 años de Eye Movement Desensitization and Reprocessing: protocolo de aplicación, hipótesis de funcionamiento y revisión sistemática de su eficacia en el trastorno por estrés postraumático",2016,True,not_open_access,exclude_obvious_irrelevant,No in-scope psychedelic/ketamine/entactogen/dissociative compound or intervention term appears in the title/abstract; dataset entity terms present.,False,1,,,
disorder,20826,10.1016/j.scitotenv.2017.09.031,Tracking oil and gas wastewater-derived organic matter in a hybrid biofilter membrane treatment system: A multi-analytical approach,2017,True,not_open_access,escalate,in-scope compound/intervention term appears in title or abstract,True,1,,,
disorder,20832,10.1016/j.sleep.2022.03.012,Comparative effectiveness of multiple acupuncture therapies for primary insomnia: a systematic review and network meta-analysis of randomized trial,2022,True,not_open_access,exclude_obvious_irrelevant,No in-scope psychedelic/ketamine/entactogen/dissociative compound or intervention term appears in the title/abstract; no dataset entity terms found.,False,1,,,
disorder,20837,10.1016/j.smrv.2007.12.004,"Effect of illicit recreational drugs upon sleep: Cocaine, ecstasy and marijuana",2008,True,not_open_access,escalate,in-scope compound/intervention term appears in title or abstract,True,1,,,
disorder,20839,10.1016/j.spinee.2016.06.008,Operative management of complex lumbosacral dissociations in combat injuries,2016,True,not_open_access,escalate,in-scope compound/intervention term appears in title or abstract,True,1,,,
disorder,20852,10.1016/j.urology.2011.08.046,"The Effects of Transrectal Radiofrequency Hyperthermia on Patients With Chronic Prostatitis and the Changes of MDA, NO, SOD, and Zn Levels in Pretreatment and Posttreatment",2011,True,not_open_access,exclude_obvious_irrelevant,No in-scope psychedelic/ketamine/entactogen/dissociative compound or intervention term appears in the title/abstract; no dataset entity terms found.,False,1,,,
disorder,20853,10.1016/j.watres.2019.115201,Changes in groundwater dissolved organic matter character in a coastal sand aquifer due to rainfall recharge,2019,True,not_open_access,escalate,in-scope compound/intervention term appears in title or abstract,True,1,,,
disorder,20854,10.1016/j.xcrm.2026.102796,"Blunted anticipation, but not consummation, of food rewards in depression.",2026,True,not_open_access,exclude_obvious_irrelevant,No in-scope psychedelic/ketamine/entactogen/dissociative compound or intervention term appears in the title/abstract; dataset entity terms present.,False,1,,,
disorder,20863,10.1016/j.ymgme.2023.108121,Effect of avalglucosidase alfa on disease-specific and general patient-reported outcomes in treatment-naïve adults with late-onset Pompe disease compared with alglucosidase alfa: Meaningful change analyses from the Phase 3 COMET trial,2023,True,not_open_access,exclude_obvious_irrelevant,No in-scope psychedelic/ketamine/entactogen/dissociative compound or intervention term appears in the title/abstract; no dataset entity terms found.,False,1,,,
disorder,20879,10.1016/s0006-3223(99)00311-x,"Placebo effect in randomized, controlled studies of acute bipolar mania and depression",2000,True,not_open_access,exclude_obvious_irrelevant,No in-scope psychedelic/ketamine/entactogen/dissociative compound or intervention term appears in the title/abstract; dataset entity terms present.,False,1,,,
disorder,20893,10.1016/s0025-6196(11)63117-0,Residential (inpatient) treatment compared with outpatient treatment for nicotine dependence.,2001,True,not_open_access,exclude_obvious_irrelevant,No in-scope psychedelic/ketamine/entactogen/dissociative compound or intervention term appears in the title/abstract; dataset entity terms present.,False,1,,,
disorder,20894,10.1016/s0025-7125(05)70339-4,ATTENTION-DEFICIT/HYPERACTIVITY DISORDER,2001,True,not_open_access,exclude_obvious_irrelevant,No in-scope psychedelic/ketamine/entactogen/dissociative compound or intervention term appears in the title/abstract; no dataset entity terms found.,False,1,,,
disorder,20924,10.1016/s0091-3057(03)00124-2,Plant derivatives in the treatment of alcohol dependency,2003,True,not_open_access,escalate,in-scope compound/intervention term appears in title or abstract,True,1,,,
disorder,20934,10.1016/s0140-6736(03)12378-1,Eating disorders,2003,True,not_open_access,exclude_obvious_irrelevant,No in-scope psychedelic/ketamine/entactogen/dissociative compound or intervention term appears in the title/abstract; dataset entity terms present.,False,1,,,
disorder,20935,10.1016/s0140-6736(03)15390-1,Postpartum psychiatric disorders,2004,True,not_open_access,exclude_obvious_irrelevant,No in-scope psychedelic/ketamine/entactogen/dissociative compound or intervention term appears in the title/abstract; dataset entity terms present.,False,1,,,
disorder,20938,10.1016/s0140-6736(14)61276-9,Non-psychotic mental disorders in the perinatal period,2014,True,not_open_access,exclude_obvious_irrelevant,No in-scope psychedelic/ketamine/entactogen/dissociative compound or intervention term appears in the title/abstract; dataset entity terms present.,False,1,,,
disorder,20939,10.1016/s0140-6736(18)32259-1,"Efficacy and safety of a monthly buprenorphine depot injection for opioid use disorder: a multicentre, randomised, double-blind, placebo-controlled, phase 3 trial",2019,True,not_open_access,exclude_obvious_irrelevant,No in-scope psychedelic/ketamine/entactogen/dissociative compound or intervention term appears in the title/abstract; dataset entity terms present.,False,1,,,
disorder,20940,10.1016/s0140-6736(19)31606-x,"Efficacy, safety, and tolerability of rimegepant orally disintegrating tablet for the acute treatment of migraine: a randomised, phase 3, double-blind, placebo-controlled trial",2019,True,not_open_access,exclude_obvious_irrelevant,No in-scope psychedelic/ketamine/entactogen/dissociative compound or intervention term appears in the title/abstract; no dataset entity terms found.,False,1,,,
disorder,20941,10.1016/s0140-6736(19)31881-1,"Efficacy and safety of dupilumab in patients with severe chronic rhinosinusitis with nasal polyps (LIBERTY NP SINUS-24 and LIBERTY NP SINUS-52): results from two multicentre, randomised, double-blind, placebo-controlled, parallel-group phase 3 trials",2019,True,not_open_access,exclude_obvious_irrelevant,No in-scope psychedelic/ketamine/entactogen/dissociative compound or intervention term appears in the title/abstract; no dataset entity terms found.,False,1,,,
disorder,20942,10.1016/s0140-6736(20)32544-7,"Oral rimegepant for preventive treatment of migraine: a phase 2/3, randomised, double-blind, placebo-controlled trial",2020,True,not_open_access,exclude_obvious_irrelevant,No in-scope psychedelic/ketamine/entactogen/dissociative compound or intervention term appears in the title/abstract; no dataset entity terms found.,False,1,,,
disorder,20944,10.1016/s0140-6736(23)01683-5,"Ubrogepant for the treatment of migraine attacks during the prodrome: a phase 3, multicentre, randomised, double-blind, placebo-controlled, crossover trial in the USA",2023,True,not_open_access,exclude_obvious_irrelevant,No in-scope psychedelic/ketamine/entactogen/dissociative compound or intervention term appears in the title/abstract; no dataset entity terms found.,False,1,,,
disorder,20951,10.1016/s0165-1781(01)00314-6,Effects of long-term lithium treatment on monoaminergic functions in major depression,2001,True,not_open_access,escalate,in-scope compound/intervention term appears in title or abstract,True,1,,,
disorder,20952,10.1016/s0165-1781(98)00128-0,Sleep EEG studies during early and late partial sleep deprivation in premenstrual dysphoric disorder and normal control subjects,1999,True,not_open_access,escalate,in-scope compound/intervention term appears in title or abstract,True,1,,,
disorder,20953,10.1016/s0166-4328(02)00052-9,"Effects of (±) 3,4-methylene–dioxymethamphetamine (ecstasy) on dopamine system function in humans",2002,True,not_open_access,escalate,in-scope compound/intervention term appears in title or abstract,True,1,,,
disorder,20955,10.1016/s0193-953x(05)70194-5,DEPRESSIVE BREAKTHROUGH,2000,True,not_open_access,exclude_obvious_irrelevant,No in-scope psychedelic/ketamine/entactogen/dissociative compound or intervention term appears in the title/abstract; dataset entity terms present.,False,1,,,
disorder,20974,10.1016/s0272-7358(99)00064-1,Anxiety disorders,2000,True,not_open_access,exclude_obvious_irrelevant,No in-scope psychedelic/ketamine/entactogen/dissociative compound or intervention term appears in the title/abstract; dataset entity terms present.,False,1,,,
disorder,20976,10.1016/s0278-5846(01)00214-7,"Lisuride, a dopamine D2 receptor agonist, and anticraving drug expectancy as modifiers of relapse in alcohol dependence",2002,True,not_open_access,escalate,in-scope compound/intervention term appears in title or abstract,True,1,,,
disorder,20980,10.1016/s0304-3959(01)00349-9,Clinical importance of changes in chronic pain intensity measured on an 11-point numerical pain rating scale,2001,True,not_open_access,exclude_obvious_irrelevant,No in-scope psychedelic/ketamine/entactogen/dissociative compound or intervention term appears in the title/abstract; dataset entity terms present.,False,1,,,
disorder,20986,10.1016/s0305-4179(98)00054-0,Burn management in a patient with autism,1998,True,not_open_access,exclude_obvious_irrelevant,No in-scope psychedelic/ketamine/entactogen/dissociative compound or intervention term appears in the title/abstract; no dataset entity terms found.,False,1,,,
disorder,20988,10.1016/s0376-8716(00)00198-8,Effects of cocaine prior to and during bupropion maintenance in cocaine-abusing volunteers,2001,True,not_open_access,escalate,in-scope compound/intervention term appears in title or abstract,True,1,,,
disorder,20989,10.1016/s0376-8716(01)00138-7,Patterns of drug use among young men in Piedmont (Italy),2001,True,not_open_access,escalate,in-scope compound/intervention term appears in title or abstract,True,1,,,
disorder,20990,10.1016/s0376-8716(02)00053-4,"Comparison of the subjective, physiological, and psychomotor effects of atomoxetine and methylphenidate in light drug users",2002,True,not_open_access,escalate,in-scope compound/intervention term appears in title or abstract,True,1,,,
disorder,20994,10.1016/s0376-8716(06)80012-8,Drug use patterns and adherence to treatment among HIV-positive patients: evidence from a large sample of French outpatients (ANRS-EN12-VESPA 2003),2006,True,not_open_access,escalate,in-scope compound/intervention term appears in title or abstract,True,1,,,
disorder,20995,10.1016/s0376-8716(97)01358-6,Sensitivity and specificity to amphetamine of a french version of the 49-item form of the addiction research center inventory,1997,True,not_open_access,escalate,in-scope compound/intervention term appears in title or abstract,True,1,,,
disorder,20998,10.1016/s0733-8635(03)00105-0,Botulinum neurotoxin for the treatment of migraine and other primary headache disorders,2004,True,not_open_access,exclude_obvious_irrelevant,No in-scope psychedelic/ketamine/entactogen/dissociative compound or intervention term appears in the title/abstract; no dataset entity terms found.,False,1,,,
disorder,21004,10.1016/s0753-3322(04)80018-0,Mechanisms of acute myocardial infarction study (MAMIS),2004,True,not_open_access,exclude_obvious_irrelevant,No in-scope psychedelic/ketamine/entactogen/dissociative compound or intervention term appears in the title/abstract; no dataset entity terms found.,False,1,,,
disorder,21040,10.1016/s0987-7053(03)00028-5,Évaluation psychocomportementale de l’administration de faible dose de kétamine chez le sujet sain,2003,True,not_open_access,escalate,in-scope compound/intervention term appears in title or abstract,True,1,,,
disorder,21054,10.1016/s1474-4422(13)70225-4,"Pitolisant versus placebo or modafinil in patients with narcolepsy: a double-blind, randomised trial",2013,True,not_open_access,exclude_obvious_irrelevant,No in-scope psychedelic/ketamine/entactogen/dissociative compound or intervention term appears in the title/abstract; no dataset entity terms found.,False,1,,,
disorder,21057,10.1016/s1474-4422(20)30279-9,"Safety and efficacy of galcanezumab in patients for whom previous migraine preventive medication from two to four categories had failed (CONQUER): a multicentre, randomised, double-blind, placebo-controlled, phase 3b trial",2020,True,not_open_access,exclude_obvious_irrelevant,No in-scope psychedelic/ketamine/entactogen/dissociative compound or intervention term appears in the title/abstract; no dataset entity terms found.,False,1,,,
disorder,21058,10.1016/s1474-4422(22)00185-5,"Safety and efficacy of eptinezumab for migraine prevention in patients with two-to-four previous preventive treatment failures (DELIVER): a multi-arm, randomised, double-blind, placebo-controlled, phase 3b trial",2022,True,not_open_access,exclude_obvious_irrelevant,No in-scope psychedelic/ketamine/entactogen/dissociative compound or intervention term appears in the title/abstract; no dataset entity terms found.,False,1,,,
disorder,21059,10.1016/s1474-4422(22)00517-8,"Safety, tolerability, and efficacy of zavegepant 10 mg nasal spray for the acute treatment of migraine in the USA: a phase 3, double-blind, randomised, placebo-controlled multicentre trial",2023,True,not_open_access,exclude_obvious_irrelevant,No in-scope psychedelic/ketamine/entactogen/dissociative compound or intervention term appears in the title/abstract; no dataset entity terms found.,False,1,,,
disorder,21060,10.1016/s1474-4422(23)00126-6,"Safety and efficacy of rimegepant orally disintegrating tablet for the acute treatment of migraine in China and South Korea: a phase 3, double-blind, randomised, placebo-controlled trial",2023,True,not_open_access,exclude_obvious_irrelevant,No in-scope psychedelic/ketamine/entactogen/dissociative compound or intervention term appears in the title/abstract; no dataset entity terms found.,False,1,,,
disorder,21067,10.1016/s2215-0366(15)00356-9,"Anorexia nervosa: aetiology, assessment, and treatment",2015,True,not_open_access,exclude_obvious_irrelevant,No in-scope psychedelic/ketamine/entactogen/dissociative compound or intervention term appears in the title/abstract; dataset entity terms present.,False,1,,,
disorder,21081,10.1016/s2665-9913(23)00278-3,"Naltrexone 6 mg once daily versus placebo in women with fibromyalgia: a randomised, double-blind, placebo-controlled trial",2023,True,not_open_access,exclude_obvious_irrelevant,No in-scope psychedelic/ketamine/entactogen/dissociative compound or intervention term appears in the title/abstract; no dataset entity terms found.,False,1,,,
disorder,21194,10.1017/neu.2020.6,Pharmacological treatments for social anxiety disorder in adults: a systematic review and network meta-analysis,2020,True,not_open_access,exclude_obvious_irrelevant,No in-scope psychedelic/ketamine/entactogen/dissociative compound or intervention term appears in the title/abstract; dataset entity terms present.,False,1,,,
disorder,21195,10.1017/s0007114522003932,Mindful eating for weight loss in women with obesity: a randomised controlled trial,2022,True,not_open_access,exclude_obvious_irrelevant,No in-scope psychedelic/ketamine/entactogen/dissociative compound or intervention term appears in the title/abstract; dataset entity terms present.,False,1,,,
disorder,21196,10.1017/s0033291714000312,Neural substrates of impulsive decision making modulated by modafinil in alcohol-dependent patients,2014,True,not_open_access,exclude_obvious_irrelevant,No in-scope psychedelic/ketamine/entactogen/dissociative compound or intervention term appears in the title/abstract; dataset entity terms present.,False,1,,,
disorder,21197,10.1017/s0033291718003343,Optimizing patient expectancy in the pharmacologic treatment of major depressive disorder,2018,True,not_open_access,exclude_obvious_irrelevant,No in-scope psychedelic/ketamine/entactogen/dissociative compound or intervention term appears in the title/abstract; dataset entity terms present.,False,1,,,
disorder,21198,10.1017/s0033291719003817,A network investigation of core symptoms and pathways across duration of illness using a comprehensive cognitive–behavioral model of eating-disorder symptoms,2020,True,not_open_access,exclude_obvious_irrelevant,No in-scope psychedelic/ketamine/entactogen/dissociative compound or intervention term appears in the title/abstract; dataset entity terms present.,False,1,,,
disorder,21201,10.1017/s1092852912001009,Treatment of bipolar depression,2013,True,not_open_access,exclude_obvious_irrelevant,No in-scope psychedelic/ketamine/entactogen/dissociative compound or intervention term appears in the title/abstract; dataset entity terms present.,False,1,,,
disorder,21210,10.1017/s1352465815000685,The Maintaining Factors of Social Anxiety: A Three-Group Comparison of a Clinical Sample with Highly Socially Anxious Students and Non-Anxious Students,2015,True,not_open_access,escalate,in-scope compound/intervention term appears in title or abstract,True,1,,,
disorder,21254,10.1024/0040-5930/a000913,Cannabinoide in der Schmerztherapie,2017,True,not_open_access,exclude_obvious_irrelevant,No in-scope psychedelic/ketamine/entactogen/dissociative compound or intervention term appears in the title/abstract; no dataset entity terms found.,False,1,,,
disorder,21266,10.1034/j.1399-5618.2003.00019.x,"Bipolar depression: criteria for treatment selection, definition of refractoriness, and treatment options",2003,True,not_open_access,exclude_obvious_irrelevant,No in-scope psychedelic/ketamine/entactogen/dissociative compound or intervention term appears in the title/abstract; dataset entity terms present.,False,1,,,
disorder,21267,10.1034/j.1399-5618.2003.00031.x,Valproate,2003,True,not_open_access,exclude_obvious_irrelevant,No in-scope psychedelic/ketamine/entactogen/dissociative compound or intervention term appears in the title/abstract; dataset entity terms present.,False,1,,,
disorder,21275,10.1037//0022-006x.66.4.691,Cocaine use early in treatment predicts outcome in a behavioral treatment program.,1998,True,not_open_access,exclude_obvious_irrelevant,No in-scope psychedelic/ketamine/entactogen/dissociative compound or intervention term appears in the title/abstract; no dataset entity terms found.,False,1,,,
disorder,21287,10.1037/0003-066x.62.3.199,Psychological treatment of eating disorders.,2007,True,not_open_access,exclude_obvious_irrelevant,No in-scope psychedelic/ketamine/entactogen/dissociative compound or intervention term appears in the title/abstract; dataset entity terms present.,False,1,,,
disorder,21320,10.1037/a0029812,The relationship of tobacco use with gambling problem severity and gambling treatment outcome.,2012,True,not_open_access,exclude_obvious_irrelevant,No in-scope psychedelic/ketamine/entactogen/dissociative compound or intervention term appears in the title/abstract; dataset entity terms present.,False,1,,,
disorder,21323,10.1037/a0035747,"Cognitive-behavioral therapy for individuals with chronic pain: Efficacy, innovations, and directions for research.",2014,True,not_open_access,exclude_obvious_irrelevant,No in-scope psychedelic/ketamine/entactogen/dissociative compound or intervention term appears in the title/abstract; dataset entity terms present.,False,1,,,
disorder,21337,10.1037/ccp0000173,Feedback in group psychotherapy for eating disorders: A randomized clinical trial.,2017,True,not_open_access,exclude_obvious_irrelevant,No in-scope psychedelic/ketamine/entactogen/dissociative compound or intervention term appears in the title/abstract; dataset entity terms present.,False,1,,,
disorder,21342,10.1037/ccp0000306,Treatment of social approach processes in adults with social anxiety disorder.,2018,True,not_open_access,exclude_obvious_irrelevant,No in-scope psychedelic/ketamine/entactogen/dissociative compound or intervention term appears in the title/abstract; dataset entity terms present.,False,1,,,
disorder,21344,10.1037/ccp0000396,Positive affect treatment for depression and anxiety: A randomized clinical trial for a core feature of anhedonia.,2019,True,not_open_access,exclude_obvious_irrelevant,No in-scope psychedelic/ketamine/entactogen/dissociative compound or intervention term appears in the title/abstract; dataset entity terms present.,False,1,,,
disorder,21348,10.1037/ccp0000664,Correction to Lehavot et al. (2021).,2021,True,not_open_access,exclude_obvious_irrelevant,No in-scope psychedelic/ketamine/entactogen/dissociative compound or intervention term appears in the title/abstract; dataset entity terms present.,False,1,,,
disorder,21356,10.1037/ccp0000996,"Randomized controlled trial of smartphone-based interpretation bias
						intervention for anxiety and depression.",2026,True,not_open_access,exclude_obvious_irrelevant,No in-scope psychedelic/ketamine/entactogen/dissociative compound or intervention term appears in the title/abstract; dataset entity terms present.,False,1,,,
disorder,21496,10.1037/pst0000546,Increasing outcome measurement precision: Network analysis of items on the Outcome Questionnaire-45.,2024,True,not_open_access,exclude_obvious_irrelevant,No in-scope psychedelic/ketamine/entactogen/dissociative compound or intervention term appears in the title/abstract; dataset entity terms present.,False,1,,,
disorder,21509,10.1037/tra0001299,Complex PTSD in asylum-seekers living in a humanitarian setting in Africa: A latent class analysis.,2022,True,not_open_access,exclude_obvious_irrelevant,No in-scope psychedelic/ketamine/entactogen/dissociative compound or intervention term appears in the title/abstract; dataset entity terms present.,False,1,,,
disorder,21510,10.1037/tra0001518,Correction to Barbieri et al. (2022).,2023,True,not_open_access,exclude_obvious_irrelevant,No in-scope psychedelic/ketamine/entactogen/dissociative compound or intervention term appears in the title/abstract; dataset entity terms present.,False,1,,,
disorder,21526,10.1038/ijo.2013.120,Weight maintenance and additional weight loss with liraglutide after low-calorie-diet-induced weight loss: The SCALE Maintenance randomized study,2013,True,not_open_access,exclude_obvious_irrelevant,No in-scope psychedelic/ketamine/entactogen/dissociative compound or intervention term appears in the title/abstract; no dataset entity terms found.,False,1,,,
disorder,21534,10.1038/nrneurol.2016.93,"Chronic migraine: risk factors, mechanisms and treatment",2016,True,not_open_access,exclude_obvious_irrelevant,No in-scope psychedelic/ketamine/entactogen/dissociative compound or intervention term appears in the title/abstract; dataset entity terms present.,False,1,,,
disorder,21538,10.1038/s41380-021-01391-9,The effects of stimulant dose and dosing strategy on treatment outcomes in attention-deficit/hyperactivity disorder in children and adolescents: a meta-analysis,2022,True,not_open_access,exclude_obvious_irrelevant,No in-scope psychedelic/ketamine/entactogen/dissociative compound or intervention term appears in the title/abstract; no dataset entity terms found.,False,1,,,
disorder,21547,10.1038/s41380-024-02733-z,Efficacy and acceptability of pharmacological interventions for tardive dyskinesia in people with schizophrenia or mood disorders: a systematic review and network meta-analysis,2024,True,not_open_access,exclude_obvious_irrelevant,No in-scope psychedelic/ketamine/entactogen/dissociative compound or intervention term appears in the title/abstract; no dataset entity terms found.,False,1,,,
disorder,21565,10.1038/s41432-025-01161-4,Is smoking cessation the key to better oral health outcomes for type 2 diabetic patients with periodontal disease?,2025,True,not_open_access,exclude_obvious_irrelevant,No in-scope psychedelic/ketamine/entactogen/dissociative compound or intervention term appears in the title/abstract; no dataset entity terms found.,False,1,,,
disorder,21598,10.1038/sj.ijo.0801949,Binge eating disorder: a review,2002,True,not_open_access,exclude_obvious_irrelevant,No in-scope psychedelic/ketamine/entactogen/dissociative compound or intervention term appears in the title/abstract; no dataset entity terms found.,False,1,,,
disorder,21605,10.1044/2018_ajslp-18-0054,Application of the Communication Complexity Scale in Peer and Adult Assessment Contexts for Preschoolers With Autism Spectrum Disorders,2018,True,not_open_access,exclude_obvious_irrelevant,No in-scope psychedelic/ketamine/entactogen/dissociative compound or intervention term appears in the title/abstract; no dataset entity terms found.,False,1,,,
disorder,21606,10.1044/2020_ajslp-19-00127,Speech Prosody Interventions for Persons With Autism Spectrum Disorders: A Systematic Review,2020,True,not_open_access,exclude_obvious_irrelevant,No in-scope psychedelic/ketamine/entactogen/dissociative compound or intervention term appears in the title/abstract; dataset entity terms present.,False,1,,,
disorder,21607,10.1044/2020_ajslp-20-00131,Autism-Centered Therapy for Childhood Apraxia of Speech (ACT4CAS): A Single-Case Experimental Design Study,2021,True,not_open_access,exclude_obvious_irrelevant,No in-scope psychedelic/ketamine/entactogen/dissociative compound or intervention term appears in the title/abstract; dataset entity terms present.,False,1,,,
disorder,21608,10.1044/2023_ajslp-23-00163,Perceptions of Racism Among Graduate Students of Color in Audiology and Speech-Language Pathology,2023,True,not_open_access,exclude_obvious_irrelevant,No in-scope psychedelic/ketamine/entactogen/dissociative compound or intervention term appears in the title/abstract; dataset entity terms present.,False,1,,,
disorder,21609,10.1044/2023_jslhr-22-00711,Long-Term Effects of Early Communication Interventions: A Systematic Review and Meta-Analysis,2023,True,not_open_access,exclude_obvious_irrelevant,No in-scope psychedelic/ketamine/entactogen/dissociative compound or intervention term appears in the title/abstract; no dataset entity terms found.,False,1,,,
disorder,21610,10.1044/2024_ajslp-23-00425,The Effects of Functional Reading Activities to Motivate and Empower for Autistic Young Adults: A Single-Case Design Study,2024,True,not_open_access,exclude_obvious_irrelevant,No in-scope psychedelic/ketamine/entactogen/dissociative compound or intervention term appears in the title/abstract; no dataset entity terms found.,False,1,,,
disorder,21611,10.1044/2025_ajslp-24-00450,Incorporating Visual Scene Display Augmentative and Alternative Communication Supports Into Naturalistic Developmental Behavioral Interventions,2025,True,not_open_access,exclude_obvious_irrelevant,No in-scope psychedelic/ketamine/entactogen/dissociative compound or intervention term appears in the title/abstract; no dataset entity terms found.,False,1,,,
disorder,21612,10.1046/j.1360-0443.1998.93913657.x,Sexual abuse and alcoholism in a female population,1998,True,not_open_access,escalate,in-scope compound/intervention term appears in title or abstract,True,1,,,
disorder,21614,10.1046/j.1365-2710.2001.00367.x,Passionflower in the treatment of generalized anxiety: a pilot double-blind randomized controlled trial with oxazepam,2001,True,not_open_access,exclude_obvious_irrelevant,No in-scope psychedelic/ketamine/entactogen/dissociative compound or intervention term appears in the title/abstract; dataset entity terms present.,False,1,,,
disorder,21615,10.1046/j.1468-2982.1982.0201033.x,β-Adrenoceptor Blockade and Migraine,1982,True,not_open_access,exclude_obvious_irrelevant,No in-scope psychedelic/ketamine/entactogen/dissociative compound or intervention term appears in the title/abstract; no dataset entity terms found.,False,1,,,
disorder,21623,10.1046/j.1468-2982.2003.00531.x,Placebo Response in Cluster Headache Trials: A Review,2003,True,not_open_access,exclude_obvious_irrelevant,No in-scope psychedelic/ketamine/entactogen/dissociative compound or intervention term appears in the title/abstract; dataset entity terms present.,False,1,,,
disorder,21643,10.1046/j.1563-258x.2003.03037.x,Fibromyalgiesyndrom,2003,True,not_open_access,exclude_obvious_irrelevant,No in-scope psychedelic/ketamine/entactogen/dissociative compound or intervention term appears in the title/abstract; no dataset entity terms found.,False,1,,,
disorder,21649,10.1053/j.ajkd.2025.03.028,Patients’ Perspectives on Living With Primary Membranous Nephropathy: A Semi-Structured Interview Study,2025,True,not_open_access,exclude_obvious_irrelevant,No in-scope psychedelic/ketamine/entactogen/dissociative compound or intervention term appears in the title/abstract; no dataset entity terms found.,False,1,,,
disorder,21659,10.1055/a-2338-3555,"Zwangsstörungen: Expositionsbehandlung und Besonderheiten der
                    Kompaktbehandlung",2024,True,not_open_access,exclude_obvious_irrelevant,No in-scope psychedelic/ketamine/entactogen/dissociative compound or intervention term appears in the title/abstract; dataset entity terms present.,False,1,,,
disorder,21679,10.1055/s-0031-1279729,Gallbladder Emptying in Patients with Major Depression: A Case Series,2011,True,not_open_access,exclude_obvious_irrelevant,No in-scope psychedelic/ketamine/entactogen/dissociative compound or intervention term appears in the title/abstract; dataset entity terms present.,False,1,,,
disorder,21683,10.1055/s-0037-1598046,Auditory Processing in Children with Migraine: A Controlled Study,2017,True,not_open_access,escalate,in-scope compound/intervention term appears in title or abstract,True,1,,,
disorder,21688,10.1055/s-0042-118022,Ecstasy-Intoxikation mit disseminierter intravasaler Gerinnung und Multiorganversagen,2017,True,not_open_access,escalate,in-scope compound/intervention term appears in title or abstract,True,1,,,
disorder,21689,10.1055/s-0042-121336,Differenzialtherapie von Kopfschmerzen,2017,True,not_open_access,exclude_obvious_irrelevant,No in-scope psychedelic/ketamine/entactogen/dissociative compound or intervention term appears in the title/abstract; dataset entity terms present.,False,1,,,
disorder,21693,10.1055/s-2001-15702,"Tödliches Hirnödem 
nach Einnahme von Ecstasy und Benzylpiperazin",2001,True,not_open_access,escalate,in-scope compound/intervention term appears in title or abstract,True,1,,,
disorder,21698,10.1055/s-2007-1014321,Relapse Prevention in Alcoholics with an Anticraving Drug Treatment: First Results of the Berlin Study*,1994,True,not_open_access,escalate,in-scope compound/intervention term appears in title or abstract,True,1,,,
disorder,21699,10.1055/s-2007-996594,Halluzinogen-induzierte psychische Störungen,1996,True,not_open_access,escalate,in-scope compound/intervention term appears in title or abstract,True,1,,,
disorder,21721,10.1056/nejmoa2504546,Fremanezumab in Children and Adolescents with Episodic Migraine,2026,True,not_open_access,exclude_obvious_irrelevant,No in-scope psychedelic/ketamine/entactogen/dissociative compound or intervention term appears in the title/abstract; no dataset entity terms found.,False,1,,,
disorder,21733,10.1080/00325481.2021.2018255,Treatment characteristics among patients with binge-eating disorder: an electronic health records analysis,2022,True,not_open_access,exclude_obvious_irrelevant,No in-scope psychedelic/ketamine/entactogen/dissociative compound or intervention term appears in the title/abstract; no dataset entity terms found.,False,1,,,
disorder,21737,10.1080/00952990.2017.1292279,Management of comorbid bipolar disorder and substance use disorders,2017,True,not_open_access,exclude_obvious_irrelevant,No in-scope psychedelic/ketamine/entactogen/dissociative compound or intervention term appears in the title/abstract; no dataset entity terms found.,False,1,,,
disorder,21746,10.1080/00952990.2022.2114004,Safety and tolerability of progesterone treatment for women with cocaine use disorder: a pilot treatment trial,2022,True,not_open_access,exclude_obvious_irrelevant,No in-scope psychedelic/ketamine/entactogen/dissociative compound or intervention term appears in the title/abstract; dataset entity terms present.,False,1,,,
disorder,21767,10.1080/02699052.2018.1552022,Specialized interdisciplinary rehabilitation reduces persistent post-concussive symptoms: a randomized clinical trial,2018,True,not_open_access,exclude_obvious_irrelevant,No in-scope psychedelic/ketamine/entactogen/dissociative compound or intervention term appears in the title/abstract; dataset entity terms present.,False,1,,,
disorder,21839,10.1080/02791072.1985.10524331,LSD and Psychotherapy,1985,True,not_open_access,escalate,in-scope compound/intervention term appears in title or abstract,True,1,,,
disorder,21846,10.1080/02791072.2004.10399729,Combating Substance Abuse with Ibogaine: Pre- and Posttreatment Recommendations and an Example of Successive Model Fitting Analyses,2004,True,not_open_access,escalate,in-scope compound/intervention term appears in title or abstract,True,1,,,
disorder,21849,10.1080/02791072.2006.10399853,An Extended Nondrug MDMA-Like Experience Evoked Through Posthypnotic Suggestion,2006,True,not_open_access,escalate,in-scope compound/intervention term appears in title or abstract,True,1,,,
disorder,21884,10.1080/02791072.2020.1820641,"Traditional Use of
            <i>Banisteriopsis caapi</i>
            Alone and Its Application in a Context of Drug Addiction Therapy",2020,True,not_open_access,exclude_obvious_irrelevant,No in-scope psychedelic/ketamine/entactogen/dissociative compound or intervention term appears in the title/abstract; no dataset entity terms found.,False,1,,,
disorder,21888,10.1080/02791072.2021.1947546,Co–administering cannabis with tobacco and persistent tobacco smoking after 4½ years in young adults who use stimulants: A prospective population–based study,2021,True,not_open_access,escalate,in-scope compound/intervention term appears in title or abstract,True,1,,,
disorder,21944,10.1080/03602532.2019.1697283,Adverse pharmacokinetic interactions between illicit substances and clinical drugs,2019,True,not_open_access,escalate,in-scope compound/intervention term appears in title or abstract,True,1,,,
disorder,21969,10.1080/09540260902782745,Cannabis use disorder: Epidemiology and management,2009,True,not_open_access,exclude_obvious_irrelevant,No in-scope psychedelic/ketamine/entactogen/dissociative compound or intervention term appears in the title/abstract; dataset entity terms present.,False,1,,,
disorder,21977,10.1080/09595230500293795,Natural medicines for alcoholism treatment: a review,2005,True,not_open_access,exclude_obvious_irrelevant,No in-scope psychedelic/ketamine/entactogen/dissociative compound or intervention term appears in the title/abstract; no dataset entity terms found.,False,1,,,
disorder,21980,10.1080/09638288.2023.2218652,Retrospective review of the efficacy for sublingual ketamine in the treatment of chronic low back pain defined by a cause and central functional pain symptom focused clinical model,2023,True,not_open_access,escalate,in-scope compound/intervention term appears in title or abstract,True,1,,,
disorder,21981,10.1080/09638288.2024.2321318,Exercise or mind-body exercises for psychiatry symptoms and quality of life in schizophrenia spectrum and other psychotic disorders: an overview of systematic reviews with meta-analysis,2024,True,not_open_access,exclude_obvious_irrelevant,No in-scope psychedelic/ketamine/entactogen/dissociative compound or intervention term appears in the title/abstract; dataset entity terms present.,False,1,,,
disorder,21987,10.1080/1028415x.2018.1541269,Coenzyme Q10 supplementation in acute ischemic stroke: Is it beneficial in short-term administration?,2018,True,not_open_access,exclude_obvious_irrelevant,No in-scope psychedelic/ketamine/entactogen/dissociative compound or intervention term appears in the title/abstract; no dataset entity terms found.,False,1,,,
disorder,21988,10.1080/1028415x.2021.1904542,Effect of Vitamin B2 supplementation on migraine prophylaxis: a systematic review and meta-analysis,2021,True,not_open_access,exclude_obvious_irrelevant,No in-scope psychedelic/ketamine/entactogen/dissociative compound or intervention term appears in the title/abstract; no dataset entity terms found.,False,1,,,
disorder,21989,10.1080/1028415x.2021.1954294,The effects of the dietary approaches to stop hypertension (DASH) diet on oxidative stress and clinical indices of migraine patients: a randomized controlled trial,2021,True,not_open_access,exclude_obvious_irrelevant,No in-scope psychedelic/ketamine/entactogen/dissociative compound or intervention term appears in the title/abstract; no dataset entity terms found.,False,1,,,
disorder,21990,10.1080/1028415x.2022.2031494,Efficacy of B-vitamins and vitamin D therapy in improving depressive and anxiety disorders: a systematic review of randomized controlled trials,2022,True,not_open_access,exclude_obvious_irrelevant,No in-scope psychedelic/ketamine/entactogen/dissociative compound or intervention term appears in the title/abstract; dataset entity terms present.,False,1,,,
disorder,21991,10.1080/10408398.2021.1974335,Missing puzzle pieces of time-restricted-eating (TRE) as a long-term weight-loss strategy in overweight and obese people? A systematic review and meta-analysis of randomized controlled trials,2021,True,not_open_access,exclude_obvious_irrelevant,No in-scope psychedelic/ketamine/entactogen/dissociative compound or intervention term appears in the title/abstract; no dataset entity terms found.,False,1,,,
disorder,21992,10.1080/10503307.2014.923125,Treatment outcome in substance use disorder patients with and without comorbid posttraumatic stress disorder: A systematic review,2014,True,not_open_access,exclude_obvious_irrelevant,No in-scope psychedelic/ketamine/entactogen/dissociative compound or intervention term appears in the title/abstract; dataset entity terms present.,False,1,,,
disorder,21993,10.1080/10503307.2017.1301689,Client interpersonal impacts as mediators of long-term outcome in cognitive-behavioral therapy integrated with motivational interviewing for generalized anxiety disorder,2017,True,not_open_access,exclude_obvious_irrelevant,No in-scope psychedelic/ketamine/entactogen/dissociative compound or intervention term appears in the title/abstract; dataset entity terms present.,False,1,,,
disorder,21994,10.1080/10503307.2018.1543976,Changes in depressed patients’ self-statements,2018,True,not_open_access,exclude_obvious_irrelevant,No in-scope psychedelic/ketamine/entactogen/dissociative compound or intervention term appears in the title/abstract; dataset entity terms present.,False,1,,,
disorder,21995,10.1080/10503307.2021.2001069,Therapist affiliation and hostility in cognitive–behavioral therapy with and without motivational interviewing for severe generalized anxiety disorder,2021,True,not_open_access,exclude_obvious_irrelevant,No in-scope psychedelic/ketamine/entactogen/dissociative compound or intervention term appears in the title/abstract; dataset entity terms present.,False,1,,,
disorder,22001,10.1080/10550887.2017.1326655,The 10-Item Substance Use Disorder Outcome Scale: Psychometric evaluation,2017,True,not_open_access,exclude_obvious_irrelevant,No in-scope psychedelic/ketamine/entactogen/dissociative compound or intervention term appears in the title/abstract; dataset entity terms present.,False,1,,,
disorder,22010,10.1080/10550887.2025.2612501,"Clinical and inflammatory profiles in substance use disorder: gender, substance type, and comorbidity in a single-center cross-sectional study in Turkey",2026,True,not_open_access,escalate,in-scope compound/intervention term appears in title or abstract,True,1,,,
disorder,22011,10.1080/10615806.2022.2047949,Can respondents accurately self-report posttraumatic growth when coached through the required cognitive steps?,2022,True,not_open_access,exclude_obvious_irrelevant,No in-scope psychedelic/ketamine/entactogen/dissociative compound or intervention term appears in the title/abstract; no dataset entity terms found.,False,1,,,
disorder,22070,10.1080/10826084.2022.2058706,Comparing Perceptions of Addiction Treatment between Professionals and Individuals in Recovery,2022,True,not_open_access,exclude_obvious_irrelevant,No in-scope psychedelic/ketamine/entactogen/dissociative compound or intervention term appears in the title/abstract; dataset entity terms present.,False,1,,,
disorder,22107,10.1080/13548506.2023.2216464,"Effect of prebiotic and probiotic supplementation on reduced pain in patients with fibromyalgia syndrome: a double-blind, placebo-controlled randomized clinical trial",2023,True,not_open_access,exclude_obvious_irrelevant,No in-scope psychedelic/ketamine/entactogen/dissociative compound or intervention term appears in the title/abstract; dataset entity terms present.,False,1,,,
disorder,22110,10.1080/13607863.2021.1951660,Exercise for depression and depressive symptoms in older adults: an umbrella review of systematic reviews and Meta-analyses,2021,True,not_open_access,exclude_obvious_irrelevant,No in-scope psychedelic/ketamine/entactogen/dissociative compound or intervention term appears in the title/abstract; dataset entity terms present.,False,1,,,
disorder,22114,10.1080/13651501.2019.1682171,EMDR therapy in children and adolescents who have post-traumatic stress disorder: a six-week follow-up study,2019,True,not_open_access,exclude_obvious_irrelevant,No in-scope psychedelic/ketamine/entactogen/dissociative compound or intervention term appears in the title/abstract; dataset entity terms present.,False,1,,,
disorder,22122,10.1080/13811118.2021.1915217,The Effectiveness of the Safety Planning Intervention for Adults Experiencing Suicide-Related Distress: A Systematic Review,2021,True,not_open_access,exclude_obvious_irrelevant,No in-scope psychedelic/ketamine/entactogen/dissociative compound or intervention term appears in the title/abstract; dataset entity terms present.,False,1,,,
disorder,22132,10.1080/14656566.2016.1244529,Update on pharmacotherapy for treatment of opioid use disorder,2016,True,not_open_access,exclude_obvious_irrelevant,No in-scope psychedelic/ketamine/entactogen/dissociative compound or intervention term appears in the title/abstract; dataset entity terms present.,False,1,,,
disorder,22134,10.1080/14656566.2017.1359257,Agomelatine for the treatment of generalized anxiety disorder,2017,True,not_open_access,exclude_obvious_irrelevant,No in-scope psychedelic/ketamine/entactogen/dissociative compound or intervention term appears in the title/abstract; dataset entity terms present.,False,1,,,
disorder,22135,10.1080/14656566.2019.1637419,Current pharmacotherapeutic approaches for dysthymic disorder and persistent depressive disorder,2019,True,not_open_access,exclude_obvious_irrelevant,No in-scope psychedelic/ketamine/entactogen/dissociative compound or intervention term appears in the title/abstract; dataset entity terms present.,False,1,,,
disorder,22136,10.1080/14656566.2019.1681970,Pharmacotherapeutic strategies for methamphetamine use disorder: mind the subgroups,2019,True,not_open_access,exclude_obvious_irrelevant,No in-scope psychedelic/ketamine/entactogen/dissociative compound or intervention term appears in the title/abstract; dataset entity terms present.,False,1,,,
disorder,22181,10.1080/14728214.2024.2306290,Cannabinoid treatment for the symptoms of autism spectrum disorder,2024,True,not_open_access,exclude_obvious_irrelevant,No in-scope psychedelic/ketamine/entactogen/dissociative compound or intervention term appears in the title/abstract; dataset entity terms present.,False,1,,,
disorder,22192,10.1080/14737175.2023.2273392,Obtaining long-term recovery: advances in optimizing treatment outcomes in patients with binge-eating disorder,2023,True,not_open_access,exclude_obvious_irrelevant,No in-scope psychedelic/ketamine/entactogen/dissociative compound or intervention term appears in the title/abstract; no dataset entity terms found.,False,1,,,
disorder,22206,10.1080/14767058.2021.1973418,Myasthenia gravis and covid-19 in pregnancy: a review of the literature and case series report,2021,True,not_open_access,exclude_obvious_irrelevant,No in-scope psychedelic/ketamine/entactogen/dissociative compound or intervention term appears in the title/abstract; no dataset entity terms found.,False,1,,,
disorder,22240,10.1080/15622975.2019.1663929,Predicting individual responses to lithium with oxidative stress markers in drug-free bipolar disorder,2019,True,not_open_access,exclude_obvious_irrelevant,No in-scope psychedelic/ketamine/entactogen/dissociative compound or intervention term appears in the title/abstract; dataset entity terms present.,False,1,,,
disorder,22262,10.1080/1744666x.2017.1263153,Use of biologics and other novel therapies for the treatment of systemic sclerosis,2016,True,not_open_access,exclude_obvious_irrelevant,No in-scope psychedelic/ketamine/entactogen/dissociative compound or intervention term appears in the title/abstract; no dataset entity terms found.,False,1,,,
disorder,22266,10.1080/17512433.2019.1635454,Buprenorphine treatment for opioid use disorder: recent progress,2019,True,not_open_access,exclude_obvious_irrelevant,No in-scope psychedelic/ketamine/entactogen/dissociative compound or intervention term appears in the title/abstract; dataset entity terms present.,False,1,,,
disorder,22297,10.1080/j.1440-1614.2000.00709.x,Antidepressants Versus Placebo for the Treatment of Bulimia Nervosa: A Systematic Review,2000,True,not_open_access,exclude_obvious_irrelevant,No in-scope psychedelic/ketamine/entactogen/dissociative compound or intervention term appears in the title/abstract; no dataset entity terms found.,False,1,,,
disorder,22299,10.1081/ada-100101900,Sex Differences in Self-Reported and Physiological Response to Oral Cocaine and Placebo in Humans,2000,True,not_open_access,escalate,in-scope compound/intervention term appears in title or abstract,True,1,,,
disorder,22303,10.1089/acm.2020.0188,"Injection Therapy in Patients with Lateral Epicondylalgia: Hyaluronic Acid or Dextrose Prolotherapy? A Single-Blind, Randomized Clinical Trial",2020,True,not_open_access,escalate,in-scope compound/intervention term appears in title or abstract,True,1,,,
disorder,22304,10.1089/acm.2020.0207,Dextrose Prolotherapy Versus Lidocaine Injection for Temporomandibular Dysfunction: A Pragmatic Randomized Controlled Trial,2020,True,not_open_access,escalate,in-scope compound/intervention term appears in title or abstract,True,1,,,
disorder,22305,10.1089/acm.2020.0286,Dextrose Prolotherapy Versus Normal Saline Injection for the Treatment of Lateral Epicondylopathy: A Randomized Controlled Trial,2020,True,not_open_access,escalate,in-scope compound/intervention term appears in title or abstract,True,1,,,
disorder,22314,10.1089/cap.2022.0038,Guanfacine for the Treatment of Attention-Deficit Hyperactivity Disorder: An Updated Systematic Review and Meta-Analysis,2023,True,not_open_access,exclude_obvious_irrelevant,No in-scope psychedelic/ketamine/entactogen/dissociative compound or intervention term appears in the title/abstract; no dataset entity terms found.,False,1,,,
disorder,22316,10.1089/cap.2024.0013,Systematic Review and Meta-Analysis: Pharmacological and Nonpharmacological Interventions for Disruptive Mood Dysregulation Disorder,2024,True,not_open_access,exclude_obvious_irrelevant,No in-scope psychedelic/ketamine/entactogen/dissociative compound or intervention term appears in the title/abstract; no dataset entity terms found.,False,1,,,
disorder,22331,10.1089/jicm.2024.0564,"Homeopathic Treatment of Chronic Low-Back Pain: A Double-Blind, Randomized, Placebo-Controlled Trial",2025,True,not_open_access,exclude_obvious_irrelevant,No in-scope psychedelic/ketamine/entactogen/dissociative compound or intervention term appears in the title/abstract; no dataset entity terms found.,False,1,,,
disorder,22422,10.1093/brain/awf214,Prospective randomized trial of lisuride infusion versus oral levodopa in patients with Parkinson's disease,2002,True,not_open_access,escalate,in-scope compound/intervention term appears in title or abstract,True,1,,,
disorder,22424,10.1093/cercor/bhae372,High- and low-social-anxiety individuals process the outcomes of ability comparisons differently: an event-related potential study,2024,True,not_open_access,escalate,in-scope compound/intervention term appears in title or abstract,True,1,,,
disorder,22473,10.1093/jat/bkz001,"Analytically Confirmed Intoxication by 4-Fluoromethylphenidate, an Analog of Methylphenidate",2019,True,not_open_access,escalate,in-scope compound/intervention term appears in title or abstract,True,1,,,
disorder,22477,10.1093/jpepsy/jsae096,Systematic review and meta-analysis of behavioral interventions for sleep disruption in pediatric neurodevelopmental and medical conditions,2024,True,not_open_access,exclude_obvious_irrelevant,No in-scope psychedelic/ketamine/entactogen/dissociative compound or intervention term appears in the title/abstract; no dataset entity terms found.,False,1,,,
disorder,22682,10.1093/ntr/nts141,Assigning Dose of Nicotine Gum by Time to First Cigarette,2012,True,not_open_access,exclude_obvious_irrelevant,No in-scope psychedelic/ketamine/entactogen/dissociative compound or intervention term appears in the title/abstract; dataset entity terms present.,False,1,,,
disorder,22807,10.1093/pm/pnag008,Pain outcomes in persons with multiple sclerosis receiving S1PR modulators: a cross-sectional study,2026,True,not_open_access,exclude_obvious_irrelevant,No in-scope psychedelic/ketamine/entactogen/dissociative compound or intervention term appears in the title/abstract; dataset entity terms present.,False,1,,,
disorder,22812,10.1093/rheumatology/keaf411,Targeting axial and peripheral psoriatic arthritis: a retrospective observational study on the clinical relevance of upadacitinib,2025,True,not_open_access,exclude_obvious_irrelevant,No in-scope psychedelic/ketamine/entactogen/dissociative compound or intervention term appears in the title/abstract; no dataset entity terms found.,False,1,,,
disorder,22813,10.1093/rheumatology/kez505,Comorbid fibromyalgia impairs the effectiveness of biologic drugs in patients with psoriatic arthritis,2019,True,not_open_access,exclude_obvious_irrelevant,No in-scope psychedelic/ketamine/entactogen/dissociative compound or intervention term appears in the title/abstract; no dataset entity terms found.,False,1,,,
disorder,22847,10.1097/00001756-200310270-00021,Neural correlates of working memory in pure and polyvalent ecstasy (MDMA) users,2003,True,not_open_access,escalate,in-scope compound/intervention term appears in title or abstract,True,1,,,
disorder,22848,10.1097/00002030-200001280-00010,Adherence to HAART in French HIV-infected injecting drug users: the contribution of buprenorphine drug maintenance treatment,2000,True,not_open_access,exclude_obvious_irrelevant,No in-scope psychedelic/ketamine/entactogen/dissociative compound or intervention term appears in the title/abstract; no dataset entity terms found.,False,1,,,
disorder,22851,10.1097/00002281-200303000-00012,Complementary medicine,2003,True,not_open_access,exclude_obvious_irrelevant,No in-scope psychedelic/ketamine/entactogen/dissociative compound or intervention term appears in the title/abstract; no dataset entity terms found.,False,1,,,
disorder,22856,10.1097/00002826-198910000-00005,A Study of the Cardiopressor Effects of Lisuride in the Treatment of Parkinsonism and Pathological Aging Brain,1989,True,not_open_access,escalate,in-scope compound/intervention term appears in title or abstract,True,1,,,
disorder,22857,10.1097/00002826-199013003-00011,Almitrine-Raubasine and Cognitive Impairment in the Elderly: Results of a 6-Month Controlled Multicenter Study,1990,True,not_open_access,exclude_obvious_irrelevant,No in-scope psychedelic/ketamine/entactogen/dissociative compound or intervention term appears in the title/abstract; dataset entity terms present.,False,1,,,
disorder,22861,10.1097/00002826-199619010-00006,Effects of Terguride on Anterior Pituitary Function in Parkinsonian Patients Treated with L-Dopa: A Double-Blind Study Versus Placebo,1996,True,not_open_access,exclude_obvious_irrelevant,No in-scope psychedelic/ketamine/entactogen/dissociative compound or intervention term appears in the title/abstract; no dataset entity terms found.,False,1,,,
disorder,22862,10.1097/00003246-198611000-00011,Hyperthermia associated with drug intoxication,1986,True,not_open_access,escalate,in-scope compound/intervention term appears in title or abstract,True,1,,,
disorder,22863,10.1097/00004583-199905000-00011,Stimulant Medications,1999,True,not_open_access,exclude_obvious_irrelevant,No in-scope psychedelic/ketamine/entactogen/dissociative compound or intervention term appears in the title/abstract; no dataset entity terms found.,False,1,,,
disorder,22865,10.1097/00004703-200602000-00001,Long-Term Stimulant Medication Treatment of Attention-Deficit/Hyperactivity Disorder,2006,True,not_open_access,exclude_obvious_irrelevant,No in-scope psychedelic/ketamine/entactogen/dissociative compound or intervention term appears in the title/abstract; no dataset entity terms found.,False,1,,,
disorder,22873,10.1097/00004850-200101000-00003,Efficacy and tolerability of moclobemide in bulimia nervosa: a placebo-controlled trial,2001,True,not_open_access,exclude_obvious_irrelevant,No in-scope psychedelic/ketamine/entactogen/dissociative compound or intervention term appears in the title/abstract; no dataset entity terms found.,False,1,,,
disorder,22881,10.1097/00005053-197509000-00002,SUBJECT EXPECTANCY AND ENVIRONMENTAL FACTORS AS DETERMINANTS OF PSYCHEDELIC FLASHBACK EXPERIENCES,1975,True,not_open_access,escalate,in-scope compound/intervention term appears in title or abstract,True,1,,,
disorder,22882,10.1097/00005650-200412000-00006,Monitoring Depression Treatment Outcomes With the Patient Health Questionnaire-9,2004,True,not_open_access,exclude_obvious_irrelevant,No in-scope psychedelic/ketamine/entactogen/dissociative compound or intervention term appears in the title/abstract; dataset entity terms present.,False,1,,,
disorder,22884,10.1097/00007632-199504000-00011,Prevalence and Treatment Outcome of Primary and Secondary Fibromyalgia in Patients With Spinal Pain,1995,True,not_open_access,exclude_obvious_irrelevant,No in-scope psychedelic/ketamine/entactogen/dissociative compound or intervention term appears in the title/abstract; no dataset entity terms found.,False,1,,,
disorder,22885,10.1097/00007632-200209010-00004,A Randomized Controlled Trial of Exercise and Manipulative Therapy for Cervicogenic Headache,2002,True,not_open_access,exclude_obvious_irrelevant,No in-scope psychedelic/ketamine/entactogen/dissociative compound or intervention term appears in the title/abstract; no dataset entity terms found.,False,1,,,
disorder,22886,10.1097/00007691-200404000-00009,Human Pharmacology of MDMA,2004,True,not_open_access,escalate,in-scope compound/intervention term appears in title or abstract,True,1,,,
disorder,22890,10.1097/00043426-200309000-00005,Viridans Streptococcal Sepsis: Clinical Features and Complications in Childhood Acute Myeloid Leukemia,2003,True,not_open_access,exclude_obvious_irrelevant,No in-scope psychedelic/ketamine/entactogen/dissociative compound or intervention term appears in the title/abstract; no dataset entity terms found.,False,1,,,
disorder,22907,10.1097/01.bor.0000154202.56962.85,Exercise in fibromyalgia,2005,True,not_open_access,exclude_obvious_irrelevant,No in-scope psychedelic/ketamine/entactogen/dissociative compound or intervention term appears in the title/abstract; no dataset entity terms found.,False,1,,,
disorder,22916,10.1097/01.jcp.0000104905.75206.50,Platelet Serotonergic Predictors of Clinical Improvement in Obsessive Compulsive Disorder,2004,True,not_open_access,exclude_obvious_irrelevant,No in-scope psychedelic/ketamine/entactogen/dissociative compound or intervention term appears in the title/abstract; dataset entity terms present.,False,1,,,
disorder,22928,10.1097/01.pra.0000460621.95181.e2,Inpatient Treatment for Anorexia Nervosa,2015,True,not_open_access,exclude_obvious_irrelevant,No in-scope psychedelic/ketamine/entactogen/dissociative compound or intervention term appears in the title/abstract; dataset entity terms present.,False,1,,,
disorder,23068,10.1097/aap.0000000000000663,Chronic Poststernotomy Pain,2017,True,not_open_access,exclude_obvious_irrelevant,No in-scope psychedelic/ketamine/entactogen/dissociative compound or intervention term appears in the title/abstract; dataset entity terms present.,False,1,,,
disorder,23077,10.1097/adm.0000000000001599,Methylphenidate for the Treatment of Cocaine Use Disorder: A Systematic Review and Meta-analysis,2025,True,not_open_access,exclude_obvious_irrelevant,No in-scope psychedelic/ketamine/entactogen/dissociative compound or intervention term appears in the title/abstract; dataset entity terms present.,False,1,,,
disorder,23080,10.1097/adm.0b013e318279737b,Self-inflicted Testicular Amputation in First Lysergic Acid Diethylamide Use,2012,True,not_open_access,escalate,in-scope compound/intervention term appears in title or abstract,True,1,,,
disorder,23094,10.1097/aog.0b013e3181e5ef4d,Exercise for Dysmenorrhoea,2010,True,not_open_access,exclude_obvious_irrelevant,No in-scope psychedelic/ketamine/entactogen/dissociative compound or intervention term appears in the title/abstract; no dataset entity terms found.,False,1,,,
disorder,23095,10.1097/bpo.0b013e3181b768d9,Outcome Analysis of Surgery for Blount Disease,2009,True,not_open_access,exclude_obvious_irrelevant,No in-scope psychedelic/ketamine/entactogen/dissociative compound or intervention term appears in the title/abstract; no dataset entity terms found.,False,1,,,
disorder,23096,10.1097/brs.0000000000002201,Trial Design and Endpoint Evaluation in Clinical Studies Addressing Chronic Back Pain,2017,True,not_open_access,exclude_obvious_irrelevant,No in-scope psychedelic/ketamine/entactogen/dissociative compound or intervention term appears in the title/abstract; dataset entity terms present.,False,1,,,
disorder,23097,10.1097/cad.0b013e3283099e71,Efficacy of doxifluridine combined with weekly paclitaxel therapy in the treatment of advanced or recurrent breast cancer: results of the JMTO BC01 phase II trial,2008,True,not_open_access,exclude_obvious_irrelevant,No in-scope psychedelic/ketamine/entactogen/dissociative compound or intervention term appears in the title/abstract; no dataset entity terms found.,False,1,,,
disorder,23102,10.1097/dbp.0000000000000099,Long-Term Stimulant Medication Treatment of Attention-Deficit/Hyperactivity Disorder,2014,True,not_open_access,exclude_obvious_irrelevant,No in-scope psychedelic/ketamine/entactogen/dissociative compound or intervention term appears in the title/abstract; no dataset entity terms found.,False,1,,,
disorder,23122,10.1097/grf.0000000000000418,Stimulant Use in Pregnancy: An Under-recognized Epidemic Among Pregnant Women,2019,True,not_open_access,escalate,in-scope compound/intervention term appears in title or abstract,True,1,,,
disorder,23125,10.1097/hrp.0000000000000075,Medication-Assisted Treatment of Opioid Use Disorder,2015,True,not_open_access,exclude_obvious_irrelevant,No in-scope psychedelic/ketamine/entactogen/dissociative compound or intervention term appears in the title/abstract; dataset entity terms present.,False,1,,,
disorder,23128,10.1097/hrp.0000000000000242,Novel Targets to Treat Depression: Opioid-Based Therapeutics,2020,True,not_open_access,escalate,in-scope compound/intervention term appears in title or abstract,True,1,,,
disorder,23148,10.1097/jan.0000000000000499,Opioid Use Disorder,2022,True,not_open_access,exclude_obvious_irrelevant,No in-scope psychedelic/ketamine/entactogen/dissociative compound or intervention term appears in the title/abstract; dataset entity terms present.,False,1,,,
disorder,23155,10.1097/jcp.0000000000001124,Prodopaminergic Drugs for Treating the Negative Symptoms of Schizophrenia,2019,True,not_open_access,escalate,in-scope compound/intervention term appears in title or abstract,True,1,,,
disorder,23170,10.1097/jcp.0b013e3181a443d0,A Double-Blind Randomized Trial of Mood Stabilizer Augmentation Using Lamotrigine and Valproate for Patients With Schizophrenia Who Are Stabilized and Partially Responsive,2009,True,not_open_access,exclude_obvious_irrelevant,No in-scope psychedelic/ketamine/entactogen/dissociative compound or intervention term appears in the title/abstract; dataset entity terms present.,False,1,,,
disorder,23179,10.1097/jsm.0000000000000958,Botulinum Toxin A for Chronic Exertional Compartment Syndrome: A Retrospective Study of 16 Upper- and Lower-Limb Cases,2021,True,not_open_access,exclude_obvious_irrelevant,No in-scope psychedelic/ketamine/entactogen/dissociative compound or intervention term appears in the title/abstract; no dataset entity terms found.,False,1,,,
disorder,23184,10.1097/mop.0000000000000687,Nerve blocks in paediatric and adolescent headache disorders,2018,True,not_open_access,exclude_obvious_irrelevant,No in-scope psychedelic/ketamine/entactogen/dissociative compound or intervention term appears in the title/abstract; no dataset entity terms found.,False,1,,,
disorder,23185,10.1097/mop.0000000000001412,Advancements in pediatric headache,2024,True,not_open_access,exclude_obvious_irrelevant,No in-scope psychedelic/ketamine/entactogen/dissociative compound or intervention term appears in the title/abstract; no dataset entity terms found.,False,1,,,
disorder,23189,10.1097/ncc.0000000000001491,Psychological Resilience in Newly Diagnosed Prostate Cancer Survivors,2025,True,not_open_access,exclude_obvious_irrelevant,No in-scope psychedelic/ketamine/entactogen/dissociative compound or intervention term appears in the title/abstract; dataset entity terms present.,False,1,,,
disorder,23191,10.1097/nmd.0000000000000311,Paranoid Delusional Disorder Follows Social Anxiety Disorder in a Long-Term Case Series,2015,True,not_open_access,exclude_obvious_irrelevant,No in-scope psychedelic/ketamine/entactogen/dissociative compound or intervention term appears in the title/abstract; dataset entity terms present.,False,1,,,
disorder,23192,10.1097/nmd.0000000000001296,Algorithm-Driven Substance Use Disorder Treatment for Inner-City Clients With Serious Mental Illness and Multiple Impairments,2021,True,not_open_access,exclude_obvious_irrelevant,No in-scope psychedelic/ketamine/entactogen/dissociative compound or intervention term appears in the title/abstract; dataset entity terms present.,False,1,,,
disorder,23193,10.1097/nrl.0b013e3181663555,Headache and Pregnancy,2008,True,not_open_access,exclude_obvious_irrelevant,No in-scope psychedelic/ketamine/entactogen/dissociative compound or intervention term appears in the title/abstract; dataset entity terms present.,False,1,,,
disorder,23196,10.1097/phm.0000000000000879,Intra-articular Triamcinolone Versus Hyaluronate Injections for Low Back Pain With Symptoms Suggestive of Lumbar Zygapophyseal Joint Arthropathy,2017,True,not_open_access,exclude_obvious_irrelevant,No in-scope psychedelic/ketamine/entactogen/dissociative compound or intervention term appears in the title/abstract; no dataset entity terms found.,False,1,,,
disorder,23197,10.1097/phm.0000000000001743,Lumbar Bracing for Chronic Low Back Pain,2021,True,not_open_access,exclude_obvious_irrelevant,No in-scope psychedelic/ketamine/entactogen/dissociative compound or intervention term appears in the title/abstract; no dataset entity terms found.,False,1,,,
disorder,23200,10.1097/rhu.0000000000000702,Medical Cannabis for the Treatment of Fibromyalgia,2018,True,not_open_access,exclude_obvious_irrelevant,No in-scope psychedelic/ketamine/entactogen/dissociative compound or intervention term appears in the title/abstract; dataset entity terms present.,False,1,,,
disorder,23204,10.1097/wco.0000000000000808,Evolving options for the treatment of cluster headache,2020,True,not_open_access,exclude_obvious_irrelevant,No in-scope psychedelic/ketamine/entactogen/dissociative compound or intervention term appears in the title/abstract; dataset entity terms present.,False,1,,,
disorder,23205,10.1097/wco.0000000000001357,Persistent aura without infarction,2025,True,not_open_access,escalate,in-scope compound/intervention term appears in title or abstract,True,1,,,
disorder,23206,10.1097/wco.0b013e328360d596,Medication-overuse headache,2013,True,not_open_access,exclude_obvious_irrelevant,No in-scope psychedelic/ketamine/entactogen/dissociative compound or intervention term appears in the title/abstract; no dataset entity terms found.,False,1,,,
disorder,23214,10.1097/wnf.0b013e3181d99d6f,Replacing a Dopamine Agonist by the COMT-Inhibitor Tolcapone as an Adjunct to l-dopa in the Treatment of Parkinson's Disease,2010,True,not_open_access,escalate,in-scope compound/intervention term appears in title or abstract,True,1,,,
disorder,23216,10.1097/yco.0000000000000022,The re-labelling of dysthymic disorder to persistent depressive disorder in DSM-5,2013,True,not_open_access,exclude_obvious_irrelevant,No in-scope psychedelic/ketamine/entactogen/dissociative compound or intervention term appears in the title/abstract; dataset entity terms present.,False,1,,,
disorder,23217,10.1097/yco.0000000000000375,Personality disorder and treatment outcome in alcohol use disorder,2017,True,not_open_access,exclude_obvious_irrelevant,No in-scope psychedelic/ketamine/entactogen/dissociative compound or intervention term appears in the title/abstract; dataset entity terms present.,False,1,,,
disorder,23219,10.1097/yco.0000000000000945,Opioid vaccine clinical testing: lessons learned,2024,True,not_open_access,exclude_obvious_irrelevant,No in-scope psychedelic/ketamine/entactogen/dissociative compound or intervention term appears in the title/abstract; dataset entity terms present.,False,1,,,
disorder,23220,10.1097/yco.0000000000001035,Psychological and medical treatments for binge-eating disorder: state-of-the-art,2025,True,not_open_access,exclude_obvious_irrelevant,No in-scope psychedelic/ketamine/entactogen/dissociative compound or intervention term appears in the title/abstract; no dataset entity terms found.,False,1,,,
disorder,23229,10.1097/yct.0b013e31824d1d02,Effects of Propofol and Ketamine as Combined Anesthesia for Electroconvulsive Therapy in Patients With Depressive Disorder,2012,True,not_open_access,escalate,in-scope compound/intervention term appears in title or abstract,True,1,,,
disorder,23233,10.1097/yic.0000000000000058,Predictors of placebo response in bipolar depression,2014,True,not_open_access,exclude_obvious_irrelevant,No in-scope psychedelic/ketamine/entactogen/dissociative compound or intervention term appears in the title/abstract; dataset entity terms present.,False,1,,,
disorder,23234,10.1097/yic.0000000000000078,Efficacy of treatments for anxiety disorders,2015,True,not_open_access,exclude_obvious_irrelevant,No in-scope psychedelic/ketamine/entactogen/dissociative compound or intervention term appears in the title/abstract; dataset entity terms present.,False,1,,,
disorder,23235,10.1097/yic.0000000000000079,Armodafinil in binge eating disorder,2015,True,not_open_access,exclude_obvious_irrelevant,No in-scope psychedelic/ketamine/entactogen/dissociative compound or intervention term appears in the title/abstract; no dataset entity terms found.,False,1,,,
disorder,23257,10.1111/1755-5922.12049,Disease Modifying Therapies Modulate Cardiovascular Risk Factors in Patients with Multiple Sclerosis,2013,True,not_open_access,exclude_obvious_irrelevant,No in-scope psychedelic/ketamine/entactogen/dissociative compound or intervention term appears in the title/abstract; no dataset entity terms found.,False,1,,,
disorder,23267,10.1111/acer.14020,Severity of Substance Use Disorder: Utility as an Outcome in Clinical Settings,2019,True,not_open_access,exclude_obvious_irrelevant,No in-scope psychedelic/ketamine/entactogen/dissociative compound or intervention term appears in the title/abstract; dataset entity terms present.,False,1,,,
disorder,23276,10.1111/acps.12905,Baclofen for alcohol use disorder—a systematic meta‐analysis,2018,True,not_open_access,exclude_obvious_irrelevant,No in-scope psychedelic/ketamine/entactogen/dissociative compound or intervention term appears in the title/abstract; dataset entity terms present.,False,1,,,
disorder,23331,10.1111/add.14755,Pharmacotherapy for methamphetamine/amphetamine use disorder—a systematic review and meta‐analysis,2019,True,not_open_access,exclude_obvious_irrelevant,No in-scope psychedelic/ketamine/entactogen/dissociative compound or intervention term appears in the title/abstract; no dataset entity terms found.,False,1,,,
disorder,23335,10.1111/add.16421,Efficacy and safety of alcohol reduction pharmacotherapy according to treatment duration in patients with alcohol dependence or alcohol use disorder: A systematic review and network meta‐analysis,2024,True,not_open_access,exclude_obvious_irrelevant,No in-scope psychedelic/ketamine/entactogen/dissociative compound or intervention term appears in the title/abstract; dataset entity terms present.,False,1,,,
disorder,23346,10.1111/ajad.12277,Co-morbid tobacco use disorder and depression: A re-evaluation of smoking cessation therapy in depressed smokers,2015,True,not_open_access,exclude_obvious_irrelevant,No in-scope psychedelic/ketamine/entactogen/dissociative compound or intervention term appears in the title/abstract; dataset entity terms present.,False,1,,,
disorder,23348,10.1111/ajad.12382,Does cannabis use moderate smoking cessation outcomes in treatment‐seeking tobacco smokers? Analysis from a large multi‐center trial,2016,True,not_open_access,exclude_obvious_irrelevant,No in-scope psychedelic/ketamine/entactogen/dissociative compound or intervention term appears in the title/abstract; dataset entity terms present.,False,1,,,
disorder,23349,10.1111/ajad.12942,"Lofexidine in Combination With Oral Naltrexone for Opioid Use Disorder Relapse Prevention: A Pilot Randomized, Double‐Blind, Placebo‐Controlled Study",2019,True,not_open_access,exclude_obvious_irrelevant,No in-scope psychedelic/ketamine/entactogen/dissociative compound or intervention term appears in the title/abstract; dataset entity terms present.,False,1,,,
disorder,23361,10.1111/and.12566,Sexual dysfunction in men diagnosed as substance use disorder,2016,True,not_open_access,escalate,in-scope compound/intervention term appears in title or abstract,True,1,,,
disorder,23362,10.1111/ane.13074,Treatment of medication overuse headache—A review,2019,True,not_open_access,exclude_obvious_irrelevant,No in-scope psychedelic/ketamine/entactogen/dissociative compound or intervention term appears in the title/abstract; no dataset entity terms found.,False,1,,,
disorder,23398,10.1111/dom.12928,"A randomized, placebo‐controlled trial of beloranib for the treatment of hypothalamic injury‐associated obesity",2017,True,not_open_access,exclude_obvious_irrelevant,No in-scope psychedelic/ketamine/entactogen/dissociative compound or intervention term appears in the title/abstract; no dataset entity terms found.,False,1,,,
disorder,23404,10.1111/dom.13973,Effectiveness of herbal medicines for weight loss: A systematic review and meta‐analysis of randomized controlled trials,2020,True,not_open_access,exclude_obvious_irrelevant,No in-scope psychedelic/ketamine/entactogen/dissociative compound or intervention term appears in the title/abstract; no dataset entity terms found.,False,1,,,
disorder,23405,10.1111/dom.14327,"Glucosuric, renal and haemodynamic effects of licogliflozin, a dual inhibitor of sodium‐glucose co‐transporter‐1 and sodium‐glucose co‐transporter‐2, in patients with chronic kidney disease: A randomized trial",2021,True,not_open_access,exclude_obvious_irrelevant,No in-scope psychedelic/ketamine/entactogen/dissociative compound or intervention term appears in the title/abstract; no dataset entity terms found.,False,1,,,
disorder,23422,10.1111/dom.70340,Oxytocin levels do not change around a meal and correlate with reward‐driven caloric consumption in adults with obesity,2025,True,not_open_access,exclude_obvious_irrelevant,No in-scope psychedelic/ketamine/entactogen/dissociative compound or intervention term appears in the title/abstract; no dataset entity terms found.,False,1,,,
disorder,23424,10.1111/dom.70692,Association of Glucagon‐Like Peptide‐1 Receptor Agonist Use With Risk of Psychiatric Disorders: A Systematic Review and Meta‐Analysis of Randomised Controlled Trials,2026,True,not_open_access,exclude_obvious_irrelevant,No in-scope psychedelic/ketamine/entactogen/dissociative compound or intervention term appears in the title/abstract; dataset entity terms present.,False,1,,,
disorder,23425,10.1111/dom.70864,"<scp>GLP</scp>
                    ‐1 Receptor Agonists and Psychiatric Outcomes in Adolescents: A Systematic Review and Meta‐Analysis",2026,True,not_open_access,exclude_obvious_irrelevant,No in-scope psychedelic/ketamine/entactogen/dissociative compound or intervention term appears in the title/abstract; dataset entity terms present.,False,1,,,
disorder,23451,10.1111/head.12148,Cluster Headache: Potential Options for Medically Refractory Patients (When All Else Fails),2013,True,not_open_access,exclude_obvious_irrelevant,No in-scope psychedelic/ketamine/entactogen/dissociative compound or intervention term appears in the title/abstract; dataset entity terms present.,False,1,,,
disorder,23458,10.1111/head.12978,Menstrual Migraine and Treatment Options: Review,2016,True,not_open_access,exclude_obvious_irrelevant,No in-scope psychedelic/ketamine/entactogen/dissociative compound or intervention term appears in the title/abstract; no dataset entity terms found.,False,1,,,
disorder,23478,10.1111/head.14889,Transcutaneous electrical nerve stimulation of the occipital nerves as treatment for chronic cluster headache,2024,True,not_open_access,exclude_obvious_irrelevant,No in-scope psychedelic/ketamine/entactogen/dissociative compound or intervention term appears in the title/abstract; dataset entity terms present.,False,1,,,
disorder,23481,10.1111/ijcp.14455,"The efficacy of alpha‐lipoic acid in improving oxidative, inflammatory, and mood status in women with episodic migraine in a randomised, double‐blind, placebo‐controlled clinical trial",2021,True,not_open_access,exclude_obvious_irrelevant,No in-scope psychedelic/ketamine/entactogen/dissociative compound or intervention term appears in the title/abstract; dataset entity terms present.,False,1,,,
disorder,23504,10.1111/j.1399-5618.2010.00868.x,Neurosurgical treatment of bipolar depression: defining treatment resistance and identifying surgical targets,2010,True,not_open_access,exclude_obvious_irrelevant,No in-scope psychedelic/ketamine/entactogen/dissociative compound or intervention term appears in the title/abstract; dataset entity terms present.,False,1,,,
disorder,23511,10.1111/j.1445-5994.1980.tb03712.x,Why Does Migraine Improve During a Clinical Trial? Further Results from a Trial of Cervical Manipulation for Migraine,1980,True,not_open_access,exclude_obvious_irrelevant,No in-scope psychedelic/ketamine/entactogen/dissociative compound or intervention term appears in the title/abstract; no dataset entity terms found.,False,1,,,
disorder,23516,10.1111/j.1463-1326.2005.00504.x,Effect of sibutramine and of cognitive‐behavioural weight loss therapy in obesity and subclinical binge eating disorder,2005,True,not_open_access,exclude_obvious_irrelevant,No in-scope psychedelic/ketamine/entactogen/dissociative compound or intervention term appears in the title/abstract; no dataset entity terms found.,False,1,,,
disorder,23520,10.1111/j.1463-1326.2011.01544.x,Role of apathy in the effectiveness of weight management programmes,2011,True,not_open_access,exclude_obvious_irrelevant,No in-scope psychedelic/ketamine/entactogen/dissociative compound or intervention term appears in the title/abstract; no dataset entity terms found.,False,1,,,
disorder,23521,10.1111/j.1463-1326.2011.01554.x,Maintained intentional weight loss reduces cardiovascular outcomes: results from the Sibutramine Cardiovascular OUTcomes (SCOUT) trial,2011,True,not_open_access,exclude_obvious_irrelevant,No in-scope psychedelic/ketamine/entactogen/dissociative compound or intervention term appears in the title/abstract; no dataset entity terms found.,False,1,,,
disorder,23522,10.1111/j.1463-1326.2012.01565.x,Safety and tolerability of linagliptin: a pooled analysis of data from randomized controlled trials in 3572 patients with type 2 diabetes mellitus,2012,True,not_open_access,exclude_obvious_irrelevant,No in-scope psychedelic/ketamine/entactogen/dissociative compound or intervention term appears in the title/abstract; no dataset entity terms found.,False,1,,,
disorder,23524,10.1111/j.1468-2982.2008.01764.x,Treatment of Cluster Headache in Pregnancy and Lactation,2009,True,not_open_access,exclude_obvious_irrelevant,No in-scope psychedelic/ketamine/entactogen/dissociative compound or intervention term appears in the title/abstract; dataset entity terms present.,False,1,,,
disorder,23542,10.1111/j.1526-4610.1977.hed1702054.x,Clinical Effectiveness of Lisuride Hydrogen Maleate: A Double‐Blind Trial Versus Methysergide,1977,True,not_open_access,escalate,in-scope compound/intervention term appears in title or abstract,True,1,,,
disorder,23546,10.1111/j.1526-4610.1978.hed1802075.x,Migraine Prophylaxis with Lisuride Hydrogen Maleate‐A Double Blind Study of Lisuride Versus Placebo,1978,True,not_open_access,escalate,in-scope compound/intervention term appears in title or abstract,True,1,,,
disorder,23600,10.1111/j.1526-4610.2010.01678.x,"OnabotulinumtoxinA for Treatment of Chronic Migraine: Pooled Results From the Double‐Blind, Randomized, Placebo‐Controlled Phases of the PREEMPT Clinical Program",2010,True,not_open_access,exclude_obvious_irrelevant,No in-scope psychedelic/ketamine/entactogen/dissociative compound or intervention term appears in the title/abstract; no dataset entity terms found.,False,1,,,
disorder,23605,10.1111/j.1526-4610.2012.02234.x,Herbal Treatment of Headache,2012,True,not_open_access,exclude_obvious_irrelevant,No in-scope psychedelic/ketamine/entactogen/dissociative compound or intervention term appears in the title/abstract; no dataset entity terms found.,False,1,,,
disorder,23610,10.1111/j.1530-0277.1989.tb00419.x,The Structure of Psychological Defense Mechanisms in Women as a Function of Alcohol Intoxication,1989,True,not_open_access,exclude_obvious_irrelevant,No in-scope psychedelic/ketamine/entactogen/dissociative compound or intervention term appears in the title/abstract; no dataset entity terms found.,False,1,,,
disorder,23612,10.1111/j.1530-0277.2011.01519.x,Supervised Disulfiram in the Treatment of Alcohol Use Disorder: A Commentary,2011,True,not_open_access,exclude_obvious_irrelevant,No in-scope psychedelic/ketamine/entactogen/dissociative compound or intervention term appears in the title/abstract; dataset entity terms present.,False,1,,,
disorder,23615,10.1111/j.1552-6909.2011.01294.x,Postpartum Obsessive‐Compulsive Disorder,2011,True,not_open_access,exclude_obvious_irrelevant,No in-scope psychedelic/ketamine/entactogen/dissociative compound or intervention term appears in the title/abstract; dataset entity terms present.,False,1,,,
disorder,23618,10.1111/j.1600-0404.1991.tb03973.x,Lisuride plus selegiline in the treatment of early Parkinson's disease,1991,True,not_open_access,escalate,in-scope compound/intervention term appears in title or abstract,True,1,,,
disorder,23619,10.1111/j.1600-0404.1999.tb00655.x,Alpha-dihydroergocryptine in Parkinson's disease: a multiceuntre randomized double blind parallel group study,2009,True,not_open_access,escalate,in-scope compound/intervention term appears in title or abstract,True,1,,,
disorder,23628,10.1111/j.1743-6109.2007.00707.x,Sexual Dysfunction in Men Who Abuse Illicit Drugs: A Preliminary Report,2009,True,not_open_access,escalate,in-scope compound/intervention term appears in title or abstract,True,1,,,
disorder,23632,10.1111/j.1749-6632.1997.tb46187.x,Assessment of Neurotoxicity from Potential Medications for Drug Abuse: Ibogaine Testing and Brain Imaging,1997,True,not_open_access,escalate,in-scope compound/intervention term appears in title or abstract,True,1,,,
disorder,23636,10.1111/j.1749-6632.2002.tb04183.x,Cell‐Mediated Immune Response in MDMA Users After Repeated Dose Administration,2002,True,not_open_access,escalate,in-scope compound/intervention term appears in title or abstract,True,1,,,
disorder,23683,10.1111/jsr.14196,Early experience with the new <scp>DORA</scp> daridorexant in patients with insomnia disorder and comorbid mental disturbances: Results of a naturalistic study with 3 months follow‐up,2024,True,not_open_access,exclude_obvious_irrelevant,No in-scope psychedelic/ketamine/entactogen/dissociative compound or intervention term appears in the title/abstract; dataset entity terms present.,False,1,,,
disorder,23685,10.1111/odi.13285,Selenium: A sole treatment for erosive oral lichen planus (Randomized controlled clinical trial),2020,True,not_open_access,exclude_obvious_irrelevant,No in-scope psychedelic/ketamine/entactogen/dissociative compound or intervention term appears in the title/abstract; no dataset entity terms found.,False,1,,,
disorder,23691,10.1111/papr.13186,"Issues in design, conduct, and conclusions of JAMA's Hara et al.'s randomized clinical trial of spinal cord burst stimulation versus placebo stimulation on disability in patients with chronic radicular pain after lumbar spine surgery",2022,True,not_open_access,exclude_obvious_irrelevant,No in-scope psychedelic/ketamine/entactogen/dissociative compound or intervention term appears in the title/abstract; no dataset entity terms found.,False,1,,,
disorder,23711,10.11124/jbisrir-2015-2380,The effectiveness of mindfulness based programs in reducing stress experienced by nurses in adult hospital settings: a systematic review of quantitative evidence protocol,2015,True,not_open_access,exclude_obvious_irrelevant,No in-scope psychedelic/ketamine/entactogen/dissociative compound or intervention term appears in the title/abstract; dataset entity terms present.,False,1,,,
disorder,23713,10.1123/jsr.2022-0141,The Effect of Remote Myofascial Release on Chronic Nonspecific Low Back Pain With Hamstrings Tightness,2023,True,not_open_access,escalate,in-scope compound/intervention term appears in title or abstract,True,1,,,
disorder,23738,10.1136/bcr-2016-218581,A rare case of thrombotic microangiopathy triggered by acute pancreatitis,2017,True,not_open_access,exclude_obvious_irrelevant,No in-scope psychedelic/ketamine/entactogen/dissociative compound or intervention term appears in the title/abstract; no dataset entity terms found.,False,1,,,
disorder,23739,10.1136/bjsports-2012-091287,Exercise for anxiety disorders: systematic review,2013,True,not_open_access,exclude_obvious_irrelevant,No in-scope psychedelic/ketamine/entactogen/dissociative compound or intervention term appears in the title/abstract; no dataset entity terms found.,False,1,,,
disorder,23753,10.1136/bmj.n784,Treatment of opioid use disorder in primary care,2021,True,not_open_access,exclude_obvious_irrelevant,No in-scope psychedelic/ketamine/entactogen/dissociative compound or intervention term appears in the title/abstract; dataset entity terms present.,False,1,,,
disorder,23762,10.1136/bmjebm-2021-111804,Risperidone and aripiprazole for autism spectrum disorder in children: an overview of systematic reviews,2022,True,not_open_access,exclude_obvious_irrelevant,No in-scope psychedelic/ketamine/entactogen/dissociative compound or intervention term appears in the title/abstract; dataset entity terms present.,False,1,,,
disorder,23763,10.1136/bmjebm-2022-112135,Acupuncture for acute migraine attacks in adults: a systematic review and meta-analysis,2023,True,not_open_access,exclude_obvious_irrelevant,No in-scope psychedelic/ketamine/entactogen/dissociative compound or intervention term appears in the title/abstract; no dataset entity terms found.,False,1,,,
disorder,23769,10.1136/emj.2008.068403,Liquid ecstasy intoxication: clinical features of 505 consecutive emergency department patients,2011,True,not_open_access,escalate,in-scope compound/intervention term appears in title or abstract,True,1,,,
disorder,23841,10.1146/annurev.clinpsy.1.102803.144250,Psychological Treatment of Eating Disorders,2005,True,not_open_access,exclude_obvious_irrelevant,No in-scope psychedelic/ketamine/entactogen/dissociative compound or intervention term appears in the title/abstract; dataset entity terms present.,False,1,,,
disorder,23928,10.1159/000008188,Five-Year Follow-Up of Early Lisuride and Levodopa Combination Therapy versus Levodopa Monotherapy in de novo Parkinson’s Disease,2000,True,not_open_access,escalate,in-scope compound/intervention term appears in title or abstract,True,1,,,
disorder,23933,10.1159/000079055,Perspectives on Pain and Depression,2004,True,not_open_access,exclude_obvious_irrelevant,No in-scope psychedelic/ketamine/entactogen/dissociative compound or intervention term appears in the title/abstract; dataset entity terms present.,False,1,,,
disorder,23944,10.1159/000106796,Psychological Factors Affecting Functional Gastrointestinal Disorders,2007,True,not_open_access,exclude_obvious_irrelevant,No in-scope psychedelic/ketamine/entactogen/dissociative compound or intervention term appears in the title/abstract; dataset entity terms present.,False,1,,,
disorder,23945,10.1159/000110123,Some Comments on the Use of Statistics in the Evaluation of Drug Trials in Migraine,1987,True,not_open_access,exclude_obvious_irrelevant,No in-scope psychedelic/ketamine/entactogen/dissociative compound or intervention term appears in the title/abstract; no dataset entity terms found.,False,1,,,
disorder,23948,10.1159/000115547,Further Studies with Lisuride in Parkinson’s Disease,2008,True,not_open_access,escalate,in-scope compound/intervention term appears in title or abstract,True,1,,,
disorder,23949,10.1159/000115990,Therapeutic Effect of Lisuride in Advanced Parkinson’s Disease,2008,True,not_open_access,escalate,in-scope compound/intervention term appears in title or abstract,True,1,,,
disorder,23950,10.1159/000184270,Treatment and Outcome of Adolescent Anorexia nervosa,2008,True,not_open_access,exclude_obvious_irrelevant,No in-scope psychedelic/ketamine/entactogen/dissociative compound or intervention term appears in the title/abstract; dataset entity terms present.,False,1,,,
disorder,23952,10.1159/000306591,Relationship of Possible Stress-Related Biochemical Markers to Oxidative/Antioxidative Status in Obsessive-Compulsive Disorder,2010,True,not_open_access,exclude_obvious_irrelevant,No in-scope psychedelic/ketamine/entactogen/dissociative compound or intervention term appears in the title/abstract; dataset entity terms present.,False,1,,,
disorder,23957,10.1159/000348735,Culture and Demoralization in Psychotherapy,2013,True,not_open_access,exclude_obvious_irrelevant,No in-scope psychedelic/ketamine/entactogen/dissociative compound or intervention term appears in the title/abstract; dataset entity terms present.,False,1,,,
disorder,23958,10.1159/000351960,Pharmacological Treatment of Social Anxiety Disorder,2013,True,not_open_access,exclude_obvious_irrelevant,No in-scope psychedelic/ketamine/entactogen/dissociative compound or intervention term appears in the title/abstract; dataset entity terms present.,False,1,,,
disorder,23967,10.1159/000439525,Omega-3 Levels and Nicotine Dependence: A Cross-Sectional Study and Clinical Trial,2015,True,not_open_access,exclude_obvious_irrelevant,No in-scope psychedelic/ketamine/entactogen/dissociative compound or intervention term appears in the title/abstract; dataset entity terms present.,False,1,,,
disorder,23970,10.1159/000467979,DPT as an Adjunct in Psychotherapy of Alcoholics,2017,True,not_open_access,escalate,in-scope compound/intervention term appears in title or abstract,True,1,,,
disorder,23974,10.1159/000503115,Long-Term Outcome of Treatment for Persistent Depressive Disorder: A Naturalistic Follow-Up Study,2019,True,not_open_access,exclude_obvious_irrelevant,No in-scope psychedelic/ketamine/entactogen/dissociative compound or intervention term appears in the title/abstract; dataset entity terms present.,False,1,,,
disorder,23989,10.1159/000544963,Oxidative Stress Markers Predict Treatment Outcomes in Patients with Generalized Anxiety Disorder Treated with Selective Serotonin Reuptake Inhibitors,2025,True,not_open_access,exclude_obvious_irrelevant,No in-scope psychedelic/ketamine/entactogen/dissociative compound or intervention term appears in the title/abstract; dataset entity terms present.,False,1,,,
disorder,23990,10.1159/000546269,Comparative Efficacy and Safety of Benzodiazepines in the Treatment of Patients with Generalized Anxiety Disorder: A Systematic Review and Network Meta-Analysis,2025,True,not_open_access,exclude_obvious_irrelevant,No in-scope psychedelic/ketamine/entactogen/dissociative compound or intervention term appears in the title/abstract; dataset entity terms present.,False,1,,,
disorder,23995,10.11607/ijp.7587,Oral Health-Related Quality of Life in Patients with Temporomandibular Disorders and Effect of Anxiety: A Retrospective Case-Control Study,2022,True,not_open_access,exclude_obvious_irrelevant,No in-scope psychedelic/ketamine/entactogen/dissociative compound or intervention term appears in the title/abstract; dataset entity terms present.,False,1,,,
disorder,24032,10.1176/ajp.140.4.456,L-5-hydroxytryptophan for LSD-induced psychosis,1983,True,not_open_access,escalate,in-scope compound/intervention term appears in title or abstract,True,1,,,
disorder,24036,10.1176/ajp.153.9.1219,Inositol treatment of obsessive-compulsive disorder,1996,True,not_open_access,exclude_obvious_irrelevant,No in-scope psychedelic/ketamine/entactogen/dissociative compound or intervention term appears in the title/abstract; dataset entity terms present.,False,1,,,
disorder,24037,10.1176/ajp.154.3.313,Outcome in bulimia nervosa,1997,True,not_open_access,exclude_obvious_irrelevant,No in-scope psychedelic/ketamine/entactogen/dissociative compound or intervention term appears in the title/abstract; no dataset entity terms found.,False,1,,,
disorder,24041,10.1176/appi.ajp.157.11.1806,Involuntary Treatment of Eating Disorders,2000,True,not_open_access,exclude_obvious_irrelevant,No in-scope psychedelic/ketamine/entactogen/dissociative compound or intervention term appears in the title/abstract; dataset entity terms present.,False,1,,,
disorder,24042,10.1176/appi.ajp.159.1.96,A Placebo-Controlled Study of Fluoxetine in Continued Treatment of Bulimia Nervosa After Successful Acute Fluoxetine Treatment,2002,True,not_open_access,exclude_obvious_irrelevant,No in-scope psychedelic/ketamine/entactogen/dissociative compound or intervention term appears in the title/abstract; no dataset entity terms found.,False,1,,,
disorder,24045,10.1176/appi.ajp.162.4.741,"Three Psychotherapies for Anorexia Nervosa: A Randomized, Controlled Trial",2005,True,not_open_access,exclude_obvious_irrelevant,No in-scope psychedelic/ketamine/entactogen/dissociative compound or intervention term appears in the title/abstract; dataset entity terms present.,False,1,,,
disorder,24046,10.1176/appi.ajp.162.8.1441,Pharmacotherapy and Pharmacogenetics of Nicotine Dependence,2005,True,not_open_access,exclude_obvious_irrelevant,No in-scope psychedelic/ketamine/entactogen/dissociative compound or intervention term appears in the title/abstract; dataset entity terms present.,False,1,,,
disorder,24047,10.1176/appi.ajp.163.2.225,Clinical Features of Bipolar Depression Versus Major Depressive Disorder in Large Multicenter Trials,2006,True,not_open_access,exclude_obvious_irrelevant,No in-scope psychedelic/ketamine/entactogen/dissociative compound or intervention term appears in the title/abstract; dataset entity terms present.,False,1,,,
disorder,24050,10.1176/appi.ajp.2009.09030312,Atypical Antipsychotic Augmentation in Major Depressive Disorder: A Meta-Analysis of Placebo-Controlled Randomized Trials,2009,True,not_open_access,exclude_obvious_irrelevant,No in-scope psychedelic/ketamine/entactogen/dissociative compound or intervention term appears in the title/abstract; dataset entity terms present.,False,1,,,
disorder,24051,10.1176/appi.ajp.2009.09040582,The Outcome of Bulimia Nervosa: Findings From One-Quarter Century of Research,2009,True,not_open_access,exclude_obvious_irrelevant,No in-scope psychedelic/ketamine/entactogen/dissociative compound or intervention term appears in the title/abstract; no dataset entity terms found.,False,1,,,
disorder,24056,10.1176/appi.ajp.2019.18101180,Efficacy and Safety of Deep Transcranial Magnetic Stimulation for Obsessive-Compulsive Disorder: A Prospective Multicenter Randomized Double-Blind Placebo-Controlled Trial,2019,True,not_open_access,exclude_obvious_irrelevant,No in-scope psychedelic/ketamine/entactogen/dissociative compound or intervention term appears in the title/abstract; dataset entity terms present.,False,1,,,
disorder,24061,10.1176/appi.ajp.2019.19070720,Stanford Accelerated Intelligent Neuromodulation Therapy for Treatment-Resistant Depression,2020,True,not_open_access,exclude_obvious_irrelevant,No in-scope psychedelic/ketamine/entactogen/dissociative compound or intervention term appears in the title/abstract; dataset entity terms present.,False,1,,,
disorder,24064,10.1176/appi.ajp.2021.20101429,Stanford Neuromodulation Therapy (SNT): A Double-Blind Randomized Controlled Trial,2021,True,not_open_access,exclude_obvious_irrelevant,No in-scope psychedelic/ketamine/entactogen/dissociative compound or intervention term appears in the title/abstract; dataset entity terms present.,False,1,,,
disorder,24072,10.1176/appi.ajp.20220737,Double-Blind Placebo-Controlled Study of Memantine in Trichotillomania and Skin-Picking Disorder,2023,True,not_open_access,exclude_obvious_irrelevant,No in-scope psychedelic/ketamine/entactogen/dissociative compound or intervention term appears in the title/abstract; no dataset entity terms found.,False,1,,,
disorder,24073,10.1176/appi.ajp.20220785,Zuranolone for the Treatment of Postpartum Depression,2023,True,not_open_access,exclude_obvious_irrelevant,No in-scope psychedelic/ketamine/entactogen/dissociative compound or intervention term appears in the title/abstract; dataset entity terms present.,False,1,,,
disorder,24192,10.1177/0004867420952540,"Effectiveness of
                    <i>N</i>
                    -acetylcysteine in autism spectrum disorders: A meta-analysis of randomized controlled trials",2020,True,not_open_access,exclude_obvious_irrelevant,No in-scope psychedelic/ketamine/entactogen/dissociative compound or intervention term appears in the title/abstract; dataset entity terms present.,False,1,,,
disorder,24212,10.1177/0031512517743823,"Exercise Effects for Children With Autism Spectrum Disorder: Metabolic Health, Autistic Traits, and Quality of Life",2017,True,not_open_access,exclude_obvious_irrelevant,No in-scope psychedelic/ketamine/entactogen/dissociative compound or intervention term appears in the title/abstract; dataset entity terms present.,False,1,,,
disorder,24215,10.1177/00912174251316653,Quetiapine combined with escitalopram in the treatment of bipolar depression,2025,True,not_open_access,exclude_obvious_irrelevant,No in-scope psychedelic/ketamine/entactogen/dissociative compound or intervention term appears in the title/abstract; dataset entity terms present.,False,1,,,
disorder,24223,10.1177/00912700222011238,Comparison of the Pharmacokinetics of Oxycodone Administered in Three Percocet® Formulations,2002,True,not_open_access,exclude_obvious_irrelevant,No in-scope psychedelic/ketamine/entactogen/dissociative compound or intervention term appears in the title/abstract; no dataset entity terms found.,False,1,,,
disorder,24227,10.1177/0269215514552075,"The effects of the CORE programme on pain at rest, movement-induced and secondary pain, active range of motion, and proprioception in female office workers with chronic low back pain: a randomized controlled trial",2014,True,not_open_access,exclude_obvious_irrelevant,No in-scope psychedelic/ketamine/entactogen/dissociative compound or intervention term appears in the title/abstract; no dataset entity terms found.,False,1,,,
disorder,24229,10.1177/0269216310380764,Antidepressants for the treatment of depression in palliative care: systematic review and meta-analysis,2010,True,not_open_access,exclude_obvious_irrelevant,No in-scope psychedelic/ketamine/entactogen/dissociative compound or intervention term appears in the title/abstract; dataset entity terms present.,False,1,,,
disorder,24236,10.1177/0269881107077734,"Prepulse inhibition of the startle reflex and its attentional modulation in                 the human S-ketamine and N,N-dimethyltryptamine (DMT) models of psychosis",2007,True,not_open_access,escalate,in-scope compound/intervention term appears in title or abstract,True,1,,,
disorder,24237,10.1177/0269881107082481,Ketamine aggravates symptoms of acute stress disorder in a naturalistic sample of accident victims,2008,True,not_open_access,escalate,in-scope compound/intervention term appears in title or abstract,True,1,,,
disorder,24239,10.1177/0269881108099214,Acute psychomotor effects of MDMA and ethanol (co-) administration over time in healthy volunteers,2009,True,not_open_access,escalate,in-scope compound/intervention term appears in title or abstract,True,1,,,
disorder,24241,10.1177/0269881109103227,Neuronal correlates of visual and auditory alertness in the DMT and ketamine model of psychosis,2009,True,not_open_access,escalate,in-scope compound/intervention term appears in title or abstract,True,1,,,
disorder,24249,10.1177/0269881113503505,"Effect of modafinil on cognitive functions in alcohol dependent patients: A randomized, placebo-controlled trial",2013,True,not_open_access,exclude_obvious_irrelevant,No in-scope psychedelic/ketamine/entactogen/dissociative compound or intervention term appears in the title/abstract; no dataset entity terms found.,False,1,,,
disorder,24258,10.1177/0269881115570081,"The subjective experience of acute, experimentally-induced
                    <i>Salvia divinorum</i>
                    inebriation",2015,True,not_open_access,escalate,in-scope compound/intervention term appears in title or abstract,True,1,,,
disorder,24259,10.1177/0269881115570082,"Optimizing the glutamatergic challenge model for psychosis, using S(+)-ketamine to induce psychomimetic symptoms in healthy volunteers",2015,True,not_open_access,escalate,in-scope compound/intervention term appears in title or abstract,True,1,,,
disorder,24260,10.1177/0269881115592339,"No evidence for differential dose effects of hydrocortisone on intrusive memories in female patients with complex post-traumatic stress disorder – a randomized, double-blind, placebo-controlled, crossover study",2015,True,not_open_access,exclude_obvious_irrelevant,No in-scope psychedelic/ketamine/entactogen/dissociative compound or intervention term appears in the title/abstract; dataset entity terms present.,False,1,,,
disorder,24270,10.1177/0269881117715608,Evaluation of adiponectin and leptin levels and oxidative stress in bipolar disorder patients with metabolic syndrome treated by valproic acid,2017,True,not_open_access,exclude_obvious_irrelevant,No in-scope psychedelic/ketamine/entactogen/dissociative compound or intervention term appears in the title/abstract; no dataset entity terms found.,False,1,,,
disorder,24276,10.1177/0269881118784876,The putative lithium-mimetic ebselen reduces impulsivity in rodent models,2018,True,not_open_access,escalate,in-scope compound/intervention term appears in title or abstract,True,1,,,
disorder,24282,10.1177/0269881118822161,Lithium treatment for unipolar major depressive disorder: Systematic review,2019,True,not_open_access,exclude_obvious_irrelevant,No in-scope psychedelic/ketamine/entactogen/dissociative compound or intervention term appears in the title/abstract; dataset entity terms present.,False,1,,,
disorder,24283,10.1177/0269881118822258,"The selective orexin-2 receptor antagonist seltorexant improves sleep: An exploratory double-blind, placebo controlled, crossover study in antidepressant-treated major depressive disorder patients with persistent insomnia",2019,True,not_open_access,exclude_obvious_irrelevant,No in-scope psychedelic/ketamine/entactogen/dissociative compound or intervention term appears in the title/abstract; dataset entity terms present.,False,1,,,
disorder,24290,10.1177/0269881120920453,Pharmacological treatment of acute-phase anorexia nervosa: Evidence from randomized controlled trials,2020,True,not_open_access,escalate,broad psychiatric treatment language needs LLM review,True,1,,,
disorder,24338,10.1177/030006057800600611,Preventive Treatment of Migraine Headache with a New Isoergolenyl Derivative,1978,True,not_open_access,escalate,in-scope compound/intervention term appears in title or abstract,True,1,,,
disorder,24344,10.1177/03331024221082073,"Effectiveness of physiotherapy interventions on headache intensity, frequency, duration and quality of life of patients with tension-type headache. A systematic review and network meta-analysis",2022,True,not_open_access,exclude_obvious_irrelevant,No in-scope psychedelic/ketamine/entactogen/dissociative compound or intervention term appears in the title/abstract; no dataset entity terms found.,False,1,,,
disorder,24345,10.1177/03331024251395541,The promise of artificial intelligence and machine learning for migraine treatment outcome prediction: A narrative review,2025,True,not_open_access,exclude_obvious_irrelevant,No in-scope psychedelic/ketamine/entactogen/dissociative compound or intervention term appears in the title/abstract; no dataset entity terms found.,False,1,,,
disorder,24350,10.1177/070674370204700302,Pharmacologic Treatment of Eating Disorders,2002,True,not_open_access,exclude_obvious_irrelevant,No in-scope psychedelic/ketamine/entactogen/dissociative compound or intervention term appears in the title/abstract; dataset entity terms present.,False,1,,,
disorder,24362,10.1177/0964528420987571,Treatment of headache disorders with acupuncture: a 6-year retrospective study,2021,True,not_open_access,exclude_obvious_irrelevant,No in-scope psychedelic/ketamine/entactogen/dissociative compound or intervention term appears in the title/abstract; no dataset entity terms found.,False,1,,,
disorder,24365,10.1177/10398562231159514,Eating disorders in young people,2023,True,not_open_access,exclude_obvious_irrelevant,No in-scope psychedelic/ketamine/entactogen/dissociative compound or intervention term appears in the title/abstract; dataset entity terms present.,False,1,,,
disorder,24375,10.1177/104990910101800411,Marijuana in the management of amyotrophic lateral sclerosis,2001,True,not_open_access,exclude_obvious_irrelevant,No in-scope psychedelic/ketamine/entactogen/dissociative compound or intervention term appears in the title/abstract; no dataset entity terms found.,False,1,,,
disorder,24383,10.1177/1060028016678262,Brexpiprazole,2016,True,not_open_access,exclude_obvious_irrelevant,No in-scope psychedelic/ketamine/entactogen/dissociative compound or intervention term appears in the title/abstract; dataset entity terms present.,False,1,,,
disorder,24394,10.1177/1074248416681644,"β-Blockers, Cocaine, and the Unopposed α-Stimulation Phenomenon",2016,True,not_open_access,exclude_obvious_irrelevant,No in-scope psychedelic/ketamine/entactogen/dissociative compound or intervention term appears in the title/abstract; no dataset entity terms found.,False,1,,,
disorder,24395,10.1177/1078390307309215,The Individual Within a Condition: A Qualitative Study of Young People's Reflections on Being Treated for Anorexia Nervosa,2007,True,not_open_access,exclude_obvious_irrelevant,No in-scope psychedelic/ketamine/entactogen/dissociative compound or intervention term appears in the title/abstract; dataset entity terms present.,False,1,,,
disorder,24406,10.1177/1362361315616002,A systematic review of the behavioural outcomes following exercise interventions for children and youth with autism spectrum disorder,2016,True,not_open_access,exclude_obvious_irrelevant,No in-scope psychedelic/ketamine/entactogen/dissociative compound or intervention term appears in the title/abstract; dataset entity terms present.,False,1,,,
disorder,24407,10.1177/1362361316633562,The impacts of physical activity intervention on physical and cognitive outcomes in children with autism spectrum disorder,2016,True,not_open_access,exclude_obvious_irrelevant,No in-scope psychedelic/ketamine/entactogen/dissociative compound or intervention term appears in the title/abstract; dataset entity terms present.,False,1,,,
disorder,24415,10.1177/1363461513487669,Redressing First Nations historical trauma: Theorizing mechanisms for indigenous culture as mental health treatment,2013,True,not_open_access,exclude_obvious_irrelevant,No in-scope psychedelic/ketamine/entactogen/dissociative compound or intervention term appears in the title/abstract; no dataset entity terms found.,False,1,,,
disorder,24418,10.1177/1403494809344357,Psychiatric disorders in long-term sickness absence — a population-based cross-sectional study,2009,True,not_open_access,escalate,in-scope compound/intervention term appears in title or abstract,True,1,,,
disorder,24422,10.1177/1526602819860801,Homemade Candy Plug Using a Zenith Alpha Thoracic Stent-Graft for False Lumen Distal Occlusion in Acute-on-Chronic Type B Aortic Dissection,2019,True,not_open_access,escalate,in-scope compound/intervention term appears in title or abstract,True,1,,,
disorder,24427,10.1177/15385744231226047,Single Center Outcomes of Percutaneous Deep Vein Arterialization in Patients with End-Stage Peripheral Artery Disease,2024,True,not_open_access,exclude_obvious_irrelevant,No in-scope psychedelic/ketamine/entactogen/dissociative compound or intervention term appears in the title/abstract; no dataset entity terms found.,False,1,,,
disorder,24474,10.1179/135100003225003393,Oxidative damage and major depression: the potential antioxidant action of selective serotonin re-uptake inhibitors,2003,True,not_open_access,exclude_obvious_irrelevant,No in-scope psychedelic/ketamine/entactogen/dissociative compound or intervention term appears in the title/abstract; dataset entity terms present.,False,1,,,
disorder,24475,10.1179/1743132812y.0000000097,"Effects of pretreatment with etomidate, ketamine, phenytoin, and phenytoin/midazolam on acute, lethal cocaine toxicity",2012,True,not_open_access,escalate,in-scope compound/intervention term appears in title or abstract,True,1,,,
disorder,24689,10.1191/0269216302pm544oa,Psychosocial— spiritual correlates of death distress in patients with life-threatening medical conditions,2002,True,not_open_access,exclude_obvious_irrelevant,No in-scope psychedelic/ketamine/entactogen/dissociative compound or intervention term appears in the title/abstract; dataset entity terms present.,False,1,,,
disorder,24690,10.1192/bjp.134.1.67,Cyproheptadine in Anorexia Nervosa,1979,True,not_open_access,exclude_obvious_irrelevant,No in-scope psychedelic/ketamine/entactogen/dissociative compound or intervention term appears in the title/abstract; dataset entity terms present.,False,1,,,
disorder,24702,10.1196/annals.1344.003,Neuropsychiatric Alterations in MDMA Users: Preliminary Findings,2005,True,not_open_access,escalate,in-scope compound/intervention term appears in title or abstract,True,1,,,
disorder,25005,10.1212/01.wnl.0000046589.45855.30,Intranasal sumatriptan in cluster headache,2003,True,not_open_access,exclude_obvious_irrelevant,No in-scope psychedelic/ketamine/entactogen/dissociative compound or intervention term appears in the title/abstract; dataset entity terms present.,False,1,,,
disorder,25015,10.1212/wnl.0000000000001343,Clinicopathologic features of folate-deficiency neuropathy,2015,True,not_open_access,exclude_obvious_irrelevant,No in-scope psychedelic/ketamine/entactogen/dissociative compound or intervention term appears in the title/abstract; no dataset entity terms found.,False,1,,,
disorder,25019,10.1212/wnl.31.8.961,Lisuride in Parkinson disease,1981,True,not_open_access,escalate,in-scope compound/intervention term appears in title or abstract,True,1,,,
disorder,25020,10.1212/wnl.32.1.69,Lisuride versus bromocriptine treatment in Parkinson disease,1982,True,not_open_access,escalate,in-scope compound/intervention term appears in title or abstract,True,1,,,
disorder,25021,10.1212/wnl.53.7.1503,Psychiatric adverse events during vigabatrin therapy,1999,True,not_open_access,exclude_obvious_irrelevant,No in-scope psychedelic/ketamine/entactogen/dissociative compound or intervention term appears in the title/abstract; dataset entity terms present.,False,1,,,
disorder,25027,10.12122/j.issn.1673-4254.2026.02.13,[Dual role of tea consumption in gastrointestinal disease risks: analysis using a risk prediction model integrating interpretable machine learning and large language model].,2026,True,not_open_access,escalate,in-scope compound/intervention term appears in title or abstract,True,1,,,
disorder,25043,10.1213/ane.0000000000003338,Incidence and Risk Factors for Chronic Postoperative Opioid Use After Major Spine Surgery: A Cross-Sectional Study With Longitudinal Outcome,2018,True,not_open_access,escalate,in-scope compound/intervention term appears in title or abstract,True,1,,,
disorder,25053,10.1213/ane.0b013e31826f0622,Opioid-Sparing Effect of Preemptive Bolus Low-Dose Ketamine for Moderate Sedation in Opioid Abusers Undergoing Extracorporeal Shock Wave Lithotripsy,2012,True,not_open_access,escalate,in-scope compound/intervention term appears in title or abstract,True,1,,,
disorder,25101,10.1300/j069v15n03_06,Acupuncture and Addiction Treatment,1996,True,not_open_access,exclude_obvious_irrelevant,No in-scope psychedelic/ketamine/entactogen/dissociative compound or intervention term appears in the title/abstract; dataset entity terms present.,False,1,,,
disorder,25121,10.1345/aph.10400,Treatment of Bulimia Nervosa with Ondansetron,2001,True,not_open_access,exclude_obvious_irrelevant,No in-scope psychedelic/ketamine/entactogen/dissociative compound or intervention term appears in the title/abstract; dataset entity terms present.,False,1,,,
disorder,25123,10.1345/aph.1h297,The Role of Olanzapine in the Treatment of Anorexia Nervosa,2006,True,not_open_access,exclude_obvious_irrelevant,No in-scope psychedelic/ketamine/entactogen/dissociative compound or intervention term appears in the title/abstract; dataset entity terms present.,False,1,,,
disorder,25128,10.1358/dot.2014.50.6.2127023,Current status of atypical antipsychotics for fibromyalgia,2014,True,not_open_access,exclude_obvious_irrelevant,No in-scope psychedelic/ketamine/entactogen/dissociative compound or intervention term appears in the title/abstract; dataset entity terms present.,False,1,,,
disorder,25154,10.1378/chest.117.5_suppl_2.360s,Smoking Cessation,2000,True,not_open_access,exclude_obvious_irrelevant,No in-scope psychedelic/ketamine/entactogen/dissociative compound or intervention term appears in the title/abstract; no dataset entity terms found.,False,1,,,
disorder,25170,10.14423/smj.0000000000001709,Patient Retention in a Substance Use Disorder Telemedicine Clinic,2024,True,not_open_access,exclude_obvious_irrelevant,No in-scope psychedelic/ketamine/entactogen/dissociative compound or intervention term appears in the title/abstract; dataset entity terms present.,False,1,,,
disorder,25217,10.1515/ijamh-2013-0055,Use of antidepressants for major depressive disorder in children and adolescents: clinical considerations,2013,True,not_open_access,exclude_obvious_irrelevant,No in-scope psychedelic/ketamine/entactogen/dissociative compound or intervention term appears in the title/abstract; dataset entity terms present.,False,1,,,
disorder,25221,10.1517/14656566.2014.876008,Current pharmacological treatment approaches for alcohol dependence,2014,True,not_open_access,exclude_obvious_irrelevant,No in-scope psychedelic/ketamine/entactogen/dissociative compound or intervention term appears in the title/abstract; dataset entity terms present.,False,1,,,
disorder,25222,10.1517/14656566.2014.934811,Evaluation of a head-to-head study of lisdexamfetamine dimesylate and atomoxetine,2014,True,not_open_access,exclude_obvious_irrelevant,No in-scope psychedelic/ketamine/entactogen/dissociative compound or intervention term appears in the title/abstract; no dataset entity terms found.,False,1,,,
disorder,25225,10.1517/14728214.2012.660146,Emerging drugs for major depressive disorder,2012,True,not_open_access,escalate,in-scope compound/intervention term appears in title or abstract,True,1,,,
disorder,25229,10.1517/14740338.2016.1131817,The safety of treatments for tobacco use disorder,2015,True,not_open_access,exclude_obvious_irrelevant,No in-scope psychedelic/ketamine/entactogen/dissociative compound or intervention term appears in the title/abstract; dataset entity terms present.,False,1,,,
disorder,25230,10.1517/17425247.2.6.1059,Advances in the delivery of treatments for Parkinson’s disease,2005,True,not_open_access,escalate,in-scope compound/intervention term appears in title or abstract,True,1,,,
disorder,25234,10.1521/bumc.2022.86.1.35,The impact of COVID-19 on the treatment of obsessive-compulsive disorder,2022,True,not_open_access,exclude_obvious_irrelevant,No in-scope psychedelic/ketamine/entactogen/dissociative compound or intervention term appears in the title/abstract; dataset entity terms present.,False,1,,,
disorder,25235,10.1521/bumc_2021_85_03,The impact of COVID-19 on the treatment of obsessive-compulsive disorder,2021,True,not_open_access,exclude_obvious_irrelevant,No in-scope psychedelic/ketamine/entactogen/dissociative compound or intervention term appears in the title/abstract; dataset entity terms present.,False,1,,,
disorder,25294,10.1586/14737175.4.1.33,Zolmitriptan (Zomig®),2004,True,not_open_access,exclude_obvious_irrelevant,No in-scope psychedelic/ketamine/entactogen/dissociative compound or intervention term appears in the title/abstract; no dataset entity terms found.,False,1,,,
disorder,25295,10.1586/14737175.8.3.361,Chronic daily headache,2008,True,not_open_access,exclude_obvious_irrelevant,No in-scope psychedelic/ketamine/entactogen/dissociative compound or intervention term appears in the title/abstract; no dataset entity terms found.,False,1,,,
disorder,25296,10.1586/14737175.8.5.839,Tension-type headache,2008,True,not_open_access,exclude_obvious_irrelevant,No in-scope psychedelic/ketamine/entactogen/dissociative compound or intervention term appears in the title/abstract; no dataset entity terms found.,False,1,,,
disorder,25297,10.1586/17512433.2015.1075390,Prediction of treatment outcomes in major depressive disorder,2015,True,not_open_access,exclude_obvious_irrelevant,No in-scope psychedelic/ketamine/entactogen/dissociative compound or intervention term appears in the title/abstract; dataset entity terms present.,False,1,,,
disorder,25299,10.1586/era.10.140,Effects of continued tobacco use during treatment of lung cancer,2010,True,not_open_access,exclude_obvious_irrelevant,No in-scope psychedelic/ketamine/entactogen/dissociative compound or intervention term appears in the title/abstract; no dataset entity terms found.,False,1,,,
disorder,25300,10.1586/erv.10.102,Anti-cocaine vaccine development,2010,True,not_open_access,exclude_obvious_irrelevant,No in-scope psychedelic/ketamine/entactogen/dissociative compound or intervention term appears in the title/abstract; no dataset entity terms found.,False,1,,,
disorder,25303,10.1682/jrrd.2006.06.0067,Pain and palliative medicine,2007,True,not_open_access,exclude_obvious_irrelevant,No in-scope psychedelic/ketamine/entactogen/dissociative compound or intervention term appears in the title/abstract; dataset entity terms present.,False,1,,,
disorder,25305,10.17116/jnevro20171175194-102,Headache immunology,2017,True,not_open_access,exclude_obvious_irrelevant,No in-scope psychedelic/ketamine/entactogen/dissociative compound or intervention term appears in the title/abstract; no dataset entity terms found.,False,1,,,
disorder,25369,10.18926/amo/53028,POEMS syndrome in a 20-year-old patient diagnosed following a complaint of reduced visual acuity.,2014,True,not_open_access,exclude_obvious_irrelevant,No in-scope psychedelic/ketamine/entactogen/dissociative compound or intervention term appears in the title/abstract; no dataset entity terms found.,False,1,,,
disorder,25417,10.2165/00002512-200623050-00001,Transdermal Treatment Options for Neurological Disorders,2006,True,not_open_access,escalate,in-scope compound/intervention term appears in title or abstract,True,1,,,
disorder,25418,10.2165/00003088-200140090-00003,The Nicotine Inhaler,2001,True,not_open_access,exclude_obvious_irrelevant,No in-scope psychedelic/ketamine/entactogen/dissociative compound or intervention term appears in the title/abstract; dataset entity terms present.,False,1,,,
disorder,25419,10.2165/00003495-200059040-00013,Valaciclovir,2000,True,not_open_access,exclude_obvious_irrelevant,No in-scope psychedelic/ketamine/entactogen/dissociative compound or intervention term appears in the title/abstract; no dataset entity terms found.,False,1,,,
disorder,25420,10.2165/00023210-200216030-00005,Assessing the Efficacy of Drugs for the Acute Treatment of Migraine,2002,True,not_open_access,exclude_obvious_irrelevant,No in-scope psychedelic/ketamine/entactogen/dissociative compound or intervention term appears in the title/abstract; no dataset entity terms found.,False,1,,,
disorder,25421,10.2165/00023210-200418140-00004,Obsessive-Compulsive Disorder in Schizophrenia,2004,True,not_open_access,exclude_obvious_irrelevant,No in-scope psychedelic/ketamine/entactogen/dissociative compound or intervention term appears in the title/abstract; dataset entity terms present.,False,1,,,
disorder,25422,10.2165/00023210-200519050-00004,Post-Traumatic Stress Disorder in Women,2005,True,not_open_access,exclude_obvious_irrelevant,No in-scope psychedelic/ketamine/entactogen/dissociative compound or intervention term appears in the title/abstract; dataset entity terms present.,False,1,,,
disorder,25425,10.2165/00063030-200822030-00004,Mecasermin,2008,True,not_open_access,exclude_obvious_irrelevant,No in-scope psychedelic/ketamine/entactogen/dissociative compound or intervention term appears in the title/abstract; dataset entity terms present.,False,1,,,
disorder,25426,10.2165/00128071-200304030-00002,Erysipelas,2003,True,not_open_access,exclude_obvious_irrelevant,No in-scope psychedelic/ketamine/entactogen/dissociative compound or intervention term appears in the title/abstract; no dataset entity terms found.,False,1,,,
disorder,25430,10.2165/00148581-200709020-00007,Lisdexamfetamine,2007,True,not_open_access,exclude_obvious_irrelevant,No in-scope psychedelic/ketamine/entactogen/dissociative compound or intervention term appears in the title/abstract; no dataset entity terms found.,False,1,,,
disorder,25431,10.2165/11203290-000000000-00000,Armodafinil,2009,True,not_open_access,exclude_obvious_irrelevant,No in-scope psychedelic/ketamine/entactogen/dissociative compound or intervention term appears in the title/abstract; no dataset entity terms found.,False,1,,,
disorder,25436,10.2165/11598450-000000000-00000,Pharmacological Interventions for the Treatment of Smokeless Tobacco Use,2011,True,not_open_access,exclude_obvious_irrelevant,No in-scope psychedelic/ketamine/entactogen/dissociative compound or intervention term appears in the title/abstract; no dataset entity terms found.,False,1,,,
disorder,25438,10.2165/11632850-000000000-00000,Management of Cluster Headache,2012,True,not_open_access,exclude_obvious_irrelevant,No in-scope psychedelic/ketamine/entactogen/dissociative compound or intervention term appears in the title/abstract; dataset entity terms present.,False,1,,,
disorder,25441,10.2174/0113816128305609240529114411,The Effects of Sumac Consumption on Inflammatory and Oxidative Stress Factors: A Systematic Review of Randomized Clinical Trials,2024,True,not_open_access,exclude_obvious_irrelevant,No in-scope psychedelic/ketamine/entactogen/dissociative compound or intervention term appears in the title/abstract; dataset entity terms present.,False,1,,,
disorder,25458,10.2174/0929867324666171108145127,Obsessive-compulsive Disorder with Comorbid Bipolar Disorders: Clinical Features and Treatment Implications,2019,True,not_open_access,exclude_obvious_irrelevant,No in-scope psychedelic/ketamine/entactogen/dissociative compound or intervention term appears in the title/abstract; dataset entity terms present.,False,1,,,
disorder,25459,10.2174/0929867325666171222163645,A Systematic Review of Evidence-based Treatment Strategies for Obsessive- compulsive Disorder Resistant to first-line Pharmacotherapy,2017,True,not_open_access,exclude_obvious_irrelevant,No in-scope psychedelic/ketamine/entactogen/dissociative compound or intervention term appears in the title/abstract; dataset entity terms present.,False,1,,,
disorder,25478,10.2174/1574887115666200917110954,Tocilizumab in SARS-CoV-2 Patients with the Syndrome of Cytokine Storm: A Narrative Review,2020,True,not_open_access,exclude_obvious_irrelevant,No in-scope psychedelic/ketamine/entactogen/dissociative compound or intervention term appears in the title/abstract; no dataset entity terms found.,False,1,,,
disorder,25481,10.2174/187152711799219343,Nicotine Vaccines,2011,True,not_open_access,exclude_obvious_irrelevant,No in-scope psychedelic/ketamine/entactogen/dissociative compound or intervention term appears in the title/abstract; no dataset entity terms found.,False,1,,,
disorder,25482,10.2174/1871527313666141130203823,Cognitive Dysfunction in Major Depressive Disorder: A State-of-the-Art Clinical Review,2015,True,not_open_access,exclude_obvious_irrelevant,No in-scope psychedelic/ketamine/entactogen/dissociative compound or intervention term appears in the title/abstract; dataset entity terms present.,False,1,,,
disorder,25483,10.2174/1871527315666160321104059,"Mood Stabilizers, Oxidative Stress and Antioxidative Defense in Euthymia of Bipolar Disorder",2016,True,not_open_access,exclude_obvious_irrelevant,No in-scope psychedelic/ketamine/entactogen/dissociative compound or intervention term appears in the title/abstract; no dataset entity terms found.,False,1,,,
disorder,25489,10.2174/1874473710801030328,Transcranial Magnetic Stimulation to Understand the Pathophysiology and Treatment of Substance Use Disorders,2008,True,not_open_access,escalate,in-scope compound/intervention term appears in title or abstract,True,1,,,
disorder,25490,10.2174/1874473711003040222,Recent Topics on Pharmacotherapy for Amphetamine-Type Stimulants Abuse and Dependence,2010,True,not_open_access,escalate,in-scope compound/intervention term appears in title or abstract,True,1,,,
disorder,25491,10.2174/1874473711205010041,The Efficacy of Stepped Care Models Involving Psychosocial Treatment of Alcohol Use Disorders and Nicotine Dependence: A Systematic Review of the Literature,2012,True,not_open_access,exclude_obvious_irrelevant,No in-scope psychedelic/ketamine/entactogen/dissociative compound or intervention term appears in the title/abstract; dataset entity terms present.,False,1,,,
disorder,25524,10.2217/pmt-2016-0025,Insomnia: Can Acupuncture Help?,2016,True,not_open_access,exclude_obvious_irrelevant,No in-scope psychedelic/ketamine/entactogen/dissociative compound or intervention term appears in the title/abstract; dataset entity terms present.,False,1,,,
disorder,25525,10.2217/pmt-2021-0077,Erenumab for episodic migraine,2022,True,not_open_access,exclude_obvious_irrelevant,No in-scope psychedelic/ketamine/entactogen/dissociative compound or intervention term appears in the title/abstract; no dataset entity terms found.,False,1,,,
disorder,25571,10.23736/s1973-9087.18.05379-0,Effects of hypertonic dextrose injection in chronic supraspinatus tendinopathy of the shoulder: a randomized placebo-controlled trial,2019,True,not_open_access,escalate,in-scope compound/intervention term appears in title or abstract,True,1,,,
disorder,25582,10.2519/jospt.2012.4151,"Immediate Changes in Widespread Pressure Pain Sensitivity, Neck Pain, and Cervical Range of Motion After Cervical or Thoracic Thrust Manipulation in Patients With Bilateral Chronic Mechanical Neck Pain: A Randomized Clinical Trial",2012,True,not_open_access,exclude_obvious_irrelevant,No in-scope psychedelic/ketamine/entactogen/dissociative compound or intervention term appears in the title/abstract; no dataset entity terms found.,False,1,,,
disorder,25583,10.2519/jospt.2016.6906,Pharmacological and Interventional Management of Pain After Whiplash Injury,2016,True,not_open_access,exclude_obvious_irrelevant,No in-scope psychedelic/ketamine/entactogen/dissociative compound or intervention term appears in the title/abstract; dataset entity terms present.,False,1,,,
disorder,25584,10.2519/jospt.2020.9319,"Which Interventions Enhance Pain Self-efficacy in People With Chronic Musculoskeletal Pain? A Systematic Review With Meta-analysis of Randomized Controlled Trials, Including Over 12 000 Participants",2020,True,not_open_access,exclude_obvious_irrelevant,No in-scope psychedelic/ketamine/entactogen/dissociative compound or intervention term appears in the title/abstract; no dataset entity terms found.,False,1,,,
disorder,25585,10.2519/jospt.2020.9666,The Effectiveness of Strategies to Promote Walking in People With Musculoskeletal Disorders: A Systematic Review With Meta-analysis,2020,True,not_open_access,exclude_obvious_irrelevant,No in-scope psychedelic/ketamine/entactogen/dissociative compound or intervention term appears in the title/abstract; no dataset entity terms found.,False,1,,,
disorder,25586,10.2519/jospt.2022.11149,What Modifies the Effect of an Exercise Treatment for Chronic Low Back Pain? A Meta-epidemiologic Regression Analysis of Risk of Bias and Comparative Effectiveness,2022,True,not_open_access,exclude_obvious_irrelevant,No in-scope psychedelic/ketamine/entactogen/dissociative compound or intervention term appears in the title/abstract; no dataset entity terms found.,False,1,,,
disorder,25588,10.2519/jospt.2023.12090,Adding Brief Pain Science or Ergonomics Messages to Guideline Advice Did Not Increase Feelings of Reassurance in People With Acute Low Back Pain: A Randomized Experiment,2023,True,not_open_access,exclude_obvious_irrelevant,No in-scope psychedelic/ketamine/entactogen/dissociative compound or intervention term appears in the title/abstract; dataset entity terms present.,False,1,,,
disorder,25590,10.2519/jospt.2024.12241,The Effectiveness of Exercise-Based Rehabilitation in People With Hand Osteoarthritis: A Systematic Review With Meta-analysis,2024,True,not_open_access,exclude_obvious_irrelevant,No in-scope psychedelic/ketamine/entactogen/dissociative compound or intervention term appears in the title/abstract; no dataset entity terms found.,False,1,,,
disorder,25591,10.2519/jospt.2024.12349,Neuromuscular Control and Resistance Training for People With Chronic Low Back Pain: A Randomized Controlled Trial,2024,True,not_open_access,exclude_obvious_irrelevant,No in-scope psychedelic/ketamine/entactogen/dissociative compound or intervention term appears in the title/abstract; no dataset entity terms found.,False,1,,,
disorder,25592,10.2519/jospt.2025.0203,Neuromuscular Control and Resistance Training for Chronic Low Back Pain: Discussing A Randomized Controlled Trial,2025,True,not_open_access,exclude_obvious_irrelevant,No in-scope psychedelic/ketamine/entactogen/dissociative compound or intervention term appears in the title/abstract; no dataset entity terms found.,False,1,,,
disorder,25593,10.2519/jospt.2025.12836,Effectiveness of Manual Joint Mobilization Techniques in the Treatment of Nonspecific Neck Pain: Systematic Review With Meta-Analysis and Meta-Regression of Randomized Controlled Trials,2025,True,not_open_access,exclude_obvious_irrelevant,No in-scope psychedelic/ketamine/entactogen/dissociative compound or intervention term appears in the title/abstract; no dataset entity terms found.,False,1,,,
disorder,25594,10.2519/jospt.2025.13097,Proprioceptive Exercises Combined With Strengthening Exercises Are Not Superior to Strengthening Exercises Alone for Shoulder Pain and Disability in Individuals With Chronic Rotator Cuff-Related Shoulder Pain: A Randomized Controlled Trial,2025,True,not_open_access,exclude_obvious_irrelevant,No in-scope psychedelic/ketamine/entactogen/dissociative compound or intervention term appears in the title/abstract; no dataset entity terms found.,False,1,,,
disorder,25596,10.2519/jospt.2025.13681,Repetitive Transcranial Magnetic Stimulation and Motor Control Exercise for Chronic Low Back Pain: The ExTraStim Randomized Placebo-Controlled Trial,2025,True,not_open_access,exclude_obvious_irrelevant,No in-scope psychedelic/ketamine/entactogen/dissociative compound or intervention term appears in the title/abstract; no dataset entity terms found.,False,1,,,
disorder,25705,10.3109/00048679709073806,Juvenile Obsessive—Compulsive Disorder,1997,True,not_open_access,exclude_obvious_irrelevant,No in-scope psychedelic/ketamine/entactogen/dissociative compound or intervention term appears in the title/abstract; dataset entity terms present.,False,1,,,
disorder,25708,10.3109/00952999709016887,Do Increased Levels of Drug Abuse Treatment Lead to Fewer Drug-Related Problems?,1997,True,not_open_access,escalate,in-scope compound/intervention term appears in title or abstract,True,1,,,
disorder,25709,10.3109/01612840.2015.1057785,Pharmacotherapy as Prophylactic Treatment of Post-Traumatic Stress Disorder: A Review of the Literature,2015,True,not_open_access,exclude_obvious_irrelevant,No in-scope psychedelic/ketamine/entactogen/dissociative compound or intervention term appears in the title/abstract; dataset entity terms present.,False,1,,,
disorder,25710,10.3109/02688697.2011.555019,Fourth ventricle meningiomas: a rare entity,2011,True,not_open_access,exclude_obvious_irrelevant,No in-scope psychedelic/ketamine/entactogen/dissociative compound or intervention term appears in the title/abstract; no dataset entity terms found.,False,1,,,
disorder,25714,10.3109/07853890.2016.1145794,Cannabinoids: Medical implications,2016,True,not_open_access,exclude_obvious_irrelevant,No in-scope psychedelic/ketamine/entactogen/dissociative compound or intervention term appears in the title/abstract; dataset entity terms present.,False,1,,,
disorder,25715,10.3109/08039488.2015.1019924,The association between interpersonal problems and treatment outcome in the eating disorders: A systematic review,2015,True,not_open_access,exclude_obvious_irrelevant,No in-scope psychedelic/ketamine/entactogen/dissociative compound or intervention term appears in the title/abstract; dataset entity terms present.,False,1,,,
disorder,25717,10.3109/08923973.2011.595417,Effects of midazolam and phenobarbital on brain oxidative reactions induced by pentylenetetrazole in a convulsion model,2011,True,not_open_access,exclude_obvious_irrelevant,No in-scope psychedelic/ketamine/entactogen/dissociative compound or intervention term appears in the title/abstract; no dataset entity terms found.,False,1,,,
disorder,25718,10.3109/09540261.2013.816269,EEG biomarkers in major depressive disorder: Discriminative power and prediction of treatment response,2013,True,not_open_access,exclude_obvious_irrelevant,No in-scope psychedelic/ketamine/entactogen/dissociative compound or intervention term appears in the title/abstract; dataset entity terms present.,False,1,,,
disorder,25720,10.3109/09638288.2012.699582,Predictors of multidisciplinary treatment outcome in fibromyalgia:a systematic review,2012,True,not_open_access,exclude_obvious_irrelevant,No in-scope psychedelic/ketamine/entactogen/dissociative compound or intervention term appears in the title/abstract; dataset entity terms present.,False,1,,,
disorder,25722,10.3109/10673229309017053,Augmentation Strategies for Treatment-Resistant Obsessive-Compulsive Disorder *,1993,True,not_open_access,exclude_obvious_irrelevant,No in-scope psychedelic/ketamine/entactogen/dissociative compound or intervention term appears in the title/abstract; dataset entity terms present.,False,1,,,
disorder,25724,10.3109/10826084.2010.501664,Effects of Motivational Enhancement Therapy on Readiness to Change MDMA and Methamphetamine Use Behaviors in Taiwanese Adolescents,2010,True,not_open_access,escalate,in-scope compound/intervention term appears in title or abstract,True,1,,,
disorder,25727,10.3109/10826088509047754,Methadone Maintenance Treatment,1985,True,not_open_access,exclude_obvious_irrelevant,No in-scope psychedelic/ketamine/entactogen/dissociative compound or intervention term appears in the title/abstract; no dataset entity terms found.,False,1,,,
disorder,25738,10.3109/15563650.2016.1142090,Treatment of cocaine cardiovascular toxicity: a systematic review,2016,True,not_open_access,escalate,in-scope compound/intervention term appears in title or abstract,True,1,,,
disorder,25851,10.3138/physio.62.4.308,Case Report: Schizophrenia Discovered during the Patient Interview in a Man with Shoulder Pain Referred for Physical Therapy,2010,True,not_open_access,exclude_obvious_irrelevant,No in-scope psychedelic/ketamine/entactogen/dissociative compound or intervention term appears in the title/abstract; no dataset entity terms found.,False,1,,,
disorder,25905,10.3171/2025.12.spine25700,The association between intraoperative ketamine administration and reduced postoperative opioid consumption among chronic opioid users after multilevel lumbar fusion,2026,True,not_open_access,escalate,in-scope compound/intervention term appears in title or abstract,True,1,,,
disorder,25907,10.3171/jns/2008/109/7/0028,Treatment of ruptured lenticulostriate artery aneurysms,2008,True,not_open_access,escalate,in-scope compound/intervention term appears in title or abstract,True,1,,,
disorder,25912,10.3238/arztebl.m2025.0086,Mental comorbidity and psychosocial care in patients with cancer,2025,True,not_open_access,exclude_obvious_irrelevant,No in-scope psychedelic/ketamine/entactogen/dissociative compound or intervention term appears in the title/abstract; dataset entity terms present.,False,1,,,
disorder,26039,10.36849/jdd.8880,Exploring the Potential Dermatological Benefits of CGRP Inhibition: A Case Report,2025,True,not_open_access,exclude_obvious_irrelevant,No in-scope psychedelic/ketamine/entactogen/dissociative compound or intervention term appears in the title/abstract; no dataset entity terms found.,False,1,,,
disorder,26055,10.3758/s13428-026-02962-w,"An autoregressive latent change score model for randomized pretest, posttest, follow-up designs",2026,True,not_open_access,exclude_obvious_irrelevant,No in-scope psychedelic/ketamine/entactogen/dissociative compound or intervention term appears in the title/abstract; no dataset entity terms found.,False,1,,,
disorder,26057,10.3760/cma.j.cn112139-20240105-00009,[Comparison of the clinical efficacy of all-inside arthroscopic lateral ligament augmentation procedure and Broström procedure for the treatment of chronic lateral rotational ankle instability].,2024,True,not_open_access,escalate,in-scope compound/intervention term appears in title or abstract,True,1,,,
disorder,26074,10.3928/02793695-20221122-02,The Role of Attentional Bias Toward Negative Emotional Information and Social Anxiety in Problematic Social Media Use,2022,True,not_open_access,escalate,in-scope compound/intervention term appears in title or abstract,True,1,,,
disorder,26079,10.4065/77.3.255,Diagnosis and Treatment of Migraine,2002,True,not_open_access,exclude_obvious_irrelevant,No in-scope psychedelic/ketamine/entactogen/dissociative compound or intervention term appears in the title/abstract; no dataset entity terms found.,False,1,,,
disorder,26080,10.4065/83.4.479,Treatment of Tobacco Dependence,2008,True,not_open_access,exclude_obvious_irrelevant,No in-scope psychedelic/ketamine/entactogen/dissociative compound or intervention term appears in the title/abstract; dataset entity terms present.,False,1,,,
disorder,26112,10.4088/jcp.08m04370,Is Depersonalization Disorder Initiated by Illicit Drug Use Any Different?,2009,True,not_open_access,escalate,in-scope compound/intervention term appears in title or abstract,True,1,,,
disorder,26117,10.4088/jcp.13m08411,"A Randomized, Placebo-Controlled Trial of<i>N</i>-Acetylcysteine Plus Imaginal Desensitization for Nicotine-Dependent Pathological Gamblers",2013,True,not_open_access,exclude_obvious_irrelevant,No in-scope psychedelic/ketamine/entactogen/dissociative compound or intervention term appears in the title/abstract; dataset entity terms present.,False,1,,,
disorder,26119,10.4088/jcp.13r08525,Antipsychotics for Cocaine or Psychostimulant Dependence,2013,True,not_open_access,escalate,in-scope compound/intervention term appears in title or abstract,True,1,,,
disorder,26120,10.4088/jcp.13r08851,A Review of the Use of Stimulants and Stimulant Alternatives in Treating Bipolar Depression and Major Depressive Disorder,2014,True,not_open_access,exclude_obvious_irrelevant,No in-scope psychedelic/ketamine/entactogen/dissociative compound or intervention term appears in the title/abstract; dataset entity terms present.,False,1,,,
disorder,26125,10.4088/jcp.19f13163,Augmentation With Memantine in Obsessive-Compulsive Disorder,2019,True,not_open_access,exclude_obvious_irrelevant,No in-scope psychedelic/ketamine/entactogen/dissociative compound or intervention term appears in the title/abstract; dataset entity terms present.,False,1,,,
disorder,26129,10.4088/jcp.21r13969,The Effect of Repetitive Transcranial Magnetic Stimulation on Suicidal Ideation in Treatment-Resistant Depression,2022,True,not_open_access,exclude_obvious_irrelevant,No in-scope psychedelic/ketamine/entactogen/dissociative compound or intervention term appears in the title/abstract; dataset entity terms present.,False,1,,,
disorder,26152,10.4088/jcp.26m16338,Efficacy and Safety of a Single Dose of Psilocybin for Chronic Suicidal Ideation,2026,True,not_open_access,escalate,in-scope compound/intervention term appears in title or abstract,True,1,,,
disorder,26156,10.4088/jcp.sh16003su1c.03,Pharmacologic Treatments for Binge-Eating Disorder,2017,True,not_open_access,exclude_obvious_irrelevant,No in-scope psychedelic/ketamine/entactogen/dissociative compound or intervention term appears in the title/abstract; no dataset entity terms found.,False,1,,,
disorder,26158,10.4088/jcp.v64n1109,"Treatment of Bulimia Nervosa With Topiramate in a Randomized, Double-Blind, Placebo-Controlled Trial, Part 1",2003,True,not_open_access,exclude_obvious_irrelevant,No in-scope psychedelic/ketamine/entactogen/dissociative compound or intervention term appears in the title/abstract; no dataset entity terms found.,False,1,,,
disorder,26159,10.4088/jcp.v64n1208,"Treatment of Bulimia Nervosa With Topiramate in a Randomized, Double-Blind, Placebo-Controlled Trial, Part 2",2003,True,not_open_access,exclude_obvious_irrelevant,No in-scope psychedelic/ketamine/entactogen/dissociative compound or intervention term appears in the title/abstract; dataset entity terms present.,False,1,,,
disorder,26162,10.4088/jcp.v67n0302,Neural Correlates of the Affect Regulation Model in Schizophrenia Patients With Substance Use History,2006,True,not_open_access,escalate,in-scope compound/intervention term appears in title or abstract,True,1,,,
disorder,26167,10.4088/jcp.v69n0415,Cognitive-Behavioral Therapy for Adult Anxiety Disorders,2008,True,not_open_access,exclude_obvious_irrelevant,No in-scope psychedelic/ketamine/entactogen/dissociative compound or intervention term appears in the title/abstract; dataset entity terms present.,False,1,,,
disorder,26258,10.4140/tcp.n.2021.191,Post-traumatic Stress Disorder in Middle Age and Beyond,2021,True,not_open_access,exclude_obvious_irrelevant,No in-scope psychedelic/ketamine/entactogen/dissociative compound or intervention term appears in the title/abstract; dataset entity terms present.,False,1,,,
disorder,26509,10.5014/ajot.2026.051459,Effectiveness of Aquatic Occupational Therapy to Support Water Competency of Children on the Autism Spectrum,2026,True,not_open_access,exclude_obvious_irrelevant,No in-scope psychedelic/ketamine/entactogen/dissociative compound or intervention term appears in the title/abstract; no dataset entity terms found.,False,1,,,
disorder,26554,10.5055/jom.2022.0689,Comparison of PACU length of stay and opioid requirements of patients maintained on buprenorphine or methadone for opioid use disorder,2022,True,not_open_access,escalate,in-scope compound/intervention term appears in title or abstract,True,1,,,
disorder,26588,10.5414/cpp40002,Effects of silymarin MZ-80 on oxidative stress in patients with alcoholic cirrhosis,2002,True,not_open_access,exclude_obvious_irrelevant,No in-scope psychedelic/ketamine/entactogen/dissociative compound or intervention term appears in the title/abstract; no dataset entity terms found.,False,1,,,
disorder,26618,10.5694/j.1326-5377.1990.tb126327.x,Antismoking products,1990,True,not_open_access,exclude_obvious_irrelevant,No in-scope psychedelic/ketamine/entactogen/dissociative compound or intervention term appears in the title/abstract; dataset entity terms present.,False,1,,,
disorder,26620,10.5694/mja2.50992,The efficacy and safety of paracetamol for pain relief: an overview of systematic reviews,2021,True,not_open_access,exclude_obvious_irrelevant,No in-scope psychedelic/ketamine/entactogen/dissociative compound or intervention term appears in the title/abstract; no dataset entity terms found.,False,1,,,
disorder,26622,10.5754/hge11259,The Amelioration of AH by Abstinence and the Attenuation of Oxidative Stress,2011,True,not_open_access,exclude_obvious_irrelevant,No in-scope psychedelic/ketamine/entactogen/dissociative compound or intervention term appears in the title/abstract; no dataset entity terms found.,False,1,,,
disorder,26835,10.7326/0003-4819-140-6-200403160-00009,Individualizing Nicotine Replacement Therapy for the Treatment of Tobacco Dependence,2004,True,not_open_access,exclude_obvious_irrelevant,No in-scope psychedelic/ketamine/entactogen/dissociative compound or intervention term appears in the title/abstract; dataset entity terms present.,False,1,,,
disorder,26850,10.7326/m14-2559,The Effectiveness and Risks of Long-Term Opioid Therapy for Chronic Pain: A Systematic Review for a National Institutes of Health Pathways to Prevention Workshop,2015,True,not_open_access,exclude_obvious_irrelevant,No in-scope psychedelic/ketamine/entactogen/dissociative compound or intervention term appears in the title/abstract; dataset entity terms present.,False,1,,,
disorder,26852,10.7326/m23-2425,Long-Term Effects of Individualized Acupuncture for Chronic Neck Pain,2024,True,not_open_access,escalate,in-scope compound/intervention term appears in title or abstract,True,1,,,
disorder,26853,10.7326/m23-2721,Effect of Acupuncture for Methadone Reduction,2024,True,not_open_access,exclude_obvious_irrelevant,No in-scope psychedelic/ketamine/entactogen/dissociative compound or intervention term appears in the title/abstract; dataset entity terms present.,False,1,,,
disorder,26854,10.7417/ct.2024.5139,Chronic pain: are there effective therapeutic exercises in rehabilitation treatment? A narrative review.,2024,True,not_open_access,exclude_obvious_irrelevant,No in-scope psychedelic/ketamine/entactogen/dissociative compound or intervention term appears in the title/abstract; dataset entity terms present.,False,1,,,
