line_no,doi,compound,entity,title,year,authors,existing_sources
3,10.1111/head.70016,PRO-LAD,Headache disorders,2025 guideline update to acute treatment of migraine for adults in the emergency department: The American Headache Society evidence assessment of parenteral pharmacotherapies.,2026,Robblee J; Minen MT; Friedman BW; Cortel-LeBlanc MA; Cortel-LeBlanc A; Orr SL,disorder:paper_library
4,10.1038/s41591-025-04154-z,PRO-LAD,Persistent depressive disorder,A short-acting psychedelic intervention for major depressive disorder: a phase IIa randomized placebo-controlled trial.,2026,Erritzoe D; Barba T; Benway T; Joel Z; Good M; Layzell M; Jones MB; Campbell G; Murphy-Beiner A; Rands P,candidate_paper_corpus | disorder:paper_library
5,10.1097/adm.0000000000001538,PRO-LAD,Methamphetamine use disorder,"Craving, Impulsivity, and Subsequent Methamphetamine Use With Naltrexone-Bupropion Versus Placebo: Findings From a Randomized Clinical Trial.",2026,Jha MK; Ghitza UE; Carmody T; Kuruvila S; Shoptaw S; Minhajuddin A; Wakhlu S; Schmitz JM; Coffin PO; Bart G,candidate_paper_corpus | disorder:paper_library
8,10.1111/add.70315,PRO-LAD,Methamphetamine use disorder,Gender differences in the impact of psychological distress on methamphetamine use disorder outcomes and treatment effect.,2026,Amin-Esmaeili M; Byregowda H; Susukida R; Mojtabai R; Crum RM,candidate_paper_corpus | disorder:paper_library
9,10.1097/yic.0000000000000597,PRO-LAD,Bipolar depression,Lumateperone monotherapy for major depressive episodes associated with bipolar disorder: efficacy and safety in a randomized placebo-controlled trial.,2026,Correll CU; Durgam S; Kozauer SG; Lakkis HD; Chen C; Vanover KE; Mates S; Davis RE,candidate_paper_corpus | disorder:paper_library
10,10.1136/bmj-2024-083443,PRO-LAD,Obsessive-compulsive disorder,Management of obsessive-compulsive disorder in adults.,2026,Abramowitz JS; Abramovitch A; McKay D; Draffin A,candidate_paper_corpus | disorder:paper_library
11,10.1016/j.jpainsymman.2025.10.015,PRO-LAD,Demoralization,Meaning and Psychedelics in Palliative Care: A Narrative Review.,2026,Alexander WB; Hansen ED; Anderson BT; Zarrabi AJ; Rogers AH; Loewen G; Ficarro ZR; Alexander MH; Schaefer D; Case AA,candidate_paper_corpus | disorder:paper_library
13,10.1093/pm/pnaf089,PRO-LAD,Fibromyalgia,Pain relief by targeting nonrestorative sleep in fibromyalgia: a phase 3 randomized trial of bedtime sublingual cyclobenzaprine.,2026,Lederman S; Arnold LM; Vaughn B; Engels JM; Kelley M; Sullivan GM,candidate_paper_corpus | disorder:paper_library
17,10.1001/jamanetworkopen.2026.11029,PRO-LAD,Cocaine use disorder,Psilocybin in the Treatment of Cocaine Use Disorder: A Randomized Clinical Trial.,2026,Hendricks PS; Lappan SN; Shelton RC; Lahti AC; Cropsey KL; Johnson MW; Bradley M; Simonsson O; Davis LL; Grossman DH,disorder:paper_library
18,10.3389/fpsyg.2026.1684921,PRO-LAD,Complex post-traumatic stress disorder,Psychotherapy for complex post-traumatic stress disorder: efficacy and therapeutic factors.,2026,Katalan C; Unterrainer HF; Gelo OCG,candidate_paper_corpus | disorder:paper_library
24,10.1001/jamanetworkopen.2025.7523,PRO-LAD,Alcohol use disorder,A Neuroimmune Modulator for Alcohol Use Disorder: A Randomized Clinical Trial.,2025,Ray LA; Meredith LR; Grodin EN; Belnap MA; Nieto SJ; Baskerville WA; Donato S; Shoptaw SJ; Gillis AJ; Irwin MR,candidate_paper_corpus | disorder:paper_library
25,10.1037/pst0000551,PRO-LAD,Demoralization,"A critical evaluation of psilocybin-assisted therapy protocol components from clinical trial patients, facilitators, and caregivers.",2025,Palitsky R; Maples-Keller JL; Peacock C; Dunlop BW; Mletzko T; Grant GH; Raison CL; Chao S; Shub I; Mendelbaum-Kweller M,candidate_paper_corpus | disorder:exploratory | disorder:paper_library | disorder:stubs
30,10.1016/j.jpsychires.2025.04.051,PRO-LAD,Cocaine use disorder,A randomized clinical trial of disulfiram at higher doses for the treatment of cocaine use disorder among methadone-stabilized patients.,2025,Oliveto AH; McGaugh J; Chopra MP; Thostenson J; Mancino MJ,candidate_paper_corpus | disorder:paper_library
31,10.1177/13872877251389608,PRO-LAD,Cannabis use disorder,A randomized clinical trial of low-dose cannabis extract in Alzheimer's disease.,2025,Cury RM; da Silva T; Cezar-Dos-Santos F; Fakih YRC; Narvaez KAR; Gouvea MC; Espínola C; Ferreira CF; de Castro WAC; Pamplona FA,candidate_paper_corpus | disorder:paper_library
32,10.1016/j.ridd.2025.104942,PRO-LAD,Autism spectrum disorder,A randomized controlled trial of the efficacy of music therapy on the social skills of children with autism spectrum disorder.,2025,Zhou Z; Zhao X; Yang Q; Zhou T; Feng Y; Chen Y; Chen Z; Deng C,candidate_paper_corpus | disorder:paper_library
37,10.1186/s13063-025-08836-4,PRO-LAD,Persistent depressive disorder,"Adjunctive ketamine vs. buprenorphine in co-occurring major depressive disorder and opioid use disorder: a randomized, double-blind clinical trial assessing anxiety symptom severity and craving intensity.",2025,Mansoori A; Bazrafshan A; Ahmadi J; Mosavat SH,candidate_paper_corpus | disorder:curated | disorder:paper_library
42,10.1002/14651858.cd014965.pub2,PRO-LAD,Autism spectrum disorder,Atypical antipsychotics for autism spectrum disorder: a network meta-analysis.,2025,Meza N; Franco JV; Sguassero Y; Núñez V; Escobar Liquitay CM; Rees R; Williams K; Rojas V; Rojas F; Pringsheim T,candidate_paper_corpus | disorder:paper_library
46,10.4088/jcp.25m15786,PRO-LAD,Substance use disorder,"Brexpiprazole for the Treatment of Co-occurring Schizophrenia and Substance Use Disorder: A Multisite, Randomized, Controlled Trial.",2025,Fan X; Freudenreich O; Jarskog LF; McEvoy J; Harrington A,candidate_paper_corpus | disorder:paper_library
48,10.1001/jamainternmed.2025.2535,PRO-LAD,Opioid use disorder,Clinical Decision Support System for Primary Care of Opioid Use Disorder: A Randomized Clinical Trial.,2025,Rossom RC; Crain AL; Wright EA; Olson AW; Haller I; Haapala J; Dehmer SP; Hooker SA; Solberg L; O'Connor PJ,candidate_paper_corpus | disorder:paper_library
49,10.1016/j.drugalcdep.2025.112841,PRO-LAD,Cocaine use disorder,Cocaine craving and use during pharmacotherapy trials for cocaine use disorder: A multi-trajectory analysis.,2025,Mojtabai R; Susukida R; Farokhnia M; Nguyen TQ; Leggio L; Bergeria C; Dunn KE; Aminesmaeili M,candidate_paper_corpus | disorder:paper_library
52,10.1002/14651858.cd015673.pub2,PRO-LAD,Alcohol use disorder,Combined pharmacological and psychosocial interventions for alcohol use disorder.,2025,Minozzi S; La Rosa GRM; Salis F; Camposeragna A; Saulle R; Leggio L; Agabio R,candidate_paper_corpus | disorder:paper_library
55,10.1001/jamanetworkopen.2025.21087,PRO-LAD,Alcohol use disorder,Concurrent Treatment of Posttraumatic Stress Disorder and Alcohol Use Disorder in Women: A Randomized Clinical Trial.,2025,Persson A; Axén Å; Capusan AJ; Magnusson Å; Heilig M,candidate_paper_corpus | disorder:paper_library
57,10.1111/adb.70057,PRO-LAD,Opioid use disorder,"Deep Transcranial Magnetic Stimulation in Patients With Opioid Use Disorder: A Double-Blind, Placebo-Controlled Randomized Trial.",2025,Guldas S; Tumkaya S; Yucens B,candidate_paper_corpus | disorder:paper_library
59,10.1001/jamanetworkopen.2025.48884,PRO-LAD,Generalized anxiety disorder,Digital Cognitive Behavioral Treatment for Generalized Anxiety Disorder: A Randomized Clinical Trial.,2025,Parsons EM; Ball T; Carl J; Henry AL; Emsley R; Miller CB; Wong EY; Coombs E; Collins D; Long LJ,candidate_paper_corpus | disorder:paper_library
62,10.1017/s0033291725100743,PRO-LAD,Major depressive disorder,Disentangling the biological mechanisms underlying the effects of physical exercise in major depressive disorder: a comprehensive systematic review of randomized controlled trials.,2025,Carvalho Silva R; Meattini M; Perusi G; Carletto S; Bortolomasi M; Gennarelli M; Baune BT; Minelli A,candidate_paper_corpus | disorder:paper_library
63,10.1136/bmjopen-2024-086454,PRO-LAD,Alcohol use disorder,"Does semaglutide reduce alcohol intake in Danish patients with alcohol use disorder and comorbid obesity? Trial protocol of a randomised, double-blinded, placebo-controlled clinical trial (the SEMALCO trial).",2025,Klausen MK; Kuzey T; Pedersen JN; Justesen SK; Rasmussen L; Knorr UB; Mason G; Ekstrøm CT; Holst JJ; Koob G,candidate_paper_corpus | disorder:paper_library
64,10.1080/20008066.2024.2444743,PRO-LAD,Post-traumatic stress disorder,Dream Enactment Behaviour in Post-Traumatic Stress Disorder.,2025,Asah C; Sandahl H; Baandrup L; Carlsson J; Jennum P,candidate_paper_corpus | disorder:paper_library
65,10.1002/14651858.cd007896.pub4,PRO-LAD,Stimulant use disorder,Effect of amphetamines on blood pressure.,2025,Chan M; Chan JJ; Wright JM,candidate_paper_corpus | disorder:paper_library
66,10.1038/s41398-025-03474-5,PRO-LAD,Methamphetamine use disorder,Effect of conditioned stimuli-triggered memory retrieval-extinction in patients with methamphetamine use disorder.,2025,Yue JL; Wang RJ; Chen SJ; Lin X; Fang Q; Guo XJ; Sun YK; Yuan K; Bao YP; Shi J,candidate_paper_corpus | disorder:paper_library
68,10.1111/acer.70110,PRO-LAD,Alcohol use disorder,"Effect of the GLP-1 receptor agonist exenatide on pro-inflammatory and metabolic biomarkers in individuals with alcohol use disorder: Post hoc results from a randomized, double-blinded, placebo-controlled clinical trial.",2025,Hviid MEB; Christoffersen LAN; Klausen MK; Brodersen T; Pedersen OB; Ostrowski SR; Larsen MH; Kongstad M; Jensen ME; Vilsbøll T,candidate_paper_corpus | disorder:paper_library
70,10.1176/appi.ajp.20230855,PRO-LAD,Tobacco use disorder,"Effects of Varenicline, Bupropion, Nicotine Patch, and Placebo on Treating Smoking Among Persons With Current or Past Major Depressive Disorder: Secondary Analysis of a Double-Blind, Randomized, Placebo-Controlled Trial.",2025,Kypriotakis G; Cinciripini PM; Green CE; Lawrence D; Anthenelli RM; Minnix JA; Beneventi D; Morris C; Karam-Hage M; Blalock JA,candidate_paper_corpus | disorder:paper_library
73,10.1001/jamaneurol.2025.1317,PRO-LAD,Cluster headache,Efficacy and Safety of Eptinezumab in Episodic Cluster Headache: A Randomized Clinical Trial.,2025,Jensen RH; Tassorelli C; Tepper SJ; Charles A; Goadsby PJ; Snoer AH; Sperling B; Krog Josiassen M; Borgen Linander C; Ettrup A,candidate_paper_corpus | disorder:paper_library
78,10.1016/j.jad.2025.04.077,PRO-LAD,Tobacco use disorder,"Efficacy and safety of esketamine for smoking cessation among patients diagnosed with lung cancer and major depression disorder: A randomized, placebo-controlled clinical trial.",2025,Hong X; Xu S; Sun G; Liu Y; Yi W; Hu Q; Li W; Liu J; Wu F; Yu M,disorder:paper_library
79,10.1016/j.psychres.2024.116337,PRO-LAD,Major depressive disorder,Efficacy and safety of psilocybin in the treatment of Major Depressive Disorder (MDD): A dose-response network meta-analysis of randomized placebo-controlled clinical trials.,2025,Swieczkowski D; Kwaśny A; Pruc M; Gaca Z; Szarpak L; Cubała WJ,candidate_paper_corpus | disorder:paper_library | disorder:stubs
80,10.1186/s12888-025-06866-5,PRO-LAD,Social anxiety disorder,"Efficacy of CBT, intensified tDCS and their combination for reducing clinical symptoms and improving quality of life in social anxiety disorder with comorbid depression: a randomized controlled trial.",2025,Amiri Sararudi PS; Khakpour MS; Kazemi M; Mousavi SE; Nitsche MA; Salehinejad MA; Dadashi M,candidate_paper_corpus | disorder:paper_library
81,10.3390/jcm14145040,PRO-LAD,Anorexia nervosa,"Efficacy of Transcranial Direct Current Stimulation in the Treatment of Anorexia Nervosa-Interim Results from an Ongoing, Double-Blind, Randomized, Placebo-Controlled Clinical Trial.",2025,Rząd Z; Rog J; Kajka N; Seweryn M; Patyk J; Karakuła-Juchnowicz H,candidate_paper_corpus | disorder:paper_library
82,10.2196/69981,PRO-LAD,Generalized anxiety disorder,Efficacy of a Smartphone-Based Digital Therapeutic (Anzeilax) in Generalized Anxiety Disorder: Randomized Controlled Trial.,2025,Park C; Song H; Kim H; Kim E; Jo HJ; Kim JJ; Lee JH; Kim J,candidate_paper_corpus | disorder:paper_library
83,10.1097/md.0000000000041495,PRO-LAD,Treatment-resistant depression,Efficacy of esketamine nasal spray for treatment-resistant depression: A meta-analysis of randomized controlled studies.,2025,Ouyang Y; Li J,candidate_paper_corpus | disorder:exploratory | disorder:paper_library | disorder:stubs
84,10.1016/j.jad.2025.03.153,PRO-LAD,Complex post-traumatic stress disorder,Efficacy of psychological interventions for complex post-traumatic stress disorder in adults exposed to complex traumas: A meta-analysis of randomized controlled trials.,2025,Hu JH; Ma YQ; Zhou Y; Wang SB; Jia FJ; Hou CL,candidate_paper_corpus | disorder:paper_library
85,10.1001/jamanetworkopen.2025.16318,PRO-LAD,Cluster headache,Erenumab for Chronic Cluster Headache: A Randomized Clinical Trial.,2025,Mecklenburg J; Gaul C; Fitzek M; Overeem LH; Heinze A; Fleischmann R; Boeger A; Holle-Lee D; Straube A; Gendolla A,candidate_paper_corpus | disorder:paper_library
86,10.1001/jamapsychiatry.2025.1317,PRO-LAD,Treatment-resistant depression,Esketamine Monotherapy in Adults With Treatment-Resistant Depression: A Randomized Clinical Trial.,2025,Janik A; Qiu X; Lane R; Popova V; Drevets WC; Canuso CM; Macaluso M; Mattingly GW; Shelton RC; Zajecka JM,candidate_paper_corpus | disorder:curated | disorder:paper_library | disorder:stubs
87,10.1002/cpt.3555,PRO-LAD,Major depressive disorder,Esketamine Nasal Spray in Major Depressive Disorder: A Meta-Analysis of Randomized Controlled Trials.,2025,Wang Z; Jiang L; Ma W; Li X; Gao Q; Lian S; Yu W,candidate_paper_corpus | disorder:exploratory | disorder:paper_library | disorder:stubs
88,10.1176/appi.ajp.20240515,PRO-LAD,Treatment-resistant depression,Esketamine Treatment for Depression in Adults: A PRISMA Systematic Review and Meta-Analysis.,2025,Fountoulakis KN; Saitis A; Schatzberg AF,candidate_paper_corpus | disorder:exploratory | disorder:paper_library | disorder:stubs
89,10.1186/s12888-025-06854-9,PRO-LAD,Anorexia nervosa,Evaluating the efficacy of radically open dialectical behavior therapy (RO-DBT) in patients with anorexia nervosa: study protocol for a randomized controlled clinical trial.,2025,Avila-Parcet A; Martín-Blanco A; Gawron L; Cano M; Peña-Arteaga V; Carceller-Sindreu M; Soler J; Portella MJ; Faustino G; Cardoner N,candidate_paper_corpus | disorder:paper_library
90,10.1186/s12888-025-07065-y,PRO-LAD,Persistent depressive disorder,"Evaluating the efficacy of rumination-focused cognitive-behavioral therapy in alleviating depression, negative affect, and rumination among patients with recurrent major depressive disorder: a randomized, multicenter clinical trial.",2025,Hasani M; Zenoozian S; Ahmadi R; Khakpoor S; Saberi S; Pirzeh R; Saed O,candidate_paper_corpus | disorder:paper_library
92,10.1097/adm.0000000000001405,PRO-LAD,Opioid use disorder,Exploring Opioid Use Disorder Outcomes by Quantitative Urinalysis: Post Hoc Analysis of a Phase 3 Randomized Clinical Trial.,2025,Peterson S; Nunes EV; Lofwall MR; Walsh SL; Tiberg F,candidate_paper_corpus | disorder:paper_library
94,10.1111/add.70106,PRO-LAD,Opioid use disorder,Extended-release buprenorphine treatment for opioid use disorder: A mixed-methods study of response and experience.,2025,Lowry N; McKechnie A; Day E; Gilvarry E; Cowden F; Evans R; Locke R; Murray R; Vanderwaal R; Johnstone S,candidate_paper_corpus | disorder:paper_library
95,10.1017/s003329172510127x,PRO-LAD,Anorexia nervosa,Fluoxetine for anorexia nervosa after weight restoration: moderation of effect by depression.,2025,LLoyd EC; Griffen T; Wang Y; Attia E; Walsh BT,candidate_paper_corpus | disorder:paper_library
97,10.1093/alcalc/agaf069,PRO-LAD,Alcohol use disorder,GLP-1 receptor agonists and alcohol use disorder: a systematic review.,2025,Patel S; Blaney H; Nassar S; Singal AK,candidate_paper_corpus | disorder:paper_library
99,10.1177/03331024251318016,PRO-LAD,Cluster headache,Guidelines of the International Headache Society for Real-World Evidence studies in migraine and cluster headache.,2025,Pozo-Rosich P; van Veelen N; Caronna E; Vaghi G; Torres-Ferrus M; van der Arend BWH; Goadsby PJ; Ashina M; Wang SJ; Diener HC,candidate_paper_corpus | disorder:paper_library
101,10.1186/s10194-025-02145-6,PRO-LAD,Cluster headache,Hallmarks of primary headache: part 3 - cluster headache.,2025,Coppola G; Arruda MA; Ashina M; Barloese M; Belin AC; Bottiroli S; Chowdhury D; De Icco R; Di Lorenzo C; Di Stefano G,candidate_paper_corpus | disorder:paper_library
103,10.1017/s1478951525100941,PRO-LAD,Demoralization,Home-based psilocybin-assisted therapy for a patient with advanced cancer: A case report.,2025,Farzin H; Koren B; Ferrier H; Sanders JJ; Garel N,candidate_paper_corpus | disorder:curated | disorder:exploratory | disorder:paper_library
112,10.1016/s1474-4422(25)00065-1,PRO-LAD,Cluster headache,"Long-term safety, tolerability, and efficacy of eptinezumab in chronic cluster headache (CHRONICLE): an open-label safety trial.",2025,Tassorelli C; Jensen RH; Goadsby PJ; Charles AC; Tepper SJ; Snoer AH; Josiassen MK; Linander CB; Ettrup A; Sperling B,candidate_paper_corpus | disorder:paper_library
115,10.1097/jcp.0000000000001964,PRO-LAD,Bipolar depression,Lumateperone for the Treatment of Major Depressive Disorder With Mixed Features or Bipolar Depression With Mixed Features: A Randomized Placebo-Controlled Trial.,2025,Durgam S; Kozauer SG; Earley WR; Chen C; Huo J; Lakkis H; Stahl S; McIntyre RS,candidate_paper_corpus | disorder:paper_library
119,10.1126/scitranslmed.adi4505,PRO-LAD,Cocaine use disorder,Mavoglurant reduces cocaine use in patients with cocaine use disorder in a phase 2 clinical trial.,2025,Gomez-Mancilla B; Dürsteler KM; Vogel M; Herdener M; Torrens M; Gálvez BP; Gual A; Corral RM; Kuper EI; Mosca DL,candidate_paper_corpus | disorder:paper_library
125,10.4088/jcp.25m15803,PRO-LAD,Alcohol use disorder,"N-Acetylcysteine for the Treatment of Co-Occurring Posttraumatic Stress Disorder and Alcohol Use Disorder: A Double-Blind, Randomized Controlled Trial.",2025,Back SE; Gray K; Jarnecke AM; Saraiya TC; Santa Ana EJ; Killeen T; Joseph JE; Prisciandaro JJ; Brown DG; Nietert PJ,candidate_paper_corpus | disorder:paper_library
127,10.1001/jamanetworkopen.2025.7803,PRO-LAD,Complex post-traumatic stress disorder,"Negative Affect Circuit Subtypes and Neural, Behavioral, and Affective Responses to MDMA: A Randomized Clinical Trial.",2025,Zhang X; Hack LM; Bertrand C; Hilton R; Gray NJ; Boyar L; Laudie J; Heifets BD; Suppes T; van Roessel PJ,candidate_paper_corpus | disorder:paper_library
131,10.1002/npr2.70038,PRO-LAD,Bipolar depression,Nonresponse to Ketamine in Treatment-Resistant Bipolar Depression.,2025,Kachlik Z; Cubała WJ; Walaszek M; Pastuszak M; Pastuszak K; Kwaśny A,candidate_paper_corpus | disorder:paper_library | disorder:stubs
132,10.1001/jamapsychiatry.2024.4789,PRO-LAD,Alcohol use disorder,Once-Weekly Semaglutide in Adults With Alcohol Use Disorder: A Randomized Clinical Trial.,2025,Hendershot CS; Bremmer MP; Paladino MB; Kostantinis G; Gilmore TA; Sullivan NR; Tow AC; Dermody SS; Prince MA; Jordan R,candidate_paper_corpus | disorder:paper_library
133,10.1007/s12325-025-03124-8,PRO-LAD,Tobacco use disorder,Onset and Long-Term Maintenance of Optimal Itch Response in Adult Patients with Moderate-to-Severe Atopic Dermatitis Treated with Dupilumab: Post Hoc Analysis from Two Phase 3 Trials.,2025,Ständer S; Yosipovitch G; Simpson EL; Kim BS; Kabashima K; Thaçi D; Metz M; Chen Z; Hagen S; Bastian M,candidate_paper_corpus | disorder:paper_library
134,10.1002/14651858.cd013672.pub2,PRO-LAD,Opioid use disorder,Opioid agonist therapy for opioid use disorder in primary versus specialty care.,2025,Perry D; Kirkwood JE; Doroshuk ML; Kelmer M; Korownyk CS; Ton J; Garrison SR,candidate_paper_corpus | disorder:paper_library
137,10.1002/erv.3183,PRO-LAD,Eating disorders,Personality Functioning in Inpatients With Eating Disorders: Association With Symptom Severity and Treatment Outcome.,2025,Heinzmann S; Etzler S; Hartmann A; Klein EM; Herpertz S; Pape M; Heinzmann S; Doering S; Hofmann T; Rose M,candidate_paper_corpus | disorder:paper_library
138,10.2147/dddt.s550371,PRO-LAD,Complex post-traumatic stress disorder,Pharmacological Management of Post-Traumatic Stress Disorder; A Qualitative Analysis of ClinicalTrials.gov.,2025,Alorfi NM,candidate_paper_corpus | disorder:paper_library
141,10.1002/14651858.cd008940.pub4,PRO-LAD,Cannabis use disorder,Pharmacotherapies for cannabis use disorder.,2025,Spiga F; Parkhouse T; Tang VM; Savović J; Le Foll B; Nielsen S,candidate_paper_corpus | disorder:paper_library | disorder:stubs
142,10.1037/pha0000813,PRO-LAD,Cocaine use disorder,Polysubstance use patterns and risk behaviors among people with cocaine use disorder.,2025,Ferretti ML; Regnier SD; Irons JG; Stoops WW,candidate_paper_corpus | disorder:paper_library
147,10.1080/20008066.2025.2474375,PRO-LAD,Persistent depressive disorder,Protocol MelatoSom-Kids-PTSD: sleep disturbances in children and adolescents with post-traumatic stress disorder (PTSD) - a randomized double-blind placebo-controlled trial to investigate the efficacy of paediatric prolonged-release melatonin.,2025,Rolling J; Reynaud E; Mengin AC; Zanfonato T; Bourgin P; Schroder CM,candidate_paper_corpus | disorder:paper_library
148,10.1371/journal.pmed.1004519,PRO-LAD,Demoralization,Psilocybin-assisted group psychotherapy and mindfulness-based stress reduction for frontline healthcare provider COVID-19-related depression and burnout: A randomized controlled trial.,2025,Lewis BR; Hendrick J; Byrne K; Odette M; Wu C; Garland EL,candidate_paper_corpus | disorder:curated | disorder:paper_library
149,10.1016/j.genhosppsych.2025.08.001,PRO-LAD,Demoralization,Psilocybin-assisted psychotherapy for depression and anxiety associated with life threatening illness: A phase 2b randomized controlled trial.,2025,Ross ML; Iyer R; Williams ML; Boughey M; O'Callaghan C; Hiscock R; Dwyer J,candidate_paper_corpus | disorder:curated | disorder:paper_library
150,10.1111/add.16762,PRO-LAD,Tobacco use disorder,Psychedelic-assisted treatment for substance use disorder: A narrative systematic review.,2025,Piper T; Small F; Brown S; Kelleher M; Mitcheson L; Rucker J; Young AH; Marsden J,candidate_paper_corpus | disorder:exploratory | disorder:paper_library | disorder:stubs
154,10.1176/appi.ajp.20240294,PRO-LAD,Obsessive-compulsive disorder,Randomized Controlled Trial of the Effects of High-Dose Ondansetron on Clinical Symptoms and Brain Connectivity in Obsessive-Compulsive and Tic Disorders.,2025,Stern ER; Collins KA; Bragdon LB; Eng GK; Recchia N; Coffey BJ; Leibu E; Murrough JW; Tobe RH; Iosifescu DV,candidate_paper_corpus | disorder:paper_library
156,10.1016/j.cct.2025.107954,PRO-LAD,Cocaine use disorder,"Randomized, placebo-controlled trial of injectable extended-release naltrexone and injectable extended-release buprenorphine for cocaine use disorder (CURB-2): Study rationale and design.",2025,Trivedi MH; Kalmin MM; Carmody T; Chongsi EM; Ghitza UE; Jha MK; Mayes TL; Casey-Willingham A; Sethuram S; Marino EN,candidate_paper_corpus | disorder:paper_library
158,10.1016/j.psychres.2025.116691,PRO-LAD,Persistent depressive disorder,Real world effectiveness of maintenance ketamine infusions for treatment-resistant depression in major depressive disorder and bipolar disorder.,2025,Haikazian S; McIntyre RS; Meshkat S; Kratiuk K; Llach CD; Orsini DK; Di Luch SD; Rosenblat JD,disorder:paper_library
159,10.3389/fpubh.2025.1506412,PRO-LAD,Substance use disorder,Recovery housing for substance use disorder: a systematic review.,2025,Vilsaint CL; Tansey AG; Hennessy EA; Eddie D; Hoffman LA; Kelly JF,candidate_paper_corpus | disorder:paper_library
160,10.1055/a-2529-7029,PRO-LAD,Major depressive disorder,Regulatory Alignment of Psilocybin Clinical Trials in Major Depressive Disorder on ClinicalTrials.gov: A Cross-Sectional Analysis.,2025,Swieczkowski D; Kwaśny A; Pruc M; Gaca Z; Szarpak L; Cubała WJ,candidate_paper_corpus | disorder:paper_library | disorder:stubs
162,10.1038/s41386-024-02044-5,PRO-LAD,Treatment-resistant depression,Relative effectiveness of antidepressant treatments in treatment-resistant depression: a systematic review and network meta-analysis of randomized controlled trials.,2025,Saelens J; Gramser A; Watzal V; Zarate CA Jr; Lanzenberger R; Kraus C,candidate_paper_corpus | disorder:paper_library
166,10.1001/jama.2025.13481,PRO-LAD,Generalized anxiety disorder,Single Treatment With MM120 (Lysergide) in Generalized Anxiety Disorder: A Randomized Clinical Trial.,2025,Robison R; Barrow R; Conant C; Foster E; Freedman JM; Jacobsen PL; Jemison J; Karas SM; Karlin DR; Solomon TM,candidate_paper_corpus | disorder:paper_library
167,10.1016/j.jad.2024.09.133,PRO-LAD,Treatment-resistant depression,Single-dose psilocybin for U.S. military Veterans with severe treatment-resistant depression - A first-in-kind open-label pilot study.,2025,Ellis S; Bostian C; Feng W; Fischer E; Schwartz G; Eisen K; Lean M; Conlan E; Ostacher M; Aaronson S,disorder:paper_library
168,10.1016/j.cct.2025.107924,PRO-LAD,Eating disorders,"Study protocol for a randomized, placebo-controlled, double-masked mechanistic clinical trial of transdermal estrogen replacement in hypoestrogenic eating disorders to explore the role of estrogen on cognitive flexibility and reward processing.",2025,Breithaupt L; Slattery M; Lauze M; Petterway F; Lindman L; Cravitz M; Naticchia S; Seenivasa S; Powers M; Javaras KN,candidate_paper_corpus | disorder:paper_library
173,10.1016/j.arr.2025.102710,PRO-LAD,Treatment-resistant depression,Systematic review of clinical effectiveness of interventions for treatment resistant late-life depression.,2025,Pozuelo Moyano B; Gomez Bautista D; Porras Ibarra KJ; Mueller C; von Gunten A; Vandel P; Ranjbar S; Howard R; Young AH; Stewart R,candidate_paper_corpus | disorder:paper_library
181,10.1017/s0033291725001023,PRO-LAD,Bipolar depression,The clinical efficacy of psychological interventions for bipolar depression: a systematic review and individual patient data (IPD) meta-analysis.,2025,Yilmaz S; Huguet A; Kisely S; Rao S; Wang J; Price M; Morriss R; Inder M; Perich T; Wright K,candidate_paper_corpus | disorder:paper_library
183,10.1038/s41386-025-02128-w,PRO-LAD,Post-traumatic stress disorder,"The efficacy of elevating anandamide via inhibition of fatty acid amide hydrolase (FAAH) combined with internet-delivered cognitive behavioral therapy in the treatment of post-traumatic stress disorder: a randomized, placebo-controlled clinical trial.",2025,Mayo LM; Gauffin E; Petrie GN; Tansey R; Mazurka R; Haggarty CJ; Jones MR; Engelbrektsson H; Aminoff V; Hühne-Landgraf A,candidate_paper_corpus | disorder:paper_library
191,10.1016/j.psychres.2025.116446,PRO-LAD,Opioid use disorder,The therapeutic effects of psychedelics for opioid use disorder: A systematic review of clinical studies.,2025,Weleff J; Pulido-Saavedra A; Aghaei AM; Ing K; Arakelian M; Fontenele R; Nero N; Barnett BS; Anand A; Bassir Nia A,candidate_paper_corpus | disorder:paper_library
194,10.1097/hc9.0000000000000686,PRO-LAD,Alcohol use disorder,Treatment of alcohol use disorder in alcohol-associated liver disease: A meta-analysis.,2025,Singal AK; Zhang W; Shetty A; Patel A; Mohammed S; Bhandari P; Abdallah M; Vatsalya V; Leggio L; Kong M,candidate_paper_corpus | disorder:paper_library
195,10.1136/bmjopen-2024-092032,PRO-LAD,Methamphetamine use disorder,Trial protocol of an open-label pilot study of oral naltrexone-bupropion combination pharmacotherapy for the treatment of methamphetamine use disorder (the NABU trial).,2025,Siefried KJ; Acheson L; Clifford B; Moller C; Brett J; Christmass M; Dunlop AJ; Haber PS; Jutras-Aswad D; Lintzeris N,candidate_paper_corpus | disorder:paper_library
197,10.1007/s11916-024-01314-7,PRO-LAD,Cluster headache,Update on Neuromodulation for Migraine and Other Primary Headache Disorders: Recent Advances and New Indications.,2025,Cocores AN; Smirnoff L; Greco G; Herrera R; Monteith TS,candidate_paper_corpus | disorder:paper_library
200,10.1038/s41398-025-03553-7,PRO-LAD,Methamphetamine use disorder,Virtual reality-based cue exposure therapy reduces psychological craving in men with methamphetamine use disorder: a randomized controlled trial.,2025,Huang Q; Chen X; Wang X; Tang Y; Wang W; Chao L; Nie Y; Peng S; Zhao L; Shen H,candidate_paper_corpus | disorder:paper_library
201,10.1177/29767342241265929,PRO-LAD,Tobacco use disorder,Yoga and Physical Therapy for Chronic Pain and Opioid Use Disorder Onsite in an Opioid Treatment Program: A Randomized Controlled Trial.,2025,Groeger JL; Perez HR; Moonaz S; Bartels MN; Rand S; Ghiroli MM; Zhang C; Bao Y; Gabbay V; Estremera GV,candidate_paper_corpus | disorder:paper_library
205,10.1017/neu.2024.32,PRO-LAD,Major depressive disorder,"A double-blind, placebo-controlled, randomised withdrawal study of adjunctive brexpiprazole maintenance treatment for major depressive disorder.",2024,McIntyre RS; Sundararajan K; Behl S; Hefting N; Jin N; Brewer C; Hobart M; Thase ME,candidate_paper_corpus | disorder:paper_library
206,10.1186/s13063-024-08238-y,PRO-LAD,Methamphetamine use disorder,A phase 3 randomised double-blind placebo-controlled trial of mirtazapine as a pharmacotherapy for methamphetamine use disorder: a study protocol for the Tina Trial.,2024,McKetin R; Degan TJ; Saunders L; Nguyen L; Dore G; Shoptaw S; Farrell M; Degenhardt L; Kelly PJ; Turner A,candidate_paper_corpus | disorder:paper_library
208,10.1038/s41598-023-49761-3,PRO-LAD,Chronic pain,A systematic review and network meta-analysis of pharmaceutical interventions used to manage chronic pain.,2024,Shetty A; Delanerolle G; Cavalini H; Deng C; Yang X; Boyd A; Fernandez T; Phiri P; Bhaskar A; Shi JQ,candidate_paper_corpus | disorder:paper_library
209,10.1177/03331024241291597,PRO-LAD,Cluster headache,ANODYNE study: A double-blind randomized trial of greater occipital nerve block of methylprednisolone and lignocaine versus placebo as a transitional preventive treatment for episodic cluster headache.,2024,Chowdhury D; Kordcal SR; Nagane R; Duggal A,candidate_paper_corpus | disorder:paper_library
210,10.1002/wps.21203,PRO-LAD,Post-traumatic stress disorder,Absolute and relative outcomes of psychotherapies for eight mental disorders: a systematic review and meta-analysis.,2024,Cuijpers P; Miguel C; Ciharova M; Harrer M; Basic D; Cristea IA; de Ponti N; Driessen E; Hamblen J; Larsen SE,candidate_paper_corpus | disorder:paper_library
212,10.1001/jamainternmed.2024.3422,PRO-LAD,Opioid use disorder,Addiction Consultation Services for Opioid Use Disorder Treatment Initiation and Engagement: A Randomized Clinical Trial.,2024,McNeely J; Wang SS; Rostam Abadi Y; Barron C; Billings J; Tarpey T; Fernando J; Appleton N; Fawole A; Mazumdar M,candidate_paper_corpus | disorder:paper_library
216,10.1002/eat.24187,PRO-LAD,Eating disorders,Advancing randomized controlled trial methodologies: The place of innovative trial design in eating disorders research.,2024,Ryan EG; Gao CX; Grantham KL; Thao LTP; Charles-Nelson A; Bowden R; Herschtal A; Lee KJ; Forbes AB; Heritier S,candidate_paper_corpus | disorder:paper_library
217,10.1007/s00432-024-05655-z,PRO-LAD,Demoralization,"An investigation of the effect of mindfulness-integrated cognitive behavior therapy on demoralization, body image, and sexual function in Iranian women with breast cancer: a randomized controlled trial.",2024,Soleymani Moghadam M; Parvizifard A; Foroughi A; Ahmadi SM; Farshchian N,candidate_paper_corpus | disorder:paper_library
218,10.1016/j.molmed.2024.01.002,PRO-LAD,Anorexia nervosa,"Anorexia nervosa: diagnostic, therapeutic, and risk biomarkers in clinical practice.",2024,Himmerich H; Treasure J,candidate_paper_corpus | disorder:paper_library
225,10.1001/jamapsychiatry.2024.2349,PRO-LAD,Suicidal ideation,Brief Cognitive Behavioral Therapy for Suicidal Inpatients: A Randomized Clinical Trial.,2024,Diefenbach GJ; Lord KA; Stubbing J; Rudd MD; Levy HC; Worden B; Sain KS; Bimstein JG; Rice TB; Everhardt K,candidate_paper_corpus | disorder:paper_library
232,10.1089/can.2021.0156,PRO-LAD,Cannabis use disorder,Clinical Practice Guidelines for Cannabis and Cannabinoid-Based Medicines in the Management of Chronic Pain and Co-Occurring Conditions.,2024,Bell AD; MacCallum C; Margolese S; Walsh Z; Wright P; Daeninck PJ; Mandarino E; Lacasse G; Kaur Deol J; de Freitas L,candidate_paper_corpus | disorder:paper_library
233,10.3389/fpain.2024.1373528,PRO-LAD,Cluster headache,"Cluster headache: an update on clinical features, epidemiology, pathophysiology, diagnosis, and treatment.",2024,San-Juan D; Velez-Jimenez K; Hoffmann J; Martínez-Mayorga AP; Melo-Carrillo A; Rodríguez-Leyva I; García S; Collado-Ortiz MÁ; Chiquete E; Gudiño-Castelazo M,candidate_paper_corpus | disorder:paper_library
234,10.1016/j.jad.2023.10.008,PRO-LAD,Autism spectrum disorder,Cognitive behavioural therapy to improve social skills in children and adolescents with autism spectrum disorder: A meta-analysis of randomised controlled trials.,2024,You XR; Gong XR; Guo MR; Ma BX,candidate_paper_corpus
236,10.1186/s10194-024-01732-3,PRO-LAD,Cluster headache,Commentary on 2022 guidelines on clinical trial design in cluster headache and further suggestions.,2024,Medrea I; Tepper SJ; Wang D; Mathew PG; Burish M,candidate_paper_corpus | disorder:paper_library
242,10.1111/adb.13381,PRO-LAD,Cocaine use disorder,Cortical and subcortical microstructure integrity changes after repetitive transcranial magnetic stimulation therapy in cocaine use disorder and relates to clinical outcomes.,2024,Rasgado-Toledo J; Issa-Garcia V; Alcalá-Lozano R; Garza-Villarreal EA; González-Escamilla G,candidate_paper_corpus | disorder:paper_library
245,10.1371/journal.pone.0312695,PRO-LAD,Opioid use disorder,Data cleaning and harmonization of clinical trial data: Medication-assisted treatment for opioid use disorder.,2024,Balise RR; Hu MC; Calderon AR; Odom GJ; Brandt L; Luo SX; Feaster DJ,candidate_paper_corpus | disorder:paper_library
247,10.1210/clinem/dgae026,PRO-LAD,Persistent depressive disorder,Depressive Syndromes in Men With Hypogonadism in the TRAVERSE Trial: Response to Testosterone-Replacement Therapy.,2024,Bhasin S; Seidman S; Travison TG; Pencina KM; Lincoff AM; Nissen SE; Miller MG; Flevaris P; Li X; Wannemuehler KA,candidate_paper_corpus | disorder:paper_library
248,10.1016/j.conctc.2024.101333,PRO-LAD,Complex post-traumatic stress disorder,Design and methodology of the first open-label trial of MDMA-assisted therapy for veterans with post-traumatic stress disorder and alcohol use disorder: Considerations for a randomized controlled trial.,2024,Eaton E; Capone C; Gully BJ; Brown ZE; Monnig M; Worden MS; Swift RM; Haass-Koffler CL,candidate_paper_corpus | disorder:curated | disorder:exploratory | disorder:paper_library
253,10.1186/s13722-024-00481-7,PRO-LAD,Opioid use disorder,"Ecological momentary assessment and cue-elicited drug craving as primary endpoints: study protocol for a randomized, double-blind, placebo-controlled clinical trial testing the efficacy of a GLP-1 receptor agonist in opioid use disorder.",2024,Freet CS; Evans B; Brick TR; Deneke E; Wasserman EJ; Ballard SM; Stankoski DM; Kong L; Raja-Khan N; Nyland JE,candidate_paper_corpus | disorder:paper_library
255,10.1016/j.jaac.2023.05.031,PRO-LAD,Suicidal ideation,Effect of Repeated Intravenous Esketamine on Adolescents With Major Depressive Disorder and Suicidal Ideation: A Randomized Active-Placebo-Controlled Trial.,2024,Zhou Y; Lan X; Wang C; Zhang F; Liu H; Fu L; Li W; Ye Y; Hu Z; Chao Z,candidate_paper_corpus | disorder:curated | disorder:exploratory | disorder:paper_library
257,10.3390/medicina60122050,PRO-LAD,Post-traumatic stress disorder,Effectiveness of Meditation Techniques in Treating Post-Traumatic Stress Disorder: A Systematic Review and Meta-Analysis.,2024,Orme-Johnson DW; Barnes VA; Rees B; Tobin J; Walton KG,candidate_paper_corpus | disorder:paper_library
258,10.1093/ntr/ntad143,PRO-LAD,Nicotine dependence,"Effects of Nicotine Content and Preferred Flavor on Subjective Responses to E-cigarettes: A Randomized, Placebo-controlled Laboratory Study.",2024,Bremmer MP; Campbell AM; Xia K; Tarran R; Girdler SS; Hendershot CS,candidate_paper_corpus | disorder:paper_library
260,10.1371/journal.pone.0299797,PRO-LAD,Tobacco use disorder,Effects of brief mindfulness training on smoking cue-reactivity in tobacco use disorder: Study protocol for a randomized controlled trial.,2024,Cheng L; Luo M; Ge J; Fu Y; Gan Q; Chen Z,candidate_paper_corpus | disorder:paper_library
264,10.1080/20008066.2024.2342739,PRO-LAD,Post-traumatic stress disorder,Efficacy and acceptability of music therapy for post-traumatic stress disorder: a systematic review and meta-analysis of randomized controlled trials.,2024,Ma YM; Yuan MD; Zhong BL,candidate_paper_corpus | disorder:paper_library
266,10.1016/j.psychres.2024.116018,PRO-LAD,Treatment-resistant depression,Efficacy and safety of eight enhanced therapies for treatment-resistant depression: A systematic review and network meta-analysis of RCTs.,2024,Guo Q; Guo L; Wang Y; Shang S,candidate_paper_corpus | disorder:paper_library
267,10.1177/03331024231226181,PRO-LAD,Cluster headache,Efficacy and safety of galcanezumab as chronic cluster headache preventive treatment under real world conditions: Observational prospective study.,2024,Lamas Pérez R; Millán-Vázquez M; González-Oria C,candidate_paper_corpus | disorder:paper_library
273,10.1007/s00431-024-05762-6,PRO-LAD,Autism spectrum disorder,"Efficacy of oral folinic acid supplementation in children with autism spectrum disorder: a randomized double-blind, placebo-controlled trial.",2024,Panda PK; Sharawat IK; Saha S; Gupta D; Palayullakandi A; Meena K,candidate_paper_corpus | disorder:paper_library
275,10.1080/14728214.2024.2342951,PRO-LAD,Alcohol use disorder,Emerging drugs in phase II and III clinical development for the treatment of alcohol use disorder.,2024,Köhne S; Hillemacher T; Glahn A; Bach P,candidate_paper_corpus | disorder:paper_library
276,10.1001/jamanetworkopen.2024.15842,PRO-LAD,Complex post-traumatic stress disorder,Emotional Awareness and Expression Therapy vs Cognitive Behavioral Therapy for Chronic Pain in Older Veterans: A Randomized Clinical Trial.,2024,Yarns BC; Jackson NJ; Alas A; Melrose RJ; Lumley MA; Sultzer DL,candidate_paper_corpus | disorder:paper_library
278,10.1007/s40290-024-00526-x,PRO-LAD,Alcohol use disorder,Endpoints for Pharmacotherapy Trials for Alcohol Use Disorder.,2024,Belnap MA; McManus KR; Grodin EN; Ray LA,candidate_paper_corpus | disorder:paper_library
279,10.1002/eat.24050,PRO-LAD,Anorexia nervosa,Enriching a randomized controlled treatment trial for anorexia nervosa by lived experience-Chances and effects of a lived experience council in the SUSTAIN study.,2024,Giel KE; Bremer J; Rieß-Stumm S; Gregg B; Fritz A; Klemm I; Daugelat MC; Schag K; SUSTAIN Study Group,candidate_paper_corpus | disorder:paper_library
282,10.47626/2237-6089-2021-0396,PRO-LAD,Cannabis use disorder,"Evaluation of the efficacy and safety of cannabidiol-rich cannabis extract in children with autism spectrum disorder: randomized, double-blind, and placebo-controlled clinical trial.",2024,Silva EAD Junior; Medeiros WMB; Santos JPMD; Sousa JMM; Costa FBD; Pontes KM; Borges TC; Espínola C Neto Segundo; Andrade E Silva AH; Nunes ELG,candidate_paper_corpus | disorder:paper_library
283,10.1002/eat.24121,PRO-LAD,Anorexia nervosa,Every mistake is a treasure: Lessons learned from the TRIANGLE trial for anorexia nervosa.,2024,Ambwani S; Coull E; Cardi V; Rowlands K; Treasure J,candidate_paper_corpus | disorder:paper_library
284,10.1177/10870547241264675,PRO-LAD,Stimulant use disorder,"Extended-Release Mixed Amphetamine Salts for Comorbid Adult Attention-Deficit/Hyperactivity Disorder and Cannabis Use Disorder: A Pilot, Randomized Double-Blind, Placebo-Controlled Trial.",2024,Levin FR; Mariani JJ; Pavlicova M; Choi CJ; Basaraba C; Mahony AL; Brooks DJ; Brezing CA; Naqvi N,candidate_paper_corpus | disorder:paper_library
285,10.1038/s41591-024-03063-x,PRO-LAD,Treatment-resistant depression,Extended-release ketamine tablets for treatment-resistant depression: a randomized placebo-controlled phase 2 trial.,2024,Glue P; Loo C; Fam J; Lane HY; Young AH; Surman P; BEDROC study investigators,candidate_paper_corpus | disorder:curated | disorder:paper_library | disorder:stubs
289,10.1111/bjc.12454,PRO-LAD,Persistent depressive disorder,Identifying predictors of a favourable outcome for outpatients with a persistent depressive disorder treated with Cognitive Behavioural Analysis System of Psychotherapy: A prospective cohort study.,2024,Dean JA; Eldering MJ; Schoevers RA; van Driel CMG,candidate_paper_corpus | disorder:paper_library
290,10.1002/eat.24196,PRO-LAD,Anorexia nervosa,Illness duration and treatment outcome of intensive cognitive-behavioral therapy in adolescents with anorexia nervosa.,2024,Calugi S; Dalle Grave A; Chimini M; Lorusso A; Dalle Grave R,candidate_paper_corpus | disorder:paper_library
293,10.1097/j.pain.0000000000003130,PRO-LAD,Cluster headache,Induction of cluster headache after opening of adenosine triphosphate-sensitive potassium channels: a randomized clinical trial.,2024,Al-Khazali HM; Deligianni CI; Pellesi L; Al-Karagholi MA; Ashina H; Chaudhry BA; Petersen AS; Jensen RH; Amin FM; Ashina M,candidate_paper_corpus | disorder:paper_library
294,10.1016/j.beth.2023.08.005,PRO-LAD,Social anxiety disorder,Internet-Based Versus Face-to-Face Cognitive-Behavioral Therapy for Social Anxiety Disorder: A Randomized Control Trial.,2024,Soleimani Rad H; Goodarzi H; Bahrami L; Abolghasemi A,candidate_paper_corpus | disorder:paper_library
297,10.1177/02698811241227026,PRO-LAD,Persistent depressive disorder,Ketamine for treatment-resistant major depressive disorder: Double-blind active-controlled crossover study.,2024,Glue P; Neehoff S; Beaglehole B; Shadli S; McNaughton N; Hughes-Medlicott NJ,candidate_paper_corpus | disorder:curated | disorder:paper_library | disorder:stubs
298,10.1002/erv.3079,PRO-LAD,Eating disorders,Let's get aligned! Developing a core outcome set for clinical trials in eating disorders.,2024,Brieva-Toloza AV; Hovmand OR; Micali N; Christensen AB,candidate_paper_corpus | disorder:paper_library
303,10.1002/npr2.12485,PRO-LAD,Post-traumatic stress disorder,MDMA-assisted psychotherapy for the treatment of PTSD: A systematic review and meta-analysis of randomized controlled trials (RCTs).,2024,Shahrour G; Sohail K; Elrais S; Khan MH; Javeid J; Samdani K; Mansoor H; Hussain SI; Sharma D; Ehsan M,candidate_paper_corpus | disorder:exploratory | disorder:paper_library | disorder:stubs
305,10.1097/hep.0000000000000570,PRO-LAD,Alcohol use disorder,Medications for alcohol use disorder promote abstinence in alcohol-associated cirrhosis: Results from a systematic review and meta-analysis.,2024,Gratacós-Ginès J; Bruguera P; Pérez-Guasch M; López-Lazcano A; Borràs R; Hernández-Évole H; Pons-Cabrera MT; Lligoña A; Bataller R; Ginès P,candidate_paper_corpus | disorder:paper_library
308,10.1037/pha0000676,PRO-LAD,Cocaine use disorder,Mixed amphetamine salts-extended release (MAS-ER) as a behavioral treatment augmentation strategy for cocaine use disorder: A randomized clinical trial.,2024,Carpenter KM; Choi CJ; Basaraba C; Pavlicova M; Brooks DJ; Brezing CA; Bisaga A; Nunes EV; Mariani JJ; Levin FR,candidate_paper_corpus | disorder:paper_library
322,10.1017/s0033291723001514,LSA,Major depressive disorder,Personality change in a trial of psilocybin therapy v. escitalopram treatment for depression.,2024,Weiss B; Ginige I; Shannon L; Giribaldi B; Murphy-Beiner A; Murphy R; Baker-Jones M; Martell J; Nutt DJ; Carhart-Harris RL,candidate_paper_corpus | disorder:curated | disorder:paper_library
323,10.3390/nu16050594,PRO-LAD,Eating disorders,Pharmacological Studies in Eating Disorders: A Historical Review.,2024,Lewis YD; Bergner L; Steinberg H; Bentley J; Himmerich H,candidate_paper_corpus | disorder:paper_library
326,10.1016/j.sleep.2024.05.032,PRO-LAD,Post-traumatic stress disorder,Pharmacotherapy for sleep disturbances in post-traumatic stress disorder (PTSD): A network meta-analysis.,2024,Lappas AS; Glarou E; Polyzopoulou ZA; Goss G; Huhn M; Samara MT; Christodoulou NG,candidate_paper_corpus | disorder:paper_library
329,10.1016/j.drugalcdep.2024.112424,PRO-LAD,Substance use disorder,Potential role of glucagon-like peptide-1 (GLP-1) receptor agonists in substance use disorder: A systematic review of randomized trials.,2024,Martinelli S; Mazzotta A; Longaroni M; Petrucciani N,candidate_paper_corpus | disorder:paper_library
330,10.1002/eat.24209,PRO-LAD,Eating disorders,Pragmatic clinical trials to advance research in children and adolescents with eating disorders.,2024,Norris ML; Spettigue W; Obeid N,candidate_paper_corpus | disorder:paper_library
333,10.1111/add.16347,PRO-LAD,Methamphetamine use disorder,Prescription psychostimulants for the treatment of amphetamine-type stimulant use disorder: A systematic review and meta-analysis of randomized placebo-controlled trials.,2024,Sharafi H; Bakouni H; McAnulty C; Drouin S; Coronado-Montoya S; Bahremand A; Bach P; Ezard N; Le Foll B; Schütz CG,candidate_paper_corpus | disorder:paper_library
337,10.1002/cncr.35010,PRO-LAD,Demoralization,Psilocybin-assisted group therapy in patients with cancer diagnosed with a major depressive disorder.,2024,Agrawal M; Richards W; Beaussant Y; Shnayder S; Ameli R; Roddy K; Stevens N; Richards B; Schor N; Honstein H,candidate_paper_corpus | disorder:curated | disorder:paper_library | disorder:stubs
338,10.21037/apm-24-35,PRO-LAD,Demoralization,Psilocybin-assisted psychotherapy for existential distress: practical considerations for therapeutic application-a review.,2024,Kim A; Halton B; Shah A; Seecof OM; Ross S,candidate_paper_corpus | disorder:paper_library | disorder:stubs
339,10.1016/j.medj.2024.01.005,PRO-LAD,Treatment-resistant depression,Psilocybin-assisted psychotherapy for treatment resistant depression: A randomized clinical trial evaluating repeated doses of psilocybin.,2024,Rosenblat JD; Meshkat S; Doyle Z; Kaczmarek E; Brudner RM; Kratiuk K; Mansur RB; Schulz-Quach C; Sethi R; Abate A,benchmark_manifest | candidate_paper_corpus | disorder:curated | disorder:exploratory | disorder:paper_library
340,10.1002/14651858.cd015383.pub2,PRO-LAD,Distress associated with life-threatening disease,"Psychedelic-assisted therapy for treating anxiety, depression, and existential distress in people with life-threatening diseases.",2024,Schipper S; Nigam K; Schmid Y; Piechotta V; Ljuslin M; Beaussant Y; Schwarzer G; Boehlke C,candidate_paper_corpus | disorder:curated | disorder:paper_library
341,10.1093/ijnp/pyae057,PRO-LAD,Obsessive-compulsive disorder,Psychedelics for the Treatment of Obsessive-Compulsive Disorder: Efficacy and Proposed Mechanisms.,2024,Collins HM,candidate_paper_corpus | disorder:curated | disorder:paper_library | disorder:stubs | mechanistic:paper_library
344,10.1080/07853890.2024.2381696,PRO-LAD,Post-traumatic stress disorder,Psychotherapeutic and pharmacological agents for post-traumatic stress disorder with sleep disorder: network meta-analysis.,2024,Huang CY; Zhao YF; Zhang ZX; Liu RB; Liu JL; Li XZ; Luo J; Yue L; Zhang C,candidate_paper_corpus | disorder:paper_library
345,10.1001/jamapsychiatry.2023.3971,PRO-LAD,Generalized anxiety disorder,Psychotherapies for Generalized Anxiety Disorder in Adults: A Systematic Review and Network Meta-Analysis of Randomized Clinical Trials.,2024,Papola D; Miguel C; Mazzaglia M; Franco P; Tedeschi F; Romero SA; Patel AR; Ostuzzi G; Gastaldon C; Karyotaki E,candidate_paper_corpus | disorder:paper_library
347,10.1007/s00213-023-06452-1,PRO-LAD,Social anxiety disorder,Randomized controlled trial of propranolol on social communication and anxiety in children and young adults with autism spectrum disorder.,2024,Beversdorf DQ; Ferguson B; Hunter S; Hirst K; Lolli B; Bellesheim KR; Barton AU; Muckerman J; Takahashi N; Selders K,candidate_paper_corpus | disorder:paper_library
348,10.1186/s12888-024-05716-0,PRO-LAD,Treatment-resistant depression,Rapid and sustained antidepressant effects of intravenous ketamine in treatment-resistant major depressive disorder and suicidal ideation: a randomized clinical trial.,2024,Zolghadriha A; Anjomshoaa A; Jamshidi MR; Taherkhani F,candidate_paper_corpus | disorder:curated | disorder:paper_library | disorder:stubs
349,10.1016/s1474-4422(24)00143-1,PRO-LAD,Cluster headache,"Recent advances in diagnosing, managing, and understanding the pathophysiology of cluster headache.",2024,Petersen AS; Lund N; Goadsby PJ; Belin AC; Wang SJ; Fronczek R; Burish M; Cho SJ; Peres MFP; Jensen RH,candidate_paper_corpus
350,10.1037/ccp0000849,PRO-LAD,Suicidal ideation,Reducing suicidal ideation in African American adolescents: A randomized controlled clinical trial.,2024,Robinson WL; Whipple CR; Keenan K; Flack CE; Lemke S; Jason LA,candidate_paper_corpus | disorder:paper_library
352,10.1002/14651858.cd015040.pub2,PRO-LAD,Post-traumatic stress disorder,Repetitive transcranial magnetic stimulation for post-traumatic stress disorder in adults.,2024,Brown R; Cherian K; Jones K; Wickham R; Gomez R; Sahlem G,candidate_paper_corpus | disorder:paper_library
354,10.1016/j.drugalcdep.2023.111063,PRO-LAD,Cocaine use disorder,"Results of a randomized, double-blind, placebo-controlled trial of lorcaserin in cocaine use disorder.",2024,McCann DJ; Chen HH; Devine EG; Gyaw S; Ramey T,candidate_paper_corpus | disorder:paper_library
356,10.1002/mds.29768,PRO-LAD,Cannabis use disorder,Short-Term Cannabidiol with Δ-9-Tetrahydrocannabinol in Parkinson's Disease: A Randomized Trial.,2024,Liu Y; Bainbridge J; Sillau S; Rajkovic S; Adkins M; Domen CH; Thompson JA; Seawalt T; Klawitter J; Sempio C,candidate_paper_corpus | disorder:paper_library
357,10.1001/jamanetworkopen.2024.48405,PRO-LAD,Opioid use disorder,Smartphone App-Based Contingency Management and Opioid Use Disorder Treatment Outcomes.,2024,Marino EN; Karns-Wright T; Perez MC; Potter JS,candidate_paper_corpus | disorder:paper_library
361,10.1001/jamapediatrics.2024.2851,PRO-LAD,Binge-eating disorder,"Symptoms of Depression, Eating Disorders, and Binge Eating in Adolescents With Obesity: The Fast Track to Health Randomized Clinical Trial.",2024,Jebeile H; Baur LA; Kwok C; Alexander S; Brown J; Collins CE; Cowell CT; Day K; Garnett SP; Gow ML,candidate_paper_corpus | disorder:paper_library
364,10.1186/s12888-024-05607-4,PRO-LAD,Social anxiety disorder,The Bergen 4-day treatment for social anxiety disorder: a pilot study.,2024,Hansen B; Eide TO; Reiråskag MA; Tjelle KA; Solem S; Hagen K,candidate_paper_corpus | disorder:paper_library
365,10.3390/curroncol31070306,PRO-LAD,Demoralization,The Effect of Oncology Nurse Navigation on Mental Health in Patients with Cancer in Taiwan: A Randomized Controlled Clinical Trial.,2024,Yu WZ; Wang HF; Lin YK; Liu YL; Yen Y; Whang-Peng J; Huang TW; Chang HJ,candidate_paper_corpus | disorder:paper_library
367,10.1186/s13063-024-08033-9,PRO-LAD,Persistent depressive disorder,"The clinical effectiveness of a self-management intervention for patients with persistent depressive disorder and their partners/caregivers: results from a multicenter, pragmatic randomized controlled trial.",2024,Solis EC; Carlier IVE; Kamminga NGA; Giltay EJ; van Hemert AM,candidate_paper_corpus | disorder:paper_library
369,10.1016/j.jad.2024.08.183,PRO-LAD,Bipolar depression,"The effect of intranasal (R,S)-ketamine on symptoms of fatigue in severe major depressive disorder or bipolar depression with and without comorbid alcohol use disorder: Results from a randomized, double-blind, placebo-controlled trial.",2024,Machado-Vieira R; Jones GH; Courtes AC; Ruiz AC; Vecera CM; Henter ID; Lane SD; Zarate CA Jr; Soares JC,candidate_paper_corpus | disorder:curated | disorder:exploratory | disorder:paper_library | disorder:stubs
371,10.1186/s13063-024-08018-8,PRO-LAD,Migraine,"The effect of selenium supplementation on oxidative stress, clinical symptoms and mental health status in patients with migraine: a study protocol for a double-blinded randomized clinical trial.",2024,Balali A; Sadeghi O; Anjom-Shoae J; Rouhani MH; Khorvash F; Askari G,candidate_paper_corpus | disorder:paper_library | disorder:stubs
373,10.1136/bmjopen-2024-087999,PRO-LAD,Bipolar depression,"The efficacy of valproate in acute mania, bipolar depression and maintenance therapy for bipolar disorder: an overview of systematic reviews with meta-analyses.",2024,Mari J; Dieckmann LHJ; Prates-Baldez D; Haddad M; Rodrigues da Silva N; Kapczinski F,candidate_paper_corpus | disorder:paper_library
377,10.1176/appi.ajp.20230666,PRO-LAD,Alcohol use disorder,Topiramate Versus Naltrexone for Alcohol Use Disorder: A Genotype-Stratified Double-Blind Randomized Controlled Trial.,2024,Morley KC; Kranzler HR; Luquin N; Jamshidi N; Adams C; Montebello M; Tremonti C; Dali G; Logge W; Baillie A,candidate_paper_corpus | disorder:paper_library
378,10.1111/add.16610,PRO-LAD,Methamphetamine use disorder,Trajectories of craving in the course of pharmacotherapy trials for methamphetamine use disorder.,2024,Mojtabai R; Susukida R; Farokhnia M; Nguyen TQ; Dunn KE; Amin-Esmaeili M,candidate_paper_corpus | disorder:paper_library
391,10.1089/cap.2023.0004,PRO-LAD,Generalized anxiety disorder,"A Multicenter Double-Blind, Placebo-Controlled Trial of Escitalopram in Children and Adolescents with Generalized Anxiety Disorder.",2023,Strawn JR; Moldauer L; Hahn RD; Wise A; Bertzos K; Eisenberg B; Greenberg E; Liu C; Gopalkrishnan M; McVoy M,candidate_paper_corpus | disorder:paper_library
393,10.1016/j.pscychresns.2023.111634,PRO-LAD,Persistent depressive disorder,A randomized controlled trial of desvenlafaxine-induced structural brain changes in the treatment of persistent depressive disorder.,2023,Bansal R; Hellerstein DJ; Sawardekar S; Chen Y; Peterson BS,candidate_paper_corpus | disorder:paper_library
394,10.1097/md.0000000000035521,PRO-LAD,Generalized anxiety disorder,"A standardized Ashwagandha root extract alleviates stress, anxiety, and improves quality of life in healthy adults by modulating stress hormones: Results from a randomized, double-blind, placebo-controlled study.",2023,Majeed M; Nagabhushanam K; Mundkur L,candidate_paper_corpus | disorder:paper_library
396,10.1080/10826084.2022.2161317,PRO-LAD,Nicotine dependence,Acceptance and Commitment Therapy-Based Smartphone Applications for Cessation of Tobacco Use among Adults with High Nicotine Dependence: Results from the iCanQuit Randomized Trial.,2023,Santiago-Torres M; Mull KE; Sullivan BM; Rigotti NA; Bricker JB,candidate_paper_corpus | disorder:paper_library
398,10.1111/bdi.13310,PRO-LAD,Bipolar depression,Adjunctive lumateperone (ITI-007) in the treatment of bipolar depression: Results from a randomized placebo-controlled clinical trial.,2023,Suppes T; Durgam S; Kozauer SG; Chen R; Lakkis HD; Davis RE; Satlin A; Vanover KE; Mates S; McIntyre RS,candidate_paper_corpus | disorder:paper_library
403,10.1002/14651858.cd012557.pub3,PRO-LAD,Alcohol use disorder,Baclofen for alcohol use disorder.,2023,Agabio R; Saulle R; Rösner S; Minozzi S,candidate_paper_corpus | disorder:paper_library
404,10.1136/bmj-2022-072348,PRO-LAD,Cannabis use disorder,Balancing risks and benefits of cannabis use: umbrella review of meta-analyses of randomised controlled trials and observational studies.,2023,Solmi M; De Toffol M; Kim JY; Choi MJ; Stubbs B; Thompson T; Firth J; Miola A; Croatto G; Baggio F,candidate_paper_corpus | disorder:paper_library
408,10.1016/j.jbtep.2022.101799,PRO-LAD,Social anxiety disorder,Building Closer Friendships in social anxiety disorder: A randomized control trial of an internet-based intervention.,2023,Mueller NE; Cougle JR,candidate_paper_corpus | disorder:paper_library
409,10.1001/jamanetworkopen.2023.2278,PRO-LAD,Opioid use disorder,Bupropion Slow Release vs Placebo With Adaptive Incentives for Cocaine Use Disorder in Persons Receiving Methadone for Opioid Use Disorder: A Randomized Clinical Trial.,2023,Ware OD; Sweeney MM; Cunningham C; Umbricht A; Stitzer M; Dunn KE,candidate_paper_corpus | disorder:paper_library
410,10.1016/j.drugalcdep.2023.111018,PRO-LAD,Cannabis use disorder,Bupropion for treatment of amphetamine-type stimulant use disorder: A systematic review and meta-analysis of placebo-controlled randomized clinical trials.,2023,Bakouni H; Sharafi H; Bahremand A; Drouin S; Ziegler D; Bach P; Le Foll B; Schütz CG; Tardelli V; Ezard N,candidate_paper_corpus | disorder:paper_library
415,10.1016/j.jpsychires.2022.11.029,PRO-LAD,Cannabis use disorder,Cannabis use in Attention - Deficit/Hyperactivity Disorder (ADHD): A scoping review.,2023,Francisco AP; Lethbridge G; Patterson B; Goldman Bergmann C; Van Ameringen M,candidate_paper_corpus | disorder:paper_library
419,10.1097/jcp.0000000000001716,PRO-LAD,Obsessive-compulsive disorder,Clinical Recommendations for Augmentation Agents in Obsessive-Compulsive Disorder Partially Responsive to Serotonin Reuptake Inhibitors.,2023,Gautam M,candidate_paper_corpus | disorder:paper_library
420,10.1001/jamapsychiatry.2022.4020,PRO-LAD,Opioid use disorder,Clinical Trial Design Challenges and Opportunities for Emerging Treatments for Opioid Use Disorder: A Review.,2023,Kiluk BD; Kleykamp BA; Comer SD; Griffiths RR; Huhn AS; Johnson MW; Kampman KM; Pravetoni M; Preston KL; Vandrey R,candidate_paper_corpus | disorder:paper_library
421,10.1016/j.drugalcdep.2023.111030,PRO-LAD,Cocaine use disorder,"Cocaine abstinence during the ""critical period"" of a contingency management trial predicts future abstinence in people with cocaine use disorder.",2023,Regnier SD; Shellenberg TP; Koffarnus MN; Cox DH; Lile JA; Rush CR; Stoops WW,candidate_paper_corpus | disorder:paper_library
423,10.1002/eat.23975,PRO-LAD,Binge-eating disorder,Cognitive-behavioral therapy for binge-eating disorder for non-responders to initial acute treatments: Randomized controlled trial.,2023,Grilo CM; Lydecker JA; Gueorguieva R,candidate_paper_corpus | disorder:paper_library
424,10.1016/s2215-0366(23)00199-2,PRO-LAD,Bipolar depression,Comparative efficacy and tolerability of pharmacological interventions for acute bipolar depression in adults: a systematic review and network meta-analysis.,2023,Yildiz A; Siafis S; Mavridis D; Vieta E; Leucht S,candidate_paper_corpus | disorder:paper_library
425,10.1177/03331024221128273,PRO-LAD,Cluster headache,"Continuous positive airway pressure in cluster headache: A randomized, placebo-controlled, triple-blind, crossover study.",2023,Gravdahl GB; Aakerøy L; Stovner LJ; Engstrøm M; Müller KI; Bjørk MH; Tronvik E,candidate_paper_corpus | disorder:paper_library
426,10.1001/jama.2023.10042,PRO-LAD,Tobacco use disorder,Cytisinicline for Smoking Cessation: A Randomized Clinical Trial.,2023,Rigotti NA; Benowitz NL; Prochaska J; Leischow S; Nides M; Blumenstein B; Clarke A; Cain D; Jacobs C,candidate_paper_corpus | disorder:paper_library
438,10.1186/s12888-023-04756-2,PRO-LAD,Major depressive disorder,Effect of pharmacogenomics testing guiding on clinical outcomes in major depressive disorder: a systematic review and meta-analysis of RCT.,2023,Wang X; Wang C; Zhang Y; An Z,candidate_paper_corpus | disorder:paper_library
439,10.1136/bmjopen-2022-068652,PRO-LAD,Tobacco use disorder,"Effect of the GLP-1 receptor agonist semaglutide on metabolic disturbances in clozapine-treated or olanzapine-treated patients with a schizophrenia spectrum disorder: study protocol of a placebo-controlled, randomised clinical trial (SemaPsychiatry).",2023,Sass MR; Danielsen AA; Köhler-Forsberg O; Storgaard H; Knop FK; Nielsen MØ; Sjödin AM; Mors O; Correll CU; Ekstrøm C,candidate_paper_corpus | disorder:paper_library
440,10.1001/jamanetworkopen.2023.7099,PRO-LAD,Opioid use disorder,Effectiveness of Conditioned Open-label Placebo With Methadone in Treatment of Opioid Use Disorder: A Randomized Clinical Trial.,2023,Belcher AM; Cole TO; Massey E; Billing AS; Wagner M; Wooten W; Epstein DH; Hoag SW; Wickwire EM; Greenblatt AD,candidate_paper_corpus | disorder:paper_library
441,10.3390/nu15061415,PRO-LAD,Autism spectrum disorder,Effects of Probiotics on Autism Spectrum Disorder in Children: A Systematic Review and Meta-Analysis of Clinical Trials.,2023,He X; Liu W; Tang F; Chen X; Song G,candidate_paper_corpus | disorder:paper_library
444,10.1038/s41598-023-47931-x,PRO-LAD,Obsessive-compulsive disorder,Efficacy and safety of 5-hydroxytryptamine-3 (5-HT3) receptor antagonists in augmentation with selective serotonin reuptake inhibitors (SSRIs) in the treatment of moderate to severe obsessive-compulsive disorder: a systematic review and meta-analysis of randomized clinical trials.,2023,Eissazade N; Mosavari H; Eghdami S; Boroon M; Ashrafi F; Shalbafan M,candidate_paper_corpus | disorder:paper_library
445,10.1111/add.16209,PRO-LAD,Tobacco use disorder,"Efficacy and safety of combination behavioral activation for smoking cessation and varenicline for treating tobacco dependence among individuals with current or past major depressive disorder: A 2 × 2 factorial, randomized, placebo-controlled trial.",2023,Hitsman B; Papandonatos GD; Gollan JK; Huffman MD; Niaura R; Mohr DC; Veluz-Wilkins AK; Lubitz SF; Hole A; Leone FT,candidate_paper_corpus | disorder:paper_library
448,10.7334/psicothema2022.309,PRO-LAD,Post-traumatic stress disorder,Efficacy of EMDR in Post-Traumatic Stress Disorder: A Systematic Review and Meta-analysis of Randomized Clinical Trials.,2023,Rasines-Laudes P; Serrano-Pintado I,candidate_paper_corpus | disorder:paper_library
452,10.1016/j.josat.2023.208962,PRO-LAD,Stimulant use disorder,Exploring the mediating role of baseline urinalysis results on demographic characteristics and stimulant use disorder treatment outcomes.,2023,Smith CL; Miguel AQ; Keever A; Bowden T; Burduli E; Roll J; McPherson SM,candidate_paper_corpus | disorder:paper_library
460,10.1080/10826084.2023.2201851,PRO-LAD,Cocaine use disorder,Impulsivity and Treatment Outcomes in Individuals with Cocaine Use Disorder: Examining the Gap between Interest and Adherence.,2023,Luba R; Carpenter KM; Evans SM; Slonim J; Foltin RW,candidate_paper_corpus | disorder:paper_library
463,10.1080/20008066.2023.2260293,PRO-LAD,Post-traumatic stress disorder,Is adherence to dialectic behaviour therapy for post-traumatic stress disorder (PTSD) and cognitive processing therapy related to treatment outcome in PTSD after childhood abuse?,2023,Steil R; Weiss J; Müller-Engelmann M; Dittmann C; Priebe K; Kleindienst N; Fydrich T; Stangier U,candidate_paper_corpus | disorder:paper_library
467,10.1038/s41386-023-01577-5,PRO-LAD,Persistent depressive disorder,Long-term safety and maintenance of response with esketamine nasal spray in participants with treatment-resistant depression: interim results of the SUSTAIN-3 study.,2023,Zaki N; Chen LN; Lane R; Doherty T; Drevets WC; Morrison RL; Sanacora G; Wilkinson ST; Popova V; Fu DJ,candidate_paper_corpus | disorder:curated | disorder:paper_library | disorder:stubs
468,10.1038/s41591-023-02565-4,PRO-LAD,Post-traumatic stress disorder,"MDMA-assisted therapy for moderate to severe PTSD: a randomized, placebo-controlled phase 3 trial.",2023,Mitchell JM; Ot'alora G M; van der Kolk B; Shannon S; Bogenschutz M; Gelfand Y; Paleos C; Nicholas CR; Quevedo S; Balliett B,benchmark_manifest | candidate_paper_corpus | disorder:curated | disorder:paper_library | disorder:stubs
471,10.1177/03331024231196808,PRO-LAD,Cluster headache,Management of cluster headache: Treatments and their mechanisms.,2023,Peng KP; Burish MJ,candidate_paper_corpus | disorder:paper_library
479,10.1016/j.josat.2023.208987,PRO-LAD,Methamphetamine use disorder,Naltrexone plus bupropion reduces cigarette smoking in individuals with methamphetamine use disorder: A secondary analysis from the CTN ADAPT-2 trial.,2023,Schmitz JM; Stotts AL; Yoon JH; Northrup TF; Villarreal YR; Yammine L; Weaver MF; Carmody T; Shoptaw S; Trivedi MH,candidate_paper_corpus | disorder:paper_library
486,10.1002/eat.24007,PRO-LAD,Anorexia nervosa,Parental self-efficacy: Longitudinal impact on clinical outcomes across levels of care in adolescent anorexia nervosa.,2023,Gorrell S; Downey AE; Saunders E; Accurso EC; Buckelew S; Kreiter A; Le Grange D; Garber AK,candidate_paper_corpus | disorder:paper_library
488,10.1080/14737175.2023.2211767,PRO-LAD,Generalized anxiety disorder,Pharmacological Treatment of Generalised Anxiety Disorder: Current Practice and Future Directions.,2023,Fagan HA; Baldwin DS,candidate_paper_corpus | disorder:paper_library | mechanistic:paper_library
489,10.1002/14651858.cd011769.pub2,PRO-LAD,Autism spectrum disorder,"Pharmacological intervention for irritability, aggression, and self-injury in autism spectrum disorder (ASD).",2023,Iffland M; Livingstone N; Jorgensen M; Hazell P; Gillies D,candidate_paper_corpus | disorder:paper_library
491,10.1001/jama.2023.19761,PRO-LAD,Alcohol use disorder,Pharmacotherapy for Alcohol Use Disorder: A Systematic Review and Meta-Analysis.,2023,McPheeters M; O'Connor EA; Riley S; Kennedy SM; Voisin C; Kuznacic K; Coffey CP; Edlund MD; Bobashev G; Jonas DE,candidate_paper_corpus | disorder:paper_library
493,10.1007/s11920-023-01416-w,PRO-LAD,Eating disorders,Predictors of Treatment Outcome in Eating Disorders: A Roadmap to Inform Future Research Efforts.,2023,Gorrell S; Hail L; Reilly EE,candidate_paper_corpus | disorder:paper_library
495,10.1002/cpp.2888,PRO-LAD,Demoralization,Predictors of psychotherapy dropout in patients with borderline personality disorder: A systematic review.,2023,de Freixo Ferreira L; Guerra C; Vieira-Coelho MA,candidate_paper_corpus | disorder:paper_library
497,10.1038/s41386-023-01648-7,PRO-LAD,Treatment-resistant depression,Psilocybin for treatment resistant depression in patients taking a concomitant SSRI medication.,2023,Goodwin GM; Croal M; Feifel D; Kelly JR; Marwood L; Mistry S; O'Keane V; Peck SK; Simmons H; Sisa C,candidate_paper_corpus | disorder:curated | disorder:paper_library | disorder:stubs | mechanistic:paper_library
498,10.1177/02698811231154852,PRO-LAD,Persistent depressive disorder,"Psilocybin-assisted therapy for major depressive disorder: An exploratory placebo-controlled, fixed-order trial.",2023,Sloshower J; Skosnik PD; Safi-Aghdam H; Pathania S; Syed S; Pittman B; D'Souza DC,candidate_paper_corpus | disorder:exploratory | disorder:paper_library | disorder:stubs
499,10.1080/14656566.2023.2281582,PRO-LAD,Treatment-resistant depression,Psychedelics for treatment resistant depression: are they game changers?,2023,Kalfas M; Taylor RH; Tsapekos D; Young AH,candidate_paper_corpus | disorder:paper_library | disorder:stubs
501,10.1097/j.pain.0000000000002859,PRO-LAD,Chronic pain,Psychological and neurological predictors of acupuncture effect in patients with chronic pain: a randomized controlled neuroimaging trial.,2023,Wang X; Li JL; Wei XY; Shi GX; Zhang N; Tu JF; Yan CQ; Zhang YN; Hong YY; Yang JW,candidate_paper_corpus | disorder:paper_library
503,10.2147/ndt.s406909,PRO-LAD,Methamphetamine use disorder,Psychometrics of the Concise Health Risk Tracking Self-Report (CHRT-SR(16)) Assessment of Suicidality in a Sample of Adults with Moderate to Severe Methamphetamine Use Disorder: Findings from the ADAPT-2 Randomized Trial.,2023,Trombello JM; Kulikova A; Mayes TL; Nandy K; Carmody T; Bart G; Nunes EV; Schmitz J; Kalmin M; Shoptaw S,candidate_paper_corpus | disorder:paper_library
505,10.1002/14651858.cd013456.pub2,PRO-LAD,Complex post-traumatic stress disorder,Psychosocial interventions for survivors of rape and sexual assault experienced during adulthood.,2023,O'Doherty L; Whelan M; Carter GJ; Brown K; Tarzia L; Hegarty K; Feder G; Brown SJ,candidate_paper_corpus | disorder:paper_library
514,10.1016/j.drugalcdep.2023.110899,PRO-LAD,Methamphetamine use disorder,Sexual orientation differences among men in a randomized clinical trial of extended-release naltrexone and bupropion for methamphetamine use disorder.,2023,Kidd JD; Smiley SL; Coffin PO; Carmody TJ; Levin FR; Nunes EV; Shoptaw SJ; Trivedi MH,candidate_paper_corpus | disorder:paper_library
515,10.1038/s41591-023-02381-w,PRO-LAD,Cannabis use disorder,Signaling-specific inhibition of the CB(1) receptor for cannabis use disorder: phase 1 and phase 2a randomized trials.,2023,Haney M; Vallée M; Fabre S; Collins Reed S; Zanese M; Campistron G; Arout CA; Foltin RW; Cooper ZD; Kearney-Ramos T,candidate_paper_corpus | disorder:paper_library | mechanistic:paper_library
516,10.1001/jama.2023.14530,PRO-LAD,Suicidal ideation,Single-Dose Psilocybin Treatment for Major Depressive Disorder: A Randomized Clinical Trial.,2023,Raison CL; Sanacora G; Woolley J; Heinzerling K; Dunlop BW; Brown RT; Kakar R; Hassman M; Trivedi RP; Robison R,benchmark_manifest | candidate_paper_corpus | disorder:curated | disorder:exploratory | disorder:paper_library
518,10.1186/s13722-023-00424-8,PRO-LAD,Opioid use disorder,Subthreshold opioid use disorder prevention (STOP) trial: a cluster randomized clinical trial: study design and methods.,2023,Liebschutz JM; Subramaniam GA; Stone R; Appleton N; Gelberg L; Lovejoy TI; Bunting AM; Cleland CM; Lasser KE; Beers D,candidate_paper_corpus | disorder:paper_library
520,10.1177/02698811221104058,PRO-LAD,Treatment-resistant depression,Systematic review and meta-analysis of augmentation and combination treatments for early-stage treatment-resistant depression.,2023,Scott F; Hampsey E; Gnanapragasam S; Carter B; Marwood L; Taylor RW; Emre C; Korotkova L; Martín-Dombrowski J; Cleare AJ,candidate_paper_corpus | disorder:paper_library
522,10.18502/ijps.v18i4.13624,PRO-LAD,Methamphetamine use disorder,The Effectiveness of Topiramate in the Treatment of Amphetamine and Methamphetamine Use Disorder: A Randomized Controlled Trial.,2023,Moghaddam Sadegh A; Nazarinasab M; Behrouzian F; Rostami H; Mehrabi M,candidate_paper_corpus | disorder:paper_library
525,10.1016/j.pharmthera.2023.108431,PRO-LAD,Complex post-traumatic stress disorder,The antidepressant actions of ketamine and its enantiomers.,2023,Johnston JN; Henter ID; Zarate CA Jr,candidate_paper_corpus | disorder:paper_library | mechanistic:paper_library
529,10.3389/fpsyt.2023.1134454,PRO-LAD,Tobacco use disorder,Therapeutic effect of psilocybin in addiction: A systematic review.,2023,van der Meer PB; Fuentes JJ; Kaptein AA; Schoones JW; de Waal MM; Goudriaan AE; Kramers K; Schellekens A; Somers M; Bossong MG,candidate_paper_corpus | disorder:exploratory | disorder:paper_library | disorder:stubs
537,10.1038/s41380-021-01381-x,PRO-LAD,Treatment-resistant depression,A Delphi-method-based consensus guideline for definition of treatment-resistant depression for clinical trials.,2022,Sforzini L; Worrell C; Kose M; Anderson IM; Aouizerate B; Arolt V; Bauer M; Baune BT; Blier P; Cleare AJ,candidate_paper_corpus | disorder:paper_library
540,10.1016/j.jsat.2021.108717,PRO-LAD,Substance use disorder,A systematic literature review of clinical trials and therapeutic applications of ibogaine.,2022,Köck P; Froelich K; Walter M; Lang U; Dürsteler KM,candidate_paper_corpus | disorder:paper_library | mechanistic:paper_library
543,10.1176/appi.ajp.2021.21030277,PRO-LAD,Alcohol use disorder,Adjunctive Ketamine With Relapse Prevention-Based Psychological Therapy in the Treatment of Alcohol Use Disorder.,2022,Grabski M; McAndrew A; Lawn W; Marsh B; Raymen L; Stevens T; Hardy L; Warren F; Bloomfield M; Borissova A,candidate_paper_corpus | disorder:curated | disorder:paper_library
552,10.1002/14651858.cd013444.pub2,PRO-LAD,Cannabis use disorder,Cannabis and cannabinoids for symptomatic treatment for people with multiple sclerosis.,2022,Filippini G; Minozzi S; Borrelli F; Cinquini M; Dwan K,candidate_paper_corpus | disorder:paper_library
553,10.1111/head.14292,PRO-LAD,Cluster headache,Challenges and complexities in designing cluster headache prevention clinical trials: A narrative review.,2022,Dodick DW; Goadsby PJ; Ashina M; Tassorelli C; Hundemer HP; Bardos JN; Wenzel Md R; Kemmer P; Conley R; Martinez JM,candidate_paper_corpus | disorder:paper_library
554,10.1177/00048674211025697,PRO-LAD,Suicidal ideation,Characteristics and treatment outcome of suicidal depression: Two large naturalistic cohorts of depressed outpatients.,2022,Nobile B; Olié E; Dubois J; Guillaume S; Gorwood P; Courtet P,disorder:paper_library
562,10.1530/eje-22-0248,PRO-LAD,Anorexia nervosa,Denosumab increases spine bone density in women with anorexia nervosa: a randomized clinical trial.,2022,Haines MS; Kimball A; Meenaghan E; Santoso K; Colling C; Singhal V; Ebrahimi S; Gleysteen S; Schneider M; Ciotti L,candidate_paper_corpus | disorder:paper_library
564,10.1038/s41386-022-01266-9,PRO-LAD,Post-traumatic stress disorder,"Dose-related effects of ketamine for antidepressant-resistant symptoms of posttraumatic stress disorder in veterans and active duty military: a double-blind, randomized, placebo-controlled multi-center clinical trial.",2022,Abdallah CG; Roache JD; Gueorguieva R; Averill LA; Young-McCaughan S; Shiroma PR; Purohit P; Brundige A; Murff W; Ahn KH,candidate_paper_corpus | disorder:curated | disorder:paper_library
565,10.1001/jamanetworkopen.2022.30367,PRO-LAD,Treatment-resistant depression,Effect of Minocycline on Depressive Symptoms in Patients With Treatment-Resistant Depression: A Randomized Clinical Trial.,2022,Hellmann-Regen J; Clemens V; Grözinger M; Kornhuber J; Reif A; Prvulovic D; Goya-Maldonado R; Wiltfang J; Gruber O; Schüle C,candidate_paper_corpus | disorder:paper_library
569,10.1002/eat.23662,PRO-LAD,Eating disorders,Effectiveness of a chatbot for eating disorders prevention: A randomized clinical trial.,2022,Fitzsimmons-Craft EE; Chan WW; Smith AC; Firebaugh ML; Fowler LA; Topooco N; DePietro B; Wilfley DE; Taylor CB; Jacobson NC,candidate_paper_corpus | disorder:paper_library
583,10.1172/jci.insight.159863,PRO-LAD,Alcohol use disorder,"Exenatide once weekly for alcohol use disorder investigated in a randomized, placebo-controlled clinical trial.",2022,Klausen MK; Jensen ME; Møller M; Le Dous N; Jensen AØ; Zeeman VA; Johannsen CF; Lee A; Thomsen GK; Macoveanu J,candidate_paper_corpus | disorder:paper_library
591,10.1002/npr2.12232,PRO-LAD,Methamphetamine use disorder,"Ifenprodil for the treatment of methamphetamine use disorder: An exploratory, randomized, double-blind, placebo-controlled trial.",2022,Kotajima-Murakami H; Takano A; Hirakawa S; Ogai Y; Funada D; Tanibuchi Y; Ban E; Kikuchi M; Tachimori H; Maruo K,candidate_paper_corpus | disorder:paper_library
597,10.1136/bmj-2021-067194,PRO-LAD,Suicidal ideation,"Ketamine for the acute treatment of severe suicidal ideation: double blind, randomised placebo controlled trial.",2022,Abbar M; Demattei C; El-Hage W; Llorca PM; Samalin L; Demaricourt P; Gaillard R; Courtet P; Vaiva G; Gorwood P,candidate_paper_corpus | disorder:curated | disorder:paper_library
600,10.1016/j.euroneuro.2021.10.003,PRO-LAD,Bipolar depression,Lithium treatment of Bipolar disorder in adults: A systematic review of randomized trials and meta-analyses.,2022,Fountoulakis KN; Tohen M; Zarate CA Jr,candidate_paper_corpus | disorder:paper_library
610,10.1037/pha0000439,PRO-LAD,Stimulant use disorder,Parallel growth modeling to better understand smoking with stimulant use outcomes during an integrated treatment trial.,2022,Mamey MR; Burns GL; Barbosa-Leiker C; Smith CL; McPherson S,candidate_paper_corpus | disorder:paper_library
611,10.1001/jamapsychiatry.2022.2096,PRO-LAD,Alcohol use disorder,Percentage of Heavy Drinking Days Following Psilocybin-Assisted Psychotherapy vs Placebo in the Treatment of Adult Patients With Alcohol Use Disorder: A Randomized Clinical Trial.,2022,Bogenschutz MP; Ross S; Bhatt S; Baron T; Forcehimes AA; Laska E; Mennenga SE; O'Donnell K; Owens LT; Podrebarac S,benchmark_manifest | candidate_paper_corpus | disorder:curated | disorder:exploratory | disorder:paper_library
613,10.1002/14651858.cd002795.pub3,PRO-LAD,Post-traumatic stress disorder,Pharmacotherapy for post traumatic stress disorder (PTSD).,2022,Williams T; Phillips NJ; Stein DJ; Ipser JC,candidate_paper_corpus | disorder:paper_library
616,10.1016/j.cct.2022.106976,PRO-LAD,Alcohol use disorder,Psilocybin for alcohol use disorder: Rationale and design considerations for a randomized controlled trial.,2022,O'Donnell KC; Mennenga SE; Owens LT; Podrebarac SK; Baron T; Rotrosen J; Ross S; Forcehimes AA; Bogenschutz MP,candidate_paper_corpus | disorder:exploratory | disorder:paper_library | disorder:stubs
618,10.1093/ijnp/pyab088,PRO-LAD,Persistent depressive disorder,"Racemic Ketamine as an Alternative to Electroconvulsive Therapy for Unipolar Depression: A Randomized, Open-Label, Non-Inferiority Trial (KetECT).",2022,Ekstrand J; Fattah C; Persson M; Cheng T; Nordanskog P; Åkeson J; Tingström A; Lindström MB; Nordenskjöld A; Movahed Rad P,candidate_paper_corpus | disorder:curated | disorder:paper_library
619,10.1016/j.jpsychires.2022.04.037,PRO-LAD,Treatment-resistant depression,Real-world effectiveness of ketamine in treatment-resistant depression: A systematic review & meta-analysis.,2022,Alnefeesi Y; Chen-Li D; Krane E; Jawad MY; Rodrigues NB; Ceban F; Di Vincenzo JD; Meshkat S; Ho RCM; Gill H,candidate_paper_corpus | disorder:paper_library | disorder:stubs
620,10.1016/j.drugalcdep.2022.109389,PRO-LAD,Opioid use disorder,Recovery from opioid use disorder: A 4-year post-clinical trial outcomes study.,2022,Craft WH; Tegge AN; Keith DR; Shin H; Williams J; Athamneh LN; Stein JS; Chilcoat HD; Le Moigne A; DeVeaugh-Geiss A,candidate_paper_corpus | disorder:paper_library
633,10.1093/ntr/ntac061,PRO-LAD,Nicotine dependence,The Impact of Cigarette Relighting on Nicotine Dependence and Smoking Cessation Treatment Outcome Measures Among Adults With Mood Disorders.,2022,Minami H; Selva Kumar D; Nahvi S,candidate_paper_corpus | disorder:paper_library
635,10.1097/jcp.0000000000001592,PRO-LAD,Stimulant use disorder,The Use of Brexpiprazole Combined With a Stimulant in Adults With Treatment-Resistant Attention-Deficit/Hyperactivity Disorder.,2022,Reimherr FW; Gift TE; Steans TA; Reimherr ML; Rosenberg LI; Wilson M; Marchant BK,candidate_paper_corpus | disorder:paper_library
636,10.1080/16506073.2021.1966089,PRO-LAD,Social anxiety disorder,The effect of depression on treatment outcome in social anxiety disorder: an individual-level meta-analysis.,2022,Rozen N; Aderka IM,candidate_paper_corpus | disorder:paper_library
638,10.1080/10550887.2021.2010971,PRO-LAD,Tobacco use disorder,The effect of vitamin D supplementation on tobacco-related disorders in individuals with a tobacco use disorder: a randomized clinical trial.,2022,Bagheri S; Saghazade AR; Abbaszadeh-Mashkani S; Banafshe HR; Ghoreishi FS; Mesdaghinia A; Ghaderi A,candidate_paper_corpus | disorder:paper_library
650,10.1002/hep.31496,PRO-LAD,Alcohol use disorder,A Randomized Clinical Trial of Fecal Microbiota Transplant for Alcohol Use Disorder.,2021,Bajaj JS; Gavis EA; Fagan A; Wade JB; Thacker LR; Fuchs M; Patel S; Davis B; Meador J; Puri P,candidate_paper_corpus | disorder:paper_library
651,10.1176/appi.ajp.2020.20050596,PRO-LAD,Post-traumatic stress disorder,A Randomized Controlled Trial of Repeated Ketamine Administration for Chronic Posttraumatic Stress Disorder.,2021,Feder A; Costi S; Rutter SB; Collins AB; Govindarajulu U; Jha MK; Horn SR; Kautz M; Corniquel M; Collins KA,candidate_paper_corpus | disorder:curated | disorder:paper_library
663,10.1080/14656566.2021.1931684,PRO-LAD,Cocaine use disorder,Can pharmacotherapy improve treatment outcomes in people with co-occurring major depressive and cocaine use disorders?,2021,Angarita GA; Hadizadeh H; Cerdena I; Potenza MN,disorder:paper_library
667,10.1016/j.drugalcdep.2021.109054,PRO-LAD,Cocaine use disorder,Citalopram for treatment of cocaine use disorder: A Bayesian drop-the-loser randomized clinical trial.,2021,Suchting R; Green CE; de Dios C; Vincent J; Moeller FG; Lane SD; Schmitz JM,candidate_paper_corpus | disorder:paper_library
668,10.1111/sltb.12663,PRO-LAD,Suicidal ideation,Clinical trials for rapid changes in suicidal ideation: Lessons from ketamine.,2021,Ballard ED; Fields J; Farmer CA; Zarate CA Jr,candidate_paper_corpus | disorder:paper_library | disorder:stubs
676,10.1080/20008198.2021.2001190,PRO-LAD,Complex post-traumatic stress disorder,Complex post-traumatic stress disorder and post-migration living difficulties in traumatised refugees and asylum seekers: the role of language acquisition and barriers.,2021,Schiess-Jokanovic J; Knefel M; Kantor V; Weindl D; Schäfer I; Lueger-Schuster B,candidate_paper_corpus | disorder:paper_library
686,10.1176/appi.ajp.2020.20010018,PRO-LAD,Treatment-resistant depression,Efficacy of Intravenous Ketamine in Adolescent Treatment-Resistant Depression: A Randomized Midazolam-Controlled Trial.,2021,Dwyer JB; Landeros-Weisenberger A; Johnson JA; Londono Tobon A; Flores JM; Nasir M; Couloures K; Sanacora G; Bloch MH,candidate_paper_corpus | disorder:curated | disorder:paper_library
687,10.1093/ijnp/pyaa068,PRO-LAD,Suicidal ideation,"Esketamine Nasal Spray for Rapid Reduction of Depressive Symptoms in Patients With Major Depressive Disorder Who Have Active Suicide Ideation With Intent: Results of a Phase 3, Double-Blind, Randomized Study (ASPIRE II).",2021,Ionescu DF; Fu DJ; Qiu X; Lane R; Lim P; Kasper S; Hough D; Drevets WC; Manji H; Canuso CM,candidate_paper_corpus | disorder:curated | disorder:paper_library | disorder:stubs
689,10.1007/s11916-020-00929-w,PRO-LAD,Migraine,Exercise in Treatment of Migraine Including Chronic Migraine.,2021,Song TJ; Chu MK,candidate_paper_corpus | disorder:paper_library
693,10.1080/00952990.2021.1887202,PRO-LAD,Opioid use disorder,Impact of opioid agonist treatment on mental health in patients with opioid use disorder: a systematic review and network meta-analysis of randomized clinical trials.,2021,Moazen-Zadeh E; Ziafat K; Yazdani K; Kamel MM; Wong JSH; Modabbernia A; Blanken P; Verthein U; Schütz CG; Jang K,candidate_paper_corpus | disorder:paper_library
695,10.1002/14651858.cd013667.pub2,PRO-LAD,Suicidal ideation,Interventions for self-harm in children and adolescents.,2021,Witt KG; Hetrick SE; Rajaram G; Hazell P; Taylor Salisbury TL; Townsend E; Hawton K,candidate_paper_corpus | disorder:paper_library
698,10.3390/nu13114158,PRO-LAD,Anorexia nervosa,Ketamine as a Treatment for Anorexia Nervosa: A Narrative Review.,2021,Keeler JL; Treasure J; Juruena MF; Kan C; Himmerich H,candidate_paper_corpus | disorder:paper_library | disorder:stubs | mechanistic:paper_library
699,10.1080/00952990.2020.1808982,PRO-LAD,Cannabis use disorder,Ketamine-facilitated behavioral treatment for cannabis use disorder: A proof of concept study.,2021,Azhari N; Hu H; O'Malley KY; Blocker ME; Levin FR; Dakwar E,candidate_paper_corpus | disorder:paper_library | disorder:stubs
700,10.1038/s41386-020-00829-y,PRO-LAD,Treatment-resistant depression,"Left prefrontal transcranial magnetic stimulation for treatment-resistant depression in adolescents: a double-blind, randomized, sham-controlled trial.",2021,Croarkin PE; Elmaadawi AZ; Aaronson ST; Schrodt GR Jr; Holbert RC; Verdoliva S; Heart KL; Demitrack MA; Strawn JR,candidate_paper_corpus | disorder:paper_library
701,10.1038/s41591-021-01336-3,PRO-LAD,Post-traumatic stress disorder,"MDMA-assisted therapy for severe PTSD: a randomized, double-blind, placebo-controlled phase 3 study.",2021,Mitchell JM; Bogenschutz M; Lilienstein A; Harrison C; Kleiman S; Parker-Guilbert K; Ot'alora G M; Garas W; Paleos C; Gorman I,benchmark_manifest | candidate_paper_corpus | disorder:curated | disorder:paper_library
703,10.1016/j.jad.2020.11.066,PRO-LAD,Treatment-resistant depression,"Meaningful Change in Depression Symptoms Assessed with the Patient Health Questionnaire (PHQ-9) and Montgomery-Åsberg Depression Rating Scale (MADRS) Among Patients with Treatment Resistant Depression in Two, Randomized, Double-blind, Active-controlled Trials of Esketamine Nasal Spray Combined With a New Oral Antidepressant.",2021,Hudgens S; Floden L; Blackowicz M; Jamieson C; Popova V; Fedgchin M; Drevets WC; Cooper K; Lane R; Singh J,candidate_paper_corpus | disorder:curated | disorder:paper_library
704,10.1136/bmj.n1034,PRO-LAD,Chronic pain,Medical cannabis or cannabinoids for chronic non-cancer and cancer related pain: a systematic review and meta-analysis of randomised clinical trials.,2021,Wang L; Hong PJ; May C; Rehman Y; Oparin Y; Hong CJ; Hong BY; AminiLari M; Gallo L; Kaushal A,candidate_paper_corpus | disorder:paper_library
712,10.1080/20008198.2020.1802920,PRO-LAD,Post-traumatic stress disorder,"Pharmacological therapy for post-traumatic stress disorder: a systematic review and meta-analysis of monotherapy, augmentation and head-to-head approaches.",2021,Hoskins MD; Bridges J; Sinnerton R; Nakamura A; Underwood JFG; Slater A; Lee MRD; Clarke L; Lewis C; Roberts NP,candidate_paper_corpus | disorder:paper_library
715,10.1513/annalsats.202006-738oc,PRO-LAD,Post-traumatic stress disorder,Physical Restraints and Post-Traumatic Stress Disorder in Survivors of Critical Illness. A Systematic Review and Meta-analysis.,2021,Franks ZM; Alcock JA; Lam T; Haines KJ; Arora N; Ramanan M,candidate_paper_corpus | disorder:paper_library
717,10.1017/s1092852920001121,PRO-LAD,Post-traumatic stress disorder,Prazosin for treatment of post-traumatic stress disorder: a systematic review and meta-analysis.,2021,Reist C; Streja E; Tang CC; Shapiro B; Mintz J; Hollifield M,candidate_paper_corpus | disorder:paper_library
722,10.1016/j.drugalcdep.2020.108366,PRO-LAD,Cannabis use disorder,Quetiapine treatment for cannabis use disorder.,2021,Mariani JJ; Pavlicova M; Jean Choi C; Basaraba C; Carpenter KM; Mahony AL; Brooks DJ; Bisaga A; Naqvi N; Nunes EV,candidate_paper_corpus | disorder:paper_library
723,10.1016/j.alcohol.2021.01.001,PRO-LAD,Alcohol use disorder,Randomized controlled trials for alcohol use disorder during the COVID-19 pandemic.,2021,Brown ZE; Portis SM; Fleig CL; Vasaturo-Kolodner T; Swift RM; Haass-Koffler CL,candidate_paper_corpus | disorder:paper_library
728,10.1016/j.pharmthera.2021.107831,PRO-LAD,Methamphetamine use disorder,Targeting mGlu(5) for Methamphetamine Use Disorder.,2021,Petzold J; Szumlinski KK; London ED,candidate_paper_corpus | disorder:paper_library
737,10.1001/jamapsychiatry.2021.0469,PRO-LAD,Social anxiety disorder,Therapist-Guided Internet-Delivered Cognitive Behavioral Therapy vs Internet-Delivered Supportive Therapy for Children and Adolescents With Social Anxiety Disorder: A Randomized Clinical Trial.,2021,Nordh M; Wahlund T; Jolstedt M; Sahlin H; Bjureberg J; Ahlen J; Lalouni M; Salomonsson S; Vigerland S; Lavner M,candidate_paper_corpus | disorder:paper_library
740,10.1016/j.beth.2021.03.003,PRO-LAD,Social anxiety disorder,Treating Childhood Social Anxiety Disorder With Virtual Environments and Serious Games: A Randomized Trial.,2021,Beidel DC; Tuerk PW; Spitalnick J; Bowers CA; Morrison K,candidate_paper_corpus | disorder:paper_library
746,10.1037/pha0000482,PRO-LAD,Stimulant use disorder,Validating the clinical relevance of alternative stimulant use treatment outcome measures by examining their association with 3-month follow-up outcomes.,2021,Miguel AQC; Smith CL; Burduli E; Roll JM; McPherson SM,candidate_paper_corpus | disorder:paper_library
749,10.11477/mf.1416201766,PRO-LAD,Cluster headache,[New Management of Cluster Headache].,2021,Imai N,candidate_paper_corpus
754,10.1093/alcalc/agaa050,PRO-LAD,Alcohol use disorder,Alcoholics Anonymous and 12-Step Facilitation Treatments for Alcohol Use Disorder: A Distillation of a 2020 Cochrane Review for Clinicians and Policy Makers.,2020,Kelly JF; Abry A; Ferri M; Humphreys K,candidate_paper_corpus | disorder:paper_library
756,10.1016/j.cct.2020.106187,PRO-LAD,Cocaine use disorder,An adaptive clinical trial design for cocaine use disorder: Extended-release amphetamine salts for early behavioral intervention non-responders.,2020,Blevins D; Carpenter KM; Martinez D; Mariani JJ; Levin FR,candidate_paper_corpus | disorder:paper_library
768,10.1016/j.drugalcdep.2020.107845,PRO-LAD,Opioid use disorder,Clinical benefits and risks of N-methyl-d-aspartate receptor antagonists to treat severe opioid use disorder: A systematic review.,2020,Fluyau D; Revadigar N; Pierre CG,candidate_paper_corpus | disorder:paper_library
777,10.1016/j.drugalcdep.2020.108307,PRO-LAD,Methamphetamine use disorder,Contingency management for the treatment of methamphetamine use disorder: A systematic review.,2020,Brown HD; DeFulio A,candidate_paper_corpus | disorder:paper_library
789,10.1001/jama.2020.10044,PRO-LAD,Distress associated with life-threatening disease,Effect of Convalescent Plasma Therapy on Time to Clinical Improvement in Patients With Severe and Life-threatening COVID-19: A Randomized Clinical Trial.,2020,Li L; Zhang W; Hu Y; Tong X; Zheng S; Yang J; Kong Y; Ren L; Wei Q; Mei H,candidate_paper_corpus | disorder:paper_library
792,10.1016/j.jagp.2019.10.008,PRO-LAD,Treatment-resistant depression,Efficacy and Safety of Esketamine Nasal Spray Plus an Oral Antidepressant in Elderly Patients With Treatment-Resistant Depression-TRANSFORM-3.,2020,Ochs-Ross R; Daly EJ; Zhang Y; Lane R; Lim P; Morrison RL; Hough D; Manji H; Drevets WC; Sanacora G,candidate_paper_corpus | disorder:curated | disorder:paper_library
793,10.1001/jamainternmed.2020.0249,PRO-LAD,Alcohol use disorder,Efficacy of Gabapentin for the Treatment of Alcohol Use Disorder in Patients With Alcohol Withdrawal Symptoms: A Randomized Clinical Trial.,2020,Anton RF; Latham P; Voronin K; Book S; Hoffman M; Prisciandaro J; Bristol E,candidate_paper_corpus | disorder:paper_library
794,10.1002/da.23079,PRO-LAD,Generalized anxiety disorder,Efficacy of digital cognitive behavioral therapy for moderate-to-severe symptoms of generalized anxiety disorder: A randomized controlled trial.,2020,Carl JR; Miller CB; Henry AL; Davis ML; Stott R; Smits JAJ; Emsley R; Gu J; Shin O; Otto MW,candidate_paper_corpus | disorder:paper_library
797,10.4088/jcp.19m13191,PRO-LAD,Suicidal ideation,"Esketamine Nasal Spray for Rapid Reduction of Major Depressive Disorder Symptoms in Patients Who Have Active Suicidal Ideation With Intent: Double-Blind, Randomized Study (ASPIRE I).",2020,Fu DJ; Ionescu DF; Li X; Lane R; Lim P; Sanacora G; Hough D; Manji H; Drevets WC; Canuso CM,candidate_paper_corpus | disorder:curated | disorder:paper_library | disorder:stubs
806,10.1093/pm/pnaa303,PRO-LAD,Fibromyalgia,"Ingestion of a THC-Rich Cannabis Oil in People with Fibromyalgia: A Randomized, Double-Blind, Placebo-Controlled Clinical Trial.",2020,Chaves C; Bittencourt PCT; Pelegrini A,candidate_paper_corpus | disorder:paper_library
810,10.1002/eat.23228,PRO-LAD,Binge-eating disorder,Is physical exercise and dietary therapy a feasible alternative to cognitive behavior therapy in treatment of eating disorders? A randomized controlled trial of two group therapies.,2020,Mathisen TF; Rosenvinge JH; Friborg O; Vrabel K; Bratland-Sanda S; Pettersen G; Sundgot-Borgen J,candidate_paper_corpus | disorder:paper_library
813,10.1038/s41598-020-75706-1,PRO-LAD,Distress associated with life-threatening disease,MDMA-assisted psychotherapy for treatment of anxiety and other psychological distress related to life-threatening illnesses: a randomized pilot study.,2020,Wolfson PE; Andries J; Feduccia AA; Jerome L; Wang JB; Williams E; Carlin SC; Sola E; Hamilton S; Yazar-Klosinski B,benchmark_manifest | candidate_paper_corpus | disorder:curated | disorder:paper_library
816,10.1124/pr.119.018028,PRO-LAD,Tobacco use disorder,More than Smoke and Patches: The Quest for Pharmacotherapies to Treat Tobacco Use Disorder.,2020,Moerke MJ; McMahon LR; Wilkerson JL,candidate_paper_corpus | disorder:paper_library | mechanistic:paper_library
817,10.1007/978-981-32-9705-0_18,PRO-LAD,Post-traumatic stress disorder,"Neurostimulation in Anxiety Disorders, Post-traumatic Stress Disorder, and Obsessive-Compulsive Disorder.",2020,Freire RC; Cabrera-Abreu C; Milev R,candidate_paper_corpus | disorder:paper_library
823,10.1016/j.jsat.2020.108059,PRO-LAD,Methamphetamine use disorder,Oxytocin-enhanced group therapy for methamphetamine use disorder: Randomized controlled trial.,2020,Stauffer CS; Moschetto JM; McKernan S; Meinzer N; Chiang C; Rapier R; Hsiang E; Norona J; Borsari B; Woolley JD,candidate_paper_corpus | disorder:paper_library
825,10.1186/s13063-020-04532-7,PRO-LAD,Nicotine dependence,Personalized dosing of nicotine replacement therapy versus standard dosing for the treatment of individuals with tobacco dependence: study protocol for a randomized placebo-controlled trial.,2020,Zawertailo L; Hendershot CS; Tyndale RF; Le Foll B; Samokhvalov AV; Thorpe KE; Pipe A; Reid RD; Selby P,candidate_paper_corpus | disorder:paper_library
826,10.1007/s40263-020-00711-x,LSA,Alcohol use disorder,Pharmacological Treatment of Methamphetamine/Amphetamine Dependence: A Systematic Review.,2020,Siefried KJ; Acheson LS; Lintzeris N; Ezard N,candidate_paper_corpus | mechanistic:paper_library
830,10.3389/fpsyt.2020.595584,PRO-LAD,Generalized anxiety disorder,Pharmacotherapy of Anxiety Disorders: Current and Emerging Treatment Options.,2020,Garakani A; Murrough JW; Freire RC; Thom RP; Larkin K; Buono FD; Iosifescu DV,candidate_paper_corpus | disorder:curated | disorder:paper_library | mechanistic:paper_library
832,10.1007/s00213-020-05563-3,PRO-LAD,Tobacco use disorder,Prescription psychostimulants for the treatment of stimulant use disorder: a systematic review and meta-analysis.,2020,Tardelli VS; Bisaga A; Arcadepani FB; Gerra G; Levin FR; Fidalgo TM,candidate_paper_corpus | disorder:paper_library
838,10.1007/s11481-019-09883-w,PRO-LAD,Methamphetamine use disorder,"Randomized, Placebo-Controlled Trial of Targeting Neuroinflammation with Ibudilast to Treat Methamphetamine Use Disorder.",2020,Heinzerling KG; Briones M; Thames AD; Hinkin CH; Zhu T; Wu YN; Shoptaw SJ,candidate_paper_corpus | disorder:paper_library
841,10.1016/j.jad.2020.01.032,PRO-LAD,Generalized anxiety disorder,Sensitivity to change and minimal clinically important difference of the 7-item Generalized Anxiety Disorder Questionnaire (GAD-7).,2020,Toussaint A; Hüsing P; Gumz A; Wingenfeld K; Härter M; Schramm E; Löwe B,candidate_paper_corpus | disorder:paper_library
859,10.1097/j.pain.0000000000001464,PRO-LAD,Fibromyalgia,An experimental randomized study on the analgesic effects of pharmaceutical-grade cannabis in chronic pain patients with fibromyalgia.,2019,van de Donk T; Niesters M; Kowal MA; Olofsen E; Dahan A; van Velzen M,candidate_paper_corpus | disorder:paper_library
870,10.1002/jclp.22779,PRO-LAD,Generalized anxiety disorder,Cognitive-behavioral therapy (CBT) for generalized anxiety disorder: Contrasting various CBT approaches in a randomized clinical trial.,2019,Stefan S; Cristea IA; Szentagotai Tatar A; David D,candidate_paper_corpus | disorder:paper_library
871,10.1002/14651858.cd012855.pub2,PRO-LAD,Persistent depressive disorder,Comparative effectiveness of continuation and maintenance treatments for persistent depressive disorder in adults.,2019,Machmutow K; Meister R; Jansen A; Kriston L; Watzke B; Härter MC; Liebherz S,candidate_paper_corpus | disorder:paper_library
872,10.1016/j.addbeh.2018.11.032,PRO-LAD,Substance use disorder,Concurrent treatment of substance use disorders and PTSD using prolonged exposure: A randomized clinical trial in military veterans.,2019,Back SE; Killeen T; Badour CL; Flanagan JC; Allan NP; Ana ES; Lozano B; Korte KJ; Foa EB; Brady KT,candidate_paper_corpus | disorder:paper_library
873,10.1080/08897077.2019.1572051,PRO-LAD,Substance use disorder,Counselor turnover in substance use disorder treatment research: Observations from one multisite trial.,2019,Hatch-Maillette MA; Harwick R; Baer JS; Masters T; Cloud K; Peavy M; Wiest K; Wright L; Beadnell B; Wells EA,candidate_paper_corpus | disorder:paper_library
888,10.1093/ijnp/pyz039,PRO-LAD,Treatment-resistant depression,"Efficacy and Safety of Fixed-Dose Esketamine Nasal Spray Combined With a New Oral Antidepressant in Treatment-Resistant Depression: Results of a Randomized, Double-Blind, Active-Controlled Study (TRANSFORM-1).",2019,Fedgchin M; Trivedi M; Daly EJ; Melkote R; Lane R; Lim P; Vitagliano D; Blier P; Fava M; Liebowitz M,candidate_paper_corpus | disorder:curated | disorder:paper_library | disorder:stubs
889,10.1176/appi.ajp.2019.19020172,PRO-LAD,Treatment-resistant depression,Efficacy and Safety of Flexibly Dosed Esketamine Nasal Spray Combined With a Newly Initiated Oral Antidepressant in Treatment-Resistant Depression: A Randomized Double-Blind Active-Controlled Study.,2019,Popova V; Daly EJ; Trivedi M; Cooper K; Lane R; Lim P; Mazzucco C; Hough D; Thase ME; Shelton RC,candidate_paper_corpus | disorder:curated | disorder:exploratory | disorder:paper_library
892,10.1001/jamapsychiatry.2019.1189,PRO-LAD,Treatment-resistant depression,Efficacy of Esketamine Nasal Spray Plus Oral Antidepressant Treatment for Relapse Prevention in Patients With Treatment-Resistant Depression: A Randomized Clinical Trial.,2019,Daly EJ; Trivedi MH; Janik A; Li H; Zhang Y; Li X; Lane R; Lim P; Duca AR; Hough D,candidate_paper_corpus | disorder:curated | disorder:paper_library
897,10.1016/j.jsat.2019.01.016,PRO-LAD,Substance use disorder,Group treatment for substance use disorder in adults: A systematic review and meta-analysis of randomized-controlled trials.,2019,Lo Coco G; Melchiori F; Oieni V; Infurna MR; Strauss B; Schwartze D; Rosendahl J; Gullo S,candidate_paper_corpus | disorder:paper_library
901,10.1213/ane.0000000000004185,PRO-LAD,Chronic pain,Ketamine Infusions for Chronic Pain: A Systematic Review and Meta-analysis of Randomized Controlled Trials.,2019,Orhurhu V; Orhurhu MS; Bhatia A; Cohen SP,candidate_paper_corpus | disorder:paper_library | disorder:stubs
923,10.1016/j.jsat.2019.08.009,PRO-LAD,Cocaine use disorder,Randomized placebo-controlled trial of galantamine in individuals with cocaine use disorder.,2019,DeVito EE; Carroll KM; Babuscio T; Nich C; Sofuoglu M,candidate_paper_corpus | disorder:paper_library
924,10.1017/s0033291718001356,PRO-LAD,Treatment-resistant depression,Rapid antidepressant effects of the psychedelic ayahuasca in treatment-resistant depression: a randomized placebo-controlled trial.,2019,Palhano-Fontes F; Barreto D; Onias H; Andrade KC; Novaes MM; Pessoa JA; Mota-Rolim SA; Osório FL; Sanches R; Dos Santos RG,benchmark_manifest | candidate_paper_corpus | disorder:curated | disorder:exploratory | disorder:paper_library
926,10.1176/appi.ajp.2019.19030267,PRO-LAD,Suicidal ideation,Reducing Suicidal Ideation Through Insomnia Treatment (REST-IT): A Randomized Clinical Trial.,2019,McCall WV; Benca RM; Rosenquist PB; Youssef NA; McCloud L; Newman JC; Case D; Rumble ME; Szabo ST; Phillips M,candidate_paper_corpus | disorder:paper_library
931,10.1176/appi.ajp.2018.18070834,PRO-LAD,Treatment-resistant depression,"Single, Repeated, and Maintenance Ketamine Infusions for Treatment-Resistant Depression: A Randomized Controlled Trial.",2019,Phillips JL; Norris S; Talbot J; Birmingham M; Hatchard T; Ortiz A; Owoeye O; Batten LA; Blier P,candidate_paper_corpus | disorder:curated | disorder:paper_library
932,10.1080/10615806.2019.1617854,PRO-LAD,Social anxiety disorder,Sleep quality and treatment of social anxiety disorder.,2019,Horenstein A; Morrison AS; Goldin P; Ten Brink M; Gross JJ; Heimberg RG,candidate_paper_corpus | disorder:paper_library
940,10.1186/s10194-019-0974-3,PRO-LAD,Migraine,"Therapeutic novelties in migraine: new drugs, new hope?",2019,Do TP; Guo S; Ashina M,candidate_paper_corpus | mechanistic:paper_library
943,10.1056/nejmoa1813440,PRO-LAD,Cluster headache,Trial of Galcanezumab in Prevention of Episodic Cluster Headache.,2019,Goadsby PJ; Dodick DW; Leone M; Bardos JN; Oakes TM; Millen BA; Zhou C; Dowsett SA; Aurora SK; Ahn AH,candidate_paper_corpus
959,10.35946/arcr.v39.2.08,PRO-LAD,Complex post-traumatic stress disorder,Behavioral Treatments for Alcohol Use Disorder and Post-Traumatic Stress Disorder.,2018,Flanagan JC; Jones JL; Jarnecke AM; Back SE,candidate_paper_corpus | disorder:paper_library
963,10.1002/14651858.cd012182.pub2,PRO-LAD,Cannabis use disorder,Cannabis-based medicines for chronic neuropathic pain in adults.,2018,Mücke M; Phillips T; Radbruch L; Petzke F; Häuser W,candidate_paper_corpus | disorder:paper_library
976,10.1001/jama.2018.0899,PRO-LAD,Chronic pain,Effect of Opioid vs Nonopioid Medications on Pain-Related Function in Patients With Chronic Back Pain or Hip or Knee Osteoarthritis Pain: The SPACE Randomized Clinical Trial.,2018,Krebs EE; Gravely A; Nugent S; Jensen AC; DeRonne B; Goldsmith ES; Kroenke K; Bair MJ; Noorbaloochi S,candidate_paper_corpus | disorder:paper_library
979,10.1001/jamapsychiatry.2017.3739,PRO-LAD,Treatment-resistant depression,Efficacy and Safety of Intranasal Esketamine Adjunctive to Oral Antidepressant Therapy in Treatment-Resistant Depression: A Randomized Clinical Trial.,2018,Daly EJ; Singh JB; Fedgchin M; Cooper K; Lim P; Shelton RC; Thase ME; Winokur A; Van Nueten L; Manji H,candidate_paper_corpus | disorder:curated | disorder:paper_library
990,10.1176/appi.ajp.2017.17060647,PRO-LAD,Suicidal ideation,Ketamine for Rapid Reduction of Suicidal Thoughts in Major Depression: A Midazolam-Controlled Randomized Clinical Trial.,2018,Grunebaum MF; Galfalvy HC; Choo TH; Keilp JG; Moitra VK; Parris MS; Marver JE; Burke AK; Milak MS; Sublette ME,candidate_paper_corpus | disorder:curated | disorder:paper_library
991,10.1038/npp.2017.194,PRO-LAD,Social anxiety disorder,"Ketamine for Social Anxiety Disorder: A Randomized, Placebo-Controlled Crossover Trial.",2018,Taylor JH; Landeros-Weisenberger A; Coughlin C; Mulqueen J; Johnson JA; Gabriel D; Reed MO; Jakubovski E; Bloch MH,candidate_paper_corpus | disorder:paper_library
995,10.1002/da.22788,PRO-LAD,Treatment-resistant depression,"Mindfulness-based cognitive therapy for patients with chronic, treatment-resistant depression: A pragmatic randomized controlled trial.",2018,Cladder-Micus MB; Speckens AEM; Vrijsen JN; T Donders AR; Becker ES; Spijker J,candidate_paper_corpus | disorder:paper_library
1008,10.1007/s00213-017-4771-x,PRO-LAD,Treatment-resistant depression,Psilocybin with psychological support for treatment-resistant depression: six-month follow-up.,2018,Carhart-Harris RL; Bolstridge M; Day CMJ; Rucker J; Watts R; Erritzoe DE; Kaelen M; Giribaldi B; Bloomfield M; Pilling S,benchmark_manifest | candidate_paper_corpus | disorder:curated | disorder:paper_library
1010,10.1016/j.pnpbp.2017.09.012,DPT,Major depressive disorder,Serotonergic hallucinogens in the treatment of anxiety and depression in patients suffering from a life-threatening disease: A systematic review.,2018,Reiche S; Hermle L; Gutwinski S; Jungaberle H; Gasser P; Majić T,candidate_paper_corpus | disorder:paper_library
1039,10.1186/s12888-017-1220-7,PRO-LAD,Nicotine dependence,Effectiveness of a clinical practice change intervention in increasing the provision of nicotine dependence treatment in inpatient psychiatric facilities: an implementation trial.,2017,Wye PM; Stockings EA; Bowman JA; Oldmeadow C; Wiggers JH,candidate_paper_corpus | disorder:paper_library
1040,10.3389/fpsyg.2017.01750,PRO-LAD,Complex post-traumatic stress disorder,Efficacy of Eye Movement Desensitization and Reprocessing in Children and Adolescent with Post-traumatic Stress Disorder: A Meta-Analysis of Randomized Controlled Trials.,2017,Moreno-Alcázar A; Treen D; Valiente-Gómez A; Sio-Eroles A; Pérez V; Amann BL; Radua J,candidate_paper_corpus | disorder:paper_library
1046,10.1002/14651858.cd007938.pub4,PRO-LAD,Fibromyalgia,Gabapentin for chronic neuropathic pain in adults.,2017,Wiffen PJ; Derry S; Bell RF; Rice AS; Tölle TR; Phillips T; Moore RA,candidate_paper_corpus | disorder:paper_library
1055,10.1001/jama.2017.2200,PRO-LAD,Obsessive-compulsive disorder,Obsessive-Compulsive Disorder: Advances in Diagnosis and Treatment.,2017,Hirschtritt ME; Bloch MH; Mathews CA,disorder:paper_library
1060,10.1002/14651858.cd001206.pub3,PRO-LAD,Social anxiety disorder,Pharmacotherapy for social anxiety disorder (SAnD).,2017,Williams T; Hattingh CJ; Kariuki CM; Tromp SA; van Balkom AJ; Ipser JC; Stein DJ,candidate_paper_corpus | disorder:paper_library
1064,10.1016/j.jaac.2017.05.001,PRO-LAD,Autism spectrum disorder,Social Skills Training for Children and Adolescents With Autism Spectrum Disorder: A Randomized Controlled Trial.,2017,Choque Olsson N; Flygare O; Coco C; Görling A; Råde A; Chen Q; Lindstedt K; Berggren S; Serlachius E; Jonsson U,candidate_paper_corpus
1068,10.1001/jamapsychiatry.2017.2164,PRO-LAD,Social anxiety disorder,The Unified Protocol for Transdiagnostic Treatment of Emotional Disorders Compared With Diagnosis-Specific Protocols for Anxiety Disorders: A Randomized Clinical Trial.,2017,Barlow DH; Farchione TJ; Bullis JR; Gallagher MW; Murray-Latin H; Sauer-Zavala S; Bentley KH; Thompson-Hollands J; Conklin LR; Boswell JF,candidate_paper_corpus | disorder:paper_library
1072,10.1080/00952990.2016.1263641,PRO-LAD,Alcohol use disorder,Treatment of alcohol use disorder and co-occurring PTSD.,2017,Taylor M; Petrakis I; Ralevski E,candidate_paper_corpus | disorder:paper_library
1076,10.1192/bjp.bp.116.184234,PRO-LAD,Social anxiety disorder,Virtual reality compared with in vivo exposure in the treatment of social anxiety disorder: a three-arm randomised controlled trial.,2017,Bouchard S; Dumoulin S; Robillard G; Guitard T; Klinger É; Forget H; Loranger C; Roucaut FX,candidate_paper_corpus | disorder:paper_library
1081,10.1186/s13054-016-1208-6,PRO-LAD,Complex post-traumatic stress disorder,"36th International Symposium on Intensive Care and Emergency Medicine : Brussels, Belgium. 15-18 March 2016.",2016,Bateman RM; Sharpe MD; Jagger JE; Ellis CG; Solé-Violán J; López-Rodríguez M; Herrera-Ramos E; Ruíz-Hernández J; Borderías L; Horcajada J,candidate_paper_corpus | disorder:paper_library
1095,10.1371/journal.pone.0153380,PRO-LAD,Persistent depressive disorder,Comparative Safety of Pharmacologic Treatments for Persistent Depressive Disorder: A Systematic Review and Network Meta-Analysis.,2016,Meister R; von Wolff A; Mohr H; Härter M; Nestoriuc Y; Hölzel L; Kriston L,candidate_paper_corpus | disorder:paper_library
1107,10.1124/pr.115.011668,PRO-LAD,Cocaine use disorder,"Evaluation of the ""Pipeline"" for Development of Medications for Cocaine Use Disorder: A Review of Translational Preclinical, Human Laboratory, and Clinical Trial Research.",2016,Czoty PW; Stoops WW; Rush CR,candidate_paper_corpus | disorder:paper_library
1108,10.1016/j.brat.2015.12.016,PRO-LAD,Social anxiety disorder,Exposure to virtual social interactions in the treatment of social anxiety disorder: A randomized controlled trial.,2016,Kampmann IL; Emmelkamp PM; Hartanto D; Brinkman WP; Zijlstra BJ; Morina N,candidate_paper_corpus | disorder:paper_library
1109,10.1016/j.biopsych.2015.10.018,PRO-LAD,Treatment-resistant depression,"Intravenous Esketamine in Adult Treatment-Resistant Depression: A Double-Blind, Double-Randomization, Placebo-Controlled Study.",2016,Singh JB; Fedgchin M; Daly E; Xi L; Melman C; De Bruecker G; Tadic A; Sienaert P; Wiegand F; Manji H,candidate_paper_corpus | disorder:curated | disorder:paper_library | mechanistic:paper_library
1114,10.1016/j.phymed.2016.10.012,PRO-LAD,Generalized anxiety disorder,Long-term chamomile (Matricaria chamomilla L.) treatment for generalized anxiety disorder: A randomized clinical trial.,2016,Mao JJ; Xie SX; Keefe JR; Soeller I; Li QS; Amsterdam JD,candidate_paper_corpus | disorder:paper_library
1127,10.1016/s2215-0366(16)30065-7,PRO-LAD,Treatment-resistant depression,Psilocybin with psychological support for treatment-resistant depression: an open-label feasibility study.,2016,Carhart-Harris RL; Bolstridge M; Rucker J; Day CM; Erritzoe D; Kaelen M; Bloomfield M; Rickard JA; Forbes B; Feilding A,candidate_paper_corpus | disorder:curated | disorder:paper_library | mechanistic:paper_library
1128,10.1002/14651858.cd010204.pub2,PRO-LAD,Complex post-traumatic stress disorder,Psychological therapies for post-traumatic stress disorder and comorbid substance use disorder.,2016,Roberts NP; Roberts PA; Jones N; Bisson JI,candidate_paper_corpus | disorder:paper_library
1129,10.1177/0269881116675512,PRO-LAD,Demoralization,Rapid and sustained symptom reduction following psilocybin treatment for anxiety and depression in patients with life-threatening cancer: a randomized controlled trial.,2016,Ross S; Bossis A; Guss J; Agin-Liebes G; Malone T; Cohen B; Mennenga SE; Belser A; Kalliontzi K; Babb J,benchmark_manifest | candidate_paper_corpus | disorder:curated | disorder:exploratory | disorder:paper_library
1130,10.1016/j.jpsychires.2015.12.016,PRO-LAD,Bipolar depression,Relationship between placebo response rate and clinical trial outcome in bipolar depression.,2016,Iovieno N; Nierenberg AA; Parkin SR; Hyung Kim DJ; Walker RS; Fava M; Papakostas GI,candidate_paper_corpus | disorder:paper_library
1138,10.1016/j.lpm.2016.02.005,PRO-LAD,Stimulant use disorder,[Other therapeutic strategies].,2016,Saba G; Nieto I; Bation R; Allaïli N; Bennabi D; Moliere F; Richieri R; Holtzmann J; Bubrovszky M; Camus V,candidate_paper_corpus | disorder:paper_library
1141,10.1097/yic.0000000000000051,PRO-LAD,Bipolar depression,"Adjunctive lisdexamfetamine in bipolar depression: a preliminary randomized, placebo-controlled trial.",2015,McElroy SL; Martens BE; Mori N; Blom TJ; Casuto LS; Hawkins JM; Keck PE Jr,candidate_paper_corpus | disorder:paper_library
1152,10.1111/ajad.12304,PRO-LAD,Tobacco use disorder,Co-occurring tobacco use and posttraumatic stress disorder: Smoking cessation treatment implications.,2015,Kelly MM; Jensen KP; Sofuoglu M,candidate_paper_corpus | disorder:paper_library
1186,10.1007/s11916-015-0525-9,PRO-LAD,Migraine,"What Constitutes an ""Adequate"" Trial in Migraine Prevention?",2015,Smith JH; Schwedt TJ,candidate_paper_corpus | disorder:paper_library
1196,10.1586/17512433.2014.909283,PRO-LAD,Stimulant use disorder,Combination pharmacotherapies for stimulant use disorder: a review of clinical findings and recommendations for future research.,2014,Stoops WW; Rush CR,candidate_paper_corpus | disorder:paper_library
1201,10.1002/eat.22173,PRO-LAD,Anorexia nervosa,"Dronabinol in severe, enduring anorexia nervosa: a randomized controlled trial.",2014,Andries A; Frystyk J; Flyvbjerg A; Støving RK,candidate_paper_corpus | disorder:paper_library
1203,10.1002/da.22236,PRO-LAD,Persistent depressive disorder,Efficacy and acceptability of acute treatments for persistent depressive disorder: a network meta-analysis.,2014,Kriston L; von Wolff A; Westphal A; Hölzel LP; Härter M,candidate_paper_corpus | disorder:paper_library
1215,10.1093/ijnp/pyu069,PRO-LAD,Suicidal ideation,Neural correlates of suicidal ideation and its reduction in depression.,2014,Ballard ED; Lally N; Nugent AC; Furey ML; Luckenbaugh DA; Zarate CA Jr,candidate_paper_corpus | disorder:paper_library
1218,10.1016/j.drugalcdep.2014.02.016,PRO-LAD,Nicotine dependence,Nicotine dependence as a moderator of genetic influences on smoking cessation treatment outcome.,2014,Leventhal AM; Lee W; Bergen AW; Swan GE; Tyndale RF; Lerman C; Conti DV,candidate_paper_corpus | disorder:paper_library
1222,10.1016/j.addbeh.2013.08.014,PRO-LAD,Substance use disorder,Pharmacological treatment of comorbid PTSD and substance use disorder: recent progress.,2014,Sofuoglu M; Rosenheck R; Petrakis I,candidate_paper_corpus | disorder:paper_library
1224,10.1177/0269881114548296,PRO-LAD,Tobacco use disorder,Pilot study of the 5-HT2AR agonist psilocybin in the treatment of tobacco addiction.,2014,Johnson MW; Garcia-Romeu A; Cosimano MP; Griffiths RR,candidate_paper_corpus | disorder:exploratory | disorder:paper_library | disorder:stubs
1231,10.1111/add.12636,PRO-LAD,Methamphetamine use disorder,"Randomized, placebo-controlled trial of bupropion in methamphetamine-dependent participants with less than daily methamphetamine use.",2014,Heinzerling KG; Swanson AN; Hall TM; Yi Y; Wu Y; Shoptaw SJ,candidate_paper_corpus | disorder:paper_library
1241,10.1176/appi.ajp.2013.13030392,PRO-LAD,Treatment-resistant depression,Antidepressant efficacy of ketamine in treatment-resistant major depression: a two-site randomized controlled trial.,2013,Murrough JW; Iosifescu DV; Chang LC; Al Jurdi RK; Green CE; Perez AM; Iqbal S; Pillemer S; Foulkes A; Shah A,candidate_paper_corpus | disorder:paper_library | disorder:stubs
1253,10.1002/14651858.cd003388.pub4,PRO-LAD,Post-traumatic stress disorder,Psychological therapies for chronic post-traumatic stress disorder (PTSD) in adults.,2013,Bisson JI; Roberts NP; Andrew M; Cooper R; Lewis C,candidate_paper_corpus | disorder:paper_library
1258,10.1093/ntr/nts146,PRO-LAD,Substance use disorder,"Varenicline to stop long-term nicotine replacement use: a double-blind, randomized, placebo-controlled trial.",2013,Tønnesen P; Mikkelsen K,candidate_paper_corpus | disorder:paper_library
1259,10.1097/jcp.0b013e3182870551,PRO-LAD,Nicotine dependence,"Varenicline treatment of concurrent alcohol and nicotine dependence in schizophrenia: a randomized, placebo-controlled pilot trial.",2013,Meszaros ZS; Abdul-Malak Y; Dimmock JA; Wang D; Ajagbe TO; Batki SL,candidate_paper_corpus | disorder:paper_library
1283,10.1111/j.1526-4610.2011.01953.x,PRO-LAD,Migraine,Decoding chronic migraine: translating clinical trial data into optimal outcomes with novel therapies.,2011,Aurora SK,candidate_paper_corpus | disorder:paper_library
1291,10.1016/j.jaac.2011.06.010,PRO-LAD,Substance use disorder,Randomized controlled trial of osmotic-release methylphenidate with cognitive-behavioral therapy in adolescents with attention-deficit/hyperactivity disorder and substance use disorders.,2011,Riggs PD; Winhusen T; Davies RD; Leimberger JD; Mikulich-Gilbertson S; Klein C; Macdonald M; Lohman M; Bailey GL; Haynes L,candidate_paper_corpus | disorder:paper_library
1306,10.1080/10550490902787007,PRO-LAD,Substance use disorder,"A randomized, double-blind, placebo-controlled trial of naltrexone in the treatment of concurrent alcohol use disorder and pathological gambling.",2009,Toneatto T; Brands B; Selby P,candidate_paper_corpus | disorder:paper_library
1307,10.1097/jcp.0b013e3181ac935c,PRO-LAD,Generalized anxiety disorder,"A randomized, double-blind, placebo-controlled trial of oral Matricaria recutita (chamomile) extract therapy for generalized anxiety disorder.",2009,Amsterdam JD; Li Y; Soeller I; Rockwell K; Mao JJ; Shults J,candidate_paper_corpus | disorder:paper_library
1338,10.1177/0269881108093587,PRO-LAD,Substance use disorder,Human hallucinogen research: guidelines for safety.,2008,Johnson M; Richards W; Griffiths R,candidate_paper_corpus | disorder:paper_library
1362,10.1001/archpsyc.63.8.856,PRO-LAD,Treatment-resistant depression,A randomized trial of an N-methyl-D-aspartate antagonist in treatment-resistant major depression.,2006,Zarate CA Jr; Singh JB; Carlson PJ; Brutsche NE; Ameli R; Luckenbaugh DA; Charney DS; Manji HK,candidate_paper_corpus | disorder:paper_library | mechanistic:paper_library
1372,10.1111/j.1368-5031.2006.0973c.x,PRO-LAD,Nicotine dependence,The neurobiological basis for partial agonist treatment of nicotine dependence.,2006,Aveyard P,candidate_paper_corpus | disorder:paper_library
1373,10.1111/j.1368-5031.2006.00955.x,PRO-LAD,Nicotine dependence,The neurobiological basis for partial agonist treatment of nicotine dependence: varenicline.,2006,Foulds J,candidate_paper_corpus | disorder:paper_library
1408,10.1080/1462220031000094178,PRO-LAD,Nicotine dependence,Nicotine dependence and treatment outcome among African American cocaine-dependent patients.,2003,Patkar AA; Vergare MJ; Thornton CC; Weinstein SP; Murray HW; Leone FT,candidate_paper_corpus | disorder:paper_library
1461,10.1016/0005-7967(93)90075-6,PRO-LAD,Demoralization,Predicting outcome after treatment for generalised anxiety disorder.,1993,Butler G,candidate_paper_corpus | disorder:paper_library
