seed_id,dataset,family,query,compound,entity,entity_type,template
disorder_02258,disorder,pair_core,2C-I Social anxiety disorder treatment outcome,2C-I,Social anxiety disorder,indication,{compound} {entity} treatment outcome
disorder_02259,disorder,pair_core,2C-I Distress associated with life-threatening disease clinical trial,2C-I,Distress associated with life-threatening disease,indication,{compound} {entity} clinical trial
disorder_02260,disorder,pair_core,2C-I Distress associated with life-threatening disease randomized placebo,2C-I,Distress associated with life-threatening disease,indication,{compound} {entity} randomized placebo
disorder_02261,disorder,pair_core,2C-I Distress associated with life-threatening disease treatment outcome,2C-I,Distress associated with life-threatening disease,indication,{compound} {entity} treatment outcome
disorder_02262,disorder,pair_core,2C-I Obsessive-compulsive disorder clinical trial,2C-I,Obsessive-compulsive disorder,indication,{compound} {entity} clinical trial
disorder_02263,disorder,pair_core,2C-I Obsessive-compulsive disorder randomized placebo,2C-I,Obsessive-compulsive disorder,indication,{compound} {entity} randomized placebo
disorder_02264,disorder,pair_core,2C-I Obsessive-compulsive disorder treatment outcome,2C-I,Obsessive-compulsive disorder,indication,{compound} {entity} treatment outcome
disorder_02265,disorder,pair_core,2C-I Eating disorders clinical trial,2C-I,Eating disorders,indication,{compound} {entity} clinical trial
disorder_02266,disorder,pair_core,2C-I Eating disorders randomized placebo,2C-I,Eating disorders,indication,{compound} {entity} randomized placebo
disorder_02267,disorder,pair_core,2C-I Eating disorders treatment outcome,2C-I,Eating disorders,indication,{compound} {entity} treatment outcome
disorder_02268,disorder,pair_core,2C-I Anorexia nervosa clinical trial,2C-I,Anorexia nervosa,indication,{compound} {entity} clinical trial
disorder_02269,disorder,pair_core,2C-I Anorexia nervosa randomized placebo,2C-I,Anorexia nervosa,indication,{compound} {entity} randomized placebo
disorder_02270,disorder,pair_core,2C-I Anorexia nervosa treatment outcome,2C-I,Anorexia nervosa,indication,{compound} {entity} treatment outcome
disorder_02271,disorder,pair_core,2C-I Bulimia nervosa clinical trial,2C-I,Bulimia nervosa,indication,{compound} {entity} clinical trial
disorder_02272,disorder,pair_core,2C-I Bulimia nervosa randomized placebo,2C-I,Bulimia nervosa,indication,{compound} {entity} randomized placebo
disorder_02273,disorder,pair_core,2C-I Bulimia nervosa treatment outcome,2C-I,Bulimia nervosa,indication,{compound} {entity} treatment outcome
disorder_02274,disorder,pair_core,2C-I Binge-eating disorder clinical trial,2C-I,Binge-eating disorder,indication,{compound} {entity} clinical trial
disorder_02275,disorder,pair_core,2C-I Binge-eating disorder randomized placebo,2C-I,Binge-eating disorder,indication,{compound} {entity} randomized placebo
disorder_02276,disorder,pair_core,2C-I Binge-eating disorder treatment outcome,2C-I,Binge-eating disorder,indication,{compound} {entity} treatment outcome
disorder_02277,disorder,pair_core,2C-I Autism spectrum disorder clinical trial,2C-I,Autism spectrum disorder,indication,{compound} {entity} clinical trial
disorder_02278,disorder,pair_core,2C-I Autism spectrum disorder randomized placebo,2C-I,Autism spectrum disorder,indication,{compound} {entity} randomized placebo
disorder_02279,disorder,pair_core,2C-I Autism spectrum disorder treatment outcome,2C-I,Autism spectrum disorder,indication,{compound} {entity} treatment outcome
disorder_02280,disorder,pair_core,2C-I Demoralization clinical trial,2C-I,Demoralization,indication,{compound} {entity} clinical trial
disorder_02281,disorder,pair_core,2C-I Demoralization randomized placebo,2C-I,Demoralization,indication,{compound} {entity} randomized placebo
disorder_02282,disorder,pair_core,2C-I Demoralization treatment outcome,2C-I,Demoralization,indication,{compound} {entity} treatment outcome
disorder_02283,disorder,pair_core,2C-I Suicidal ideation clinical trial,2C-I,Suicidal ideation,indication,{compound} {entity} clinical trial
disorder_02284,disorder,pair_core,2C-I Suicidal ideation randomized placebo,2C-I,Suicidal ideation,indication,{compound} {entity} randomized placebo
disorder_02285,disorder,pair_core,2C-I Suicidal ideation treatment outcome,2C-I,Suicidal ideation,indication,{compound} {entity} treatment outcome
disorder_02286,disorder,pair_core,2C-I Cluster headache clinical trial,2C-I,Cluster headache,indication,{compound} {entity} clinical trial
disorder_02287,disorder,pair_core,2C-I Cluster headache randomized placebo,2C-I,Cluster headache,indication,{compound} {entity} randomized placebo
disorder_02288,disorder,pair_core,2C-I Cluster headache treatment outcome,2C-I,Cluster headache,indication,{compound} {entity} treatment outcome
disorder_02289,disorder,pair_core,2C-I Headache disorders clinical trial,2C-I,Headache disorders,indication,{compound} {entity} clinical trial
disorder_02290,disorder,pair_core,2C-I Headache disorders randomized placebo,2C-I,Headache disorders,indication,{compound} {entity} randomized placebo
disorder_02291,disorder,pair_core,2C-I Headache disorders treatment outcome,2C-I,Headache disorders,indication,{compound} {entity} treatment outcome
disorder_02292,disorder,pair_core,2C-I Migraine clinical trial,2C-I,Migraine,indication,{compound} {entity} clinical trial
disorder_02293,disorder,pair_core,2C-I Migraine randomized placebo,2C-I,Migraine,indication,{compound} {entity} randomized placebo
disorder_02294,disorder,pair_core,2C-I Migraine treatment outcome,2C-I,Migraine,indication,{compound} {entity} treatment outcome
disorder_02295,disorder,pair_core,2C-I Chronic pain clinical trial,2C-I,Chronic pain,indication,{compound} {entity} clinical trial
disorder_02296,disorder,pair_core,2C-I Chronic pain randomized placebo,2C-I,Chronic pain,indication,{compound} {entity} randomized placebo
disorder_02297,disorder,pair_core,2C-I Chronic pain treatment outcome,2C-I,Chronic pain,indication,{compound} {entity} treatment outcome
disorder_02298,disorder,pair_core,2C-I Fibromyalgia clinical trial,2C-I,Fibromyalgia,indication,{compound} {entity} clinical trial
disorder_02299,disorder,pair_core,2C-I Fibromyalgia randomized placebo,2C-I,Fibromyalgia,indication,{compound} {entity} randomized placebo
disorder_02300,disorder,pair_core,2C-I Fibromyalgia treatment outcome,2C-I,Fibromyalgia,indication,{compound} {entity} treatment outcome
disorder_02301,disorder,pair_core,2C-T-2 Treatment-resistant depression clinical trial,2C-T-2,Treatment-resistant depression,indication,{compound} {entity} clinical trial
disorder_02302,disorder,pair_core,2C-T-2 Treatment-resistant depression randomized placebo,2C-T-2,Treatment-resistant depression,indication,{compound} {entity} randomized placebo
disorder_02303,disorder,pair_core,2C-T-2 Treatment-resistant depression treatment outcome,2C-T-2,Treatment-resistant depression,indication,{compound} {entity} treatment outcome
disorder_02304,disorder,pair_core,2C-T-2 Major depressive disorder clinical trial,2C-T-2,Major depressive disorder,indication,{compound} {entity} clinical trial
disorder_02305,disorder,pair_core,2C-T-2 Major depressive disorder randomized placebo,2C-T-2,Major depressive disorder,indication,{compound} {entity} randomized placebo
disorder_02306,disorder,pair_core,2C-T-2 Major depressive disorder treatment outcome,2C-T-2,Major depressive disorder,indication,{compound} {entity} treatment outcome
disorder_02307,disorder,pair_core,2C-T-2 Bipolar depression clinical trial,2C-T-2,Bipolar depression,indication,{compound} {entity} clinical trial
disorder_02308,disorder,pair_core,2C-T-2 Bipolar depression randomized placebo,2C-T-2,Bipolar depression,indication,{compound} {entity} randomized placebo
disorder_02309,disorder,pair_core,2C-T-2 Bipolar depression treatment outcome,2C-T-2,Bipolar depression,indication,{compound} {entity} treatment outcome
disorder_02310,disorder,pair_core,2C-T-2 Persistent depressive disorder clinical trial,2C-T-2,Persistent depressive disorder,indication,{compound} {entity} clinical trial
disorder_02311,disorder,pair_core,2C-T-2 Persistent depressive disorder randomized placebo,2C-T-2,Persistent depressive disorder,indication,{compound} {entity} randomized placebo
disorder_02312,disorder,pair_core,2C-T-2 Persistent depressive disorder treatment outcome,2C-T-2,Persistent depressive disorder,indication,{compound} {entity} treatment outcome
disorder_02313,disorder,pair_core,2C-T-2 Post-traumatic stress disorder clinical trial,2C-T-2,Post-traumatic stress disorder,indication,{compound} {entity} clinical trial
disorder_02314,disorder,pair_core,2C-T-2 Post-traumatic stress disorder randomized placebo,2C-T-2,Post-traumatic stress disorder,indication,{compound} {entity} randomized placebo
disorder_02315,disorder,pair_core,2C-T-2 Post-traumatic stress disorder treatment outcome,2C-T-2,Post-traumatic stress disorder,indication,{compound} {entity} treatment outcome
disorder_02316,disorder,pair_core,2C-T-2 Complex post-traumatic stress disorder clinical trial,2C-T-2,Complex post-traumatic stress disorder,indication,{compound} {entity} clinical trial
disorder_02317,disorder,pair_core,2C-T-2 Complex post-traumatic stress disorder randomized placebo,2C-T-2,Complex post-traumatic stress disorder,indication,{compound} {entity} randomized placebo
disorder_02318,disorder,pair_core,2C-T-2 Complex post-traumatic stress disorder treatment outcome,2C-T-2,Complex post-traumatic stress disorder,indication,{compound} {entity} treatment outcome
disorder_02319,disorder,pair_core,2C-T-2 Alcohol use disorder clinical trial,2C-T-2,Alcohol use disorder,indication,{compound} {entity} clinical trial
disorder_02320,disorder,pair_core,2C-T-2 Alcohol use disorder randomized placebo,2C-T-2,Alcohol use disorder,indication,{compound} {entity} randomized placebo
disorder_02321,disorder,pair_core,2C-T-2 Alcohol use disorder treatment outcome,2C-T-2,Alcohol use disorder,indication,{compound} {entity} treatment outcome
disorder_02322,disorder,pair_core,2C-T-2 Tobacco use disorder clinical trial,2C-T-2,Tobacco use disorder,indication,{compound} {entity} clinical trial
disorder_02323,disorder,pair_core,2C-T-2 Tobacco use disorder randomized placebo,2C-T-2,Tobacco use disorder,indication,{compound} {entity} randomized placebo
disorder_02324,disorder,pair_core,2C-T-2 Tobacco use disorder treatment outcome,2C-T-2,Tobacco use disorder,indication,{compound} {entity} treatment outcome
disorder_02325,disorder,pair_core,2C-T-2 Nicotine dependence clinical trial,2C-T-2,Nicotine dependence,indication,{compound} {entity} clinical trial
disorder_02326,disorder,pair_core,2C-T-2 Nicotine dependence randomized placebo,2C-T-2,Nicotine dependence,indication,{compound} {entity} randomized placebo
disorder_02327,disorder,pair_core,2C-T-2 Nicotine dependence treatment outcome,2C-T-2,Nicotine dependence,indication,{compound} {entity} treatment outcome
disorder_02328,disorder,pair_core,2C-T-2 Opioid use disorder clinical trial,2C-T-2,Opioid use disorder,indication,{compound} {entity} clinical trial
disorder_02329,disorder,pair_core,2C-T-2 Opioid use disorder randomized placebo,2C-T-2,Opioid use disorder,indication,{compound} {entity} randomized placebo
disorder_02330,disorder,pair_core,2C-T-2 Opioid use disorder treatment outcome,2C-T-2,Opioid use disorder,indication,{compound} {entity} treatment outcome
disorder_02331,disorder,pair_core,2C-T-2 Cannabis use disorder clinical trial,2C-T-2,Cannabis use disorder,indication,{compound} {entity} clinical trial
disorder_02332,disorder,pair_core,2C-T-2 Cannabis use disorder randomized placebo,2C-T-2,Cannabis use disorder,indication,{compound} {entity} randomized placebo
disorder_02333,disorder,pair_core,2C-T-2 Cannabis use disorder treatment outcome,2C-T-2,Cannabis use disorder,indication,{compound} {entity} treatment outcome
disorder_02334,disorder,pair_core,2C-T-2 Cocaine use disorder clinical trial,2C-T-2,Cocaine use disorder,indication,{compound} {entity} clinical trial
disorder_02335,disorder,pair_core,2C-T-2 Cocaine use disorder randomized placebo,2C-T-2,Cocaine use disorder,indication,{compound} {entity} randomized placebo
disorder_02336,disorder,pair_core,2C-T-2 Cocaine use disorder treatment outcome,2C-T-2,Cocaine use disorder,indication,{compound} {entity} treatment outcome
disorder_02337,disorder,pair_core,2C-T-2 Methamphetamine use disorder clinical trial,2C-T-2,Methamphetamine use disorder,indication,{compound} {entity} clinical trial
disorder_02338,disorder,pair_core,2C-T-2 Methamphetamine use disorder randomized placebo,2C-T-2,Methamphetamine use disorder,indication,{compound} {entity} randomized placebo
disorder_02339,disorder,pair_core,2C-T-2 Methamphetamine use disorder treatment outcome,2C-T-2,Methamphetamine use disorder,indication,{compound} {entity} treatment outcome
disorder_02340,disorder,pair_core,2C-T-2 Stimulant use disorder clinical trial,2C-T-2,Stimulant use disorder,indication,{compound} {entity} clinical trial
disorder_02341,disorder,pair_core,2C-T-2 Stimulant use disorder randomized placebo,2C-T-2,Stimulant use disorder,indication,{compound} {entity} randomized placebo
disorder_02342,disorder,pair_core,2C-T-2 Stimulant use disorder treatment outcome,2C-T-2,Stimulant use disorder,indication,{compound} {entity} treatment outcome
disorder_02343,disorder,pair_core,2C-T-2 Substance use disorder clinical trial,2C-T-2,Substance use disorder,indication,{compound} {entity} clinical trial
disorder_02344,disorder,pair_core,2C-T-2 Substance use disorder randomized placebo,2C-T-2,Substance use disorder,indication,{compound} {entity} randomized placebo
disorder_02345,disorder,pair_core,2C-T-2 Substance use disorder treatment outcome,2C-T-2,Substance use disorder,indication,{compound} {entity} treatment outcome
disorder_02346,disorder,pair_core,2C-T-2 Generalized anxiety disorder clinical trial,2C-T-2,Generalized anxiety disorder,indication,{compound} {entity} clinical trial
disorder_02347,disorder,pair_core,2C-T-2 Generalized anxiety disorder randomized placebo,2C-T-2,Generalized anxiety disorder,indication,{compound} {entity} randomized placebo
disorder_02348,disorder,pair_core,2C-T-2 Generalized anxiety disorder treatment outcome,2C-T-2,Generalized anxiety disorder,indication,{compound} {entity} treatment outcome
disorder_02349,disorder,pair_core,2C-T-2 Social anxiety disorder clinical trial,2C-T-2,Social anxiety disorder,indication,{compound} {entity} clinical trial
disorder_02350,disorder,pair_core,2C-T-2 Social anxiety disorder randomized placebo,2C-T-2,Social anxiety disorder,indication,{compound} {entity} randomized placebo
disorder_02351,disorder,pair_core,2C-T-2 Social anxiety disorder treatment outcome,2C-T-2,Social anxiety disorder,indication,{compound} {entity} treatment outcome
disorder_02352,disorder,pair_core,2C-T-2 Distress associated with life-threatening disease clinical trial,2C-T-2,Distress associated with life-threatening disease,indication,{compound} {entity} clinical trial
disorder_02353,disorder,pair_core,2C-T-2 Distress associated with life-threatening disease randomized placebo,2C-T-2,Distress associated with life-threatening disease,indication,{compound} {entity} randomized placebo
disorder_02354,disorder,pair_core,2C-T-2 Distress associated with life-threatening disease treatment outcome,2C-T-2,Distress associated with life-threatening disease,indication,{compound} {entity} treatment outcome
disorder_02355,disorder,pair_core,2C-T-2 Obsessive-compulsive disorder clinical trial,2C-T-2,Obsessive-compulsive disorder,indication,{compound} {entity} clinical trial
disorder_02356,disorder,pair_core,2C-T-2 Obsessive-compulsive disorder randomized placebo,2C-T-2,Obsessive-compulsive disorder,indication,{compound} {entity} randomized placebo
disorder_02357,disorder,pair_core,2C-T-2 Obsessive-compulsive disorder treatment outcome,2C-T-2,Obsessive-compulsive disorder,indication,{compound} {entity} treatment outcome
disorder_02358,disorder,pair_core,2C-T-2 Eating disorders clinical trial,2C-T-2,Eating disorders,indication,{compound} {entity} clinical trial
disorder_02359,disorder,pair_core,2C-T-2 Eating disorders randomized placebo,2C-T-2,Eating disorders,indication,{compound} {entity} randomized placebo
disorder_02360,disorder,pair_core,2C-T-2 Eating disorders treatment outcome,2C-T-2,Eating disorders,indication,{compound} {entity} treatment outcome
disorder_02361,disorder,pair_core,2C-T-2 Anorexia nervosa clinical trial,2C-T-2,Anorexia nervosa,indication,{compound} {entity} clinical trial
disorder_02362,disorder,pair_core,2C-T-2 Anorexia nervosa randomized placebo,2C-T-2,Anorexia nervosa,indication,{compound} {entity} randomized placebo
disorder_02363,disorder,pair_core,2C-T-2 Anorexia nervosa treatment outcome,2C-T-2,Anorexia nervosa,indication,{compound} {entity} treatment outcome
disorder_02364,disorder,pair_core,2C-T-2 Bulimia nervosa clinical trial,2C-T-2,Bulimia nervosa,indication,{compound} {entity} clinical trial
disorder_02365,disorder,pair_core,2C-T-2 Bulimia nervosa randomized placebo,2C-T-2,Bulimia nervosa,indication,{compound} {entity} randomized placebo
disorder_02366,disorder,pair_core,2C-T-2 Bulimia nervosa treatment outcome,2C-T-2,Bulimia nervosa,indication,{compound} {entity} treatment outcome
disorder_02367,disorder,pair_core,2C-T-2 Binge-eating disorder clinical trial,2C-T-2,Binge-eating disorder,indication,{compound} {entity} clinical trial
disorder_02368,disorder,pair_core,2C-T-2 Binge-eating disorder randomized placebo,2C-T-2,Binge-eating disorder,indication,{compound} {entity} randomized placebo
disorder_02369,disorder,pair_core,2C-T-2 Binge-eating disorder treatment outcome,2C-T-2,Binge-eating disorder,indication,{compound} {entity} treatment outcome
disorder_02370,disorder,pair_core,2C-T-2 Autism spectrum disorder clinical trial,2C-T-2,Autism spectrum disorder,indication,{compound} {entity} clinical trial
disorder_02371,disorder,pair_core,2C-T-2 Autism spectrum disorder randomized placebo,2C-T-2,Autism spectrum disorder,indication,{compound} {entity} randomized placebo
disorder_02372,disorder,pair_core,2C-T-2 Autism spectrum disorder treatment outcome,2C-T-2,Autism spectrum disorder,indication,{compound} {entity} treatment outcome
disorder_02373,disorder,pair_core,2C-T-2 Demoralization clinical trial,2C-T-2,Demoralization,indication,{compound} {entity} clinical trial
disorder_02374,disorder,pair_core,2C-T-2 Demoralization randomized placebo,2C-T-2,Demoralization,indication,{compound} {entity} randomized placebo
disorder_02375,disorder,pair_core,2C-T-2 Demoralization treatment outcome,2C-T-2,Demoralization,indication,{compound} {entity} treatment outcome
disorder_02376,disorder,pair_core,2C-T-2 Suicidal ideation clinical trial,2C-T-2,Suicidal ideation,indication,{compound} {entity} clinical trial
disorder_02377,disorder,pair_core,2C-T-2 Suicidal ideation randomized placebo,2C-T-2,Suicidal ideation,indication,{compound} {entity} randomized placebo
disorder_02378,disorder,pair_core,2C-T-2 Suicidal ideation treatment outcome,2C-T-2,Suicidal ideation,indication,{compound} {entity} treatment outcome
disorder_02379,disorder,pair_core,2C-T-2 Cluster headache clinical trial,2C-T-2,Cluster headache,indication,{compound} {entity} clinical trial
disorder_02380,disorder,pair_core,2C-T-2 Cluster headache randomized placebo,2C-T-2,Cluster headache,indication,{compound} {entity} randomized placebo
disorder_02381,disorder,pair_core,2C-T-2 Cluster headache treatment outcome,2C-T-2,Cluster headache,indication,{compound} {entity} treatment outcome
disorder_02382,disorder,pair_core,2C-T-2 Headache disorders clinical trial,2C-T-2,Headache disorders,indication,{compound} {entity} clinical trial
disorder_02383,disorder,pair_core,2C-T-2 Headache disorders randomized placebo,2C-T-2,Headache disorders,indication,{compound} {entity} randomized placebo
disorder_02384,disorder,pair_core,2C-T-2 Headache disorders treatment outcome,2C-T-2,Headache disorders,indication,{compound} {entity} treatment outcome
disorder_02385,disorder,pair_core,2C-T-2 Migraine clinical trial,2C-T-2,Migraine,indication,{compound} {entity} clinical trial
disorder_02386,disorder,pair_core,2C-T-2 Migraine randomized placebo,2C-T-2,Migraine,indication,{compound} {entity} randomized placebo
disorder_02387,disorder,pair_core,2C-T-2 Migraine treatment outcome,2C-T-2,Migraine,indication,{compound} {entity} treatment outcome
disorder_02388,disorder,pair_core,2C-T-2 Chronic pain clinical trial,2C-T-2,Chronic pain,indication,{compound} {entity} clinical trial
disorder_02389,disorder,pair_core,2C-T-2 Chronic pain randomized placebo,2C-T-2,Chronic pain,indication,{compound} {entity} randomized placebo
disorder_02390,disorder,pair_core,2C-T-2 Chronic pain treatment outcome,2C-T-2,Chronic pain,indication,{compound} {entity} treatment outcome
disorder_02391,disorder,pair_core,2C-T-2 Fibromyalgia clinical trial,2C-T-2,Fibromyalgia,indication,{compound} {entity} clinical trial
disorder_02392,disorder,pair_core,2C-T-2 Fibromyalgia randomized placebo,2C-T-2,Fibromyalgia,indication,{compound} {entity} randomized placebo
disorder_02393,disorder,pair_core,2C-T-2 Fibromyalgia treatment outcome,2C-T-2,Fibromyalgia,indication,{compound} {entity} treatment outcome
disorder_02394,disorder,pair_core,2C-T-7 Treatment-resistant depression clinical trial,2C-T-7,Treatment-resistant depression,indication,{compound} {entity} clinical trial
disorder_02395,disorder,pair_core,2C-T-7 Treatment-resistant depression randomized placebo,2C-T-7,Treatment-resistant depression,indication,{compound} {entity} randomized placebo
disorder_02396,disorder,pair_core,2C-T-7 Treatment-resistant depression treatment outcome,2C-T-7,Treatment-resistant depression,indication,{compound} {entity} treatment outcome
disorder_02397,disorder,pair_core,2C-T-7 Major depressive disorder clinical trial,2C-T-7,Major depressive disorder,indication,{compound} {entity} clinical trial
disorder_02398,disorder,pair_core,2C-T-7 Major depressive disorder randomized placebo,2C-T-7,Major depressive disorder,indication,{compound} {entity} randomized placebo
disorder_02399,disorder,pair_core,2C-T-7 Major depressive disorder treatment outcome,2C-T-7,Major depressive disorder,indication,{compound} {entity} treatment outcome
disorder_02400,disorder,pair_core,2C-T-7 Bipolar depression clinical trial,2C-T-7,Bipolar depression,indication,{compound} {entity} clinical trial
disorder_02401,disorder,pair_core,2C-T-7 Bipolar depression randomized placebo,2C-T-7,Bipolar depression,indication,{compound} {entity} randomized placebo
disorder_02402,disorder,pair_core,2C-T-7 Bipolar depression treatment outcome,2C-T-7,Bipolar depression,indication,{compound} {entity} treatment outcome
disorder_02403,disorder,pair_core,2C-T-7 Persistent depressive disorder clinical trial,2C-T-7,Persistent depressive disorder,indication,{compound} {entity} clinical trial
disorder_02404,disorder,pair_core,2C-T-7 Persistent depressive disorder randomized placebo,2C-T-7,Persistent depressive disorder,indication,{compound} {entity} randomized placebo
disorder_02405,disorder,pair_core,2C-T-7 Persistent depressive disorder treatment outcome,2C-T-7,Persistent depressive disorder,indication,{compound} {entity} treatment outcome
disorder_02406,disorder,pair_core,2C-T-7 Post-traumatic stress disorder clinical trial,2C-T-7,Post-traumatic stress disorder,indication,{compound} {entity} clinical trial
disorder_02407,disorder,pair_core,2C-T-7 Post-traumatic stress disorder randomized placebo,2C-T-7,Post-traumatic stress disorder,indication,{compound} {entity} randomized placebo
disorder_02408,disorder,pair_core,2C-T-7 Post-traumatic stress disorder treatment outcome,2C-T-7,Post-traumatic stress disorder,indication,{compound} {entity} treatment outcome
disorder_02409,disorder,pair_core,2C-T-7 Complex post-traumatic stress disorder clinical trial,2C-T-7,Complex post-traumatic stress disorder,indication,{compound} {entity} clinical trial
disorder_02410,disorder,pair_core,2C-T-7 Complex post-traumatic stress disorder randomized placebo,2C-T-7,Complex post-traumatic stress disorder,indication,{compound} {entity} randomized placebo
disorder_02411,disorder,pair_core,2C-T-7 Complex post-traumatic stress disorder treatment outcome,2C-T-7,Complex post-traumatic stress disorder,indication,{compound} {entity} treatment outcome
disorder_02412,disorder,pair_core,2C-T-7 Alcohol use disorder clinical trial,2C-T-7,Alcohol use disorder,indication,{compound} {entity} clinical trial
disorder_02413,disorder,pair_core,2C-T-7 Alcohol use disorder randomized placebo,2C-T-7,Alcohol use disorder,indication,{compound} {entity} randomized placebo
disorder_02414,disorder,pair_core,2C-T-7 Alcohol use disorder treatment outcome,2C-T-7,Alcohol use disorder,indication,{compound} {entity} treatment outcome
disorder_02415,disorder,pair_core,2C-T-7 Tobacco use disorder clinical trial,2C-T-7,Tobacco use disorder,indication,{compound} {entity} clinical trial
disorder_02416,disorder,pair_core,2C-T-7 Tobacco use disorder randomized placebo,2C-T-7,Tobacco use disorder,indication,{compound} {entity} randomized placebo
disorder_02417,disorder,pair_core,2C-T-7 Tobacco use disorder treatment outcome,2C-T-7,Tobacco use disorder,indication,{compound} {entity} treatment outcome
disorder_02418,disorder,pair_core,2C-T-7 Nicotine dependence clinical trial,2C-T-7,Nicotine dependence,indication,{compound} {entity} clinical trial
disorder_02419,disorder,pair_core,2C-T-7 Nicotine dependence randomized placebo,2C-T-7,Nicotine dependence,indication,{compound} {entity} randomized placebo
disorder_02420,disorder,pair_core,2C-T-7 Nicotine dependence treatment outcome,2C-T-7,Nicotine dependence,indication,{compound} {entity} treatment outcome
disorder_02421,disorder,pair_core,2C-T-7 Opioid use disorder clinical trial,2C-T-7,Opioid use disorder,indication,{compound} {entity} clinical trial
disorder_02422,disorder,pair_core,2C-T-7 Opioid use disorder randomized placebo,2C-T-7,Opioid use disorder,indication,{compound} {entity} randomized placebo
disorder_02423,disorder,pair_core,2C-T-7 Opioid use disorder treatment outcome,2C-T-7,Opioid use disorder,indication,{compound} {entity} treatment outcome
disorder_02424,disorder,pair_core,2C-T-7 Cannabis use disorder clinical trial,2C-T-7,Cannabis use disorder,indication,{compound} {entity} clinical trial
disorder_02425,disorder,pair_core,2C-T-7 Cannabis use disorder randomized placebo,2C-T-7,Cannabis use disorder,indication,{compound} {entity} randomized placebo
disorder_02426,disorder,pair_core,2C-T-7 Cannabis use disorder treatment outcome,2C-T-7,Cannabis use disorder,indication,{compound} {entity} treatment outcome
disorder_02427,disorder,pair_core,2C-T-7 Cocaine use disorder clinical trial,2C-T-7,Cocaine use disorder,indication,{compound} {entity} clinical trial
disorder_02428,disorder,pair_core,2C-T-7 Cocaine use disorder randomized placebo,2C-T-7,Cocaine use disorder,indication,{compound} {entity} randomized placebo
disorder_02429,disorder,pair_core,2C-T-7 Cocaine use disorder treatment outcome,2C-T-7,Cocaine use disorder,indication,{compound} {entity} treatment outcome
disorder_02430,disorder,pair_core,2C-T-7 Methamphetamine use disorder clinical trial,2C-T-7,Methamphetamine use disorder,indication,{compound} {entity} clinical trial
disorder_02431,disorder,pair_core,2C-T-7 Methamphetamine use disorder randomized placebo,2C-T-7,Methamphetamine use disorder,indication,{compound} {entity} randomized placebo
disorder_02432,disorder,pair_core,2C-T-7 Methamphetamine use disorder treatment outcome,2C-T-7,Methamphetamine use disorder,indication,{compound} {entity} treatment outcome
disorder_02433,disorder,pair_core,2C-T-7 Stimulant use disorder clinical trial,2C-T-7,Stimulant use disorder,indication,{compound} {entity} clinical trial
disorder_02434,disorder,pair_core,2C-T-7 Stimulant use disorder randomized placebo,2C-T-7,Stimulant use disorder,indication,{compound} {entity} randomized placebo
disorder_02435,disorder,pair_core,2C-T-7 Stimulant use disorder treatment outcome,2C-T-7,Stimulant use disorder,indication,{compound} {entity} treatment outcome
disorder_02436,disorder,pair_core,2C-T-7 Substance use disorder clinical trial,2C-T-7,Substance use disorder,indication,{compound} {entity} clinical trial
disorder_02437,disorder,pair_core,2C-T-7 Substance use disorder randomized placebo,2C-T-7,Substance use disorder,indication,{compound} {entity} randomized placebo
disorder_02438,disorder,pair_core,2C-T-7 Substance use disorder treatment outcome,2C-T-7,Substance use disorder,indication,{compound} {entity} treatment outcome
disorder_02439,disorder,pair_core,2C-T-7 Generalized anxiety disorder clinical trial,2C-T-7,Generalized anxiety disorder,indication,{compound} {entity} clinical trial
disorder_02440,disorder,pair_core,2C-T-7 Generalized anxiety disorder randomized placebo,2C-T-7,Generalized anxiety disorder,indication,{compound} {entity} randomized placebo
disorder_02441,disorder,pair_core,2C-T-7 Generalized anxiety disorder treatment outcome,2C-T-7,Generalized anxiety disorder,indication,{compound} {entity} treatment outcome
disorder_02442,disorder,pair_core,2C-T-7 Social anxiety disorder clinical trial,2C-T-7,Social anxiety disorder,indication,{compound} {entity} clinical trial
disorder_02443,disorder,pair_core,2C-T-7 Social anxiety disorder randomized placebo,2C-T-7,Social anxiety disorder,indication,{compound} {entity} randomized placebo
disorder_02444,disorder,pair_core,2C-T-7 Social anxiety disorder treatment outcome,2C-T-7,Social anxiety disorder,indication,{compound} {entity} treatment outcome
disorder_02445,disorder,pair_core,2C-T-7 Distress associated with life-threatening disease clinical trial,2C-T-7,Distress associated with life-threatening disease,indication,{compound} {entity} clinical trial
disorder_02446,disorder,pair_core,2C-T-7 Distress associated with life-threatening disease randomized placebo,2C-T-7,Distress associated with life-threatening disease,indication,{compound} {entity} randomized placebo
disorder_02447,disorder,pair_core,2C-T-7 Distress associated with life-threatening disease treatment outcome,2C-T-7,Distress associated with life-threatening disease,indication,{compound} {entity} treatment outcome
disorder_02448,disorder,pair_core,2C-T-7 Obsessive-compulsive disorder clinical trial,2C-T-7,Obsessive-compulsive disorder,indication,{compound} {entity} clinical trial
disorder_02449,disorder,pair_core,2C-T-7 Obsessive-compulsive disorder randomized placebo,2C-T-7,Obsessive-compulsive disorder,indication,{compound} {entity} randomized placebo
disorder_02450,disorder,pair_core,2C-T-7 Obsessive-compulsive disorder treatment outcome,2C-T-7,Obsessive-compulsive disorder,indication,{compound} {entity} treatment outcome
disorder_02451,disorder,pair_core,2C-T-7 Eating disorders clinical trial,2C-T-7,Eating disorders,indication,{compound} {entity} clinical trial
disorder_02452,disorder,pair_core,2C-T-7 Eating disorders randomized placebo,2C-T-7,Eating disorders,indication,{compound} {entity} randomized placebo
disorder_02453,disorder,pair_core,2C-T-7 Eating disorders treatment outcome,2C-T-7,Eating disorders,indication,{compound} {entity} treatment outcome
disorder_02454,disorder,pair_core,2C-T-7 Anorexia nervosa clinical trial,2C-T-7,Anorexia nervosa,indication,{compound} {entity} clinical trial
disorder_02455,disorder,pair_core,2C-T-7 Anorexia nervosa randomized placebo,2C-T-7,Anorexia nervosa,indication,{compound} {entity} randomized placebo
disorder_02456,disorder,pair_core,2C-T-7 Anorexia nervosa treatment outcome,2C-T-7,Anorexia nervosa,indication,{compound} {entity} treatment outcome
disorder_02457,disorder,pair_core,2C-T-7 Bulimia nervosa clinical trial,2C-T-7,Bulimia nervosa,indication,{compound} {entity} clinical trial
disorder_02458,disorder,pair_core,2C-T-7 Bulimia nervosa randomized placebo,2C-T-7,Bulimia nervosa,indication,{compound} {entity} randomized placebo
disorder_02459,disorder,pair_core,2C-T-7 Bulimia nervosa treatment outcome,2C-T-7,Bulimia nervosa,indication,{compound} {entity} treatment outcome
disorder_02460,disorder,pair_core,2C-T-7 Binge-eating disorder clinical trial,2C-T-7,Binge-eating disorder,indication,{compound} {entity} clinical trial
disorder_02461,disorder,pair_core,2C-T-7 Binge-eating disorder randomized placebo,2C-T-7,Binge-eating disorder,indication,{compound} {entity} randomized placebo
disorder_02462,disorder,pair_core,2C-T-7 Binge-eating disorder treatment outcome,2C-T-7,Binge-eating disorder,indication,{compound} {entity} treatment outcome
disorder_02463,disorder,pair_core,2C-T-7 Autism spectrum disorder clinical trial,2C-T-7,Autism spectrum disorder,indication,{compound} {entity} clinical trial
disorder_02464,disorder,pair_core,2C-T-7 Autism spectrum disorder randomized placebo,2C-T-7,Autism spectrum disorder,indication,{compound} {entity} randomized placebo
disorder_02465,disorder,pair_core,2C-T-7 Autism spectrum disorder treatment outcome,2C-T-7,Autism spectrum disorder,indication,{compound} {entity} treatment outcome
disorder_02466,disorder,pair_core,2C-T-7 Demoralization clinical trial,2C-T-7,Demoralization,indication,{compound} {entity} clinical trial
disorder_02467,disorder,pair_core,2C-T-7 Demoralization randomized placebo,2C-T-7,Demoralization,indication,{compound} {entity} randomized placebo
disorder_02468,disorder,pair_core,2C-T-7 Demoralization treatment outcome,2C-T-7,Demoralization,indication,{compound} {entity} treatment outcome
disorder_02469,disorder,pair_core,2C-T-7 Suicidal ideation clinical trial,2C-T-7,Suicidal ideation,indication,{compound} {entity} clinical trial
disorder_02470,disorder,pair_core,2C-T-7 Suicidal ideation randomized placebo,2C-T-7,Suicidal ideation,indication,{compound} {entity} randomized placebo
disorder_02471,disorder,pair_core,2C-T-7 Suicidal ideation treatment outcome,2C-T-7,Suicidal ideation,indication,{compound} {entity} treatment outcome
disorder_02472,disorder,pair_core,2C-T-7 Cluster headache clinical trial,2C-T-7,Cluster headache,indication,{compound} {entity} clinical trial
disorder_02473,disorder,pair_core,2C-T-7 Cluster headache randomized placebo,2C-T-7,Cluster headache,indication,{compound} {entity} randomized placebo
disorder_02474,disorder,pair_core,2C-T-7 Cluster headache treatment outcome,2C-T-7,Cluster headache,indication,{compound} {entity} treatment outcome
disorder_02475,disorder,pair_core,2C-T-7 Headache disorders clinical trial,2C-T-7,Headache disorders,indication,{compound} {entity} clinical trial
disorder_02476,disorder,pair_core,2C-T-7 Headache disorders randomized placebo,2C-T-7,Headache disorders,indication,{compound} {entity} randomized placebo
disorder_02477,disorder,pair_core,2C-T-7 Headache disorders treatment outcome,2C-T-7,Headache disorders,indication,{compound} {entity} treatment outcome
disorder_02478,disorder,pair_core,2C-T-7 Migraine clinical trial,2C-T-7,Migraine,indication,{compound} {entity} clinical trial
disorder_02479,disorder,pair_core,2C-T-7 Migraine randomized placebo,2C-T-7,Migraine,indication,{compound} {entity} randomized placebo
disorder_02480,disorder,pair_core,2C-T-7 Migraine treatment outcome,2C-T-7,Migraine,indication,{compound} {entity} treatment outcome
disorder_02481,disorder,pair_core,2C-T-7 Chronic pain clinical trial,2C-T-7,Chronic pain,indication,{compound} {entity} clinical trial
disorder_02482,disorder,pair_core,2C-T-7 Chronic pain randomized placebo,2C-T-7,Chronic pain,indication,{compound} {entity} randomized placebo
disorder_02483,disorder,pair_core,2C-T-7 Chronic pain treatment outcome,2C-T-7,Chronic pain,indication,{compound} {entity} treatment outcome
disorder_02484,disorder,pair_core,2C-T-7 Fibromyalgia clinical trial,2C-T-7,Fibromyalgia,indication,{compound} {entity} clinical trial
disorder_02485,disorder,pair_core,2C-T-7 Fibromyalgia randomized placebo,2C-T-7,Fibromyalgia,indication,{compound} {entity} randomized placebo
disorder_02486,disorder,pair_core,2C-T-7 Fibromyalgia treatment outcome,2C-T-7,Fibromyalgia,indication,{compound} {entity} treatment outcome
disorder_02487,disorder,pair_core,5-MeO-DiPT Treatment-resistant depression clinical trial,5-MeO-DiPT,Treatment-resistant depression,indication,{compound} {entity} clinical trial
disorder_02488,disorder,pair_core,5-MeO-DiPT Treatment-resistant depression randomized placebo,5-MeO-DiPT,Treatment-resistant depression,indication,{compound} {entity} randomized placebo
disorder_02489,disorder,pair_core,5-MeO-DiPT Treatment-resistant depression treatment outcome,5-MeO-DiPT,Treatment-resistant depression,indication,{compound} {entity} treatment outcome
disorder_02490,disorder,pair_core,5-MeO-DiPT Major depressive disorder clinical trial,5-MeO-DiPT,Major depressive disorder,indication,{compound} {entity} clinical trial
disorder_02491,disorder,pair_core,5-MeO-DiPT Major depressive disorder randomized placebo,5-MeO-DiPT,Major depressive disorder,indication,{compound} {entity} randomized placebo
disorder_02492,disorder,pair_core,5-MeO-DiPT Major depressive disorder treatment outcome,5-MeO-DiPT,Major depressive disorder,indication,{compound} {entity} treatment outcome
disorder_02493,disorder,pair_core,5-MeO-DiPT Bipolar depression clinical trial,5-MeO-DiPT,Bipolar depression,indication,{compound} {entity} clinical trial
disorder_02494,disorder,pair_core,5-MeO-DiPT Bipolar depression randomized placebo,5-MeO-DiPT,Bipolar depression,indication,{compound} {entity} randomized placebo
disorder_02495,disorder,pair_core,5-MeO-DiPT Bipolar depression treatment outcome,5-MeO-DiPT,Bipolar depression,indication,{compound} {entity} treatment outcome
disorder_02496,disorder,pair_core,5-MeO-DiPT Persistent depressive disorder clinical trial,5-MeO-DiPT,Persistent depressive disorder,indication,{compound} {entity} clinical trial
disorder_02497,disorder,pair_core,5-MeO-DiPT Persistent depressive disorder randomized placebo,5-MeO-DiPT,Persistent depressive disorder,indication,{compound} {entity} randomized placebo
disorder_02498,disorder,pair_core,5-MeO-DiPT Persistent depressive disorder treatment outcome,5-MeO-DiPT,Persistent depressive disorder,indication,{compound} {entity} treatment outcome
disorder_02499,disorder,pair_core,5-MeO-DiPT Post-traumatic stress disorder clinical trial,5-MeO-DiPT,Post-traumatic stress disorder,indication,{compound} {entity} clinical trial
disorder_02500,disorder,pair_core,5-MeO-DiPT Post-traumatic stress disorder randomized placebo,5-MeO-DiPT,Post-traumatic stress disorder,indication,{compound} {entity} randomized placebo
disorder_02501,disorder,pair_core,5-MeO-DiPT Post-traumatic stress disorder treatment outcome,5-MeO-DiPT,Post-traumatic stress disorder,indication,{compound} {entity} treatment outcome
disorder_02502,disorder,pair_core,5-MeO-DiPT Complex post-traumatic stress disorder clinical trial,5-MeO-DiPT,Complex post-traumatic stress disorder,indication,{compound} {entity} clinical trial
disorder_02503,disorder,pair_core,5-MeO-DiPT Complex post-traumatic stress disorder randomized placebo,5-MeO-DiPT,Complex post-traumatic stress disorder,indication,{compound} {entity} randomized placebo
disorder_02504,disorder,pair_core,5-MeO-DiPT Complex post-traumatic stress disorder treatment outcome,5-MeO-DiPT,Complex post-traumatic stress disorder,indication,{compound} {entity} treatment outcome
disorder_02505,disorder,pair_core,5-MeO-DiPT Alcohol use disorder clinical trial,5-MeO-DiPT,Alcohol use disorder,indication,{compound} {entity} clinical trial
disorder_02506,disorder,pair_core,5-MeO-DiPT Alcohol use disorder randomized placebo,5-MeO-DiPT,Alcohol use disorder,indication,{compound} {entity} randomized placebo
disorder_02507,disorder,pair_core,5-MeO-DiPT Alcohol use disorder treatment outcome,5-MeO-DiPT,Alcohol use disorder,indication,{compound} {entity} treatment outcome
disorder_02508,disorder,pair_core,5-MeO-DiPT Tobacco use disorder clinical trial,5-MeO-DiPT,Tobacco use disorder,indication,{compound} {entity} clinical trial
disorder_02509,disorder,pair_core,5-MeO-DiPT Tobacco use disorder randomized placebo,5-MeO-DiPT,Tobacco use disorder,indication,{compound} {entity} randomized placebo
disorder_02510,disorder,pair_core,5-MeO-DiPT Tobacco use disorder treatment outcome,5-MeO-DiPT,Tobacco use disorder,indication,{compound} {entity} treatment outcome
disorder_02511,disorder,pair_core,5-MeO-DiPT Nicotine dependence clinical trial,5-MeO-DiPT,Nicotine dependence,indication,{compound} {entity} clinical trial
disorder_02512,disorder,pair_core,5-MeO-DiPT Nicotine dependence randomized placebo,5-MeO-DiPT,Nicotine dependence,indication,{compound} {entity} randomized placebo
disorder_02513,disorder,pair_core,5-MeO-DiPT Nicotine dependence treatment outcome,5-MeO-DiPT,Nicotine dependence,indication,{compound} {entity} treatment outcome
disorder_02514,disorder,pair_core,5-MeO-DiPT Opioid use disorder clinical trial,5-MeO-DiPT,Opioid use disorder,indication,{compound} {entity} clinical trial
disorder_02515,disorder,pair_core,5-MeO-DiPT Opioid use disorder randomized placebo,5-MeO-DiPT,Opioid use disorder,indication,{compound} {entity} randomized placebo
disorder_02516,disorder,pair_core,5-MeO-DiPT Opioid use disorder treatment outcome,5-MeO-DiPT,Opioid use disorder,indication,{compound} {entity} treatment outcome
disorder_02517,disorder,pair_core,5-MeO-DiPT Cannabis use disorder clinical trial,5-MeO-DiPT,Cannabis use disorder,indication,{compound} {entity} clinical trial
disorder_02518,disorder,pair_core,5-MeO-DiPT Cannabis use disorder randomized placebo,5-MeO-DiPT,Cannabis use disorder,indication,{compound} {entity} randomized placebo
disorder_02519,disorder,pair_core,5-MeO-DiPT Cannabis use disorder treatment outcome,5-MeO-DiPT,Cannabis use disorder,indication,{compound} {entity} treatment outcome
disorder_02520,disorder,pair_core,5-MeO-DiPT Cocaine use disorder clinical trial,5-MeO-DiPT,Cocaine use disorder,indication,{compound} {entity} clinical trial
disorder_02521,disorder,pair_core,5-MeO-DiPT Cocaine use disorder randomized placebo,5-MeO-DiPT,Cocaine use disorder,indication,{compound} {entity} randomized placebo
disorder_02522,disorder,pair_core,5-MeO-DiPT Cocaine use disorder treatment outcome,5-MeO-DiPT,Cocaine use disorder,indication,{compound} {entity} treatment outcome
disorder_02523,disorder,pair_core,5-MeO-DiPT Methamphetamine use disorder clinical trial,5-MeO-DiPT,Methamphetamine use disorder,indication,{compound} {entity} clinical trial
disorder_02524,disorder,pair_core,5-MeO-DiPT Methamphetamine use disorder randomized placebo,5-MeO-DiPT,Methamphetamine use disorder,indication,{compound} {entity} randomized placebo
disorder_02525,disorder,pair_core,5-MeO-DiPT Methamphetamine use disorder treatment outcome,5-MeO-DiPT,Methamphetamine use disorder,indication,{compound} {entity} treatment outcome
disorder_02526,disorder,pair_core,5-MeO-DiPT Stimulant use disorder clinical trial,5-MeO-DiPT,Stimulant use disorder,indication,{compound} {entity} clinical trial
disorder_02527,disorder,pair_core,5-MeO-DiPT Stimulant use disorder randomized placebo,5-MeO-DiPT,Stimulant use disorder,indication,{compound} {entity} randomized placebo
disorder_02528,disorder,pair_core,5-MeO-DiPT Stimulant use disorder treatment outcome,5-MeO-DiPT,Stimulant use disorder,indication,{compound} {entity} treatment outcome
disorder_02529,disorder,pair_core,5-MeO-DiPT Substance use disorder clinical trial,5-MeO-DiPT,Substance use disorder,indication,{compound} {entity} clinical trial
disorder_02530,disorder,pair_core,5-MeO-DiPT Substance use disorder randomized placebo,5-MeO-DiPT,Substance use disorder,indication,{compound} {entity} randomized placebo
disorder_02531,disorder,pair_core,5-MeO-DiPT Substance use disorder treatment outcome,5-MeO-DiPT,Substance use disorder,indication,{compound} {entity} treatment outcome
disorder_02532,disorder,pair_core,5-MeO-DiPT Generalized anxiety disorder clinical trial,5-MeO-DiPT,Generalized anxiety disorder,indication,{compound} {entity} clinical trial
disorder_02533,disorder,pair_core,5-MeO-DiPT Generalized anxiety disorder randomized placebo,5-MeO-DiPT,Generalized anxiety disorder,indication,{compound} {entity} randomized placebo
disorder_02534,disorder,pair_core,5-MeO-DiPT Generalized anxiety disorder treatment outcome,5-MeO-DiPT,Generalized anxiety disorder,indication,{compound} {entity} treatment outcome
disorder_02535,disorder,pair_core,5-MeO-DiPT Social anxiety disorder clinical trial,5-MeO-DiPT,Social anxiety disorder,indication,{compound} {entity} clinical trial
disorder_02536,disorder,pair_core,5-MeO-DiPT Social anxiety disorder randomized placebo,5-MeO-DiPT,Social anxiety disorder,indication,{compound} {entity} randomized placebo
disorder_02537,disorder,pair_core,5-MeO-DiPT Social anxiety disorder treatment outcome,5-MeO-DiPT,Social anxiety disorder,indication,{compound} {entity} treatment outcome
disorder_02538,disorder,pair_core,5-MeO-DiPT Distress associated with life-threatening disease clinical trial,5-MeO-DiPT,Distress associated with life-threatening disease,indication,{compound} {entity} clinical trial
disorder_02539,disorder,pair_core,5-MeO-DiPT Distress associated with life-threatening disease randomized placebo,5-MeO-DiPT,Distress associated with life-threatening disease,indication,{compound} {entity} randomized placebo
disorder_02540,disorder,pair_core,5-MeO-DiPT Distress associated with life-threatening disease treatment outcome,5-MeO-DiPT,Distress associated with life-threatening disease,indication,{compound} {entity} treatment outcome
disorder_02541,disorder,pair_core,5-MeO-DiPT Obsessive-compulsive disorder clinical trial,5-MeO-DiPT,Obsessive-compulsive disorder,indication,{compound} {entity} clinical trial
disorder_02542,disorder,pair_core,5-MeO-DiPT Obsessive-compulsive disorder randomized placebo,5-MeO-DiPT,Obsessive-compulsive disorder,indication,{compound} {entity} randomized placebo
disorder_02543,disorder,pair_core,5-MeO-DiPT Obsessive-compulsive disorder treatment outcome,5-MeO-DiPT,Obsessive-compulsive disorder,indication,{compound} {entity} treatment outcome
disorder_02544,disorder,pair_core,5-MeO-DiPT Eating disorders clinical trial,5-MeO-DiPT,Eating disorders,indication,{compound} {entity} clinical trial
disorder_02545,disorder,pair_core,5-MeO-DiPT Eating disorders randomized placebo,5-MeO-DiPT,Eating disorders,indication,{compound} {entity} randomized placebo
disorder_02546,disorder,pair_core,5-MeO-DiPT Eating disorders treatment outcome,5-MeO-DiPT,Eating disorders,indication,{compound} {entity} treatment outcome
disorder_02547,disorder,pair_core,5-MeO-DiPT Anorexia nervosa clinical trial,5-MeO-DiPT,Anorexia nervosa,indication,{compound} {entity} clinical trial
disorder_02548,disorder,pair_core,5-MeO-DiPT Anorexia nervosa randomized placebo,5-MeO-DiPT,Anorexia nervosa,indication,{compound} {entity} randomized placebo
disorder_02549,disorder,pair_core,5-MeO-DiPT Anorexia nervosa treatment outcome,5-MeO-DiPT,Anorexia nervosa,indication,{compound} {entity} treatment outcome
disorder_02550,disorder,pair_core,5-MeO-DiPT Bulimia nervosa clinical trial,5-MeO-DiPT,Bulimia nervosa,indication,{compound} {entity} clinical trial
disorder_02551,disorder,pair_core,5-MeO-DiPT Bulimia nervosa randomized placebo,5-MeO-DiPT,Bulimia nervosa,indication,{compound} {entity} randomized placebo
disorder_02552,disorder,pair_core,5-MeO-DiPT Bulimia nervosa treatment outcome,5-MeO-DiPT,Bulimia nervosa,indication,{compound} {entity} treatment outcome
disorder_02553,disorder,pair_core,5-MeO-DiPT Binge-eating disorder clinical trial,5-MeO-DiPT,Binge-eating disorder,indication,{compound} {entity} clinical trial
disorder_02554,disorder,pair_core,5-MeO-DiPT Binge-eating disorder randomized placebo,5-MeO-DiPT,Binge-eating disorder,indication,{compound} {entity} randomized placebo
disorder_02555,disorder,pair_core,5-MeO-DiPT Binge-eating disorder treatment outcome,5-MeO-DiPT,Binge-eating disorder,indication,{compound} {entity} treatment outcome
disorder_02556,disorder,pair_core,5-MeO-DiPT Autism spectrum disorder clinical trial,5-MeO-DiPT,Autism spectrum disorder,indication,{compound} {entity} clinical trial
disorder_02557,disorder,pair_core,5-MeO-DiPT Autism spectrum disorder randomized placebo,5-MeO-DiPT,Autism spectrum disorder,indication,{compound} {entity} randomized placebo
disorder_02558,disorder,pair_core,5-MeO-DiPT Autism spectrum disorder treatment outcome,5-MeO-DiPT,Autism spectrum disorder,indication,{compound} {entity} treatment outcome
disorder_02559,disorder,pair_core,5-MeO-DiPT Demoralization clinical trial,5-MeO-DiPT,Demoralization,indication,{compound} {entity} clinical trial
disorder_02560,disorder,pair_core,5-MeO-DiPT Demoralization randomized placebo,5-MeO-DiPT,Demoralization,indication,{compound} {entity} randomized placebo
disorder_02561,disorder,pair_core,5-MeO-DiPT Demoralization treatment outcome,5-MeO-DiPT,Demoralization,indication,{compound} {entity} treatment outcome
disorder_02562,disorder,pair_core,5-MeO-DiPT Suicidal ideation clinical trial,5-MeO-DiPT,Suicidal ideation,indication,{compound} {entity} clinical trial
disorder_02563,disorder,pair_core,5-MeO-DiPT Suicidal ideation randomized placebo,5-MeO-DiPT,Suicidal ideation,indication,{compound} {entity} randomized placebo
disorder_02564,disorder,pair_core,5-MeO-DiPT Suicidal ideation treatment outcome,5-MeO-DiPT,Suicidal ideation,indication,{compound} {entity} treatment outcome
disorder_02565,disorder,pair_core,5-MeO-DiPT Cluster headache clinical trial,5-MeO-DiPT,Cluster headache,indication,{compound} {entity} clinical trial
disorder_02566,disorder,pair_core,5-MeO-DiPT Cluster headache randomized placebo,5-MeO-DiPT,Cluster headache,indication,{compound} {entity} randomized placebo
disorder_02567,disorder,pair_core,5-MeO-DiPT Cluster headache treatment outcome,5-MeO-DiPT,Cluster headache,indication,{compound} {entity} treatment outcome
disorder_02568,disorder,pair_core,5-MeO-DiPT Headache disorders clinical trial,5-MeO-DiPT,Headache disorders,indication,{compound} {entity} clinical trial
disorder_02569,disorder,pair_core,5-MeO-DiPT Headache disorders randomized placebo,5-MeO-DiPT,Headache disorders,indication,{compound} {entity} randomized placebo
disorder_02570,disorder,pair_core,5-MeO-DiPT Headache disorders treatment outcome,5-MeO-DiPT,Headache disorders,indication,{compound} {entity} treatment outcome
disorder_02571,disorder,pair_core,5-MeO-DiPT Migraine clinical trial,5-MeO-DiPT,Migraine,indication,{compound} {entity} clinical trial
disorder_02572,disorder,pair_core,5-MeO-DiPT Migraine randomized placebo,5-MeO-DiPT,Migraine,indication,{compound} {entity} randomized placebo
disorder_02573,disorder,pair_core,5-MeO-DiPT Migraine treatment outcome,5-MeO-DiPT,Migraine,indication,{compound} {entity} treatment outcome
disorder_02574,disorder,pair_core,5-MeO-DiPT Chronic pain clinical trial,5-MeO-DiPT,Chronic pain,indication,{compound} {entity} clinical trial
disorder_02575,disorder,pair_core,5-MeO-DiPT Chronic pain randomized placebo,5-MeO-DiPT,Chronic pain,indication,{compound} {entity} randomized placebo
disorder_02576,disorder,pair_core,5-MeO-DiPT Chronic pain treatment outcome,5-MeO-DiPT,Chronic pain,indication,{compound} {entity} treatment outcome
disorder_02577,disorder,pair_core,5-MeO-DiPT Fibromyalgia clinical trial,5-MeO-DiPT,Fibromyalgia,indication,{compound} {entity} clinical trial
disorder_02578,disorder,pair_core,5-MeO-DiPT Fibromyalgia randomized placebo,5-MeO-DiPT,Fibromyalgia,indication,{compound} {entity} randomized placebo
disorder_02579,disorder,pair_core,5-MeO-DiPT Fibromyalgia treatment outcome,5-MeO-DiPT,Fibromyalgia,indication,{compound} {entity} treatment outcome
disorder_02580,disorder,pair_core,DiPT Treatment-resistant depression clinical trial,DiPT,Treatment-resistant depression,indication,{compound} {entity} clinical trial
disorder_02581,disorder,pair_core,DiPT Treatment-resistant depression randomized placebo,DiPT,Treatment-resistant depression,indication,{compound} {entity} randomized placebo
disorder_02582,disorder,pair_core,DiPT Treatment-resistant depression treatment outcome,DiPT,Treatment-resistant depression,indication,{compound} {entity} treatment outcome
disorder_02583,disorder,pair_core,DiPT Major depressive disorder clinical trial,DiPT,Major depressive disorder,indication,{compound} {entity} clinical trial
disorder_02584,disorder,pair_core,DiPT Major depressive disorder randomized placebo,DiPT,Major depressive disorder,indication,{compound} {entity} randomized placebo
disorder_02585,disorder,pair_core,DiPT Major depressive disorder treatment outcome,DiPT,Major depressive disorder,indication,{compound} {entity} treatment outcome
disorder_02586,disorder,pair_core,DiPT Bipolar depression clinical trial,DiPT,Bipolar depression,indication,{compound} {entity} clinical trial
disorder_02587,disorder,pair_core,DiPT Bipolar depression randomized placebo,DiPT,Bipolar depression,indication,{compound} {entity} randomized placebo
disorder_02588,disorder,pair_core,DiPT Bipolar depression treatment outcome,DiPT,Bipolar depression,indication,{compound} {entity} treatment outcome
disorder_02589,disorder,pair_core,DiPT Persistent depressive disorder clinical trial,DiPT,Persistent depressive disorder,indication,{compound} {entity} clinical trial
disorder_02590,disorder,pair_core,DiPT Persistent depressive disorder randomized placebo,DiPT,Persistent depressive disorder,indication,{compound} {entity} randomized placebo
disorder_02591,disorder,pair_core,DiPT Persistent depressive disorder treatment outcome,DiPT,Persistent depressive disorder,indication,{compound} {entity} treatment outcome
disorder_02592,disorder,pair_core,DiPT Post-traumatic stress disorder clinical trial,DiPT,Post-traumatic stress disorder,indication,{compound} {entity} clinical trial
disorder_02593,disorder,pair_core,DiPT Post-traumatic stress disorder randomized placebo,DiPT,Post-traumatic stress disorder,indication,{compound} {entity} randomized placebo
disorder_02594,disorder,pair_core,DiPT Post-traumatic stress disorder treatment outcome,DiPT,Post-traumatic stress disorder,indication,{compound} {entity} treatment outcome
disorder_02595,disorder,pair_core,DiPT Complex post-traumatic stress disorder clinical trial,DiPT,Complex post-traumatic stress disorder,indication,{compound} {entity} clinical trial
disorder_02596,disorder,pair_core,DiPT Complex post-traumatic stress disorder randomized placebo,DiPT,Complex post-traumatic stress disorder,indication,{compound} {entity} randomized placebo
disorder_02597,disorder,pair_core,DiPT Complex post-traumatic stress disorder treatment outcome,DiPT,Complex post-traumatic stress disorder,indication,{compound} {entity} treatment outcome
disorder_02598,disorder,pair_core,DiPT Alcohol use disorder clinical trial,DiPT,Alcohol use disorder,indication,{compound} {entity} clinical trial
disorder_02599,disorder,pair_core,DiPT Alcohol use disorder randomized placebo,DiPT,Alcohol use disorder,indication,{compound} {entity} randomized placebo
disorder_02600,disorder,pair_core,DiPT Alcohol use disorder treatment outcome,DiPT,Alcohol use disorder,indication,{compound} {entity} treatment outcome
disorder_02601,disorder,pair_core,DiPT Tobacco use disorder clinical trial,DiPT,Tobacco use disorder,indication,{compound} {entity} clinical trial
disorder_02602,disorder,pair_core,DiPT Tobacco use disorder randomized placebo,DiPT,Tobacco use disorder,indication,{compound} {entity} randomized placebo
disorder_02603,disorder,pair_core,DiPT Tobacco use disorder treatment outcome,DiPT,Tobacco use disorder,indication,{compound} {entity} treatment outcome
disorder_02604,disorder,pair_core,DiPT Nicotine dependence clinical trial,DiPT,Nicotine dependence,indication,{compound} {entity} clinical trial
disorder_02605,disorder,pair_core,DiPT Nicotine dependence randomized placebo,DiPT,Nicotine dependence,indication,{compound} {entity} randomized placebo
disorder_02606,disorder,pair_core,DiPT Nicotine dependence treatment outcome,DiPT,Nicotine dependence,indication,{compound} {entity} treatment outcome
disorder_02607,disorder,pair_core,DiPT Opioid use disorder clinical trial,DiPT,Opioid use disorder,indication,{compound} {entity} clinical trial
disorder_02608,disorder,pair_core,DiPT Opioid use disorder randomized placebo,DiPT,Opioid use disorder,indication,{compound} {entity} randomized placebo
disorder_02609,disorder,pair_core,DiPT Opioid use disorder treatment outcome,DiPT,Opioid use disorder,indication,{compound} {entity} treatment outcome
disorder_02610,disorder,pair_core,DiPT Cannabis use disorder clinical trial,DiPT,Cannabis use disorder,indication,{compound} {entity} clinical trial
disorder_02611,disorder,pair_core,DiPT Cannabis use disorder randomized placebo,DiPT,Cannabis use disorder,indication,{compound} {entity} randomized placebo
disorder_02612,disorder,pair_core,DiPT Cannabis use disorder treatment outcome,DiPT,Cannabis use disorder,indication,{compound} {entity} treatment outcome
disorder_02613,disorder,pair_core,DiPT Cocaine use disorder clinical trial,DiPT,Cocaine use disorder,indication,{compound} {entity} clinical trial
disorder_02614,disorder,pair_core,DiPT Cocaine use disorder randomized placebo,DiPT,Cocaine use disorder,indication,{compound} {entity} randomized placebo
disorder_02615,disorder,pair_core,DiPT Cocaine use disorder treatment outcome,DiPT,Cocaine use disorder,indication,{compound} {entity} treatment outcome
disorder_02616,disorder,pair_core,DiPT Methamphetamine use disorder clinical trial,DiPT,Methamphetamine use disorder,indication,{compound} {entity} clinical trial
disorder_02617,disorder,pair_core,DiPT Methamphetamine use disorder randomized placebo,DiPT,Methamphetamine use disorder,indication,{compound} {entity} randomized placebo
disorder_02618,disorder,pair_core,DiPT Methamphetamine use disorder treatment outcome,DiPT,Methamphetamine use disorder,indication,{compound} {entity} treatment outcome
disorder_02619,disorder,pair_core,DiPT Stimulant use disorder clinical trial,DiPT,Stimulant use disorder,indication,{compound} {entity} clinical trial
disorder_02620,disorder,pair_core,DiPT Stimulant use disorder randomized placebo,DiPT,Stimulant use disorder,indication,{compound} {entity} randomized placebo
disorder_02621,disorder,pair_core,DiPT Stimulant use disorder treatment outcome,DiPT,Stimulant use disorder,indication,{compound} {entity} treatment outcome
disorder_02622,disorder,pair_core,DiPT Substance use disorder clinical trial,DiPT,Substance use disorder,indication,{compound} {entity} clinical trial
disorder_02623,disorder,pair_core,DiPT Substance use disorder randomized placebo,DiPT,Substance use disorder,indication,{compound} {entity} randomized placebo
disorder_02624,disorder,pair_core,DiPT Substance use disorder treatment outcome,DiPT,Substance use disorder,indication,{compound} {entity} treatment outcome
disorder_02625,disorder,pair_core,DiPT Generalized anxiety disorder clinical trial,DiPT,Generalized anxiety disorder,indication,{compound} {entity} clinical trial
disorder_02626,disorder,pair_core,DiPT Generalized anxiety disorder randomized placebo,DiPT,Generalized anxiety disorder,indication,{compound} {entity} randomized placebo
disorder_02627,disorder,pair_core,DiPT Generalized anxiety disorder treatment outcome,DiPT,Generalized anxiety disorder,indication,{compound} {entity} treatment outcome
disorder_02628,disorder,pair_core,DiPT Social anxiety disorder clinical trial,DiPT,Social anxiety disorder,indication,{compound} {entity} clinical trial
disorder_02629,disorder,pair_core,DiPT Social anxiety disorder randomized placebo,DiPT,Social anxiety disorder,indication,{compound} {entity} randomized placebo
disorder_02630,disorder,pair_core,DiPT Social anxiety disorder treatment outcome,DiPT,Social anxiety disorder,indication,{compound} {entity} treatment outcome
disorder_02631,disorder,pair_core,DiPT Distress associated with life-threatening disease clinical trial,DiPT,Distress associated with life-threatening disease,indication,{compound} {entity} clinical trial
disorder_02632,disorder,pair_core,DiPT Distress associated with life-threatening disease randomized placebo,DiPT,Distress associated with life-threatening disease,indication,{compound} {entity} randomized placebo
disorder_02633,disorder,pair_core,DiPT Distress associated with life-threatening disease treatment outcome,DiPT,Distress associated with life-threatening disease,indication,{compound} {entity} treatment outcome
disorder_02634,disorder,pair_core,DiPT Obsessive-compulsive disorder clinical trial,DiPT,Obsessive-compulsive disorder,indication,{compound} {entity} clinical trial
disorder_02635,disorder,pair_core,DiPT Obsessive-compulsive disorder randomized placebo,DiPT,Obsessive-compulsive disorder,indication,{compound} {entity} randomized placebo
disorder_02636,disorder,pair_core,DiPT Obsessive-compulsive disorder treatment outcome,DiPT,Obsessive-compulsive disorder,indication,{compound} {entity} treatment outcome
disorder_02637,disorder,pair_core,DiPT Eating disorders clinical trial,DiPT,Eating disorders,indication,{compound} {entity} clinical trial
disorder_02638,disorder,pair_core,DiPT Eating disorders randomized placebo,DiPT,Eating disorders,indication,{compound} {entity} randomized placebo
disorder_02639,disorder,pair_core,DiPT Eating disorders treatment outcome,DiPT,Eating disorders,indication,{compound} {entity} treatment outcome
disorder_02640,disorder,pair_core,DiPT Anorexia nervosa clinical trial,DiPT,Anorexia nervosa,indication,{compound} {entity} clinical trial
disorder_02641,disorder,pair_core,DiPT Anorexia nervosa randomized placebo,DiPT,Anorexia nervosa,indication,{compound} {entity} randomized placebo
disorder_02642,disorder,pair_core,DiPT Anorexia nervosa treatment outcome,DiPT,Anorexia nervosa,indication,{compound} {entity} treatment outcome
disorder_02643,disorder,pair_core,DiPT Bulimia nervosa clinical trial,DiPT,Bulimia nervosa,indication,{compound} {entity} clinical trial
disorder_02644,disorder,pair_core,DiPT Bulimia nervosa randomized placebo,DiPT,Bulimia nervosa,indication,{compound} {entity} randomized placebo
disorder_02645,disorder,pair_core,DiPT Bulimia nervosa treatment outcome,DiPT,Bulimia nervosa,indication,{compound} {entity} treatment outcome
disorder_02646,disorder,pair_core,DiPT Binge-eating disorder clinical trial,DiPT,Binge-eating disorder,indication,{compound} {entity} clinical trial
disorder_02647,disorder,pair_core,DiPT Binge-eating disorder randomized placebo,DiPT,Binge-eating disorder,indication,{compound} {entity} randomized placebo
disorder_02648,disorder,pair_core,DiPT Binge-eating disorder treatment outcome,DiPT,Binge-eating disorder,indication,{compound} {entity} treatment outcome
disorder_02649,disorder,pair_core,DiPT Autism spectrum disorder clinical trial,DiPT,Autism spectrum disorder,indication,{compound} {entity} clinical trial
disorder_02650,disorder,pair_core,DiPT Autism spectrum disorder randomized placebo,DiPT,Autism spectrum disorder,indication,{compound} {entity} randomized placebo
disorder_02651,disorder,pair_core,DiPT Autism spectrum disorder treatment outcome,DiPT,Autism spectrum disorder,indication,{compound} {entity} treatment outcome
disorder_02652,disorder,pair_core,DiPT Demoralization clinical trial,DiPT,Demoralization,indication,{compound} {entity} clinical trial
disorder_02653,disorder,pair_core,DiPT Demoralization randomized placebo,DiPT,Demoralization,indication,{compound} {entity} randomized placebo
disorder_02654,disorder,pair_core,DiPT Demoralization treatment outcome,DiPT,Demoralization,indication,{compound} {entity} treatment outcome
disorder_02655,disorder,pair_core,DiPT Suicidal ideation clinical trial,DiPT,Suicidal ideation,indication,{compound} {entity} clinical trial
disorder_02656,disorder,pair_core,DiPT Suicidal ideation randomized placebo,DiPT,Suicidal ideation,indication,{compound} {entity} randomized placebo
disorder_02657,disorder,pair_core,DiPT Suicidal ideation treatment outcome,DiPT,Suicidal ideation,indication,{compound} {entity} treatment outcome
disorder_02658,disorder,pair_core,DiPT Cluster headache clinical trial,DiPT,Cluster headache,indication,{compound} {entity} clinical trial
disorder_02659,disorder,pair_core,DiPT Cluster headache randomized placebo,DiPT,Cluster headache,indication,{compound} {entity} randomized placebo
disorder_02660,disorder,pair_core,DiPT Cluster headache treatment outcome,DiPT,Cluster headache,indication,{compound} {entity} treatment outcome
disorder_02661,disorder,pair_core,DiPT Headache disorders clinical trial,DiPT,Headache disorders,indication,{compound} {entity} clinical trial
disorder_02662,disorder,pair_core,DiPT Headache disorders randomized placebo,DiPT,Headache disorders,indication,{compound} {entity} randomized placebo
disorder_02663,disorder,pair_core,DiPT Headache disorders treatment outcome,DiPT,Headache disorders,indication,{compound} {entity} treatment outcome
disorder_02664,disorder,pair_core,DiPT Migraine clinical trial,DiPT,Migraine,indication,{compound} {entity} clinical trial
disorder_02665,disorder,pair_core,DiPT Migraine randomized placebo,DiPT,Migraine,indication,{compound} {entity} randomized placebo
disorder_02666,disorder,pair_core,DiPT Migraine treatment outcome,DiPT,Migraine,indication,{compound} {entity} treatment outcome
disorder_02667,disorder,pair_core,DiPT Chronic pain clinical trial,DiPT,Chronic pain,indication,{compound} {entity} clinical trial
disorder_02668,disorder,pair_core,DiPT Chronic pain randomized placebo,DiPT,Chronic pain,indication,{compound} {entity} randomized placebo
disorder_02669,disorder,pair_core,DiPT Chronic pain treatment outcome,DiPT,Chronic pain,indication,{compound} {entity} treatment outcome
disorder_02670,disorder,pair_core,DiPT Fibromyalgia clinical trial,DiPT,Fibromyalgia,indication,{compound} {entity} clinical trial
disorder_02671,disorder,pair_core,DiPT Fibromyalgia randomized placebo,DiPT,Fibromyalgia,indication,{compound} {entity} randomized placebo
disorder_02672,disorder,pair_core,DiPT Fibromyalgia treatment outcome,DiPT,Fibromyalgia,indication,{compound} {entity} treatment outcome
disorder_02673,disorder,pair_core,DPT Treatment-resistant depression clinical trial,DPT,Treatment-resistant depression,indication,{compound} {entity} clinical trial
disorder_02674,disorder,pair_core,DPT Treatment-resistant depression randomized placebo,DPT,Treatment-resistant depression,indication,{compound} {entity} randomized placebo
disorder_02675,disorder,pair_core,DPT Treatment-resistant depression treatment outcome,DPT,Treatment-resistant depression,indication,{compound} {entity} treatment outcome
disorder_02676,disorder,pair_core,DPT Major depressive disorder clinical trial,DPT,Major depressive disorder,indication,{compound} {entity} clinical trial
disorder_02677,disorder,pair_core,DPT Major depressive disorder randomized placebo,DPT,Major depressive disorder,indication,{compound} {entity} randomized placebo
disorder_02678,disorder,pair_core,DPT Major depressive disorder treatment outcome,DPT,Major depressive disorder,indication,{compound} {entity} treatment outcome
disorder_02679,disorder,pair_core,DPT Bipolar depression clinical trial,DPT,Bipolar depression,indication,{compound} {entity} clinical trial
disorder_02680,disorder,pair_core,DPT Bipolar depression randomized placebo,DPT,Bipolar depression,indication,{compound} {entity} randomized placebo
disorder_02681,disorder,pair_core,DPT Bipolar depression treatment outcome,DPT,Bipolar depression,indication,{compound} {entity} treatment outcome
disorder_02682,disorder,pair_core,DPT Persistent depressive disorder clinical trial,DPT,Persistent depressive disorder,indication,{compound} {entity} clinical trial
disorder_02683,disorder,pair_core,DPT Persistent depressive disorder randomized placebo,DPT,Persistent depressive disorder,indication,{compound} {entity} randomized placebo
disorder_02684,disorder,pair_core,DPT Persistent depressive disorder treatment outcome,DPT,Persistent depressive disorder,indication,{compound} {entity} treatment outcome
disorder_02685,disorder,pair_core,DPT Post-traumatic stress disorder clinical trial,DPT,Post-traumatic stress disorder,indication,{compound} {entity} clinical trial
disorder_02686,disorder,pair_core,DPT Post-traumatic stress disorder randomized placebo,DPT,Post-traumatic stress disorder,indication,{compound} {entity} randomized placebo
disorder_02687,disorder,pair_core,DPT Post-traumatic stress disorder treatment outcome,DPT,Post-traumatic stress disorder,indication,{compound} {entity} treatment outcome
disorder_02688,disorder,pair_core,DPT Complex post-traumatic stress disorder clinical trial,DPT,Complex post-traumatic stress disorder,indication,{compound} {entity} clinical trial
disorder_02689,disorder,pair_core,DPT Complex post-traumatic stress disorder randomized placebo,DPT,Complex post-traumatic stress disorder,indication,{compound} {entity} randomized placebo
disorder_02690,disorder,pair_core,DPT Complex post-traumatic stress disorder treatment outcome,DPT,Complex post-traumatic stress disorder,indication,{compound} {entity} treatment outcome
disorder_02691,disorder,pair_core,DPT Alcohol use disorder clinical trial,DPT,Alcohol use disorder,indication,{compound} {entity} clinical trial
disorder_02692,disorder,pair_core,DPT Alcohol use disorder randomized placebo,DPT,Alcohol use disorder,indication,{compound} {entity} randomized placebo
disorder_02693,disorder,pair_core,DPT Alcohol use disorder treatment outcome,DPT,Alcohol use disorder,indication,{compound} {entity} treatment outcome
disorder_02694,disorder,pair_core,DPT Tobacco use disorder clinical trial,DPT,Tobacco use disorder,indication,{compound} {entity} clinical trial
disorder_02695,disorder,pair_core,DPT Tobacco use disorder randomized placebo,DPT,Tobacco use disorder,indication,{compound} {entity} randomized placebo
disorder_02696,disorder,pair_core,DPT Tobacco use disorder treatment outcome,DPT,Tobacco use disorder,indication,{compound} {entity} treatment outcome
disorder_02697,disorder,pair_core,DPT Nicotine dependence clinical trial,DPT,Nicotine dependence,indication,{compound} {entity} clinical trial
disorder_02698,disorder,pair_core,DPT Nicotine dependence randomized placebo,DPT,Nicotine dependence,indication,{compound} {entity} randomized placebo
disorder_02699,disorder,pair_core,DPT Nicotine dependence treatment outcome,DPT,Nicotine dependence,indication,{compound} {entity} treatment outcome
disorder_02700,disorder,pair_core,DPT Opioid use disorder clinical trial,DPT,Opioid use disorder,indication,{compound} {entity} clinical trial
disorder_02701,disorder,pair_core,DPT Opioid use disorder randomized placebo,DPT,Opioid use disorder,indication,{compound} {entity} randomized placebo
disorder_02702,disorder,pair_core,DPT Opioid use disorder treatment outcome,DPT,Opioid use disorder,indication,{compound} {entity} treatment outcome
disorder_02703,disorder,pair_core,DPT Cannabis use disorder clinical trial,DPT,Cannabis use disorder,indication,{compound} {entity} clinical trial
disorder_02704,disorder,pair_core,DPT Cannabis use disorder randomized placebo,DPT,Cannabis use disorder,indication,{compound} {entity} randomized placebo
disorder_02705,disorder,pair_core,DPT Cannabis use disorder treatment outcome,DPT,Cannabis use disorder,indication,{compound} {entity} treatment outcome
disorder_02706,disorder,pair_core,DPT Cocaine use disorder clinical trial,DPT,Cocaine use disorder,indication,{compound} {entity} clinical trial
disorder_02707,disorder,pair_core,DPT Cocaine use disorder randomized placebo,DPT,Cocaine use disorder,indication,{compound} {entity} randomized placebo
disorder_02708,disorder,pair_core,DPT Cocaine use disorder treatment outcome,DPT,Cocaine use disorder,indication,{compound} {entity} treatment outcome
disorder_02709,disorder,pair_core,DPT Methamphetamine use disorder clinical trial,DPT,Methamphetamine use disorder,indication,{compound} {entity} clinical trial
disorder_02710,disorder,pair_core,DPT Methamphetamine use disorder randomized placebo,DPT,Methamphetamine use disorder,indication,{compound} {entity} randomized placebo
disorder_02711,disorder,pair_core,DPT Methamphetamine use disorder treatment outcome,DPT,Methamphetamine use disorder,indication,{compound} {entity} treatment outcome
disorder_02712,disorder,pair_core,DPT Stimulant use disorder clinical trial,DPT,Stimulant use disorder,indication,{compound} {entity} clinical trial
disorder_02713,disorder,pair_core,DPT Stimulant use disorder randomized placebo,DPT,Stimulant use disorder,indication,{compound} {entity} randomized placebo
disorder_02714,disorder,pair_core,DPT Stimulant use disorder treatment outcome,DPT,Stimulant use disorder,indication,{compound} {entity} treatment outcome
disorder_02715,disorder,pair_core,DPT Substance use disorder clinical trial,DPT,Substance use disorder,indication,{compound} {entity} clinical trial
disorder_02716,disorder,pair_core,DPT Substance use disorder randomized placebo,DPT,Substance use disorder,indication,{compound} {entity} randomized placebo
disorder_02717,disorder,pair_core,DPT Substance use disorder treatment outcome,DPT,Substance use disorder,indication,{compound} {entity} treatment outcome
disorder_02718,disorder,pair_core,DPT Generalized anxiety disorder clinical trial,DPT,Generalized anxiety disorder,indication,{compound} {entity} clinical trial
disorder_02719,disorder,pair_core,DPT Generalized anxiety disorder randomized placebo,DPT,Generalized anxiety disorder,indication,{compound} {entity} randomized placebo
disorder_02720,disorder,pair_core,DPT Generalized anxiety disorder treatment outcome,DPT,Generalized anxiety disorder,indication,{compound} {entity} treatment outcome
disorder_02721,disorder,pair_core,DPT Social anxiety disorder clinical trial,DPT,Social anxiety disorder,indication,{compound} {entity} clinical trial
disorder_02722,disorder,pair_core,DPT Social anxiety disorder randomized placebo,DPT,Social anxiety disorder,indication,{compound} {entity} randomized placebo
disorder_02723,disorder,pair_core,DPT Social anxiety disorder treatment outcome,DPT,Social anxiety disorder,indication,{compound} {entity} treatment outcome
disorder_02724,disorder,pair_core,DPT Distress associated with life-threatening disease clinical trial,DPT,Distress associated with life-threatening disease,indication,{compound} {entity} clinical trial
disorder_02725,disorder,pair_core,DPT Distress associated with life-threatening disease randomized placebo,DPT,Distress associated with life-threatening disease,indication,{compound} {entity} randomized placebo
disorder_02726,disorder,pair_core,DPT Distress associated with life-threatening disease treatment outcome,DPT,Distress associated with life-threatening disease,indication,{compound} {entity} treatment outcome
disorder_02727,disorder,pair_core,DPT Obsessive-compulsive disorder clinical trial,DPT,Obsessive-compulsive disorder,indication,{compound} {entity} clinical trial
disorder_02728,disorder,pair_core,DPT Obsessive-compulsive disorder randomized placebo,DPT,Obsessive-compulsive disorder,indication,{compound} {entity} randomized placebo
disorder_02729,disorder,pair_core,DPT Obsessive-compulsive disorder treatment outcome,DPT,Obsessive-compulsive disorder,indication,{compound} {entity} treatment outcome
disorder_02730,disorder,pair_core,DPT Eating disorders clinical trial,DPT,Eating disorders,indication,{compound} {entity} clinical trial
disorder_02731,disorder,pair_core,DPT Eating disorders randomized placebo,DPT,Eating disorders,indication,{compound} {entity} randomized placebo
disorder_02732,disorder,pair_core,DPT Eating disorders treatment outcome,DPT,Eating disorders,indication,{compound} {entity} treatment outcome
disorder_02733,disorder,pair_core,DPT Anorexia nervosa clinical trial,DPT,Anorexia nervosa,indication,{compound} {entity} clinical trial
disorder_02734,disorder,pair_core,DPT Anorexia nervosa randomized placebo,DPT,Anorexia nervosa,indication,{compound} {entity} randomized placebo
disorder_02735,disorder,pair_core,DPT Anorexia nervosa treatment outcome,DPT,Anorexia nervosa,indication,{compound} {entity} treatment outcome
disorder_02736,disorder,pair_core,DPT Bulimia nervosa clinical trial,DPT,Bulimia nervosa,indication,{compound} {entity} clinical trial
disorder_02737,disorder,pair_core,DPT Bulimia nervosa randomized placebo,DPT,Bulimia nervosa,indication,{compound} {entity} randomized placebo
disorder_02738,disorder,pair_core,DPT Bulimia nervosa treatment outcome,DPT,Bulimia nervosa,indication,{compound} {entity} treatment outcome
disorder_02739,disorder,pair_core,DPT Binge-eating disorder clinical trial,DPT,Binge-eating disorder,indication,{compound} {entity} clinical trial
disorder_02740,disorder,pair_core,DPT Binge-eating disorder randomized placebo,DPT,Binge-eating disorder,indication,{compound} {entity} randomized placebo
disorder_02741,disorder,pair_core,DPT Binge-eating disorder treatment outcome,DPT,Binge-eating disorder,indication,{compound} {entity} treatment outcome
disorder_02742,disorder,pair_core,DPT Autism spectrum disorder clinical trial,DPT,Autism spectrum disorder,indication,{compound} {entity} clinical trial
disorder_02743,disorder,pair_core,DPT Autism spectrum disorder randomized placebo,DPT,Autism spectrum disorder,indication,{compound} {entity} randomized placebo
disorder_02744,disorder,pair_core,DPT Autism spectrum disorder treatment outcome,DPT,Autism spectrum disorder,indication,{compound} {entity} treatment outcome
disorder_02745,disorder,pair_core,DPT Demoralization clinical trial,DPT,Demoralization,indication,{compound} {entity} clinical trial
disorder_02746,disorder,pair_core,DPT Demoralization randomized placebo,DPT,Demoralization,indication,{compound} {entity} randomized placebo
disorder_02747,disorder,pair_core,DPT Demoralization treatment outcome,DPT,Demoralization,indication,{compound} {entity} treatment outcome
disorder_02748,disorder,pair_core,DPT Suicidal ideation clinical trial,DPT,Suicidal ideation,indication,{compound} {entity} clinical trial
disorder_02749,disorder,pair_core,DPT Suicidal ideation randomized placebo,DPT,Suicidal ideation,indication,{compound} {entity} randomized placebo
disorder_02750,disorder,pair_core,DPT Suicidal ideation treatment outcome,DPT,Suicidal ideation,indication,{compound} {entity} treatment outcome
disorder_02751,disorder,pair_core,DPT Cluster headache clinical trial,DPT,Cluster headache,indication,{compound} {entity} clinical trial
disorder_02752,disorder,pair_core,DPT Cluster headache randomized placebo,DPT,Cluster headache,indication,{compound} {entity} randomized placebo
disorder_02753,disorder,pair_core,DPT Cluster headache treatment outcome,DPT,Cluster headache,indication,{compound} {entity} treatment outcome
disorder_02754,disorder,pair_core,DPT Headache disorders clinical trial,DPT,Headache disorders,indication,{compound} {entity} clinical trial
disorder_02755,disorder,pair_core,DPT Headache disorders randomized placebo,DPT,Headache disorders,indication,{compound} {entity} randomized placebo
disorder_02756,disorder,pair_core,DPT Headache disorders treatment outcome,DPT,Headache disorders,indication,{compound} {entity} treatment outcome
disorder_02757,disorder,pair_core,DPT Migraine clinical trial,DPT,Migraine,indication,{compound} {entity} clinical trial
disorder_02758,disorder,pair_core,DPT Migraine randomized placebo,DPT,Migraine,indication,{compound} {entity} randomized placebo
disorder_02759,disorder,pair_core,DPT Migraine treatment outcome,DPT,Migraine,indication,{compound} {entity} treatment outcome
disorder_02760,disorder,pair_core,DPT Chronic pain clinical trial,DPT,Chronic pain,indication,{compound} {entity} clinical trial
disorder_02761,disorder,pair_core,DPT Chronic pain randomized placebo,DPT,Chronic pain,indication,{compound} {entity} randomized placebo
disorder_02762,disorder,pair_core,DPT Chronic pain treatment outcome,DPT,Chronic pain,indication,{compound} {entity} treatment outcome
disorder_02763,disorder,pair_core,DPT Fibromyalgia clinical trial,DPT,Fibromyalgia,indication,{compound} {entity} clinical trial
disorder_02764,disorder,pair_core,DPT Fibromyalgia randomized placebo,DPT,Fibromyalgia,indication,{compound} {entity} randomized placebo
disorder_02765,disorder,pair_core,DPT Fibromyalgia treatment outcome,DPT,Fibromyalgia,indication,{compound} {entity} treatment outcome
disorder_02766,disorder,pair_core,LSA Treatment-resistant depression clinical trial,LSA,Treatment-resistant depression,indication,{compound} {entity} clinical trial
disorder_02767,disorder,pair_core,LSA Treatment-resistant depression randomized placebo,LSA,Treatment-resistant depression,indication,{compound} {entity} randomized placebo
disorder_02768,disorder,pair_core,LSA Treatment-resistant depression treatment outcome,LSA,Treatment-resistant depression,indication,{compound} {entity} treatment outcome
disorder_02769,disorder,pair_core,LSA Major depressive disorder clinical trial,LSA,Major depressive disorder,indication,{compound} {entity} clinical trial
disorder_02770,disorder,pair_core,LSA Major depressive disorder randomized placebo,LSA,Major depressive disorder,indication,{compound} {entity} randomized placebo
disorder_02771,disorder,pair_core,LSA Major depressive disorder treatment outcome,LSA,Major depressive disorder,indication,{compound} {entity} treatment outcome
disorder_02772,disorder,pair_core,LSA Bipolar depression clinical trial,LSA,Bipolar depression,indication,{compound} {entity} clinical trial
disorder_02773,disorder,pair_core,LSA Bipolar depression randomized placebo,LSA,Bipolar depression,indication,{compound} {entity} randomized placebo
disorder_02774,disorder,pair_core,LSA Bipolar depression treatment outcome,LSA,Bipolar depression,indication,{compound} {entity} treatment outcome
disorder_02775,disorder,pair_core,LSA Persistent depressive disorder clinical trial,LSA,Persistent depressive disorder,indication,{compound} {entity} clinical trial
disorder_02776,disorder,pair_core,LSA Persistent depressive disorder randomized placebo,LSA,Persistent depressive disorder,indication,{compound} {entity} randomized placebo
disorder_02777,disorder,pair_core,LSA Persistent depressive disorder treatment outcome,LSA,Persistent depressive disorder,indication,{compound} {entity} treatment outcome
disorder_02778,disorder,pair_core,LSA Post-traumatic stress disorder clinical trial,LSA,Post-traumatic stress disorder,indication,{compound} {entity} clinical trial
disorder_02779,disorder,pair_core,LSA Post-traumatic stress disorder randomized placebo,LSA,Post-traumatic stress disorder,indication,{compound} {entity} randomized placebo
disorder_02780,disorder,pair_core,LSA Post-traumatic stress disorder treatment outcome,LSA,Post-traumatic stress disorder,indication,{compound} {entity} treatment outcome
disorder_02781,disorder,pair_core,LSA Complex post-traumatic stress disorder clinical trial,LSA,Complex post-traumatic stress disorder,indication,{compound} {entity} clinical trial
disorder_02782,disorder,pair_core,LSA Complex post-traumatic stress disorder randomized placebo,LSA,Complex post-traumatic stress disorder,indication,{compound} {entity} randomized placebo
disorder_02783,disorder,pair_core,LSA Complex post-traumatic stress disorder treatment outcome,LSA,Complex post-traumatic stress disorder,indication,{compound} {entity} treatment outcome
disorder_02784,disorder,pair_core,LSA Alcohol use disorder clinical trial,LSA,Alcohol use disorder,indication,{compound} {entity} clinical trial
disorder_02785,disorder,pair_core,LSA Alcohol use disorder randomized placebo,LSA,Alcohol use disorder,indication,{compound} {entity} randomized placebo
disorder_02786,disorder,pair_core,LSA Alcohol use disorder treatment outcome,LSA,Alcohol use disorder,indication,{compound} {entity} treatment outcome
disorder_02787,disorder,pair_core,LSA Tobacco use disorder clinical trial,LSA,Tobacco use disorder,indication,{compound} {entity} clinical trial
disorder_02788,disorder,pair_core,LSA Tobacco use disorder randomized placebo,LSA,Tobacco use disorder,indication,{compound} {entity} randomized placebo
disorder_02789,disorder,pair_core,LSA Tobacco use disorder treatment outcome,LSA,Tobacco use disorder,indication,{compound} {entity} treatment outcome
disorder_02790,disorder,pair_core,LSA Nicotine dependence clinical trial,LSA,Nicotine dependence,indication,{compound} {entity} clinical trial
disorder_02791,disorder,pair_core,LSA Nicotine dependence randomized placebo,LSA,Nicotine dependence,indication,{compound} {entity} randomized placebo
disorder_02792,disorder,pair_core,LSA Nicotine dependence treatment outcome,LSA,Nicotine dependence,indication,{compound} {entity} treatment outcome
disorder_02793,disorder,pair_core,LSA Opioid use disorder clinical trial,LSA,Opioid use disorder,indication,{compound} {entity} clinical trial
disorder_02794,disorder,pair_core,LSA Opioid use disorder randomized placebo,LSA,Opioid use disorder,indication,{compound} {entity} randomized placebo
disorder_02795,disorder,pair_core,LSA Opioid use disorder treatment outcome,LSA,Opioid use disorder,indication,{compound} {entity} treatment outcome
disorder_02796,disorder,pair_core,LSA Cannabis use disorder clinical trial,LSA,Cannabis use disorder,indication,{compound} {entity} clinical trial
disorder_02797,disorder,pair_core,LSA Cannabis use disorder randomized placebo,LSA,Cannabis use disorder,indication,{compound} {entity} randomized placebo
disorder_02798,disorder,pair_core,LSA Cannabis use disorder treatment outcome,LSA,Cannabis use disorder,indication,{compound} {entity} treatment outcome
disorder_02799,disorder,pair_core,LSA Cocaine use disorder clinical trial,LSA,Cocaine use disorder,indication,{compound} {entity} clinical trial
disorder_02800,disorder,pair_core,LSA Cocaine use disorder randomized placebo,LSA,Cocaine use disorder,indication,{compound} {entity} randomized placebo
disorder_02801,disorder,pair_core,LSA Cocaine use disorder treatment outcome,LSA,Cocaine use disorder,indication,{compound} {entity} treatment outcome
disorder_02802,disorder,pair_core,LSA Methamphetamine use disorder clinical trial,LSA,Methamphetamine use disorder,indication,{compound} {entity} clinical trial
disorder_02803,disorder,pair_core,LSA Methamphetamine use disorder randomized placebo,LSA,Methamphetamine use disorder,indication,{compound} {entity} randomized placebo
disorder_02804,disorder,pair_core,LSA Methamphetamine use disorder treatment outcome,LSA,Methamphetamine use disorder,indication,{compound} {entity} treatment outcome
disorder_02805,disorder,pair_core,LSA Stimulant use disorder clinical trial,LSA,Stimulant use disorder,indication,{compound} {entity} clinical trial
disorder_02806,disorder,pair_core,LSA Stimulant use disorder randomized placebo,LSA,Stimulant use disorder,indication,{compound} {entity} randomized placebo
disorder_02807,disorder,pair_core,LSA Stimulant use disorder treatment outcome,LSA,Stimulant use disorder,indication,{compound} {entity} treatment outcome
disorder_02808,disorder,pair_core,LSA Substance use disorder clinical trial,LSA,Substance use disorder,indication,{compound} {entity} clinical trial
disorder_02809,disorder,pair_core,LSA Substance use disorder randomized placebo,LSA,Substance use disorder,indication,{compound} {entity} randomized placebo
disorder_02810,disorder,pair_core,LSA Substance use disorder treatment outcome,LSA,Substance use disorder,indication,{compound} {entity} treatment outcome
disorder_02811,disorder,pair_core,LSA Generalized anxiety disorder clinical trial,LSA,Generalized anxiety disorder,indication,{compound} {entity} clinical trial
disorder_02812,disorder,pair_core,LSA Generalized anxiety disorder randomized placebo,LSA,Generalized anxiety disorder,indication,{compound} {entity} randomized placebo
disorder_02813,disorder,pair_core,LSA Generalized anxiety disorder treatment outcome,LSA,Generalized anxiety disorder,indication,{compound} {entity} treatment outcome
disorder_02814,disorder,pair_core,LSA Social anxiety disorder clinical trial,LSA,Social anxiety disorder,indication,{compound} {entity} clinical trial
disorder_02815,disorder,pair_core,LSA Social anxiety disorder randomized placebo,LSA,Social anxiety disorder,indication,{compound} {entity} randomized placebo
disorder_02816,disorder,pair_core,LSA Social anxiety disorder treatment outcome,LSA,Social anxiety disorder,indication,{compound} {entity} treatment outcome
disorder_02817,disorder,pair_core,LSA Distress associated with life-threatening disease clinical trial,LSA,Distress associated with life-threatening disease,indication,{compound} {entity} clinical trial
disorder_02818,disorder,pair_core,LSA Distress associated with life-threatening disease randomized placebo,LSA,Distress associated with life-threatening disease,indication,{compound} {entity} randomized placebo
disorder_02819,disorder,pair_core,LSA Distress associated with life-threatening disease treatment outcome,LSA,Distress associated with life-threatening disease,indication,{compound} {entity} treatment outcome
disorder_02820,disorder,pair_core,LSA Obsessive-compulsive disorder clinical trial,LSA,Obsessive-compulsive disorder,indication,{compound} {entity} clinical trial
disorder_02821,disorder,pair_core,LSA Obsessive-compulsive disorder randomized placebo,LSA,Obsessive-compulsive disorder,indication,{compound} {entity} randomized placebo
disorder_02822,disorder,pair_core,LSA Obsessive-compulsive disorder treatment outcome,LSA,Obsessive-compulsive disorder,indication,{compound} {entity} treatment outcome
disorder_02823,disorder,pair_core,LSA Eating disorders clinical trial,LSA,Eating disorders,indication,{compound} {entity} clinical trial
disorder_02824,disorder,pair_core,LSA Eating disorders randomized placebo,LSA,Eating disorders,indication,{compound} {entity} randomized placebo
disorder_02825,disorder,pair_core,LSA Eating disorders treatment outcome,LSA,Eating disorders,indication,{compound} {entity} treatment outcome
disorder_02826,disorder,pair_core,LSA Anorexia nervosa clinical trial,LSA,Anorexia nervosa,indication,{compound} {entity} clinical trial
disorder_02827,disorder,pair_core,LSA Anorexia nervosa randomized placebo,LSA,Anorexia nervosa,indication,{compound} {entity} randomized placebo
disorder_02828,disorder,pair_core,LSA Anorexia nervosa treatment outcome,LSA,Anorexia nervosa,indication,{compound} {entity} treatment outcome
disorder_02829,disorder,pair_core,LSA Bulimia nervosa clinical trial,LSA,Bulimia nervosa,indication,{compound} {entity} clinical trial
disorder_02830,disorder,pair_core,LSA Bulimia nervosa randomized placebo,LSA,Bulimia nervosa,indication,{compound} {entity} randomized placebo
disorder_02831,disorder,pair_core,LSA Bulimia nervosa treatment outcome,LSA,Bulimia nervosa,indication,{compound} {entity} treatment outcome
disorder_02832,disorder,pair_core,LSA Binge-eating disorder clinical trial,LSA,Binge-eating disorder,indication,{compound} {entity} clinical trial
disorder_02833,disorder,pair_core,LSA Binge-eating disorder randomized placebo,LSA,Binge-eating disorder,indication,{compound} {entity} randomized placebo
disorder_02834,disorder,pair_core,LSA Binge-eating disorder treatment outcome,LSA,Binge-eating disorder,indication,{compound} {entity} treatment outcome
disorder_02835,disorder,pair_core,LSA Autism spectrum disorder clinical trial,LSA,Autism spectrum disorder,indication,{compound} {entity} clinical trial
disorder_02836,disorder,pair_core,LSA Autism spectrum disorder randomized placebo,LSA,Autism spectrum disorder,indication,{compound} {entity} randomized placebo
disorder_02837,disorder,pair_core,LSA Autism spectrum disorder treatment outcome,LSA,Autism spectrum disorder,indication,{compound} {entity} treatment outcome
disorder_02838,disorder,pair_core,LSA Demoralization clinical trial,LSA,Demoralization,indication,{compound} {entity} clinical trial
disorder_02839,disorder,pair_core,LSA Demoralization randomized placebo,LSA,Demoralization,indication,{compound} {entity} randomized placebo
disorder_02840,disorder,pair_core,LSA Demoralization treatment outcome,LSA,Demoralization,indication,{compound} {entity} treatment outcome
disorder_02841,disorder,pair_core,LSA Suicidal ideation clinical trial,LSA,Suicidal ideation,indication,{compound} {entity} clinical trial
disorder_02842,disorder,pair_core,LSA Suicidal ideation randomized placebo,LSA,Suicidal ideation,indication,{compound} {entity} randomized placebo
disorder_02843,disorder,pair_core,LSA Suicidal ideation treatment outcome,LSA,Suicidal ideation,indication,{compound} {entity} treatment outcome
disorder_02844,disorder,pair_core,LSA Cluster headache clinical trial,LSA,Cluster headache,indication,{compound} {entity} clinical trial
disorder_02845,disorder,pair_core,LSA Cluster headache randomized placebo,LSA,Cluster headache,indication,{compound} {entity} randomized placebo
disorder_02846,disorder,pair_core,LSA Cluster headache treatment outcome,LSA,Cluster headache,indication,{compound} {entity} treatment outcome
disorder_02847,disorder,pair_core,LSA Headache disorders clinical trial,LSA,Headache disorders,indication,{compound} {entity} clinical trial
disorder_02848,disorder,pair_core,LSA Headache disorders randomized placebo,LSA,Headache disorders,indication,{compound} {entity} randomized placebo
disorder_02849,disorder,pair_core,LSA Headache disorders treatment outcome,LSA,Headache disorders,indication,{compound} {entity} treatment outcome
disorder_02850,disorder,pair_core,LSA Migraine clinical trial,LSA,Migraine,indication,{compound} {entity} clinical trial
disorder_02851,disorder,pair_core,LSA Migraine randomized placebo,LSA,Migraine,indication,{compound} {entity} randomized placebo
disorder_02852,disorder,pair_core,LSA Migraine treatment outcome,LSA,Migraine,indication,{compound} {entity} treatment outcome
disorder_02853,disorder,pair_core,LSA Chronic pain clinical trial,LSA,Chronic pain,indication,{compound} {entity} clinical trial
disorder_02854,disorder,pair_core,LSA Chronic pain randomized placebo,LSA,Chronic pain,indication,{compound} {entity} randomized placebo
disorder_02855,disorder,pair_core,LSA Chronic pain treatment outcome,LSA,Chronic pain,indication,{compound} {entity} treatment outcome
disorder_02856,disorder,pair_core,LSA Fibromyalgia clinical trial,LSA,Fibromyalgia,indication,{compound} {entity} clinical trial
disorder_02857,disorder,pair_core,LSA Fibromyalgia randomized placebo,LSA,Fibromyalgia,indication,{compound} {entity} randomized placebo
disorder_02858,disorder,pair_core,LSA Fibromyalgia treatment outcome,LSA,Fibromyalgia,indication,{compound} {entity} treatment outcome
disorder_02859,disorder,pair_core,AL-LAD Treatment-resistant depression clinical trial,AL-LAD,Treatment-resistant depression,indication,{compound} {entity} clinical trial
disorder_02860,disorder,pair_core,AL-LAD Treatment-resistant depression randomized placebo,AL-LAD,Treatment-resistant depression,indication,{compound} {entity} randomized placebo
disorder_02861,disorder,pair_core,AL-LAD Treatment-resistant depression treatment outcome,AL-LAD,Treatment-resistant depression,indication,{compound} {entity} treatment outcome
disorder_02862,disorder,pair_core,AL-LAD Major depressive disorder clinical trial,AL-LAD,Major depressive disorder,indication,{compound} {entity} clinical trial
disorder_02863,disorder,pair_core,AL-LAD Major depressive disorder randomized placebo,AL-LAD,Major depressive disorder,indication,{compound} {entity} randomized placebo
disorder_02864,disorder,pair_core,AL-LAD Major depressive disorder treatment outcome,AL-LAD,Major depressive disorder,indication,{compound} {entity} treatment outcome
disorder_02865,disorder,pair_core,AL-LAD Bipolar depression clinical trial,AL-LAD,Bipolar depression,indication,{compound} {entity} clinical trial
disorder_02866,disorder,pair_core,AL-LAD Bipolar depression randomized placebo,AL-LAD,Bipolar depression,indication,{compound} {entity} randomized placebo
disorder_02867,disorder,pair_core,AL-LAD Bipolar depression treatment outcome,AL-LAD,Bipolar depression,indication,{compound} {entity} treatment outcome
disorder_02868,disorder,pair_core,AL-LAD Persistent depressive disorder clinical trial,AL-LAD,Persistent depressive disorder,indication,{compound} {entity} clinical trial
disorder_02869,disorder,pair_core,AL-LAD Persistent depressive disorder randomized placebo,AL-LAD,Persistent depressive disorder,indication,{compound} {entity} randomized placebo
disorder_02870,disorder,pair_core,AL-LAD Persistent depressive disorder treatment outcome,AL-LAD,Persistent depressive disorder,indication,{compound} {entity} treatment outcome
disorder_02871,disorder,pair_core,AL-LAD Post-traumatic stress disorder clinical trial,AL-LAD,Post-traumatic stress disorder,indication,{compound} {entity} clinical trial
disorder_02872,disorder,pair_core,AL-LAD Post-traumatic stress disorder randomized placebo,AL-LAD,Post-traumatic stress disorder,indication,{compound} {entity} randomized placebo
disorder_02873,disorder,pair_core,AL-LAD Post-traumatic stress disorder treatment outcome,AL-LAD,Post-traumatic stress disorder,indication,{compound} {entity} treatment outcome
disorder_02874,disorder,pair_core,AL-LAD Complex post-traumatic stress disorder clinical trial,AL-LAD,Complex post-traumatic stress disorder,indication,{compound} {entity} clinical trial
disorder_02875,disorder,pair_core,AL-LAD Complex post-traumatic stress disorder randomized placebo,AL-LAD,Complex post-traumatic stress disorder,indication,{compound} {entity} randomized placebo
disorder_02876,disorder,pair_core,AL-LAD Complex post-traumatic stress disorder treatment outcome,AL-LAD,Complex post-traumatic stress disorder,indication,{compound} {entity} treatment outcome
disorder_02877,disorder,pair_core,AL-LAD Alcohol use disorder clinical trial,AL-LAD,Alcohol use disorder,indication,{compound} {entity} clinical trial
disorder_02878,disorder,pair_core,AL-LAD Alcohol use disorder randomized placebo,AL-LAD,Alcohol use disorder,indication,{compound} {entity} randomized placebo
disorder_02879,disorder,pair_core,AL-LAD Alcohol use disorder treatment outcome,AL-LAD,Alcohol use disorder,indication,{compound} {entity} treatment outcome
disorder_02880,disorder,pair_core,AL-LAD Tobacco use disorder clinical trial,AL-LAD,Tobacco use disorder,indication,{compound} {entity} clinical trial
disorder_02881,disorder,pair_core,AL-LAD Tobacco use disorder randomized placebo,AL-LAD,Tobacco use disorder,indication,{compound} {entity} randomized placebo
disorder_02882,disorder,pair_core,AL-LAD Tobacco use disorder treatment outcome,AL-LAD,Tobacco use disorder,indication,{compound} {entity} treatment outcome
disorder_02883,disorder,pair_core,AL-LAD Nicotine dependence clinical trial,AL-LAD,Nicotine dependence,indication,{compound} {entity} clinical trial
disorder_02884,disorder,pair_core,AL-LAD Nicotine dependence randomized placebo,AL-LAD,Nicotine dependence,indication,{compound} {entity} randomized placebo
disorder_02885,disorder,pair_core,AL-LAD Nicotine dependence treatment outcome,AL-LAD,Nicotine dependence,indication,{compound} {entity} treatment outcome
disorder_02886,disorder,pair_core,AL-LAD Opioid use disorder clinical trial,AL-LAD,Opioid use disorder,indication,{compound} {entity} clinical trial
disorder_02887,disorder,pair_core,AL-LAD Opioid use disorder randomized placebo,AL-LAD,Opioid use disorder,indication,{compound} {entity} randomized placebo
disorder_02888,disorder,pair_core,AL-LAD Opioid use disorder treatment outcome,AL-LAD,Opioid use disorder,indication,{compound} {entity} treatment outcome
disorder_02889,disorder,pair_core,AL-LAD Cannabis use disorder clinical trial,AL-LAD,Cannabis use disorder,indication,{compound} {entity} clinical trial
disorder_02890,disorder,pair_core,AL-LAD Cannabis use disorder randomized placebo,AL-LAD,Cannabis use disorder,indication,{compound} {entity} randomized placebo
disorder_02891,disorder,pair_core,AL-LAD Cannabis use disorder treatment outcome,AL-LAD,Cannabis use disorder,indication,{compound} {entity} treatment outcome
disorder_02892,disorder,pair_core,AL-LAD Cocaine use disorder clinical trial,AL-LAD,Cocaine use disorder,indication,{compound} {entity} clinical trial
disorder_02893,disorder,pair_core,AL-LAD Cocaine use disorder randomized placebo,AL-LAD,Cocaine use disorder,indication,{compound} {entity} randomized placebo
disorder_02894,disorder,pair_core,AL-LAD Cocaine use disorder treatment outcome,AL-LAD,Cocaine use disorder,indication,{compound} {entity} treatment outcome
disorder_02895,disorder,pair_core,AL-LAD Methamphetamine use disorder clinical trial,AL-LAD,Methamphetamine use disorder,indication,{compound} {entity} clinical trial
disorder_02896,disorder,pair_core,AL-LAD Methamphetamine use disorder randomized placebo,AL-LAD,Methamphetamine use disorder,indication,{compound} {entity} randomized placebo
disorder_02897,disorder,pair_core,AL-LAD Methamphetamine use disorder treatment outcome,AL-LAD,Methamphetamine use disorder,indication,{compound} {entity} treatment outcome
disorder_02898,disorder,pair_core,AL-LAD Stimulant use disorder clinical trial,AL-LAD,Stimulant use disorder,indication,{compound} {entity} clinical trial
disorder_02899,disorder,pair_core,AL-LAD Stimulant use disorder randomized placebo,AL-LAD,Stimulant use disorder,indication,{compound} {entity} randomized placebo
disorder_02900,disorder,pair_core,AL-LAD Stimulant use disorder treatment outcome,AL-LAD,Stimulant use disorder,indication,{compound} {entity} treatment outcome
disorder_02901,disorder,pair_core,AL-LAD Substance use disorder clinical trial,AL-LAD,Substance use disorder,indication,{compound} {entity} clinical trial
disorder_02902,disorder,pair_core,AL-LAD Substance use disorder randomized placebo,AL-LAD,Substance use disorder,indication,{compound} {entity} randomized placebo
disorder_02903,disorder,pair_core,AL-LAD Substance use disorder treatment outcome,AL-LAD,Substance use disorder,indication,{compound} {entity} treatment outcome
disorder_02904,disorder,pair_core,AL-LAD Generalized anxiety disorder clinical trial,AL-LAD,Generalized anxiety disorder,indication,{compound} {entity} clinical trial
disorder_02905,disorder,pair_core,AL-LAD Generalized anxiety disorder randomized placebo,AL-LAD,Generalized anxiety disorder,indication,{compound} {entity} randomized placebo
disorder_02906,disorder,pair_core,AL-LAD Generalized anxiety disorder treatment outcome,AL-LAD,Generalized anxiety disorder,indication,{compound} {entity} treatment outcome
disorder_02907,disorder,pair_core,AL-LAD Social anxiety disorder clinical trial,AL-LAD,Social anxiety disorder,indication,{compound} {entity} clinical trial
disorder_02908,disorder,pair_core,AL-LAD Social anxiety disorder randomized placebo,AL-LAD,Social anxiety disorder,indication,{compound} {entity} randomized placebo
disorder_02909,disorder,pair_core,AL-LAD Social anxiety disorder treatment outcome,AL-LAD,Social anxiety disorder,indication,{compound} {entity} treatment outcome
disorder_02910,disorder,pair_core,AL-LAD Distress associated with life-threatening disease clinical trial,AL-LAD,Distress associated with life-threatening disease,indication,{compound} {entity} clinical trial
disorder_02911,disorder,pair_core,AL-LAD Distress associated with life-threatening disease randomized placebo,AL-LAD,Distress associated with life-threatening disease,indication,{compound} {entity} randomized placebo
disorder_02912,disorder,pair_core,AL-LAD Distress associated with life-threatening disease treatment outcome,AL-LAD,Distress associated with life-threatening disease,indication,{compound} {entity} treatment outcome
disorder_02913,disorder,pair_core,AL-LAD Obsessive-compulsive disorder clinical trial,AL-LAD,Obsessive-compulsive disorder,indication,{compound} {entity} clinical trial
disorder_02914,disorder,pair_core,AL-LAD Obsessive-compulsive disorder randomized placebo,AL-LAD,Obsessive-compulsive disorder,indication,{compound} {entity} randomized placebo
disorder_02915,disorder,pair_core,AL-LAD Obsessive-compulsive disorder treatment outcome,AL-LAD,Obsessive-compulsive disorder,indication,{compound} {entity} treatment outcome
disorder_02916,disorder,pair_core,AL-LAD Eating disorders clinical trial,AL-LAD,Eating disorders,indication,{compound} {entity} clinical trial
disorder_02917,disorder,pair_core,AL-LAD Eating disorders randomized placebo,AL-LAD,Eating disorders,indication,{compound} {entity} randomized placebo
disorder_02918,disorder,pair_core,AL-LAD Eating disorders treatment outcome,AL-LAD,Eating disorders,indication,{compound} {entity} treatment outcome
disorder_02919,disorder,pair_core,AL-LAD Anorexia nervosa clinical trial,AL-LAD,Anorexia nervosa,indication,{compound} {entity} clinical trial
disorder_02920,disorder,pair_core,AL-LAD Anorexia nervosa randomized placebo,AL-LAD,Anorexia nervosa,indication,{compound} {entity} randomized placebo
disorder_02921,disorder,pair_core,AL-LAD Anorexia nervosa treatment outcome,AL-LAD,Anorexia nervosa,indication,{compound} {entity} treatment outcome
disorder_02922,disorder,pair_core,AL-LAD Bulimia nervosa clinical trial,AL-LAD,Bulimia nervosa,indication,{compound} {entity} clinical trial
disorder_02923,disorder,pair_core,AL-LAD Bulimia nervosa randomized placebo,AL-LAD,Bulimia nervosa,indication,{compound} {entity} randomized placebo
disorder_02924,disorder,pair_core,AL-LAD Bulimia nervosa treatment outcome,AL-LAD,Bulimia nervosa,indication,{compound} {entity} treatment outcome
disorder_02925,disorder,pair_core,AL-LAD Binge-eating disorder clinical trial,AL-LAD,Binge-eating disorder,indication,{compound} {entity} clinical trial
disorder_02926,disorder,pair_core,AL-LAD Binge-eating disorder randomized placebo,AL-LAD,Binge-eating disorder,indication,{compound} {entity} randomized placebo
disorder_02927,disorder,pair_core,AL-LAD Binge-eating disorder treatment outcome,AL-LAD,Binge-eating disorder,indication,{compound} {entity} treatment outcome
disorder_02928,disorder,pair_core,AL-LAD Autism spectrum disorder clinical trial,AL-LAD,Autism spectrum disorder,indication,{compound} {entity} clinical trial
disorder_02929,disorder,pair_core,AL-LAD Autism spectrum disorder randomized placebo,AL-LAD,Autism spectrum disorder,indication,{compound} {entity} randomized placebo
disorder_02930,disorder,pair_core,AL-LAD Autism spectrum disorder treatment outcome,AL-LAD,Autism spectrum disorder,indication,{compound} {entity} treatment outcome
disorder_02931,disorder,pair_core,AL-LAD Demoralization clinical trial,AL-LAD,Demoralization,indication,{compound} {entity} clinical trial
disorder_02932,disorder,pair_core,AL-LAD Demoralization randomized placebo,AL-LAD,Demoralization,indication,{compound} {entity} randomized placebo
disorder_02933,disorder,pair_core,AL-LAD Demoralization treatment outcome,AL-LAD,Demoralization,indication,{compound} {entity} treatment outcome
disorder_02934,disorder,pair_core,AL-LAD Suicidal ideation clinical trial,AL-LAD,Suicidal ideation,indication,{compound} {entity} clinical trial
disorder_02935,disorder,pair_core,AL-LAD Suicidal ideation randomized placebo,AL-LAD,Suicidal ideation,indication,{compound} {entity} randomized placebo
disorder_02936,disorder,pair_core,AL-LAD Suicidal ideation treatment outcome,AL-LAD,Suicidal ideation,indication,{compound} {entity} treatment outcome
disorder_02937,disorder,pair_core,AL-LAD Cluster headache clinical trial,AL-LAD,Cluster headache,indication,{compound} {entity} clinical trial
disorder_02938,disorder,pair_core,AL-LAD Cluster headache randomized placebo,AL-LAD,Cluster headache,indication,{compound} {entity} randomized placebo
disorder_02939,disorder,pair_core,AL-LAD Cluster headache treatment outcome,AL-LAD,Cluster headache,indication,{compound} {entity} treatment outcome
disorder_02940,disorder,pair_core,AL-LAD Headache disorders clinical trial,AL-LAD,Headache disorders,indication,{compound} {entity} clinical trial
disorder_02941,disorder,pair_core,AL-LAD Headache disorders randomized placebo,AL-LAD,Headache disorders,indication,{compound} {entity} randomized placebo
disorder_02942,disorder,pair_core,AL-LAD Headache disorders treatment outcome,AL-LAD,Headache disorders,indication,{compound} {entity} treatment outcome
disorder_02943,disorder,pair_core,AL-LAD Migraine clinical trial,AL-LAD,Migraine,indication,{compound} {entity} clinical trial
disorder_02944,disorder,pair_core,AL-LAD Migraine randomized placebo,AL-LAD,Migraine,indication,{compound} {entity} randomized placebo
disorder_02945,disorder,pair_core,AL-LAD Migraine treatment outcome,AL-LAD,Migraine,indication,{compound} {entity} treatment outcome
disorder_02946,disorder,pair_core,AL-LAD Chronic pain clinical trial,AL-LAD,Chronic pain,indication,{compound} {entity} clinical trial
disorder_02947,disorder,pair_core,AL-LAD Chronic pain randomized placebo,AL-LAD,Chronic pain,indication,{compound} {entity} randomized placebo
disorder_02948,disorder,pair_core,AL-LAD Chronic pain treatment outcome,AL-LAD,Chronic pain,indication,{compound} {entity} treatment outcome
disorder_02949,disorder,pair_core,AL-LAD Fibromyalgia clinical trial,AL-LAD,Fibromyalgia,indication,{compound} {entity} clinical trial
disorder_02950,disorder,pair_core,AL-LAD Fibromyalgia randomized placebo,AL-LAD,Fibromyalgia,indication,{compound} {entity} randomized placebo
disorder_02951,disorder,pair_core,AL-LAD Fibromyalgia treatment outcome,AL-LAD,Fibromyalgia,indication,{compound} {entity} treatment outcome
disorder_02952,disorder,pair_core,ETH-LAD Treatment-resistant depression clinical trial,ETH-LAD,Treatment-resistant depression,indication,{compound} {entity} clinical trial
disorder_02953,disorder,pair_core,ETH-LAD Treatment-resistant depression randomized placebo,ETH-LAD,Treatment-resistant depression,indication,{compound} {entity} randomized placebo
disorder_02954,disorder,pair_core,ETH-LAD Treatment-resistant depression treatment outcome,ETH-LAD,Treatment-resistant depression,indication,{compound} {entity} treatment outcome
disorder_02955,disorder,pair_core,ETH-LAD Major depressive disorder clinical trial,ETH-LAD,Major depressive disorder,indication,{compound} {entity} clinical trial
disorder_02956,disorder,pair_core,ETH-LAD Major depressive disorder randomized placebo,ETH-LAD,Major depressive disorder,indication,{compound} {entity} randomized placebo
disorder_02957,disorder,pair_core,ETH-LAD Major depressive disorder treatment outcome,ETH-LAD,Major depressive disorder,indication,{compound} {entity} treatment outcome
disorder_02958,disorder,pair_core,ETH-LAD Bipolar depression clinical trial,ETH-LAD,Bipolar depression,indication,{compound} {entity} clinical trial
disorder_02959,disorder,pair_core,ETH-LAD Bipolar depression randomized placebo,ETH-LAD,Bipolar depression,indication,{compound} {entity} randomized placebo
disorder_02960,disorder,pair_core,ETH-LAD Bipolar depression treatment outcome,ETH-LAD,Bipolar depression,indication,{compound} {entity} treatment outcome
disorder_02961,disorder,pair_core,ETH-LAD Persistent depressive disorder clinical trial,ETH-LAD,Persistent depressive disorder,indication,{compound} {entity} clinical trial
disorder_02962,disorder,pair_core,ETH-LAD Persistent depressive disorder randomized placebo,ETH-LAD,Persistent depressive disorder,indication,{compound} {entity} randomized placebo
disorder_02963,disorder,pair_core,ETH-LAD Persistent depressive disorder treatment outcome,ETH-LAD,Persistent depressive disorder,indication,{compound} {entity} treatment outcome
disorder_02964,disorder,pair_core,ETH-LAD Post-traumatic stress disorder clinical trial,ETH-LAD,Post-traumatic stress disorder,indication,{compound} {entity} clinical trial
disorder_02965,disorder,pair_core,ETH-LAD Post-traumatic stress disorder randomized placebo,ETH-LAD,Post-traumatic stress disorder,indication,{compound} {entity} randomized placebo
disorder_02966,disorder,pair_core,ETH-LAD Post-traumatic stress disorder treatment outcome,ETH-LAD,Post-traumatic stress disorder,indication,{compound} {entity} treatment outcome
disorder_02967,disorder,pair_core,ETH-LAD Complex post-traumatic stress disorder clinical trial,ETH-LAD,Complex post-traumatic stress disorder,indication,{compound} {entity} clinical trial
disorder_02968,disorder,pair_core,ETH-LAD Complex post-traumatic stress disorder randomized placebo,ETH-LAD,Complex post-traumatic stress disorder,indication,{compound} {entity} randomized placebo
disorder_02969,disorder,pair_core,ETH-LAD Complex post-traumatic stress disorder treatment outcome,ETH-LAD,Complex post-traumatic stress disorder,indication,{compound} {entity} treatment outcome
disorder_02970,disorder,pair_core,ETH-LAD Alcohol use disorder clinical trial,ETH-LAD,Alcohol use disorder,indication,{compound} {entity} clinical trial
disorder_02971,disorder,pair_core,ETH-LAD Alcohol use disorder randomized placebo,ETH-LAD,Alcohol use disorder,indication,{compound} {entity} randomized placebo
disorder_02972,disorder,pair_core,ETH-LAD Alcohol use disorder treatment outcome,ETH-LAD,Alcohol use disorder,indication,{compound} {entity} treatment outcome
disorder_02973,disorder,pair_core,ETH-LAD Tobacco use disorder clinical trial,ETH-LAD,Tobacco use disorder,indication,{compound} {entity} clinical trial
disorder_02974,disorder,pair_core,ETH-LAD Tobacco use disorder randomized placebo,ETH-LAD,Tobacco use disorder,indication,{compound} {entity} randomized placebo
disorder_02975,disorder,pair_core,ETH-LAD Tobacco use disorder treatment outcome,ETH-LAD,Tobacco use disorder,indication,{compound} {entity} treatment outcome
disorder_02976,disorder,pair_core,ETH-LAD Nicotine dependence clinical trial,ETH-LAD,Nicotine dependence,indication,{compound} {entity} clinical trial
disorder_02977,disorder,pair_core,ETH-LAD Nicotine dependence randomized placebo,ETH-LAD,Nicotine dependence,indication,{compound} {entity} randomized placebo
disorder_02978,disorder,pair_core,ETH-LAD Nicotine dependence treatment outcome,ETH-LAD,Nicotine dependence,indication,{compound} {entity} treatment outcome
disorder_02979,disorder,pair_core,ETH-LAD Opioid use disorder clinical trial,ETH-LAD,Opioid use disorder,indication,{compound} {entity} clinical trial
disorder_02980,disorder,pair_core,ETH-LAD Opioid use disorder randomized placebo,ETH-LAD,Opioid use disorder,indication,{compound} {entity} randomized placebo
disorder_02981,disorder,pair_core,ETH-LAD Opioid use disorder treatment outcome,ETH-LAD,Opioid use disorder,indication,{compound} {entity} treatment outcome
disorder_02982,disorder,pair_core,ETH-LAD Cannabis use disorder clinical trial,ETH-LAD,Cannabis use disorder,indication,{compound} {entity} clinical trial
disorder_02983,disorder,pair_core,ETH-LAD Cannabis use disorder randomized placebo,ETH-LAD,Cannabis use disorder,indication,{compound} {entity} randomized placebo
disorder_02984,disorder,pair_core,ETH-LAD Cannabis use disorder treatment outcome,ETH-LAD,Cannabis use disorder,indication,{compound} {entity} treatment outcome
disorder_02985,disorder,pair_core,ETH-LAD Cocaine use disorder clinical trial,ETH-LAD,Cocaine use disorder,indication,{compound} {entity} clinical trial
disorder_02986,disorder,pair_core,ETH-LAD Cocaine use disorder randomized placebo,ETH-LAD,Cocaine use disorder,indication,{compound} {entity} randomized placebo
disorder_02987,disorder,pair_core,ETH-LAD Cocaine use disorder treatment outcome,ETH-LAD,Cocaine use disorder,indication,{compound} {entity} treatment outcome
disorder_02988,disorder,pair_core,ETH-LAD Methamphetamine use disorder clinical trial,ETH-LAD,Methamphetamine use disorder,indication,{compound} {entity} clinical trial
disorder_02989,disorder,pair_core,ETH-LAD Methamphetamine use disorder randomized placebo,ETH-LAD,Methamphetamine use disorder,indication,{compound} {entity} randomized placebo
disorder_02990,disorder,pair_core,ETH-LAD Methamphetamine use disorder treatment outcome,ETH-LAD,Methamphetamine use disorder,indication,{compound} {entity} treatment outcome
disorder_02991,disorder,pair_core,ETH-LAD Stimulant use disorder clinical trial,ETH-LAD,Stimulant use disorder,indication,{compound} {entity} clinical trial
disorder_02992,disorder,pair_core,ETH-LAD Stimulant use disorder randomized placebo,ETH-LAD,Stimulant use disorder,indication,{compound} {entity} randomized placebo
disorder_02993,disorder,pair_core,ETH-LAD Stimulant use disorder treatment outcome,ETH-LAD,Stimulant use disorder,indication,{compound} {entity} treatment outcome
disorder_02994,disorder,pair_core,ETH-LAD Substance use disorder clinical trial,ETH-LAD,Substance use disorder,indication,{compound} {entity} clinical trial
disorder_02995,disorder,pair_core,ETH-LAD Substance use disorder randomized placebo,ETH-LAD,Substance use disorder,indication,{compound} {entity} randomized placebo
disorder_02996,disorder,pair_core,ETH-LAD Substance use disorder treatment outcome,ETH-LAD,Substance use disorder,indication,{compound} {entity} treatment outcome
disorder_02997,disorder,pair_core,ETH-LAD Generalized anxiety disorder clinical trial,ETH-LAD,Generalized anxiety disorder,indication,{compound} {entity} clinical trial
disorder_02998,disorder,pair_core,ETH-LAD Generalized anxiety disorder randomized placebo,ETH-LAD,Generalized anxiety disorder,indication,{compound} {entity} randomized placebo
disorder_02999,disorder,pair_core,ETH-LAD Generalized anxiety disorder treatment outcome,ETH-LAD,Generalized anxiety disorder,indication,{compound} {entity} treatment outcome
disorder_03000,disorder,pair_core,ETH-LAD Social anxiety disorder clinical trial,ETH-LAD,Social anxiety disorder,indication,{compound} {entity} clinical trial
disorder_03001,disorder,pair_core,ETH-LAD Social anxiety disorder randomized placebo,ETH-LAD,Social anxiety disorder,indication,{compound} {entity} randomized placebo
disorder_03002,disorder,pair_core,ETH-LAD Social anxiety disorder treatment outcome,ETH-LAD,Social anxiety disorder,indication,{compound} {entity} treatment outcome
disorder_03003,disorder,pair_core,ETH-LAD Distress associated with life-threatening disease clinical trial,ETH-LAD,Distress associated with life-threatening disease,indication,{compound} {entity} clinical trial
disorder_03004,disorder,pair_core,ETH-LAD Distress associated with life-threatening disease randomized placebo,ETH-LAD,Distress associated with life-threatening disease,indication,{compound} {entity} randomized placebo
disorder_03005,disorder,pair_core,ETH-LAD Distress associated with life-threatening disease treatment outcome,ETH-LAD,Distress associated with life-threatening disease,indication,{compound} {entity} treatment outcome
disorder_03006,disorder,pair_core,ETH-LAD Obsessive-compulsive disorder clinical trial,ETH-LAD,Obsessive-compulsive disorder,indication,{compound} {entity} clinical trial
disorder_03007,disorder,pair_core,ETH-LAD Obsessive-compulsive disorder randomized placebo,ETH-LAD,Obsessive-compulsive disorder,indication,{compound} {entity} randomized placebo
disorder_03008,disorder,pair_core,ETH-LAD Obsessive-compulsive disorder treatment outcome,ETH-LAD,Obsessive-compulsive disorder,indication,{compound} {entity} treatment outcome
disorder_03009,disorder,pair_core,ETH-LAD Eating disorders clinical trial,ETH-LAD,Eating disorders,indication,{compound} {entity} clinical trial
disorder_03010,disorder,pair_core,ETH-LAD Eating disorders randomized placebo,ETH-LAD,Eating disorders,indication,{compound} {entity} randomized placebo
disorder_03011,disorder,pair_core,ETH-LAD Eating disorders treatment outcome,ETH-LAD,Eating disorders,indication,{compound} {entity} treatment outcome
disorder_03012,disorder,pair_core,ETH-LAD Anorexia nervosa clinical trial,ETH-LAD,Anorexia nervosa,indication,{compound} {entity} clinical trial
disorder_03013,disorder,pair_core,ETH-LAD Anorexia nervosa randomized placebo,ETH-LAD,Anorexia nervosa,indication,{compound} {entity} randomized placebo
disorder_03014,disorder,pair_core,ETH-LAD Anorexia nervosa treatment outcome,ETH-LAD,Anorexia nervosa,indication,{compound} {entity} treatment outcome
disorder_03015,disorder,pair_core,ETH-LAD Bulimia nervosa clinical trial,ETH-LAD,Bulimia nervosa,indication,{compound} {entity} clinical trial
disorder_03016,disorder,pair_core,ETH-LAD Bulimia nervosa randomized placebo,ETH-LAD,Bulimia nervosa,indication,{compound} {entity} randomized placebo
disorder_03017,disorder,pair_core,ETH-LAD Bulimia nervosa treatment outcome,ETH-LAD,Bulimia nervosa,indication,{compound} {entity} treatment outcome
disorder_03018,disorder,pair_core,ETH-LAD Binge-eating disorder clinical trial,ETH-LAD,Binge-eating disorder,indication,{compound} {entity} clinical trial
disorder_03019,disorder,pair_core,ETH-LAD Binge-eating disorder randomized placebo,ETH-LAD,Binge-eating disorder,indication,{compound} {entity} randomized placebo
disorder_03020,disorder,pair_core,ETH-LAD Binge-eating disorder treatment outcome,ETH-LAD,Binge-eating disorder,indication,{compound} {entity} treatment outcome
disorder_03021,disorder,pair_core,ETH-LAD Autism spectrum disorder clinical trial,ETH-LAD,Autism spectrum disorder,indication,{compound} {entity} clinical trial
disorder_03022,disorder,pair_core,ETH-LAD Autism spectrum disorder randomized placebo,ETH-LAD,Autism spectrum disorder,indication,{compound} {entity} randomized placebo
disorder_03023,disorder,pair_core,ETH-LAD Autism spectrum disorder treatment outcome,ETH-LAD,Autism spectrum disorder,indication,{compound} {entity} treatment outcome
disorder_03024,disorder,pair_core,ETH-LAD Demoralization clinical trial,ETH-LAD,Demoralization,indication,{compound} {entity} clinical trial
disorder_03025,disorder,pair_core,ETH-LAD Demoralization randomized placebo,ETH-LAD,Demoralization,indication,{compound} {entity} randomized placebo
disorder_03026,disorder,pair_core,ETH-LAD Demoralization treatment outcome,ETH-LAD,Demoralization,indication,{compound} {entity} treatment outcome
disorder_03027,disorder,pair_core,ETH-LAD Suicidal ideation clinical trial,ETH-LAD,Suicidal ideation,indication,{compound} {entity} clinical trial
disorder_03028,disorder,pair_core,ETH-LAD Suicidal ideation randomized placebo,ETH-LAD,Suicidal ideation,indication,{compound} {entity} randomized placebo
disorder_03029,disorder,pair_core,ETH-LAD Suicidal ideation treatment outcome,ETH-LAD,Suicidal ideation,indication,{compound} {entity} treatment outcome
disorder_03030,disorder,pair_core,ETH-LAD Cluster headache clinical trial,ETH-LAD,Cluster headache,indication,{compound} {entity} clinical trial
disorder_03031,disorder,pair_core,ETH-LAD Cluster headache randomized placebo,ETH-LAD,Cluster headache,indication,{compound} {entity} randomized placebo
disorder_03032,disorder,pair_core,ETH-LAD Cluster headache treatment outcome,ETH-LAD,Cluster headache,indication,{compound} {entity} treatment outcome
disorder_03033,disorder,pair_core,ETH-LAD Headache disorders clinical trial,ETH-LAD,Headache disorders,indication,{compound} {entity} clinical trial
disorder_03034,disorder,pair_core,ETH-LAD Headache disorders randomized placebo,ETH-LAD,Headache disorders,indication,{compound} {entity} randomized placebo
disorder_03035,disorder,pair_core,ETH-LAD Headache disorders treatment outcome,ETH-LAD,Headache disorders,indication,{compound} {entity} treatment outcome
disorder_03036,disorder,pair_core,ETH-LAD Migraine clinical trial,ETH-LAD,Migraine,indication,{compound} {entity} clinical trial
disorder_03037,disorder,pair_core,ETH-LAD Migraine randomized placebo,ETH-LAD,Migraine,indication,{compound} {entity} randomized placebo
disorder_03038,disorder,pair_core,ETH-LAD Migraine treatment outcome,ETH-LAD,Migraine,indication,{compound} {entity} treatment outcome
disorder_03039,disorder,pair_core,ETH-LAD Chronic pain clinical trial,ETH-LAD,Chronic pain,indication,{compound} {entity} clinical trial
disorder_03040,disorder,pair_core,ETH-LAD Chronic pain randomized placebo,ETH-LAD,Chronic pain,indication,{compound} {entity} randomized placebo
disorder_03041,disorder,pair_core,ETH-LAD Chronic pain treatment outcome,ETH-LAD,Chronic pain,indication,{compound} {entity} treatment outcome
disorder_03042,disorder,pair_core,ETH-LAD Fibromyalgia clinical trial,ETH-LAD,Fibromyalgia,indication,{compound} {entity} clinical trial
disorder_03043,disorder,pair_core,ETH-LAD Fibromyalgia randomized placebo,ETH-LAD,Fibromyalgia,indication,{compound} {entity} randomized placebo
disorder_03044,disorder,pair_core,ETH-LAD Fibromyalgia treatment outcome,ETH-LAD,Fibromyalgia,indication,{compound} {entity} treatment outcome
disorder_03045,disorder,pair_core,PRO-LAD Treatment-resistant depression clinical trial,PRO-LAD,Treatment-resistant depression,indication,{compound} {entity} clinical trial
disorder_03046,disorder,pair_core,PRO-LAD Treatment-resistant depression randomized placebo,PRO-LAD,Treatment-resistant depression,indication,{compound} {entity} randomized placebo
disorder_03047,disorder,pair_core,PRO-LAD Treatment-resistant depression treatment outcome,PRO-LAD,Treatment-resistant depression,indication,{compound} {entity} treatment outcome
disorder_03048,disorder,pair_core,PRO-LAD Major depressive disorder clinical trial,PRO-LAD,Major depressive disorder,indication,{compound} {entity} clinical trial
disorder_03049,disorder,pair_core,PRO-LAD Major depressive disorder randomized placebo,PRO-LAD,Major depressive disorder,indication,{compound} {entity} randomized placebo
disorder_03050,disorder,pair_core,PRO-LAD Major depressive disorder treatment outcome,PRO-LAD,Major depressive disorder,indication,{compound} {entity} treatment outcome
disorder_03051,disorder,pair_core,PRO-LAD Bipolar depression clinical trial,PRO-LAD,Bipolar depression,indication,{compound} {entity} clinical trial
disorder_03052,disorder,pair_core,PRO-LAD Bipolar depression randomized placebo,PRO-LAD,Bipolar depression,indication,{compound} {entity} randomized placebo
disorder_03053,disorder,pair_core,PRO-LAD Bipolar depression treatment outcome,PRO-LAD,Bipolar depression,indication,{compound} {entity} treatment outcome
disorder_03054,disorder,pair_core,PRO-LAD Persistent depressive disorder clinical trial,PRO-LAD,Persistent depressive disorder,indication,{compound} {entity} clinical trial
disorder_03055,disorder,pair_core,PRO-LAD Persistent depressive disorder randomized placebo,PRO-LAD,Persistent depressive disorder,indication,{compound} {entity} randomized placebo
disorder_03056,disorder,pair_core,PRO-LAD Persistent depressive disorder treatment outcome,PRO-LAD,Persistent depressive disorder,indication,{compound} {entity} treatment outcome
disorder_03057,disorder,pair_core,PRO-LAD Post-traumatic stress disorder clinical trial,PRO-LAD,Post-traumatic stress disorder,indication,{compound} {entity} clinical trial
disorder_03058,disorder,pair_core,PRO-LAD Post-traumatic stress disorder randomized placebo,PRO-LAD,Post-traumatic stress disorder,indication,{compound} {entity} randomized placebo
disorder_03059,disorder,pair_core,PRO-LAD Post-traumatic stress disorder treatment outcome,PRO-LAD,Post-traumatic stress disorder,indication,{compound} {entity} treatment outcome
disorder_03060,disorder,pair_core,PRO-LAD Complex post-traumatic stress disorder clinical trial,PRO-LAD,Complex post-traumatic stress disorder,indication,{compound} {entity} clinical trial
disorder_03061,disorder,pair_core,PRO-LAD Complex post-traumatic stress disorder randomized placebo,PRO-LAD,Complex post-traumatic stress disorder,indication,{compound} {entity} randomized placebo
disorder_03062,disorder,pair_core,PRO-LAD Complex post-traumatic stress disorder treatment outcome,PRO-LAD,Complex post-traumatic stress disorder,indication,{compound} {entity} treatment outcome
disorder_03063,disorder,pair_core,PRO-LAD Alcohol use disorder clinical trial,PRO-LAD,Alcohol use disorder,indication,{compound} {entity} clinical trial
disorder_03064,disorder,pair_core,PRO-LAD Alcohol use disorder randomized placebo,PRO-LAD,Alcohol use disorder,indication,{compound} {entity} randomized placebo
disorder_03065,disorder,pair_core,PRO-LAD Alcohol use disorder treatment outcome,PRO-LAD,Alcohol use disorder,indication,{compound} {entity} treatment outcome
disorder_03066,disorder,pair_core,PRO-LAD Tobacco use disorder clinical trial,PRO-LAD,Tobacco use disorder,indication,{compound} {entity} clinical trial
disorder_03067,disorder,pair_core,PRO-LAD Tobacco use disorder randomized placebo,PRO-LAD,Tobacco use disorder,indication,{compound} {entity} randomized placebo
disorder_03068,disorder,pair_core,PRO-LAD Tobacco use disorder treatment outcome,PRO-LAD,Tobacco use disorder,indication,{compound} {entity} treatment outcome
disorder_03069,disorder,pair_core,PRO-LAD Nicotine dependence clinical trial,PRO-LAD,Nicotine dependence,indication,{compound} {entity} clinical trial
disorder_03070,disorder,pair_core,PRO-LAD Nicotine dependence randomized placebo,PRO-LAD,Nicotine dependence,indication,{compound} {entity} randomized placebo
disorder_03071,disorder,pair_core,PRO-LAD Nicotine dependence treatment outcome,PRO-LAD,Nicotine dependence,indication,{compound} {entity} treatment outcome
disorder_03072,disorder,pair_core,PRO-LAD Opioid use disorder clinical trial,PRO-LAD,Opioid use disorder,indication,{compound} {entity} clinical trial
disorder_03073,disorder,pair_core,PRO-LAD Opioid use disorder randomized placebo,PRO-LAD,Opioid use disorder,indication,{compound} {entity} randomized placebo
disorder_03074,disorder,pair_core,PRO-LAD Opioid use disorder treatment outcome,PRO-LAD,Opioid use disorder,indication,{compound} {entity} treatment outcome
disorder_03075,disorder,pair_core,PRO-LAD Cannabis use disorder clinical trial,PRO-LAD,Cannabis use disorder,indication,{compound} {entity} clinical trial
disorder_03076,disorder,pair_core,PRO-LAD Cannabis use disorder randomized placebo,PRO-LAD,Cannabis use disorder,indication,{compound} {entity} randomized placebo
disorder_03077,disorder,pair_core,PRO-LAD Cannabis use disorder treatment outcome,PRO-LAD,Cannabis use disorder,indication,{compound} {entity} treatment outcome
disorder_03078,disorder,pair_core,PRO-LAD Cocaine use disorder clinical trial,PRO-LAD,Cocaine use disorder,indication,{compound} {entity} clinical trial
disorder_03079,disorder,pair_core,PRO-LAD Cocaine use disorder randomized placebo,PRO-LAD,Cocaine use disorder,indication,{compound} {entity} randomized placebo
disorder_03080,disorder,pair_core,PRO-LAD Cocaine use disorder treatment outcome,PRO-LAD,Cocaine use disorder,indication,{compound} {entity} treatment outcome
disorder_03081,disorder,pair_core,PRO-LAD Methamphetamine use disorder clinical trial,PRO-LAD,Methamphetamine use disorder,indication,{compound} {entity} clinical trial
disorder_03082,disorder,pair_core,PRO-LAD Methamphetamine use disorder randomized placebo,PRO-LAD,Methamphetamine use disorder,indication,{compound} {entity} randomized placebo
disorder_03083,disorder,pair_core,PRO-LAD Methamphetamine use disorder treatment outcome,PRO-LAD,Methamphetamine use disorder,indication,{compound} {entity} treatment outcome
disorder_03084,disorder,pair_core,PRO-LAD Stimulant use disorder clinical trial,PRO-LAD,Stimulant use disorder,indication,{compound} {entity} clinical trial
disorder_03085,disorder,pair_core,PRO-LAD Stimulant use disorder randomized placebo,PRO-LAD,Stimulant use disorder,indication,{compound} {entity} randomized placebo
disorder_03086,disorder,pair_core,PRO-LAD Stimulant use disorder treatment outcome,PRO-LAD,Stimulant use disorder,indication,{compound} {entity} treatment outcome
disorder_03087,disorder,pair_core,PRO-LAD Substance use disorder clinical trial,PRO-LAD,Substance use disorder,indication,{compound} {entity} clinical trial
disorder_03088,disorder,pair_core,PRO-LAD Substance use disorder randomized placebo,PRO-LAD,Substance use disorder,indication,{compound} {entity} randomized placebo
disorder_03089,disorder,pair_core,PRO-LAD Substance use disorder treatment outcome,PRO-LAD,Substance use disorder,indication,{compound} {entity} treatment outcome
disorder_03090,disorder,pair_core,PRO-LAD Generalized anxiety disorder clinical trial,PRO-LAD,Generalized anxiety disorder,indication,{compound} {entity} clinical trial
disorder_03091,disorder,pair_core,PRO-LAD Generalized anxiety disorder randomized placebo,PRO-LAD,Generalized anxiety disorder,indication,{compound} {entity} randomized placebo
disorder_03092,disorder,pair_core,PRO-LAD Generalized anxiety disorder treatment outcome,PRO-LAD,Generalized anxiety disorder,indication,{compound} {entity} treatment outcome
disorder_03093,disorder,pair_core,PRO-LAD Social anxiety disorder clinical trial,PRO-LAD,Social anxiety disorder,indication,{compound} {entity} clinical trial
disorder_03094,disorder,pair_core,PRO-LAD Social anxiety disorder randomized placebo,PRO-LAD,Social anxiety disorder,indication,{compound} {entity} randomized placebo
disorder_03095,disorder,pair_core,PRO-LAD Social anxiety disorder treatment outcome,PRO-LAD,Social anxiety disorder,indication,{compound} {entity} treatment outcome
disorder_03096,disorder,pair_core,PRO-LAD Distress associated with life-threatening disease clinical trial,PRO-LAD,Distress associated with life-threatening disease,indication,{compound} {entity} clinical trial
disorder_03097,disorder,pair_core,PRO-LAD Distress associated with life-threatening disease randomized placebo,PRO-LAD,Distress associated with life-threatening disease,indication,{compound} {entity} randomized placebo
disorder_03098,disorder,pair_core,PRO-LAD Distress associated with life-threatening disease treatment outcome,PRO-LAD,Distress associated with life-threatening disease,indication,{compound} {entity} treatment outcome
disorder_03099,disorder,pair_core,PRO-LAD Obsessive-compulsive disorder clinical trial,PRO-LAD,Obsessive-compulsive disorder,indication,{compound} {entity} clinical trial
disorder_03100,disorder,pair_core,PRO-LAD Obsessive-compulsive disorder randomized placebo,PRO-LAD,Obsessive-compulsive disorder,indication,{compound} {entity} randomized placebo
disorder_03101,disorder,pair_core,PRO-LAD Obsessive-compulsive disorder treatment outcome,PRO-LAD,Obsessive-compulsive disorder,indication,{compound} {entity} treatment outcome
disorder_03102,disorder,pair_core,PRO-LAD Eating disorders clinical trial,PRO-LAD,Eating disorders,indication,{compound} {entity} clinical trial
disorder_03103,disorder,pair_core,PRO-LAD Eating disorders randomized placebo,PRO-LAD,Eating disorders,indication,{compound} {entity} randomized placebo
disorder_03104,disorder,pair_core,PRO-LAD Eating disorders treatment outcome,PRO-LAD,Eating disorders,indication,{compound} {entity} treatment outcome
disorder_03105,disorder,pair_core,PRO-LAD Anorexia nervosa clinical trial,PRO-LAD,Anorexia nervosa,indication,{compound} {entity} clinical trial
disorder_03106,disorder,pair_core,PRO-LAD Anorexia nervosa randomized placebo,PRO-LAD,Anorexia nervosa,indication,{compound} {entity} randomized placebo
disorder_03107,disorder,pair_core,PRO-LAD Anorexia nervosa treatment outcome,PRO-LAD,Anorexia nervosa,indication,{compound} {entity} treatment outcome
disorder_03108,disorder,pair_core,PRO-LAD Bulimia nervosa clinical trial,PRO-LAD,Bulimia nervosa,indication,{compound} {entity} clinical trial
disorder_03109,disorder,pair_core,PRO-LAD Bulimia nervosa randomized placebo,PRO-LAD,Bulimia nervosa,indication,{compound} {entity} randomized placebo
disorder_03110,disorder,pair_core,PRO-LAD Bulimia nervosa treatment outcome,PRO-LAD,Bulimia nervosa,indication,{compound} {entity} treatment outcome
disorder_03111,disorder,pair_core,PRO-LAD Binge-eating disorder clinical trial,PRO-LAD,Binge-eating disorder,indication,{compound} {entity} clinical trial
disorder_03112,disorder,pair_core,PRO-LAD Binge-eating disorder randomized placebo,PRO-LAD,Binge-eating disorder,indication,{compound} {entity} randomized placebo
disorder_03113,disorder,pair_core,PRO-LAD Binge-eating disorder treatment outcome,PRO-LAD,Binge-eating disorder,indication,{compound} {entity} treatment outcome
disorder_03114,disorder,pair_core,PRO-LAD Autism spectrum disorder clinical trial,PRO-LAD,Autism spectrum disorder,indication,{compound} {entity} clinical trial
disorder_03115,disorder,pair_core,PRO-LAD Autism spectrum disorder randomized placebo,PRO-LAD,Autism spectrum disorder,indication,{compound} {entity} randomized placebo
disorder_03116,disorder,pair_core,PRO-LAD Autism spectrum disorder treatment outcome,PRO-LAD,Autism spectrum disorder,indication,{compound} {entity} treatment outcome
disorder_03117,disorder,pair_core,PRO-LAD Demoralization clinical trial,PRO-LAD,Demoralization,indication,{compound} {entity} clinical trial
disorder_03118,disorder,pair_core,PRO-LAD Demoralization randomized placebo,PRO-LAD,Demoralization,indication,{compound} {entity} randomized placebo
disorder_03119,disorder,pair_core,PRO-LAD Demoralization treatment outcome,PRO-LAD,Demoralization,indication,{compound} {entity} treatment outcome
disorder_03120,disorder,pair_core,PRO-LAD Suicidal ideation clinical trial,PRO-LAD,Suicidal ideation,indication,{compound} {entity} clinical trial
disorder_03121,disorder,pair_core,PRO-LAD Suicidal ideation randomized placebo,PRO-LAD,Suicidal ideation,indication,{compound} {entity} randomized placebo
disorder_03122,disorder,pair_core,PRO-LAD Suicidal ideation treatment outcome,PRO-LAD,Suicidal ideation,indication,{compound} {entity} treatment outcome
disorder_03123,disorder,pair_core,PRO-LAD Cluster headache clinical trial,PRO-LAD,Cluster headache,indication,{compound} {entity} clinical trial
disorder_03124,disorder,pair_core,PRO-LAD Cluster headache randomized placebo,PRO-LAD,Cluster headache,indication,{compound} {entity} randomized placebo
disorder_03125,disorder,pair_core,PRO-LAD Cluster headache treatment outcome,PRO-LAD,Cluster headache,indication,{compound} {entity} treatment outcome
disorder_03126,disorder,pair_core,PRO-LAD Headache disorders clinical trial,PRO-LAD,Headache disorders,indication,{compound} {entity} clinical trial
disorder_03127,disorder,pair_core,PRO-LAD Headache disorders randomized placebo,PRO-LAD,Headache disorders,indication,{compound} {entity} randomized placebo
disorder_03128,disorder,pair_core,PRO-LAD Headache disorders treatment outcome,PRO-LAD,Headache disorders,indication,{compound} {entity} treatment outcome
disorder_03129,disorder,pair_core,PRO-LAD Migraine clinical trial,PRO-LAD,Migraine,indication,{compound} {entity} clinical trial
disorder_03130,disorder,pair_core,PRO-LAD Migraine randomized placebo,PRO-LAD,Migraine,indication,{compound} {entity} randomized placebo
disorder_03131,disorder,pair_core,PRO-LAD Migraine treatment outcome,PRO-LAD,Migraine,indication,{compound} {entity} treatment outcome
disorder_03132,disorder,pair_core,PRO-LAD Chronic pain clinical trial,PRO-LAD,Chronic pain,indication,{compound} {entity} clinical trial
disorder_03133,disorder,pair_core,PRO-LAD Chronic pain randomized placebo,PRO-LAD,Chronic pain,indication,{compound} {entity} randomized placebo
disorder_03134,disorder,pair_core,PRO-LAD Chronic pain treatment outcome,PRO-LAD,Chronic pain,indication,{compound} {entity} treatment outcome
disorder_03135,disorder,pair_core,PRO-LAD Fibromyalgia clinical trial,PRO-LAD,Fibromyalgia,indication,{compound} {entity} clinical trial
disorder_03136,disorder,pair_core,PRO-LAD Fibromyalgia randomized placebo,PRO-LAD,Fibromyalgia,indication,{compound} {entity} randomized placebo
disorder_03137,disorder,pair_core,PRO-LAD Fibromyalgia treatment outcome,PRO-LAD,Fibromyalgia,indication,{compound} {entity} treatment outcome
disorder_03138,disorder,pair_core,1P-LSD Treatment-resistant depression clinical trial,1P-LSD,Treatment-resistant depression,indication,{compound} {entity} clinical trial
disorder_03139,disorder,pair_core,1P-LSD Treatment-resistant depression randomized placebo,1P-LSD,Treatment-resistant depression,indication,{compound} {entity} randomized placebo
disorder_03140,disorder,pair_core,1P-LSD Treatment-resistant depression treatment outcome,1P-LSD,Treatment-resistant depression,indication,{compound} {entity} treatment outcome
disorder_03141,disorder,pair_core,1P-LSD Major depressive disorder clinical trial,1P-LSD,Major depressive disorder,indication,{compound} {entity} clinical trial
disorder_03142,disorder,pair_core,1P-LSD Major depressive disorder randomized placebo,1P-LSD,Major depressive disorder,indication,{compound} {entity} randomized placebo
disorder_03143,disorder,pair_core,1P-LSD Major depressive disorder treatment outcome,1P-LSD,Major depressive disorder,indication,{compound} {entity} treatment outcome
disorder_03144,disorder,pair_core,1P-LSD Bipolar depression clinical trial,1P-LSD,Bipolar depression,indication,{compound} {entity} clinical trial
disorder_03145,disorder,pair_core,1P-LSD Bipolar depression randomized placebo,1P-LSD,Bipolar depression,indication,{compound} {entity} randomized placebo
disorder_03146,disorder,pair_core,1P-LSD Bipolar depression treatment outcome,1P-LSD,Bipolar depression,indication,{compound} {entity} treatment outcome
disorder_03147,disorder,pair_core,1P-LSD Persistent depressive disorder clinical trial,1P-LSD,Persistent depressive disorder,indication,{compound} {entity} clinical trial
disorder_03148,disorder,pair_core,1P-LSD Persistent depressive disorder randomized placebo,1P-LSD,Persistent depressive disorder,indication,{compound} {entity} randomized placebo
disorder_03149,disorder,pair_core,1P-LSD Persistent depressive disorder treatment outcome,1P-LSD,Persistent depressive disorder,indication,{compound} {entity} treatment outcome
disorder_03150,disorder,pair_core,1P-LSD Post-traumatic stress disorder clinical trial,1P-LSD,Post-traumatic stress disorder,indication,{compound} {entity} clinical trial
disorder_03151,disorder,pair_core,1P-LSD Post-traumatic stress disorder randomized placebo,1P-LSD,Post-traumatic stress disorder,indication,{compound} {entity} randomized placebo
disorder_03152,disorder,pair_core,1P-LSD Post-traumatic stress disorder treatment outcome,1P-LSD,Post-traumatic stress disorder,indication,{compound} {entity} treatment outcome
disorder_03153,disorder,pair_core,1P-LSD Complex post-traumatic stress disorder clinical trial,1P-LSD,Complex post-traumatic stress disorder,indication,{compound} {entity} clinical trial
disorder_03154,disorder,pair_core,1P-LSD Complex post-traumatic stress disorder randomized placebo,1P-LSD,Complex post-traumatic stress disorder,indication,{compound} {entity} randomized placebo
disorder_03155,disorder,pair_core,1P-LSD Complex post-traumatic stress disorder treatment outcome,1P-LSD,Complex post-traumatic stress disorder,indication,{compound} {entity} treatment outcome
disorder_03156,disorder,pair_core,1P-LSD Alcohol use disorder clinical trial,1P-LSD,Alcohol use disorder,indication,{compound} {entity} clinical trial
disorder_03157,disorder,pair_core,1P-LSD Alcohol use disorder randomized placebo,1P-LSD,Alcohol use disorder,indication,{compound} {entity} randomized placebo
disorder_03158,disorder,pair_core,1P-LSD Alcohol use disorder treatment outcome,1P-LSD,Alcohol use disorder,indication,{compound} {entity} treatment outcome
disorder_03159,disorder,pair_core,1P-LSD Tobacco use disorder clinical trial,1P-LSD,Tobacco use disorder,indication,{compound} {entity} clinical trial
disorder_03160,disorder,pair_core,1P-LSD Tobacco use disorder randomized placebo,1P-LSD,Tobacco use disorder,indication,{compound} {entity} randomized placebo
disorder_03161,disorder,pair_core,1P-LSD Tobacco use disorder treatment outcome,1P-LSD,Tobacco use disorder,indication,{compound} {entity} treatment outcome
disorder_03162,disorder,pair_core,1P-LSD Nicotine dependence clinical trial,1P-LSD,Nicotine dependence,indication,{compound} {entity} clinical trial
disorder_03163,disorder,pair_core,1P-LSD Nicotine dependence randomized placebo,1P-LSD,Nicotine dependence,indication,{compound} {entity} randomized placebo
disorder_03164,disorder,pair_core,1P-LSD Nicotine dependence treatment outcome,1P-LSD,Nicotine dependence,indication,{compound} {entity} treatment outcome
disorder_03165,disorder,pair_core,1P-LSD Opioid use disorder clinical trial,1P-LSD,Opioid use disorder,indication,{compound} {entity} clinical trial
disorder_03166,disorder,pair_core,1P-LSD Opioid use disorder randomized placebo,1P-LSD,Opioid use disorder,indication,{compound} {entity} randomized placebo
disorder_03167,disorder,pair_core,1P-LSD Opioid use disorder treatment outcome,1P-LSD,Opioid use disorder,indication,{compound} {entity} treatment outcome
disorder_03168,disorder,pair_core,1P-LSD Cannabis use disorder clinical trial,1P-LSD,Cannabis use disorder,indication,{compound} {entity} clinical trial
disorder_03169,disorder,pair_core,1P-LSD Cannabis use disorder randomized placebo,1P-LSD,Cannabis use disorder,indication,{compound} {entity} randomized placebo
disorder_03170,disorder,pair_core,1P-LSD Cannabis use disorder treatment outcome,1P-LSD,Cannabis use disorder,indication,{compound} {entity} treatment outcome
disorder_03171,disorder,pair_core,1P-LSD Cocaine use disorder clinical trial,1P-LSD,Cocaine use disorder,indication,{compound} {entity} clinical trial
disorder_03172,disorder,pair_core,1P-LSD Cocaine use disorder randomized placebo,1P-LSD,Cocaine use disorder,indication,{compound} {entity} randomized placebo
disorder_03173,disorder,pair_core,1P-LSD Cocaine use disorder treatment outcome,1P-LSD,Cocaine use disorder,indication,{compound} {entity} treatment outcome
disorder_03174,disorder,pair_core,1P-LSD Methamphetamine use disorder clinical trial,1P-LSD,Methamphetamine use disorder,indication,{compound} {entity} clinical trial
disorder_03175,disorder,pair_core,1P-LSD Methamphetamine use disorder randomized placebo,1P-LSD,Methamphetamine use disorder,indication,{compound} {entity} randomized placebo
disorder_03176,disorder,pair_core,1P-LSD Methamphetamine use disorder treatment outcome,1P-LSD,Methamphetamine use disorder,indication,{compound} {entity} treatment outcome
disorder_03177,disorder,pair_core,1P-LSD Stimulant use disorder clinical trial,1P-LSD,Stimulant use disorder,indication,{compound} {entity} clinical trial
disorder_03178,disorder,pair_core,1P-LSD Stimulant use disorder randomized placebo,1P-LSD,Stimulant use disorder,indication,{compound} {entity} randomized placebo
disorder_03179,disorder,pair_core,1P-LSD Stimulant use disorder treatment outcome,1P-LSD,Stimulant use disorder,indication,{compound} {entity} treatment outcome
disorder_03180,disorder,pair_core,1P-LSD Substance use disorder clinical trial,1P-LSD,Substance use disorder,indication,{compound} {entity} clinical trial
disorder_03181,disorder,pair_core,1P-LSD Substance use disorder randomized placebo,1P-LSD,Substance use disorder,indication,{compound} {entity} randomized placebo
disorder_03182,disorder,pair_core,1P-LSD Substance use disorder treatment outcome,1P-LSD,Substance use disorder,indication,{compound} {entity} treatment outcome
disorder_03183,disorder,pair_core,1P-LSD Generalized anxiety disorder clinical trial,1P-LSD,Generalized anxiety disorder,indication,{compound} {entity} clinical trial
disorder_03184,disorder,pair_core,1P-LSD Generalized anxiety disorder randomized placebo,1P-LSD,Generalized anxiety disorder,indication,{compound} {entity} randomized placebo
disorder_03185,disorder,pair_core,1P-LSD Generalized anxiety disorder treatment outcome,1P-LSD,Generalized anxiety disorder,indication,{compound} {entity} treatment outcome
disorder_03186,disorder,pair_core,1P-LSD Social anxiety disorder clinical trial,1P-LSD,Social anxiety disorder,indication,{compound} {entity} clinical trial
disorder_03187,disorder,pair_core,1P-LSD Social anxiety disorder randomized placebo,1P-LSD,Social anxiety disorder,indication,{compound} {entity} randomized placebo
disorder_03188,disorder,pair_core,1P-LSD Social anxiety disorder treatment outcome,1P-LSD,Social anxiety disorder,indication,{compound} {entity} treatment outcome
disorder_03189,disorder,pair_core,1P-LSD Distress associated with life-threatening disease clinical trial,1P-LSD,Distress associated with life-threatening disease,indication,{compound} {entity} clinical trial
disorder_03190,disorder,pair_core,1P-LSD Distress associated with life-threatening disease randomized placebo,1P-LSD,Distress associated with life-threatening disease,indication,{compound} {entity} randomized placebo
disorder_03191,disorder,pair_core,1P-LSD Distress associated with life-threatening disease treatment outcome,1P-LSD,Distress associated with life-threatening disease,indication,{compound} {entity} treatment outcome
disorder_03192,disorder,pair_core,1P-LSD Obsessive-compulsive disorder clinical trial,1P-LSD,Obsessive-compulsive disorder,indication,{compound} {entity} clinical trial
disorder_03193,disorder,pair_core,1P-LSD Obsessive-compulsive disorder randomized placebo,1P-LSD,Obsessive-compulsive disorder,indication,{compound} {entity} randomized placebo
disorder_03194,disorder,pair_core,1P-LSD Obsessive-compulsive disorder treatment outcome,1P-LSD,Obsessive-compulsive disorder,indication,{compound} {entity} treatment outcome
disorder_03195,disorder,pair_core,1P-LSD Eating disorders clinical trial,1P-LSD,Eating disorders,indication,{compound} {entity} clinical trial
disorder_03196,disorder,pair_core,1P-LSD Eating disorders randomized placebo,1P-LSD,Eating disorders,indication,{compound} {entity} randomized placebo
disorder_03197,disorder,pair_core,1P-LSD Eating disorders treatment outcome,1P-LSD,Eating disorders,indication,{compound} {entity} treatment outcome
disorder_03198,disorder,pair_core,1P-LSD Anorexia nervosa clinical trial,1P-LSD,Anorexia nervosa,indication,{compound} {entity} clinical trial
disorder_03199,disorder,pair_core,1P-LSD Anorexia nervosa randomized placebo,1P-LSD,Anorexia nervosa,indication,{compound} {entity} randomized placebo
disorder_03200,disorder,pair_core,1P-LSD Anorexia nervosa treatment outcome,1P-LSD,Anorexia nervosa,indication,{compound} {entity} treatment outcome
disorder_03201,disorder,pair_core,1P-LSD Bulimia nervosa clinical trial,1P-LSD,Bulimia nervosa,indication,{compound} {entity} clinical trial
disorder_03202,disorder,pair_core,1P-LSD Bulimia nervosa randomized placebo,1P-LSD,Bulimia nervosa,indication,{compound} {entity} randomized placebo
disorder_03203,disorder,pair_core,1P-LSD Bulimia nervosa treatment outcome,1P-LSD,Bulimia nervosa,indication,{compound} {entity} treatment outcome
disorder_03204,disorder,pair_core,1P-LSD Binge-eating disorder clinical trial,1P-LSD,Binge-eating disorder,indication,{compound} {entity} clinical trial
disorder_03205,disorder,pair_core,1P-LSD Binge-eating disorder randomized placebo,1P-LSD,Binge-eating disorder,indication,{compound} {entity} randomized placebo
disorder_03206,disorder,pair_core,1P-LSD Binge-eating disorder treatment outcome,1P-LSD,Binge-eating disorder,indication,{compound} {entity} treatment outcome
disorder_03207,disorder,pair_core,1P-LSD Autism spectrum disorder clinical trial,1P-LSD,Autism spectrum disorder,indication,{compound} {entity} clinical trial
disorder_03208,disorder,pair_core,1P-LSD Autism spectrum disorder randomized placebo,1P-LSD,Autism spectrum disorder,indication,{compound} {entity} randomized placebo
disorder_03209,disorder,pair_core,1P-LSD Autism spectrum disorder treatment outcome,1P-LSD,Autism spectrum disorder,indication,{compound} {entity} treatment outcome
disorder_03210,disorder,pair_core,1P-LSD Demoralization clinical trial,1P-LSD,Demoralization,indication,{compound} {entity} clinical trial
disorder_03211,disorder,pair_core,1P-LSD Demoralization randomized placebo,1P-LSD,Demoralization,indication,{compound} {entity} randomized placebo
disorder_03212,disorder,pair_core,1P-LSD Demoralization treatment outcome,1P-LSD,Demoralization,indication,{compound} {entity} treatment outcome
disorder_03213,disorder,pair_core,1P-LSD Suicidal ideation clinical trial,1P-LSD,Suicidal ideation,indication,{compound} {entity} clinical trial
disorder_03214,disorder,pair_core,1P-LSD Suicidal ideation randomized placebo,1P-LSD,Suicidal ideation,indication,{compound} {entity} randomized placebo
disorder_03215,disorder,pair_core,1P-LSD Suicidal ideation treatment outcome,1P-LSD,Suicidal ideation,indication,{compound} {entity} treatment outcome
disorder_03216,disorder,pair_core,1P-LSD Cluster headache clinical trial,1P-LSD,Cluster headache,indication,{compound} {entity} clinical trial
disorder_03217,disorder,pair_core,1P-LSD Cluster headache randomized placebo,1P-LSD,Cluster headache,indication,{compound} {entity} randomized placebo
disorder_03218,disorder,pair_core,1P-LSD Cluster headache treatment outcome,1P-LSD,Cluster headache,indication,{compound} {entity} treatment outcome
disorder_03219,disorder,pair_core,1P-LSD Headache disorders clinical trial,1P-LSD,Headache disorders,indication,{compound} {entity} clinical trial
disorder_03220,disorder,pair_core,1P-LSD Headache disorders randomized placebo,1P-LSD,Headache disorders,indication,{compound} {entity} randomized placebo
disorder_03221,disorder,pair_core,1P-LSD Headache disorders treatment outcome,1P-LSD,Headache disorders,indication,{compound} {entity} treatment outcome
disorder_03222,disorder,pair_core,1P-LSD Migraine clinical trial,1P-LSD,Migraine,indication,{compound} {entity} clinical trial
disorder_03223,disorder,pair_core,1P-LSD Migraine randomized placebo,1P-LSD,Migraine,indication,{compound} {entity} randomized placebo
disorder_03224,disorder,pair_core,1P-LSD Migraine treatment outcome,1P-LSD,Migraine,indication,{compound} {entity} treatment outcome
disorder_03225,disorder,pair_core,1P-LSD Chronic pain clinical trial,1P-LSD,Chronic pain,indication,{compound} {entity} clinical trial
disorder_03226,disorder,pair_core,1P-LSD Chronic pain randomized placebo,1P-LSD,Chronic pain,indication,{compound} {entity} randomized placebo
disorder_03227,disorder,pair_core,1P-LSD Chronic pain treatment outcome,1P-LSD,Chronic pain,indication,{compound} {entity} treatment outcome
disorder_03228,disorder,pair_core,1P-LSD Fibromyalgia clinical trial,1P-LSD,Fibromyalgia,indication,{compound} {entity} clinical trial
disorder_03229,disorder,pair_core,1P-LSD Fibromyalgia randomized placebo,1P-LSD,Fibromyalgia,indication,{compound} {entity} randomized placebo
disorder_03230,disorder,pair_core,1P-LSD Fibromyalgia treatment outcome,1P-LSD,Fibromyalgia,indication,{compound} {entity} treatment outcome
disorder_03231,disorder,pair_core,Salvinorin A Treatment-resistant depression clinical trial,Salvinorin A,Treatment-resistant depression,indication,{compound} {entity} clinical trial
disorder_03232,disorder,pair_core,Salvinorin A Treatment-resistant depression randomized placebo,Salvinorin A,Treatment-resistant depression,indication,{compound} {entity} randomized placebo
disorder_03233,disorder,pair_core,Salvinorin A Treatment-resistant depression treatment outcome,Salvinorin A,Treatment-resistant depression,indication,{compound} {entity} treatment outcome
disorder_03234,disorder,pair_core,Salvinorin A Major depressive disorder clinical trial,Salvinorin A,Major depressive disorder,indication,{compound} {entity} clinical trial
disorder_03235,disorder,pair_core,Salvinorin A Major depressive disorder randomized placebo,Salvinorin A,Major depressive disorder,indication,{compound} {entity} randomized placebo
disorder_03236,disorder,pair_core,Salvinorin A Major depressive disorder treatment outcome,Salvinorin A,Major depressive disorder,indication,{compound} {entity} treatment outcome
disorder_03237,disorder,pair_core,Salvinorin A Bipolar depression clinical trial,Salvinorin A,Bipolar depression,indication,{compound} {entity} clinical trial
disorder_03238,disorder,pair_core,Salvinorin A Bipolar depression randomized placebo,Salvinorin A,Bipolar depression,indication,{compound} {entity} randomized placebo
disorder_03239,disorder,pair_core,Salvinorin A Bipolar depression treatment outcome,Salvinorin A,Bipolar depression,indication,{compound} {entity} treatment outcome
disorder_03240,disorder,pair_core,Salvinorin A Persistent depressive disorder clinical trial,Salvinorin A,Persistent depressive disorder,indication,{compound} {entity} clinical trial
disorder_03241,disorder,pair_core,Salvinorin A Persistent depressive disorder randomized placebo,Salvinorin A,Persistent depressive disorder,indication,{compound} {entity} randomized placebo
disorder_03242,disorder,pair_core,Salvinorin A Persistent depressive disorder treatment outcome,Salvinorin A,Persistent depressive disorder,indication,{compound} {entity} treatment outcome
disorder_03243,disorder,pair_core,Salvinorin A Post-traumatic stress disorder clinical trial,Salvinorin A,Post-traumatic stress disorder,indication,{compound} {entity} clinical trial
disorder_03244,disorder,pair_core,Salvinorin A Post-traumatic stress disorder randomized placebo,Salvinorin A,Post-traumatic stress disorder,indication,{compound} {entity} randomized placebo
disorder_03245,disorder,pair_core,Salvinorin A Post-traumatic stress disorder treatment outcome,Salvinorin A,Post-traumatic stress disorder,indication,{compound} {entity} treatment outcome
disorder_03246,disorder,pair_core,Salvinorin A Complex post-traumatic stress disorder clinical trial,Salvinorin A,Complex post-traumatic stress disorder,indication,{compound} {entity} clinical trial
disorder_03247,disorder,pair_core,Salvinorin A Complex post-traumatic stress disorder randomized placebo,Salvinorin A,Complex post-traumatic stress disorder,indication,{compound} {entity} randomized placebo
disorder_03248,disorder,pair_core,Salvinorin A Complex post-traumatic stress disorder treatment outcome,Salvinorin A,Complex post-traumatic stress disorder,indication,{compound} {entity} treatment outcome
disorder_03249,disorder,pair_core,Salvinorin A Alcohol use disorder clinical trial,Salvinorin A,Alcohol use disorder,indication,{compound} {entity} clinical trial
disorder_03250,disorder,pair_core,Salvinorin A Alcohol use disorder randomized placebo,Salvinorin A,Alcohol use disorder,indication,{compound} {entity} randomized placebo
disorder_03251,disorder,pair_core,Salvinorin A Alcohol use disorder treatment outcome,Salvinorin A,Alcohol use disorder,indication,{compound} {entity} treatment outcome
disorder_03252,disorder,pair_core,Salvinorin A Tobacco use disorder clinical trial,Salvinorin A,Tobacco use disorder,indication,{compound} {entity} clinical trial
disorder_03253,disorder,pair_core,Salvinorin A Tobacco use disorder randomized placebo,Salvinorin A,Tobacco use disorder,indication,{compound} {entity} randomized placebo
disorder_03254,disorder,pair_core,Salvinorin A Tobacco use disorder treatment outcome,Salvinorin A,Tobacco use disorder,indication,{compound} {entity} treatment outcome
disorder_03255,disorder,pair_core,Salvinorin A Nicotine dependence clinical trial,Salvinorin A,Nicotine dependence,indication,{compound} {entity} clinical trial
disorder_03256,disorder,pair_core,Salvinorin A Nicotine dependence randomized placebo,Salvinorin A,Nicotine dependence,indication,{compound} {entity} randomized placebo
disorder_03257,disorder,pair_core,Salvinorin A Nicotine dependence treatment outcome,Salvinorin A,Nicotine dependence,indication,{compound} {entity} treatment outcome
disorder_03258,disorder,pair_core,Salvinorin A Opioid use disorder clinical trial,Salvinorin A,Opioid use disorder,indication,{compound} {entity} clinical trial
disorder_03259,disorder,pair_core,Salvinorin A Opioid use disorder randomized placebo,Salvinorin A,Opioid use disorder,indication,{compound} {entity} randomized placebo
disorder_03260,disorder,pair_core,Salvinorin A Opioid use disorder treatment outcome,Salvinorin A,Opioid use disorder,indication,{compound} {entity} treatment outcome
disorder_03261,disorder,pair_core,Salvinorin A Cannabis use disorder clinical trial,Salvinorin A,Cannabis use disorder,indication,{compound} {entity} clinical trial
disorder_03262,disorder,pair_core,Salvinorin A Cannabis use disorder randomized placebo,Salvinorin A,Cannabis use disorder,indication,{compound} {entity} randomized placebo
disorder_03263,disorder,pair_core,Salvinorin A Cannabis use disorder treatment outcome,Salvinorin A,Cannabis use disorder,indication,{compound} {entity} treatment outcome
disorder_03264,disorder,pair_core,Salvinorin A Cocaine use disorder clinical trial,Salvinorin A,Cocaine use disorder,indication,{compound} {entity} clinical trial
disorder_03265,disorder,pair_core,Salvinorin A Cocaine use disorder randomized placebo,Salvinorin A,Cocaine use disorder,indication,{compound} {entity} randomized placebo
disorder_03266,disorder,pair_core,Salvinorin A Cocaine use disorder treatment outcome,Salvinorin A,Cocaine use disorder,indication,{compound} {entity} treatment outcome
disorder_03267,disorder,pair_core,Salvinorin A Methamphetamine use disorder clinical trial,Salvinorin A,Methamphetamine use disorder,indication,{compound} {entity} clinical trial
disorder_03268,disorder,pair_core,Salvinorin A Methamphetamine use disorder randomized placebo,Salvinorin A,Methamphetamine use disorder,indication,{compound} {entity} randomized placebo
disorder_03269,disorder,pair_core,Salvinorin A Methamphetamine use disorder treatment outcome,Salvinorin A,Methamphetamine use disorder,indication,{compound} {entity} treatment outcome
disorder_03270,disorder,pair_core,Salvinorin A Stimulant use disorder clinical trial,Salvinorin A,Stimulant use disorder,indication,{compound} {entity} clinical trial
disorder_03271,disorder,pair_core,Salvinorin A Stimulant use disorder randomized placebo,Salvinorin A,Stimulant use disorder,indication,{compound} {entity} randomized placebo
disorder_03272,disorder,pair_core,Salvinorin A Stimulant use disorder treatment outcome,Salvinorin A,Stimulant use disorder,indication,{compound} {entity} treatment outcome
disorder_03273,disorder,pair_core,Salvinorin A Substance use disorder clinical trial,Salvinorin A,Substance use disorder,indication,{compound} {entity} clinical trial
disorder_03274,disorder,pair_core,Salvinorin A Substance use disorder randomized placebo,Salvinorin A,Substance use disorder,indication,{compound} {entity} randomized placebo
disorder_03275,disorder,pair_core,Salvinorin A Substance use disorder treatment outcome,Salvinorin A,Substance use disorder,indication,{compound} {entity} treatment outcome
disorder_03276,disorder,pair_core,Salvinorin A Generalized anxiety disorder clinical trial,Salvinorin A,Generalized anxiety disorder,indication,{compound} {entity} clinical trial
disorder_03277,disorder,pair_core,Salvinorin A Generalized anxiety disorder randomized placebo,Salvinorin A,Generalized anxiety disorder,indication,{compound} {entity} randomized placebo
disorder_03278,disorder,pair_core,Salvinorin A Generalized anxiety disorder treatment outcome,Salvinorin A,Generalized anxiety disorder,indication,{compound} {entity} treatment outcome
disorder_03279,disorder,pair_core,Salvinorin A Social anxiety disorder clinical trial,Salvinorin A,Social anxiety disorder,indication,{compound} {entity} clinical trial
disorder_03280,disorder,pair_core,Salvinorin A Social anxiety disorder randomized placebo,Salvinorin A,Social anxiety disorder,indication,{compound} {entity} randomized placebo
disorder_03281,disorder,pair_core,Salvinorin A Social anxiety disorder treatment outcome,Salvinorin A,Social anxiety disorder,indication,{compound} {entity} treatment outcome
disorder_03282,disorder,pair_core,Salvinorin A Distress associated with life-threatening disease clinical trial,Salvinorin A,Distress associated with life-threatening disease,indication,{compound} {entity} clinical trial
disorder_03283,disorder,pair_core,Salvinorin A Distress associated with life-threatening disease randomized placebo,Salvinorin A,Distress associated with life-threatening disease,indication,{compound} {entity} randomized placebo
disorder_03284,disorder,pair_core,Salvinorin A Distress associated with life-threatening disease treatment outcome,Salvinorin A,Distress associated with life-threatening disease,indication,{compound} {entity} treatment outcome
disorder_03285,disorder,pair_core,Salvinorin A Obsessive-compulsive disorder clinical trial,Salvinorin A,Obsessive-compulsive disorder,indication,{compound} {entity} clinical trial
disorder_03286,disorder,pair_core,Salvinorin A Obsessive-compulsive disorder randomized placebo,Salvinorin A,Obsessive-compulsive disorder,indication,{compound} {entity} randomized placebo
disorder_03287,disorder,pair_core,Salvinorin A Obsessive-compulsive disorder treatment outcome,Salvinorin A,Obsessive-compulsive disorder,indication,{compound} {entity} treatment outcome
disorder_03288,disorder,pair_core,Salvinorin A Eating disorders clinical trial,Salvinorin A,Eating disorders,indication,{compound} {entity} clinical trial
disorder_03289,disorder,pair_core,Salvinorin A Eating disorders randomized placebo,Salvinorin A,Eating disorders,indication,{compound} {entity} randomized placebo
disorder_03290,disorder,pair_core,Salvinorin A Eating disorders treatment outcome,Salvinorin A,Eating disorders,indication,{compound} {entity} treatment outcome
disorder_03291,disorder,pair_core,Salvinorin A Anorexia nervosa clinical trial,Salvinorin A,Anorexia nervosa,indication,{compound} {entity} clinical trial
disorder_03292,disorder,pair_core,Salvinorin A Anorexia nervosa randomized placebo,Salvinorin A,Anorexia nervosa,indication,{compound} {entity} randomized placebo
disorder_03293,disorder,pair_core,Salvinorin A Anorexia nervosa treatment outcome,Salvinorin A,Anorexia nervosa,indication,{compound} {entity} treatment outcome
disorder_03294,disorder,pair_core,Salvinorin A Bulimia nervosa clinical trial,Salvinorin A,Bulimia nervosa,indication,{compound} {entity} clinical trial
disorder_03295,disorder,pair_core,Salvinorin A Bulimia nervosa randomized placebo,Salvinorin A,Bulimia nervosa,indication,{compound} {entity} randomized placebo
disorder_03296,disorder,pair_core,Salvinorin A Bulimia nervosa treatment outcome,Salvinorin A,Bulimia nervosa,indication,{compound} {entity} treatment outcome
disorder_03297,disorder,pair_core,Salvinorin A Binge-eating disorder clinical trial,Salvinorin A,Binge-eating disorder,indication,{compound} {entity} clinical trial
disorder_03298,disorder,pair_core,Salvinorin A Binge-eating disorder randomized placebo,Salvinorin A,Binge-eating disorder,indication,{compound} {entity} randomized placebo
disorder_03299,disorder,pair_core,Salvinorin A Binge-eating disorder treatment outcome,Salvinorin A,Binge-eating disorder,indication,{compound} {entity} treatment outcome
disorder_03300,disorder,pair_core,Salvinorin A Autism spectrum disorder clinical trial,Salvinorin A,Autism spectrum disorder,indication,{compound} {entity} clinical trial
disorder_03301,disorder,pair_core,Salvinorin A Autism spectrum disorder randomized placebo,Salvinorin A,Autism spectrum disorder,indication,{compound} {entity} randomized placebo
disorder_03302,disorder,pair_core,Salvinorin A Autism spectrum disorder treatment outcome,Salvinorin A,Autism spectrum disorder,indication,{compound} {entity} treatment outcome
disorder_03303,disorder,pair_core,Salvinorin A Demoralization clinical trial,Salvinorin A,Demoralization,indication,{compound} {entity} clinical trial
disorder_03304,disorder,pair_core,Salvinorin A Demoralization randomized placebo,Salvinorin A,Demoralization,indication,{compound} {entity} randomized placebo
disorder_03305,disorder,pair_core,Salvinorin A Demoralization treatment outcome,Salvinorin A,Demoralization,indication,{compound} {entity} treatment outcome
disorder_03306,disorder,pair_core,Salvinorin A Suicidal ideation clinical trial,Salvinorin A,Suicidal ideation,indication,{compound} {entity} clinical trial
disorder_03307,disorder,pair_core,Salvinorin A Suicidal ideation randomized placebo,Salvinorin A,Suicidal ideation,indication,{compound} {entity} randomized placebo
disorder_03308,disorder,pair_core,Salvinorin A Suicidal ideation treatment outcome,Salvinorin A,Suicidal ideation,indication,{compound} {entity} treatment outcome
disorder_03309,disorder,pair_core,Salvinorin A Cluster headache clinical trial,Salvinorin A,Cluster headache,indication,{compound} {entity} clinical trial
disorder_03310,disorder,pair_core,Salvinorin A Cluster headache randomized placebo,Salvinorin A,Cluster headache,indication,{compound} {entity} randomized placebo
disorder_03311,disorder,pair_core,Salvinorin A Cluster headache treatment outcome,Salvinorin A,Cluster headache,indication,{compound} {entity} treatment outcome
disorder_03312,disorder,pair_core,Salvinorin A Headache disorders clinical trial,Salvinorin A,Headache disorders,indication,{compound} {entity} clinical trial
disorder_03313,disorder,pair_core,Salvinorin A Headache disorders randomized placebo,Salvinorin A,Headache disorders,indication,{compound} {entity} randomized placebo
disorder_03314,disorder,pair_core,Salvinorin A Headache disorders treatment outcome,Salvinorin A,Headache disorders,indication,{compound} {entity} treatment outcome
disorder_03315,disorder,pair_core,Salvinorin A Migraine clinical trial,Salvinorin A,Migraine,indication,{compound} {entity} clinical trial
disorder_03316,disorder,pair_core,Salvinorin A Migraine randomized placebo,Salvinorin A,Migraine,indication,{compound} {entity} randomized placebo
disorder_03317,disorder,pair_core,Salvinorin A Migraine treatment outcome,Salvinorin A,Migraine,indication,{compound} {entity} treatment outcome
disorder_03318,disorder,pair_core,Salvinorin A Chronic pain clinical trial,Salvinorin A,Chronic pain,indication,{compound} {entity} clinical trial
disorder_03319,disorder,pair_core,Salvinorin A Chronic pain randomized placebo,Salvinorin A,Chronic pain,indication,{compound} {entity} randomized placebo
disorder_03320,disorder,pair_core,Salvinorin A Chronic pain treatment outcome,Salvinorin A,Chronic pain,indication,{compound} {entity} treatment outcome
disorder_03321,disorder,pair_core,Salvinorin A Fibromyalgia clinical trial,Salvinorin A,Fibromyalgia,indication,{compound} {entity} clinical trial
disorder_03322,disorder,pair_core,Salvinorin A Fibromyalgia randomized placebo,Salvinorin A,Fibromyalgia,indication,{compound} {entity} randomized placebo
disorder_03323,disorder,pair_core,Salvinorin A Fibromyalgia treatment outcome,Salvinorin A,Fibromyalgia,indication,{compound} {entity} treatment outcome
disorder_03324,disorder,pair_core,Lisuride Treatment-resistant depression clinical trial,Lisuride,Treatment-resistant depression,indication,{compound} {entity} clinical trial
disorder_03325,disorder,pair_core,Lisuride Treatment-resistant depression randomized placebo,Lisuride,Treatment-resistant depression,indication,{compound} {entity} randomized placebo
disorder_03326,disorder,pair_core,Lisuride Treatment-resistant depression treatment outcome,Lisuride,Treatment-resistant depression,indication,{compound} {entity} treatment outcome
disorder_03327,disorder,pair_core,Lisuride Major depressive disorder clinical trial,Lisuride,Major depressive disorder,indication,{compound} {entity} clinical trial
disorder_03328,disorder,pair_core,Lisuride Major depressive disorder randomized placebo,Lisuride,Major depressive disorder,indication,{compound} {entity} randomized placebo
disorder_03329,disorder,pair_core,Lisuride Major depressive disorder treatment outcome,Lisuride,Major depressive disorder,indication,{compound} {entity} treatment outcome
disorder_03330,disorder,pair_core,Lisuride Bipolar depression clinical trial,Lisuride,Bipolar depression,indication,{compound} {entity} clinical trial
disorder_03331,disorder,pair_core,Lisuride Bipolar depression randomized placebo,Lisuride,Bipolar depression,indication,{compound} {entity} randomized placebo
disorder_03332,disorder,pair_core,Lisuride Bipolar depression treatment outcome,Lisuride,Bipolar depression,indication,{compound} {entity} treatment outcome
disorder_03333,disorder,pair_core,Lisuride Persistent depressive disorder clinical trial,Lisuride,Persistent depressive disorder,indication,{compound} {entity} clinical trial
disorder_03334,disorder,pair_core,Lisuride Persistent depressive disorder randomized placebo,Lisuride,Persistent depressive disorder,indication,{compound} {entity} randomized placebo
disorder_03335,disorder,pair_core,Lisuride Persistent depressive disorder treatment outcome,Lisuride,Persistent depressive disorder,indication,{compound} {entity} treatment outcome
disorder_03336,disorder,pair_core,Lisuride Post-traumatic stress disorder clinical trial,Lisuride,Post-traumatic stress disorder,indication,{compound} {entity} clinical trial
disorder_03337,disorder,pair_core,Lisuride Post-traumatic stress disorder randomized placebo,Lisuride,Post-traumatic stress disorder,indication,{compound} {entity} randomized placebo
disorder_03338,disorder,pair_core,Lisuride Post-traumatic stress disorder treatment outcome,Lisuride,Post-traumatic stress disorder,indication,{compound} {entity} treatment outcome
disorder_03339,disorder,pair_core,Lisuride Complex post-traumatic stress disorder clinical trial,Lisuride,Complex post-traumatic stress disorder,indication,{compound} {entity} clinical trial
disorder_03340,disorder,pair_core,Lisuride Complex post-traumatic stress disorder randomized placebo,Lisuride,Complex post-traumatic stress disorder,indication,{compound} {entity} randomized placebo
disorder_03341,disorder,pair_core,Lisuride Complex post-traumatic stress disorder treatment outcome,Lisuride,Complex post-traumatic stress disorder,indication,{compound} {entity} treatment outcome
disorder_03342,disorder,pair_core,Lisuride Alcohol use disorder clinical trial,Lisuride,Alcohol use disorder,indication,{compound} {entity} clinical trial
disorder_03343,disorder,pair_core,Lisuride Alcohol use disorder randomized placebo,Lisuride,Alcohol use disorder,indication,{compound} {entity} randomized placebo
disorder_03344,disorder,pair_core,Lisuride Alcohol use disorder treatment outcome,Lisuride,Alcohol use disorder,indication,{compound} {entity} treatment outcome
disorder_03345,disorder,pair_core,Lisuride Tobacco use disorder clinical trial,Lisuride,Tobacco use disorder,indication,{compound} {entity} clinical trial
disorder_03346,disorder,pair_core,Lisuride Tobacco use disorder randomized placebo,Lisuride,Tobacco use disorder,indication,{compound} {entity} randomized placebo
disorder_03347,disorder,pair_core,Lisuride Tobacco use disorder treatment outcome,Lisuride,Tobacco use disorder,indication,{compound} {entity} treatment outcome
disorder_03348,disorder,pair_core,Lisuride Nicotine dependence clinical trial,Lisuride,Nicotine dependence,indication,{compound} {entity} clinical trial
disorder_03349,disorder,pair_core,Lisuride Nicotine dependence randomized placebo,Lisuride,Nicotine dependence,indication,{compound} {entity} randomized placebo
disorder_03350,disorder,pair_core,Lisuride Nicotine dependence treatment outcome,Lisuride,Nicotine dependence,indication,{compound} {entity} treatment outcome
disorder_03351,disorder,pair_core,Lisuride Opioid use disorder clinical trial,Lisuride,Opioid use disorder,indication,{compound} {entity} clinical trial
disorder_03352,disorder,pair_core,Lisuride Opioid use disorder randomized placebo,Lisuride,Opioid use disorder,indication,{compound} {entity} randomized placebo
disorder_03353,disorder,pair_core,Lisuride Opioid use disorder treatment outcome,Lisuride,Opioid use disorder,indication,{compound} {entity} treatment outcome
disorder_03354,disorder,pair_core,Lisuride Cannabis use disorder clinical trial,Lisuride,Cannabis use disorder,indication,{compound} {entity} clinical trial
disorder_03355,disorder,pair_core,Lisuride Cannabis use disorder randomized placebo,Lisuride,Cannabis use disorder,indication,{compound} {entity} randomized placebo
disorder_03356,disorder,pair_core,Lisuride Cannabis use disorder treatment outcome,Lisuride,Cannabis use disorder,indication,{compound} {entity} treatment outcome
disorder_03357,disorder,pair_core,Lisuride Cocaine use disorder clinical trial,Lisuride,Cocaine use disorder,indication,{compound} {entity} clinical trial
disorder_03358,disorder,pair_core,Lisuride Cocaine use disorder randomized placebo,Lisuride,Cocaine use disorder,indication,{compound} {entity} randomized placebo
disorder_03359,disorder,pair_core,Lisuride Cocaine use disorder treatment outcome,Lisuride,Cocaine use disorder,indication,{compound} {entity} treatment outcome
disorder_03360,disorder,pair_core,Lisuride Methamphetamine use disorder clinical trial,Lisuride,Methamphetamine use disorder,indication,{compound} {entity} clinical trial
disorder_03361,disorder,pair_core,Lisuride Methamphetamine use disorder randomized placebo,Lisuride,Methamphetamine use disorder,indication,{compound} {entity} randomized placebo
disorder_03362,disorder,pair_core,Lisuride Methamphetamine use disorder treatment outcome,Lisuride,Methamphetamine use disorder,indication,{compound} {entity} treatment outcome
disorder_03363,disorder,pair_core,Lisuride Stimulant use disorder clinical trial,Lisuride,Stimulant use disorder,indication,{compound} {entity} clinical trial
disorder_03364,disorder,pair_core,Lisuride Stimulant use disorder randomized placebo,Lisuride,Stimulant use disorder,indication,{compound} {entity} randomized placebo
disorder_03365,disorder,pair_core,Lisuride Stimulant use disorder treatment outcome,Lisuride,Stimulant use disorder,indication,{compound} {entity} treatment outcome
disorder_03366,disorder,pair_core,Lisuride Substance use disorder clinical trial,Lisuride,Substance use disorder,indication,{compound} {entity} clinical trial
disorder_03367,disorder,pair_core,Lisuride Substance use disorder randomized placebo,Lisuride,Substance use disorder,indication,{compound} {entity} randomized placebo
disorder_03368,disorder,pair_core,Lisuride Substance use disorder treatment outcome,Lisuride,Substance use disorder,indication,{compound} {entity} treatment outcome
disorder_03369,disorder,pair_core,Lisuride Generalized anxiety disorder clinical trial,Lisuride,Generalized anxiety disorder,indication,{compound} {entity} clinical trial
disorder_03370,disorder,pair_core,Lisuride Generalized anxiety disorder randomized placebo,Lisuride,Generalized anxiety disorder,indication,{compound} {entity} randomized placebo
disorder_03371,disorder,pair_core,Lisuride Generalized anxiety disorder treatment outcome,Lisuride,Generalized anxiety disorder,indication,{compound} {entity} treatment outcome
disorder_03372,disorder,pair_core,Lisuride Social anxiety disorder clinical trial,Lisuride,Social anxiety disorder,indication,{compound} {entity} clinical trial
disorder_03373,disorder,pair_core,Lisuride Social anxiety disorder randomized placebo,Lisuride,Social anxiety disorder,indication,{compound} {entity} randomized placebo
disorder_03374,disorder,pair_core,Lisuride Social anxiety disorder treatment outcome,Lisuride,Social anxiety disorder,indication,{compound} {entity} treatment outcome
disorder_03375,disorder,pair_core,Lisuride Distress associated with life-threatening disease clinical trial,Lisuride,Distress associated with life-threatening disease,indication,{compound} {entity} clinical trial
disorder_03376,disorder,pair_core,Lisuride Distress associated with life-threatening disease randomized placebo,Lisuride,Distress associated with life-threatening disease,indication,{compound} {entity} randomized placebo
disorder_03377,disorder,pair_core,Lisuride Distress associated with life-threatening disease treatment outcome,Lisuride,Distress associated with life-threatening disease,indication,{compound} {entity} treatment outcome
disorder_03378,disorder,pair_core,Lisuride Obsessive-compulsive disorder clinical trial,Lisuride,Obsessive-compulsive disorder,indication,{compound} {entity} clinical trial
disorder_03379,disorder,pair_core,Lisuride Obsessive-compulsive disorder randomized placebo,Lisuride,Obsessive-compulsive disorder,indication,{compound} {entity} randomized placebo
disorder_03380,disorder,pair_core,Lisuride Obsessive-compulsive disorder treatment outcome,Lisuride,Obsessive-compulsive disorder,indication,{compound} {entity} treatment outcome
disorder_03381,disorder,pair_core,Lisuride Eating disorders clinical trial,Lisuride,Eating disorders,indication,{compound} {entity} clinical trial
disorder_03382,disorder,pair_core,Lisuride Eating disorders randomized placebo,Lisuride,Eating disorders,indication,{compound} {entity} randomized placebo
disorder_03383,disorder,pair_core,Lisuride Eating disorders treatment outcome,Lisuride,Eating disorders,indication,{compound} {entity} treatment outcome
disorder_03384,disorder,pair_core,Lisuride Anorexia nervosa clinical trial,Lisuride,Anorexia nervosa,indication,{compound} {entity} clinical trial
disorder_03385,disorder,pair_core,Lisuride Anorexia nervosa randomized placebo,Lisuride,Anorexia nervosa,indication,{compound} {entity} randomized placebo
disorder_03386,disorder,pair_core,Lisuride Anorexia nervosa treatment outcome,Lisuride,Anorexia nervosa,indication,{compound} {entity} treatment outcome
disorder_03387,disorder,pair_core,Lisuride Bulimia nervosa clinical trial,Lisuride,Bulimia nervosa,indication,{compound} {entity} clinical trial
disorder_03388,disorder,pair_core,Lisuride Bulimia nervosa randomized placebo,Lisuride,Bulimia nervosa,indication,{compound} {entity} randomized placebo
disorder_03389,disorder,pair_core,Lisuride Bulimia nervosa treatment outcome,Lisuride,Bulimia nervosa,indication,{compound} {entity} treatment outcome
disorder_03390,disorder,pair_core,Lisuride Binge-eating disorder clinical trial,Lisuride,Binge-eating disorder,indication,{compound} {entity} clinical trial
disorder_03391,disorder,pair_core,Lisuride Binge-eating disorder randomized placebo,Lisuride,Binge-eating disorder,indication,{compound} {entity} randomized placebo
disorder_03392,disorder,pair_core,Lisuride Binge-eating disorder treatment outcome,Lisuride,Binge-eating disorder,indication,{compound} {entity} treatment outcome
disorder_03393,disorder,pair_core,Lisuride Autism spectrum disorder clinical trial,Lisuride,Autism spectrum disorder,indication,{compound} {entity} clinical trial
disorder_03394,disorder,pair_core,Lisuride Autism spectrum disorder randomized placebo,Lisuride,Autism spectrum disorder,indication,{compound} {entity} randomized placebo
disorder_03395,disorder,pair_core,Lisuride Autism spectrum disorder treatment outcome,Lisuride,Autism spectrum disorder,indication,{compound} {entity} treatment outcome
disorder_03396,disorder,pair_core,Lisuride Demoralization clinical trial,Lisuride,Demoralization,indication,{compound} {entity} clinical trial
disorder_03397,disorder,pair_core,Lisuride Demoralization randomized placebo,Lisuride,Demoralization,indication,{compound} {entity} randomized placebo
disorder_03398,disorder,pair_core,Lisuride Demoralization treatment outcome,Lisuride,Demoralization,indication,{compound} {entity} treatment outcome
disorder_03399,disorder,pair_core,Lisuride Suicidal ideation clinical trial,Lisuride,Suicidal ideation,indication,{compound} {entity} clinical trial
disorder_03400,disorder,pair_core,Lisuride Suicidal ideation randomized placebo,Lisuride,Suicidal ideation,indication,{compound} {entity} randomized placebo
disorder_03401,disorder,pair_core,Lisuride Suicidal ideation treatment outcome,Lisuride,Suicidal ideation,indication,{compound} {entity} treatment outcome
disorder_03402,disorder,pair_core,Lisuride Cluster headache clinical trial,Lisuride,Cluster headache,indication,{compound} {entity} clinical trial
disorder_03403,disorder,pair_core,Lisuride Cluster headache randomized placebo,Lisuride,Cluster headache,indication,{compound} {entity} randomized placebo
disorder_03404,disorder,pair_core,Lisuride Cluster headache treatment outcome,Lisuride,Cluster headache,indication,{compound} {entity} treatment outcome
disorder_03405,disorder,pair_core,Lisuride Headache disorders clinical trial,Lisuride,Headache disorders,indication,{compound} {entity} clinical trial
disorder_03406,disorder,pair_core,Lisuride Headache disorders randomized placebo,Lisuride,Headache disorders,indication,{compound} {entity} randomized placebo
disorder_03407,disorder,pair_core,Lisuride Headache disorders treatment outcome,Lisuride,Headache disorders,indication,{compound} {entity} treatment outcome
disorder_03408,disorder,pair_core,Lisuride Migraine clinical trial,Lisuride,Migraine,indication,{compound} {entity} clinical trial
disorder_03409,disorder,pair_core,Lisuride Migraine randomized placebo,Lisuride,Migraine,indication,{compound} {entity} randomized placebo
disorder_03410,disorder,pair_core,Lisuride Migraine treatment outcome,Lisuride,Migraine,indication,{compound} {entity} treatment outcome
disorder_03411,disorder,pair_core,Lisuride Chronic pain clinical trial,Lisuride,Chronic pain,indication,{compound} {entity} clinical trial
disorder_03412,disorder,pair_core,Lisuride Chronic pain randomized placebo,Lisuride,Chronic pain,indication,{compound} {entity} randomized placebo
disorder_03413,disorder,pair_core,Lisuride Chronic pain treatment outcome,Lisuride,Chronic pain,indication,{compound} {entity} treatment outcome
disorder_03414,disorder,pair_core,Lisuride Fibromyalgia clinical trial,Lisuride,Fibromyalgia,indication,{compound} {entity} clinical trial
disorder_03415,disorder,pair_core,Lisuride Fibromyalgia randomized placebo,Lisuride,Fibromyalgia,indication,{compound} {entity} randomized placebo
disorder_03416,disorder,pair_core,Lisuride Fibromyalgia treatment outcome,Lisuride,Fibromyalgia,indication,{compound} {entity} treatment outcome
disorder_03417,disorder,pair_core,Bromo-DragonFLY Treatment-resistant depression clinical trial,Bromo-DragonFLY,Treatment-resistant depression,indication,{compound} {entity} clinical trial
disorder_03418,disorder,pair_core,Bromo-DragonFLY Treatment-resistant depression randomized placebo,Bromo-DragonFLY,Treatment-resistant depression,indication,{compound} {entity} randomized placebo
disorder_03419,disorder,pair_core,Bromo-DragonFLY Treatment-resistant depression treatment outcome,Bromo-DragonFLY,Treatment-resistant depression,indication,{compound} {entity} treatment outcome
disorder_03420,disorder,pair_core,Bromo-DragonFLY Major depressive disorder clinical trial,Bromo-DragonFLY,Major depressive disorder,indication,{compound} {entity} clinical trial
disorder_03421,disorder,pair_core,Bromo-DragonFLY Major depressive disorder randomized placebo,Bromo-DragonFLY,Major depressive disorder,indication,{compound} {entity} randomized placebo
disorder_03422,disorder,pair_core,Bromo-DragonFLY Major depressive disorder treatment outcome,Bromo-DragonFLY,Major depressive disorder,indication,{compound} {entity} treatment outcome
disorder_03423,disorder,pair_core,Bromo-DragonFLY Bipolar depression clinical trial,Bromo-DragonFLY,Bipolar depression,indication,{compound} {entity} clinical trial
disorder_03424,disorder,pair_core,Bromo-DragonFLY Bipolar depression randomized placebo,Bromo-DragonFLY,Bipolar depression,indication,{compound} {entity} randomized placebo
disorder_03425,disorder,pair_core,Bromo-DragonFLY Bipolar depression treatment outcome,Bromo-DragonFLY,Bipolar depression,indication,{compound} {entity} treatment outcome
disorder_03426,disorder,pair_core,Bromo-DragonFLY Persistent depressive disorder clinical trial,Bromo-DragonFLY,Persistent depressive disorder,indication,{compound} {entity} clinical trial
disorder_03427,disorder,pair_core,Bromo-DragonFLY Persistent depressive disorder randomized placebo,Bromo-DragonFLY,Persistent depressive disorder,indication,{compound} {entity} randomized placebo
disorder_03428,disorder,pair_core,Bromo-DragonFLY Persistent depressive disorder treatment outcome,Bromo-DragonFLY,Persistent depressive disorder,indication,{compound} {entity} treatment outcome
disorder_03429,disorder,pair_core,Bromo-DragonFLY Post-traumatic stress disorder clinical trial,Bromo-DragonFLY,Post-traumatic stress disorder,indication,{compound} {entity} clinical trial
disorder_03430,disorder,pair_core,Bromo-DragonFLY Post-traumatic stress disorder randomized placebo,Bromo-DragonFLY,Post-traumatic stress disorder,indication,{compound} {entity} randomized placebo
disorder_03431,disorder,pair_core,Bromo-DragonFLY Post-traumatic stress disorder treatment outcome,Bromo-DragonFLY,Post-traumatic stress disorder,indication,{compound} {entity} treatment outcome
disorder_03432,disorder,pair_core,Bromo-DragonFLY Complex post-traumatic stress disorder clinical trial,Bromo-DragonFLY,Complex post-traumatic stress disorder,indication,{compound} {entity} clinical trial
disorder_03433,disorder,pair_core,Bromo-DragonFLY Complex post-traumatic stress disorder randomized placebo,Bromo-DragonFLY,Complex post-traumatic stress disorder,indication,{compound} {entity} randomized placebo
disorder_03434,disorder,pair_core,Bromo-DragonFLY Complex post-traumatic stress disorder treatment outcome,Bromo-DragonFLY,Complex post-traumatic stress disorder,indication,{compound} {entity} treatment outcome
disorder_03435,disorder,pair_core,Bromo-DragonFLY Alcohol use disorder clinical trial,Bromo-DragonFLY,Alcohol use disorder,indication,{compound} {entity} clinical trial
disorder_03436,disorder,pair_core,Bromo-DragonFLY Alcohol use disorder randomized placebo,Bromo-DragonFLY,Alcohol use disorder,indication,{compound} {entity} randomized placebo
disorder_03437,disorder,pair_core,Bromo-DragonFLY Alcohol use disorder treatment outcome,Bromo-DragonFLY,Alcohol use disorder,indication,{compound} {entity} treatment outcome
disorder_03438,disorder,pair_core,Bromo-DragonFLY Tobacco use disorder clinical trial,Bromo-DragonFLY,Tobacco use disorder,indication,{compound} {entity} clinical trial
disorder_03439,disorder,pair_core,Bromo-DragonFLY Tobacco use disorder randomized placebo,Bromo-DragonFLY,Tobacco use disorder,indication,{compound} {entity} randomized placebo
disorder_03440,disorder,pair_core,Bromo-DragonFLY Tobacco use disorder treatment outcome,Bromo-DragonFLY,Tobacco use disorder,indication,{compound} {entity} treatment outcome
disorder_03441,disorder,pair_core,Bromo-DragonFLY Nicotine dependence clinical trial,Bromo-DragonFLY,Nicotine dependence,indication,{compound} {entity} clinical trial
disorder_03442,disorder,pair_core,Bromo-DragonFLY Nicotine dependence randomized placebo,Bromo-DragonFLY,Nicotine dependence,indication,{compound} {entity} randomized placebo
disorder_03443,disorder,pair_core,Bromo-DragonFLY Nicotine dependence treatment outcome,Bromo-DragonFLY,Nicotine dependence,indication,{compound} {entity} treatment outcome
disorder_03444,disorder,pair_core,Bromo-DragonFLY Opioid use disorder clinical trial,Bromo-DragonFLY,Opioid use disorder,indication,{compound} {entity} clinical trial
disorder_03445,disorder,pair_core,Bromo-DragonFLY Opioid use disorder randomized placebo,Bromo-DragonFLY,Opioid use disorder,indication,{compound} {entity} randomized placebo
disorder_03446,disorder,pair_core,Bromo-DragonFLY Opioid use disorder treatment outcome,Bromo-DragonFLY,Opioid use disorder,indication,{compound} {entity} treatment outcome
disorder_03447,disorder,pair_core,Bromo-DragonFLY Cannabis use disorder clinical trial,Bromo-DragonFLY,Cannabis use disorder,indication,{compound} {entity} clinical trial
disorder_03448,disorder,pair_core,Bromo-DragonFLY Cannabis use disorder randomized placebo,Bromo-DragonFLY,Cannabis use disorder,indication,{compound} {entity} randomized placebo
disorder_03449,disorder,pair_core,Bromo-DragonFLY Cannabis use disorder treatment outcome,Bromo-DragonFLY,Cannabis use disorder,indication,{compound} {entity} treatment outcome
disorder_03450,disorder,pair_core,Bromo-DragonFLY Cocaine use disorder clinical trial,Bromo-DragonFLY,Cocaine use disorder,indication,{compound} {entity} clinical trial
disorder_03451,disorder,pair_core,Bromo-DragonFLY Cocaine use disorder randomized placebo,Bromo-DragonFLY,Cocaine use disorder,indication,{compound} {entity} randomized placebo
disorder_03452,disorder,pair_core,Bromo-DragonFLY Cocaine use disorder treatment outcome,Bromo-DragonFLY,Cocaine use disorder,indication,{compound} {entity} treatment outcome
disorder_03453,disorder,pair_core,Bromo-DragonFLY Methamphetamine use disorder clinical trial,Bromo-DragonFLY,Methamphetamine use disorder,indication,{compound} {entity} clinical trial
disorder_03454,disorder,pair_core,Bromo-DragonFLY Methamphetamine use disorder randomized placebo,Bromo-DragonFLY,Methamphetamine use disorder,indication,{compound} {entity} randomized placebo
disorder_03455,disorder,pair_core,Bromo-DragonFLY Methamphetamine use disorder treatment outcome,Bromo-DragonFLY,Methamphetamine use disorder,indication,{compound} {entity} treatment outcome
disorder_03456,disorder,pair_core,Bromo-DragonFLY Stimulant use disorder clinical trial,Bromo-DragonFLY,Stimulant use disorder,indication,{compound} {entity} clinical trial
disorder_03457,disorder,pair_core,Bromo-DragonFLY Stimulant use disorder randomized placebo,Bromo-DragonFLY,Stimulant use disorder,indication,{compound} {entity} randomized placebo
disorder_03458,disorder,pair_core,Bromo-DragonFLY Stimulant use disorder treatment outcome,Bromo-DragonFLY,Stimulant use disorder,indication,{compound} {entity} treatment outcome
disorder_03459,disorder,pair_core,Bromo-DragonFLY Substance use disorder clinical trial,Bromo-DragonFLY,Substance use disorder,indication,{compound} {entity} clinical trial
disorder_03460,disorder,pair_core,Bromo-DragonFLY Substance use disorder randomized placebo,Bromo-DragonFLY,Substance use disorder,indication,{compound} {entity} randomized placebo
disorder_03461,disorder,pair_core,Bromo-DragonFLY Substance use disorder treatment outcome,Bromo-DragonFLY,Substance use disorder,indication,{compound} {entity} treatment outcome
disorder_03462,disorder,pair_core,Bromo-DragonFLY Generalized anxiety disorder clinical trial,Bromo-DragonFLY,Generalized anxiety disorder,indication,{compound} {entity} clinical trial
disorder_03463,disorder,pair_core,Bromo-DragonFLY Generalized anxiety disorder randomized placebo,Bromo-DragonFLY,Generalized anxiety disorder,indication,{compound} {entity} randomized placebo
disorder_03464,disorder,pair_core,Bromo-DragonFLY Generalized anxiety disorder treatment outcome,Bromo-DragonFLY,Generalized anxiety disorder,indication,{compound} {entity} treatment outcome
disorder_03465,disorder,pair_core,Bromo-DragonFLY Social anxiety disorder clinical trial,Bromo-DragonFLY,Social anxiety disorder,indication,{compound} {entity} clinical trial
disorder_03466,disorder,pair_core,Bromo-DragonFLY Social anxiety disorder randomized placebo,Bromo-DragonFLY,Social anxiety disorder,indication,{compound} {entity} randomized placebo
disorder_03467,disorder,pair_core,Bromo-DragonFLY Social anxiety disorder treatment outcome,Bromo-DragonFLY,Social anxiety disorder,indication,{compound} {entity} treatment outcome
disorder_03468,disorder,pair_core,Bromo-DragonFLY Distress associated with life-threatening disease clinical trial,Bromo-DragonFLY,Distress associated with life-threatening disease,indication,{compound} {entity} clinical trial
disorder_03469,disorder,pair_core,Bromo-DragonFLY Distress associated with life-threatening disease randomized placebo,Bromo-DragonFLY,Distress associated with life-threatening disease,indication,{compound} {entity} randomized placebo
disorder_03470,disorder,pair_core,Bromo-DragonFLY Distress associated with life-threatening disease treatment outcome,Bromo-DragonFLY,Distress associated with life-threatening disease,indication,{compound} {entity} treatment outcome
disorder_03471,disorder,pair_core,Bromo-DragonFLY Obsessive-compulsive disorder clinical trial,Bromo-DragonFLY,Obsessive-compulsive disorder,indication,{compound} {entity} clinical trial
disorder_03472,disorder,pair_core,Bromo-DragonFLY Obsessive-compulsive disorder randomized placebo,Bromo-DragonFLY,Obsessive-compulsive disorder,indication,{compound} {entity} randomized placebo
disorder_03473,disorder,pair_core,Bromo-DragonFLY Obsessive-compulsive disorder treatment outcome,Bromo-DragonFLY,Obsessive-compulsive disorder,indication,{compound} {entity} treatment outcome
disorder_03474,disorder,pair_core,Bromo-DragonFLY Eating disorders clinical trial,Bromo-DragonFLY,Eating disorders,indication,{compound} {entity} clinical trial
disorder_03475,disorder,pair_core,Bromo-DragonFLY Eating disorders randomized placebo,Bromo-DragonFLY,Eating disorders,indication,{compound} {entity} randomized placebo
disorder_03476,disorder,pair_core,Bromo-DragonFLY Eating disorders treatment outcome,Bromo-DragonFLY,Eating disorders,indication,{compound} {entity} treatment outcome
disorder_03477,disorder,pair_core,Bromo-DragonFLY Anorexia nervosa clinical trial,Bromo-DragonFLY,Anorexia nervosa,indication,{compound} {entity} clinical trial
disorder_03478,disorder,pair_core,Bromo-DragonFLY Anorexia nervosa randomized placebo,Bromo-DragonFLY,Anorexia nervosa,indication,{compound} {entity} randomized placebo
disorder_03479,disorder,pair_core,Bromo-DragonFLY Anorexia nervosa treatment outcome,Bromo-DragonFLY,Anorexia nervosa,indication,{compound} {entity} treatment outcome
disorder_03480,disorder,pair_core,Bromo-DragonFLY Bulimia nervosa clinical trial,Bromo-DragonFLY,Bulimia nervosa,indication,{compound} {entity} clinical trial
disorder_03481,disorder,pair_core,Bromo-DragonFLY Bulimia nervosa randomized placebo,Bromo-DragonFLY,Bulimia nervosa,indication,{compound} {entity} randomized placebo
disorder_03482,disorder,pair_core,Bromo-DragonFLY Bulimia nervosa treatment outcome,Bromo-DragonFLY,Bulimia nervosa,indication,{compound} {entity} treatment outcome
disorder_03483,disorder,pair_core,Bromo-DragonFLY Binge-eating disorder clinical trial,Bromo-DragonFLY,Binge-eating disorder,indication,{compound} {entity} clinical trial
disorder_03484,disorder,pair_core,Bromo-DragonFLY Binge-eating disorder randomized placebo,Bromo-DragonFLY,Binge-eating disorder,indication,{compound} {entity} randomized placebo
disorder_03485,disorder,pair_core,Bromo-DragonFLY Binge-eating disorder treatment outcome,Bromo-DragonFLY,Binge-eating disorder,indication,{compound} {entity} treatment outcome
disorder_03486,disorder,pair_core,Bromo-DragonFLY Autism spectrum disorder clinical trial,Bromo-DragonFLY,Autism spectrum disorder,indication,{compound} {entity} clinical trial
disorder_03487,disorder,pair_core,Bromo-DragonFLY Autism spectrum disorder randomized placebo,Bromo-DragonFLY,Autism spectrum disorder,indication,{compound} {entity} randomized placebo
disorder_03488,disorder,pair_core,Bromo-DragonFLY Autism spectrum disorder treatment outcome,Bromo-DragonFLY,Autism spectrum disorder,indication,{compound} {entity} treatment outcome
disorder_03489,disorder,pair_core,Bromo-DragonFLY Demoralization clinical trial,Bromo-DragonFLY,Demoralization,indication,{compound} {entity} clinical trial
disorder_03490,disorder,pair_core,Bromo-DragonFLY Demoralization randomized placebo,Bromo-DragonFLY,Demoralization,indication,{compound} {entity} randomized placebo
disorder_03491,disorder,pair_core,Bromo-DragonFLY Demoralization treatment outcome,Bromo-DragonFLY,Demoralization,indication,{compound} {entity} treatment outcome
disorder_03492,disorder,pair_core,Bromo-DragonFLY Suicidal ideation clinical trial,Bromo-DragonFLY,Suicidal ideation,indication,{compound} {entity} clinical trial
disorder_03493,disorder,pair_core,Bromo-DragonFLY Suicidal ideation randomized placebo,Bromo-DragonFLY,Suicidal ideation,indication,{compound} {entity} randomized placebo
disorder_03494,disorder,pair_core,Bromo-DragonFLY Suicidal ideation treatment outcome,Bromo-DragonFLY,Suicidal ideation,indication,{compound} {entity} treatment outcome
disorder_03495,disorder,pair_core,Bromo-DragonFLY Cluster headache clinical trial,Bromo-DragonFLY,Cluster headache,indication,{compound} {entity} clinical trial
disorder_03496,disorder,pair_core,Bromo-DragonFLY Cluster headache randomized placebo,Bromo-DragonFLY,Cluster headache,indication,{compound} {entity} randomized placebo
disorder_03497,disorder,pair_core,Bromo-DragonFLY Cluster headache treatment outcome,Bromo-DragonFLY,Cluster headache,indication,{compound} {entity} treatment outcome
disorder_03498,disorder,pair_core,Bromo-DragonFLY Headache disorders clinical trial,Bromo-DragonFLY,Headache disorders,indication,{compound} {entity} clinical trial
disorder_03499,disorder,pair_core,Bromo-DragonFLY Headache disorders randomized placebo,Bromo-DragonFLY,Headache disorders,indication,{compound} {entity} randomized placebo
disorder_03500,disorder,pair_core,Bromo-DragonFLY Headache disorders treatment outcome,Bromo-DragonFLY,Headache disorders,indication,{compound} {entity} treatment outcome
disorder_03501,disorder,pair_core,Bromo-DragonFLY Migraine clinical trial,Bromo-DragonFLY,Migraine,indication,{compound} {entity} clinical trial
disorder_03502,disorder,pair_core,Bromo-DragonFLY Migraine randomized placebo,Bromo-DragonFLY,Migraine,indication,{compound} {entity} randomized placebo
disorder_03503,disorder,pair_core,Bromo-DragonFLY Migraine treatment outcome,Bromo-DragonFLY,Migraine,indication,{compound} {entity} treatment outcome
disorder_03504,disorder,pair_core,Bromo-DragonFLY Chronic pain clinical trial,Bromo-DragonFLY,Chronic pain,indication,{compound} {entity} clinical trial
disorder_03505,disorder,pair_core,Bromo-DragonFLY Chronic pain randomized placebo,Bromo-DragonFLY,Chronic pain,indication,{compound} {entity} randomized placebo
disorder_03506,disorder,pair_core,Bromo-DragonFLY Chronic pain treatment outcome,Bromo-DragonFLY,Chronic pain,indication,{compound} {entity} treatment outcome
disorder_03507,disorder,pair_core,Bromo-DragonFLY Fibromyalgia clinical trial,Bromo-DragonFLY,Fibromyalgia,indication,{compound} {entity} clinical trial
disorder_03508,disorder,pair_core,Bromo-DragonFLY Fibromyalgia randomized placebo,Bromo-DragonFLY,Fibromyalgia,indication,{compound} {entity} randomized placebo
disorder_03509,disorder,pair_core,Bromo-DragonFLY Fibromyalgia treatment outcome,Bromo-DragonFLY,Fibromyalgia,indication,{compound} {entity} treatment outcome
disorder_03510,disorder,pair_core,25I-NBOMe Treatment-resistant depression clinical trial,25I-NBOMe,Treatment-resistant depression,indication,{compound} {entity} clinical trial
disorder_03511,disorder,pair_core,25I-NBOMe Treatment-resistant depression randomized placebo,25I-NBOMe,Treatment-resistant depression,indication,{compound} {entity} randomized placebo
disorder_03512,disorder,pair_core,25I-NBOMe Treatment-resistant depression treatment outcome,25I-NBOMe,Treatment-resistant depression,indication,{compound} {entity} treatment outcome
disorder_03513,disorder,pair_core,25I-NBOMe Major depressive disorder clinical trial,25I-NBOMe,Major depressive disorder,indication,{compound} {entity} clinical trial
disorder_03514,disorder,pair_core,25I-NBOMe Major depressive disorder randomized placebo,25I-NBOMe,Major depressive disorder,indication,{compound} {entity} randomized placebo
disorder_03515,disorder,pair_core,25I-NBOMe Major depressive disorder treatment outcome,25I-NBOMe,Major depressive disorder,indication,{compound} {entity} treatment outcome
disorder_03516,disorder,pair_core,25I-NBOMe Bipolar depression clinical trial,25I-NBOMe,Bipolar depression,indication,{compound} {entity} clinical trial
disorder_03517,disorder,pair_core,25I-NBOMe Bipolar depression randomized placebo,25I-NBOMe,Bipolar depression,indication,{compound} {entity} randomized placebo
disorder_03518,disorder,pair_core,25I-NBOMe Bipolar depression treatment outcome,25I-NBOMe,Bipolar depression,indication,{compound} {entity} treatment outcome
disorder_03519,disorder,pair_core,25I-NBOMe Persistent depressive disorder clinical trial,25I-NBOMe,Persistent depressive disorder,indication,{compound} {entity} clinical trial
disorder_03520,disorder,pair_core,25I-NBOMe Persistent depressive disorder randomized placebo,25I-NBOMe,Persistent depressive disorder,indication,{compound} {entity} randomized placebo
disorder_03521,disorder,pair_core,25I-NBOMe Persistent depressive disorder treatment outcome,25I-NBOMe,Persistent depressive disorder,indication,{compound} {entity} treatment outcome
disorder_03522,disorder,pair_core,25I-NBOMe Post-traumatic stress disorder clinical trial,25I-NBOMe,Post-traumatic stress disorder,indication,{compound} {entity} clinical trial
disorder_03523,disorder,pair_core,25I-NBOMe Post-traumatic stress disorder randomized placebo,25I-NBOMe,Post-traumatic stress disorder,indication,{compound} {entity} randomized placebo
disorder_03524,disorder,pair_core,25I-NBOMe Post-traumatic stress disorder treatment outcome,25I-NBOMe,Post-traumatic stress disorder,indication,{compound} {entity} treatment outcome
disorder_03525,disorder,pair_core,25I-NBOMe Complex post-traumatic stress disorder clinical trial,25I-NBOMe,Complex post-traumatic stress disorder,indication,{compound} {entity} clinical trial
disorder_03526,disorder,pair_core,25I-NBOMe Complex post-traumatic stress disorder randomized placebo,25I-NBOMe,Complex post-traumatic stress disorder,indication,{compound} {entity} randomized placebo
disorder_03527,disorder,pair_core,25I-NBOMe Complex post-traumatic stress disorder treatment outcome,25I-NBOMe,Complex post-traumatic stress disorder,indication,{compound} {entity} treatment outcome
disorder_03528,disorder,pair_core,25I-NBOMe Alcohol use disorder clinical trial,25I-NBOMe,Alcohol use disorder,indication,{compound} {entity} clinical trial
disorder_03529,disorder,pair_core,25I-NBOMe Alcohol use disorder randomized placebo,25I-NBOMe,Alcohol use disorder,indication,{compound} {entity} randomized placebo
disorder_03530,disorder,pair_core,25I-NBOMe Alcohol use disorder treatment outcome,25I-NBOMe,Alcohol use disorder,indication,{compound} {entity} treatment outcome
disorder_03531,disorder,pair_core,25I-NBOMe Tobacco use disorder clinical trial,25I-NBOMe,Tobacco use disorder,indication,{compound} {entity} clinical trial
disorder_03532,disorder,pair_core,25I-NBOMe Tobacco use disorder randomized placebo,25I-NBOMe,Tobacco use disorder,indication,{compound} {entity} randomized placebo
disorder_03533,disorder,pair_core,25I-NBOMe Tobacco use disorder treatment outcome,25I-NBOMe,Tobacco use disorder,indication,{compound} {entity} treatment outcome
disorder_03534,disorder,pair_core,25I-NBOMe Nicotine dependence clinical trial,25I-NBOMe,Nicotine dependence,indication,{compound} {entity} clinical trial
disorder_03535,disorder,pair_core,25I-NBOMe Nicotine dependence randomized placebo,25I-NBOMe,Nicotine dependence,indication,{compound} {entity} randomized placebo
disorder_03536,disorder,pair_core,25I-NBOMe Nicotine dependence treatment outcome,25I-NBOMe,Nicotine dependence,indication,{compound} {entity} treatment outcome
disorder_03537,disorder,pair_core,25I-NBOMe Opioid use disorder clinical trial,25I-NBOMe,Opioid use disorder,indication,{compound} {entity} clinical trial
disorder_03538,disorder,pair_core,25I-NBOMe Opioid use disorder randomized placebo,25I-NBOMe,Opioid use disorder,indication,{compound} {entity} randomized placebo
disorder_03539,disorder,pair_core,25I-NBOMe Opioid use disorder treatment outcome,25I-NBOMe,Opioid use disorder,indication,{compound} {entity} treatment outcome
disorder_03540,disorder,pair_core,25I-NBOMe Cannabis use disorder clinical trial,25I-NBOMe,Cannabis use disorder,indication,{compound} {entity} clinical trial
disorder_03541,disorder,pair_core,25I-NBOMe Cannabis use disorder randomized placebo,25I-NBOMe,Cannabis use disorder,indication,{compound} {entity} randomized placebo
disorder_03542,disorder,pair_core,25I-NBOMe Cannabis use disorder treatment outcome,25I-NBOMe,Cannabis use disorder,indication,{compound} {entity} treatment outcome
disorder_03543,disorder,pair_core,25I-NBOMe Cocaine use disorder clinical trial,25I-NBOMe,Cocaine use disorder,indication,{compound} {entity} clinical trial
disorder_03544,disorder,pair_core,25I-NBOMe Cocaine use disorder randomized placebo,25I-NBOMe,Cocaine use disorder,indication,{compound} {entity} randomized placebo
disorder_03545,disorder,pair_core,25I-NBOMe Cocaine use disorder treatment outcome,25I-NBOMe,Cocaine use disorder,indication,{compound} {entity} treatment outcome
disorder_03546,disorder,pair_core,25I-NBOMe Methamphetamine use disorder clinical trial,25I-NBOMe,Methamphetamine use disorder,indication,{compound} {entity} clinical trial
disorder_03547,disorder,pair_core,25I-NBOMe Methamphetamine use disorder randomized placebo,25I-NBOMe,Methamphetamine use disorder,indication,{compound} {entity} randomized placebo
disorder_03548,disorder,pair_core,25I-NBOMe Methamphetamine use disorder treatment outcome,25I-NBOMe,Methamphetamine use disorder,indication,{compound} {entity} treatment outcome
disorder_03549,disorder,pair_core,25I-NBOMe Stimulant use disorder clinical trial,25I-NBOMe,Stimulant use disorder,indication,{compound} {entity} clinical trial
disorder_03550,disorder,pair_core,25I-NBOMe Stimulant use disorder randomized placebo,25I-NBOMe,Stimulant use disorder,indication,{compound} {entity} randomized placebo
disorder_03551,disorder,pair_core,25I-NBOMe Stimulant use disorder treatment outcome,25I-NBOMe,Stimulant use disorder,indication,{compound} {entity} treatment outcome
disorder_03552,disorder,pair_core,25I-NBOMe Substance use disorder clinical trial,25I-NBOMe,Substance use disorder,indication,{compound} {entity} clinical trial
disorder_03553,disorder,pair_core,25I-NBOMe Substance use disorder randomized placebo,25I-NBOMe,Substance use disorder,indication,{compound} {entity} randomized placebo
disorder_03554,disorder,pair_core,25I-NBOMe Substance use disorder treatment outcome,25I-NBOMe,Substance use disorder,indication,{compound} {entity} treatment outcome
disorder_03555,disorder,pair_core,25I-NBOMe Generalized anxiety disorder clinical trial,25I-NBOMe,Generalized anxiety disorder,indication,{compound} {entity} clinical trial
disorder_03556,disorder,pair_core,25I-NBOMe Generalized anxiety disorder randomized placebo,25I-NBOMe,Generalized anxiety disorder,indication,{compound} {entity} randomized placebo
disorder_03557,disorder,pair_core,25I-NBOMe Generalized anxiety disorder treatment outcome,25I-NBOMe,Generalized anxiety disorder,indication,{compound} {entity} treatment outcome
disorder_03558,disorder,pair_core,25I-NBOMe Social anxiety disorder clinical trial,25I-NBOMe,Social anxiety disorder,indication,{compound} {entity} clinical trial
disorder_03559,disorder,pair_core,25I-NBOMe Social anxiety disorder randomized placebo,25I-NBOMe,Social anxiety disorder,indication,{compound} {entity} randomized placebo
disorder_03560,disorder,pair_core,25I-NBOMe Social anxiety disorder treatment outcome,25I-NBOMe,Social anxiety disorder,indication,{compound} {entity} treatment outcome
disorder_03561,disorder,pair_core,25I-NBOMe Distress associated with life-threatening disease clinical trial,25I-NBOMe,Distress associated with life-threatening disease,indication,{compound} {entity} clinical trial
disorder_03562,disorder,pair_core,25I-NBOMe Distress associated with life-threatening disease randomized placebo,25I-NBOMe,Distress associated with life-threatening disease,indication,{compound} {entity} randomized placebo
disorder_03563,disorder,pair_core,25I-NBOMe Distress associated with life-threatening disease treatment outcome,25I-NBOMe,Distress associated with life-threatening disease,indication,{compound} {entity} treatment outcome
disorder_03564,disorder,pair_core,25I-NBOMe Obsessive-compulsive disorder clinical trial,25I-NBOMe,Obsessive-compulsive disorder,indication,{compound} {entity} clinical trial
disorder_03565,disorder,pair_core,25I-NBOMe Obsessive-compulsive disorder randomized placebo,25I-NBOMe,Obsessive-compulsive disorder,indication,{compound} {entity} randomized placebo
disorder_03566,disorder,pair_core,25I-NBOMe Obsessive-compulsive disorder treatment outcome,25I-NBOMe,Obsessive-compulsive disorder,indication,{compound} {entity} treatment outcome
disorder_03567,disorder,pair_core,25I-NBOMe Eating disorders clinical trial,25I-NBOMe,Eating disorders,indication,{compound} {entity} clinical trial
disorder_03568,disorder,pair_core,25I-NBOMe Eating disorders randomized placebo,25I-NBOMe,Eating disorders,indication,{compound} {entity} randomized placebo
disorder_03569,disorder,pair_core,25I-NBOMe Eating disorders treatment outcome,25I-NBOMe,Eating disorders,indication,{compound} {entity} treatment outcome
disorder_03570,disorder,pair_core,25I-NBOMe Anorexia nervosa clinical trial,25I-NBOMe,Anorexia nervosa,indication,{compound} {entity} clinical trial
disorder_03571,disorder,pair_core,25I-NBOMe Anorexia nervosa randomized placebo,25I-NBOMe,Anorexia nervosa,indication,{compound} {entity} randomized placebo
disorder_03572,disorder,pair_core,25I-NBOMe Anorexia nervosa treatment outcome,25I-NBOMe,Anorexia nervosa,indication,{compound} {entity} treatment outcome
disorder_03573,disorder,pair_core,25I-NBOMe Bulimia nervosa clinical trial,25I-NBOMe,Bulimia nervosa,indication,{compound} {entity} clinical trial
disorder_03574,disorder,pair_core,25I-NBOMe Bulimia nervosa randomized placebo,25I-NBOMe,Bulimia nervosa,indication,{compound} {entity} randomized placebo
disorder_03575,disorder,pair_core,25I-NBOMe Bulimia nervosa treatment outcome,25I-NBOMe,Bulimia nervosa,indication,{compound} {entity} treatment outcome
disorder_03576,disorder,pair_core,25I-NBOMe Binge-eating disorder clinical trial,25I-NBOMe,Binge-eating disorder,indication,{compound} {entity} clinical trial
disorder_03577,disorder,pair_core,25I-NBOMe Binge-eating disorder randomized placebo,25I-NBOMe,Binge-eating disorder,indication,{compound} {entity} randomized placebo
disorder_03578,disorder,pair_core,25I-NBOMe Binge-eating disorder treatment outcome,25I-NBOMe,Binge-eating disorder,indication,{compound} {entity} treatment outcome
disorder_03579,disorder,pair_core,25I-NBOMe Autism spectrum disorder clinical trial,25I-NBOMe,Autism spectrum disorder,indication,{compound} {entity} clinical trial
disorder_03580,disorder,pair_core,25I-NBOMe Autism spectrum disorder randomized placebo,25I-NBOMe,Autism spectrum disorder,indication,{compound} {entity} randomized placebo
disorder_03581,disorder,pair_core,25I-NBOMe Autism spectrum disorder treatment outcome,25I-NBOMe,Autism spectrum disorder,indication,{compound} {entity} treatment outcome
disorder_03582,disorder,pair_core,25I-NBOMe Demoralization clinical trial,25I-NBOMe,Demoralization,indication,{compound} {entity} clinical trial
disorder_03583,disorder,pair_core,25I-NBOMe Demoralization randomized placebo,25I-NBOMe,Demoralization,indication,{compound} {entity} randomized placebo
disorder_03584,disorder,pair_core,25I-NBOMe Demoralization treatment outcome,25I-NBOMe,Demoralization,indication,{compound} {entity} treatment outcome
disorder_03585,disorder,pair_core,25I-NBOMe Suicidal ideation clinical trial,25I-NBOMe,Suicidal ideation,indication,{compound} {entity} clinical trial
disorder_03586,disorder,pair_core,25I-NBOMe Suicidal ideation randomized placebo,25I-NBOMe,Suicidal ideation,indication,{compound} {entity} randomized placebo
disorder_03587,disorder,pair_core,25I-NBOMe Suicidal ideation treatment outcome,25I-NBOMe,Suicidal ideation,indication,{compound} {entity} treatment outcome
disorder_03588,disorder,pair_core,25I-NBOMe Cluster headache clinical trial,25I-NBOMe,Cluster headache,indication,{compound} {entity} clinical trial
disorder_03589,disorder,pair_core,25I-NBOMe Cluster headache randomized placebo,25I-NBOMe,Cluster headache,indication,{compound} {entity} randomized placebo
disorder_03590,disorder,pair_core,25I-NBOMe Cluster headache treatment outcome,25I-NBOMe,Cluster headache,indication,{compound} {entity} treatment outcome
disorder_03591,disorder,pair_core,25I-NBOMe Headache disorders clinical trial,25I-NBOMe,Headache disorders,indication,{compound} {entity} clinical trial
disorder_03592,disorder,pair_core,25I-NBOMe Headache disorders randomized placebo,25I-NBOMe,Headache disorders,indication,{compound} {entity} randomized placebo
disorder_03593,disorder,pair_core,25I-NBOMe Headache disorders treatment outcome,25I-NBOMe,Headache disorders,indication,{compound} {entity} treatment outcome
disorder_03594,disorder,pair_core,25I-NBOMe Migraine clinical trial,25I-NBOMe,Migraine,indication,{compound} {entity} clinical trial
disorder_03595,disorder,pair_core,25I-NBOMe Migraine randomized placebo,25I-NBOMe,Migraine,indication,{compound} {entity} randomized placebo
disorder_03596,disorder,pair_core,25I-NBOMe Migraine treatment outcome,25I-NBOMe,Migraine,indication,{compound} {entity} treatment outcome
disorder_03597,disorder,pair_core,25I-NBOMe Chronic pain clinical trial,25I-NBOMe,Chronic pain,indication,{compound} {entity} clinical trial
disorder_03598,disorder,pair_core,25I-NBOMe Chronic pain randomized placebo,25I-NBOMe,Chronic pain,indication,{compound} {entity} randomized placebo
disorder_03599,disorder,pair_core,25I-NBOMe Chronic pain treatment outcome,25I-NBOMe,Chronic pain,indication,{compound} {entity} treatment outcome
disorder_03600,disorder,pair_core,25I-NBOMe Fibromyalgia clinical trial,25I-NBOMe,Fibromyalgia,indication,{compound} {entity} clinical trial
disorder_03601,disorder,pair_core,25I-NBOMe Fibromyalgia randomized placebo,25I-NBOMe,Fibromyalgia,indication,{compound} {entity} randomized placebo
disorder_03602,disorder,pair_core,25I-NBOMe Fibromyalgia treatment outcome,25I-NBOMe,Fibromyalgia,indication,{compound} {entity} treatment outcome
disorder_03603,disorder,pair_core,25B-NBOMe Treatment-resistant depression clinical trial,25B-NBOMe,Treatment-resistant depression,indication,{compound} {entity} clinical trial
disorder_03604,disorder,pair_core,25B-NBOMe Treatment-resistant depression randomized placebo,25B-NBOMe,Treatment-resistant depression,indication,{compound} {entity} randomized placebo
disorder_03605,disorder,pair_core,25B-NBOMe Treatment-resistant depression treatment outcome,25B-NBOMe,Treatment-resistant depression,indication,{compound} {entity} treatment outcome
disorder_03606,disorder,pair_core,25B-NBOMe Major depressive disorder clinical trial,25B-NBOMe,Major depressive disorder,indication,{compound} {entity} clinical trial
disorder_03607,disorder,pair_core,25B-NBOMe Major depressive disorder randomized placebo,25B-NBOMe,Major depressive disorder,indication,{compound} {entity} randomized placebo
disorder_03608,disorder,pair_core,25B-NBOMe Major depressive disorder treatment outcome,25B-NBOMe,Major depressive disorder,indication,{compound} {entity} treatment outcome
disorder_03609,disorder,pair_core,25B-NBOMe Bipolar depression clinical trial,25B-NBOMe,Bipolar depression,indication,{compound} {entity} clinical trial
disorder_03610,disorder,pair_core,25B-NBOMe Bipolar depression randomized placebo,25B-NBOMe,Bipolar depression,indication,{compound} {entity} randomized placebo
disorder_03611,disorder,pair_core,25B-NBOMe Bipolar depression treatment outcome,25B-NBOMe,Bipolar depression,indication,{compound} {entity} treatment outcome
disorder_03612,disorder,pair_core,25B-NBOMe Persistent depressive disorder clinical trial,25B-NBOMe,Persistent depressive disorder,indication,{compound} {entity} clinical trial
disorder_03613,disorder,pair_core,25B-NBOMe Persistent depressive disorder randomized placebo,25B-NBOMe,Persistent depressive disorder,indication,{compound} {entity} randomized placebo
disorder_03614,disorder,pair_core,25B-NBOMe Persistent depressive disorder treatment outcome,25B-NBOMe,Persistent depressive disorder,indication,{compound} {entity} treatment outcome
disorder_03615,disorder,pair_core,25B-NBOMe Post-traumatic stress disorder clinical trial,25B-NBOMe,Post-traumatic stress disorder,indication,{compound} {entity} clinical trial
disorder_03616,disorder,pair_core,25B-NBOMe Post-traumatic stress disorder randomized placebo,25B-NBOMe,Post-traumatic stress disorder,indication,{compound} {entity} randomized placebo
disorder_03617,disorder,pair_core,25B-NBOMe Post-traumatic stress disorder treatment outcome,25B-NBOMe,Post-traumatic stress disorder,indication,{compound} {entity} treatment outcome
disorder_03618,disorder,pair_core,25B-NBOMe Complex post-traumatic stress disorder clinical trial,25B-NBOMe,Complex post-traumatic stress disorder,indication,{compound} {entity} clinical trial
disorder_03619,disorder,pair_core,25B-NBOMe Complex post-traumatic stress disorder randomized placebo,25B-NBOMe,Complex post-traumatic stress disorder,indication,{compound} {entity} randomized placebo
disorder_03620,disorder,pair_core,25B-NBOMe Complex post-traumatic stress disorder treatment outcome,25B-NBOMe,Complex post-traumatic stress disorder,indication,{compound} {entity} treatment outcome
disorder_03621,disorder,pair_core,25B-NBOMe Alcohol use disorder clinical trial,25B-NBOMe,Alcohol use disorder,indication,{compound} {entity} clinical trial
disorder_03622,disorder,pair_core,25B-NBOMe Alcohol use disorder randomized placebo,25B-NBOMe,Alcohol use disorder,indication,{compound} {entity} randomized placebo
disorder_03623,disorder,pair_core,25B-NBOMe Alcohol use disorder treatment outcome,25B-NBOMe,Alcohol use disorder,indication,{compound} {entity} treatment outcome
disorder_03624,disorder,pair_core,25B-NBOMe Tobacco use disorder clinical trial,25B-NBOMe,Tobacco use disorder,indication,{compound} {entity} clinical trial
disorder_03625,disorder,pair_core,25B-NBOMe Tobacco use disorder randomized placebo,25B-NBOMe,Tobacco use disorder,indication,{compound} {entity} randomized placebo
disorder_03626,disorder,pair_core,25B-NBOMe Tobacco use disorder treatment outcome,25B-NBOMe,Tobacco use disorder,indication,{compound} {entity} treatment outcome
disorder_03627,disorder,pair_core,25B-NBOMe Nicotine dependence clinical trial,25B-NBOMe,Nicotine dependence,indication,{compound} {entity} clinical trial
disorder_03628,disorder,pair_core,25B-NBOMe Nicotine dependence randomized placebo,25B-NBOMe,Nicotine dependence,indication,{compound} {entity} randomized placebo
disorder_03629,disorder,pair_core,25B-NBOMe Nicotine dependence treatment outcome,25B-NBOMe,Nicotine dependence,indication,{compound} {entity} treatment outcome
disorder_03630,disorder,pair_core,25B-NBOMe Opioid use disorder clinical trial,25B-NBOMe,Opioid use disorder,indication,{compound} {entity} clinical trial
disorder_03631,disorder,pair_core,25B-NBOMe Opioid use disorder randomized placebo,25B-NBOMe,Opioid use disorder,indication,{compound} {entity} randomized placebo
disorder_03632,disorder,pair_core,25B-NBOMe Opioid use disorder treatment outcome,25B-NBOMe,Opioid use disorder,indication,{compound} {entity} treatment outcome
disorder_03633,disorder,pair_core,25B-NBOMe Cannabis use disorder clinical trial,25B-NBOMe,Cannabis use disorder,indication,{compound} {entity} clinical trial
disorder_03634,disorder,pair_core,25B-NBOMe Cannabis use disorder randomized placebo,25B-NBOMe,Cannabis use disorder,indication,{compound} {entity} randomized placebo
disorder_03635,disorder,pair_core,25B-NBOMe Cannabis use disorder treatment outcome,25B-NBOMe,Cannabis use disorder,indication,{compound} {entity} treatment outcome
disorder_03636,disorder,pair_core,25B-NBOMe Cocaine use disorder clinical trial,25B-NBOMe,Cocaine use disorder,indication,{compound} {entity} clinical trial
disorder_03637,disorder,pair_core,25B-NBOMe Cocaine use disorder randomized placebo,25B-NBOMe,Cocaine use disorder,indication,{compound} {entity} randomized placebo
disorder_03638,disorder,pair_core,25B-NBOMe Cocaine use disorder treatment outcome,25B-NBOMe,Cocaine use disorder,indication,{compound} {entity} treatment outcome
disorder_03639,disorder,pair_core,25B-NBOMe Methamphetamine use disorder clinical trial,25B-NBOMe,Methamphetamine use disorder,indication,{compound} {entity} clinical trial
disorder_03640,disorder,pair_core,25B-NBOMe Methamphetamine use disorder randomized placebo,25B-NBOMe,Methamphetamine use disorder,indication,{compound} {entity} randomized placebo
disorder_03641,disorder,pair_core,25B-NBOMe Methamphetamine use disorder treatment outcome,25B-NBOMe,Methamphetamine use disorder,indication,{compound} {entity} treatment outcome
disorder_03642,disorder,pair_core,25B-NBOMe Stimulant use disorder clinical trial,25B-NBOMe,Stimulant use disorder,indication,{compound} {entity} clinical trial
disorder_03643,disorder,pair_core,25B-NBOMe Stimulant use disorder randomized placebo,25B-NBOMe,Stimulant use disorder,indication,{compound} {entity} randomized placebo
disorder_03644,disorder,pair_core,25B-NBOMe Stimulant use disorder treatment outcome,25B-NBOMe,Stimulant use disorder,indication,{compound} {entity} treatment outcome
disorder_03645,disorder,pair_core,25B-NBOMe Substance use disorder clinical trial,25B-NBOMe,Substance use disorder,indication,{compound} {entity} clinical trial
disorder_03646,disorder,pair_core,25B-NBOMe Substance use disorder randomized placebo,25B-NBOMe,Substance use disorder,indication,{compound} {entity} randomized placebo
disorder_03647,disorder,pair_core,25B-NBOMe Substance use disorder treatment outcome,25B-NBOMe,Substance use disorder,indication,{compound} {entity} treatment outcome
disorder_03648,disorder,pair_core,25B-NBOMe Generalized anxiety disorder clinical trial,25B-NBOMe,Generalized anxiety disorder,indication,{compound} {entity} clinical trial
disorder_03649,disorder,pair_core,25B-NBOMe Generalized anxiety disorder randomized placebo,25B-NBOMe,Generalized anxiety disorder,indication,{compound} {entity} randomized placebo
disorder_03650,disorder,pair_core,25B-NBOMe Generalized anxiety disorder treatment outcome,25B-NBOMe,Generalized anxiety disorder,indication,{compound} {entity} treatment outcome
disorder_03651,disorder,pair_core,25B-NBOMe Social anxiety disorder clinical trial,25B-NBOMe,Social anxiety disorder,indication,{compound} {entity} clinical trial
disorder_03652,disorder,pair_core,25B-NBOMe Social anxiety disorder randomized placebo,25B-NBOMe,Social anxiety disorder,indication,{compound} {entity} randomized placebo
disorder_03653,disorder,pair_core,25B-NBOMe Social anxiety disorder treatment outcome,25B-NBOMe,Social anxiety disorder,indication,{compound} {entity} treatment outcome
disorder_03654,disorder,pair_core,25B-NBOMe Distress associated with life-threatening disease clinical trial,25B-NBOMe,Distress associated with life-threatening disease,indication,{compound} {entity} clinical trial
disorder_03655,disorder,pair_core,25B-NBOMe Distress associated with life-threatening disease randomized placebo,25B-NBOMe,Distress associated with life-threatening disease,indication,{compound} {entity} randomized placebo
disorder_03656,disorder,pair_core,25B-NBOMe Distress associated with life-threatening disease treatment outcome,25B-NBOMe,Distress associated with life-threatening disease,indication,{compound} {entity} treatment outcome
disorder_03657,disorder,pair_core,25B-NBOMe Obsessive-compulsive disorder clinical trial,25B-NBOMe,Obsessive-compulsive disorder,indication,{compound} {entity} clinical trial
disorder_03658,disorder,pair_core,25B-NBOMe Obsessive-compulsive disorder randomized placebo,25B-NBOMe,Obsessive-compulsive disorder,indication,{compound} {entity} randomized placebo
disorder_03659,disorder,pair_core,25B-NBOMe Obsessive-compulsive disorder treatment outcome,25B-NBOMe,Obsessive-compulsive disorder,indication,{compound} {entity} treatment outcome
disorder_03660,disorder,pair_core,25B-NBOMe Eating disorders clinical trial,25B-NBOMe,Eating disorders,indication,{compound} {entity} clinical trial
disorder_03661,disorder,pair_core,25B-NBOMe Eating disorders randomized placebo,25B-NBOMe,Eating disorders,indication,{compound} {entity} randomized placebo
disorder_03662,disorder,pair_core,25B-NBOMe Eating disorders treatment outcome,25B-NBOMe,Eating disorders,indication,{compound} {entity} treatment outcome
disorder_03663,disorder,pair_core,25B-NBOMe Anorexia nervosa clinical trial,25B-NBOMe,Anorexia nervosa,indication,{compound} {entity} clinical trial
disorder_03664,disorder,pair_core,25B-NBOMe Anorexia nervosa randomized placebo,25B-NBOMe,Anorexia nervosa,indication,{compound} {entity} randomized placebo
disorder_03665,disorder,pair_core,25B-NBOMe Anorexia nervosa treatment outcome,25B-NBOMe,Anorexia nervosa,indication,{compound} {entity} treatment outcome
disorder_03666,disorder,pair_core,25B-NBOMe Bulimia nervosa clinical trial,25B-NBOMe,Bulimia nervosa,indication,{compound} {entity} clinical trial
disorder_03667,disorder,pair_core,25B-NBOMe Bulimia nervosa randomized placebo,25B-NBOMe,Bulimia nervosa,indication,{compound} {entity} randomized placebo
disorder_03668,disorder,pair_core,25B-NBOMe Bulimia nervosa treatment outcome,25B-NBOMe,Bulimia nervosa,indication,{compound} {entity} treatment outcome
disorder_03669,disorder,pair_core,25B-NBOMe Binge-eating disorder clinical trial,25B-NBOMe,Binge-eating disorder,indication,{compound} {entity} clinical trial
disorder_03670,disorder,pair_core,25B-NBOMe Binge-eating disorder randomized placebo,25B-NBOMe,Binge-eating disorder,indication,{compound} {entity} randomized placebo
disorder_03671,disorder,pair_core,25B-NBOMe Binge-eating disorder treatment outcome,25B-NBOMe,Binge-eating disorder,indication,{compound} {entity} treatment outcome
disorder_03672,disorder,pair_core,25B-NBOMe Autism spectrum disorder clinical trial,25B-NBOMe,Autism spectrum disorder,indication,{compound} {entity} clinical trial
disorder_03673,disorder,pair_core,25B-NBOMe Autism spectrum disorder randomized placebo,25B-NBOMe,Autism spectrum disorder,indication,{compound} {entity} randomized placebo
disorder_03674,disorder,pair_core,25B-NBOMe Autism spectrum disorder treatment outcome,25B-NBOMe,Autism spectrum disorder,indication,{compound} {entity} treatment outcome
disorder_03675,disorder,pair_core,25B-NBOMe Demoralization clinical trial,25B-NBOMe,Demoralization,indication,{compound} {entity} clinical trial
disorder_03676,disorder,pair_core,25B-NBOMe Demoralization randomized placebo,25B-NBOMe,Demoralization,indication,{compound} {entity} randomized placebo
disorder_03677,disorder,pair_core,25B-NBOMe Demoralization treatment outcome,25B-NBOMe,Demoralization,indication,{compound} {entity} treatment outcome
disorder_03678,disorder,pair_core,25B-NBOMe Suicidal ideation clinical trial,25B-NBOMe,Suicidal ideation,indication,{compound} {entity} clinical trial
disorder_03679,disorder,pair_core,25B-NBOMe Suicidal ideation randomized placebo,25B-NBOMe,Suicidal ideation,indication,{compound} {entity} randomized placebo
disorder_03680,disorder,pair_core,25B-NBOMe Suicidal ideation treatment outcome,25B-NBOMe,Suicidal ideation,indication,{compound} {entity} treatment outcome
disorder_03681,disorder,pair_core,25B-NBOMe Cluster headache clinical trial,25B-NBOMe,Cluster headache,indication,{compound} {entity} clinical trial
disorder_03682,disorder,pair_core,25B-NBOMe Cluster headache randomized placebo,25B-NBOMe,Cluster headache,indication,{compound} {entity} randomized placebo
disorder_03683,disorder,pair_core,25B-NBOMe Cluster headache treatment outcome,25B-NBOMe,Cluster headache,indication,{compound} {entity} treatment outcome
disorder_03684,disorder,pair_core,25B-NBOMe Headache disorders clinical trial,25B-NBOMe,Headache disorders,indication,{compound} {entity} clinical trial
disorder_03685,disorder,pair_core,25B-NBOMe Headache disorders randomized placebo,25B-NBOMe,Headache disorders,indication,{compound} {entity} randomized placebo
disorder_03686,disorder,pair_core,25B-NBOMe Headache disorders treatment outcome,25B-NBOMe,Headache disorders,indication,{compound} {entity} treatment outcome
disorder_03687,disorder,pair_core,25B-NBOMe Migraine clinical trial,25B-NBOMe,Migraine,indication,{compound} {entity} clinical trial
disorder_03688,disorder,pair_core,25B-NBOMe Migraine randomized placebo,25B-NBOMe,Migraine,indication,{compound} {entity} randomized placebo
disorder_03689,disorder,pair_core,25B-NBOMe Migraine treatment outcome,25B-NBOMe,Migraine,indication,{compound} {entity} treatment outcome
disorder_03690,disorder,pair_core,25B-NBOMe Chronic pain clinical trial,25B-NBOMe,Chronic pain,indication,{compound} {entity} clinical trial
disorder_03691,disorder,pair_core,25B-NBOMe Chronic pain randomized placebo,25B-NBOMe,Chronic pain,indication,{compound} {entity} randomized placebo
disorder_03692,disorder,pair_core,25B-NBOMe Chronic pain treatment outcome,25B-NBOMe,Chronic pain,indication,{compound} {entity} treatment outcome
disorder_03693,disorder,pair_core,25B-NBOMe Fibromyalgia clinical trial,25B-NBOMe,Fibromyalgia,indication,{compound} {entity} clinical trial
disorder_03694,disorder,pair_core,25B-NBOMe Fibromyalgia randomized placebo,25B-NBOMe,Fibromyalgia,indication,{compound} {entity} randomized placebo
disorder_03695,disorder,pair_core,25B-NBOMe Fibromyalgia treatment outcome,25B-NBOMe,Fibromyalgia,indication,{compound} {entity} treatment outcome
disorder_03696,disorder,pair_core,25C-NBOMe Treatment-resistant depression clinical trial,25C-NBOMe,Treatment-resistant depression,indication,{compound} {entity} clinical trial
disorder_03697,disorder,pair_core,25C-NBOMe Treatment-resistant depression randomized placebo,25C-NBOMe,Treatment-resistant depression,indication,{compound} {entity} randomized placebo
disorder_03698,disorder,pair_core,25C-NBOMe Treatment-resistant depression treatment outcome,25C-NBOMe,Treatment-resistant depression,indication,{compound} {entity} treatment outcome
disorder_03699,disorder,pair_core,25C-NBOMe Major depressive disorder clinical trial,25C-NBOMe,Major depressive disorder,indication,{compound} {entity} clinical trial
disorder_03700,disorder,pair_core,25C-NBOMe Major depressive disorder randomized placebo,25C-NBOMe,Major depressive disorder,indication,{compound} {entity} randomized placebo
disorder_03701,disorder,pair_core,25C-NBOMe Major depressive disorder treatment outcome,25C-NBOMe,Major depressive disorder,indication,{compound} {entity} treatment outcome
disorder_03702,disorder,pair_core,25C-NBOMe Bipolar depression clinical trial,25C-NBOMe,Bipolar depression,indication,{compound} {entity} clinical trial
disorder_03703,disorder,pair_core,25C-NBOMe Bipolar depression randomized placebo,25C-NBOMe,Bipolar depression,indication,{compound} {entity} randomized placebo
disorder_03704,disorder,pair_core,25C-NBOMe Bipolar depression treatment outcome,25C-NBOMe,Bipolar depression,indication,{compound} {entity} treatment outcome
disorder_03705,disorder,pair_core,25C-NBOMe Persistent depressive disorder clinical trial,25C-NBOMe,Persistent depressive disorder,indication,{compound} {entity} clinical trial
disorder_03706,disorder,pair_core,25C-NBOMe Persistent depressive disorder randomized placebo,25C-NBOMe,Persistent depressive disorder,indication,{compound} {entity} randomized placebo
disorder_03707,disorder,pair_core,25C-NBOMe Persistent depressive disorder treatment outcome,25C-NBOMe,Persistent depressive disorder,indication,{compound} {entity} treatment outcome
disorder_03708,disorder,pair_core,25C-NBOMe Post-traumatic stress disorder clinical trial,25C-NBOMe,Post-traumatic stress disorder,indication,{compound} {entity} clinical trial
disorder_03709,disorder,pair_core,25C-NBOMe Post-traumatic stress disorder randomized placebo,25C-NBOMe,Post-traumatic stress disorder,indication,{compound} {entity} randomized placebo
disorder_03710,disorder,pair_core,25C-NBOMe Post-traumatic stress disorder treatment outcome,25C-NBOMe,Post-traumatic stress disorder,indication,{compound} {entity} treatment outcome
disorder_03711,disorder,pair_core,25C-NBOMe Complex post-traumatic stress disorder clinical trial,25C-NBOMe,Complex post-traumatic stress disorder,indication,{compound} {entity} clinical trial
disorder_03712,disorder,pair_core,25C-NBOMe Complex post-traumatic stress disorder randomized placebo,25C-NBOMe,Complex post-traumatic stress disorder,indication,{compound} {entity} randomized placebo
disorder_03713,disorder,pair_core,25C-NBOMe Complex post-traumatic stress disorder treatment outcome,25C-NBOMe,Complex post-traumatic stress disorder,indication,{compound} {entity} treatment outcome
disorder_03714,disorder,pair_core,25C-NBOMe Alcohol use disorder clinical trial,25C-NBOMe,Alcohol use disorder,indication,{compound} {entity} clinical trial
disorder_03715,disorder,pair_core,25C-NBOMe Alcohol use disorder randomized placebo,25C-NBOMe,Alcohol use disorder,indication,{compound} {entity} randomized placebo
disorder_03716,disorder,pair_core,25C-NBOMe Alcohol use disorder treatment outcome,25C-NBOMe,Alcohol use disorder,indication,{compound} {entity} treatment outcome
disorder_03717,disorder,pair_core,25C-NBOMe Tobacco use disorder clinical trial,25C-NBOMe,Tobacco use disorder,indication,{compound} {entity} clinical trial
disorder_03718,disorder,pair_core,25C-NBOMe Tobacco use disorder randomized placebo,25C-NBOMe,Tobacco use disorder,indication,{compound} {entity} randomized placebo
disorder_03719,disorder,pair_core,25C-NBOMe Tobacco use disorder treatment outcome,25C-NBOMe,Tobacco use disorder,indication,{compound} {entity} treatment outcome
disorder_03720,disorder,pair_core,25C-NBOMe Nicotine dependence clinical trial,25C-NBOMe,Nicotine dependence,indication,{compound} {entity} clinical trial
disorder_03721,disorder,pair_core,25C-NBOMe Nicotine dependence randomized placebo,25C-NBOMe,Nicotine dependence,indication,{compound} {entity} randomized placebo
disorder_03722,disorder,pair_core,25C-NBOMe Nicotine dependence treatment outcome,25C-NBOMe,Nicotine dependence,indication,{compound} {entity} treatment outcome
disorder_03723,disorder,pair_core,25C-NBOMe Opioid use disorder clinical trial,25C-NBOMe,Opioid use disorder,indication,{compound} {entity} clinical trial
disorder_03724,disorder,pair_core,25C-NBOMe Opioid use disorder randomized placebo,25C-NBOMe,Opioid use disorder,indication,{compound} {entity} randomized placebo
disorder_03725,disorder,pair_core,25C-NBOMe Opioid use disorder treatment outcome,25C-NBOMe,Opioid use disorder,indication,{compound} {entity} treatment outcome
disorder_03726,disorder,pair_core,25C-NBOMe Cannabis use disorder clinical trial,25C-NBOMe,Cannabis use disorder,indication,{compound} {entity} clinical trial
disorder_03727,disorder,pair_core,25C-NBOMe Cannabis use disorder randomized placebo,25C-NBOMe,Cannabis use disorder,indication,{compound} {entity} randomized placebo
disorder_03728,disorder,pair_core,25C-NBOMe Cannabis use disorder treatment outcome,25C-NBOMe,Cannabis use disorder,indication,{compound} {entity} treatment outcome
disorder_03729,disorder,pair_core,25C-NBOMe Cocaine use disorder clinical trial,25C-NBOMe,Cocaine use disorder,indication,{compound} {entity} clinical trial
disorder_03730,disorder,pair_core,25C-NBOMe Cocaine use disorder randomized placebo,25C-NBOMe,Cocaine use disorder,indication,{compound} {entity} randomized placebo
disorder_03731,disorder,pair_core,25C-NBOMe Cocaine use disorder treatment outcome,25C-NBOMe,Cocaine use disorder,indication,{compound} {entity} treatment outcome
disorder_03732,disorder,pair_core,25C-NBOMe Methamphetamine use disorder clinical trial,25C-NBOMe,Methamphetamine use disorder,indication,{compound} {entity} clinical trial
disorder_03733,disorder,pair_core,25C-NBOMe Methamphetamine use disorder randomized placebo,25C-NBOMe,Methamphetamine use disorder,indication,{compound} {entity} randomized placebo
disorder_03734,disorder,pair_core,25C-NBOMe Methamphetamine use disorder treatment outcome,25C-NBOMe,Methamphetamine use disorder,indication,{compound} {entity} treatment outcome
disorder_03735,disorder,pair_core,25C-NBOMe Stimulant use disorder clinical trial,25C-NBOMe,Stimulant use disorder,indication,{compound} {entity} clinical trial
disorder_03736,disorder,pair_core,25C-NBOMe Stimulant use disorder randomized placebo,25C-NBOMe,Stimulant use disorder,indication,{compound} {entity} randomized placebo
disorder_03737,disorder,pair_core,25C-NBOMe Stimulant use disorder treatment outcome,25C-NBOMe,Stimulant use disorder,indication,{compound} {entity} treatment outcome
disorder_03738,disorder,pair_core,25C-NBOMe Substance use disorder clinical trial,25C-NBOMe,Substance use disorder,indication,{compound} {entity} clinical trial
disorder_03739,disorder,pair_core,25C-NBOMe Substance use disorder randomized placebo,25C-NBOMe,Substance use disorder,indication,{compound} {entity} randomized placebo
disorder_03740,disorder,pair_core,25C-NBOMe Substance use disorder treatment outcome,25C-NBOMe,Substance use disorder,indication,{compound} {entity} treatment outcome
disorder_03741,disorder,pair_core,25C-NBOMe Generalized anxiety disorder clinical trial,25C-NBOMe,Generalized anxiety disorder,indication,{compound} {entity} clinical trial
disorder_03742,disorder,pair_core,25C-NBOMe Generalized anxiety disorder randomized placebo,25C-NBOMe,Generalized anxiety disorder,indication,{compound} {entity} randomized placebo
disorder_03743,disorder,pair_core,25C-NBOMe Generalized anxiety disorder treatment outcome,25C-NBOMe,Generalized anxiety disorder,indication,{compound} {entity} treatment outcome
disorder_03744,disorder,pair_core,25C-NBOMe Social anxiety disorder clinical trial,25C-NBOMe,Social anxiety disorder,indication,{compound} {entity} clinical trial
disorder_03745,disorder,pair_core,25C-NBOMe Social anxiety disorder randomized placebo,25C-NBOMe,Social anxiety disorder,indication,{compound} {entity} randomized placebo
disorder_03746,disorder,pair_core,25C-NBOMe Social anxiety disorder treatment outcome,25C-NBOMe,Social anxiety disorder,indication,{compound} {entity} treatment outcome
disorder_03747,disorder,pair_core,25C-NBOMe Distress associated with life-threatening disease clinical trial,25C-NBOMe,Distress associated with life-threatening disease,indication,{compound} {entity} clinical trial
disorder_03748,disorder,pair_core,25C-NBOMe Distress associated with life-threatening disease randomized placebo,25C-NBOMe,Distress associated with life-threatening disease,indication,{compound} {entity} randomized placebo
disorder_03749,disorder,pair_core,25C-NBOMe Distress associated with life-threatening disease treatment outcome,25C-NBOMe,Distress associated with life-threatening disease,indication,{compound} {entity} treatment outcome
disorder_03750,disorder,pair_core,25C-NBOMe Obsessive-compulsive disorder clinical trial,25C-NBOMe,Obsessive-compulsive disorder,indication,{compound} {entity} clinical trial
disorder_03751,disorder,pair_core,25C-NBOMe Obsessive-compulsive disorder randomized placebo,25C-NBOMe,Obsessive-compulsive disorder,indication,{compound} {entity} randomized placebo
disorder_03752,disorder,pair_core,25C-NBOMe Obsessive-compulsive disorder treatment outcome,25C-NBOMe,Obsessive-compulsive disorder,indication,{compound} {entity} treatment outcome
disorder_03753,disorder,pair_core,25C-NBOMe Eating disorders clinical trial,25C-NBOMe,Eating disorders,indication,{compound} {entity} clinical trial
disorder_03754,disorder,pair_core,25C-NBOMe Eating disorders randomized placebo,25C-NBOMe,Eating disorders,indication,{compound} {entity} randomized placebo
disorder_03755,disorder,pair_core,25C-NBOMe Eating disorders treatment outcome,25C-NBOMe,Eating disorders,indication,{compound} {entity} treatment outcome
disorder_03756,disorder,pair_core,25C-NBOMe Anorexia nervosa clinical trial,25C-NBOMe,Anorexia nervosa,indication,{compound} {entity} clinical trial
disorder_03757,disorder,pair_core,25C-NBOMe Anorexia nervosa randomized placebo,25C-NBOMe,Anorexia nervosa,indication,{compound} {entity} randomized placebo
disorder_03758,disorder,pair_core,25C-NBOMe Anorexia nervosa treatment outcome,25C-NBOMe,Anorexia nervosa,indication,{compound} {entity} treatment outcome
disorder_03759,disorder,pair_core,25C-NBOMe Bulimia nervosa clinical trial,25C-NBOMe,Bulimia nervosa,indication,{compound} {entity} clinical trial
disorder_03760,disorder,pair_core,25C-NBOMe Bulimia nervosa randomized placebo,25C-NBOMe,Bulimia nervosa,indication,{compound} {entity} randomized placebo
disorder_03761,disorder,pair_core,25C-NBOMe Bulimia nervosa treatment outcome,25C-NBOMe,Bulimia nervosa,indication,{compound} {entity} treatment outcome
disorder_03762,disorder,pair_core,25C-NBOMe Binge-eating disorder clinical trial,25C-NBOMe,Binge-eating disorder,indication,{compound} {entity} clinical trial
disorder_03763,disorder,pair_core,25C-NBOMe Binge-eating disorder randomized placebo,25C-NBOMe,Binge-eating disorder,indication,{compound} {entity} randomized placebo
disorder_03764,disorder,pair_core,25C-NBOMe Binge-eating disorder treatment outcome,25C-NBOMe,Binge-eating disorder,indication,{compound} {entity} treatment outcome
disorder_03765,disorder,pair_core,25C-NBOMe Autism spectrum disorder clinical trial,25C-NBOMe,Autism spectrum disorder,indication,{compound} {entity} clinical trial
disorder_03766,disorder,pair_core,25C-NBOMe Autism spectrum disorder randomized placebo,25C-NBOMe,Autism spectrum disorder,indication,{compound} {entity} randomized placebo
disorder_03767,disorder,pair_core,25C-NBOMe Autism spectrum disorder treatment outcome,25C-NBOMe,Autism spectrum disorder,indication,{compound} {entity} treatment outcome
disorder_03768,disorder,pair_core,25C-NBOMe Demoralization clinical trial,25C-NBOMe,Demoralization,indication,{compound} {entity} clinical trial
disorder_03769,disorder,pair_core,25C-NBOMe Demoralization randomized placebo,25C-NBOMe,Demoralization,indication,{compound} {entity} randomized placebo
disorder_03770,disorder,pair_core,25C-NBOMe Demoralization treatment outcome,25C-NBOMe,Demoralization,indication,{compound} {entity} treatment outcome
disorder_03771,disorder,pair_core,25C-NBOMe Suicidal ideation clinical trial,25C-NBOMe,Suicidal ideation,indication,{compound} {entity} clinical trial
disorder_03772,disorder,pair_core,25C-NBOMe Suicidal ideation randomized placebo,25C-NBOMe,Suicidal ideation,indication,{compound} {entity} randomized placebo
disorder_03773,disorder,pair_core,25C-NBOMe Suicidal ideation treatment outcome,25C-NBOMe,Suicidal ideation,indication,{compound} {entity} treatment outcome
disorder_03774,disorder,pair_core,25C-NBOMe Cluster headache clinical trial,25C-NBOMe,Cluster headache,indication,{compound} {entity} clinical trial
disorder_03775,disorder,pair_core,25C-NBOMe Cluster headache randomized placebo,25C-NBOMe,Cluster headache,indication,{compound} {entity} randomized placebo
disorder_03776,disorder,pair_core,25C-NBOMe Cluster headache treatment outcome,25C-NBOMe,Cluster headache,indication,{compound} {entity} treatment outcome
disorder_03777,disorder,pair_core,25C-NBOMe Headache disorders clinical trial,25C-NBOMe,Headache disorders,indication,{compound} {entity} clinical trial
disorder_03778,disorder,pair_core,25C-NBOMe Headache disorders randomized placebo,25C-NBOMe,Headache disorders,indication,{compound} {entity} randomized placebo
disorder_03779,disorder,pair_core,25C-NBOMe Headache disorders treatment outcome,25C-NBOMe,Headache disorders,indication,{compound} {entity} treatment outcome
disorder_03780,disorder,pair_core,25C-NBOMe Migraine clinical trial,25C-NBOMe,Migraine,indication,{compound} {entity} clinical trial
disorder_03781,disorder,pair_core,25C-NBOMe Migraine randomized placebo,25C-NBOMe,Migraine,indication,{compound} {entity} randomized placebo
disorder_03782,disorder,pair_core,25C-NBOMe Migraine treatment outcome,25C-NBOMe,Migraine,indication,{compound} {entity} treatment outcome
disorder_03783,disorder,pair_core,25C-NBOMe Chronic pain clinical trial,25C-NBOMe,Chronic pain,indication,{compound} {entity} clinical trial
disorder_03784,disorder,pair_core,25C-NBOMe Chronic pain randomized placebo,25C-NBOMe,Chronic pain,indication,{compound} {entity} randomized placebo
disorder_03785,disorder,pair_core,25C-NBOMe Chronic pain treatment outcome,25C-NBOMe,Chronic pain,indication,{compound} {entity} treatment outcome
disorder_03786,disorder,pair_core,25C-NBOMe Fibromyalgia clinical trial,25C-NBOMe,Fibromyalgia,indication,{compound} {entity} clinical trial
disorder_03787,disorder,pair_core,25C-NBOMe Fibromyalgia randomized placebo,25C-NBOMe,Fibromyalgia,indication,{compound} {entity} randomized placebo
disorder_03788,disorder,pair_core,25C-NBOMe Fibromyalgia treatment outcome,25C-NBOMe,Fibromyalgia,indication,{compound} {entity} treatment outcome
disorder_03789,disorder,pair_core,TMA Treatment-resistant depression clinical trial,TMA,Treatment-resistant depression,indication,{compound} {entity} clinical trial
disorder_03790,disorder,pair_core,TMA Treatment-resistant depression randomized placebo,TMA,Treatment-resistant depression,indication,{compound} {entity} randomized placebo
disorder_03791,disorder,pair_core,TMA Treatment-resistant depression treatment outcome,TMA,Treatment-resistant depression,indication,{compound} {entity} treatment outcome
disorder_03792,disorder,pair_core,TMA Major depressive disorder clinical trial,TMA,Major depressive disorder,indication,{compound} {entity} clinical trial
disorder_03793,disorder,pair_core,TMA Major depressive disorder randomized placebo,TMA,Major depressive disorder,indication,{compound} {entity} randomized placebo
disorder_03794,disorder,pair_core,TMA Major depressive disorder treatment outcome,TMA,Major depressive disorder,indication,{compound} {entity} treatment outcome
disorder_03795,disorder,pair_core,TMA Bipolar depression clinical trial,TMA,Bipolar depression,indication,{compound} {entity} clinical trial
disorder_03796,disorder,pair_core,TMA Bipolar depression randomized placebo,TMA,Bipolar depression,indication,{compound} {entity} randomized placebo
disorder_03797,disorder,pair_core,TMA Bipolar depression treatment outcome,TMA,Bipolar depression,indication,{compound} {entity} treatment outcome
disorder_03798,disorder,pair_core,TMA Persistent depressive disorder clinical trial,TMA,Persistent depressive disorder,indication,{compound} {entity} clinical trial
disorder_03799,disorder,pair_core,TMA Persistent depressive disorder randomized placebo,TMA,Persistent depressive disorder,indication,{compound} {entity} randomized placebo
disorder_03800,disorder,pair_core,TMA Persistent depressive disorder treatment outcome,TMA,Persistent depressive disorder,indication,{compound} {entity} treatment outcome
disorder_03801,disorder,pair_core,TMA Post-traumatic stress disorder clinical trial,TMA,Post-traumatic stress disorder,indication,{compound} {entity} clinical trial
disorder_03802,disorder,pair_core,TMA Post-traumatic stress disorder randomized placebo,TMA,Post-traumatic stress disorder,indication,{compound} {entity} randomized placebo
disorder_03803,disorder,pair_core,TMA Post-traumatic stress disorder treatment outcome,TMA,Post-traumatic stress disorder,indication,{compound} {entity} treatment outcome
disorder_03804,disorder,pair_core,TMA Complex post-traumatic stress disorder clinical trial,TMA,Complex post-traumatic stress disorder,indication,{compound} {entity} clinical trial
disorder_03805,disorder,pair_core,TMA Complex post-traumatic stress disorder randomized placebo,TMA,Complex post-traumatic stress disorder,indication,{compound} {entity} randomized placebo
disorder_03806,disorder,pair_core,TMA Complex post-traumatic stress disorder treatment outcome,TMA,Complex post-traumatic stress disorder,indication,{compound} {entity} treatment outcome
disorder_03807,disorder,pair_core,TMA Alcohol use disorder clinical trial,TMA,Alcohol use disorder,indication,{compound} {entity} clinical trial
disorder_03808,disorder,pair_core,TMA Alcohol use disorder randomized placebo,TMA,Alcohol use disorder,indication,{compound} {entity} randomized placebo
disorder_03809,disorder,pair_core,TMA Alcohol use disorder treatment outcome,TMA,Alcohol use disorder,indication,{compound} {entity} treatment outcome
disorder_03810,disorder,pair_core,TMA Tobacco use disorder clinical trial,TMA,Tobacco use disorder,indication,{compound} {entity} clinical trial
disorder_03811,disorder,pair_core,TMA Tobacco use disorder randomized placebo,TMA,Tobacco use disorder,indication,{compound} {entity} randomized placebo
disorder_03812,disorder,pair_core,TMA Tobacco use disorder treatment outcome,TMA,Tobacco use disorder,indication,{compound} {entity} treatment outcome
disorder_03813,disorder,pair_core,TMA Nicotine dependence clinical trial,TMA,Nicotine dependence,indication,{compound} {entity} clinical trial
disorder_03814,disorder,pair_core,TMA Nicotine dependence randomized placebo,TMA,Nicotine dependence,indication,{compound} {entity} randomized placebo
disorder_03815,disorder,pair_core,TMA Nicotine dependence treatment outcome,TMA,Nicotine dependence,indication,{compound} {entity} treatment outcome
disorder_03816,disorder,pair_core,TMA Opioid use disorder clinical trial,TMA,Opioid use disorder,indication,{compound} {entity} clinical trial
disorder_03817,disorder,pair_core,TMA Opioid use disorder randomized placebo,TMA,Opioid use disorder,indication,{compound} {entity} randomized placebo
disorder_03818,disorder,pair_core,TMA Opioid use disorder treatment outcome,TMA,Opioid use disorder,indication,{compound} {entity} treatment outcome
disorder_03819,disorder,pair_core,TMA Cannabis use disorder clinical trial,TMA,Cannabis use disorder,indication,{compound} {entity} clinical trial
disorder_03820,disorder,pair_core,TMA Cannabis use disorder randomized placebo,TMA,Cannabis use disorder,indication,{compound} {entity} randomized placebo
disorder_03821,disorder,pair_core,TMA Cannabis use disorder treatment outcome,TMA,Cannabis use disorder,indication,{compound} {entity} treatment outcome
disorder_03822,disorder,pair_core,TMA Cocaine use disorder clinical trial,TMA,Cocaine use disorder,indication,{compound} {entity} clinical trial
disorder_03823,disorder,pair_core,TMA Cocaine use disorder randomized placebo,TMA,Cocaine use disorder,indication,{compound} {entity} randomized placebo
disorder_03824,disorder,pair_core,TMA Cocaine use disorder treatment outcome,TMA,Cocaine use disorder,indication,{compound} {entity} treatment outcome
disorder_03825,disorder,pair_core,TMA Methamphetamine use disorder clinical trial,TMA,Methamphetamine use disorder,indication,{compound} {entity} clinical trial
disorder_03826,disorder,pair_core,TMA Methamphetamine use disorder randomized placebo,TMA,Methamphetamine use disorder,indication,{compound} {entity} randomized placebo
disorder_03827,disorder,pair_core,TMA Methamphetamine use disorder treatment outcome,TMA,Methamphetamine use disorder,indication,{compound} {entity} treatment outcome
disorder_03828,disorder,pair_core,TMA Stimulant use disorder clinical trial,TMA,Stimulant use disorder,indication,{compound} {entity} clinical trial
disorder_03829,disorder,pair_core,TMA Stimulant use disorder randomized placebo,TMA,Stimulant use disorder,indication,{compound} {entity} randomized placebo
disorder_03830,disorder,pair_core,TMA Stimulant use disorder treatment outcome,TMA,Stimulant use disorder,indication,{compound} {entity} treatment outcome
disorder_03831,disorder,pair_core,TMA Substance use disorder clinical trial,TMA,Substance use disorder,indication,{compound} {entity} clinical trial
disorder_03832,disorder,pair_core,TMA Substance use disorder randomized placebo,TMA,Substance use disorder,indication,{compound} {entity} randomized placebo
disorder_03833,disorder,pair_core,TMA Substance use disorder treatment outcome,TMA,Substance use disorder,indication,{compound} {entity} treatment outcome
disorder_03834,disorder,pair_core,TMA Generalized anxiety disorder clinical trial,TMA,Generalized anxiety disorder,indication,{compound} {entity} clinical trial
disorder_03835,disorder,pair_core,TMA Generalized anxiety disorder randomized placebo,TMA,Generalized anxiety disorder,indication,{compound} {entity} randomized placebo
disorder_03836,disorder,pair_core,TMA Generalized anxiety disorder treatment outcome,TMA,Generalized anxiety disorder,indication,{compound} {entity} treatment outcome
disorder_03837,disorder,pair_core,TMA Social anxiety disorder clinical trial,TMA,Social anxiety disorder,indication,{compound} {entity} clinical trial
disorder_03838,disorder,pair_core,TMA Social anxiety disorder randomized placebo,TMA,Social anxiety disorder,indication,{compound} {entity} randomized placebo
disorder_03839,disorder,pair_core,TMA Social anxiety disorder treatment outcome,TMA,Social anxiety disorder,indication,{compound} {entity} treatment outcome
disorder_03840,disorder,pair_core,TMA Distress associated with life-threatening disease clinical trial,TMA,Distress associated with life-threatening disease,indication,{compound} {entity} clinical trial
disorder_03841,disorder,pair_core,TMA Distress associated with life-threatening disease randomized placebo,TMA,Distress associated with life-threatening disease,indication,{compound} {entity} randomized placebo
disorder_03842,disorder,pair_core,TMA Distress associated with life-threatening disease treatment outcome,TMA,Distress associated with life-threatening disease,indication,{compound} {entity} treatment outcome
disorder_03843,disorder,pair_core,TMA Obsessive-compulsive disorder clinical trial,TMA,Obsessive-compulsive disorder,indication,{compound} {entity} clinical trial
disorder_03844,disorder,pair_core,TMA Obsessive-compulsive disorder randomized placebo,TMA,Obsessive-compulsive disorder,indication,{compound} {entity} randomized placebo
disorder_03845,disorder,pair_core,TMA Obsessive-compulsive disorder treatment outcome,TMA,Obsessive-compulsive disorder,indication,{compound} {entity} treatment outcome
disorder_03846,disorder,pair_core,TMA Eating disorders clinical trial,TMA,Eating disorders,indication,{compound} {entity} clinical trial
disorder_03847,disorder,pair_core,TMA Eating disorders randomized placebo,TMA,Eating disorders,indication,{compound} {entity} randomized placebo
disorder_03848,disorder,pair_core,TMA Eating disorders treatment outcome,TMA,Eating disorders,indication,{compound} {entity} treatment outcome
disorder_03849,disorder,pair_core,TMA Anorexia nervosa clinical trial,TMA,Anorexia nervosa,indication,{compound} {entity} clinical trial
disorder_03850,disorder,pair_core,TMA Anorexia nervosa randomized placebo,TMA,Anorexia nervosa,indication,{compound} {entity} randomized placebo
disorder_03851,disorder,pair_core,TMA Anorexia nervosa treatment outcome,TMA,Anorexia nervosa,indication,{compound} {entity} treatment outcome
disorder_03852,disorder,pair_core,TMA Bulimia nervosa clinical trial,TMA,Bulimia nervosa,indication,{compound} {entity} clinical trial
disorder_03853,disorder,pair_core,TMA Bulimia nervosa randomized placebo,TMA,Bulimia nervosa,indication,{compound} {entity} randomized placebo
disorder_03854,disorder,pair_core,TMA Bulimia nervosa treatment outcome,TMA,Bulimia nervosa,indication,{compound} {entity} treatment outcome
disorder_03855,disorder,pair_core,TMA Binge-eating disorder clinical trial,TMA,Binge-eating disorder,indication,{compound} {entity} clinical trial
disorder_03856,disorder,pair_core,TMA Binge-eating disorder randomized placebo,TMA,Binge-eating disorder,indication,{compound} {entity} randomized placebo
disorder_03857,disorder,pair_core,TMA Binge-eating disorder treatment outcome,TMA,Binge-eating disorder,indication,{compound} {entity} treatment outcome
disorder_03858,disorder,pair_core,TMA Autism spectrum disorder clinical trial,TMA,Autism spectrum disorder,indication,{compound} {entity} clinical trial
disorder_03859,disorder,pair_core,TMA Autism spectrum disorder randomized placebo,TMA,Autism spectrum disorder,indication,{compound} {entity} randomized placebo
disorder_03860,disorder,pair_core,TMA Autism spectrum disorder treatment outcome,TMA,Autism spectrum disorder,indication,{compound} {entity} treatment outcome
disorder_03861,disorder,pair_core,TMA Demoralization clinical trial,TMA,Demoralization,indication,{compound} {entity} clinical trial
disorder_03862,disorder,pair_core,TMA Demoralization randomized placebo,TMA,Demoralization,indication,{compound} {entity} randomized placebo
disorder_03863,disorder,pair_core,TMA Demoralization treatment outcome,TMA,Demoralization,indication,{compound} {entity} treatment outcome
disorder_03864,disorder,pair_core,TMA Suicidal ideation clinical trial,TMA,Suicidal ideation,indication,{compound} {entity} clinical trial
disorder_03865,disorder,pair_core,TMA Suicidal ideation randomized placebo,TMA,Suicidal ideation,indication,{compound} {entity} randomized placebo
disorder_03866,disorder,pair_core,TMA Suicidal ideation treatment outcome,TMA,Suicidal ideation,indication,{compound} {entity} treatment outcome
disorder_03867,disorder,pair_core,TMA Cluster headache clinical trial,TMA,Cluster headache,indication,{compound} {entity} clinical trial
disorder_03868,disorder,pair_core,TMA Cluster headache randomized placebo,TMA,Cluster headache,indication,{compound} {entity} randomized placebo
disorder_03869,disorder,pair_core,TMA Cluster headache treatment outcome,TMA,Cluster headache,indication,{compound} {entity} treatment outcome
disorder_03870,disorder,pair_core,TMA Headache disorders clinical trial,TMA,Headache disorders,indication,{compound} {entity} clinical trial
disorder_03871,disorder,pair_core,TMA Headache disorders randomized placebo,TMA,Headache disorders,indication,{compound} {entity} randomized placebo
disorder_03872,disorder,pair_core,TMA Headache disorders treatment outcome,TMA,Headache disorders,indication,{compound} {entity} treatment outcome
disorder_03873,disorder,pair_core,TMA Migraine clinical trial,TMA,Migraine,indication,{compound} {entity} clinical trial
disorder_03874,disorder,pair_core,TMA Migraine randomized placebo,TMA,Migraine,indication,{compound} {entity} randomized placebo
disorder_03875,disorder,pair_core,TMA Migraine treatment outcome,TMA,Migraine,indication,{compound} {entity} treatment outcome
disorder_03876,disorder,pair_core,TMA Chronic pain clinical trial,TMA,Chronic pain,indication,{compound} {entity} clinical trial
disorder_03877,disorder,pair_core,TMA Chronic pain randomized placebo,TMA,Chronic pain,indication,{compound} {entity} randomized placebo
disorder_03878,disorder,pair_core,TMA Chronic pain treatment outcome,TMA,Chronic pain,indication,{compound} {entity} treatment outcome
disorder_03879,disorder,pair_core,TMA Fibromyalgia clinical trial,TMA,Fibromyalgia,indication,{compound} {entity} clinical trial
disorder_03880,disorder,pair_core,TMA Fibromyalgia randomized placebo,TMA,Fibromyalgia,indication,{compound} {entity} randomized placebo
disorder_03881,disorder,pair_core,TMA Fibromyalgia treatment outcome,TMA,Fibromyalgia,indication,{compound} {entity} treatment outcome
disorder_03882,disorder,pair_core,TMA-2 Treatment-resistant depression clinical trial,TMA-2,Treatment-resistant depression,indication,{compound} {entity} clinical trial
disorder_03883,disorder,pair_core,TMA-2 Treatment-resistant depression randomized placebo,TMA-2,Treatment-resistant depression,indication,{compound} {entity} randomized placebo
disorder_03884,disorder,pair_core,TMA-2 Treatment-resistant depression treatment outcome,TMA-2,Treatment-resistant depression,indication,{compound} {entity} treatment outcome
disorder_03885,disorder,pair_core,TMA-2 Major depressive disorder clinical trial,TMA-2,Major depressive disorder,indication,{compound} {entity} clinical trial
disorder_03886,disorder,pair_core,TMA-2 Major depressive disorder randomized placebo,TMA-2,Major depressive disorder,indication,{compound} {entity} randomized placebo
disorder_03887,disorder,pair_core,TMA-2 Major depressive disorder treatment outcome,TMA-2,Major depressive disorder,indication,{compound} {entity} treatment outcome
disorder_03888,disorder,pair_core,TMA-2 Bipolar depression clinical trial,TMA-2,Bipolar depression,indication,{compound} {entity} clinical trial
disorder_03889,disorder,pair_core,TMA-2 Bipolar depression randomized placebo,TMA-2,Bipolar depression,indication,{compound} {entity} randomized placebo
disorder_03890,disorder,pair_core,TMA-2 Bipolar depression treatment outcome,TMA-2,Bipolar depression,indication,{compound} {entity} treatment outcome
disorder_03891,disorder,pair_core,TMA-2 Persistent depressive disorder clinical trial,TMA-2,Persistent depressive disorder,indication,{compound} {entity} clinical trial
disorder_03892,disorder,pair_core,TMA-2 Persistent depressive disorder randomized placebo,TMA-2,Persistent depressive disorder,indication,{compound} {entity} randomized placebo
disorder_03893,disorder,pair_core,TMA-2 Persistent depressive disorder treatment outcome,TMA-2,Persistent depressive disorder,indication,{compound} {entity} treatment outcome
disorder_03894,disorder,pair_core,TMA-2 Post-traumatic stress disorder clinical trial,TMA-2,Post-traumatic stress disorder,indication,{compound} {entity} clinical trial
disorder_03895,disorder,pair_core,TMA-2 Post-traumatic stress disorder randomized placebo,TMA-2,Post-traumatic stress disorder,indication,{compound} {entity} randomized placebo
disorder_03896,disorder,pair_core,TMA-2 Post-traumatic stress disorder treatment outcome,TMA-2,Post-traumatic stress disorder,indication,{compound} {entity} treatment outcome
disorder_03897,disorder,pair_core,TMA-2 Complex post-traumatic stress disorder clinical trial,TMA-2,Complex post-traumatic stress disorder,indication,{compound} {entity} clinical trial
disorder_03898,disorder,pair_core,TMA-2 Complex post-traumatic stress disorder randomized placebo,TMA-2,Complex post-traumatic stress disorder,indication,{compound} {entity} randomized placebo
disorder_03899,disorder,pair_core,TMA-2 Complex post-traumatic stress disorder treatment outcome,TMA-2,Complex post-traumatic stress disorder,indication,{compound} {entity} treatment outcome
disorder_03900,disorder,pair_core,TMA-2 Alcohol use disorder clinical trial,TMA-2,Alcohol use disorder,indication,{compound} {entity} clinical trial
disorder_03901,disorder,pair_core,TMA-2 Alcohol use disorder randomized placebo,TMA-2,Alcohol use disorder,indication,{compound} {entity} randomized placebo
disorder_03902,disorder,pair_core,TMA-2 Alcohol use disorder treatment outcome,TMA-2,Alcohol use disorder,indication,{compound} {entity} treatment outcome
disorder_03903,disorder,pair_core,TMA-2 Tobacco use disorder clinical trial,TMA-2,Tobacco use disorder,indication,{compound} {entity} clinical trial
disorder_03904,disorder,pair_core,TMA-2 Tobacco use disorder randomized placebo,TMA-2,Tobacco use disorder,indication,{compound} {entity} randomized placebo
disorder_03905,disorder,pair_core,TMA-2 Tobacco use disorder treatment outcome,TMA-2,Tobacco use disorder,indication,{compound} {entity} treatment outcome
disorder_03906,disorder,pair_core,TMA-2 Nicotine dependence clinical trial,TMA-2,Nicotine dependence,indication,{compound} {entity} clinical trial
disorder_03907,disorder,pair_core,TMA-2 Nicotine dependence randomized placebo,TMA-2,Nicotine dependence,indication,{compound} {entity} randomized placebo
disorder_03908,disorder,pair_core,TMA-2 Nicotine dependence treatment outcome,TMA-2,Nicotine dependence,indication,{compound} {entity} treatment outcome
disorder_03909,disorder,pair_core,TMA-2 Opioid use disorder clinical trial,TMA-2,Opioid use disorder,indication,{compound} {entity} clinical trial
disorder_03910,disorder,pair_core,TMA-2 Opioid use disorder randomized placebo,TMA-2,Opioid use disorder,indication,{compound} {entity} randomized placebo
disorder_03911,disorder,pair_core,TMA-2 Opioid use disorder treatment outcome,TMA-2,Opioid use disorder,indication,{compound} {entity} treatment outcome
disorder_03912,disorder,pair_core,TMA-2 Cannabis use disorder clinical trial,TMA-2,Cannabis use disorder,indication,{compound} {entity} clinical trial
disorder_03913,disorder,pair_core,TMA-2 Cannabis use disorder randomized placebo,TMA-2,Cannabis use disorder,indication,{compound} {entity} randomized placebo
disorder_03914,disorder,pair_core,TMA-2 Cannabis use disorder treatment outcome,TMA-2,Cannabis use disorder,indication,{compound} {entity} treatment outcome
disorder_03915,disorder,pair_core,TMA-2 Cocaine use disorder clinical trial,TMA-2,Cocaine use disorder,indication,{compound} {entity} clinical trial
disorder_03916,disorder,pair_core,TMA-2 Cocaine use disorder randomized placebo,TMA-2,Cocaine use disorder,indication,{compound} {entity} randomized placebo
disorder_03917,disorder,pair_core,TMA-2 Cocaine use disorder treatment outcome,TMA-2,Cocaine use disorder,indication,{compound} {entity} treatment outcome
disorder_03918,disorder,pair_core,TMA-2 Methamphetamine use disorder clinical trial,TMA-2,Methamphetamine use disorder,indication,{compound} {entity} clinical trial
disorder_03919,disorder,pair_core,TMA-2 Methamphetamine use disorder randomized placebo,TMA-2,Methamphetamine use disorder,indication,{compound} {entity} randomized placebo
disorder_03920,disorder,pair_core,TMA-2 Methamphetamine use disorder treatment outcome,TMA-2,Methamphetamine use disorder,indication,{compound} {entity} treatment outcome
disorder_03921,disorder,pair_core,TMA-2 Stimulant use disorder clinical trial,TMA-2,Stimulant use disorder,indication,{compound} {entity} clinical trial
disorder_03922,disorder,pair_core,TMA-2 Stimulant use disorder randomized placebo,TMA-2,Stimulant use disorder,indication,{compound} {entity} randomized placebo
disorder_03923,disorder,pair_core,TMA-2 Stimulant use disorder treatment outcome,TMA-2,Stimulant use disorder,indication,{compound} {entity} treatment outcome
disorder_03924,disorder,pair_core,TMA-2 Substance use disorder clinical trial,TMA-2,Substance use disorder,indication,{compound} {entity} clinical trial
disorder_03925,disorder,pair_core,TMA-2 Substance use disorder randomized placebo,TMA-2,Substance use disorder,indication,{compound} {entity} randomized placebo
disorder_03926,disorder,pair_core,TMA-2 Substance use disorder treatment outcome,TMA-2,Substance use disorder,indication,{compound} {entity} treatment outcome
disorder_03927,disorder,pair_core,TMA-2 Generalized anxiety disorder clinical trial,TMA-2,Generalized anxiety disorder,indication,{compound} {entity} clinical trial
disorder_03928,disorder,pair_core,TMA-2 Generalized anxiety disorder randomized placebo,TMA-2,Generalized anxiety disorder,indication,{compound} {entity} randomized placebo
disorder_03929,disorder,pair_core,TMA-2 Generalized anxiety disorder treatment outcome,TMA-2,Generalized anxiety disorder,indication,{compound} {entity} treatment outcome
disorder_03930,disorder,pair_core,TMA-2 Social anxiety disorder clinical trial,TMA-2,Social anxiety disorder,indication,{compound} {entity} clinical trial
disorder_03931,disorder,pair_core,TMA-2 Social anxiety disorder randomized placebo,TMA-2,Social anxiety disorder,indication,{compound} {entity} randomized placebo
disorder_03932,disorder,pair_core,TMA-2 Social anxiety disorder treatment outcome,TMA-2,Social anxiety disorder,indication,{compound} {entity} treatment outcome
disorder_03933,disorder,pair_core,TMA-2 Distress associated with life-threatening disease clinical trial,TMA-2,Distress associated with life-threatening disease,indication,{compound} {entity} clinical trial
disorder_03934,disorder,pair_core,TMA-2 Distress associated with life-threatening disease randomized placebo,TMA-2,Distress associated with life-threatening disease,indication,{compound} {entity} randomized placebo
disorder_03935,disorder,pair_core,TMA-2 Distress associated with life-threatening disease treatment outcome,TMA-2,Distress associated with life-threatening disease,indication,{compound} {entity} treatment outcome
disorder_03936,disorder,pair_core,TMA-2 Obsessive-compulsive disorder clinical trial,TMA-2,Obsessive-compulsive disorder,indication,{compound} {entity} clinical trial
disorder_03937,disorder,pair_core,TMA-2 Obsessive-compulsive disorder randomized placebo,TMA-2,Obsessive-compulsive disorder,indication,{compound} {entity} randomized placebo
disorder_03938,disorder,pair_core,TMA-2 Obsessive-compulsive disorder treatment outcome,TMA-2,Obsessive-compulsive disorder,indication,{compound} {entity} treatment outcome
disorder_03939,disorder,pair_core,TMA-2 Eating disorders clinical trial,TMA-2,Eating disorders,indication,{compound} {entity} clinical trial
disorder_03940,disorder,pair_core,TMA-2 Eating disorders randomized placebo,TMA-2,Eating disorders,indication,{compound} {entity} randomized placebo
disorder_03941,disorder,pair_core,TMA-2 Eating disorders treatment outcome,TMA-2,Eating disorders,indication,{compound} {entity} treatment outcome
disorder_03942,disorder,pair_core,TMA-2 Anorexia nervosa clinical trial,TMA-2,Anorexia nervosa,indication,{compound} {entity} clinical trial
disorder_03943,disorder,pair_core,TMA-2 Anorexia nervosa randomized placebo,TMA-2,Anorexia nervosa,indication,{compound} {entity} randomized placebo
disorder_03944,disorder,pair_core,TMA-2 Anorexia nervosa treatment outcome,TMA-2,Anorexia nervosa,indication,{compound} {entity} treatment outcome
disorder_03945,disorder,pair_core,TMA-2 Bulimia nervosa clinical trial,TMA-2,Bulimia nervosa,indication,{compound} {entity} clinical trial
disorder_03946,disorder,pair_core,TMA-2 Bulimia nervosa randomized placebo,TMA-2,Bulimia nervosa,indication,{compound} {entity} randomized placebo
disorder_03947,disorder,pair_core,TMA-2 Bulimia nervosa treatment outcome,TMA-2,Bulimia nervosa,indication,{compound} {entity} treatment outcome
disorder_03948,disorder,pair_core,TMA-2 Binge-eating disorder clinical trial,TMA-2,Binge-eating disorder,indication,{compound} {entity} clinical trial
disorder_03949,disorder,pair_core,TMA-2 Binge-eating disorder randomized placebo,TMA-2,Binge-eating disorder,indication,{compound} {entity} randomized placebo
disorder_03950,disorder,pair_core,TMA-2 Binge-eating disorder treatment outcome,TMA-2,Binge-eating disorder,indication,{compound} {entity} treatment outcome
disorder_03951,disorder,pair_core,TMA-2 Autism spectrum disorder clinical trial,TMA-2,Autism spectrum disorder,indication,{compound} {entity} clinical trial
disorder_03952,disorder,pair_core,TMA-2 Autism spectrum disorder randomized placebo,TMA-2,Autism spectrum disorder,indication,{compound} {entity} randomized placebo
disorder_03953,disorder,pair_core,TMA-2 Autism spectrum disorder treatment outcome,TMA-2,Autism spectrum disorder,indication,{compound} {entity} treatment outcome
disorder_03954,disorder,pair_core,TMA-2 Demoralization clinical trial,TMA-2,Demoralization,indication,{compound} {entity} clinical trial
disorder_03955,disorder,pair_core,TMA-2 Demoralization randomized placebo,TMA-2,Demoralization,indication,{compound} {entity} randomized placebo
disorder_03956,disorder,pair_core,TMA-2 Demoralization treatment outcome,TMA-2,Demoralization,indication,{compound} {entity} treatment outcome
disorder_03957,disorder,pair_core,TMA-2 Suicidal ideation clinical trial,TMA-2,Suicidal ideation,indication,{compound} {entity} clinical trial
disorder_03958,disorder,pair_core,TMA-2 Suicidal ideation randomized placebo,TMA-2,Suicidal ideation,indication,{compound} {entity} randomized placebo
disorder_03959,disorder,pair_core,TMA-2 Suicidal ideation treatment outcome,TMA-2,Suicidal ideation,indication,{compound} {entity} treatment outcome
disorder_03960,disorder,pair_core,TMA-2 Cluster headache clinical trial,TMA-2,Cluster headache,indication,{compound} {entity} clinical trial
disorder_03961,disorder,pair_core,TMA-2 Cluster headache randomized placebo,TMA-2,Cluster headache,indication,{compound} {entity} randomized placebo
disorder_03962,disorder,pair_core,TMA-2 Cluster headache treatment outcome,TMA-2,Cluster headache,indication,{compound} {entity} treatment outcome
disorder_03963,disorder,pair_core,TMA-2 Headache disorders clinical trial,TMA-2,Headache disorders,indication,{compound} {entity} clinical trial
disorder_03964,disorder,pair_core,TMA-2 Headache disorders randomized placebo,TMA-2,Headache disorders,indication,{compound} {entity} randomized placebo
disorder_03965,disorder,pair_core,TMA-2 Headache disorders treatment outcome,TMA-2,Headache disorders,indication,{compound} {entity} treatment outcome
disorder_03966,disorder,pair_core,TMA-2 Migraine clinical trial,TMA-2,Migraine,indication,{compound} {entity} clinical trial
disorder_03967,disorder,pair_core,TMA-2 Migraine randomized placebo,TMA-2,Migraine,indication,{compound} {entity} randomized placebo
disorder_03968,disorder,pair_core,TMA-2 Migraine treatment outcome,TMA-2,Migraine,indication,{compound} {entity} treatment outcome
disorder_03969,disorder,pair_core,TMA-2 Chronic pain clinical trial,TMA-2,Chronic pain,indication,{compound} {entity} clinical trial
disorder_03970,disorder,pair_core,TMA-2 Chronic pain randomized placebo,TMA-2,Chronic pain,indication,{compound} {entity} randomized placebo
disorder_03971,disorder,pair_core,TMA-2 Chronic pain treatment outcome,TMA-2,Chronic pain,indication,{compound} {entity} treatment outcome
disorder_03972,disorder,pair_core,TMA-2 Fibromyalgia clinical trial,TMA-2,Fibromyalgia,indication,{compound} {entity} clinical trial
disorder_03973,disorder,pair_core,TMA-2 Fibromyalgia randomized placebo,TMA-2,Fibromyalgia,indication,{compound} {entity} randomized placebo
disorder_03974,disorder,pair_core,TMA-2 Fibromyalgia treatment outcome,TMA-2,Fibromyalgia,indication,{compound} {entity} treatment outcome
