seed_id,dataset,family,query,compound,entity,entity_type,template
mechanistic_01287,mechanistic,pair_core,Ayahuasca mGluR2 GRM2 receptor pharmacology assay,Ayahuasca,mGluR2 (GRM2),target,{compound} {entity} receptor pharmacology assay
mechanistic_01288,mechanistic,pair_core,Ayahuasca mGluR2 GRM2 functional assay agonist antagonist,Ayahuasca,mGluR2 (GRM2),target,{compound} {entity} functional assay agonist antagonist
mechanistic_01289,mechanistic,pair_core,Ayahuasca TAAR1 binding affinity Ki,Ayahuasca,TAAR1,target,{compound} {entity} binding affinity Ki
mechanistic_01290,mechanistic,pair_core,Ayahuasca TAAR1 receptor pharmacology assay,Ayahuasca,TAAR1,target,{compound} {entity} receptor pharmacology assay
mechanistic_01291,mechanistic,pair_core,Ayahuasca TAAR1 functional assay agonist antagonist,Ayahuasca,TAAR1,target,{compound} {entity} functional assay agonist antagonist
mechanistic_01292,mechanistic,pair_core,Ayahuasca SERT SLC6A4 binding affinity Ki,Ayahuasca,SERT (SLC6A4),target,{compound} {entity} binding affinity Ki
mechanistic_01293,mechanistic,pair_core,Ayahuasca SERT SLC6A4 receptor pharmacology assay,Ayahuasca,SERT (SLC6A4),target,{compound} {entity} receptor pharmacology assay
mechanistic_01294,mechanistic,pair_core,Ayahuasca SERT SLC6A4 functional assay agonist antagonist,Ayahuasca,SERT (SLC6A4),target,{compound} {entity} functional assay agonist antagonist
mechanistic_01295,mechanistic,pair_core,Ayahuasca NET SLC6A2 binding affinity Ki,Ayahuasca,NET (SLC6A2),target,{compound} {entity} binding affinity Ki
mechanistic_01296,mechanistic,pair_core,Ayahuasca NET SLC6A2 receptor pharmacology assay,Ayahuasca,NET (SLC6A2),target,{compound} {entity} receptor pharmacology assay
mechanistic_01297,mechanistic,pair_core,Ayahuasca NET SLC6A2 functional assay agonist antagonist,Ayahuasca,NET (SLC6A2),target,{compound} {entity} functional assay agonist antagonist
mechanistic_01298,mechanistic,pair_core,Ayahuasca DAT SLC6A3 binding affinity Ki,Ayahuasca,DAT (SLC6A3),target,{compound} {entity} binding affinity Ki
mechanistic_01299,mechanistic,pair_core,Ayahuasca DAT SLC6A3 receptor pharmacology assay,Ayahuasca,DAT (SLC6A3),target,{compound} {entity} receptor pharmacology assay
mechanistic_01300,mechanistic,pair_core,Ayahuasca DAT SLC6A3 functional assay agonist antagonist,Ayahuasca,DAT (SLC6A3),target,{compound} {entity} functional assay agonist antagonist
mechanistic_01301,mechanistic,pair_core,Ayahuasca VMAT2 SLC18A2 binding affinity Ki,Ayahuasca,VMAT2 (SLC18A2),target,{compound} {entity} binding affinity Ki
mechanistic_01302,mechanistic,pair_core,Ayahuasca VMAT2 SLC18A2 receptor pharmacology assay,Ayahuasca,VMAT2 (SLC18A2),target,{compound} {entity} receptor pharmacology assay
mechanistic_01303,mechanistic,pair_core,Ayahuasca VMAT2 SLC18A2 functional assay agonist antagonist,Ayahuasca,VMAT2 (SLC18A2),target,{compound} {entity} functional assay agonist antagonist
mechanistic_01304,mechanistic,pair_core,Ayahuasca D1 receptor DRD1 binding affinity Ki,Ayahuasca,D1 receptor (DRD1),target,{compound} {entity} binding affinity Ki
mechanistic_01305,mechanistic,pair_core,Ayahuasca D1 receptor DRD1 receptor pharmacology assay,Ayahuasca,D1 receptor (DRD1),target,{compound} {entity} receptor pharmacology assay
mechanistic_01306,mechanistic,pair_core,Ayahuasca D1 receptor DRD1 functional assay agonist antagonist,Ayahuasca,D1 receptor (DRD1),target,{compound} {entity} functional assay agonist antagonist
mechanistic_01307,mechanistic,pair_core,Ayahuasca D2 receptor DRD2 binding affinity Ki,Ayahuasca,D2 receptor (DRD2),target,{compound} {entity} binding affinity Ki
mechanistic_01308,mechanistic,pair_core,Ayahuasca D2 receptor DRD2 receptor pharmacology assay,Ayahuasca,D2 receptor (DRD2),target,{compound} {entity} receptor pharmacology assay
mechanistic_01309,mechanistic,pair_core,Ayahuasca D2 receptor DRD2 functional assay agonist antagonist,Ayahuasca,D2 receptor (DRD2),target,{compound} {entity} functional assay agonist antagonist
mechanistic_01310,mechanistic,pair_core,Ayahuasca D3 receptor DRD3 binding affinity Ki,Ayahuasca,D3 receptor (DRD3),target,{compound} {entity} binding affinity Ki
mechanistic_01311,mechanistic,pair_core,Ayahuasca D3 receptor DRD3 receptor pharmacology assay,Ayahuasca,D3 receptor (DRD3),target,{compound} {entity} receptor pharmacology assay
mechanistic_01312,mechanistic,pair_core,Ayahuasca D3 receptor DRD3 functional assay agonist antagonist,Ayahuasca,D3 receptor (DRD3),target,{compound} {entity} functional assay agonist antagonist
mechanistic_01313,mechanistic,pair_core,Ayahuasca D4 receptor DRD4 binding affinity Ki,Ayahuasca,D4 receptor (DRD4),target,{compound} {entity} binding affinity Ki
mechanistic_01314,mechanistic,pair_core,Ayahuasca D4 receptor DRD4 receptor pharmacology assay,Ayahuasca,D4 receptor (DRD4),target,{compound} {entity} receptor pharmacology assay
mechanistic_01315,mechanistic,pair_core,Ayahuasca D4 receptor DRD4 functional assay agonist antagonist,Ayahuasca,D4 receptor (DRD4),target,{compound} {entity} functional assay agonist antagonist
mechanistic_01316,mechanistic,pair_core,Ayahuasca D5 receptor DRD5 binding affinity Ki,Ayahuasca,D5 receptor (DRD5),target,{compound} {entity} binding affinity Ki
mechanistic_01317,mechanistic,pair_core,Ayahuasca D5 receptor DRD5 receptor pharmacology assay,Ayahuasca,D5 receptor (DRD5),target,{compound} {entity} receptor pharmacology assay
mechanistic_01318,mechanistic,pair_core,Ayahuasca D5 receptor DRD5 functional assay agonist antagonist,Ayahuasca,D5 receptor (DRD5),target,{compound} {entity} functional assay agonist antagonist
mechanistic_01319,mechanistic,pair_core,Ayahuasca Alpha1A adrenergic receptor ADRA1A binding affinity Ki,Ayahuasca,Alpha1A adrenergic receptor (ADRA1A),target,{compound} {entity} binding affinity Ki
mechanistic_01320,mechanistic,pair_core,Ayahuasca Alpha1A adrenergic receptor ADRA1A receptor pharmacology assay,Ayahuasca,Alpha1A adrenergic receptor (ADRA1A),target,{compound} {entity} receptor pharmacology assay
mechanistic_01321,mechanistic,pair_core,Ayahuasca Alpha1A adrenergic receptor ADRA1A functional assay agonist antagonist,Ayahuasca,Alpha1A adrenergic receptor (ADRA1A),target,{compound} {entity} functional assay agonist antagonist
mechanistic_01322,mechanistic,pair_core,Ayahuasca Alpha1B adrenergic receptor ADRA1B binding affinity Ki,Ayahuasca,Alpha1B adrenergic receptor (ADRA1B),target,{compound} {entity} binding affinity Ki
mechanistic_01323,mechanistic,pair_core,Ayahuasca Alpha1B adrenergic receptor ADRA1B receptor pharmacology assay,Ayahuasca,Alpha1B adrenergic receptor (ADRA1B),target,{compound} {entity} receptor pharmacology assay
mechanistic_01324,mechanistic,pair_core,Ayahuasca Alpha1B adrenergic receptor ADRA1B functional assay agonist antagonist,Ayahuasca,Alpha1B adrenergic receptor (ADRA1B),target,{compound} {entity} functional assay agonist antagonist
mechanistic_01325,mechanistic,pair_core,Ayahuasca Alpha2A adrenergic receptor ADRA2A binding affinity Ki,Ayahuasca,Alpha2A adrenergic receptor (ADRA2A),target,{compound} {entity} binding affinity Ki
mechanistic_01326,mechanistic,pair_core,Ayahuasca Alpha2A adrenergic receptor ADRA2A receptor pharmacology assay,Ayahuasca,Alpha2A adrenergic receptor (ADRA2A),target,{compound} {entity} receptor pharmacology assay
mechanistic_01327,mechanistic,pair_core,Ayahuasca Alpha2A adrenergic receptor ADRA2A functional assay agonist antagonist,Ayahuasca,Alpha2A adrenergic receptor (ADRA2A),target,{compound} {entity} functional assay agonist antagonist
mechanistic_01328,mechanistic,pair_core,Ayahuasca Alpha2B adrenergic receptor ADRA2B binding affinity Ki,Ayahuasca,Alpha2B adrenergic receptor (ADRA2B),target,{compound} {entity} binding affinity Ki
mechanistic_01329,mechanistic,pair_core,Ayahuasca Alpha2B adrenergic receptor ADRA2B receptor pharmacology assay,Ayahuasca,Alpha2B adrenergic receptor (ADRA2B),target,{compound} {entity} receptor pharmacology assay
mechanistic_01330,mechanistic,pair_core,Ayahuasca Alpha2B adrenergic receptor ADRA2B functional assay agonist antagonist,Ayahuasca,Alpha2B adrenergic receptor (ADRA2B),target,{compound} {entity} functional assay agonist antagonist
mechanistic_01331,mechanistic,pair_core,Ayahuasca Alpha2C adrenergic receptor ADRA2C binding affinity Ki,Ayahuasca,Alpha2C adrenergic receptor (ADRA2C),target,{compound} {entity} binding affinity Ki
mechanistic_01332,mechanistic,pair_core,Ayahuasca Alpha2C adrenergic receptor ADRA2C receptor pharmacology assay,Ayahuasca,Alpha2C adrenergic receptor (ADRA2C),target,{compound} {entity} receptor pharmacology assay
mechanistic_01333,mechanistic,pair_core,Ayahuasca Alpha2C adrenergic receptor ADRA2C functional assay agonist antagonist,Ayahuasca,Alpha2C adrenergic receptor (ADRA2C),target,{compound} {entity} functional assay agonist antagonist
mechanistic_01334,mechanistic,pair_core,Ayahuasca Beta1 adrenergic receptor ADRB1 binding affinity Ki,Ayahuasca,Beta1 adrenergic receptor (ADRB1),target,{compound} {entity} binding affinity Ki
mechanistic_01335,mechanistic,pair_core,Ayahuasca Beta1 adrenergic receptor ADRB1 receptor pharmacology assay,Ayahuasca,Beta1 adrenergic receptor (ADRB1),target,{compound} {entity} receptor pharmacology assay
mechanistic_01336,mechanistic,pair_core,Ayahuasca Beta1 adrenergic receptor ADRB1 functional assay agonist antagonist,Ayahuasca,Beta1 adrenergic receptor (ADRB1),target,{compound} {entity} functional assay agonist antagonist
mechanistic_01337,mechanistic,pair_core,Ayahuasca Beta2 adrenergic receptor ADRB2 binding affinity Ki,Ayahuasca,Beta2 adrenergic receptor (ADRB2),target,{compound} {entity} binding affinity Ki
mechanistic_01338,mechanistic,pair_core,Ayahuasca Beta2 adrenergic receptor ADRB2 receptor pharmacology assay,Ayahuasca,Beta2 adrenergic receptor (ADRB2),target,{compound} {entity} receptor pharmacology assay
mechanistic_01339,mechanistic,pair_core,Ayahuasca Beta2 adrenergic receptor ADRB2 functional assay agonist antagonist,Ayahuasca,Beta2 adrenergic receptor (ADRB2),target,{compound} {entity} functional assay agonist antagonist
mechanistic_01340,mechanistic,pair_core,Ayahuasca M1 muscarinic receptor CHRM1 binding affinity Ki,Ayahuasca,M1 muscarinic receptor (CHRM1),target,{compound} {entity} binding affinity Ki
mechanistic_01341,mechanistic,pair_core,Ayahuasca M1 muscarinic receptor CHRM1 receptor pharmacology assay,Ayahuasca,M1 muscarinic receptor (CHRM1),target,{compound} {entity} receptor pharmacology assay
mechanistic_01342,mechanistic,pair_core,Ayahuasca M1 muscarinic receptor CHRM1 functional assay agonist antagonist,Ayahuasca,M1 muscarinic receptor (CHRM1),target,{compound} {entity} functional assay agonist antagonist
mechanistic_01343,mechanistic,pair_core,Ayahuasca M2 muscarinic receptor CHRM2 binding affinity Ki,Ayahuasca,M2 muscarinic receptor (CHRM2),target,{compound} {entity} binding affinity Ki
mechanistic_01344,mechanistic,pair_core,Ayahuasca M2 muscarinic receptor CHRM2 receptor pharmacology assay,Ayahuasca,M2 muscarinic receptor (CHRM2),target,{compound} {entity} receptor pharmacology assay
mechanistic_01345,mechanistic,pair_core,Ayahuasca M2 muscarinic receptor CHRM2 functional assay agonist antagonist,Ayahuasca,M2 muscarinic receptor (CHRM2),target,{compound} {entity} functional assay agonist antagonist
mechanistic_01346,mechanistic,pair_core,Ayahuasca M3 muscarinic receptor CHRM3 binding affinity Ki,Ayahuasca,M3 muscarinic receptor (CHRM3),target,{compound} {entity} binding affinity Ki
mechanistic_01347,mechanistic,pair_core,Ayahuasca M3 muscarinic receptor CHRM3 receptor pharmacology assay,Ayahuasca,M3 muscarinic receptor (CHRM3),target,{compound} {entity} receptor pharmacology assay
mechanistic_01348,mechanistic,pair_core,Ayahuasca M3 muscarinic receptor CHRM3 functional assay agonist antagonist,Ayahuasca,M3 muscarinic receptor (CHRM3),target,{compound} {entity} functional assay agonist antagonist
mechanistic_01349,mechanistic,pair_core,Ayahuasca M4 muscarinic receptor CHRM4 binding affinity Ki,Ayahuasca,M4 muscarinic receptor (CHRM4),target,{compound} {entity} binding affinity Ki
mechanistic_01350,mechanistic,pair_core,Ayahuasca M4 muscarinic receptor CHRM4 receptor pharmacology assay,Ayahuasca,M4 muscarinic receptor (CHRM4),target,{compound} {entity} receptor pharmacology assay
mechanistic_01351,mechanistic,pair_core,Ayahuasca M4 muscarinic receptor CHRM4 functional assay agonist antagonist,Ayahuasca,M4 muscarinic receptor (CHRM4),target,{compound} {entity} functional assay agonist antagonist
mechanistic_01352,mechanistic,pair_core,Ayahuasca M5 muscarinic receptor CHRM5 binding affinity Ki,Ayahuasca,M5 muscarinic receptor (CHRM5),target,{compound} {entity} binding affinity Ki
mechanistic_01353,mechanistic,pair_core,Ayahuasca M5 muscarinic receptor CHRM5 receptor pharmacology assay,Ayahuasca,M5 muscarinic receptor (CHRM5),target,{compound} {entity} receptor pharmacology assay
mechanistic_01354,mechanistic,pair_core,Ayahuasca M5 muscarinic receptor CHRM5 functional assay agonist antagonist,Ayahuasca,M5 muscarinic receptor (CHRM5),target,{compound} {entity} functional assay agonist antagonist
mechanistic_01355,mechanistic,pair_core,Ayahuasca H1 receptor HRH1 binding affinity Ki,Ayahuasca,H1 receptor (HRH1),target,{compound} {entity} binding affinity Ki
mechanistic_01356,mechanistic,pair_core,Ayahuasca H1 receptor HRH1 receptor pharmacology assay,Ayahuasca,H1 receptor (HRH1),target,{compound} {entity} receptor pharmacology assay
mechanistic_01357,mechanistic,pair_core,Ayahuasca H1 receptor HRH1 functional assay agonist antagonist,Ayahuasca,H1 receptor (HRH1),target,{compound} {entity} functional assay agonist antagonist
mechanistic_01358,mechanistic,pair_core,Ayahuasca H2 receptor HRH2 binding affinity Ki,Ayahuasca,H2 receptor (HRH2),target,{compound} {entity} binding affinity Ki
mechanistic_01359,mechanistic,pair_core,Ayahuasca H2 receptor HRH2 receptor pharmacology assay,Ayahuasca,H2 receptor (HRH2),target,{compound} {entity} receptor pharmacology assay
mechanistic_01360,mechanistic,pair_core,Ayahuasca H2 receptor HRH2 functional assay agonist antagonist,Ayahuasca,H2 receptor (HRH2),target,{compound} {entity} functional assay agonist antagonist
mechanistic_01361,mechanistic,pair_core,Ayahuasca Sigma-1 receptor SIGMAR1 binding affinity Ki,Ayahuasca,Sigma-1 receptor (SIGMAR1),target,{compound} {entity} binding affinity Ki
mechanistic_01362,mechanistic,pair_core,Ayahuasca Sigma-1 receptor SIGMAR1 receptor pharmacology assay,Ayahuasca,Sigma-1 receptor (SIGMAR1),target,{compound} {entity} receptor pharmacology assay
mechanistic_01363,mechanistic,pair_core,Ayahuasca Sigma-1 receptor SIGMAR1 functional assay agonist antagonist,Ayahuasca,Sigma-1 receptor (SIGMAR1),target,{compound} {entity} functional assay agonist antagonist
mechanistic_01364,mechanistic,pair_core,Ayahuasca Sigma-2 receptor TMEM97 binding affinity Ki,Ayahuasca,Sigma-2 receptor (TMEM97),target,{compound} {entity} binding affinity Ki
mechanistic_01365,mechanistic,pair_core,Ayahuasca Sigma-2 receptor TMEM97 receptor pharmacology assay,Ayahuasca,Sigma-2 receptor (TMEM97),target,{compound} {entity} receptor pharmacology assay
mechanistic_01366,mechanistic,pair_core,Ayahuasca Sigma-2 receptor TMEM97 functional assay agonist antagonist,Ayahuasca,Sigma-2 receptor (TMEM97),target,{compound} {entity} functional assay agonist antagonist
mechanistic_01367,mechanistic,pair_core,Ayahuasca kappa opioid receptor OPRK1 binding affinity Ki,Ayahuasca,kappa opioid receptor (OPRK1),target,{compound} {entity} binding affinity Ki
mechanistic_01368,mechanistic,pair_core,Ayahuasca kappa opioid receptor OPRK1 receptor pharmacology assay,Ayahuasca,kappa opioid receptor (OPRK1),target,{compound} {entity} receptor pharmacology assay
mechanistic_01369,mechanistic,pair_core,Ayahuasca kappa opioid receptor OPRK1 functional assay agonist antagonist,Ayahuasca,kappa opioid receptor (OPRK1),target,{compound} {entity} functional assay agonist antagonist
mechanistic_01370,mechanistic,pair_core,Ayahuasca mu opioid receptor OPRM1 binding affinity Ki,Ayahuasca,mu opioid receptor (OPRM1),target,{compound} {entity} binding affinity Ki
mechanistic_01371,mechanistic,pair_core,Ayahuasca mu opioid receptor OPRM1 receptor pharmacology assay,Ayahuasca,mu opioid receptor (OPRM1),target,{compound} {entity} receptor pharmacology assay
mechanistic_01372,mechanistic,pair_core,Ayahuasca mu opioid receptor OPRM1 functional assay agonist antagonist,Ayahuasca,mu opioid receptor (OPRM1),target,{compound} {entity} functional assay agonist antagonist
mechanistic_01373,mechanistic,pair_core,Ayahuasca delta opioid receptor OPRD1 binding affinity Ki,Ayahuasca,delta opioid receptor (OPRD1),target,{compound} {entity} binding affinity Ki
mechanistic_01374,mechanistic,pair_core,Ayahuasca delta opioid receptor OPRD1 receptor pharmacology assay,Ayahuasca,delta opioid receptor (OPRD1),target,{compound} {entity} receptor pharmacology assay
mechanistic_01375,mechanistic,pair_core,Ayahuasca delta opioid receptor OPRD1 functional assay agonist antagonist,Ayahuasca,delta opioid receptor (OPRD1),target,{compound} {entity} functional assay agonist antagonist
mechanistic_01376,mechanistic,pair_core,Ayahuasca NMDA receptor binding affinity Ki,Ayahuasca,NMDA receptor,target,{compound} {entity} binding affinity Ki
mechanistic_01377,mechanistic,pair_core,Ayahuasca NMDA receptor pharmacology assay,Ayahuasca,NMDA receptor,target,{compound} {entity} receptor pharmacology assay
mechanistic_01378,mechanistic,pair_core,Ayahuasca NMDA receptor functional assay agonist antagonist,Ayahuasca,NMDA receptor,target,{compound} {entity} functional assay agonist antagonist
mechanistic_01379,mechanistic,pair_core,Ayahuasca AMPA receptor binding affinity Ki,Ayahuasca,AMPA receptor,target,{compound} {entity} binding affinity Ki
mechanistic_01380,mechanistic,pair_core,Ayahuasca AMPA receptor pharmacology assay,Ayahuasca,AMPA receptor,target,{compound} {entity} receptor pharmacology assay
mechanistic_01381,mechanistic,pair_core,Ayahuasca AMPA receptor functional assay agonist antagonist,Ayahuasca,AMPA receptor,target,{compound} {entity} functional assay agonist antagonist
mechanistic_01382,mechanistic,pair_core,Ayahuasca TrkB NTRK2 binding affinity Ki,Ayahuasca,TrkB (NTRK2),target,{compound} {entity} binding affinity Ki
mechanistic_01383,mechanistic,pair_core,Ayahuasca TrkB NTRK2 receptor pharmacology assay,Ayahuasca,TrkB (NTRK2),target,{compound} {entity} receptor pharmacology assay
mechanistic_01384,mechanistic,pair_core,Ayahuasca TrkB NTRK2 functional assay agonist antagonist,Ayahuasca,TrkB (NTRK2),target,{compound} {entity} functional assay agonist antagonist
mechanistic_01385,mechanistic,pair_core,Ayahuasca CB1 receptor CNR1 binding affinity Ki,Ayahuasca,CB1 receptor (CNR1),target,{compound} {entity} binding affinity Ki
mechanistic_01386,mechanistic,pair_core,Ayahuasca CB1 receptor CNR1 receptor pharmacology assay,Ayahuasca,CB1 receptor (CNR1),target,{compound} {entity} receptor pharmacology assay
mechanistic_01387,mechanistic,pair_core,Ayahuasca CB1 receptor CNR1 functional assay agonist antagonist,Ayahuasca,CB1 receptor (CNR1),target,{compound} {entity} functional assay agonist antagonist
mechanistic_01388,mechanistic,pair_core,Ayahuasca CB2 receptor CNR2 binding affinity Ki,Ayahuasca,CB2 receptor (CNR2),target,{compound} {entity} binding affinity Ki
mechanistic_01389,mechanistic,pair_core,Ayahuasca CB2 receptor CNR2 receptor pharmacology assay,Ayahuasca,CB2 receptor (CNR2),target,{compound} {entity} receptor pharmacology assay
mechanistic_01390,mechanistic,pair_core,Ayahuasca CB2 receptor CNR2 functional assay agonist antagonist,Ayahuasca,CB2 receptor (CNR2),target,{compound} {entity} functional assay agonist antagonist
mechanistic_01391,mechanistic,pair_core,Ibogaine 5-HT2A binding affinity Ki,Ibogaine,5-HT2A,target,{compound} {entity} binding affinity Ki
mechanistic_01392,mechanistic,pair_core,Ibogaine 5-HT2A receptor pharmacology assay,Ibogaine,5-HT2A,target,{compound} {entity} receptor pharmacology assay
mechanistic_01393,mechanistic,pair_core,Ibogaine 5-HT2A functional assay agonist antagonist,Ibogaine,5-HT2A,target,{compound} {entity} functional assay agonist antagonist
mechanistic_01394,mechanistic,pair_core,Ibogaine 5-HT2B binding affinity Ki,Ibogaine,5-HT2B,target,{compound} {entity} binding affinity Ki
mechanistic_01395,mechanistic,pair_core,Ibogaine 5-HT2B receptor pharmacology assay,Ibogaine,5-HT2B,target,{compound} {entity} receptor pharmacology assay
mechanistic_01396,mechanistic,pair_core,Ibogaine 5-HT2B functional assay agonist antagonist,Ibogaine,5-HT2B,target,{compound} {entity} functional assay agonist antagonist
mechanistic_01397,mechanistic,pair_core,Ibogaine 5-HT2C binding affinity Ki,Ibogaine,5-HT2C,target,{compound} {entity} binding affinity Ki
mechanistic_01398,mechanistic,pair_core,Ibogaine 5-HT2C receptor pharmacology assay,Ibogaine,5-HT2C,target,{compound} {entity} receptor pharmacology assay
mechanistic_01399,mechanistic,pair_core,Ibogaine 5-HT2C functional assay agonist antagonist,Ibogaine,5-HT2C,target,{compound} {entity} functional assay agonist antagonist
mechanistic_01400,mechanistic,pair_core,Ibogaine 5-HT1A binding affinity Ki,Ibogaine,5-HT1A,target,{compound} {entity} binding affinity Ki
mechanistic_01401,mechanistic,pair_core,Ibogaine 5-HT1A receptor pharmacology assay,Ibogaine,5-HT1A,target,{compound} {entity} receptor pharmacology assay
mechanistic_01402,mechanistic,pair_core,Ibogaine 5-HT1A functional assay agonist antagonist,Ibogaine,5-HT1A,target,{compound} {entity} functional assay agonist antagonist
mechanistic_01403,mechanistic,pair_core,Ibogaine 5-HT1B binding affinity Ki,Ibogaine,5-HT1B,target,{compound} {entity} binding affinity Ki
mechanistic_01404,mechanistic,pair_core,Ibogaine 5-HT1B receptor pharmacology assay,Ibogaine,5-HT1B,target,{compound} {entity} receptor pharmacology assay
mechanistic_01405,mechanistic,pair_core,Ibogaine 5-HT1B functional assay agonist antagonist,Ibogaine,5-HT1B,target,{compound} {entity} functional assay agonist antagonist
mechanistic_01406,mechanistic,pair_core,Ibogaine 5-HT1D binding affinity Ki,Ibogaine,5-HT1D,target,{compound} {entity} binding affinity Ki
mechanistic_01407,mechanistic,pair_core,Ibogaine 5-HT1D receptor pharmacology assay,Ibogaine,5-HT1D,target,{compound} {entity} receptor pharmacology assay
mechanistic_01408,mechanistic,pair_core,Ibogaine 5-HT1D functional assay agonist antagonist,Ibogaine,5-HT1D,target,{compound} {entity} functional assay agonist antagonist
mechanistic_01409,mechanistic,pair_core,Ibogaine 5-HT1E binding affinity Ki,Ibogaine,5-HT1E,target,{compound} {entity} binding affinity Ki
mechanistic_01410,mechanistic,pair_core,Ibogaine 5-HT1E receptor pharmacology assay,Ibogaine,5-HT1E,target,{compound} {entity} receptor pharmacology assay
mechanistic_01411,mechanistic,pair_core,Ibogaine 5-HT1E functional assay agonist antagonist,Ibogaine,5-HT1E,target,{compound} {entity} functional assay agonist antagonist
mechanistic_01412,mechanistic,pair_core,Ibogaine 5-HT1F binding affinity Ki,Ibogaine,5-HT1F,target,{compound} {entity} binding affinity Ki
mechanistic_01413,mechanistic,pair_core,Ibogaine 5-HT1F receptor pharmacology assay,Ibogaine,5-HT1F,target,{compound} {entity} receptor pharmacology assay
mechanistic_01414,mechanistic,pair_core,Ibogaine 5-HT1F functional assay agonist antagonist,Ibogaine,5-HT1F,target,{compound} {entity} functional assay agonist antagonist
mechanistic_01415,mechanistic,pair_core,Ibogaine 5-HT5A binding affinity Ki,Ibogaine,5-HT5A,target,{compound} {entity} binding affinity Ki
mechanistic_01416,mechanistic,pair_core,Ibogaine 5-HT5A receptor pharmacology assay,Ibogaine,5-HT5A,target,{compound} {entity} receptor pharmacology assay
mechanistic_01417,mechanistic,pair_core,Ibogaine 5-HT5A functional assay agonist antagonist,Ibogaine,5-HT5A,target,{compound} {entity} functional assay agonist antagonist
mechanistic_01418,mechanistic,pair_core,Ibogaine 5-HT6 binding affinity Ki,Ibogaine,5-HT6,target,{compound} {entity} binding affinity Ki
mechanistic_01419,mechanistic,pair_core,Ibogaine 5-HT6 receptor pharmacology assay,Ibogaine,5-HT6,target,{compound} {entity} receptor pharmacology assay
mechanistic_01420,mechanistic,pair_core,Ibogaine 5-HT6 functional assay agonist antagonist,Ibogaine,5-HT6,target,{compound} {entity} functional assay agonist antagonist
mechanistic_01421,mechanistic,pair_core,Ibogaine 5-HT7 binding affinity Ki,Ibogaine,5-HT7,target,{compound} {entity} binding affinity Ki
mechanistic_01422,mechanistic,pair_core,Ibogaine 5-HT7 receptor pharmacology assay,Ibogaine,5-HT7,target,{compound} {entity} receptor pharmacology assay
mechanistic_01423,mechanistic,pair_core,Ibogaine 5-HT7 functional assay agonist antagonist,Ibogaine,5-HT7,target,{compound} {entity} functional assay agonist antagonist
mechanistic_01424,mechanistic,pair_core,Ibogaine mGluR2 GRM2 binding affinity Ki,Ibogaine,mGluR2 (GRM2),target,{compound} {entity} binding affinity Ki
mechanistic_01425,mechanistic,pair_core,Ibogaine mGluR2 GRM2 receptor pharmacology assay,Ibogaine,mGluR2 (GRM2),target,{compound} {entity} receptor pharmacology assay
mechanistic_01426,mechanistic,pair_core,Ibogaine mGluR2 GRM2 functional assay agonist antagonist,Ibogaine,mGluR2 (GRM2),target,{compound} {entity} functional assay agonist antagonist
mechanistic_01427,mechanistic,pair_core,Ibogaine TAAR1 binding affinity Ki,Ibogaine,TAAR1,target,{compound} {entity} binding affinity Ki
mechanistic_01428,mechanistic,pair_core,Ibogaine TAAR1 receptor pharmacology assay,Ibogaine,TAAR1,target,{compound} {entity} receptor pharmacology assay
mechanistic_01429,mechanistic,pair_core,Ibogaine TAAR1 functional assay agonist antagonist,Ibogaine,TAAR1,target,{compound} {entity} functional assay agonist antagonist
mechanistic_01430,mechanistic,pair_core,Ibogaine SERT SLC6A4 binding affinity Ki,Ibogaine,SERT (SLC6A4),target,{compound} {entity} binding affinity Ki
mechanistic_01431,mechanistic,pair_core,Ibogaine SERT SLC6A4 receptor pharmacology assay,Ibogaine,SERT (SLC6A4),target,{compound} {entity} receptor pharmacology assay
mechanistic_01432,mechanistic,pair_core,Ibogaine SERT SLC6A4 functional assay agonist antagonist,Ibogaine,SERT (SLC6A4),target,{compound} {entity} functional assay agonist antagonist
mechanistic_01433,mechanistic,pair_core,Ibogaine NET SLC6A2 binding affinity Ki,Ibogaine,NET (SLC6A2),target,{compound} {entity} binding affinity Ki
mechanistic_01434,mechanistic,pair_core,Ibogaine NET SLC6A2 receptor pharmacology assay,Ibogaine,NET (SLC6A2),target,{compound} {entity} receptor pharmacology assay
mechanistic_01435,mechanistic,pair_core,Ibogaine NET SLC6A2 functional assay agonist antagonist,Ibogaine,NET (SLC6A2),target,{compound} {entity} functional assay agonist antagonist
mechanistic_01436,mechanistic,pair_core,Ibogaine DAT SLC6A3 binding affinity Ki,Ibogaine,DAT (SLC6A3),target,{compound} {entity} binding affinity Ki
mechanistic_01437,mechanistic,pair_core,Ibogaine DAT SLC6A3 receptor pharmacology assay,Ibogaine,DAT (SLC6A3),target,{compound} {entity} receptor pharmacology assay
mechanistic_01438,mechanistic,pair_core,Ibogaine DAT SLC6A3 functional assay agonist antagonist,Ibogaine,DAT (SLC6A3),target,{compound} {entity} functional assay agonist antagonist
mechanistic_01439,mechanistic,pair_core,Ibogaine VMAT2 SLC18A2 binding affinity Ki,Ibogaine,VMAT2 (SLC18A2),target,{compound} {entity} binding affinity Ki
mechanistic_01440,mechanistic,pair_core,Ibogaine VMAT2 SLC18A2 receptor pharmacology assay,Ibogaine,VMAT2 (SLC18A2),target,{compound} {entity} receptor pharmacology assay
mechanistic_01441,mechanistic,pair_core,Ibogaine VMAT2 SLC18A2 functional assay agonist antagonist,Ibogaine,VMAT2 (SLC18A2),target,{compound} {entity} functional assay agonist antagonist
mechanistic_01442,mechanistic,pair_core,Ibogaine D1 receptor DRD1 binding affinity Ki,Ibogaine,D1 receptor (DRD1),target,{compound} {entity} binding affinity Ki
mechanistic_01443,mechanistic,pair_core,Ibogaine D1 receptor DRD1 receptor pharmacology assay,Ibogaine,D1 receptor (DRD1),target,{compound} {entity} receptor pharmacology assay
mechanistic_01444,mechanistic,pair_core,Ibogaine D1 receptor DRD1 functional assay agonist antagonist,Ibogaine,D1 receptor (DRD1),target,{compound} {entity} functional assay agonist antagonist
mechanistic_01445,mechanistic,pair_core,Ibogaine D2 receptor DRD2 binding affinity Ki,Ibogaine,D2 receptor (DRD2),target,{compound} {entity} binding affinity Ki
mechanistic_01446,mechanistic,pair_core,Ibogaine D2 receptor DRD2 receptor pharmacology assay,Ibogaine,D2 receptor (DRD2),target,{compound} {entity} receptor pharmacology assay
mechanistic_01447,mechanistic,pair_core,Ibogaine D2 receptor DRD2 functional assay agonist antagonist,Ibogaine,D2 receptor (DRD2),target,{compound} {entity} functional assay agonist antagonist
mechanistic_01448,mechanistic,pair_core,Ibogaine D3 receptor DRD3 binding affinity Ki,Ibogaine,D3 receptor (DRD3),target,{compound} {entity} binding affinity Ki
mechanistic_01449,mechanistic,pair_core,Ibogaine D3 receptor DRD3 receptor pharmacology assay,Ibogaine,D3 receptor (DRD3),target,{compound} {entity} receptor pharmacology assay
mechanistic_01450,mechanistic,pair_core,Ibogaine D3 receptor DRD3 functional assay agonist antagonist,Ibogaine,D3 receptor (DRD3),target,{compound} {entity} functional assay agonist antagonist
mechanistic_01451,mechanistic,pair_core,Ibogaine D4 receptor DRD4 binding affinity Ki,Ibogaine,D4 receptor (DRD4),target,{compound} {entity} binding affinity Ki
mechanistic_01452,mechanistic,pair_core,Ibogaine D4 receptor DRD4 receptor pharmacology assay,Ibogaine,D4 receptor (DRD4),target,{compound} {entity} receptor pharmacology assay
mechanistic_01453,mechanistic,pair_core,Ibogaine D4 receptor DRD4 functional assay agonist antagonist,Ibogaine,D4 receptor (DRD4),target,{compound} {entity} functional assay agonist antagonist
mechanistic_01454,mechanistic,pair_core,Ibogaine D5 receptor DRD5 binding affinity Ki,Ibogaine,D5 receptor (DRD5),target,{compound} {entity} binding affinity Ki
mechanistic_01455,mechanistic,pair_core,Ibogaine D5 receptor DRD5 receptor pharmacology assay,Ibogaine,D5 receptor (DRD5),target,{compound} {entity} receptor pharmacology assay
mechanistic_01456,mechanistic,pair_core,Ibogaine D5 receptor DRD5 functional assay agonist antagonist,Ibogaine,D5 receptor (DRD5),target,{compound} {entity} functional assay agonist antagonist
mechanistic_01457,mechanistic,pair_core,Ibogaine Alpha1A adrenergic receptor ADRA1A binding affinity Ki,Ibogaine,Alpha1A adrenergic receptor (ADRA1A),target,{compound} {entity} binding affinity Ki
mechanistic_01458,mechanistic,pair_core,Ibogaine Alpha1A adrenergic receptor ADRA1A receptor pharmacology assay,Ibogaine,Alpha1A adrenergic receptor (ADRA1A),target,{compound} {entity} receptor pharmacology assay
mechanistic_01459,mechanistic,pair_core,Ibogaine Alpha1A adrenergic receptor ADRA1A functional assay agonist antagonist,Ibogaine,Alpha1A adrenergic receptor (ADRA1A),target,{compound} {entity} functional assay agonist antagonist
mechanistic_01460,mechanistic,pair_core,Ibogaine Alpha1B adrenergic receptor ADRA1B binding affinity Ki,Ibogaine,Alpha1B adrenergic receptor (ADRA1B),target,{compound} {entity} binding affinity Ki
mechanistic_01461,mechanistic,pair_core,Ibogaine Alpha1B adrenergic receptor ADRA1B receptor pharmacology assay,Ibogaine,Alpha1B adrenergic receptor (ADRA1B),target,{compound} {entity} receptor pharmacology assay
mechanistic_01462,mechanistic,pair_core,Ibogaine Alpha1B adrenergic receptor ADRA1B functional assay agonist antagonist,Ibogaine,Alpha1B adrenergic receptor (ADRA1B),target,{compound} {entity} functional assay agonist antagonist
mechanistic_01463,mechanistic,pair_core,Ibogaine Alpha2A adrenergic receptor ADRA2A binding affinity Ki,Ibogaine,Alpha2A adrenergic receptor (ADRA2A),target,{compound} {entity} binding affinity Ki
mechanistic_01464,mechanistic,pair_core,Ibogaine Alpha2A adrenergic receptor ADRA2A receptor pharmacology assay,Ibogaine,Alpha2A adrenergic receptor (ADRA2A),target,{compound} {entity} receptor pharmacology assay
mechanistic_01465,mechanistic,pair_core,Ibogaine Alpha2A adrenergic receptor ADRA2A functional assay agonist antagonist,Ibogaine,Alpha2A adrenergic receptor (ADRA2A),target,{compound} {entity} functional assay agonist antagonist
mechanistic_01466,mechanistic,pair_core,Ibogaine Alpha2B adrenergic receptor ADRA2B binding affinity Ki,Ibogaine,Alpha2B adrenergic receptor (ADRA2B),target,{compound} {entity} binding affinity Ki
mechanistic_01467,mechanistic,pair_core,Ibogaine Alpha2B adrenergic receptor ADRA2B receptor pharmacology assay,Ibogaine,Alpha2B adrenergic receptor (ADRA2B),target,{compound} {entity} receptor pharmacology assay
mechanistic_01468,mechanistic,pair_core,Ibogaine Alpha2B adrenergic receptor ADRA2B functional assay agonist antagonist,Ibogaine,Alpha2B adrenergic receptor (ADRA2B),target,{compound} {entity} functional assay agonist antagonist
mechanistic_01469,mechanistic,pair_core,Ibogaine Alpha2C adrenergic receptor ADRA2C binding affinity Ki,Ibogaine,Alpha2C adrenergic receptor (ADRA2C),target,{compound} {entity} binding affinity Ki
mechanistic_01470,mechanistic,pair_core,Ibogaine Alpha2C adrenergic receptor ADRA2C receptor pharmacology assay,Ibogaine,Alpha2C adrenergic receptor (ADRA2C),target,{compound} {entity} receptor pharmacology assay
mechanistic_01471,mechanistic,pair_core,Ibogaine Alpha2C adrenergic receptor ADRA2C functional assay agonist antagonist,Ibogaine,Alpha2C adrenergic receptor (ADRA2C),target,{compound} {entity} functional assay agonist antagonist
mechanistic_01472,mechanistic,pair_core,Ibogaine Beta1 adrenergic receptor ADRB1 binding affinity Ki,Ibogaine,Beta1 adrenergic receptor (ADRB1),target,{compound} {entity} binding affinity Ki
mechanistic_01473,mechanistic,pair_core,Ibogaine Beta1 adrenergic receptor ADRB1 receptor pharmacology assay,Ibogaine,Beta1 adrenergic receptor (ADRB1),target,{compound} {entity} receptor pharmacology assay
mechanistic_01474,mechanistic,pair_core,Ibogaine Beta1 adrenergic receptor ADRB1 functional assay agonist antagonist,Ibogaine,Beta1 adrenergic receptor (ADRB1),target,{compound} {entity} functional assay agonist antagonist
mechanistic_01475,mechanistic,pair_core,Ibogaine Beta2 adrenergic receptor ADRB2 binding affinity Ki,Ibogaine,Beta2 adrenergic receptor (ADRB2),target,{compound} {entity} binding affinity Ki
mechanistic_01476,mechanistic,pair_core,Ibogaine Beta2 adrenergic receptor ADRB2 receptor pharmacology assay,Ibogaine,Beta2 adrenergic receptor (ADRB2),target,{compound} {entity} receptor pharmacology assay
mechanistic_01477,mechanistic,pair_core,Ibogaine Beta2 adrenergic receptor ADRB2 functional assay agonist antagonist,Ibogaine,Beta2 adrenergic receptor (ADRB2),target,{compound} {entity} functional assay agonist antagonist
mechanistic_01478,mechanistic,pair_core,Ibogaine M1 muscarinic receptor CHRM1 binding affinity Ki,Ibogaine,M1 muscarinic receptor (CHRM1),target,{compound} {entity} binding affinity Ki
mechanistic_01479,mechanistic,pair_core,Ibogaine M1 muscarinic receptor CHRM1 receptor pharmacology assay,Ibogaine,M1 muscarinic receptor (CHRM1),target,{compound} {entity} receptor pharmacology assay
mechanistic_01480,mechanistic,pair_core,Ibogaine M1 muscarinic receptor CHRM1 functional assay agonist antagonist,Ibogaine,M1 muscarinic receptor (CHRM1),target,{compound} {entity} functional assay agonist antagonist
mechanistic_01481,mechanistic,pair_core,Ibogaine M2 muscarinic receptor CHRM2 binding affinity Ki,Ibogaine,M2 muscarinic receptor (CHRM2),target,{compound} {entity} binding affinity Ki
mechanistic_01482,mechanistic,pair_core,Ibogaine M2 muscarinic receptor CHRM2 receptor pharmacology assay,Ibogaine,M2 muscarinic receptor (CHRM2),target,{compound} {entity} receptor pharmacology assay
mechanistic_01483,mechanistic,pair_core,Ibogaine M2 muscarinic receptor CHRM2 functional assay agonist antagonist,Ibogaine,M2 muscarinic receptor (CHRM2),target,{compound} {entity} functional assay agonist antagonist
mechanistic_01484,mechanistic,pair_core,Ibogaine M3 muscarinic receptor CHRM3 binding affinity Ki,Ibogaine,M3 muscarinic receptor (CHRM3),target,{compound} {entity} binding affinity Ki
mechanistic_01485,mechanistic,pair_core,Ibogaine M3 muscarinic receptor CHRM3 receptor pharmacology assay,Ibogaine,M3 muscarinic receptor (CHRM3),target,{compound} {entity} receptor pharmacology assay
mechanistic_01486,mechanistic,pair_core,Ibogaine M3 muscarinic receptor CHRM3 functional assay agonist antagonist,Ibogaine,M3 muscarinic receptor (CHRM3),target,{compound} {entity} functional assay agonist antagonist
mechanistic_01487,mechanistic,pair_core,Ibogaine M4 muscarinic receptor CHRM4 binding affinity Ki,Ibogaine,M4 muscarinic receptor (CHRM4),target,{compound} {entity} binding affinity Ki
mechanistic_01488,mechanistic,pair_core,Ibogaine M4 muscarinic receptor CHRM4 receptor pharmacology assay,Ibogaine,M4 muscarinic receptor (CHRM4),target,{compound} {entity} receptor pharmacology assay
mechanistic_01489,mechanistic,pair_core,Ibogaine M4 muscarinic receptor CHRM4 functional assay agonist antagonist,Ibogaine,M4 muscarinic receptor (CHRM4),target,{compound} {entity} functional assay agonist antagonist
mechanistic_01490,mechanistic,pair_core,Ibogaine M5 muscarinic receptor CHRM5 binding affinity Ki,Ibogaine,M5 muscarinic receptor (CHRM5),target,{compound} {entity} binding affinity Ki
mechanistic_01491,mechanistic,pair_core,Ibogaine M5 muscarinic receptor CHRM5 receptor pharmacology assay,Ibogaine,M5 muscarinic receptor (CHRM5),target,{compound} {entity} receptor pharmacology assay
mechanistic_01492,mechanistic,pair_core,Ibogaine M5 muscarinic receptor CHRM5 functional assay agonist antagonist,Ibogaine,M5 muscarinic receptor (CHRM5),target,{compound} {entity} functional assay agonist antagonist
mechanistic_01493,mechanistic,pair_core,Ibogaine H1 receptor HRH1 binding affinity Ki,Ibogaine,H1 receptor (HRH1),target,{compound} {entity} binding affinity Ki
mechanistic_01494,mechanistic,pair_core,Ibogaine H1 receptor HRH1 receptor pharmacology assay,Ibogaine,H1 receptor (HRH1),target,{compound} {entity} receptor pharmacology assay
mechanistic_01495,mechanistic,pair_core,Ibogaine H1 receptor HRH1 functional assay agonist antagonist,Ibogaine,H1 receptor (HRH1),target,{compound} {entity} functional assay agonist antagonist
mechanistic_01496,mechanistic,pair_core,Ibogaine H2 receptor HRH2 binding affinity Ki,Ibogaine,H2 receptor (HRH2),target,{compound} {entity} binding affinity Ki
mechanistic_01497,mechanistic,pair_core,Ibogaine H2 receptor HRH2 receptor pharmacology assay,Ibogaine,H2 receptor (HRH2),target,{compound} {entity} receptor pharmacology assay
mechanistic_01498,mechanistic,pair_core,Ibogaine H2 receptor HRH2 functional assay agonist antagonist,Ibogaine,H2 receptor (HRH2),target,{compound} {entity} functional assay agonist antagonist
mechanistic_01499,mechanistic,pair_core,Ibogaine Sigma-1 receptor SIGMAR1 binding affinity Ki,Ibogaine,Sigma-1 receptor (SIGMAR1),target,{compound} {entity} binding affinity Ki
mechanistic_01500,mechanistic,pair_core,Ibogaine Sigma-1 receptor SIGMAR1 receptor pharmacology assay,Ibogaine,Sigma-1 receptor (SIGMAR1),target,{compound} {entity} receptor pharmacology assay
mechanistic_01501,mechanistic,pair_core,Ibogaine Sigma-1 receptor SIGMAR1 functional assay agonist antagonist,Ibogaine,Sigma-1 receptor (SIGMAR1),target,{compound} {entity} functional assay agonist antagonist
mechanistic_01502,mechanistic,pair_core,Ibogaine Sigma-2 receptor TMEM97 binding affinity Ki,Ibogaine,Sigma-2 receptor (TMEM97),target,{compound} {entity} binding affinity Ki
mechanistic_01503,mechanistic,pair_core,Ibogaine Sigma-2 receptor TMEM97 receptor pharmacology assay,Ibogaine,Sigma-2 receptor (TMEM97),target,{compound} {entity} receptor pharmacology assay
mechanistic_01504,mechanistic,pair_core,Ibogaine Sigma-2 receptor TMEM97 functional assay agonist antagonist,Ibogaine,Sigma-2 receptor (TMEM97),target,{compound} {entity} functional assay agonist antagonist
mechanistic_01505,mechanistic,pair_core,Ibogaine kappa opioid receptor OPRK1 binding affinity Ki,Ibogaine,kappa opioid receptor (OPRK1),target,{compound} {entity} binding affinity Ki
mechanistic_01506,mechanistic,pair_core,Ibogaine kappa opioid receptor OPRK1 receptor pharmacology assay,Ibogaine,kappa opioid receptor (OPRK1),target,{compound} {entity} receptor pharmacology assay
mechanistic_01507,mechanistic,pair_core,Ibogaine kappa opioid receptor OPRK1 functional assay agonist antagonist,Ibogaine,kappa opioid receptor (OPRK1),target,{compound} {entity} functional assay agonist antagonist
mechanistic_01508,mechanistic,pair_core,Ibogaine mu opioid receptor OPRM1 binding affinity Ki,Ibogaine,mu opioid receptor (OPRM1),target,{compound} {entity} binding affinity Ki
mechanistic_01509,mechanistic,pair_core,Ibogaine mu opioid receptor OPRM1 receptor pharmacology assay,Ibogaine,mu opioid receptor (OPRM1),target,{compound} {entity} receptor pharmacology assay
mechanistic_01510,mechanistic,pair_core,Ibogaine mu opioid receptor OPRM1 functional assay agonist antagonist,Ibogaine,mu opioid receptor (OPRM1),target,{compound} {entity} functional assay agonist antagonist
mechanistic_01511,mechanistic,pair_core,Ibogaine delta opioid receptor OPRD1 binding affinity Ki,Ibogaine,delta opioid receptor (OPRD1),target,{compound} {entity} binding affinity Ki
mechanistic_01512,mechanistic,pair_core,Ibogaine delta opioid receptor OPRD1 receptor pharmacology assay,Ibogaine,delta opioid receptor (OPRD1),target,{compound} {entity} receptor pharmacology assay
mechanistic_01513,mechanistic,pair_core,Ibogaine delta opioid receptor OPRD1 functional assay agonist antagonist,Ibogaine,delta opioid receptor (OPRD1),target,{compound} {entity} functional assay agonist antagonist
mechanistic_01514,mechanistic,pair_core,Ibogaine NMDA receptor binding affinity Ki,Ibogaine,NMDA receptor,target,{compound} {entity} binding affinity Ki
mechanistic_01515,mechanistic,pair_core,Ibogaine NMDA receptor pharmacology assay,Ibogaine,NMDA receptor,target,{compound} {entity} receptor pharmacology assay
mechanistic_01516,mechanistic,pair_core,Ibogaine NMDA receptor functional assay agonist antagonist,Ibogaine,NMDA receptor,target,{compound} {entity} functional assay agonist antagonist
mechanistic_01517,mechanistic,pair_core,Ibogaine AMPA receptor binding affinity Ki,Ibogaine,AMPA receptor,target,{compound} {entity} binding affinity Ki
mechanistic_01518,mechanistic,pair_core,Ibogaine AMPA receptor pharmacology assay,Ibogaine,AMPA receptor,target,{compound} {entity} receptor pharmacology assay
mechanistic_01519,mechanistic,pair_core,Ibogaine AMPA receptor functional assay agonist antagonist,Ibogaine,AMPA receptor,target,{compound} {entity} functional assay agonist antagonist
mechanistic_01520,mechanistic,pair_core,Ibogaine TrkB NTRK2 binding affinity Ki,Ibogaine,TrkB (NTRK2),target,{compound} {entity} binding affinity Ki
mechanistic_01521,mechanistic,pair_core,Ibogaine TrkB NTRK2 receptor pharmacology assay,Ibogaine,TrkB (NTRK2),target,{compound} {entity} receptor pharmacology assay
mechanistic_01522,mechanistic,pair_core,Ibogaine TrkB NTRK2 functional assay agonist antagonist,Ibogaine,TrkB (NTRK2),target,{compound} {entity} functional assay agonist antagonist
mechanistic_01523,mechanistic,pair_core,Ibogaine CB1 receptor CNR1 binding affinity Ki,Ibogaine,CB1 receptor (CNR1),target,{compound} {entity} binding affinity Ki
mechanistic_01524,mechanistic,pair_core,Ibogaine CB1 receptor CNR1 receptor pharmacology assay,Ibogaine,CB1 receptor (CNR1),target,{compound} {entity} receptor pharmacology assay
mechanistic_01525,mechanistic,pair_core,Ibogaine CB1 receptor CNR1 functional assay agonist antagonist,Ibogaine,CB1 receptor (CNR1),target,{compound} {entity} functional assay agonist antagonist
mechanistic_01526,mechanistic,pair_core,Ibogaine CB2 receptor CNR2 binding affinity Ki,Ibogaine,CB2 receptor (CNR2),target,{compound} {entity} binding affinity Ki
mechanistic_01527,mechanistic,pair_core,Ibogaine CB2 receptor CNR2 receptor pharmacology assay,Ibogaine,CB2 receptor (CNR2),target,{compound} {entity} receptor pharmacology assay
mechanistic_01528,mechanistic,pair_core,Ibogaine CB2 receptor CNR2 functional assay agonist antagonist,Ibogaine,CB2 receptor (CNR2),target,{compound} {entity} functional assay agonist antagonist
mechanistic_01529,mechanistic,pair_core,Noribogaine 5-HT2A binding affinity Ki,Noribogaine,5-HT2A,target,{compound} {entity} binding affinity Ki
mechanistic_01530,mechanistic,pair_core,Noribogaine 5-HT2A receptor pharmacology assay,Noribogaine,5-HT2A,target,{compound} {entity} receptor pharmacology assay
mechanistic_01531,mechanistic,pair_core,Noribogaine 5-HT2A functional assay agonist antagonist,Noribogaine,5-HT2A,target,{compound} {entity} functional assay agonist antagonist
mechanistic_01532,mechanistic,pair_core,Noribogaine 5-HT2B binding affinity Ki,Noribogaine,5-HT2B,target,{compound} {entity} binding affinity Ki
mechanistic_01533,mechanistic,pair_core,Noribogaine 5-HT2B receptor pharmacology assay,Noribogaine,5-HT2B,target,{compound} {entity} receptor pharmacology assay
mechanistic_01534,mechanistic,pair_core,Noribogaine 5-HT2B functional assay agonist antagonist,Noribogaine,5-HT2B,target,{compound} {entity} functional assay agonist antagonist
mechanistic_01535,mechanistic,pair_core,Noribogaine 5-HT2C binding affinity Ki,Noribogaine,5-HT2C,target,{compound} {entity} binding affinity Ki
mechanistic_01536,mechanistic,pair_core,Noribogaine 5-HT2C receptor pharmacology assay,Noribogaine,5-HT2C,target,{compound} {entity} receptor pharmacology assay
mechanistic_01537,mechanistic,pair_core,Noribogaine 5-HT2C functional assay agonist antagonist,Noribogaine,5-HT2C,target,{compound} {entity} functional assay agonist antagonist
mechanistic_01538,mechanistic,pair_core,Noribogaine 5-HT1A binding affinity Ki,Noribogaine,5-HT1A,target,{compound} {entity} binding affinity Ki
mechanistic_01539,mechanistic,pair_core,Noribogaine 5-HT1A receptor pharmacology assay,Noribogaine,5-HT1A,target,{compound} {entity} receptor pharmacology assay
mechanistic_01540,mechanistic,pair_core,Noribogaine 5-HT1A functional assay agonist antagonist,Noribogaine,5-HT1A,target,{compound} {entity} functional assay agonist antagonist
mechanistic_01541,mechanistic,pair_core,Noribogaine 5-HT1B binding affinity Ki,Noribogaine,5-HT1B,target,{compound} {entity} binding affinity Ki
mechanistic_01542,mechanistic,pair_core,Noribogaine 5-HT1B receptor pharmacology assay,Noribogaine,5-HT1B,target,{compound} {entity} receptor pharmacology assay
mechanistic_01543,mechanistic,pair_core,Noribogaine 5-HT1B functional assay agonist antagonist,Noribogaine,5-HT1B,target,{compound} {entity} functional assay agonist antagonist
mechanistic_01544,mechanistic,pair_core,Noribogaine 5-HT1D binding affinity Ki,Noribogaine,5-HT1D,target,{compound} {entity} binding affinity Ki
mechanistic_01545,mechanistic,pair_core,Noribogaine 5-HT1D receptor pharmacology assay,Noribogaine,5-HT1D,target,{compound} {entity} receptor pharmacology assay
mechanistic_01546,mechanistic,pair_core,Noribogaine 5-HT1D functional assay agonist antagonist,Noribogaine,5-HT1D,target,{compound} {entity} functional assay agonist antagonist
mechanistic_01547,mechanistic,pair_core,Noribogaine 5-HT1E binding affinity Ki,Noribogaine,5-HT1E,target,{compound} {entity} binding affinity Ki
mechanistic_01548,mechanistic,pair_core,Noribogaine 5-HT1E receptor pharmacology assay,Noribogaine,5-HT1E,target,{compound} {entity} receptor pharmacology assay
mechanistic_01549,mechanistic,pair_core,Noribogaine 5-HT1E functional assay agonist antagonist,Noribogaine,5-HT1E,target,{compound} {entity} functional assay agonist antagonist
mechanistic_01550,mechanistic,pair_core,Noribogaine 5-HT1F binding affinity Ki,Noribogaine,5-HT1F,target,{compound} {entity} binding affinity Ki
mechanistic_01551,mechanistic,pair_core,Noribogaine 5-HT1F receptor pharmacology assay,Noribogaine,5-HT1F,target,{compound} {entity} receptor pharmacology assay
mechanistic_01552,mechanistic,pair_core,Noribogaine 5-HT1F functional assay agonist antagonist,Noribogaine,5-HT1F,target,{compound} {entity} functional assay agonist antagonist
mechanistic_01553,mechanistic,pair_core,Noribogaine 5-HT5A binding affinity Ki,Noribogaine,5-HT5A,target,{compound} {entity} binding affinity Ki
mechanistic_01554,mechanistic,pair_core,Noribogaine 5-HT5A receptor pharmacology assay,Noribogaine,5-HT5A,target,{compound} {entity} receptor pharmacology assay
mechanistic_01555,mechanistic,pair_core,Noribogaine 5-HT5A functional assay agonist antagonist,Noribogaine,5-HT5A,target,{compound} {entity} functional assay agonist antagonist
mechanistic_01556,mechanistic,pair_core,Noribogaine 5-HT6 binding affinity Ki,Noribogaine,5-HT6,target,{compound} {entity} binding affinity Ki
mechanistic_01557,mechanistic,pair_core,Noribogaine 5-HT6 receptor pharmacology assay,Noribogaine,5-HT6,target,{compound} {entity} receptor pharmacology assay
mechanistic_01558,mechanistic,pair_core,Noribogaine 5-HT6 functional assay agonist antagonist,Noribogaine,5-HT6,target,{compound} {entity} functional assay agonist antagonist
mechanistic_01559,mechanistic,pair_core,Noribogaine 5-HT7 binding affinity Ki,Noribogaine,5-HT7,target,{compound} {entity} binding affinity Ki
mechanistic_01560,mechanistic,pair_core,Noribogaine 5-HT7 receptor pharmacology assay,Noribogaine,5-HT7,target,{compound} {entity} receptor pharmacology assay
mechanistic_01561,mechanistic,pair_core,Noribogaine 5-HT7 functional assay agonist antagonist,Noribogaine,5-HT7,target,{compound} {entity} functional assay agonist antagonist
mechanistic_01562,mechanistic,pair_core,Noribogaine mGluR2 GRM2 binding affinity Ki,Noribogaine,mGluR2 (GRM2),target,{compound} {entity} binding affinity Ki
mechanistic_01563,mechanistic,pair_core,Noribogaine mGluR2 GRM2 receptor pharmacology assay,Noribogaine,mGluR2 (GRM2),target,{compound} {entity} receptor pharmacology assay
mechanistic_01564,mechanistic,pair_core,Noribogaine mGluR2 GRM2 functional assay agonist antagonist,Noribogaine,mGluR2 (GRM2),target,{compound} {entity} functional assay agonist antagonist
mechanistic_01565,mechanistic,pair_core,Noribogaine TAAR1 binding affinity Ki,Noribogaine,TAAR1,target,{compound} {entity} binding affinity Ki
mechanistic_01566,mechanistic,pair_core,Noribogaine TAAR1 receptor pharmacology assay,Noribogaine,TAAR1,target,{compound} {entity} receptor pharmacology assay
mechanistic_01567,mechanistic,pair_core,Noribogaine TAAR1 functional assay agonist antagonist,Noribogaine,TAAR1,target,{compound} {entity} functional assay agonist antagonist
mechanistic_01568,mechanistic,pair_core,Noribogaine SERT SLC6A4 binding affinity Ki,Noribogaine,SERT (SLC6A4),target,{compound} {entity} binding affinity Ki
mechanistic_01569,mechanistic,pair_core,Noribogaine SERT SLC6A4 receptor pharmacology assay,Noribogaine,SERT (SLC6A4),target,{compound} {entity} receptor pharmacology assay
mechanistic_01570,mechanistic,pair_core,Noribogaine SERT SLC6A4 functional assay agonist antagonist,Noribogaine,SERT (SLC6A4),target,{compound} {entity} functional assay agonist antagonist
mechanistic_01571,mechanistic,pair_core,Noribogaine NET SLC6A2 binding affinity Ki,Noribogaine,NET (SLC6A2),target,{compound} {entity} binding affinity Ki
mechanistic_01572,mechanistic,pair_core,Noribogaine NET SLC6A2 receptor pharmacology assay,Noribogaine,NET (SLC6A2),target,{compound} {entity} receptor pharmacology assay
mechanistic_01573,mechanistic,pair_core,Noribogaine NET SLC6A2 functional assay agonist antagonist,Noribogaine,NET (SLC6A2),target,{compound} {entity} functional assay agonist antagonist
mechanistic_01574,mechanistic,pair_core,Noribogaine DAT SLC6A3 binding affinity Ki,Noribogaine,DAT (SLC6A3),target,{compound} {entity} binding affinity Ki
mechanistic_01575,mechanistic,pair_core,Noribogaine DAT SLC6A3 receptor pharmacology assay,Noribogaine,DAT (SLC6A3),target,{compound} {entity} receptor pharmacology assay
mechanistic_01576,mechanistic,pair_core,Noribogaine DAT SLC6A3 functional assay agonist antagonist,Noribogaine,DAT (SLC6A3),target,{compound} {entity} functional assay agonist antagonist
mechanistic_01577,mechanistic,pair_core,Noribogaine VMAT2 SLC18A2 binding affinity Ki,Noribogaine,VMAT2 (SLC18A2),target,{compound} {entity} binding affinity Ki
mechanistic_01578,mechanistic,pair_core,Noribogaine VMAT2 SLC18A2 receptor pharmacology assay,Noribogaine,VMAT2 (SLC18A2),target,{compound} {entity} receptor pharmacology assay
mechanistic_01579,mechanistic,pair_core,Noribogaine VMAT2 SLC18A2 functional assay agonist antagonist,Noribogaine,VMAT2 (SLC18A2),target,{compound} {entity} functional assay agonist antagonist
mechanistic_01580,mechanistic,pair_core,Noribogaine D1 receptor DRD1 binding affinity Ki,Noribogaine,D1 receptor (DRD1),target,{compound} {entity} binding affinity Ki
mechanistic_01581,mechanistic,pair_core,Noribogaine D1 receptor DRD1 receptor pharmacology assay,Noribogaine,D1 receptor (DRD1),target,{compound} {entity} receptor pharmacology assay
mechanistic_01582,mechanistic,pair_core,Noribogaine D1 receptor DRD1 functional assay agonist antagonist,Noribogaine,D1 receptor (DRD1),target,{compound} {entity} functional assay agonist antagonist
mechanistic_01583,mechanistic,pair_core,Noribogaine D2 receptor DRD2 binding affinity Ki,Noribogaine,D2 receptor (DRD2),target,{compound} {entity} binding affinity Ki
mechanistic_01584,mechanistic,pair_core,Noribogaine D2 receptor DRD2 receptor pharmacology assay,Noribogaine,D2 receptor (DRD2),target,{compound} {entity} receptor pharmacology assay
mechanistic_01585,mechanistic,pair_core,Noribogaine D2 receptor DRD2 functional assay agonist antagonist,Noribogaine,D2 receptor (DRD2),target,{compound} {entity} functional assay agonist antagonist
mechanistic_01586,mechanistic,pair_core,Noribogaine D3 receptor DRD3 binding affinity Ki,Noribogaine,D3 receptor (DRD3),target,{compound} {entity} binding affinity Ki
mechanistic_01587,mechanistic,pair_core,Noribogaine D3 receptor DRD3 receptor pharmacology assay,Noribogaine,D3 receptor (DRD3),target,{compound} {entity} receptor pharmacology assay
mechanistic_01588,mechanistic,pair_core,Noribogaine D3 receptor DRD3 functional assay agonist antagonist,Noribogaine,D3 receptor (DRD3),target,{compound} {entity} functional assay agonist antagonist
mechanistic_01589,mechanistic,pair_core,Noribogaine D4 receptor DRD4 binding affinity Ki,Noribogaine,D4 receptor (DRD4),target,{compound} {entity} binding affinity Ki
mechanistic_01590,mechanistic,pair_core,Noribogaine D4 receptor DRD4 receptor pharmacology assay,Noribogaine,D4 receptor (DRD4),target,{compound} {entity} receptor pharmacology assay
mechanistic_01591,mechanistic,pair_core,Noribogaine D4 receptor DRD4 functional assay agonist antagonist,Noribogaine,D4 receptor (DRD4),target,{compound} {entity} functional assay agonist antagonist
mechanistic_01592,mechanistic,pair_core,Noribogaine D5 receptor DRD5 binding affinity Ki,Noribogaine,D5 receptor (DRD5),target,{compound} {entity} binding affinity Ki
mechanistic_01593,mechanistic,pair_core,Noribogaine D5 receptor DRD5 receptor pharmacology assay,Noribogaine,D5 receptor (DRD5),target,{compound} {entity} receptor pharmacology assay
mechanistic_01594,mechanistic,pair_core,Noribogaine D5 receptor DRD5 functional assay agonist antagonist,Noribogaine,D5 receptor (DRD5),target,{compound} {entity} functional assay agonist antagonist
mechanistic_01595,mechanistic,pair_core,Noribogaine Alpha1A adrenergic receptor ADRA1A binding affinity Ki,Noribogaine,Alpha1A adrenergic receptor (ADRA1A),target,{compound} {entity} binding affinity Ki
mechanistic_01596,mechanistic,pair_core,Noribogaine Alpha1A adrenergic receptor ADRA1A receptor pharmacology assay,Noribogaine,Alpha1A adrenergic receptor (ADRA1A),target,{compound} {entity} receptor pharmacology assay
mechanistic_01597,mechanistic,pair_core,Noribogaine Alpha1A adrenergic receptor ADRA1A functional assay agonist antagonist,Noribogaine,Alpha1A adrenergic receptor (ADRA1A),target,{compound} {entity} functional assay agonist antagonist
mechanistic_01598,mechanistic,pair_core,Noribogaine Alpha1B adrenergic receptor ADRA1B binding affinity Ki,Noribogaine,Alpha1B adrenergic receptor (ADRA1B),target,{compound} {entity} binding affinity Ki
mechanistic_01599,mechanistic,pair_core,Noribogaine Alpha1B adrenergic receptor ADRA1B receptor pharmacology assay,Noribogaine,Alpha1B adrenergic receptor (ADRA1B),target,{compound} {entity} receptor pharmacology assay
mechanistic_01600,mechanistic,pair_core,Noribogaine Alpha1B adrenergic receptor ADRA1B functional assay agonist antagonist,Noribogaine,Alpha1B adrenergic receptor (ADRA1B),target,{compound} {entity} functional assay agonist antagonist
mechanistic_01601,mechanistic,pair_core,Noribogaine Alpha2A adrenergic receptor ADRA2A binding affinity Ki,Noribogaine,Alpha2A adrenergic receptor (ADRA2A),target,{compound} {entity} binding affinity Ki
mechanistic_01602,mechanistic,pair_core,Noribogaine Alpha2A adrenergic receptor ADRA2A receptor pharmacology assay,Noribogaine,Alpha2A adrenergic receptor (ADRA2A),target,{compound} {entity} receptor pharmacology assay
mechanistic_01603,mechanistic,pair_core,Noribogaine Alpha2A adrenergic receptor ADRA2A functional assay agonist antagonist,Noribogaine,Alpha2A adrenergic receptor (ADRA2A),target,{compound} {entity} functional assay agonist antagonist
mechanistic_01604,mechanistic,pair_core,Noribogaine Alpha2B adrenergic receptor ADRA2B binding affinity Ki,Noribogaine,Alpha2B adrenergic receptor (ADRA2B),target,{compound} {entity} binding affinity Ki
mechanistic_01605,mechanistic,pair_core,Noribogaine Alpha2B adrenergic receptor ADRA2B receptor pharmacology assay,Noribogaine,Alpha2B adrenergic receptor (ADRA2B),target,{compound} {entity} receptor pharmacology assay
mechanistic_01606,mechanistic,pair_core,Noribogaine Alpha2B adrenergic receptor ADRA2B functional assay agonist antagonist,Noribogaine,Alpha2B adrenergic receptor (ADRA2B),target,{compound} {entity} functional assay agonist antagonist
mechanistic_01607,mechanistic,pair_core,Noribogaine Alpha2C adrenergic receptor ADRA2C binding affinity Ki,Noribogaine,Alpha2C adrenergic receptor (ADRA2C),target,{compound} {entity} binding affinity Ki
mechanistic_01608,mechanistic,pair_core,Noribogaine Alpha2C adrenergic receptor ADRA2C receptor pharmacology assay,Noribogaine,Alpha2C adrenergic receptor (ADRA2C),target,{compound} {entity} receptor pharmacology assay
mechanistic_01609,mechanistic,pair_core,Noribogaine Alpha2C adrenergic receptor ADRA2C functional assay agonist antagonist,Noribogaine,Alpha2C adrenergic receptor (ADRA2C),target,{compound} {entity} functional assay agonist antagonist
mechanistic_01610,mechanistic,pair_core,Noribogaine Beta1 adrenergic receptor ADRB1 binding affinity Ki,Noribogaine,Beta1 adrenergic receptor (ADRB1),target,{compound} {entity} binding affinity Ki
mechanistic_01611,mechanistic,pair_core,Noribogaine Beta1 adrenergic receptor ADRB1 receptor pharmacology assay,Noribogaine,Beta1 adrenergic receptor (ADRB1),target,{compound} {entity} receptor pharmacology assay
mechanistic_01612,mechanistic,pair_core,Noribogaine Beta1 adrenergic receptor ADRB1 functional assay agonist antagonist,Noribogaine,Beta1 adrenergic receptor (ADRB1),target,{compound} {entity} functional assay agonist antagonist
mechanistic_01613,mechanistic,pair_core,Noribogaine Beta2 adrenergic receptor ADRB2 binding affinity Ki,Noribogaine,Beta2 adrenergic receptor (ADRB2),target,{compound} {entity} binding affinity Ki
mechanistic_01614,mechanistic,pair_core,Noribogaine Beta2 adrenergic receptor ADRB2 receptor pharmacology assay,Noribogaine,Beta2 adrenergic receptor (ADRB2),target,{compound} {entity} receptor pharmacology assay
mechanistic_01615,mechanistic,pair_core,Noribogaine Beta2 adrenergic receptor ADRB2 functional assay agonist antagonist,Noribogaine,Beta2 adrenergic receptor (ADRB2),target,{compound} {entity} functional assay agonist antagonist
mechanistic_01616,mechanistic,pair_core,Noribogaine M1 muscarinic receptor CHRM1 binding affinity Ki,Noribogaine,M1 muscarinic receptor (CHRM1),target,{compound} {entity} binding affinity Ki
mechanistic_01617,mechanistic,pair_core,Noribogaine M1 muscarinic receptor CHRM1 receptor pharmacology assay,Noribogaine,M1 muscarinic receptor (CHRM1),target,{compound} {entity} receptor pharmacology assay
mechanistic_01618,mechanistic,pair_core,Noribogaine M1 muscarinic receptor CHRM1 functional assay agonist antagonist,Noribogaine,M1 muscarinic receptor (CHRM1),target,{compound} {entity} functional assay agonist antagonist
mechanistic_01619,mechanistic,pair_core,Noribogaine M2 muscarinic receptor CHRM2 binding affinity Ki,Noribogaine,M2 muscarinic receptor (CHRM2),target,{compound} {entity} binding affinity Ki
mechanistic_01620,mechanistic,pair_core,Noribogaine M2 muscarinic receptor CHRM2 receptor pharmacology assay,Noribogaine,M2 muscarinic receptor (CHRM2),target,{compound} {entity} receptor pharmacology assay
mechanistic_01621,mechanistic,pair_core,Noribogaine M2 muscarinic receptor CHRM2 functional assay agonist antagonist,Noribogaine,M2 muscarinic receptor (CHRM2),target,{compound} {entity} functional assay agonist antagonist
mechanistic_01622,mechanistic,pair_core,Noribogaine M3 muscarinic receptor CHRM3 binding affinity Ki,Noribogaine,M3 muscarinic receptor (CHRM3),target,{compound} {entity} binding affinity Ki
mechanistic_01623,mechanistic,pair_core,Noribogaine M3 muscarinic receptor CHRM3 receptor pharmacology assay,Noribogaine,M3 muscarinic receptor (CHRM3),target,{compound} {entity} receptor pharmacology assay
mechanistic_01624,mechanistic,pair_core,Noribogaine M3 muscarinic receptor CHRM3 functional assay agonist antagonist,Noribogaine,M3 muscarinic receptor (CHRM3),target,{compound} {entity} functional assay agonist antagonist
mechanistic_01625,mechanistic,pair_core,Noribogaine M4 muscarinic receptor CHRM4 binding affinity Ki,Noribogaine,M4 muscarinic receptor (CHRM4),target,{compound} {entity} binding affinity Ki
mechanistic_01626,mechanistic,pair_core,Noribogaine M4 muscarinic receptor CHRM4 receptor pharmacology assay,Noribogaine,M4 muscarinic receptor (CHRM4),target,{compound} {entity} receptor pharmacology assay
mechanistic_01627,mechanistic,pair_core,Noribogaine M4 muscarinic receptor CHRM4 functional assay agonist antagonist,Noribogaine,M4 muscarinic receptor (CHRM4),target,{compound} {entity} functional assay agonist antagonist
mechanistic_01628,mechanistic,pair_core,Noribogaine M5 muscarinic receptor CHRM5 binding affinity Ki,Noribogaine,M5 muscarinic receptor (CHRM5),target,{compound} {entity} binding affinity Ki
mechanistic_01629,mechanistic,pair_core,Noribogaine M5 muscarinic receptor CHRM5 receptor pharmacology assay,Noribogaine,M5 muscarinic receptor (CHRM5),target,{compound} {entity} receptor pharmacology assay
mechanistic_01630,mechanistic,pair_core,Noribogaine M5 muscarinic receptor CHRM5 functional assay agonist antagonist,Noribogaine,M5 muscarinic receptor (CHRM5),target,{compound} {entity} functional assay agonist antagonist
mechanistic_01631,mechanistic,pair_core,Noribogaine H1 receptor HRH1 binding affinity Ki,Noribogaine,H1 receptor (HRH1),target,{compound} {entity} binding affinity Ki
mechanistic_01632,mechanistic,pair_core,Noribogaine H1 receptor HRH1 receptor pharmacology assay,Noribogaine,H1 receptor (HRH1),target,{compound} {entity} receptor pharmacology assay
mechanistic_01633,mechanistic,pair_core,Noribogaine H1 receptor HRH1 functional assay agonist antagonist,Noribogaine,H1 receptor (HRH1),target,{compound} {entity} functional assay agonist antagonist
mechanistic_01634,mechanistic,pair_core,Noribogaine H2 receptor HRH2 binding affinity Ki,Noribogaine,H2 receptor (HRH2),target,{compound} {entity} binding affinity Ki
mechanistic_01635,mechanistic,pair_core,Noribogaine H2 receptor HRH2 receptor pharmacology assay,Noribogaine,H2 receptor (HRH2),target,{compound} {entity} receptor pharmacology assay
mechanistic_01636,mechanistic,pair_core,Noribogaine H2 receptor HRH2 functional assay agonist antagonist,Noribogaine,H2 receptor (HRH2),target,{compound} {entity} functional assay agonist antagonist
mechanistic_01637,mechanistic,pair_core,Noribogaine Sigma-1 receptor SIGMAR1 binding affinity Ki,Noribogaine,Sigma-1 receptor (SIGMAR1),target,{compound} {entity} binding affinity Ki
mechanistic_01638,mechanistic,pair_core,Noribogaine Sigma-1 receptor SIGMAR1 receptor pharmacology assay,Noribogaine,Sigma-1 receptor (SIGMAR1),target,{compound} {entity} receptor pharmacology assay
mechanistic_01639,mechanistic,pair_core,Noribogaine Sigma-1 receptor SIGMAR1 functional assay agonist antagonist,Noribogaine,Sigma-1 receptor (SIGMAR1),target,{compound} {entity} functional assay agonist antagonist
mechanistic_01640,mechanistic,pair_core,Noribogaine Sigma-2 receptor TMEM97 binding affinity Ki,Noribogaine,Sigma-2 receptor (TMEM97),target,{compound} {entity} binding affinity Ki
mechanistic_01641,mechanistic,pair_core,Noribogaine Sigma-2 receptor TMEM97 receptor pharmacology assay,Noribogaine,Sigma-2 receptor (TMEM97),target,{compound} {entity} receptor pharmacology assay
mechanistic_01642,mechanistic,pair_core,Noribogaine Sigma-2 receptor TMEM97 functional assay agonist antagonist,Noribogaine,Sigma-2 receptor (TMEM97),target,{compound} {entity} functional assay agonist antagonist
mechanistic_01643,mechanistic,pair_core,Noribogaine kappa opioid receptor OPRK1 binding affinity Ki,Noribogaine,kappa opioid receptor (OPRK1),target,{compound} {entity} binding affinity Ki
mechanistic_01644,mechanistic,pair_core,Noribogaine kappa opioid receptor OPRK1 receptor pharmacology assay,Noribogaine,kappa opioid receptor (OPRK1),target,{compound} {entity} receptor pharmacology assay
mechanistic_01645,mechanistic,pair_core,Noribogaine kappa opioid receptor OPRK1 functional assay agonist antagonist,Noribogaine,kappa opioid receptor (OPRK1),target,{compound} {entity} functional assay agonist antagonist
mechanistic_01646,mechanistic,pair_core,Noribogaine mu opioid receptor OPRM1 binding affinity Ki,Noribogaine,mu opioid receptor (OPRM1),target,{compound} {entity} binding affinity Ki
mechanistic_01647,mechanistic,pair_core,Noribogaine mu opioid receptor OPRM1 receptor pharmacology assay,Noribogaine,mu opioid receptor (OPRM1),target,{compound} {entity} receptor pharmacology assay
mechanistic_01648,mechanistic,pair_core,Noribogaine mu opioid receptor OPRM1 functional assay agonist antagonist,Noribogaine,mu opioid receptor (OPRM1),target,{compound} {entity} functional assay agonist antagonist
mechanistic_01649,mechanistic,pair_core,Noribogaine delta opioid receptor OPRD1 binding affinity Ki,Noribogaine,delta opioid receptor (OPRD1),target,{compound} {entity} binding affinity Ki
mechanistic_01650,mechanistic,pair_core,Noribogaine delta opioid receptor OPRD1 receptor pharmacology assay,Noribogaine,delta opioid receptor (OPRD1),target,{compound} {entity} receptor pharmacology assay
mechanistic_01651,mechanistic,pair_core,Noribogaine delta opioid receptor OPRD1 functional assay agonist antagonist,Noribogaine,delta opioid receptor (OPRD1),target,{compound} {entity} functional assay agonist antagonist
mechanistic_01652,mechanistic,pair_core,Noribogaine NMDA receptor binding affinity Ki,Noribogaine,NMDA receptor,target,{compound} {entity} binding affinity Ki
mechanistic_01653,mechanistic,pair_core,Noribogaine NMDA receptor pharmacology assay,Noribogaine,NMDA receptor,target,{compound} {entity} receptor pharmacology assay
mechanistic_01654,mechanistic,pair_core,Noribogaine NMDA receptor functional assay agonist antagonist,Noribogaine,NMDA receptor,target,{compound} {entity} functional assay agonist antagonist
mechanistic_01655,mechanistic,pair_core,Noribogaine AMPA receptor binding affinity Ki,Noribogaine,AMPA receptor,target,{compound} {entity} binding affinity Ki
mechanistic_01656,mechanistic,pair_core,Noribogaine AMPA receptor pharmacology assay,Noribogaine,AMPA receptor,target,{compound} {entity} receptor pharmacology assay
mechanistic_01657,mechanistic,pair_core,Noribogaine AMPA receptor functional assay agonist antagonist,Noribogaine,AMPA receptor,target,{compound} {entity} functional assay agonist antagonist
mechanistic_01658,mechanistic,pair_core,Noribogaine TrkB NTRK2 binding affinity Ki,Noribogaine,TrkB (NTRK2),target,{compound} {entity} binding affinity Ki
mechanistic_01659,mechanistic,pair_core,Noribogaine TrkB NTRK2 receptor pharmacology assay,Noribogaine,TrkB (NTRK2),target,{compound} {entity} receptor pharmacology assay
mechanistic_01660,mechanistic,pair_core,Noribogaine TrkB NTRK2 functional assay agonist antagonist,Noribogaine,TrkB (NTRK2),target,{compound} {entity} functional assay agonist antagonist
mechanistic_01661,mechanistic,pair_core,Noribogaine CB1 receptor CNR1 binding affinity Ki,Noribogaine,CB1 receptor (CNR1),target,{compound} {entity} binding affinity Ki
mechanistic_01662,mechanistic,pair_core,Noribogaine CB1 receptor CNR1 receptor pharmacology assay,Noribogaine,CB1 receptor (CNR1),target,{compound} {entity} receptor pharmacology assay
mechanistic_01663,mechanistic,pair_core,Noribogaine CB1 receptor CNR1 functional assay agonist antagonist,Noribogaine,CB1 receptor (CNR1),target,{compound} {entity} functional assay agonist antagonist
mechanistic_01664,mechanistic,pair_core,Noribogaine CB2 receptor CNR2 binding affinity Ki,Noribogaine,CB2 receptor (CNR2),target,{compound} {entity} binding affinity Ki
mechanistic_01665,mechanistic,pair_core,Noribogaine CB2 receptor CNR2 receptor pharmacology assay,Noribogaine,CB2 receptor (CNR2),target,{compound} {entity} receptor pharmacology assay
mechanistic_01666,mechanistic,pair_core,Noribogaine CB2 receptor CNR2 functional assay agonist antagonist,Noribogaine,CB2 receptor (CNR2),target,{compound} {entity} functional assay agonist antagonist
mechanistic_01667,mechanistic,pair_core,MDMA 5-HT2A binding affinity Ki,MDMA,5-HT2A,target,{compound} {entity} binding affinity Ki
mechanistic_01668,mechanistic,pair_core,MDMA 5-HT2A receptor pharmacology assay,MDMA,5-HT2A,target,{compound} {entity} receptor pharmacology assay
mechanistic_01669,mechanistic,pair_core,MDMA 5-HT2A functional assay agonist antagonist,MDMA,5-HT2A,target,{compound} {entity} functional assay agonist antagonist
mechanistic_01670,mechanistic,pair_core,MDMA 5-HT2B binding affinity Ki,MDMA,5-HT2B,target,{compound} {entity} binding affinity Ki
mechanistic_01671,mechanistic,pair_core,MDMA 5-HT2B receptor pharmacology assay,MDMA,5-HT2B,target,{compound} {entity} receptor pharmacology assay
mechanistic_01672,mechanistic,pair_core,MDMA 5-HT2B functional assay agonist antagonist,MDMA,5-HT2B,target,{compound} {entity} functional assay agonist antagonist
mechanistic_01673,mechanistic,pair_core,MDMA 5-HT2C binding affinity Ki,MDMA,5-HT2C,target,{compound} {entity} binding affinity Ki
mechanistic_01674,mechanistic,pair_core,MDMA 5-HT2C receptor pharmacology assay,MDMA,5-HT2C,target,{compound} {entity} receptor pharmacology assay
mechanistic_01675,mechanistic,pair_core,MDMA 5-HT2C functional assay agonist antagonist,MDMA,5-HT2C,target,{compound} {entity} functional assay agonist antagonist
mechanistic_01676,mechanistic,pair_core,MDMA 5-HT1A binding affinity Ki,MDMA,5-HT1A,target,{compound} {entity} binding affinity Ki
mechanistic_01677,mechanistic,pair_core,MDMA 5-HT1A receptor pharmacology assay,MDMA,5-HT1A,target,{compound} {entity} receptor pharmacology assay
mechanistic_01678,mechanistic,pair_core,MDMA 5-HT1A functional assay agonist antagonist,MDMA,5-HT1A,target,{compound} {entity} functional assay agonist antagonist
mechanistic_01679,mechanistic,pair_core,MDMA 5-HT1B binding affinity Ki,MDMA,5-HT1B,target,{compound} {entity} binding affinity Ki
mechanistic_01680,mechanistic,pair_core,MDMA 5-HT1B receptor pharmacology assay,MDMA,5-HT1B,target,{compound} {entity} receptor pharmacology assay
mechanistic_01681,mechanistic,pair_core,MDMA 5-HT1B functional assay agonist antagonist,MDMA,5-HT1B,target,{compound} {entity} functional assay agonist antagonist
mechanistic_01682,mechanistic,pair_core,MDMA 5-HT1D binding affinity Ki,MDMA,5-HT1D,target,{compound} {entity} binding affinity Ki
mechanistic_01683,mechanistic,pair_core,MDMA 5-HT1D receptor pharmacology assay,MDMA,5-HT1D,target,{compound} {entity} receptor pharmacology assay
mechanistic_01684,mechanistic,pair_core,MDMA 5-HT1D functional assay agonist antagonist,MDMA,5-HT1D,target,{compound} {entity} functional assay agonist antagonist
mechanistic_01685,mechanistic,pair_core,MDMA 5-HT1E binding affinity Ki,MDMA,5-HT1E,target,{compound} {entity} binding affinity Ki
mechanistic_01686,mechanistic,pair_core,MDMA 5-HT1E receptor pharmacology assay,MDMA,5-HT1E,target,{compound} {entity} receptor pharmacology assay
mechanistic_01687,mechanistic,pair_core,MDMA 5-HT1E functional assay agonist antagonist,MDMA,5-HT1E,target,{compound} {entity} functional assay agonist antagonist
mechanistic_01688,mechanistic,pair_core,MDMA 5-HT1F binding affinity Ki,MDMA,5-HT1F,target,{compound} {entity} binding affinity Ki
mechanistic_01689,mechanistic,pair_core,MDMA 5-HT1F receptor pharmacology assay,MDMA,5-HT1F,target,{compound} {entity} receptor pharmacology assay
mechanistic_01690,mechanistic,pair_core,MDMA 5-HT1F functional assay agonist antagonist,MDMA,5-HT1F,target,{compound} {entity} functional assay agonist antagonist
mechanistic_01691,mechanistic,pair_core,MDMA 5-HT5A binding affinity Ki,MDMA,5-HT5A,target,{compound} {entity} binding affinity Ki
mechanistic_01692,mechanistic,pair_core,MDMA 5-HT5A receptor pharmacology assay,MDMA,5-HT5A,target,{compound} {entity} receptor pharmacology assay
mechanistic_01693,mechanistic,pair_core,MDMA 5-HT5A functional assay agonist antagonist,MDMA,5-HT5A,target,{compound} {entity} functional assay agonist antagonist
mechanistic_01694,mechanistic,pair_core,MDMA 5-HT6 binding affinity Ki,MDMA,5-HT6,target,{compound} {entity} binding affinity Ki
mechanistic_01695,mechanistic,pair_core,MDMA 5-HT6 receptor pharmacology assay,MDMA,5-HT6,target,{compound} {entity} receptor pharmacology assay
mechanistic_01696,mechanistic,pair_core,MDMA 5-HT6 functional assay agonist antagonist,MDMA,5-HT6,target,{compound} {entity} functional assay agonist antagonist
mechanistic_01697,mechanistic,pair_core,MDMA 5-HT7 binding affinity Ki,MDMA,5-HT7,target,{compound} {entity} binding affinity Ki
mechanistic_01698,mechanistic,pair_core,MDMA 5-HT7 receptor pharmacology assay,MDMA,5-HT7,target,{compound} {entity} receptor pharmacology assay
mechanistic_01699,mechanistic,pair_core,MDMA 5-HT7 functional assay agonist antagonist,MDMA,5-HT7,target,{compound} {entity} functional assay agonist antagonist
mechanistic_01700,mechanistic,pair_core,MDMA mGluR2 GRM2 binding affinity Ki,MDMA,mGluR2 (GRM2),target,{compound} {entity} binding affinity Ki
mechanistic_01701,mechanistic,pair_core,MDMA mGluR2 GRM2 receptor pharmacology assay,MDMA,mGluR2 (GRM2),target,{compound} {entity} receptor pharmacology assay
mechanistic_01702,mechanistic,pair_core,MDMA mGluR2 GRM2 functional assay agonist antagonist,MDMA,mGluR2 (GRM2),target,{compound} {entity} functional assay agonist antagonist
mechanistic_01703,mechanistic,pair_core,MDMA TAAR1 binding affinity Ki,MDMA,TAAR1,target,{compound} {entity} binding affinity Ki
mechanistic_01704,mechanistic,pair_core,MDMA TAAR1 receptor pharmacology assay,MDMA,TAAR1,target,{compound} {entity} receptor pharmacology assay
mechanistic_01705,mechanistic,pair_core,MDMA TAAR1 functional assay agonist antagonist,MDMA,TAAR1,target,{compound} {entity} functional assay agonist antagonist
mechanistic_01706,mechanistic,pair_core,MDMA SERT SLC6A4 binding affinity Ki,MDMA,SERT (SLC6A4),target,{compound} {entity} binding affinity Ki
mechanistic_01707,mechanistic,pair_core,MDMA SERT SLC6A4 receptor pharmacology assay,MDMA,SERT (SLC6A4),target,{compound} {entity} receptor pharmacology assay
mechanistic_01708,mechanistic,pair_core,MDMA SERT SLC6A4 functional assay agonist antagonist,MDMA,SERT (SLC6A4),target,{compound} {entity} functional assay agonist antagonist
mechanistic_01709,mechanistic,pair_core,MDMA NET SLC6A2 binding affinity Ki,MDMA,NET (SLC6A2),target,{compound} {entity} binding affinity Ki
mechanistic_01710,mechanistic,pair_core,MDMA NET SLC6A2 receptor pharmacology assay,MDMA,NET (SLC6A2),target,{compound} {entity} receptor pharmacology assay
mechanistic_01711,mechanistic,pair_core,MDMA NET SLC6A2 functional assay agonist antagonist,MDMA,NET (SLC6A2),target,{compound} {entity} functional assay agonist antagonist
mechanistic_01712,mechanistic,pair_core,MDMA DAT SLC6A3 binding affinity Ki,MDMA,DAT (SLC6A3),target,{compound} {entity} binding affinity Ki
mechanistic_01713,mechanistic,pair_core,MDMA DAT SLC6A3 receptor pharmacology assay,MDMA,DAT (SLC6A3),target,{compound} {entity} receptor pharmacology assay
mechanistic_01714,mechanistic,pair_core,MDMA DAT SLC6A3 functional assay agonist antagonist,MDMA,DAT (SLC6A3),target,{compound} {entity} functional assay agonist antagonist
mechanistic_01715,mechanistic,pair_core,MDMA VMAT2 SLC18A2 binding affinity Ki,MDMA,VMAT2 (SLC18A2),target,{compound} {entity} binding affinity Ki
mechanistic_01716,mechanistic,pair_core,MDMA VMAT2 SLC18A2 receptor pharmacology assay,MDMA,VMAT2 (SLC18A2),target,{compound} {entity} receptor pharmacology assay
mechanistic_01717,mechanistic,pair_core,MDMA VMAT2 SLC18A2 functional assay agonist antagonist,MDMA,VMAT2 (SLC18A2),target,{compound} {entity} functional assay agonist antagonist
mechanistic_01718,mechanistic,pair_core,MDMA D1 receptor DRD1 binding affinity Ki,MDMA,D1 receptor (DRD1),target,{compound} {entity} binding affinity Ki
mechanistic_01719,mechanistic,pair_core,MDMA D1 receptor DRD1 receptor pharmacology assay,MDMA,D1 receptor (DRD1),target,{compound} {entity} receptor pharmacology assay
mechanistic_01720,mechanistic,pair_core,MDMA D1 receptor DRD1 functional assay agonist antagonist,MDMA,D1 receptor (DRD1),target,{compound} {entity} functional assay agonist antagonist
mechanistic_01721,mechanistic,pair_core,MDMA D2 receptor DRD2 binding affinity Ki,MDMA,D2 receptor (DRD2),target,{compound} {entity} binding affinity Ki
mechanistic_01722,mechanistic,pair_core,MDMA D2 receptor DRD2 receptor pharmacology assay,MDMA,D2 receptor (DRD2),target,{compound} {entity} receptor pharmacology assay
mechanistic_01723,mechanistic,pair_core,MDMA D2 receptor DRD2 functional assay agonist antagonist,MDMA,D2 receptor (DRD2),target,{compound} {entity} functional assay agonist antagonist
mechanistic_01724,mechanistic,pair_core,MDMA D3 receptor DRD3 binding affinity Ki,MDMA,D3 receptor (DRD3),target,{compound} {entity} binding affinity Ki
mechanistic_01725,mechanistic,pair_core,MDMA D3 receptor DRD3 receptor pharmacology assay,MDMA,D3 receptor (DRD3),target,{compound} {entity} receptor pharmacology assay
mechanistic_01726,mechanistic,pair_core,MDMA D3 receptor DRD3 functional assay agonist antagonist,MDMA,D3 receptor (DRD3),target,{compound} {entity} functional assay agonist antagonist
mechanistic_01727,mechanistic,pair_core,MDMA D4 receptor DRD4 binding affinity Ki,MDMA,D4 receptor (DRD4),target,{compound} {entity} binding affinity Ki
mechanistic_01728,mechanistic,pair_core,MDMA D4 receptor DRD4 receptor pharmacology assay,MDMA,D4 receptor (DRD4),target,{compound} {entity} receptor pharmacology assay
mechanistic_01729,mechanistic,pair_core,MDMA D4 receptor DRD4 functional assay agonist antagonist,MDMA,D4 receptor (DRD4),target,{compound} {entity} functional assay agonist antagonist
mechanistic_01730,mechanistic,pair_core,MDMA D5 receptor DRD5 binding affinity Ki,MDMA,D5 receptor (DRD5),target,{compound} {entity} binding affinity Ki
mechanistic_01731,mechanistic,pair_core,MDMA D5 receptor DRD5 receptor pharmacology assay,MDMA,D5 receptor (DRD5),target,{compound} {entity} receptor pharmacology assay
mechanistic_01732,mechanistic,pair_core,MDMA D5 receptor DRD5 functional assay agonist antagonist,MDMA,D5 receptor (DRD5),target,{compound} {entity} functional assay agonist antagonist
mechanistic_01733,mechanistic,pair_core,MDMA Alpha1A adrenergic receptor ADRA1A binding affinity Ki,MDMA,Alpha1A adrenergic receptor (ADRA1A),target,{compound} {entity} binding affinity Ki
mechanistic_01734,mechanistic,pair_core,MDMA Alpha1A adrenergic receptor ADRA1A receptor pharmacology assay,MDMA,Alpha1A adrenergic receptor (ADRA1A),target,{compound} {entity} receptor pharmacology assay
mechanistic_01735,mechanistic,pair_core,MDMA Alpha1A adrenergic receptor ADRA1A functional assay agonist antagonist,MDMA,Alpha1A adrenergic receptor (ADRA1A),target,{compound} {entity} functional assay agonist antagonist
mechanistic_01736,mechanistic,pair_core,MDMA Alpha1B adrenergic receptor ADRA1B binding affinity Ki,MDMA,Alpha1B adrenergic receptor (ADRA1B),target,{compound} {entity} binding affinity Ki
mechanistic_01737,mechanistic,pair_core,MDMA Alpha1B adrenergic receptor ADRA1B receptor pharmacology assay,MDMA,Alpha1B adrenergic receptor (ADRA1B),target,{compound} {entity} receptor pharmacology assay
mechanistic_01738,mechanistic,pair_core,MDMA Alpha1B adrenergic receptor ADRA1B functional assay agonist antagonist,MDMA,Alpha1B adrenergic receptor (ADRA1B),target,{compound} {entity} functional assay agonist antagonist
mechanistic_01739,mechanistic,pair_core,MDMA Alpha2A adrenergic receptor ADRA2A binding affinity Ki,MDMA,Alpha2A adrenergic receptor (ADRA2A),target,{compound} {entity} binding affinity Ki
mechanistic_01740,mechanistic,pair_core,MDMA Alpha2A adrenergic receptor ADRA2A receptor pharmacology assay,MDMA,Alpha2A adrenergic receptor (ADRA2A),target,{compound} {entity} receptor pharmacology assay
mechanistic_01741,mechanistic,pair_core,MDMA Alpha2A adrenergic receptor ADRA2A functional assay agonist antagonist,MDMA,Alpha2A adrenergic receptor (ADRA2A),target,{compound} {entity} functional assay agonist antagonist
mechanistic_01742,mechanistic,pair_core,MDMA Alpha2B adrenergic receptor ADRA2B binding affinity Ki,MDMA,Alpha2B adrenergic receptor (ADRA2B),target,{compound} {entity} binding affinity Ki
mechanistic_01743,mechanistic,pair_core,MDMA Alpha2B adrenergic receptor ADRA2B receptor pharmacology assay,MDMA,Alpha2B adrenergic receptor (ADRA2B),target,{compound} {entity} receptor pharmacology assay
mechanistic_01744,mechanistic,pair_core,MDMA Alpha2B adrenergic receptor ADRA2B functional assay agonist antagonist,MDMA,Alpha2B adrenergic receptor (ADRA2B),target,{compound} {entity} functional assay agonist antagonist
mechanistic_01745,mechanistic,pair_core,MDMA Alpha2C adrenergic receptor ADRA2C binding affinity Ki,MDMA,Alpha2C adrenergic receptor (ADRA2C),target,{compound} {entity} binding affinity Ki
mechanistic_01746,mechanistic,pair_core,MDMA Alpha2C adrenergic receptor ADRA2C receptor pharmacology assay,MDMA,Alpha2C adrenergic receptor (ADRA2C),target,{compound} {entity} receptor pharmacology assay
mechanistic_01747,mechanistic,pair_core,MDMA Alpha2C adrenergic receptor ADRA2C functional assay agonist antagonist,MDMA,Alpha2C adrenergic receptor (ADRA2C),target,{compound} {entity} functional assay agonist antagonist
mechanistic_01748,mechanistic,pair_core,MDMA Beta1 adrenergic receptor ADRB1 binding affinity Ki,MDMA,Beta1 adrenergic receptor (ADRB1),target,{compound} {entity} binding affinity Ki
mechanistic_01749,mechanistic,pair_core,MDMA Beta1 adrenergic receptor ADRB1 receptor pharmacology assay,MDMA,Beta1 adrenergic receptor (ADRB1),target,{compound} {entity} receptor pharmacology assay
mechanistic_01750,mechanistic,pair_core,MDMA Beta1 adrenergic receptor ADRB1 functional assay agonist antagonist,MDMA,Beta1 adrenergic receptor (ADRB1),target,{compound} {entity} functional assay agonist antagonist
mechanistic_01751,mechanistic,pair_core,MDMA Beta2 adrenergic receptor ADRB2 binding affinity Ki,MDMA,Beta2 adrenergic receptor (ADRB2),target,{compound} {entity} binding affinity Ki
mechanistic_01752,mechanistic,pair_core,MDMA Beta2 adrenergic receptor ADRB2 receptor pharmacology assay,MDMA,Beta2 adrenergic receptor (ADRB2),target,{compound} {entity} receptor pharmacology assay
mechanistic_01753,mechanistic,pair_core,MDMA Beta2 adrenergic receptor ADRB2 functional assay agonist antagonist,MDMA,Beta2 adrenergic receptor (ADRB2),target,{compound} {entity} functional assay agonist antagonist
mechanistic_01754,mechanistic,pair_core,MDMA M1 muscarinic receptor CHRM1 binding affinity Ki,MDMA,M1 muscarinic receptor (CHRM1),target,{compound} {entity} binding affinity Ki
mechanistic_01755,mechanistic,pair_core,MDMA M1 muscarinic receptor CHRM1 receptor pharmacology assay,MDMA,M1 muscarinic receptor (CHRM1),target,{compound} {entity} receptor pharmacology assay
mechanistic_01756,mechanistic,pair_core,MDMA M1 muscarinic receptor CHRM1 functional assay agonist antagonist,MDMA,M1 muscarinic receptor (CHRM1),target,{compound} {entity} functional assay agonist antagonist
mechanistic_01757,mechanistic,pair_core,MDMA M2 muscarinic receptor CHRM2 binding affinity Ki,MDMA,M2 muscarinic receptor (CHRM2),target,{compound} {entity} binding affinity Ki
mechanistic_01758,mechanistic,pair_core,MDMA M2 muscarinic receptor CHRM2 receptor pharmacology assay,MDMA,M2 muscarinic receptor (CHRM2),target,{compound} {entity} receptor pharmacology assay
mechanistic_01759,mechanistic,pair_core,MDMA M2 muscarinic receptor CHRM2 functional assay agonist antagonist,MDMA,M2 muscarinic receptor (CHRM2),target,{compound} {entity} functional assay agonist antagonist
mechanistic_01760,mechanistic,pair_core,MDMA M3 muscarinic receptor CHRM3 binding affinity Ki,MDMA,M3 muscarinic receptor (CHRM3),target,{compound} {entity} binding affinity Ki
mechanistic_01761,mechanistic,pair_core,MDMA M3 muscarinic receptor CHRM3 receptor pharmacology assay,MDMA,M3 muscarinic receptor (CHRM3),target,{compound} {entity} receptor pharmacology assay
mechanistic_01762,mechanistic,pair_core,MDMA M3 muscarinic receptor CHRM3 functional assay agonist antagonist,MDMA,M3 muscarinic receptor (CHRM3),target,{compound} {entity} functional assay agonist antagonist
mechanistic_01763,mechanistic,pair_core,MDMA M4 muscarinic receptor CHRM4 binding affinity Ki,MDMA,M4 muscarinic receptor (CHRM4),target,{compound} {entity} binding affinity Ki
mechanistic_01764,mechanistic,pair_core,MDMA M4 muscarinic receptor CHRM4 receptor pharmacology assay,MDMA,M4 muscarinic receptor (CHRM4),target,{compound} {entity} receptor pharmacology assay
mechanistic_01765,mechanistic,pair_core,MDMA M4 muscarinic receptor CHRM4 functional assay agonist antagonist,MDMA,M4 muscarinic receptor (CHRM4),target,{compound} {entity} functional assay agonist antagonist
mechanistic_01766,mechanistic,pair_core,MDMA M5 muscarinic receptor CHRM5 binding affinity Ki,MDMA,M5 muscarinic receptor (CHRM5),target,{compound} {entity} binding affinity Ki
mechanistic_01767,mechanistic,pair_core,MDMA M5 muscarinic receptor CHRM5 receptor pharmacology assay,MDMA,M5 muscarinic receptor (CHRM5),target,{compound} {entity} receptor pharmacology assay
mechanistic_01768,mechanistic,pair_core,MDMA M5 muscarinic receptor CHRM5 functional assay agonist antagonist,MDMA,M5 muscarinic receptor (CHRM5),target,{compound} {entity} functional assay agonist antagonist
mechanistic_01769,mechanistic,pair_core,MDMA H1 receptor HRH1 binding affinity Ki,MDMA,H1 receptor (HRH1),target,{compound} {entity} binding affinity Ki
mechanistic_01770,mechanistic,pair_core,MDMA H1 receptor HRH1 receptor pharmacology assay,MDMA,H1 receptor (HRH1),target,{compound} {entity} receptor pharmacology assay
mechanistic_01771,mechanistic,pair_core,MDMA H1 receptor HRH1 functional assay agonist antagonist,MDMA,H1 receptor (HRH1),target,{compound} {entity} functional assay agonist antagonist
mechanistic_01772,mechanistic,pair_core,MDMA H2 receptor HRH2 binding affinity Ki,MDMA,H2 receptor (HRH2),target,{compound} {entity} binding affinity Ki
mechanistic_01773,mechanistic,pair_core,MDMA H2 receptor HRH2 receptor pharmacology assay,MDMA,H2 receptor (HRH2),target,{compound} {entity} receptor pharmacology assay
mechanistic_01774,mechanistic,pair_core,MDMA H2 receptor HRH2 functional assay agonist antagonist,MDMA,H2 receptor (HRH2),target,{compound} {entity} functional assay agonist antagonist
mechanistic_01775,mechanistic,pair_core,MDMA Sigma-1 receptor SIGMAR1 binding affinity Ki,MDMA,Sigma-1 receptor (SIGMAR1),target,{compound} {entity} binding affinity Ki
mechanistic_01776,mechanistic,pair_core,MDMA Sigma-1 receptor SIGMAR1 receptor pharmacology assay,MDMA,Sigma-1 receptor (SIGMAR1),target,{compound} {entity} receptor pharmacology assay
mechanistic_01777,mechanistic,pair_core,MDMA Sigma-1 receptor SIGMAR1 functional assay agonist antagonist,MDMA,Sigma-1 receptor (SIGMAR1),target,{compound} {entity} functional assay agonist antagonist
mechanistic_01778,mechanistic,pair_core,MDMA Sigma-2 receptor TMEM97 binding affinity Ki,MDMA,Sigma-2 receptor (TMEM97),target,{compound} {entity} binding affinity Ki
mechanistic_01779,mechanistic,pair_core,MDMA Sigma-2 receptor TMEM97 receptor pharmacology assay,MDMA,Sigma-2 receptor (TMEM97),target,{compound} {entity} receptor pharmacology assay
mechanistic_01780,mechanistic,pair_core,MDMA Sigma-2 receptor TMEM97 functional assay agonist antagonist,MDMA,Sigma-2 receptor (TMEM97),target,{compound} {entity} functional assay agonist antagonist
mechanistic_01781,mechanistic,pair_core,MDMA kappa opioid receptor OPRK1 binding affinity Ki,MDMA,kappa opioid receptor (OPRK1),target,{compound} {entity} binding affinity Ki
mechanistic_01782,mechanistic,pair_core,MDMA kappa opioid receptor OPRK1 receptor pharmacology assay,MDMA,kappa opioid receptor (OPRK1),target,{compound} {entity} receptor pharmacology assay
mechanistic_01783,mechanistic,pair_core,MDMA kappa opioid receptor OPRK1 functional assay agonist antagonist,MDMA,kappa opioid receptor (OPRK1),target,{compound} {entity} functional assay agonist antagonist
mechanistic_01784,mechanistic,pair_core,MDMA mu opioid receptor OPRM1 binding affinity Ki,MDMA,mu opioid receptor (OPRM1),target,{compound} {entity} binding affinity Ki
mechanistic_01785,mechanistic,pair_core,MDMA mu opioid receptor OPRM1 receptor pharmacology assay,MDMA,mu opioid receptor (OPRM1),target,{compound} {entity} receptor pharmacology assay
mechanistic_01786,mechanistic,pair_core,MDMA mu opioid receptor OPRM1 functional assay agonist antagonist,MDMA,mu opioid receptor (OPRM1),target,{compound} {entity} functional assay agonist antagonist
mechanistic_01787,mechanistic,pair_core,MDMA delta opioid receptor OPRD1 binding affinity Ki,MDMA,delta opioid receptor (OPRD1),target,{compound} {entity} binding affinity Ki
mechanistic_01788,mechanistic,pair_core,MDMA delta opioid receptor OPRD1 receptor pharmacology assay,MDMA,delta opioid receptor (OPRD1),target,{compound} {entity} receptor pharmacology assay
mechanistic_01789,mechanistic,pair_core,MDMA delta opioid receptor OPRD1 functional assay agonist antagonist,MDMA,delta opioid receptor (OPRD1),target,{compound} {entity} functional assay agonist antagonist
mechanistic_01790,mechanistic,pair_core,MDMA NMDA receptor binding affinity Ki,MDMA,NMDA receptor,target,{compound} {entity} binding affinity Ki
mechanistic_01791,mechanistic,pair_core,MDMA NMDA receptor pharmacology assay,MDMA,NMDA receptor,target,{compound} {entity} receptor pharmacology assay
mechanistic_01792,mechanistic,pair_core,MDMA NMDA receptor functional assay agonist antagonist,MDMA,NMDA receptor,target,{compound} {entity} functional assay agonist antagonist
mechanistic_01793,mechanistic,pair_core,MDMA AMPA receptor binding affinity Ki,MDMA,AMPA receptor,target,{compound} {entity} binding affinity Ki
mechanistic_01794,mechanistic,pair_core,MDMA AMPA receptor pharmacology assay,MDMA,AMPA receptor,target,{compound} {entity} receptor pharmacology assay
mechanistic_01795,mechanistic,pair_core,MDMA AMPA receptor functional assay agonist antagonist,MDMA,AMPA receptor,target,{compound} {entity} functional assay agonist antagonist
mechanistic_01796,mechanistic,pair_core,MDMA TrkB NTRK2 binding affinity Ki,MDMA,TrkB (NTRK2),target,{compound} {entity} binding affinity Ki
mechanistic_01797,mechanistic,pair_core,MDMA TrkB NTRK2 receptor pharmacology assay,MDMA,TrkB (NTRK2),target,{compound} {entity} receptor pharmacology assay
mechanistic_01798,mechanistic,pair_core,MDMA TrkB NTRK2 functional assay agonist antagonist,MDMA,TrkB (NTRK2),target,{compound} {entity} functional assay agonist antagonist
mechanistic_01799,mechanistic,pair_core,MDMA CB1 receptor CNR1 binding affinity Ki,MDMA,CB1 receptor (CNR1),target,{compound} {entity} binding affinity Ki
mechanistic_01800,mechanistic,pair_core,MDMA CB1 receptor CNR1 receptor pharmacology assay,MDMA,CB1 receptor (CNR1),target,{compound} {entity} receptor pharmacology assay
mechanistic_01801,mechanistic,pair_core,MDMA CB1 receptor CNR1 functional assay agonist antagonist,MDMA,CB1 receptor (CNR1),target,{compound} {entity} functional assay agonist antagonist
mechanistic_01802,mechanistic,pair_core,MDMA CB2 receptor CNR2 binding affinity Ki,MDMA,CB2 receptor (CNR2),target,{compound} {entity} binding affinity Ki
mechanistic_01803,mechanistic,pair_core,MDMA CB2 receptor CNR2 receptor pharmacology assay,MDMA,CB2 receptor (CNR2),target,{compound} {entity} receptor pharmacology assay
mechanistic_01804,mechanistic,pair_core,MDMA CB2 receptor CNR2 functional assay agonist antagonist,MDMA,CB2 receptor (CNR2),target,{compound} {entity} functional assay agonist antagonist
mechanistic_01805,mechanistic,pair_core,MDA 5-HT2A binding affinity Ki,MDA,5-HT2A,target,{compound} {entity} binding affinity Ki
mechanistic_01806,mechanistic,pair_core,MDA 5-HT2A receptor pharmacology assay,MDA,5-HT2A,target,{compound} {entity} receptor pharmacology assay
mechanistic_01807,mechanistic,pair_core,MDA 5-HT2A functional assay agonist antagonist,MDA,5-HT2A,target,{compound} {entity} functional assay agonist antagonist
mechanistic_01808,mechanistic,pair_core,MDA 5-HT2B binding affinity Ki,MDA,5-HT2B,target,{compound} {entity} binding affinity Ki
mechanistic_01809,mechanistic,pair_core,MDA 5-HT2B receptor pharmacology assay,MDA,5-HT2B,target,{compound} {entity} receptor pharmacology assay
mechanistic_01810,mechanistic,pair_core,MDA 5-HT2B functional assay agonist antagonist,MDA,5-HT2B,target,{compound} {entity} functional assay agonist antagonist
mechanistic_01811,mechanistic,pair_core,MDA 5-HT2C binding affinity Ki,MDA,5-HT2C,target,{compound} {entity} binding affinity Ki
mechanistic_01812,mechanistic,pair_core,MDA 5-HT2C receptor pharmacology assay,MDA,5-HT2C,target,{compound} {entity} receptor pharmacology assay
mechanistic_01813,mechanistic,pair_core,MDA 5-HT2C functional assay agonist antagonist,MDA,5-HT2C,target,{compound} {entity} functional assay agonist antagonist
mechanistic_01814,mechanistic,pair_core,MDA 5-HT1A binding affinity Ki,MDA,5-HT1A,target,{compound} {entity} binding affinity Ki
mechanistic_01815,mechanistic,pair_core,MDA 5-HT1A receptor pharmacology assay,MDA,5-HT1A,target,{compound} {entity} receptor pharmacology assay
mechanistic_01816,mechanistic,pair_core,MDA 5-HT1A functional assay agonist antagonist,MDA,5-HT1A,target,{compound} {entity} functional assay agonist antagonist
mechanistic_01817,mechanistic,pair_core,MDA 5-HT1B binding affinity Ki,MDA,5-HT1B,target,{compound} {entity} binding affinity Ki
mechanistic_01818,mechanistic,pair_core,MDA 5-HT1B receptor pharmacology assay,MDA,5-HT1B,target,{compound} {entity} receptor pharmacology assay
mechanistic_01819,mechanistic,pair_core,MDA 5-HT1B functional assay agonist antagonist,MDA,5-HT1B,target,{compound} {entity} functional assay agonist antagonist
mechanistic_01820,mechanistic,pair_core,MDA 5-HT1D binding affinity Ki,MDA,5-HT1D,target,{compound} {entity} binding affinity Ki
mechanistic_01821,mechanistic,pair_core,MDA 5-HT1D receptor pharmacology assay,MDA,5-HT1D,target,{compound} {entity} receptor pharmacology assay
mechanistic_01822,mechanistic,pair_core,MDA 5-HT1D functional assay agonist antagonist,MDA,5-HT1D,target,{compound} {entity} functional assay agonist antagonist
mechanistic_01823,mechanistic,pair_core,MDA 5-HT1E binding affinity Ki,MDA,5-HT1E,target,{compound} {entity} binding affinity Ki
mechanistic_01824,mechanistic,pair_core,MDA 5-HT1E receptor pharmacology assay,MDA,5-HT1E,target,{compound} {entity} receptor pharmacology assay
mechanistic_01825,mechanistic,pair_core,MDA 5-HT1E functional assay agonist antagonist,MDA,5-HT1E,target,{compound} {entity} functional assay agonist antagonist
mechanistic_01826,mechanistic,pair_core,MDA 5-HT1F binding affinity Ki,MDA,5-HT1F,target,{compound} {entity} binding affinity Ki
mechanistic_01827,mechanistic,pair_core,MDA 5-HT1F receptor pharmacology assay,MDA,5-HT1F,target,{compound} {entity} receptor pharmacology assay
mechanistic_01828,mechanistic,pair_core,MDA 5-HT1F functional assay agonist antagonist,MDA,5-HT1F,target,{compound} {entity} functional assay agonist antagonist
mechanistic_01829,mechanistic,pair_core,MDA 5-HT5A binding affinity Ki,MDA,5-HT5A,target,{compound} {entity} binding affinity Ki
mechanistic_01830,mechanistic,pair_core,MDA 5-HT5A receptor pharmacology assay,MDA,5-HT5A,target,{compound} {entity} receptor pharmacology assay
mechanistic_01831,mechanistic,pair_core,MDA 5-HT5A functional assay agonist antagonist,MDA,5-HT5A,target,{compound} {entity} functional assay agonist antagonist
mechanistic_01832,mechanistic,pair_core,MDA 5-HT6 binding affinity Ki,MDA,5-HT6,target,{compound} {entity} binding affinity Ki
mechanistic_01833,mechanistic,pair_core,MDA 5-HT6 receptor pharmacology assay,MDA,5-HT6,target,{compound} {entity} receptor pharmacology assay
mechanistic_01834,mechanistic,pair_core,MDA 5-HT6 functional assay agonist antagonist,MDA,5-HT6,target,{compound} {entity} functional assay agonist antagonist
mechanistic_01835,mechanistic,pair_core,MDA 5-HT7 binding affinity Ki,MDA,5-HT7,target,{compound} {entity} binding affinity Ki
mechanistic_01836,mechanistic,pair_core,MDA 5-HT7 receptor pharmacology assay,MDA,5-HT7,target,{compound} {entity} receptor pharmacology assay
mechanistic_01837,mechanistic,pair_core,MDA 5-HT7 functional assay agonist antagonist,MDA,5-HT7,target,{compound} {entity} functional assay agonist antagonist
mechanistic_01838,mechanistic,pair_core,MDA mGluR2 GRM2 binding affinity Ki,MDA,mGluR2 (GRM2),target,{compound} {entity} binding affinity Ki
mechanistic_01839,mechanistic,pair_core,MDA mGluR2 GRM2 receptor pharmacology assay,MDA,mGluR2 (GRM2),target,{compound} {entity} receptor pharmacology assay
mechanistic_01840,mechanistic,pair_core,MDA mGluR2 GRM2 functional assay agonist antagonist,MDA,mGluR2 (GRM2),target,{compound} {entity} functional assay agonist antagonist
mechanistic_01841,mechanistic,pair_core,MDA TAAR1 binding affinity Ki,MDA,TAAR1,target,{compound} {entity} binding affinity Ki
mechanistic_01842,mechanistic,pair_core,MDA TAAR1 receptor pharmacology assay,MDA,TAAR1,target,{compound} {entity} receptor pharmacology assay
mechanistic_01843,mechanistic,pair_core,MDA TAAR1 functional assay agonist antagonist,MDA,TAAR1,target,{compound} {entity} functional assay agonist antagonist
mechanistic_01844,mechanistic,pair_core,MDA SERT SLC6A4 binding affinity Ki,MDA,SERT (SLC6A4),target,{compound} {entity} binding affinity Ki
mechanistic_01845,mechanistic,pair_core,MDA SERT SLC6A4 receptor pharmacology assay,MDA,SERT (SLC6A4),target,{compound} {entity} receptor pharmacology assay
mechanistic_01846,mechanistic,pair_core,MDA SERT SLC6A4 functional assay agonist antagonist,MDA,SERT (SLC6A4),target,{compound} {entity} functional assay agonist antagonist
mechanistic_01847,mechanistic,pair_core,MDA NET SLC6A2 binding affinity Ki,MDA,NET (SLC6A2),target,{compound} {entity} binding affinity Ki
mechanistic_01848,mechanistic,pair_core,MDA NET SLC6A2 receptor pharmacology assay,MDA,NET (SLC6A2),target,{compound} {entity} receptor pharmacology assay
mechanistic_01849,mechanistic,pair_core,MDA NET SLC6A2 functional assay agonist antagonist,MDA,NET (SLC6A2),target,{compound} {entity} functional assay agonist antagonist
mechanistic_01850,mechanistic,pair_core,MDA DAT SLC6A3 binding affinity Ki,MDA,DAT (SLC6A3),target,{compound} {entity} binding affinity Ki
mechanistic_01851,mechanistic,pair_core,MDA DAT SLC6A3 receptor pharmacology assay,MDA,DAT (SLC6A3),target,{compound} {entity} receptor pharmacology assay
mechanistic_01852,mechanistic,pair_core,MDA DAT SLC6A3 functional assay agonist antagonist,MDA,DAT (SLC6A3),target,{compound} {entity} functional assay agonist antagonist
mechanistic_01853,mechanistic,pair_core,MDA VMAT2 SLC18A2 binding affinity Ki,MDA,VMAT2 (SLC18A2),target,{compound} {entity} binding affinity Ki
mechanistic_01854,mechanistic,pair_core,MDA VMAT2 SLC18A2 receptor pharmacology assay,MDA,VMAT2 (SLC18A2),target,{compound} {entity} receptor pharmacology assay
mechanistic_01855,mechanistic,pair_core,MDA VMAT2 SLC18A2 functional assay agonist antagonist,MDA,VMAT2 (SLC18A2),target,{compound} {entity} functional assay agonist antagonist
mechanistic_01856,mechanistic,pair_core,MDA D1 receptor DRD1 binding affinity Ki,MDA,D1 receptor (DRD1),target,{compound} {entity} binding affinity Ki
mechanistic_01857,mechanistic,pair_core,MDA D1 receptor DRD1 receptor pharmacology assay,MDA,D1 receptor (DRD1),target,{compound} {entity} receptor pharmacology assay
mechanistic_01858,mechanistic,pair_core,MDA D1 receptor DRD1 functional assay agonist antagonist,MDA,D1 receptor (DRD1),target,{compound} {entity} functional assay agonist antagonist
mechanistic_01859,mechanistic,pair_core,MDA D2 receptor DRD2 binding affinity Ki,MDA,D2 receptor (DRD2),target,{compound} {entity} binding affinity Ki
mechanistic_01860,mechanistic,pair_core,MDA D2 receptor DRD2 receptor pharmacology assay,MDA,D2 receptor (DRD2),target,{compound} {entity} receptor pharmacology assay
mechanistic_01861,mechanistic,pair_core,MDA D2 receptor DRD2 functional assay agonist antagonist,MDA,D2 receptor (DRD2),target,{compound} {entity} functional assay agonist antagonist
mechanistic_01862,mechanistic,pair_core,MDA D3 receptor DRD3 binding affinity Ki,MDA,D3 receptor (DRD3),target,{compound} {entity} binding affinity Ki
mechanistic_01863,mechanistic,pair_core,MDA D3 receptor DRD3 receptor pharmacology assay,MDA,D3 receptor (DRD3),target,{compound} {entity} receptor pharmacology assay
mechanistic_01864,mechanistic,pair_core,MDA D3 receptor DRD3 functional assay agonist antagonist,MDA,D3 receptor (DRD3),target,{compound} {entity} functional assay agonist antagonist
mechanistic_01865,mechanistic,pair_core,MDA D4 receptor DRD4 binding affinity Ki,MDA,D4 receptor (DRD4),target,{compound} {entity} binding affinity Ki
mechanistic_01866,mechanistic,pair_core,MDA D4 receptor DRD4 receptor pharmacology assay,MDA,D4 receptor (DRD4),target,{compound} {entity} receptor pharmacology assay
mechanistic_01867,mechanistic,pair_core,MDA D4 receptor DRD4 functional assay agonist antagonist,MDA,D4 receptor (DRD4),target,{compound} {entity} functional assay agonist antagonist
mechanistic_01868,mechanistic,pair_core,MDA D5 receptor DRD5 binding affinity Ki,MDA,D5 receptor (DRD5),target,{compound} {entity} binding affinity Ki
mechanistic_01869,mechanistic,pair_core,MDA D5 receptor DRD5 receptor pharmacology assay,MDA,D5 receptor (DRD5),target,{compound} {entity} receptor pharmacology assay
mechanistic_01870,mechanistic,pair_core,MDA D5 receptor DRD5 functional assay agonist antagonist,MDA,D5 receptor (DRD5),target,{compound} {entity} functional assay agonist antagonist
mechanistic_01871,mechanistic,pair_core,MDA Alpha1A adrenergic receptor ADRA1A binding affinity Ki,MDA,Alpha1A adrenergic receptor (ADRA1A),target,{compound} {entity} binding affinity Ki
mechanistic_01872,mechanistic,pair_core,MDA Alpha1A adrenergic receptor ADRA1A receptor pharmacology assay,MDA,Alpha1A adrenergic receptor (ADRA1A),target,{compound} {entity} receptor pharmacology assay
mechanistic_01873,mechanistic,pair_core,MDA Alpha1A adrenergic receptor ADRA1A functional assay agonist antagonist,MDA,Alpha1A adrenergic receptor (ADRA1A),target,{compound} {entity} functional assay agonist antagonist
mechanistic_01874,mechanistic,pair_core,MDA Alpha1B adrenergic receptor ADRA1B binding affinity Ki,MDA,Alpha1B adrenergic receptor (ADRA1B),target,{compound} {entity} binding affinity Ki
mechanistic_01875,mechanistic,pair_core,MDA Alpha1B adrenergic receptor ADRA1B receptor pharmacology assay,MDA,Alpha1B adrenergic receptor (ADRA1B),target,{compound} {entity} receptor pharmacology assay
mechanistic_01876,mechanistic,pair_core,MDA Alpha1B adrenergic receptor ADRA1B functional assay agonist antagonist,MDA,Alpha1B adrenergic receptor (ADRA1B),target,{compound} {entity} functional assay agonist antagonist
mechanistic_01877,mechanistic,pair_core,MDA Alpha2A adrenergic receptor ADRA2A binding affinity Ki,MDA,Alpha2A adrenergic receptor (ADRA2A),target,{compound} {entity} binding affinity Ki
mechanistic_01878,mechanistic,pair_core,MDA Alpha2A adrenergic receptor ADRA2A receptor pharmacology assay,MDA,Alpha2A adrenergic receptor (ADRA2A),target,{compound} {entity} receptor pharmacology assay
mechanistic_01879,mechanistic,pair_core,MDA Alpha2A adrenergic receptor ADRA2A functional assay agonist antagonist,MDA,Alpha2A adrenergic receptor (ADRA2A),target,{compound} {entity} functional assay agonist antagonist
mechanistic_01880,mechanistic,pair_core,MDA Alpha2B adrenergic receptor ADRA2B binding affinity Ki,MDA,Alpha2B adrenergic receptor (ADRA2B),target,{compound} {entity} binding affinity Ki
mechanistic_01881,mechanistic,pair_core,MDA Alpha2B adrenergic receptor ADRA2B receptor pharmacology assay,MDA,Alpha2B adrenergic receptor (ADRA2B),target,{compound} {entity} receptor pharmacology assay
mechanistic_01882,mechanistic,pair_core,MDA Alpha2B adrenergic receptor ADRA2B functional assay agonist antagonist,MDA,Alpha2B adrenergic receptor (ADRA2B),target,{compound} {entity} functional assay agonist antagonist
mechanistic_01883,mechanistic,pair_core,MDA Alpha2C adrenergic receptor ADRA2C binding affinity Ki,MDA,Alpha2C adrenergic receptor (ADRA2C),target,{compound} {entity} binding affinity Ki
mechanistic_01884,mechanistic,pair_core,MDA Alpha2C adrenergic receptor ADRA2C receptor pharmacology assay,MDA,Alpha2C adrenergic receptor (ADRA2C),target,{compound} {entity} receptor pharmacology assay
mechanistic_01885,mechanistic,pair_core,MDA Alpha2C adrenergic receptor ADRA2C functional assay agonist antagonist,MDA,Alpha2C adrenergic receptor (ADRA2C),target,{compound} {entity} functional assay agonist antagonist
mechanistic_01886,mechanistic,pair_core,MDA Beta1 adrenergic receptor ADRB1 binding affinity Ki,MDA,Beta1 adrenergic receptor (ADRB1),target,{compound} {entity} binding affinity Ki
mechanistic_01887,mechanistic,pair_core,MDA Beta1 adrenergic receptor ADRB1 receptor pharmacology assay,MDA,Beta1 adrenergic receptor (ADRB1),target,{compound} {entity} receptor pharmacology assay
mechanistic_01888,mechanistic,pair_core,MDA Beta1 adrenergic receptor ADRB1 functional assay agonist antagonist,MDA,Beta1 adrenergic receptor (ADRB1),target,{compound} {entity} functional assay agonist antagonist
mechanistic_01889,mechanistic,pair_core,MDA Beta2 adrenergic receptor ADRB2 binding affinity Ki,MDA,Beta2 adrenergic receptor (ADRB2),target,{compound} {entity} binding affinity Ki
mechanistic_01890,mechanistic,pair_core,MDA Beta2 adrenergic receptor ADRB2 receptor pharmacology assay,MDA,Beta2 adrenergic receptor (ADRB2),target,{compound} {entity} receptor pharmacology assay
mechanistic_01891,mechanistic,pair_core,MDA Beta2 adrenergic receptor ADRB2 functional assay agonist antagonist,MDA,Beta2 adrenergic receptor (ADRB2),target,{compound} {entity} functional assay agonist antagonist
mechanistic_01892,mechanistic,pair_core,MDA M1 muscarinic receptor CHRM1 binding affinity Ki,MDA,M1 muscarinic receptor (CHRM1),target,{compound} {entity} binding affinity Ki
mechanistic_01893,mechanistic,pair_core,MDA M1 muscarinic receptor CHRM1 receptor pharmacology assay,MDA,M1 muscarinic receptor (CHRM1),target,{compound} {entity} receptor pharmacology assay
mechanistic_01894,mechanistic,pair_core,MDA M1 muscarinic receptor CHRM1 functional assay agonist antagonist,MDA,M1 muscarinic receptor (CHRM1),target,{compound} {entity} functional assay agonist antagonist
mechanistic_01895,mechanistic,pair_core,MDA M2 muscarinic receptor CHRM2 binding affinity Ki,MDA,M2 muscarinic receptor (CHRM2),target,{compound} {entity} binding affinity Ki
mechanistic_01896,mechanistic,pair_core,MDA M2 muscarinic receptor CHRM2 receptor pharmacology assay,MDA,M2 muscarinic receptor (CHRM2),target,{compound} {entity} receptor pharmacology assay
mechanistic_01897,mechanistic,pair_core,MDA M2 muscarinic receptor CHRM2 functional assay agonist antagonist,MDA,M2 muscarinic receptor (CHRM2),target,{compound} {entity} functional assay agonist antagonist
mechanistic_01898,mechanistic,pair_core,MDA M3 muscarinic receptor CHRM3 binding affinity Ki,MDA,M3 muscarinic receptor (CHRM3),target,{compound} {entity} binding affinity Ki
mechanistic_01899,mechanistic,pair_core,MDA M3 muscarinic receptor CHRM3 receptor pharmacology assay,MDA,M3 muscarinic receptor (CHRM3),target,{compound} {entity} receptor pharmacology assay
mechanistic_01900,mechanistic,pair_core,MDA M3 muscarinic receptor CHRM3 functional assay agonist antagonist,MDA,M3 muscarinic receptor (CHRM3),target,{compound} {entity} functional assay agonist antagonist
mechanistic_01901,mechanistic,pair_core,MDA M4 muscarinic receptor CHRM4 binding affinity Ki,MDA,M4 muscarinic receptor (CHRM4),target,{compound} {entity} binding affinity Ki
mechanistic_01902,mechanistic,pair_core,MDA M4 muscarinic receptor CHRM4 receptor pharmacology assay,MDA,M4 muscarinic receptor (CHRM4),target,{compound} {entity} receptor pharmacology assay
mechanistic_01903,mechanistic,pair_core,MDA M4 muscarinic receptor CHRM4 functional assay agonist antagonist,MDA,M4 muscarinic receptor (CHRM4),target,{compound} {entity} functional assay agonist antagonist
mechanistic_01904,mechanistic,pair_core,MDA M5 muscarinic receptor CHRM5 binding affinity Ki,MDA,M5 muscarinic receptor (CHRM5),target,{compound} {entity} binding affinity Ki
mechanistic_01905,mechanistic,pair_core,MDA M5 muscarinic receptor CHRM5 receptor pharmacology assay,MDA,M5 muscarinic receptor (CHRM5),target,{compound} {entity} receptor pharmacology assay
mechanistic_01906,mechanistic,pair_core,MDA M5 muscarinic receptor CHRM5 functional assay agonist antagonist,MDA,M5 muscarinic receptor (CHRM5),target,{compound} {entity} functional assay agonist antagonist
mechanistic_01907,mechanistic,pair_core,MDA H1 receptor HRH1 binding affinity Ki,MDA,H1 receptor (HRH1),target,{compound} {entity} binding affinity Ki
mechanistic_01908,mechanistic,pair_core,MDA H1 receptor HRH1 receptor pharmacology assay,MDA,H1 receptor (HRH1),target,{compound} {entity} receptor pharmacology assay
mechanistic_01909,mechanistic,pair_core,MDA H1 receptor HRH1 functional assay agonist antagonist,MDA,H1 receptor (HRH1),target,{compound} {entity} functional assay agonist antagonist
mechanistic_01910,mechanistic,pair_core,MDA H2 receptor HRH2 binding affinity Ki,MDA,H2 receptor (HRH2),target,{compound} {entity} binding affinity Ki
mechanistic_01911,mechanistic,pair_core,MDA H2 receptor HRH2 receptor pharmacology assay,MDA,H2 receptor (HRH2),target,{compound} {entity} receptor pharmacology assay
mechanistic_01912,mechanistic,pair_core,MDA H2 receptor HRH2 functional assay agonist antagonist,MDA,H2 receptor (HRH2),target,{compound} {entity} functional assay agonist antagonist
mechanistic_01913,mechanistic,pair_core,MDA Sigma-1 receptor SIGMAR1 binding affinity Ki,MDA,Sigma-1 receptor (SIGMAR1),target,{compound} {entity} binding affinity Ki
mechanistic_01914,mechanistic,pair_core,MDA Sigma-1 receptor SIGMAR1 receptor pharmacology assay,MDA,Sigma-1 receptor (SIGMAR1),target,{compound} {entity} receptor pharmacology assay
mechanistic_01915,mechanistic,pair_core,MDA Sigma-1 receptor SIGMAR1 functional assay agonist antagonist,MDA,Sigma-1 receptor (SIGMAR1),target,{compound} {entity} functional assay agonist antagonist
mechanistic_01916,mechanistic,pair_core,MDA Sigma-2 receptor TMEM97 binding affinity Ki,MDA,Sigma-2 receptor (TMEM97),target,{compound} {entity} binding affinity Ki
mechanistic_01917,mechanistic,pair_core,MDA Sigma-2 receptor TMEM97 receptor pharmacology assay,MDA,Sigma-2 receptor (TMEM97),target,{compound} {entity} receptor pharmacology assay
mechanistic_01918,mechanistic,pair_core,MDA Sigma-2 receptor TMEM97 functional assay agonist antagonist,MDA,Sigma-2 receptor (TMEM97),target,{compound} {entity} functional assay agonist antagonist
mechanistic_01919,mechanistic,pair_core,MDA kappa opioid receptor OPRK1 binding affinity Ki,MDA,kappa opioid receptor (OPRK1),target,{compound} {entity} binding affinity Ki
mechanistic_01920,mechanistic,pair_core,MDA kappa opioid receptor OPRK1 receptor pharmacology assay,MDA,kappa opioid receptor (OPRK1),target,{compound} {entity} receptor pharmacology assay
mechanistic_01921,mechanistic,pair_core,MDA kappa opioid receptor OPRK1 functional assay agonist antagonist,MDA,kappa opioid receptor (OPRK1),target,{compound} {entity} functional assay agonist antagonist
mechanistic_01922,mechanistic,pair_core,MDA mu opioid receptor OPRM1 binding affinity Ki,MDA,mu opioid receptor (OPRM1),target,{compound} {entity} binding affinity Ki
mechanistic_01923,mechanistic,pair_core,MDA mu opioid receptor OPRM1 receptor pharmacology assay,MDA,mu opioid receptor (OPRM1),target,{compound} {entity} receptor pharmacology assay
mechanistic_01924,mechanistic,pair_core,MDA mu opioid receptor OPRM1 functional assay agonist antagonist,MDA,mu opioid receptor (OPRM1),target,{compound} {entity} functional assay agonist antagonist
mechanistic_01925,mechanistic,pair_core,MDA delta opioid receptor OPRD1 binding affinity Ki,MDA,delta opioid receptor (OPRD1),target,{compound} {entity} binding affinity Ki
mechanistic_01926,mechanistic,pair_core,MDA delta opioid receptor OPRD1 receptor pharmacology assay,MDA,delta opioid receptor (OPRD1),target,{compound} {entity} receptor pharmacology assay
mechanistic_01927,mechanistic,pair_core,MDA delta opioid receptor OPRD1 functional assay agonist antagonist,MDA,delta opioid receptor (OPRD1),target,{compound} {entity} functional assay agonist antagonist
mechanistic_01928,mechanistic,pair_core,MDA NMDA receptor binding affinity Ki,MDA,NMDA receptor,target,{compound} {entity} binding affinity Ki
mechanistic_01929,mechanistic,pair_core,MDA NMDA receptor pharmacology assay,MDA,NMDA receptor,target,{compound} {entity} receptor pharmacology assay
mechanistic_01930,mechanistic,pair_core,MDA NMDA receptor functional assay agonist antagonist,MDA,NMDA receptor,target,{compound} {entity} functional assay agonist antagonist
mechanistic_01931,mechanistic,pair_core,MDA AMPA receptor binding affinity Ki,MDA,AMPA receptor,target,{compound} {entity} binding affinity Ki
mechanistic_01932,mechanistic,pair_core,MDA AMPA receptor pharmacology assay,MDA,AMPA receptor,target,{compound} {entity} receptor pharmacology assay
mechanistic_01933,mechanistic,pair_core,MDA AMPA receptor functional assay agonist antagonist,MDA,AMPA receptor,target,{compound} {entity} functional assay agonist antagonist
mechanistic_01934,mechanistic,pair_core,MDA TrkB NTRK2 binding affinity Ki,MDA,TrkB (NTRK2),target,{compound} {entity} binding affinity Ki
mechanistic_01935,mechanistic,pair_core,MDA TrkB NTRK2 receptor pharmacology assay,MDA,TrkB (NTRK2),target,{compound} {entity} receptor pharmacology assay
mechanistic_01936,mechanistic,pair_core,MDA TrkB NTRK2 functional assay agonist antagonist,MDA,TrkB (NTRK2),target,{compound} {entity} functional assay agonist antagonist
mechanistic_01937,mechanistic,pair_core,MDA CB1 receptor CNR1 binding affinity Ki,MDA,CB1 receptor (CNR1),target,{compound} {entity} binding affinity Ki
mechanistic_01938,mechanistic,pair_core,MDA CB1 receptor CNR1 receptor pharmacology assay,MDA,CB1 receptor (CNR1),target,{compound} {entity} receptor pharmacology assay
mechanistic_01939,mechanistic,pair_core,MDA CB1 receptor CNR1 functional assay agonist antagonist,MDA,CB1 receptor (CNR1),target,{compound} {entity} functional assay agonist antagonist
mechanistic_01940,mechanistic,pair_core,MDA CB2 receptor CNR2 binding affinity Ki,MDA,CB2 receptor (CNR2),target,{compound} {entity} binding affinity Ki
mechanistic_01941,mechanistic,pair_core,MDA CB2 receptor CNR2 receptor pharmacology assay,MDA,CB2 receptor (CNR2),target,{compound} {entity} receptor pharmacology assay
mechanistic_01942,mechanistic,pair_core,MDA CB2 receptor CNR2 functional assay agonist antagonist,MDA,CB2 receptor (CNR2),target,{compound} {entity} functional assay agonist antagonist
mechanistic_01943,mechanistic,pair_core,Ketamine 5-HT2A binding affinity Ki,Ketamine,5-HT2A,target,{compound} {entity} binding affinity Ki
mechanistic_01944,mechanistic,pair_core,Ketamine 5-HT2A receptor pharmacology assay,Ketamine,5-HT2A,target,{compound} {entity} receptor pharmacology assay
mechanistic_01945,mechanistic,pair_core,Ketamine 5-HT2A functional assay agonist antagonist,Ketamine,5-HT2A,target,{compound} {entity} functional assay agonist antagonist
mechanistic_01946,mechanistic,pair_core,Ketamine 5-HT2B binding affinity Ki,Ketamine,5-HT2B,target,{compound} {entity} binding affinity Ki
mechanistic_01947,mechanistic,pair_core,Ketamine 5-HT2B receptor pharmacology assay,Ketamine,5-HT2B,target,{compound} {entity} receptor pharmacology assay
mechanistic_01948,mechanistic,pair_core,Ketamine 5-HT2B functional assay agonist antagonist,Ketamine,5-HT2B,target,{compound} {entity} functional assay agonist antagonist
mechanistic_01949,mechanistic,pair_core,Ketamine 5-HT2C binding affinity Ki,Ketamine,5-HT2C,target,{compound} {entity} binding affinity Ki
mechanistic_01950,mechanistic,pair_core,Ketamine 5-HT2C receptor pharmacology assay,Ketamine,5-HT2C,target,{compound} {entity} receptor pharmacology assay
mechanistic_01951,mechanistic,pair_core,Ketamine 5-HT2C functional assay agonist antagonist,Ketamine,5-HT2C,target,{compound} {entity} functional assay agonist antagonist
mechanistic_01952,mechanistic,pair_core,Ketamine 5-HT1A binding affinity Ki,Ketamine,5-HT1A,target,{compound} {entity} binding affinity Ki
mechanistic_01953,mechanistic,pair_core,Ketamine 5-HT1A receptor pharmacology assay,Ketamine,5-HT1A,target,{compound} {entity} receptor pharmacology assay
mechanistic_01954,mechanistic,pair_core,Ketamine 5-HT1A functional assay agonist antagonist,Ketamine,5-HT1A,target,{compound} {entity} functional assay agonist antagonist
mechanistic_01955,mechanistic,pair_core,Ketamine 5-HT1B binding affinity Ki,Ketamine,5-HT1B,target,{compound} {entity} binding affinity Ki
mechanistic_01956,mechanistic,pair_core,Ketamine 5-HT1B receptor pharmacology assay,Ketamine,5-HT1B,target,{compound} {entity} receptor pharmacology assay
mechanistic_01957,mechanistic,pair_core,Ketamine 5-HT1B functional assay agonist antagonist,Ketamine,5-HT1B,target,{compound} {entity} functional assay agonist antagonist
mechanistic_01958,mechanistic,pair_core,Ketamine 5-HT1D binding affinity Ki,Ketamine,5-HT1D,target,{compound} {entity} binding affinity Ki
mechanistic_01959,mechanistic,pair_core,Ketamine 5-HT1D receptor pharmacology assay,Ketamine,5-HT1D,target,{compound} {entity} receptor pharmacology assay
mechanistic_01960,mechanistic,pair_core,Ketamine 5-HT1D functional assay agonist antagonist,Ketamine,5-HT1D,target,{compound} {entity} functional assay agonist antagonist
mechanistic_01961,mechanistic,pair_core,Ketamine 5-HT1E binding affinity Ki,Ketamine,5-HT1E,target,{compound} {entity} binding affinity Ki
mechanistic_01962,mechanistic,pair_core,Ketamine 5-HT1E receptor pharmacology assay,Ketamine,5-HT1E,target,{compound} {entity} receptor pharmacology assay
mechanistic_01963,mechanistic,pair_core,Ketamine 5-HT1E functional assay agonist antagonist,Ketamine,5-HT1E,target,{compound} {entity} functional assay agonist antagonist
mechanistic_01964,mechanistic,pair_core,Ketamine 5-HT1F binding affinity Ki,Ketamine,5-HT1F,target,{compound} {entity} binding affinity Ki
mechanistic_01965,mechanistic,pair_core,Ketamine 5-HT1F receptor pharmacology assay,Ketamine,5-HT1F,target,{compound} {entity} receptor pharmacology assay
mechanistic_01966,mechanistic,pair_core,Ketamine 5-HT1F functional assay agonist antagonist,Ketamine,5-HT1F,target,{compound} {entity} functional assay agonist antagonist
mechanistic_01967,mechanistic,pair_core,Ketamine 5-HT5A binding affinity Ki,Ketamine,5-HT5A,target,{compound} {entity} binding affinity Ki
mechanistic_01968,mechanistic,pair_core,Ketamine 5-HT5A receptor pharmacology assay,Ketamine,5-HT5A,target,{compound} {entity} receptor pharmacology assay
mechanistic_01969,mechanistic,pair_core,Ketamine 5-HT5A functional assay agonist antagonist,Ketamine,5-HT5A,target,{compound} {entity} functional assay agonist antagonist
mechanistic_01970,mechanistic,pair_core,Ketamine 5-HT6 binding affinity Ki,Ketamine,5-HT6,target,{compound} {entity} binding affinity Ki
mechanistic_01971,mechanistic,pair_core,Ketamine 5-HT6 receptor pharmacology assay,Ketamine,5-HT6,target,{compound} {entity} receptor pharmacology assay
mechanistic_01972,mechanistic,pair_core,Ketamine 5-HT6 functional assay agonist antagonist,Ketamine,5-HT6,target,{compound} {entity} functional assay agonist antagonist
mechanistic_01973,mechanistic,pair_core,Ketamine 5-HT7 binding affinity Ki,Ketamine,5-HT7,target,{compound} {entity} binding affinity Ki
mechanistic_01974,mechanistic,pair_core,Ketamine 5-HT7 receptor pharmacology assay,Ketamine,5-HT7,target,{compound} {entity} receptor pharmacology assay
mechanistic_01975,mechanistic,pair_core,Ketamine 5-HT7 functional assay agonist antagonist,Ketamine,5-HT7,target,{compound} {entity} functional assay agonist antagonist
mechanistic_01976,mechanistic,pair_core,Ketamine mGluR2 GRM2 binding affinity Ki,Ketamine,mGluR2 (GRM2),target,{compound} {entity} binding affinity Ki
mechanistic_01977,mechanistic,pair_core,Ketamine mGluR2 GRM2 receptor pharmacology assay,Ketamine,mGluR2 (GRM2),target,{compound} {entity} receptor pharmacology assay
mechanistic_01978,mechanistic,pair_core,Ketamine mGluR2 GRM2 functional assay agonist antagonist,Ketamine,mGluR2 (GRM2),target,{compound} {entity} functional assay agonist antagonist
mechanistic_01979,mechanistic,pair_core,Ketamine TAAR1 binding affinity Ki,Ketamine,TAAR1,target,{compound} {entity} binding affinity Ki
mechanistic_01980,mechanistic,pair_core,Ketamine TAAR1 receptor pharmacology assay,Ketamine,TAAR1,target,{compound} {entity} receptor pharmacology assay
mechanistic_01981,mechanistic,pair_core,Ketamine TAAR1 functional assay agonist antagonist,Ketamine,TAAR1,target,{compound} {entity} functional assay agonist antagonist
mechanistic_01982,mechanistic,pair_core,Ketamine SERT SLC6A4 binding affinity Ki,Ketamine,SERT (SLC6A4),target,{compound} {entity} binding affinity Ki
mechanistic_01983,mechanistic,pair_core,Ketamine SERT SLC6A4 receptor pharmacology assay,Ketamine,SERT (SLC6A4),target,{compound} {entity} receptor pharmacology assay
mechanistic_01984,mechanistic,pair_core,Ketamine SERT SLC6A4 functional assay agonist antagonist,Ketamine,SERT (SLC6A4),target,{compound} {entity} functional assay agonist antagonist
mechanistic_01985,mechanistic,pair_core,Ketamine NET SLC6A2 binding affinity Ki,Ketamine,NET (SLC6A2),target,{compound} {entity} binding affinity Ki
mechanistic_01986,mechanistic,pair_core,Ketamine NET SLC6A2 receptor pharmacology assay,Ketamine,NET (SLC6A2),target,{compound} {entity} receptor pharmacology assay
mechanistic_01987,mechanistic,pair_core,Ketamine NET SLC6A2 functional assay agonist antagonist,Ketamine,NET (SLC6A2),target,{compound} {entity} functional assay agonist antagonist
mechanistic_01988,mechanistic,pair_core,Ketamine DAT SLC6A3 binding affinity Ki,Ketamine,DAT (SLC6A3),target,{compound} {entity} binding affinity Ki
mechanistic_01989,mechanistic,pair_core,Ketamine DAT SLC6A3 receptor pharmacology assay,Ketamine,DAT (SLC6A3),target,{compound} {entity} receptor pharmacology assay
mechanistic_01990,mechanistic,pair_core,Ketamine DAT SLC6A3 functional assay agonist antagonist,Ketamine,DAT (SLC6A3),target,{compound} {entity} functional assay agonist antagonist
mechanistic_01991,mechanistic,pair_core,Ketamine VMAT2 SLC18A2 binding affinity Ki,Ketamine,VMAT2 (SLC18A2),target,{compound} {entity} binding affinity Ki
mechanistic_01992,mechanistic,pair_core,Ketamine VMAT2 SLC18A2 receptor pharmacology assay,Ketamine,VMAT2 (SLC18A2),target,{compound} {entity} receptor pharmacology assay
mechanistic_01993,mechanistic,pair_core,Ketamine VMAT2 SLC18A2 functional assay agonist antagonist,Ketamine,VMAT2 (SLC18A2),target,{compound} {entity} functional assay agonist antagonist
mechanistic_01994,mechanistic,pair_core,Ketamine D1 receptor DRD1 binding affinity Ki,Ketamine,D1 receptor (DRD1),target,{compound} {entity} binding affinity Ki
mechanistic_01995,mechanistic,pair_core,Ketamine D1 receptor DRD1 receptor pharmacology assay,Ketamine,D1 receptor (DRD1),target,{compound} {entity} receptor pharmacology assay
mechanistic_01996,mechanistic,pair_core,Ketamine D1 receptor DRD1 functional assay agonist antagonist,Ketamine,D1 receptor (DRD1),target,{compound} {entity} functional assay agonist antagonist
mechanistic_01997,mechanistic,pair_core,Ketamine D2 receptor DRD2 binding affinity Ki,Ketamine,D2 receptor (DRD2),target,{compound} {entity} binding affinity Ki
mechanistic_01998,mechanistic,pair_core,Ketamine D2 receptor DRD2 receptor pharmacology assay,Ketamine,D2 receptor (DRD2),target,{compound} {entity} receptor pharmacology assay
mechanistic_01999,mechanistic,pair_core,Ketamine D2 receptor DRD2 functional assay agonist antagonist,Ketamine,D2 receptor (DRD2),target,{compound} {entity} functional assay agonist antagonist
mechanistic_02000,mechanistic,pair_core,Ketamine D3 receptor DRD3 binding affinity Ki,Ketamine,D3 receptor (DRD3),target,{compound} {entity} binding affinity Ki
mechanistic_02001,mechanistic,pair_core,Ketamine D3 receptor DRD3 receptor pharmacology assay,Ketamine,D3 receptor (DRD3),target,{compound} {entity} receptor pharmacology assay
mechanistic_02002,mechanistic,pair_core,Ketamine D3 receptor DRD3 functional assay agonist antagonist,Ketamine,D3 receptor (DRD3),target,{compound} {entity} functional assay agonist antagonist
mechanistic_02003,mechanistic,pair_core,Ketamine D4 receptor DRD4 binding affinity Ki,Ketamine,D4 receptor (DRD4),target,{compound} {entity} binding affinity Ki
mechanistic_02004,mechanistic,pair_core,Ketamine D4 receptor DRD4 receptor pharmacology assay,Ketamine,D4 receptor (DRD4),target,{compound} {entity} receptor pharmacology assay
mechanistic_02005,mechanistic,pair_core,Ketamine D4 receptor DRD4 functional assay agonist antagonist,Ketamine,D4 receptor (DRD4),target,{compound} {entity} functional assay agonist antagonist
mechanistic_02006,mechanistic,pair_core,Ketamine D5 receptor DRD5 binding affinity Ki,Ketamine,D5 receptor (DRD5),target,{compound} {entity} binding affinity Ki
mechanistic_02007,mechanistic,pair_core,Ketamine D5 receptor DRD5 receptor pharmacology assay,Ketamine,D5 receptor (DRD5),target,{compound} {entity} receptor pharmacology assay
mechanistic_02008,mechanistic,pair_core,Ketamine D5 receptor DRD5 functional assay agonist antagonist,Ketamine,D5 receptor (DRD5),target,{compound} {entity} functional assay agonist antagonist
mechanistic_02009,mechanistic,pair_core,Ketamine Alpha1A adrenergic receptor ADRA1A binding affinity Ki,Ketamine,Alpha1A adrenergic receptor (ADRA1A),target,{compound} {entity} binding affinity Ki
mechanistic_02010,mechanistic,pair_core,Ketamine Alpha1A adrenergic receptor ADRA1A receptor pharmacology assay,Ketamine,Alpha1A adrenergic receptor (ADRA1A),target,{compound} {entity} receptor pharmacology assay
mechanistic_02011,mechanistic,pair_core,Ketamine Alpha1A adrenergic receptor ADRA1A functional assay agonist antagonist,Ketamine,Alpha1A adrenergic receptor (ADRA1A),target,{compound} {entity} functional assay agonist antagonist
mechanistic_02012,mechanistic,pair_core,Ketamine Alpha1B adrenergic receptor ADRA1B binding affinity Ki,Ketamine,Alpha1B adrenergic receptor (ADRA1B),target,{compound} {entity} binding affinity Ki
mechanistic_02013,mechanistic,pair_core,Ketamine Alpha1B adrenergic receptor ADRA1B receptor pharmacology assay,Ketamine,Alpha1B adrenergic receptor (ADRA1B),target,{compound} {entity} receptor pharmacology assay
mechanistic_02014,mechanistic,pair_core,Ketamine Alpha1B adrenergic receptor ADRA1B functional assay agonist antagonist,Ketamine,Alpha1B adrenergic receptor (ADRA1B),target,{compound} {entity} functional assay agonist antagonist
mechanistic_02015,mechanistic,pair_core,Ketamine Alpha2A adrenergic receptor ADRA2A binding affinity Ki,Ketamine,Alpha2A adrenergic receptor (ADRA2A),target,{compound} {entity} binding affinity Ki
mechanistic_02016,mechanistic,pair_core,Ketamine Alpha2A adrenergic receptor ADRA2A receptor pharmacology assay,Ketamine,Alpha2A adrenergic receptor (ADRA2A),target,{compound} {entity} receptor pharmacology assay
mechanistic_02017,mechanistic,pair_core,Ketamine Alpha2A adrenergic receptor ADRA2A functional assay agonist antagonist,Ketamine,Alpha2A adrenergic receptor (ADRA2A),target,{compound} {entity} functional assay agonist antagonist
mechanistic_02018,mechanistic,pair_core,Ketamine Alpha2B adrenergic receptor ADRA2B binding affinity Ki,Ketamine,Alpha2B adrenergic receptor (ADRA2B),target,{compound} {entity} binding affinity Ki
mechanistic_02019,mechanistic,pair_core,Ketamine Alpha2B adrenergic receptor ADRA2B receptor pharmacology assay,Ketamine,Alpha2B adrenergic receptor (ADRA2B),target,{compound} {entity} receptor pharmacology assay
mechanistic_02020,mechanistic,pair_core,Ketamine Alpha2B adrenergic receptor ADRA2B functional assay agonist antagonist,Ketamine,Alpha2B adrenergic receptor (ADRA2B),target,{compound} {entity} functional assay agonist antagonist
mechanistic_02021,mechanistic,pair_core,Ketamine Alpha2C adrenergic receptor ADRA2C binding affinity Ki,Ketamine,Alpha2C adrenergic receptor (ADRA2C),target,{compound} {entity} binding affinity Ki
mechanistic_02022,mechanistic,pair_core,Ketamine Alpha2C adrenergic receptor ADRA2C receptor pharmacology assay,Ketamine,Alpha2C adrenergic receptor (ADRA2C),target,{compound} {entity} receptor pharmacology assay
mechanistic_02023,mechanistic,pair_core,Ketamine Alpha2C adrenergic receptor ADRA2C functional assay agonist antagonist,Ketamine,Alpha2C adrenergic receptor (ADRA2C),target,{compound} {entity} functional assay agonist antagonist
mechanistic_02024,mechanistic,pair_core,Ketamine Beta1 adrenergic receptor ADRB1 binding affinity Ki,Ketamine,Beta1 adrenergic receptor (ADRB1),target,{compound} {entity} binding affinity Ki
mechanistic_02025,mechanistic,pair_core,Ketamine Beta1 adrenergic receptor ADRB1 receptor pharmacology assay,Ketamine,Beta1 adrenergic receptor (ADRB1),target,{compound} {entity} receptor pharmacology assay
mechanistic_02026,mechanistic,pair_core,Ketamine Beta1 adrenergic receptor ADRB1 functional assay agonist antagonist,Ketamine,Beta1 adrenergic receptor (ADRB1),target,{compound} {entity} functional assay agonist antagonist
mechanistic_02027,mechanistic,pair_core,Ketamine Beta2 adrenergic receptor ADRB2 binding affinity Ki,Ketamine,Beta2 adrenergic receptor (ADRB2),target,{compound} {entity} binding affinity Ki
mechanistic_02028,mechanistic,pair_core,Ketamine Beta2 adrenergic receptor ADRB2 receptor pharmacology assay,Ketamine,Beta2 adrenergic receptor (ADRB2),target,{compound} {entity} receptor pharmacology assay
mechanistic_02029,mechanistic,pair_core,Ketamine Beta2 adrenergic receptor ADRB2 functional assay agonist antagonist,Ketamine,Beta2 adrenergic receptor (ADRB2),target,{compound} {entity} functional assay agonist antagonist
mechanistic_02030,mechanistic,pair_core,Ketamine M1 muscarinic receptor CHRM1 binding affinity Ki,Ketamine,M1 muscarinic receptor (CHRM1),target,{compound} {entity} binding affinity Ki
mechanistic_02031,mechanistic,pair_core,Ketamine M1 muscarinic receptor CHRM1 receptor pharmacology assay,Ketamine,M1 muscarinic receptor (CHRM1),target,{compound} {entity} receptor pharmacology assay
mechanistic_02032,mechanistic,pair_core,Ketamine M1 muscarinic receptor CHRM1 functional assay agonist antagonist,Ketamine,M1 muscarinic receptor (CHRM1),target,{compound} {entity} functional assay agonist antagonist
mechanistic_02033,mechanistic,pair_core,Ketamine M2 muscarinic receptor CHRM2 binding affinity Ki,Ketamine,M2 muscarinic receptor (CHRM2),target,{compound} {entity} binding affinity Ki
mechanistic_02034,mechanistic,pair_core,Ketamine M2 muscarinic receptor CHRM2 receptor pharmacology assay,Ketamine,M2 muscarinic receptor (CHRM2),target,{compound} {entity} receptor pharmacology assay
mechanistic_02035,mechanistic,pair_core,Ketamine M2 muscarinic receptor CHRM2 functional assay agonist antagonist,Ketamine,M2 muscarinic receptor (CHRM2),target,{compound} {entity} functional assay agonist antagonist
mechanistic_02036,mechanistic,pair_core,Ketamine M3 muscarinic receptor CHRM3 binding affinity Ki,Ketamine,M3 muscarinic receptor (CHRM3),target,{compound} {entity} binding affinity Ki
mechanistic_02037,mechanistic,pair_core,Ketamine M3 muscarinic receptor CHRM3 receptor pharmacology assay,Ketamine,M3 muscarinic receptor (CHRM3),target,{compound} {entity} receptor pharmacology assay
mechanistic_02038,mechanistic,pair_core,Ketamine M3 muscarinic receptor CHRM3 functional assay agonist antagonist,Ketamine,M3 muscarinic receptor (CHRM3),target,{compound} {entity} functional assay agonist antagonist
mechanistic_02039,mechanistic,pair_core,Ketamine M4 muscarinic receptor CHRM4 binding affinity Ki,Ketamine,M4 muscarinic receptor (CHRM4),target,{compound} {entity} binding affinity Ki
mechanistic_02040,mechanistic,pair_core,Ketamine M4 muscarinic receptor CHRM4 receptor pharmacology assay,Ketamine,M4 muscarinic receptor (CHRM4),target,{compound} {entity} receptor pharmacology assay
mechanistic_02041,mechanistic,pair_core,Ketamine M4 muscarinic receptor CHRM4 functional assay agonist antagonist,Ketamine,M4 muscarinic receptor (CHRM4),target,{compound} {entity} functional assay agonist antagonist
mechanistic_02042,mechanistic,pair_core,Ketamine M5 muscarinic receptor CHRM5 binding affinity Ki,Ketamine,M5 muscarinic receptor (CHRM5),target,{compound} {entity} binding affinity Ki
mechanistic_02043,mechanistic,pair_core,Ketamine M5 muscarinic receptor CHRM5 receptor pharmacology assay,Ketamine,M5 muscarinic receptor (CHRM5),target,{compound} {entity} receptor pharmacology assay
mechanistic_02044,mechanistic,pair_core,Ketamine M5 muscarinic receptor CHRM5 functional assay agonist antagonist,Ketamine,M5 muscarinic receptor (CHRM5),target,{compound} {entity} functional assay agonist antagonist
mechanistic_02045,mechanistic,pair_core,Ketamine H1 receptor HRH1 binding affinity Ki,Ketamine,H1 receptor (HRH1),target,{compound} {entity} binding affinity Ki
mechanistic_02046,mechanistic,pair_core,Ketamine H1 receptor HRH1 receptor pharmacology assay,Ketamine,H1 receptor (HRH1),target,{compound} {entity} receptor pharmacology assay
mechanistic_02047,mechanistic,pair_core,Ketamine H1 receptor HRH1 functional assay agonist antagonist,Ketamine,H1 receptor (HRH1),target,{compound} {entity} functional assay agonist antagonist
mechanistic_02048,mechanistic,pair_core,Ketamine H2 receptor HRH2 binding affinity Ki,Ketamine,H2 receptor (HRH2),target,{compound} {entity} binding affinity Ki
mechanistic_02049,mechanistic,pair_core,Ketamine H2 receptor HRH2 receptor pharmacology assay,Ketamine,H2 receptor (HRH2),target,{compound} {entity} receptor pharmacology assay
mechanistic_02050,mechanistic,pair_core,Ketamine H2 receptor HRH2 functional assay agonist antagonist,Ketamine,H2 receptor (HRH2),target,{compound} {entity} functional assay agonist antagonist
mechanistic_02051,mechanistic,pair_core,Ketamine Sigma-1 receptor SIGMAR1 binding affinity Ki,Ketamine,Sigma-1 receptor (SIGMAR1),target,{compound} {entity} binding affinity Ki
mechanistic_02052,mechanistic,pair_core,Ketamine Sigma-1 receptor SIGMAR1 receptor pharmacology assay,Ketamine,Sigma-1 receptor (SIGMAR1),target,{compound} {entity} receptor pharmacology assay
mechanistic_02053,mechanistic,pair_core,Ketamine Sigma-1 receptor SIGMAR1 functional assay agonist antagonist,Ketamine,Sigma-1 receptor (SIGMAR1),target,{compound} {entity} functional assay agonist antagonist
mechanistic_02054,mechanistic,pair_core,Ketamine Sigma-2 receptor TMEM97 binding affinity Ki,Ketamine,Sigma-2 receptor (TMEM97),target,{compound} {entity} binding affinity Ki
mechanistic_02055,mechanistic,pair_core,Ketamine Sigma-2 receptor TMEM97 receptor pharmacology assay,Ketamine,Sigma-2 receptor (TMEM97),target,{compound} {entity} receptor pharmacology assay
mechanistic_02056,mechanistic,pair_core,Ketamine Sigma-2 receptor TMEM97 functional assay agonist antagonist,Ketamine,Sigma-2 receptor (TMEM97),target,{compound} {entity} functional assay agonist antagonist
mechanistic_02057,mechanistic,pair_core,Ketamine kappa opioid receptor OPRK1 binding affinity Ki,Ketamine,kappa opioid receptor (OPRK1),target,{compound} {entity} binding affinity Ki
mechanistic_02058,mechanistic,pair_core,Ketamine kappa opioid receptor OPRK1 receptor pharmacology assay,Ketamine,kappa opioid receptor (OPRK1),target,{compound} {entity} receptor pharmacology assay
mechanistic_02059,mechanistic,pair_core,Ketamine kappa opioid receptor OPRK1 functional assay agonist antagonist,Ketamine,kappa opioid receptor (OPRK1),target,{compound} {entity} functional assay agonist antagonist
mechanistic_02060,mechanistic,pair_core,Ketamine mu opioid receptor OPRM1 binding affinity Ki,Ketamine,mu opioid receptor (OPRM1),target,{compound} {entity} binding affinity Ki
mechanistic_02061,mechanistic,pair_core,Ketamine mu opioid receptor OPRM1 receptor pharmacology assay,Ketamine,mu opioid receptor (OPRM1),target,{compound} {entity} receptor pharmacology assay
mechanistic_02062,mechanistic,pair_core,Ketamine mu opioid receptor OPRM1 functional assay agonist antagonist,Ketamine,mu opioid receptor (OPRM1),target,{compound} {entity} functional assay agonist antagonist
mechanistic_02063,mechanistic,pair_core,Ketamine delta opioid receptor OPRD1 binding affinity Ki,Ketamine,delta opioid receptor (OPRD1),target,{compound} {entity} binding affinity Ki
mechanistic_02064,mechanistic,pair_core,Ketamine delta opioid receptor OPRD1 receptor pharmacology assay,Ketamine,delta opioid receptor (OPRD1),target,{compound} {entity} receptor pharmacology assay
mechanistic_02065,mechanistic,pair_core,Ketamine delta opioid receptor OPRD1 functional assay agonist antagonist,Ketamine,delta opioid receptor (OPRD1),target,{compound} {entity} functional assay agonist antagonist
mechanistic_02066,mechanistic,pair_core,Ketamine NMDA receptor binding affinity Ki,Ketamine,NMDA receptor,target,{compound} {entity} binding affinity Ki
mechanistic_02067,mechanistic,pair_core,Ketamine NMDA receptor pharmacology assay,Ketamine,NMDA receptor,target,{compound} {entity} receptor pharmacology assay
mechanistic_02068,mechanistic,pair_core,Ketamine NMDA receptor functional assay agonist antagonist,Ketamine,NMDA receptor,target,{compound} {entity} functional assay agonist antagonist
mechanistic_02069,mechanistic,pair_core,Ketamine AMPA receptor binding affinity Ki,Ketamine,AMPA receptor,target,{compound} {entity} binding affinity Ki
mechanistic_02070,mechanistic,pair_core,Ketamine AMPA receptor pharmacology assay,Ketamine,AMPA receptor,target,{compound} {entity} receptor pharmacology assay
mechanistic_02071,mechanistic,pair_core,Ketamine AMPA receptor functional assay agonist antagonist,Ketamine,AMPA receptor,target,{compound} {entity} functional assay agonist antagonist
mechanistic_02072,mechanistic,pair_core,Ketamine TrkB NTRK2 binding affinity Ki,Ketamine,TrkB (NTRK2),target,{compound} {entity} binding affinity Ki
mechanistic_02073,mechanistic,pair_core,Ketamine TrkB NTRK2 receptor pharmacology assay,Ketamine,TrkB (NTRK2),target,{compound} {entity} receptor pharmacology assay
mechanistic_02074,mechanistic,pair_core,Ketamine TrkB NTRK2 functional assay agonist antagonist,Ketamine,TrkB (NTRK2),target,{compound} {entity} functional assay agonist antagonist
mechanistic_02075,mechanistic,pair_core,Ketamine CB1 receptor CNR1 binding affinity Ki,Ketamine,CB1 receptor (CNR1),target,{compound} {entity} binding affinity Ki
mechanistic_02076,mechanistic,pair_core,Ketamine CB1 receptor CNR1 receptor pharmacology assay,Ketamine,CB1 receptor (CNR1),target,{compound} {entity} receptor pharmacology assay
mechanistic_02077,mechanistic,pair_core,Ketamine CB1 receptor CNR1 functional assay agonist antagonist,Ketamine,CB1 receptor (CNR1),target,{compound} {entity} functional assay agonist antagonist
mechanistic_02078,mechanistic,pair_core,Ketamine CB2 receptor CNR2 binding affinity Ki,Ketamine,CB2 receptor (CNR2),target,{compound} {entity} binding affinity Ki
mechanistic_02079,mechanistic,pair_core,Ketamine CB2 receptor CNR2 receptor pharmacology assay,Ketamine,CB2 receptor (CNR2),target,{compound} {entity} receptor pharmacology assay
mechanistic_02080,mechanistic,pair_core,Ketamine CB2 receptor CNR2 functional assay agonist antagonist,Ketamine,CB2 receptor (CNR2),target,{compound} {entity} functional assay agonist antagonist
mechanistic_02081,mechanistic,pair_core,S-ketamine 5-HT2A binding affinity Ki,S-ketamine,5-HT2A,target,{compound} {entity} binding affinity Ki
mechanistic_02082,mechanistic,pair_core,S-ketamine 5-HT2A receptor pharmacology assay,S-ketamine,5-HT2A,target,{compound} {entity} receptor pharmacology assay
mechanistic_02083,mechanistic,pair_core,S-ketamine 5-HT2A functional assay agonist antagonist,S-ketamine,5-HT2A,target,{compound} {entity} functional assay agonist antagonist
mechanistic_02084,mechanistic,pair_core,S-ketamine 5-HT2B binding affinity Ki,S-ketamine,5-HT2B,target,{compound} {entity} binding affinity Ki
mechanistic_02085,mechanistic,pair_core,S-ketamine 5-HT2B receptor pharmacology assay,S-ketamine,5-HT2B,target,{compound} {entity} receptor pharmacology assay
mechanistic_02086,mechanistic,pair_core,S-ketamine 5-HT2B functional assay agonist antagonist,S-ketamine,5-HT2B,target,{compound} {entity} functional assay agonist antagonist
mechanistic_02087,mechanistic,pair_core,S-ketamine 5-HT2C binding affinity Ki,S-ketamine,5-HT2C,target,{compound} {entity} binding affinity Ki
mechanistic_02088,mechanistic,pair_core,S-ketamine 5-HT2C receptor pharmacology assay,S-ketamine,5-HT2C,target,{compound} {entity} receptor pharmacology assay
mechanistic_02089,mechanistic,pair_core,S-ketamine 5-HT2C functional assay agonist antagonist,S-ketamine,5-HT2C,target,{compound} {entity} functional assay agonist antagonist
mechanistic_02090,mechanistic,pair_core,S-ketamine 5-HT1A binding affinity Ki,S-ketamine,5-HT1A,target,{compound} {entity} binding affinity Ki
mechanistic_02091,mechanistic,pair_core,S-ketamine 5-HT1A receptor pharmacology assay,S-ketamine,5-HT1A,target,{compound} {entity} receptor pharmacology assay
mechanistic_02092,mechanistic,pair_core,S-ketamine 5-HT1A functional assay agonist antagonist,S-ketamine,5-HT1A,target,{compound} {entity} functional assay agonist antagonist
mechanistic_02093,mechanistic,pair_core,S-ketamine 5-HT1B binding affinity Ki,S-ketamine,5-HT1B,target,{compound} {entity} binding affinity Ki
mechanistic_02094,mechanistic,pair_core,S-ketamine 5-HT1B receptor pharmacology assay,S-ketamine,5-HT1B,target,{compound} {entity} receptor pharmacology assay
mechanistic_02095,mechanistic,pair_core,S-ketamine 5-HT1B functional assay agonist antagonist,S-ketamine,5-HT1B,target,{compound} {entity} functional assay agonist antagonist
mechanistic_02096,mechanistic,pair_core,S-ketamine 5-HT1D binding affinity Ki,S-ketamine,5-HT1D,target,{compound} {entity} binding affinity Ki
mechanistic_02097,mechanistic,pair_core,S-ketamine 5-HT1D receptor pharmacology assay,S-ketamine,5-HT1D,target,{compound} {entity} receptor pharmacology assay
mechanistic_02098,mechanistic,pair_core,S-ketamine 5-HT1D functional assay agonist antagonist,S-ketamine,5-HT1D,target,{compound} {entity} functional assay agonist antagonist
mechanistic_02099,mechanistic,pair_core,S-ketamine 5-HT1E binding affinity Ki,S-ketamine,5-HT1E,target,{compound} {entity} binding affinity Ki
mechanistic_02100,mechanistic,pair_core,S-ketamine 5-HT1E receptor pharmacology assay,S-ketamine,5-HT1E,target,{compound} {entity} receptor pharmacology assay
mechanistic_02101,mechanistic,pair_core,S-ketamine 5-HT1E functional assay agonist antagonist,S-ketamine,5-HT1E,target,{compound} {entity} functional assay agonist antagonist
mechanistic_02102,mechanistic,pair_core,S-ketamine 5-HT1F binding affinity Ki,S-ketamine,5-HT1F,target,{compound} {entity} binding affinity Ki
mechanistic_02103,mechanistic,pair_core,S-ketamine 5-HT1F receptor pharmacology assay,S-ketamine,5-HT1F,target,{compound} {entity} receptor pharmacology assay
mechanistic_02104,mechanistic,pair_core,S-ketamine 5-HT1F functional assay agonist antagonist,S-ketamine,5-HT1F,target,{compound} {entity} functional assay agonist antagonist
mechanistic_02105,mechanistic,pair_core,S-ketamine 5-HT5A binding affinity Ki,S-ketamine,5-HT5A,target,{compound} {entity} binding affinity Ki
mechanistic_02106,mechanistic,pair_core,S-ketamine 5-HT5A receptor pharmacology assay,S-ketamine,5-HT5A,target,{compound} {entity} receptor pharmacology assay
mechanistic_02107,mechanistic,pair_core,S-ketamine 5-HT5A functional assay agonist antagonist,S-ketamine,5-HT5A,target,{compound} {entity} functional assay agonist antagonist
mechanistic_02108,mechanistic,pair_core,S-ketamine 5-HT6 binding affinity Ki,S-ketamine,5-HT6,target,{compound} {entity} binding affinity Ki
mechanistic_02109,mechanistic,pair_core,S-ketamine 5-HT6 receptor pharmacology assay,S-ketamine,5-HT6,target,{compound} {entity} receptor pharmacology assay
mechanistic_02110,mechanistic,pair_core,S-ketamine 5-HT6 functional assay agonist antagonist,S-ketamine,5-HT6,target,{compound} {entity} functional assay agonist antagonist
mechanistic_02111,mechanistic,pair_core,S-ketamine 5-HT7 binding affinity Ki,S-ketamine,5-HT7,target,{compound} {entity} binding affinity Ki
mechanistic_02112,mechanistic,pair_core,S-ketamine 5-HT7 receptor pharmacology assay,S-ketamine,5-HT7,target,{compound} {entity} receptor pharmacology assay
mechanistic_02113,mechanistic,pair_core,S-ketamine 5-HT7 functional assay agonist antagonist,S-ketamine,5-HT7,target,{compound} {entity} functional assay agonist antagonist
mechanistic_02114,mechanistic,pair_core,S-ketamine mGluR2 GRM2 binding affinity Ki,S-ketamine,mGluR2 (GRM2),target,{compound} {entity} binding affinity Ki
mechanistic_02115,mechanistic,pair_core,S-ketamine mGluR2 GRM2 receptor pharmacology assay,S-ketamine,mGluR2 (GRM2),target,{compound} {entity} receptor pharmacology assay
mechanistic_02116,mechanistic,pair_core,S-ketamine mGluR2 GRM2 functional assay agonist antagonist,S-ketamine,mGluR2 (GRM2),target,{compound} {entity} functional assay agonist antagonist
mechanistic_02117,mechanistic,pair_core,S-ketamine TAAR1 binding affinity Ki,S-ketamine,TAAR1,target,{compound} {entity} binding affinity Ki
mechanistic_02118,mechanistic,pair_core,S-ketamine TAAR1 receptor pharmacology assay,S-ketamine,TAAR1,target,{compound} {entity} receptor pharmacology assay
mechanistic_02119,mechanistic,pair_core,S-ketamine TAAR1 functional assay agonist antagonist,S-ketamine,TAAR1,target,{compound} {entity} functional assay agonist antagonist
mechanistic_02120,mechanistic,pair_core,S-ketamine SERT SLC6A4 binding affinity Ki,S-ketamine,SERT (SLC6A4),target,{compound} {entity} binding affinity Ki
mechanistic_02121,mechanistic,pair_core,S-ketamine SERT SLC6A4 receptor pharmacology assay,S-ketamine,SERT (SLC6A4),target,{compound} {entity} receptor pharmacology assay
mechanistic_02122,mechanistic,pair_core,S-ketamine SERT SLC6A4 functional assay agonist antagonist,S-ketamine,SERT (SLC6A4),target,{compound} {entity} functional assay agonist antagonist
mechanistic_02123,mechanistic,pair_core,S-ketamine NET SLC6A2 binding affinity Ki,S-ketamine,NET (SLC6A2),target,{compound} {entity} binding affinity Ki
mechanistic_02124,mechanistic,pair_core,S-ketamine NET SLC6A2 receptor pharmacology assay,S-ketamine,NET (SLC6A2),target,{compound} {entity} receptor pharmacology assay
mechanistic_02125,mechanistic,pair_core,S-ketamine NET SLC6A2 functional assay agonist antagonist,S-ketamine,NET (SLC6A2),target,{compound} {entity} functional assay agonist antagonist
mechanistic_02126,mechanistic,pair_core,S-ketamine DAT SLC6A3 binding affinity Ki,S-ketamine,DAT (SLC6A3),target,{compound} {entity} binding affinity Ki
mechanistic_02127,mechanistic,pair_core,S-ketamine DAT SLC6A3 receptor pharmacology assay,S-ketamine,DAT (SLC6A3),target,{compound} {entity} receptor pharmacology assay
mechanistic_02128,mechanistic,pair_core,S-ketamine DAT SLC6A3 functional assay agonist antagonist,S-ketamine,DAT (SLC6A3),target,{compound} {entity} functional assay agonist antagonist
mechanistic_02129,mechanistic,pair_core,S-ketamine VMAT2 SLC18A2 binding affinity Ki,S-ketamine,VMAT2 (SLC18A2),target,{compound} {entity} binding affinity Ki
mechanistic_02130,mechanistic,pair_core,S-ketamine VMAT2 SLC18A2 receptor pharmacology assay,S-ketamine,VMAT2 (SLC18A2),target,{compound} {entity} receptor pharmacology assay
mechanistic_02131,mechanistic,pair_core,S-ketamine VMAT2 SLC18A2 functional assay agonist antagonist,S-ketamine,VMAT2 (SLC18A2),target,{compound} {entity} functional assay agonist antagonist
mechanistic_02132,mechanistic,pair_core,S-ketamine D1 receptor DRD1 binding affinity Ki,S-ketamine,D1 receptor (DRD1),target,{compound} {entity} binding affinity Ki
mechanistic_02133,mechanistic,pair_core,S-ketamine D1 receptor DRD1 receptor pharmacology assay,S-ketamine,D1 receptor (DRD1),target,{compound} {entity} receptor pharmacology assay
mechanistic_02134,mechanistic,pair_core,S-ketamine D1 receptor DRD1 functional assay agonist antagonist,S-ketamine,D1 receptor (DRD1),target,{compound} {entity} functional assay agonist antagonist
mechanistic_02135,mechanistic,pair_core,S-ketamine D2 receptor DRD2 binding affinity Ki,S-ketamine,D2 receptor (DRD2),target,{compound} {entity} binding affinity Ki
mechanistic_02136,mechanistic,pair_core,S-ketamine D2 receptor DRD2 receptor pharmacology assay,S-ketamine,D2 receptor (DRD2),target,{compound} {entity} receptor pharmacology assay
mechanistic_02137,mechanistic,pair_core,S-ketamine D2 receptor DRD2 functional assay agonist antagonist,S-ketamine,D2 receptor (DRD2),target,{compound} {entity} functional assay agonist antagonist
mechanistic_02138,mechanistic,pair_core,S-ketamine D3 receptor DRD3 binding affinity Ki,S-ketamine,D3 receptor (DRD3),target,{compound} {entity} binding affinity Ki
mechanistic_02139,mechanistic,pair_core,S-ketamine D3 receptor DRD3 receptor pharmacology assay,S-ketamine,D3 receptor (DRD3),target,{compound} {entity} receptor pharmacology assay
mechanistic_02140,mechanistic,pair_core,S-ketamine D3 receptor DRD3 functional assay agonist antagonist,S-ketamine,D3 receptor (DRD3),target,{compound} {entity} functional assay agonist antagonist
mechanistic_02141,mechanistic,pair_core,S-ketamine D4 receptor DRD4 binding affinity Ki,S-ketamine,D4 receptor (DRD4),target,{compound} {entity} binding affinity Ki
mechanistic_02142,mechanistic,pair_core,S-ketamine D4 receptor DRD4 receptor pharmacology assay,S-ketamine,D4 receptor (DRD4),target,{compound} {entity} receptor pharmacology assay
mechanistic_02143,mechanistic,pair_core,S-ketamine D4 receptor DRD4 functional assay agonist antagonist,S-ketamine,D4 receptor (DRD4),target,{compound} {entity} functional assay agonist antagonist
mechanistic_02144,mechanistic,pair_core,S-ketamine D5 receptor DRD5 binding affinity Ki,S-ketamine,D5 receptor (DRD5),target,{compound} {entity} binding affinity Ki
mechanistic_02145,mechanistic,pair_core,S-ketamine D5 receptor DRD5 receptor pharmacology assay,S-ketamine,D5 receptor (DRD5),target,{compound} {entity} receptor pharmacology assay
mechanistic_02146,mechanistic,pair_core,S-ketamine D5 receptor DRD5 functional assay agonist antagonist,S-ketamine,D5 receptor (DRD5),target,{compound} {entity} functional assay agonist antagonist
mechanistic_02147,mechanistic,pair_core,S-ketamine Alpha1A adrenergic receptor ADRA1A binding affinity Ki,S-ketamine,Alpha1A adrenergic receptor (ADRA1A),target,{compound} {entity} binding affinity Ki
mechanistic_02148,mechanistic,pair_core,S-ketamine Alpha1A adrenergic receptor ADRA1A receptor pharmacology assay,S-ketamine,Alpha1A adrenergic receptor (ADRA1A),target,{compound} {entity} receptor pharmacology assay
mechanistic_02149,mechanistic,pair_core,S-ketamine Alpha1A adrenergic receptor ADRA1A functional assay agonist antagonist,S-ketamine,Alpha1A adrenergic receptor (ADRA1A),target,{compound} {entity} functional assay agonist antagonist
mechanistic_02150,mechanistic,pair_core,S-ketamine Alpha1B adrenergic receptor ADRA1B binding affinity Ki,S-ketamine,Alpha1B adrenergic receptor (ADRA1B),target,{compound} {entity} binding affinity Ki
mechanistic_02151,mechanistic,pair_core,S-ketamine Alpha1B adrenergic receptor ADRA1B receptor pharmacology assay,S-ketamine,Alpha1B adrenergic receptor (ADRA1B),target,{compound} {entity} receptor pharmacology assay
mechanistic_02152,mechanistic,pair_core,S-ketamine Alpha1B adrenergic receptor ADRA1B functional assay agonist antagonist,S-ketamine,Alpha1B adrenergic receptor (ADRA1B),target,{compound} {entity} functional assay agonist antagonist
mechanistic_02153,mechanistic,pair_core,S-ketamine Alpha2A adrenergic receptor ADRA2A binding affinity Ki,S-ketamine,Alpha2A adrenergic receptor (ADRA2A),target,{compound} {entity} binding affinity Ki
mechanistic_02154,mechanistic,pair_core,S-ketamine Alpha2A adrenergic receptor ADRA2A receptor pharmacology assay,S-ketamine,Alpha2A adrenergic receptor (ADRA2A),target,{compound} {entity} receptor pharmacology assay
mechanistic_02155,mechanistic,pair_core,S-ketamine Alpha2A adrenergic receptor ADRA2A functional assay agonist antagonist,S-ketamine,Alpha2A adrenergic receptor (ADRA2A),target,{compound} {entity} functional assay agonist antagonist
mechanistic_02156,mechanistic,pair_core,S-ketamine Alpha2B adrenergic receptor ADRA2B binding affinity Ki,S-ketamine,Alpha2B adrenergic receptor (ADRA2B),target,{compound} {entity} binding affinity Ki
mechanistic_02157,mechanistic,pair_core,S-ketamine Alpha2B adrenergic receptor ADRA2B receptor pharmacology assay,S-ketamine,Alpha2B adrenergic receptor (ADRA2B),target,{compound} {entity} receptor pharmacology assay
mechanistic_02158,mechanistic,pair_core,S-ketamine Alpha2B adrenergic receptor ADRA2B functional assay agonist antagonist,S-ketamine,Alpha2B adrenergic receptor (ADRA2B),target,{compound} {entity} functional assay agonist antagonist
mechanistic_02159,mechanistic,pair_core,S-ketamine Alpha2C adrenergic receptor ADRA2C binding affinity Ki,S-ketamine,Alpha2C adrenergic receptor (ADRA2C),target,{compound} {entity} binding affinity Ki
mechanistic_02160,mechanistic,pair_core,S-ketamine Alpha2C adrenergic receptor ADRA2C receptor pharmacology assay,S-ketamine,Alpha2C adrenergic receptor (ADRA2C),target,{compound} {entity} receptor pharmacology assay
mechanistic_02161,mechanistic,pair_core,S-ketamine Alpha2C adrenergic receptor ADRA2C functional assay agonist antagonist,S-ketamine,Alpha2C adrenergic receptor (ADRA2C),target,{compound} {entity} functional assay agonist antagonist
mechanistic_02162,mechanistic,pair_core,S-ketamine Beta1 adrenergic receptor ADRB1 binding affinity Ki,S-ketamine,Beta1 adrenergic receptor (ADRB1),target,{compound} {entity} binding affinity Ki
mechanistic_02163,mechanistic,pair_core,S-ketamine Beta1 adrenergic receptor ADRB1 receptor pharmacology assay,S-ketamine,Beta1 adrenergic receptor (ADRB1),target,{compound} {entity} receptor pharmacology assay
mechanistic_02164,mechanistic,pair_core,S-ketamine Beta1 adrenergic receptor ADRB1 functional assay agonist antagonist,S-ketamine,Beta1 adrenergic receptor (ADRB1),target,{compound} {entity} functional assay agonist antagonist
mechanistic_02165,mechanistic,pair_core,S-ketamine Beta2 adrenergic receptor ADRB2 binding affinity Ki,S-ketamine,Beta2 adrenergic receptor (ADRB2),target,{compound} {entity} binding affinity Ki
mechanistic_02166,mechanistic,pair_core,S-ketamine Beta2 adrenergic receptor ADRB2 receptor pharmacology assay,S-ketamine,Beta2 adrenergic receptor (ADRB2),target,{compound} {entity} receptor pharmacology assay
mechanistic_02167,mechanistic,pair_core,S-ketamine Beta2 adrenergic receptor ADRB2 functional assay agonist antagonist,S-ketamine,Beta2 adrenergic receptor (ADRB2),target,{compound} {entity} functional assay agonist antagonist
mechanistic_02168,mechanistic,pair_core,S-ketamine M1 muscarinic receptor CHRM1 binding affinity Ki,S-ketamine,M1 muscarinic receptor (CHRM1),target,{compound} {entity} binding affinity Ki
mechanistic_02169,mechanistic,pair_core,S-ketamine M1 muscarinic receptor CHRM1 receptor pharmacology assay,S-ketamine,M1 muscarinic receptor (CHRM1),target,{compound} {entity} receptor pharmacology assay
mechanistic_02170,mechanistic,pair_core,S-ketamine M1 muscarinic receptor CHRM1 functional assay agonist antagonist,S-ketamine,M1 muscarinic receptor (CHRM1),target,{compound} {entity} functional assay agonist antagonist
mechanistic_02171,mechanistic,pair_core,S-ketamine M2 muscarinic receptor CHRM2 binding affinity Ki,S-ketamine,M2 muscarinic receptor (CHRM2),target,{compound} {entity} binding affinity Ki
mechanistic_02172,mechanistic,pair_core,S-ketamine M2 muscarinic receptor CHRM2 receptor pharmacology assay,S-ketamine,M2 muscarinic receptor (CHRM2),target,{compound} {entity} receptor pharmacology assay
mechanistic_02173,mechanistic,pair_core,S-ketamine M2 muscarinic receptor CHRM2 functional assay agonist antagonist,S-ketamine,M2 muscarinic receptor (CHRM2),target,{compound} {entity} functional assay agonist antagonist
mechanistic_02174,mechanistic,pair_core,S-ketamine M3 muscarinic receptor CHRM3 binding affinity Ki,S-ketamine,M3 muscarinic receptor (CHRM3),target,{compound} {entity} binding affinity Ki
mechanistic_02175,mechanistic,pair_core,S-ketamine M3 muscarinic receptor CHRM3 receptor pharmacology assay,S-ketamine,M3 muscarinic receptor (CHRM3),target,{compound} {entity} receptor pharmacology assay
mechanistic_02176,mechanistic,pair_core,S-ketamine M3 muscarinic receptor CHRM3 functional assay agonist antagonist,S-ketamine,M3 muscarinic receptor (CHRM3),target,{compound} {entity} functional assay agonist antagonist
mechanistic_02177,mechanistic,pair_core,S-ketamine M4 muscarinic receptor CHRM4 binding affinity Ki,S-ketamine,M4 muscarinic receptor (CHRM4),target,{compound} {entity} binding affinity Ki
mechanistic_02178,mechanistic,pair_core,S-ketamine M4 muscarinic receptor CHRM4 receptor pharmacology assay,S-ketamine,M4 muscarinic receptor (CHRM4),target,{compound} {entity} receptor pharmacology assay
mechanistic_02179,mechanistic,pair_core,S-ketamine M4 muscarinic receptor CHRM4 functional assay agonist antagonist,S-ketamine,M4 muscarinic receptor (CHRM4),target,{compound} {entity} functional assay agonist antagonist
mechanistic_02180,mechanistic,pair_core,S-ketamine M5 muscarinic receptor CHRM5 binding affinity Ki,S-ketamine,M5 muscarinic receptor (CHRM5),target,{compound} {entity} binding affinity Ki
mechanistic_02181,mechanistic,pair_core,S-ketamine M5 muscarinic receptor CHRM5 receptor pharmacology assay,S-ketamine,M5 muscarinic receptor (CHRM5),target,{compound} {entity} receptor pharmacology assay
mechanistic_02182,mechanistic,pair_core,S-ketamine M5 muscarinic receptor CHRM5 functional assay agonist antagonist,S-ketamine,M5 muscarinic receptor (CHRM5),target,{compound} {entity} functional assay agonist antagonist
mechanistic_02183,mechanistic,pair_core,S-ketamine H1 receptor HRH1 binding affinity Ki,S-ketamine,H1 receptor (HRH1),target,{compound} {entity} binding affinity Ki
mechanistic_02184,mechanistic,pair_core,S-ketamine H1 receptor HRH1 receptor pharmacology assay,S-ketamine,H1 receptor (HRH1),target,{compound} {entity} receptor pharmacology assay
mechanistic_02185,mechanistic,pair_core,S-ketamine H1 receptor HRH1 functional assay agonist antagonist,S-ketamine,H1 receptor (HRH1),target,{compound} {entity} functional assay agonist antagonist
mechanistic_02186,mechanistic,pair_core,S-ketamine H2 receptor HRH2 binding affinity Ki,S-ketamine,H2 receptor (HRH2),target,{compound} {entity} binding affinity Ki
mechanistic_02187,mechanistic,pair_core,S-ketamine H2 receptor HRH2 receptor pharmacology assay,S-ketamine,H2 receptor (HRH2),target,{compound} {entity} receptor pharmacology assay
mechanistic_02188,mechanistic,pair_core,S-ketamine H2 receptor HRH2 functional assay agonist antagonist,S-ketamine,H2 receptor (HRH2),target,{compound} {entity} functional assay agonist antagonist
mechanistic_02189,mechanistic,pair_core,S-ketamine Sigma-1 receptor SIGMAR1 binding affinity Ki,S-ketamine,Sigma-1 receptor (SIGMAR1),target,{compound} {entity} binding affinity Ki
mechanistic_02190,mechanistic,pair_core,S-ketamine Sigma-1 receptor SIGMAR1 receptor pharmacology assay,S-ketamine,Sigma-1 receptor (SIGMAR1),target,{compound} {entity} receptor pharmacology assay
mechanistic_02191,mechanistic,pair_core,S-ketamine Sigma-1 receptor SIGMAR1 functional assay agonist antagonist,S-ketamine,Sigma-1 receptor (SIGMAR1),target,{compound} {entity} functional assay agonist antagonist
mechanistic_02192,mechanistic,pair_core,S-ketamine Sigma-2 receptor TMEM97 binding affinity Ki,S-ketamine,Sigma-2 receptor (TMEM97),target,{compound} {entity} binding affinity Ki
mechanistic_02193,mechanistic,pair_core,S-ketamine Sigma-2 receptor TMEM97 receptor pharmacology assay,S-ketamine,Sigma-2 receptor (TMEM97),target,{compound} {entity} receptor pharmacology assay
mechanistic_02194,mechanistic,pair_core,S-ketamine Sigma-2 receptor TMEM97 functional assay agonist antagonist,S-ketamine,Sigma-2 receptor (TMEM97),target,{compound} {entity} functional assay agonist antagonist
mechanistic_02195,mechanistic,pair_core,S-ketamine kappa opioid receptor OPRK1 binding affinity Ki,S-ketamine,kappa opioid receptor (OPRK1),target,{compound} {entity} binding affinity Ki
mechanistic_02196,mechanistic,pair_core,S-ketamine kappa opioid receptor OPRK1 receptor pharmacology assay,S-ketamine,kappa opioid receptor (OPRK1),target,{compound} {entity} receptor pharmacology assay
mechanistic_02197,mechanistic,pair_core,S-ketamine kappa opioid receptor OPRK1 functional assay agonist antagonist,S-ketamine,kappa opioid receptor (OPRK1),target,{compound} {entity} functional assay agonist antagonist
mechanistic_02198,mechanistic,pair_core,S-ketamine mu opioid receptor OPRM1 binding affinity Ki,S-ketamine,mu opioid receptor (OPRM1),target,{compound} {entity} binding affinity Ki
mechanistic_02199,mechanistic,pair_core,S-ketamine mu opioid receptor OPRM1 receptor pharmacology assay,S-ketamine,mu opioid receptor (OPRM1),target,{compound} {entity} receptor pharmacology assay
mechanistic_02200,mechanistic,pair_core,S-ketamine mu opioid receptor OPRM1 functional assay agonist antagonist,S-ketamine,mu opioid receptor (OPRM1),target,{compound} {entity} functional assay agonist antagonist
mechanistic_02201,mechanistic,pair_core,S-ketamine delta opioid receptor OPRD1 binding affinity Ki,S-ketamine,delta opioid receptor (OPRD1),target,{compound} {entity} binding affinity Ki
mechanistic_02202,mechanistic,pair_core,S-ketamine delta opioid receptor OPRD1 receptor pharmacology assay,S-ketamine,delta opioid receptor (OPRD1),target,{compound} {entity} receptor pharmacology assay
mechanistic_02203,mechanistic,pair_core,S-ketamine delta opioid receptor OPRD1 functional assay agonist antagonist,S-ketamine,delta opioid receptor (OPRD1),target,{compound} {entity} functional assay agonist antagonist
mechanistic_02204,mechanistic,pair_core,S-ketamine NMDA receptor binding affinity Ki,S-ketamine,NMDA receptor,target,{compound} {entity} binding affinity Ki
mechanistic_02205,mechanistic,pair_core,S-ketamine NMDA receptor pharmacology assay,S-ketamine,NMDA receptor,target,{compound} {entity} receptor pharmacology assay
mechanistic_02206,mechanistic,pair_core,S-ketamine NMDA receptor functional assay agonist antagonist,S-ketamine,NMDA receptor,target,{compound} {entity} functional assay agonist antagonist
mechanistic_02207,mechanistic,pair_core,S-ketamine AMPA receptor binding affinity Ki,S-ketamine,AMPA receptor,target,{compound} {entity} binding affinity Ki
mechanistic_02208,mechanistic,pair_core,S-ketamine AMPA receptor pharmacology assay,S-ketamine,AMPA receptor,target,{compound} {entity} receptor pharmacology assay
mechanistic_02209,mechanistic,pair_core,S-ketamine AMPA receptor functional assay agonist antagonist,S-ketamine,AMPA receptor,target,{compound} {entity} functional assay agonist antagonist
mechanistic_02210,mechanistic,pair_core,S-ketamine TrkB NTRK2 binding affinity Ki,S-ketamine,TrkB (NTRK2),target,{compound} {entity} binding affinity Ki
mechanistic_02211,mechanistic,pair_core,S-ketamine TrkB NTRK2 receptor pharmacology assay,S-ketamine,TrkB (NTRK2),target,{compound} {entity} receptor pharmacology assay
mechanistic_02212,mechanistic,pair_core,S-ketamine TrkB NTRK2 functional assay agonist antagonist,S-ketamine,TrkB (NTRK2),target,{compound} {entity} functional assay agonist antagonist
mechanistic_02213,mechanistic,pair_core,S-ketamine CB1 receptor CNR1 binding affinity Ki,S-ketamine,CB1 receptor (CNR1),target,{compound} {entity} binding affinity Ki
mechanistic_02214,mechanistic,pair_core,S-ketamine CB1 receptor CNR1 receptor pharmacology assay,S-ketamine,CB1 receptor (CNR1),target,{compound} {entity} receptor pharmacology assay
mechanistic_02215,mechanistic,pair_core,S-ketamine CB1 receptor CNR1 functional assay agonist antagonist,S-ketamine,CB1 receptor (CNR1),target,{compound} {entity} functional assay agonist antagonist
mechanistic_02216,mechanistic,pair_core,S-ketamine CB2 receptor CNR2 binding affinity Ki,S-ketamine,CB2 receptor (CNR2),target,{compound} {entity} binding affinity Ki
mechanistic_02217,mechanistic,pair_core,S-ketamine CB2 receptor CNR2 receptor pharmacology assay,S-ketamine,CB2 receptor (CNR2),target,{compound} {entity} receptor pharmacology assay
mechanistic_02218,mechanistic,pair_core,S-ketamine CB2 receptor CNR2 functional assay agonist antagonist,S-ketamine,CB2 receptor (CNR2),target,{compound} {entity} functional assay agonist antagonist
mechanistic_02219,mechanistic,pair_core,R-ketamine 5-HT2A binding affinity Ki,R-ketamine,5-HT2A,target,{compound} {entity} binding affinity Ki
mechanistic_02220,mechanistic,pair_core,R-ketamine 5-HT2A receptor pharmacology assay,R-ketamine,5-HT2A,target,{compound} {entity} receptor pharmacology assay
mechanistic_02221,mechanistic,pair_core,R-ketamine 5-HT2A functional assay agonist antagonist,R-ketamine,5-HT2A,target,{compound} {entity} functional assay agonist antagonist
mechanistic_02222,mechanistic,pair_core,R-ketamine 5-HT2B binding affinity Ki,R-ketamine,5-HT2B,target,{compound} {entity} binding affinity Ki
mechanistic_02223,mechanistic,pair_core,R-ketamine 5-HT2B receptor pharmacology assay,R-ketamine,5-HT2B,target,{compound} {entity} receptor pharmacology assay
mechanistic_02224,mechanistic,pair_core,R-ketamine 5-HT2B functional assay agonist antagonist,R-ketamine,5-HT2B,target,{compound} {entity} functional assay agonist antagonist
mechanistic_02225,mechanistic,pair_core,R-ketamine 5-HT2C binding affinity Ki,R-ketamine,5-HT2C,target,{compound} {entity} binding affinity Ki
mechanistic_02226,mechanistic,pair_core,R-ketamine 5-HT2C receptor pharmacology assay,R-ketamine,5-HT2C,target,{compound} {entity} receptor pharmacology assay
mechanistic_02227,mechanistic,pair_core,R-ketamine 5-HT2C functional assay agonist antagonist,R-ketamine,5-HT2C,target,{compound} {entity} functional assay agonist antagonist
mechanistic_02228,mechanistic,pair_core,R-ketamine 5-HT1A binding affinity Ki,R-ketamine,5-HT1A,target,{compound} {entity} binding affinity Ki
mechanistic_02229,mechanistic,pair_core,R-ketamine 5-HT1A receptor pharmacology assay,R-ketamine,5-HT1A,target,{compound} {entity} receptor pharmacology assay
mechanistic_02230,mechanistic,pair_core,R-ketamine 5-HT1A functional assay agonist antagonist,R-ketamine,5-HT1A,target,{compound} {entity} functional assay agonist antagonist
mechanistic_02231,mechanistic,pair_core,R-ketamine 5-HT1B binding affinity Ki,R-ketamine,5-HT1B,target,{compound} {entity} binding affinity Ki
mechanistic_02232,mechanistic,pair_core,R-ketamine 5-HT1B receptor pharmacology assay,R-ketamine,5-HT1B,target,{compound} {entity} receptor pharmacology assay
mechanistic_02233,mechanistic,pair_core,R-ketamine 5-HT1B functional assay agonist antagonist,R-ketamine,5-HT1B,target,{compound} {entity} functional assay agonist antagonist
mechanistic_02234,mechanistic,pair_core,R-ketamine 5-HT1D binding affinity Ki,R-ketamine,5-HT1D,target,{compound} {entity} binding affinity Ki
mechanistic_02235,mechanistic,pair_core,R-ketamine 5-HT1D receptor pharmacology assay,R-ketamine,5-HT1D,target,{compound} {entity} receptor pharmacology assay
mechanistic_02236,mechanistic,pair_core,R-ketamine 5-HT1D functional assay agonist antagonist,R-ketamine,5-HT1D,target,{compound} {entity} functional assay agonist antagonist
mechanistic_02237,mechanistic,pair_core,R-ketamine 5-HT1E binding affinity Ki,R-ketamine,5-HT1E,target,{compound} {entity} binding affinity Ki
mechanistic_02238,mechanistic,pair_core,R-ketamine 5-HT1E receptor pharmacology assay,R-ketamine,5-HT1E,target,{compound} {entity} receptor pharmacology assay
mechanistic_02239,mechanistic,pair_core,R-ketamine 5-HT1E functional assay agonist antagonist,R-ketamine,5-HT1E,target,{compound} {entity} functional assay agonist antagonist
mechanistic_02240,mechanistic,pair_core,R-ketamine 5-HT1F binding affinity Ki,R-ketamine,5-HT1F,target,{compound} {entity} binding affinity Ki
mechanistic_02241,mechanistic,pair_core,R-ketamine 5-HT1F receptor pharmacology assay,R-ketamine,5-HT1F,target,{compound} {entity} receptor pharmacology assay
mechanistic_02242,mechanistic,pair_core,R-ketamine 5-HT1F functional assay agonist antagonist,R-ketamine,5-HT1F,target,{compound} {entity} functional assay agonist antagonist
mechanistic_02243,mechanistic,pair_core,R-ketamine 5-HT5A binding affinity Ki,R-ketamine,5-HT5A,target,{compound} {entity} binding affinity Ki
mechanistic_02244,mechanistic,pair_core,R-ketamine 5-HT5A receptor pharmacology assay,R-ketamine,5-HT5A,target,{compound} {entity} receptor pharmacology assay
mechanistic_02245,mechanistic,pair_core,R-ketamine 5-HT5A functional assay agonist antagonist,R-ketamine,5-HT5A,target,{compound} {entity} functional assay agonist antagonist
mechanistic_02246,mechanistic,pair_core,R-ketamine 5-HT6 binding affinity Ki,R-ketamine,5-HT6,target,{compound} {entity} binding affinity Ki
mechanistic_02247,mechanistic,pair_core,R-ketamine 5-HT6 receptor pharmacology assay,R-ketamine,5-HT6,target,{compound} {entity} receptor pharmacology assay
mechanistic_02248,mechanistic,pair_core,R-ketamine 5-HT6 functional assay agonist antagonist,R-ketamine,5-HT6,target,{compound} {entity} functional assay agonist antagonist
mechanistic_02249,mechanistic,pair_core,R-ketamine 5-HT7 binding affinity Ki,R-ketamine,5-HT7,target,{compound} {entity} binding affinity Ki
mechanistic_02250,mechanistic,pair_core,R-ketamine 5-HT7 receptor pharmacology assay,R-ketamine,5-HT7,target,{compound} {entity} receptor pharmacology assay
mechanistic_02251,mechanistic,pair_core,R-ketamine 5-HT7 functional assay agonist antagonist,R-ketamine,5-HT7,target,{compound} {entity} functional assay agonist antagonist
mechanistic_02252,mechanistic,pair_core,R-ketamine mGluR2 GRM2 binding affinity Ki,R-ketamine,mGluR2 (GRM2),target,{compound} {entity} binding affinity Ki
mechanistic_02253,mechanistic,pair_core,R-ketamine mGluR2 GRM2 receptor pharmacology assay,R-ketamine,mGluR2 (GRM2),target,{compound} {entity} receptor pharmacology assay
mechanistic_02254,mechanistic,pair_core,R-ketamine mGluR2 GRM2 functional assay agonist antagonist,R-ketamine,mGluR2 (GRM2),target,{compound} {entity} functional assay agonist antagonist
mechanistic_02255,mechanistic,pair_core,R-ketamine TAAR1 binding affinity Ki,R-ketamine,TAAR1,target,{compound} {entity} binding affinity Ki
mechanistic_02256,mechanistic,pair_core,R-ketamine TAAR1 receptor pharmacology assay,R-ketamine,TAAR1,target,{compound} {entity} receptor pharmacology assay
mechanistic_02257,mechanistic,pair_core,R-ketamine TAAR1 functional assay agonist antagonist,R-ketamine,TAAR1,target,{compound} {entity} functional assay agonist antagonist
mechanistic_02258,mechanistic,pair_core,R-ketamine SERT SLC6A4 binding affinity Ki,R-ketamine,SERT (SLC6A4),target,{compound} {entity} binding affinity Ki
mechanistic_02259,mechanistic,pair_core,R-ketamine SERT SLC6A4 receptor pharmacology assay,R-ketamine,SERT (SLC6A4),target,{compound} {entity} receptor pharmacology assay
mechanistic_02260,mechanistic,pair_core,R-ketamine SERT SLC6A4 functional assay agonist antagonist,R-ketamine,SERT (SLC6A4),target,{compound} {entity} functional assay agonist antagonist
mechanistic_02261,mechanistic,pair_core,R-ketamine NET SLC6A2 binding affinity Ki,R-ketamine,NET (SLC6A2),target,{compound} {entity} binding affinity Ki
mechanistic_02262,mechanistic,pair_core,R-ketamine NET SLC6A2 receptor pharmacology assay,R-ketamine,NET (SLC6A2),target,{compound} {entity} receptor pharmacology assay
mechanistic_02263,mechanistic,pair_core,R-ketamine NET SLC6A2 functional assay agonist antagonist,R-ketamine,NET (SLC6A2),target,{compound} {entity} functional assay agonist antagonist
mechanistic_02264,mechanistic,pair_core,R-ketamine DAT SLC6A3 binding affinity Ki,R-ketamine,DAT (SLC6A3),target,{compound} {entity} binding affinity Ki
mechanistic_02265,mechanistic,pair_core,R-ketamine DAT SLC6A3 receptor pharmacology assay,R-ketamine,DAT (SLC6A3),target,{compound} {entity} receptor pharmacology assay
mechanistic_02266,mechanistic,pair_core,R-ketamine DAT SLC6A3 functional assay agonist antagonist,R-ketamine,DAT (SLC6A3),target,{compound} {entity} functional assay agonist antagonist
mechanistic_02267,mechanistic,pair_core,R-ketamine VMAT2 SLC18A2 binding affinity Ki,R-ketamine,VMAT2 (SLC18A2),target,{compound} {entity} binding affinity Ki
mechanistic_02268,mechanistic,pair_core,R-ketamine VMAT2 SLC18A2 receptor pharmacology assay,R-ketamine,VMAT2 (SLC18A2),target,{compound} {entity} receptor pharmacology assay
mechanistic_02269,mechanistic,pair_core,R-ketamine VMAT2 SLC18A2 functional assay agonist antagonist,R-ketamine,VMAT2 (SLC18A2),target,{compound} {entity} functional assay agonist antagonist
mechanistic_02270,mechanistic,pair_core,R-ketamine D1 receptor DRD1 binding affinity Ki,R-ketamine,D1 receptor (DRD1),target,{compound} {entity} binding affinity Ki
mechanistic_02271,mechanistic,pair_core,R-ketamine D1 receptor DRD1 receptor pharmacology assay,R-ketamine,D1 receptor (DRD1),target,{compound} {entity} receptor pharmacology assay
mechanistic_02272,mechanistic,pair_core,R-ketamine D1 receptor DRD1 functional assay agonist antagonist,R-ketamine,D1 receptor (DRD1),target,{compound} {entity} functional assay agonist antagonist
mechanistic_02273,mechanistic,pair_core,R-ketamine D2 receptor DRD2 binding affinity Ki,R-ketamine,D2 receptor (DRD2),target,{compound} {entity} binding affinity Ki
mechanistic_02274,mechanistic,pair_core,R-ketamine D2 receptor DRD2 receptor pharmacology assay,R-ketamine,D2 receptor (DRD2),target,{compound} {entity} receptor pharmacology assay
mechanistic_02275,mechanistic,pair_core,R-ketamine D2 receptor DRD2 functional assay agonist antagonist,R-ketamine,D2 receptor (DRD2),target,{compound} {entity} functional assay agonist antagonist
mechanistic_02276,mechanistic,pair_core,R-ketamine D3 receptor DRD3 binding affinity Ki,R-ketamine,D3 receptor (DRD3),target,{compound} {entity} binding affinity Ki
mechanistic_02277,mechanistic,pair_core,R-ketamine D3 receptor DRD3 receptor pharmacology assay,R-ketamine,D3 receptor (DRD3),target,{compound} {entity} receptor pharmacology assay
mechanistic_02278,mechanistic,pair_core,R-ketamine D3 receptor DRD3 functional assay agonist antagonist,R-ketamine,D3 receptor (DRD3),target,{compound} {entity} functional assay agonist antagonist
mechanistic_02279,mechanistic,pair_core,R-ketamine D4 receptor DRD4 binding affinity Ki,R-ketamine,D4 receptor (DRD4),target,{compound} {entity} binding affinity Ki
mechanistic_02280,mechanistic,pair_core,R-ketamine D4 receptor DRD4 receptor pharmacology assay,R-ketamine,D4 receptor (DRD4),target,{compound} {entity} receptor pharmacology assay
mechanistic_02281,mechanistic,pair_core,R-ketamine D4 receptor DRD4 functional assay agonist antagonist,R-ketamine,D4 receptor (DRD4),target,{compound} {entity} functional assay agonist antagonist
mechanistic_02282,mechanistic,pair_core,R-ketamine D5 receptor DRD5 binding affinity Ki,R-ketamine,D5 receptor (DRD5),target,{compound} {entity} binding affinity Ki
mechanistic_02283,mechanistic,pair_core,R-ketamine D5 receptor DRD5 receptor pharmacology assay,R-ketamine,D5 receptor (DRD5),target,{compound} {entity} receptor pharmacology assay
mechanistic_02284,mechanistic,pair_core,R-ketamine D5 receptor DRD5 functional assay agonist antagonist,R-ketamine,D5 receptor (DRD5),target,{compound} {entity} functional assay agonist antagonist
mechanistic_02285,mechanistic,pair_core,R-ketamine Alpha1A adrenergic receptor ADRA1A binding affinity Ki,R-ketamine,Alpha1A adrenergic receptor (ADRA1A),target,{compound} {entity} binding affinity Ki
mechanistic_02286,mechanistic,pair_core,R-ketamine Alpha1A adrenergic receptor ADRA1A receptor pharmacology assay,R-ketamine,Alpha1A adrenergic receptor (ADRA1A),target,{compound} {entity} receptor pharmacology assay
