TRIAGE_BUCKET,HAS_ACTIVE_KG_FINDINGS,KG_FINDING_COUNT,RETAINED_FOR_EXTRACTION_CANDIDATE,PRESCREEN_RETAINED_FOR_EXTRACTION_CANDIDATE,SEARCH_TARGET_DOI,SEARCH_TARGET_TITLE,ACTION_CATEGORY,PRIORITY_TIER,PRIORITY_REASON,PAPER_TYPE,PUBLICATION_TYPE,SOURCE_FAMILY,CURRENT_STATE,WHY_IN_QUEUE,OLD_ARTIFACT_PROBLEM,EXACT_PDF_URLS_TO_TRY_FIRST,OTHER_CANDIDATE_URLS_REQUIRING_VALIDATION,PMCID_IF_ANY,PMC_LANDING_IF_ANY,DOI_LANDING
A_existing_kg_claims_source_artifact_problem,True,13,True,True,10.1192/j.eurpsy.2024.1440,"Intranasal esketamine efficacy as a treatment for treatment-resistant depression, case series",manual_exact_item_from_proceedings,P0_existing_kg_and_retained,13 active KG findings | retained_for_extraction_candidate | flag_in_curated_claims | flag_in_claim_stubs,primary,journal-article,primary,quarantined_no_active_artifact,"Retain the search record, but acquire an item-specific PDF/JATS record or slice the exact DOI/title item from the proceedings container.",unsegmented_proceedings_container | proceedings_container,,https://europepmc.org/api/getPdf?pmcid=PMC11860403 | https://pmc.ncbi.nlm.nih.gov/articles/PMC11860403/pdf/S0924933824014408a.pdf | https://www.cambridge.org/core/services/aop-cambridge-core/content/view/E68F43C0FFB0CE44E000CC9DAB63219D/S0924933824014408a.pdf/div-class-title-intranasal-esketamine-efficacy-as-a-treatment-for-treatment-resistant-depression-case-series-div.pdf | http://dx.doi.org/10.1192/j.eurpsy.2024.1440,PMC11860403,https://pmc.ncbi.nlm.nih.gov/articles/PMC11860403/,https://doi.org/10.1192/j.eurpsy.2024.1440
A_existing_kg_claims_source_artifact_problem,True,7,True,True,10.1192/j.eurpsy.2023.273,Improvement in Depression Symptoms Measured by Montgomery-Åsberg Depression Rating Scale and Quick Inventory of Depressive Symptomatology-Self Rated Items after Randomised Double-blind COMP360 Psilocybin Therapy for Treatment-resistant Depression,manual_exact_item_from_proceedings,P0_existing_kg_and_retained,7 active KG findings | retained_for_extraction_candidate | flag_in_curated_claims | flag_in_claim_stubs,primary,journal-article,primary,quarantined_no_active_artifact,"Retain the search record, but acquire an item-specific PDF/JATS record or slice the exact DOI/title item from the proceedings container.",unsegmented_proceedings_container | proceedings_container,,https://europepmc.org/api/getPdf?pmcid=PMC10595939 | https://pmc.ncbi.nlm.nih.gov/articles/PMC10595939/pdf/S0924933823002730a.pdf | https://www.cambridge.org/core/services/aop-cambridge-core/content/view/F3C32199A96027A577FCD71CFBB0BCEC/S0924933823002730a.pdf/div-class-title-improvement-in-depression-symptoms-measured-by-montgomery-aasberg-depression-rating-scale-and-quick-inventory-of-depressive-symptomatology-self-rated-items-after-randomised-double-blind-comp360-psilocybin-therapy-for-treatment-resistant-depression-div.pdf | http://dx.doi.org/10.1192/j.eurpsy.2023.273,PMC10595939,https://pmc.ncbi.nlm.nih.gov/articles/PMC10595939/,https://doi.org/10.1192/j.eurpsy.2023.273
A_existing_kg_claims_source_artifact_problem,True,5,True,True,10.1192/j.eurpsy.2025.273,Effectiveness of Repeated Ketamine Infusions in Treatment Non-Responding Obsessive Compulsive Disorder: a Randomised Controlled Trial,manual_exact_item_from_proceedings,P0_existing_kg_and_retained,5 active KG findings | retained_for_extraction_candidate | flag_in_curated_claims | flag_in_claim_stubs,primary,journal-article,primary,quarantined_no_active_artifact,"Retain the search record, but acquire an item-specific PDF/JATS record or slice the exact DOI/title item from the proceedings container.",unsegmented_proceedings_container | proceedings_container,,https://europepmc.org/api/getPdf?pmcid=PMC12438608 | https://www.cambridge.org/core/services/aop-cambridge-core/content/view/F3A3588427867B9E65C9541C25EF5AA1/S0924933825002731a.pdf/div-class-title-effectiveness-of-repeated-ketamine-infusions-in-treatment-non-responding-obsessive-compulsive-disorder-a-randomised-controlled-trial-div.pdf | https://doi.org/10.1192/j.eurpsy.2025.273,PMC12438608,https://pmc.ncbi.nlm.nih.gov/articles/PMC12438608/,https://doi.org/10.1192/j.eurpsy.2025.273
A_existing_kg_claims_source_artifact_problem,True,15,True,True,10.1192/j.eurpsy.2025.684,"Efficacy of Esketamine nasal spray in treatment-resistant depression: impact on depressive symptoms,hopelessness and suicide risk: A real-world evidence study.",manual_exact_item_from_proceedings,P0_existing_kg_and_retained,15 active KG findings | retained_for_extraction_candidate | flag_in_curated_claims,primary,journal-article,primary,quarantined_no_active_artifact,"Retain the search record, but acquire an item-specific PDF/JATS record or slice the exact DOI/title item from the proceedings container.",unsegmented_proceedings_container | proceedings_container,,https://europepmc.org/api/getPdf?pmcid=PMC12437909 | https://www.cambridge.org/core/services/aop-cambridge-core/content/view/2C20CA7A922AAEDC84977815423ADE87/S0924933825006844a.pdf/div-class-title-efficacy-of-esketamine-nasal-spray-in-treatment-resistant-depression-impact-on-depressive-symptoms-hopelessness-and-suicide-risk-a-real-world-evidence-study-div.pdf | https://doi.org/10.1192/j.eurpsy.2025.684,PMC12437909,https://pmc.ncbi.nlm.nih.gov/articles/PMC12437909/,https://doi.org/10.1192/j.eurpsy.2025.684
A_existing_kg_claims_source_artifact_problem,True,13,True,True,10.1192/j.eurpsy.2025.10096,Esketamine use in real-world clinical practice in patients with treatment-resistant depression.,manual_exact_item_from_proceedings,P0_existing_kg_and_retained,13 active KG findings | retained_for_extraction_candidate | flag_in_curated_claims,primary,Journal Article | Multicenter Study,primary,quarantined_no_active_artifact,"Retain the search record, but acquire an item-specific PDF/JATS record or slice the exact DOI/title item from the proceedings container.",unsegmented_proceedings_container | proceedings_container,,https://hal.science/hal-05226459v1/document | https://www.cambridge.org/core/services/aop-cambridge-core/content/view/BA7E2B3A3BD1CCE77B10DE8C4A301CF5/S0924933825100965a.pdf/div-class-title-esketamine-use-in-real-world-clinical-practice-in-patients-with-treatment-resistant-depression-div.pdf | https://doi.org/10.1192/j.eurpsy.2025.10096,PMC12646028,https://pmc.ncbi.nlm.nih.gov/articles/PMC12646028/,https://doi.org/10.1192/j.eurpsy.2025.10096
A_existing_kg_claims_source_artifact_problem,True,11,True,True,10.1001/jamaoncol.2023.0351,Assessment of Psilocybin Therapy for Patients With Cancer and Major Depression Disorder,manual_conflicting_doi_needs_resolution,P0_existing_kg_and_retained,11 active KG findings | retained_for_extraction_candidate | flag_in_curated_claims,primary,article,primary,quarantined_no_active_artifact,Confirm a registered version/alias relationship or acquire the exact requested DOI; do not accept a merely similar title.,target_text_with_conflicting_doi,,,PMC10102915,https://pmc.ncbi.nlm.nih.gov/articles/PMC10102915/,https://doi.org/10.1001/jamaoncol.2023.0351
A_existing_kg_claims_source_artifact_problem,True,11,True,True,10.1093/ijnp/pyae059.567,"EFFICACY AND SAFETY OF INTRAVENOUS KETAMINE TREATMENT IN JAPANESE PATIENTS WITH TREATMENT-RESISTANT DEPRESSION: A DOUBLE-BLIND, RANDOMIZED, PLACEBO-CONTROLLED TRIAL",manual_exact_item_from_proceedings,P0_existing_kg_and_retained,11 active KG findings | retained_for_extraction_candidate | flag_in_curated_claims,primary,article,primary,quarantined_no_active_artifact,"Retain the search record, but acquire an item-specific PDF/JATS record or slice the exact DOI/title item from the proceedings container.",target_text_with_conflicting_doi | unsegmented_proceedings_container | proceedings_container,,https://pmc.ncbi.nlm.nih.gov/articles/PMC11814947/pdf/pyae059.567.pdf | https://doi.org/10.1093/ijnp/pyae059.567 | https://ftp.ncbi.nlm.nih.gov/pub/pmc/oa_pdf/e6/4c/pyae059.567.PMC11814947.pdf | https://europepmc.org/api/getPdf?pmcid=PMC11814947,PMC11814947,https://pmc.ncbi.nlm.nih.gov/articles/PMC11814947/,https://doi.org/10.1093/ijnp/pyae059.567
A_existing_kg_claims_source_artifact_problem,True,11,True,True,10.1192/j.eurpsy.2025.347,"Difficult-to-Treat Depression: Effectiveness, Functionality, and Quality of Life—Preliminary Results from a Real-World Prospective Cohort under Esketamine Treatment in Spain after 3-Month Follow-Up",manual_exact_item_from_proceedings,P0_existing_kg_and_retained,11 active KG findings | retained_for_extraction_candidate | flag_in_curated_claims,primary,article,primary,quarantined_no_active_artifact,"Retain the search record, but acquire an item-specific PDF/JATS record or slice the exact DOI/title item from the proceedings container.",identity_mismatch | unsegmented_proceedings_container | proceedings_container,,https://www.cambridge.org/core/services/aop-cambridge-core/content/view/6800692CA09F804BB6D3D9A0B0D72CE8/S0924933825003475a.pdf/div-class-title-difficult-to-treat-depression-effectiveness-functionality-and-quality-of-life-preliminary-results-from-a-real-world-prospective-cohort-under-esketamine-treatment-in-spain-after-3-month-follow-up-div.pdf | https://europepmc.org/api/getPdf?pmcid=PMC12437795,PMC12437795,https://pmc.ncbi.nlm.nih.gov/articles/PMC12437795/,https://doi.org/10.1192/j.eurpsy.2025.347
A_existing_kg_claims_source_artifact_problem,True,11,True,True,10.1192/j.eurpsy.2025.471,Antidepressant effect of ketamine unrelated to dissociation: Results from an exploratory mediation analysis of the KET01-02 study,manual_exact_item_from_proceedings,P0_existing_kg_and_retained,11 active KG findings | retained_for_extraction_candidate | flag_in_curated_claims,primary,journal-article,primary,quarantined_no_active_artifact,"Retain the search record, but acquire an item-specific PDF/JATS record or slice the exact DOI/title item from the proceedings container.",unsegmented_proceedings_container | proceedings_container,,https://europepmc.org/api/getPdf?pmcid=PMC12438753 | https://www.cambridge.org/core/services/aop-cambridge-core/content/view/21F881A7E562363D9047AF7A0BB686E9/S0924933825004717a.pdf/div-class-title-antidepressant-effect-of-ketamine-unrelated-to-dissociation-results-from-an-exploratory-mediation-analysis-of-the-ket01-02-study-div.pdf | https://doi.org/10.1192/j.eurpsy.2025.471,PMC12438753,https://pmc.ncbi.nlm.nih.gov/articles/PMC12438753/,https://doi.org/10.1192/j.eurpsy.2025.471
A_existing_kg_claims_source_artifact_problem,True,10,True,True,10.17579/abstractbookdualdisorders-co-032,EFFECTIVENESS AND TOLERABILITY OF INTRANASAL ESKETAMINE IN TREATMENT-RESISTANT DEPRESSION AND SUBSTANCE USE DISORDERS: SERIAL OF CLINICAL CASES,manual_exact_item_from_proceedings,P0_existing_kg_and_retained,10 active KG findings | retained_for_extraction_candidate | flag_in_curated_claims,primary,article,primary,quarantined_no_active_artifact,"Retain the search record, but acquire an item-specific PDF/JATS record or slice the exact DOI/title item from the proceedings container.",identity_mismatch | unsegmented_proceedings_container | proceedings_container,,https://doi.org/10.17579/abstractbookdualdisorders-co-032,,,https://doi.org/10.17579/abstractbookdualdisorders-co-032
A_existing_kg_claims_source_artifact_problem,True,9,True,True,10.1192/j.eurpsy.2023.1792,Intranasal esketamine + Intensive CBT: a 12 months follow-up of two complicated cases of Treatment Resistant Depression at high suicidal risk,manual_exact_item_from_proceedings,P0_existing_kg_and_retained,9 active KG findings | retained_for_extraction_candidate | flag_in_curated_claims,primary,journal-article,primary,quarantined_no_active_artifact,"Retain the search record, but acquire an item-specific PDF/JATS record or slice the exact DOI/title item from the proceedings container.",unsegmented_proceedings_container | proceedings_container,,https://europepmc.org/api/getPdf?pmcid=PMC10479075 | https://pmc.ncbi.nlm.nih.gov/articles/PMC10479075/pdf/S0924933823017923a.pdf | https://www.cambridge.org/core/services/aop-cambridge-core/content/view/BDE7B852C5186C7A39ED812BABFFF83C/S0924933823017923a.pdf/div-class-title-intranasal-esketamine-intensive-cbt-a-12-months-follow-up-of-two-complicated-cases-of-treatment-resistant-depression-at-high-suicidal-risk-div.pdf | http://dx.doi.org/10.1192/j.eurpsy.2023.1792,PMC10479075,https://pmc.ncbi.nlm.nih.gov/articles/PMC10479075/,https://doi.org/10.1192/j.eurpsy.2023.1792
A_existing_kg_claims_source_artifact_problem,True,9,True,True,10.1192/j.eurpsy.2024.1744,Functional connectivity of the amygdala subregions and the antidepressant effects of repeated ketamine infusions in major depressive disorder,manual_exact_item_from_proceedings,P0_existing_kg_and_retained,9 active KG findings | retained_for_extraction_candidate | flag_in_curated_claims,primary,journal-article,primary,quarantined_no_active_artifact,"Retain the search record, but acquire an item-specific PDF/JATS record or slice the exact DOI/title item from the proceedings container.",unsegmented_proceedings_container | proceedings_container,,https://europepmc.org/api/getPdf?pmcid=PMC11059247 | https://pmc.ncbi.nlm.nih.gov/articles/PMC11059247/pdf/S0924933824017449a.pdf | https://www.cambridge.org/core/services/aop-cambridge-core/content/view/8FF1D3362FB36199D15F9BAC5C313DAC/S0924933824017449a.pdf/div-class-title-functional-connectivity-of-the-amygdala-subregions-and-the-antidepressant-effects-of-repeated-ketamine-infusions-in-major-depressive-disorder-div.pdf | https://doi.org/10.1192/j.eurpsy.2024.1744,PMC11059247,https://pmc.ncbi.nlm.nih.gov/articles/PMC11059247/,https://doi.org/10.1192/j.eurpsy.2024.1744
A_existing_kg_claims_source_artifact_problem,True,8,True,True,10.56126/75.s1.22,Ketamine Infusion Therapy in chronic pain,manual_exact_item_from_proceedings,P0_existing_kg_and_retained,8 active KG findings | retained_for_extraction_candidate | flag_in_curated_claims,primary,journal-article,primary,quarantined_no_active_artifact,"Retain the search record, but acquire an item-specific PDF/JATS record or slice the exact DOI/title item from the proceedings container.",unsegmented_proceedings_container | proceedings_container,,http://www.actaanaesthesiologica.be/assets/396/ActaAnaesthBelg-74-s1-115.pdf | https://doi.org/10.56126/75.s1.22,,,https://doi.org/10.56126/75.s1.22
A_existing_kg_claims_source_artifact_problem,True,7,True,True,10.1192/j.eurpsy.2022.1731,MDMA-Assisted Therapy for Treatment-Resistant Posttraumatic Stress Disorder (PTSD) – One step further toward a patient-centered treatment pathway,manual_exact_item_from_proceedings,P0_existing_kg_and_retained,7 active KG findings | retained_for_extraction_candidate | flag_in_curated_claims,review,journal-article,secondary_literature,quarantined_no_active_artifact,"Retain the search record, but acquire an item-specific PDF/JATS record or slice the exact DOI/title item from the proceedings container.",unsegmented_proceedings_container | proceedings_container,,https://europepmc.org/api/getPdf?pmcid=PMC9567733 | https://www.cambridge.org/core/services/aop-cambridge-core/content/view/CEF12354C3E0313E0D5DF8326CFCDAD7/S092493382201731Xa.pdf/div-class-title-mdma-assisted-therapy-for-treatment-resistant-posttraumatic-stress-disorder-ptsd-one-step-further-toward-a-patient-centered-treatment-pathway-div.pdf | https://doi.org/10.1192/j.eurpsy.2022.1731,PMC9567733,https://pmc.ncbi.nlm.nih.gov/articles/PMC9567733/,https://doi.org/10.1192/j.eurpsy.2022.1731
A_existing_kg_claims_source_artifact_problem,True,6,True,True,10.1007/s00213-024-06573-1,Synergistic use of deep TMS therapy with IV ketamine infusions for major depressive disorder: a pilot study,manual_identity_mismatch,P0_existing_kg_and_retained,6 active KG findings | retained_for_extraction_candidate | flag_in_curated_claims,primary,article,primary,quarantined_no_active_artifact,Acquire a replacement because the quarantined artifact belongs to a different document.,identity_mismatch,,,,,https://doi.org/10.1007/s00213-024-06573-1
A_existing_kg_claims_source_artifact_problem,True,6,True,True,10.34172/ddj.2023.437,The Effect of Intravenous Ketamine on Suicidal Ideation in Depressed Patients: A Randomized Clinical Trial,manual_replace_known_wrong_pdf,P0_existing_kg_and_retained,6 active KG findings | retained_for_extraction_candidate | flag_in_curated_claims,primary,article,primary,quarantined_no_active_artifact,Replace the known wrong PDF with the independently identified exact article PDF.,identity_mismatch | manual_wrong_pdf,https://ddj.hums.ac.ir/PDF/ddj-12-106.pdf,,,,https://doi.org/10.34172/ddj.2023.437
A_existing_kg_claims_source_artifact_problem,True,4,True,True,10.1093/ijnp/pyae059.561,"MODULATION OF THE ANTIDEPRESSANT RESPONSE OF KETAMINE BY AN IMMUNOSUPPRESSANT RAPAMYCIN: A PROSPECTIVE RANDOMIZED, DOUBLE-BLIND, PLACEBO CONTROLLED STUDY IN THE PATIENTS WITH REFRACTORY DEPRESSION.",manual_exact_item_from_proceedings,P0_existing_kg_and_retained,4 active KG findings | retained_for_extraction_candidate | flag_in_curated_claims,primary,journal-article,primary,quarantined_no_active_artifact,"Retain the search record, but acquire an item-specific PDF/JATS record or slice the exact DOI/title item from the proceedings container.",unsegmented_proceedings_container | proceedings_container,,https://europepmc.org/api/getPdf?pmcid=PMC11814895 | https://ftp.ncbi.nlm.nih.gov/pub/pmc/oa_pdf/81/ce/pyae059.561.PMC11814895.pdf | https://pmc.ncbi.nlm.nih.gov/articles/PMC11814895/pdf/pyae059.561.pdf | https://doi.org/10.1093/ijnp/pyae059.561,PMC11814895,https://pmc.ncbi.nlm.nih.gov/articles/PMC11814895/,https://doi.org/10.1093/ijnp/pyae059.561
A_existing_kg_claims_source_artifact_problem,True,4,True,True,10.1093/ijnp/pyae059.583,"DIFFERENCE IN TREATMENT-RESPONSE OF IPSC-DERIVED NEURONS TO REELIN AND (2R,6R)-HNK FROM PARTICIPANTS WITH TREATMENT- RESISTANT DEPRESSION",manual_exact_item_from_proceedings,P0_existing_kg_and_retained,4 active KG findings | retained_for_extraction_candidate | flag_in_curated_claims,primary,journal-article,primary,quarantined_no_active_artifact,"Retain the search record, but acquire an item-specific PDF/JATS record or slice the exact DOI/title item from the proceedings container.",unsegmented_proceedings_container | proceedings_container,,https://europepmc.org/api/getPdf?pmcid=PMC11814622 | https://ftp.ncbi.nlm.nih.gov/pub/pmc/oa_pdf/be/4b/pyae059.583.PMC11814622.pdf | https://pmc.ncbi.nlm.nih.gov/articles/PMC11814622/pdf/pyae059.583.pdf | https://doi.org/10.1093/ijnp/pyae059.583,PMC11814622,https://pmc.ncbi.nlm.nih.gov/articles/PMC11814622/,https://doi.org/10.1093/ijnp/pyae059.583
A_existing_kg_claims_source_artifact_problem,True,4,True,True,10.1192/j.eurpsy.2024.253,How adults with treatment resistant depression experience their first esketamine nasal spray treatment? Preliminary results from a French qualitative study.,manual_exact_item_from_proceedings,P0_existing_kg_and_retained,4 active KG findings | retained_for_extraction_candidate | flag_in_curated_claims,primary,journal-article,primary,quarantined_no_active_artifact,"Retain the search record, but acquire an item-specific PDF/JATS record or slice the exact DOI/title item from the proceedings container.",unsegmented_proceedings_container | proceedings_container,,https://europepmc.org/api/getPdf?pmcid=PMC11859045 | https://pmc.ncbi.nlm.nih.gov/articles/PMC11859045/pdf/S0924933824002530a.pdf | https://www.cambridge.org/core/services/aop-cambridge-core/content/view/FE2BAAADA9356C47BA15C0D193742487/S0924933824002530a.pdf/div-class-title-how-adults-with-treatment-resistant-depression-experience-their-first-esketamine-nasal-spray-treatment-preliminary-results-from-a-french-qualitative-study-div.pdf | http://dx.doi.org/10.1192/j.eurpsy.2024.253,PMC11859045,https://pmc.ncbi.nlm.nih.gov/articles/PMC11859045/,https://doi.org/10.1192/j.eurpsy.2024.253
A_existing_kg_claims_source_artifact_problem,True,3,True,True,10.1192/j.eurpsy.2024.875,The Effect of the Apollo Neuro Device on Anxiety Among Participants who Underwent Ketamine Assisted Therapy,manual_exact_item_from_proceedings,P0_existing_kg_and_retained,3 active KG findings | retained_for_extraction_candidate | flag_in_curated_claims,primary,journal-article,primary,quarantined_no_active_artifact,"Retain the search record, but acquire an item-specific PDF/JATS record or slice the exact DOI/title item from the proceedings container.",unsegmented_proceedings_container | proceedings_container,,https://europepmc.org/api/getPdf?pmcid=PMC11862426 | https://pmc.ncbi.nlm.nih.gov/articles/PMC11862426/pdf/S0924933824008757a.pdf | https://www.cambridge.org/core/services/aop-cambridge-core/content/view/95A46C431D1799293ACE77CBC6559B39/S0924933824008757a.pdf/div-class-title-the-effect-of-the-apollo-neuro-device-on-anxiety-among-participants-who-underwent-ketamine-assisted-therapy-div.pdf | http://dx.doi.org/10.1192/j.eurpsy.2024.875,PMC11862426,https://pmc.ncbi.nlm.nih.gov/articles/PMC11862426/,https://doi.org/10.1192/j.eurpsy.2024.875
A_existing_kg_claims_source_artifact_problem,True,2,True,True,10.1192/j.eurpsy.2024.480,Ketamine enhanced ECT in refractory recurrent depression.,manual_exact_item_from_proceedings,P0_existing_kg_and_retained,2 active KG findings | retained_for_extraction_candidate | flag_in_curated_claims,primary,article,primary,quarantined_no_active_artifact,"Retain the search record, but acquire an item-specific PDF/JATS record or slice the exact DOI/title item from the proceedings container.",identity_unverified | unsegmented_proceedings_container | proceedings_container,,https://pmc.ncbi.nlm.nih.gov/articles/PMC11859476/pdf/S0924933824004802a.pdf | https://www.cambridge.org/core/services/aop-cambridge-core/content/view/D7E48E322481BB9B45B8F845283EA022/S0924933824004802a.pdf/div-class-title-ketamine-enhanced-ect-in-refractory-recurrent-depression-div.pdf | https://europepmc.org/api/getPdf?pmcid=PMC11859476,PMC11859476,https://pmc.ncbi.nlm.nih.gov/articles/PMC11859476/,https://doi.org/10.1192/j.eurpsy.2024.480
A_existing_kg_claims_source_artifact_problem,True,24,True,True,10.5451/unibas-006616893,Pharmacology of novel psychoactive substances,manual_exact_nested_repository_item,P0_existing_kg_and_retained,24 active KG findings | retained_for_extraction_candidate | flag_in_claim_stubs,primary,dissertation,primary,quarantined_no_active_artifact,"Acquire the DOI-bearing paper or chapter itself, not a repository wrapper, thesis, or neighboring nested document.",identity_mismatch | repository_or_nested_document,,https://edoc.unibas.ch/43281/1/Diss%20Pflichtex%20AR%20online%20final%2003.06.2016.pdf,,,https://doi.org/10.5451/unibas-006616893
A_existing_kg_claims_source_artifact_problem,True,14,True,True,10.1007/s00406-024-01913-w,"Inflammatory cytokines, cortisol, and anhedonia in patients with treatment-resistant depression after consecutive infusions of low-dose esketamine",manual_identity_mismatch,P0_existing_kg_and_retained,14 active KG findings | retained_for_extraction_candidate | flag_in_claim_stubs,primary,article,primary,quarantined_no_active_artifact,Acquire a replacement because the quarantined artifact belongs to a different document.,identity_mismatch,,,,,https://doi.org/10.1007/s00406-024-01913-w
A_existing_kg_claims_source_artifact_problem,True,12,True,True,10.1007/s00406-023-01735-2,Effects of melancholic features on positive and negative suicidal ideation in patients with treatment-resistant depression and strong suicidal ideation receiving low-dose ketamine infusion,manual_identity_mismatch,P0_existing_kg_and_retained,12 active KG findings | retained_for_extraction_candidate | flag_in_claim_stubs,primary,article,primary,quarantined_no_active_artifact,Acquire a replacement because the quarantined artifact belongs to a different document.,identity_mismatch,,,,,https://doi.org/10.1007/s00406-023-01735-2
A_existing_kg_claims_source_artifact_problem,True,8,True,True,10.1093/ijnp/pyae059.262,CONTRIBUTION OF 5-HT2AR TO THE ANTI-ANHEDONIC AND NEUROPLASTICITY EFFECTS OF PSYCHEDELICS.,manual_exact_item_from_proceedings,P0_existing_kg_and_retained,8 active KG findings | retained_for_extraction_candidate | flag_in_claim_stubs,primary,journal-article,primary,quarantined_no_active_artifact,"Retain the search record, but acquire an item-specific PDF/JATS record or slice the exact DOI/title item from the proceedings container.",unsegmented_proceedings_container | proceedings_container,,https://europepmc.org/api/getPdf?pmcid=PMC11814835 | https://ftp.ncbi.nlm.nih.gov/pub/pmc/oa_pdf/b2/a0/pyae059.262.PMC11814835.pdf | https://pmc.ncbi.nlm.nih.gov/articles/PMC11814835/pdf/pyae059.262.pdf | https://doi.org/10.1093/ijnp/pyae059.262,PMC11814835,https://pmc.ncbi.nlm.nih.gov/articles/PMC11814835/,https://doi.org/10.1093/ijnp/pyae059.262
A_existing_kg_claims_source_artifact_problem,True,8,True,True,10.1192/j.eurpsy.2023.1779,Good Practice for Treatment-Resistant Depression during SARS CoV – 2 outbreak: are ketamine infusions an effective alternative for TRD patients? A case series.,manual_exact_item_from_proceedings,P0_existing_kg_and_retained,8 active KG findings | retained_for_extraction_candidate | flag_in_claim_stubs,primary,,primary,quarantined_no_active_artifact,"Retain the search record, but acquire an item-specific PDF/JATS record or slice the exact DOI/title item from the proceedings container.",unsegmented_proceedings_container | proceedings_container,,https://europepmc.org/api/getPdf?pmcid=PMC10479101 | https://pmc.ncbi.nlm.nih.gov/articles/PMC10479101/pdf/ | https://www.semanticscholar.org/paper/2a700463b8c0797a39b02698c78b5d11c2c7ed2f,PMC10479101,https://pmc.ncbi.nlm.nih.gov/articles/PMC10479101/,https://doi.org/10.1192/j.eurpsy.2023.1779
A_existing_kg_claims_source_artifact_problem,True,8,True,True,10.1192/j.eurpsy.2023.271,"ESKALE study, a French real-world study describing TRD patients with Esketamine nasal spray: final analysis.",manual_exact_item_from_proceedings,P0_existing_kg_and_retained,8 active KG findings | retained_for_extraction_candidate | flag_in_claim_stubs,primary,,primary,quarantined_no_active_artifact,"Retain the search record, but acquire an item-specific PDF/JATS record or slice the exact DOI/title item from the proceedings container.",unsegmented_proceedings_container | proceedings_container,,https://europepmc.org/api/getPdf?pmcid=PMC10596582 | https://pmc.ncbi.nlm.nih.gov/articles/PMC10596582/pdf/ | https://www.semanticscholar.org/paper/089cf3a332e6b997e0e669e9c81859dda62f9e13,PMC10596582,https://pmc.ncbi.nlm.nih.gov/articles/PMC10596582/,https://doi.org/10.1192/j.eurpsy.2023.271
A_existing_kg_claims_source_artifact_problem,True,7,True,True,10.1192/j.eurpsy.2023.1745,Effectiveness and Tolerability of Intranasal Esketamine in Treatment-Resistant Depression: Report of Two Clinical Cases.,manual_exact_item_from_proceedings,P0_existing_kg_and_retained,7 active KG findings | retained_for_extraction_candidate | flag_in_claim_stubs,primary,journal-article,primary,quarantined_no_active_artifact,"Retain the search record, but acquire an item-specific PDF/JATS record or slice the exact DOI/title item from the proceedings container.",unsegmented_proceedings_container | proceedings_container,,https://europepmc.org/api/getPdf?pmcid=PMC10478985 | https://pmc.ncbi.nlm.nih.gov/articles/PMC10478985/pdf/S0924933823017455a.pdf | https://www.cambridge.org/core/services/aop-cambridge-core/content/view/2038AB872163C951B913106F69739716/S0924933823017455a.pdf/div-class-title-effectiveness-and-tolerability-of-intranasal-esketamine-in-treatment-resistant-depression-report-of-two-clinical-cases-div.pdf | http://dx.doi.org/10.1192/j.eurpsy.2023.1745,PMC10478985,https://pmc.ncbi.nlm.nih.gov/articles/PMC10478985/,https://doi.org/10.1192/j.eurpsy.2023.1745
A_existing_kg_claims_source_artifact_problem,True,7,True,True,10.1192/j.eurpsy.2025.1046,Real clinical experience of inhaled esketamine in bipolar depression. A retrospective study,manual_exact_item_from_proceedings,P0_existing_kg_and_retained,7 active KG findings | retained_for_extraction_candidate | flag_in_claim_stubs,primary,journal-article,primary,quarantined_no_active_artifact,"Retain the search record, but acquire an item-specific PDF/JATS record or slice the exact DOI/title item from the proceedings container.",unsegmented_proceedings_container | proceedings_container,,https://europepmc.org/api/getPdf?pmcid=PMC12437411 | https://www.cambridge.org/core/services/aop-cambridge-core/content/view/1716006A94DFEE0E861096A198A228B7/S0924933825010466a.pdf/div-class-title-real-clinical-experience-of-inhaled-esketamine-in-bipolar-depression-a-retrospective-study-div.pdf | https://doi.org/10.1192/j.eurpsy.2025.1046,PMC12437411,https://pmc.ncbi.nlm.nih.gov/articles/PMC12437411/,https://doi.org/10.1192/j.eurpsy.2025.1046
A_existing_kg_claims_source_artifact_problem,True,6,True,True,10.1192/j.eurpsy.2025.1204,Depression and suicidal risk in autism spectrum disorder: efficacy of intranasal esketamine. Clinical experience from a public mental health service in Italy.,manual_exact_item_from_proceedings,P0_existing_kg_and_retained,6 active KG findings | retained_for_extraction_candidate | flag_in_claim_stubs,primary,journal-article,primary,quarantined_no_active_artifact,"Retain the search record, but acquire an item-specific PDF/JATS record or slice the exact DOI/title item from the proceedings container.",unsegmented_proceedings_container | proceedings_container,,https://europepmc.org/api/getPdf?pmcid=PMC12438432 | https://www.cambridge.org/core/services/aop-cambridge-core/content/view/F1530F8108E27C2CAD27FC8311AC61FC/S0924933825012040a.pdf/div-class-title-depression-and-suicidal-risk-in-autism-spectrum-disorder-efficacy-of-intranasal-esketamine-clinical-experience-from-a-public-mental-health-service-in-italy-div.pdf | https://doi.org/10.1192/j.eurpsy.2025.1204,PMC12438432,https://pmc.ncbi.nlm.nih.gov/articles/PMC12438432/,https://doi.org/10.1192/j.eurpsy.2025.1204
A_existing_kg_claims_source_artifact_problem,True,5,True,True,10.1192/j.eurpsy.2025.1344,Resistant depressive disorder: electroconvulsive therapy versus esketamine.,manual_exact_item_from_proceedings,P0_existing_kg_and_retained,5 active KG findings | retained_for_extraction_candidate | flag_in_claim_stubs,primary,journal-article,primary,quarantined_no_active_artifact,"Retain the search record, but acquire an item-specific PDF/JATS record or slice the exact DOI/title item from the proceedings container.",unsegmented_proceedings_container | proceedings_container,,https://europepmc.org/api/getPdf?pmcid=PMC12436772 | https://www.cambridge.org/core/services/aop-cambridge-core/content/view/17B971A00D9B4ED24CCA328DDCF02654/S0924933825013446a.pdf/div-class-title-resistant-depressive-disorder-electroconvulsive-therapy-versus-esketamine-div.pdf | https://doi.org/10.1192/j.eurpsy.2025.1344,PMC12436772,https://pmc.ncbi.nlm.nih.gov/articles/PMC12436772/,https://doi.org/10.1192/j.eurpsy.2025.1344
A_existing_kg_claims_source_artifact_problem,True,5,True,True,10.1192/j.eurpsy.2025.2101,MM120 demonstrates no evidence of abuse potential in rodent preclinical studies.,manual_exact_item_from_proceedings,P0_existing_kg_and_retained,5 active KG findings | retained_for_extraction_candidate | flag_in_claim_stubs,primary,journal-article,primary,quarantined_no_active_artifact,"Retain the search record, but acquire an item-specific PDF/JATS record or slice the exact DOI/title item from the proceedings container.",unsegmented_proceedings_container | proceedings_container,,https://europepmc.org/api/getPdf?pmcid=PMC12420485 | https://www.cambridge.org/core/services/aop-cambridge-core/content/view/A2625605B000CD244FB79B8F75FE763F/S0924933825021017a.pdf/div-class-title-mm120-demonstrates-no-evidence-of-abuse-potential-in-rodent-preclinical-studies-div.pdf | https://doi.org/10.1192/j.eurpsy.2025.2101,PMC12420485,https://pmc.ncbi.nlm.nih.gov/articles/PMC12420485/,https://doi.org/10.1192/j.eurpsy.2025.2101
A_existing_kg_claims_source_artifact_problem,True,4,True,True,10.1007/s00213-023-06474-9,"Effects of psilocybin, the 5-HT2A receptor agonist TCB-2, and the 5-HT2A receptor antagonist M100907 on visual attention in male mice in the continuous performance test",manual_identity_mismatch,P0_existing_kg_and_retained,4 active KG findings | retained_for_extraction_candidate | flag_in_claim_stubs,primary,article,primary,quarantined_no_active_artifact,Acquire a replacement because the quarantined artifact belongs to a different document.,identity_mismatch,,,,,https://doi.org/10.1007/s00213-023-06474-9
A_existing_kg_claims_source_artifact_problem,True,4,True,True,10.1192/j.eurpsy.2022.2294,Clinical efficacy and tolerability of Esketamine: a case series.,manual_exact_item_from_proceedings,P0_existing_kg_and_retained,4 active KG findings | retained_for_extraction_candidate | flag_in_claim_stubs,primary,journal-article,primary,quarantined_no_active_artifact,"Retain the search record, but acquire an item-specific PDF/JATS record or slice the exact DOI/title item from the proceedings container.",unsegmented_proceedings_container | proceedings_container,,https://europepmc.org/api/getPdf?pmcid=PMC9568066 | https://www.cambridge.org/core/services/aop-cambridge-core/content/view/580DB31514FFFA970492D9F4AB076EDD/S0924933822022945a.pdf/div-class-title-clinical-efficacy-and-tolerability-of-esketamine-a-case-series-div.pdf | https://doi.org/10.1192/j.eurpsy.2022.2294,PMC9568066,https://pmc.ncbi.nlm.nih.gov/articles/PMC9568066/,https://doi.org/10.1192/j.eurpsy.2022.2294
A_existing_kg_claims_source_artifact_problem,True,3,True,True,10.1192/j.eurpsy.2024.1307,Ketamine in the treatment of obsessive-compulsive disorder – a case report and literature review,manual_exact_item_from_proceedings,P0_existing_kg_and_retained,3 active KG findings | retained_for_extraction_candidate | flag_in_claim_stubs,primary,journal-article,primary,quarantined_no_active_artifact,"Retain the search record, but acquire an item-specific PDF/JATS record or slice the exact DOI/title item from the proceedings container.",unsegmented_proceedings_container | proceedings_container,,https://europepmc.org/api/getPdf?pmcid=PMC11860930 | https://pmc.ncbi.nlm.nih.gov/articles/PMC11860930/pdf/S0924933824013075a.pdf | https://www.cambridge.org/core/services/aop-cambridge-core/content/view/07430EE1186A766ECBC3977A5ACA6C96/S0924933824013075a.pdf/div-class-title-ketamine-in-the-treatment-of-obsessive-compulsive-disorder-a-case-report-and-literature-review-div.pdf | http://dx.doi.org/10.1192/j.eurpsy.2024.1307,PMC11860930,https://pmc.ncbi.nlm.nih.gov/articles/PMC11860930/,https://doi.org/10.1192/j.eurpsy.2024.1307
A_existing_kg_claims_source_artifact_problem,True,3,True,True,10.1523/jneurosci.07-03-00894.1987,Characterization of a novel 3H-5-hydroxytryptamine binding site subtype in bovine brain membranes,manual_identity_unverified,P0_existing_kg_and_retained,3 active KG findings | retained_for_extraction_candidate | flag_in_claim_stubs,primary,article,primary,quarantined_no_active_artifact,Acquire an independently verifiable source because the prior artifact lacked sufficient document-level identity evidence.,identity_unverified,,,PMC6569069,https://pmc.ncbi.nlm.nih.gov/articles/PMC6569069/,https://doi.org/10.1523/jneurosci.07-03-00894.1987
A_existing_kg_claims_source_artifact_problem,True,2,True,True,10.1007/s12013-024-01499-z,"Structural Insight on Interaction of NMDA receptor with fentanyl, ketamine and Isoflurane: A Computational Study to Unravel Mode of Binding",manual_identity_mismatch,P0_existing_kg_and_retained,2 active KG findings | retained_for_extraction_candidate | flag_in_claim_stubs,primary,article,primary,quarantined_no_active_artifact,Acquire a replacement because the quarantined artifact belongs to a different document.,identity_mismatch,,,,,https://doi.org/10.1007/s12013-024-01499-z
A_existing_kg_claims_source_artifact_problem,True,2,True,True,10.1038/s41586-021-03769-9,Structural basis of ketamine action on human NMDA receptors,manual_identity_mismatch,P0_existing_kg_and_retained,2 active KG findings | retained_for_extraction_candidate | flag_in_claim_stubs,primary,article,primary,quarantined_no_active_artifact,Acquire a replacement because the quarantined artifact belongs to a different document.,identity_mismatch,,,,,https://doi.org/10.1038/s41586-021-03769-9
A_existing_kg_claims_source_artifact_problem,True,2,True,True,10.1093/ijnp/pyae059.518,"N,N-DIMETHYLTRYPTAMINE, A NATURAL HALLUCINOGEN, AMELIORATES ALZHEIMER’ S DISEASE BY RESTORING NEURONAL SIGMA-1 RECEPTOR- MEDIATED ENDOPLASMIC RETICULUM-MITOCHONDRIA CROSSTALK.",manual_exact_item_from_proceedings,P0_existing_kg_and_retained,2 active KG findings | retained_for_extraction_candidate | flag_in_claim_stubs,primary,journal-article,primary,quarantined_no_active_artifact,"Retain the search record, but acquire an item-specific PDF/JATS record or slice the exact DOI/title item from the proceedings container.",unsegmented_proceedings_container | proceedings_container,,https://europepmc.org/api/getPdf?pmcid=PMC11815213 | https://ftp.ncbi.nlm.nih.gov/pub/pmc/oa_pdf/21/7a/pyae059.518.PMC11815213.pdf | https://pmc.ncbi.nlm.nih.gov/articles/PMC11815213/pdf/pyae059.518.pdf | https://doi.org/10.1093/ijnp/pyae059.518,PMC11815213,https://pmc.ncbi.nlm.nih.gov/articles/PMC11815213/,https://doi.org/10.1093/ijnp/pyae059.518
A_existing_kg_claims_source_artifact_problem,True,2,True,True,10.1192/j.eurpsy.2023.2028,Intranasal Esketamine administration in catatonia: a case report.,manual_exact_item_from_proceedings,P0_existing_kg_and_retained,2 active KG findings | retained_for_extraction_candidate | flag_in_claim_stubs,primary,journal-article,primary,quarantined_no_active_artifact,"Retain the search record, but acquire an item-specific PDF/JATS record or slice the exact DOI/title item from the proceedings container.",unsegmented_proceedings_container | proceedings_container,,https://europepmc.org/api/getPdf?pmcid=PMC10417483 | https://pmc.ncbi.nlm.nih.gov/articles/PMC10417483/pdf/S092493382302028Xa.pdf | https://www.cambridge.org/core/services/aop-cambridge-core/content/view/AF2A3CECD12E5334DF02266D5018C787/S092493382302028Xa.pdf/div-class-title-intranasal-esketamine-administration-in-catatonia-a-case-report-div.pdf | https://doi.org/10.1192/j.eurpsy.2023.2028,PMC10417483,https://pmc.ncbi.nlm.nih.gov/articles/PMC10417483/,https://doi.org/10.1192/j.eurpsy.2023.2028
A_existing_kg_claims_source_artifact_problem,True,17,True,True,10.1007/s00213-022-06063-2,Ayahuasca and tobacco smoking cessation: results from an online survey in Brazil,manual_identity_mismatch,P0_existing_kg_and_retained,17 active KG findings | retained_for_extraction_candidate,primary,article,primary,quarantined_no_active_artifact,Acquire a replacement because the quarantined artifact belongs to a different document.,identity_mismatch,,,,,https://doi.org/10.1007/s00213-022-06063-2
A_existing_kg_claims_source_artifact_problem,True,12,True,True,10.1192/j.eurpsy.2024.1103,Esketamine for resistant depression in older people with cognitive impairment: a case report.,manual_exact_item_from_proceedings,P0_existing_kg_and_retained,12 active KG findings | retained_for_extraction_candidate,primary,journal-article,primary,quarantined_no_active_artifact,"Retain the search record, but acquire an item-specific PDF/JATS record or slice the exact DOI/title item from the proceedings container.",unsegmented_proceedings_container | proceedings_container,,https://europepmc.org/api/getPdf?pmcid=PMC11860557 | https://pmc.ncbi.nlm.nih.gov/articles/PMC11860557/pdf/S0924933824011039a.pdf | https://www.cambridge.org/core/services/aop-cambridge-core/content/view/C1EC9B4DA7DB9E3A5A1FA7C17AB9A28D/S0924933824011039a.pdf/div-class-title-esketamine-for-resistant-depression-in-older-people-with-cognitive-impairment-a-case-report-div.pdf | https://doi.org/10.1192/j.eurpsy.2024.1103,PMC11860557,https://pmc.ncbi.nlm.nih.gov/articles/PMC11860557/,https://doi.org/10.1192/j.eurpsy.2024.1103
A_existing_kg_claims_source_artifact_problem,True,11,True,True,10.1016/s0924-9338(09)70667-4,Serotonin Transporter Concentration is Decreased in Cerebral Cortex but not in Striatum of Chronic MDMA (ecstasy) Users,manual_exact_item_from_proceedings,P0_existing_kg_and_retained,11 active KG findings | retained_for_extraction_candidate,primary,journal-article,primary,quarantined_no_active_artifact,"Retain the search record, but acquire an item-specific PDF/JATS record or slice the exact DOI/title item from the proceedings container.",unsegmented_proceedings_container | proceedings_container,,https://www.cambridge.org/core/services/aop-cambridge-core/content/view/645FDAA8EEBC1FA7DE0D12AD7D2F2DFE/S0924933800165587a.pdf/div-class-title-serotonin-transporter-concentration-is-decreased-in-cerebral-cortex-but-not-in-striatum-of-chronic-mdma-ecstasy-users-div.pdf | https://doi.org/10.1016/s0924-9338(09)70667-4,,,https://doi.org/10.1016/s0924-9338(09)70667-4
A_existing_kg_claims_source_artifact_problem,True,11,True,True,10.1038/s41380-020-0793-6,Chronic administration of ketamine induces cognitive deterioration by restraining synaptic signaling,manual_identity_mismatch,P0_existing_kg_and_retained,11 active KG findings | retained_for_extraction_candidate,primary,article,primary,quarantined_no_active_artifact,Acquire a replacement because the quarantined artifact belongs to a different document.,identity_mismatch,,,,,https://doi.org/10.1038/s41380-020-0793-6
A_existing_kg_claims_source_artifact_problem,True,11,True,True,10.7302/8314,"Endogenous Biosynthesis and Neural Correlates of N,N-dimethyltryptamine",manual_identity_unverified,P0_existing_kg_and_retained,11 active KG findings | retained_for_extraction_candidate,primary,article,primary,quarantined_no_active_artifact,Acquire an independently verifiable source because the prior artifact lacked sufficient document-level identity evidence.,identity_unverified,,,,,https://doi.org/10.7302/8314
A_existing_kg_claims_source_artifact_problem,True,10,True,True,10.1007/s00213-026-07010-1,"A repeated low-dose regimen of MDMA has transient next-day effects on locomotor activity, anxiety-like behavior, and brain serotonin levels, with no effect on anhedonia-like behavior, in both female and male rats",manual_identity_mismatch,P0_existing_kg_and_retained,10 active KG findings | retained_for_extraction_candidate,primary,article,primary,quarantined_no_active_artifact,Acquire a replacement because the quarantined artifact belongs to a different document.,identity_mismatch,,,,,https://doi.org/10.1007/s00213-026-07010-1
A_existing_kg_claims_source_artifact_problem,True,9,True,True,10.1007/s00221-025-07085-w,Role of CaMKII/CREB pathway in rapid-antidepressant-like effect: comparison of ketamine with rapastinel,manual_identity_mismatch,P0_existing_kg_and_retained,9 active KG findings | retained_for_extraction_candidate,primary,article,primary,quarantined_no_active_artifact,Acquire a replacement because the quarantined artifact belongs to a different document.,identity_mismatch,,,,,https://doi.org/10.1007/s00221-025-07085-w
A_existing_kg_claims_source_artifact_problem,True,9,True,True,10.1111/pcn.13379,Different symptomatic improvement pattern revealed by factor analysis between placebo response and response to Esketamine in treatment resistant depression,manual_conflicting_doi_needs_resolution,P0_existing_kg_and_retained,9 active KG findings | retained_for_extraction_candidate,primary,article,primary,quarantined_no_active_artifact,Confirm a registered version/alias relationship or acquire the exact requested DOI; do not accept a merely similar title.,target_text_with_conflicting_doi,,,,,https://doi.org/10.1111/pcn.13379
A_existing_kg_claims_source_artifact_problem,True,9,True,True,10.1192/j.eurpsy.2022.1446,S-Ketamine in the treatment of depressive emergencies: a cases series of patients in a suicidal crisis.,manual_exact_item_from_proceedings,P0_existing_kg_and_retained,9 active KG findings | retained_for_extraction_candidate,primary,journal-article,primary,quarantined_no_active_artifact,"Retain the search record, but acquire an item-specific PDF/JATS record or slice the exact DOI/title item from the proceedings container.",unsegmented_proceedings_container | proceedings_container,,https://europepmc.org/api/getPdf?pmcid=PMC9565902 | https://www.cambridge.org/core/services/aop-cambridge-core/content/view/E03C1FD203C4F5DA9C4C8112446FD5F6/S0924933822014468a.pdf/div-class-title-s-ketamine-in-the-treatment-of-depressive-emergencies-a-cases-series-of-patients-in-a-suicidal-crisis-div.pdf | https://doi.org/10.1192/j.eurpsy.2022.1446,PMC9565902,https://pmc.ncbi.nlm.nih.gov/articles/PMC9565902/,https://doi.org/10.1192/j.eurpsy.2022.1446
A_existing_kg_claims_source_artifact_problem,True,8,True,True,10.1016/j.annemergmed.2006.09.018,Patterns of Ecstasy-Associated Hyponatremia in California,manual_identity_unverified,P0_existing_kg_and_retained,8 active KG findings | retained_for_extraction_candidate,primary,article,primary,quarantined_no_active_artifact,Acquire an independently verifiable source because the prior artifact lacked sufficient document-level identity evidence.,identity_unverified,,,,,https://doi.org/10.1016/j.annemergmed.2006.09.018
A_existing_kg_claims_source_artifact_problem,True,8,True,True,10.1523/jneurosci.16-01-00373.1996,NMDA receptor antagonists impair prefrontal cortex function as assessed via spatial delayed alternation performance in rats: modulation by dopamine,manual_identity_unverified,P0_existing_kg_and_retained,8 active KG findings | retained_for_extraction_candidate,primary,article,primary,quarantined_no_active_artifact,Acquire an independently verifiable source because the prior artifact lacked sufficient document-level identity evidence.,identity_unverified,,https://europepmc.org/api/getPdf?pmcid=PMC6578732,PMC6578732,https://pmc.ncbi.nlm.nih.gov/articles/PMC6578732/,https://doi.org/10.1523/jneurosci.16-01-00373.1996
A_existing_kg_claims_source_artifact_problem,True,8,True,True,10.3758/s13415-023-01118-z,Age-related impairment in fear memory extinction is restored by ketamine in middle-aged mice,manual_identity_mismatch,P0_existing_kg_and_retained,8 active KG findings | retained_for_extraction_candidate,primary,article,primary,quarantined_no_active_artifact,Acquire a replacement because the quarantined artifact belongs to a different document.,identity_mismatch,,,,,https://doi.org/10.3758/s13415-023-01118-z
A_existing_kg_claims_source_artifact_problem,True,7,True,True,10.1007/s00213-019-05279-z,Replication and extension of a model predicting response to psilocybin,manual_identity_mismatch,P0_existing_kg_and_retained,7 active KG findings | retained_for_extraction_candidate,primary,article,primary,quarantined_no_active_artifact,Acquire a replacement because the quarantined artifact belongs to a different document.,identity_mismatch,,,,,https://doi.org/10.1007/s00213-019-05279-z
A_existing_kg_claims_source_artifact_problem,True,7,True,True,10.1007/s00213-021-05889-6,(R)-Ketamine attenuates LPS-induced endotoxin-derived delirium through inhibition of neuroinflammation,manual_identity_mismatch,P0_existing_kg_and_retained,7 active KG findings | retained_for_extraction_candidate,primary,article,primary,quarantined_no_active_artifact,Acquire a replacement because the quarantined artifact belongs to a different document.,identity_mismatch,,,,,https://doi.org/10.1007/s00213-021-05889-6
A_existing_kg_claims_source_artifact_problem,True,7,True,True,10.1007/s11011-023-01236-0,Ketamine exerts dual effects on the apoptosis of primary cultured hippocampal neurons from fetal rats in vitro,manual_identity_mismatch,P0_existing_kg_and_retained,7 active KG findings | retained_for_extraction_candidate,primary,article,primary,quarantined_no_active_artifact,Acquire a replacement because the quarantined artifact belongs to a different document.,identity_mismatch,,,,,https://doi.org/10.1007/s11011-023-01236-0
A_existing_kg_claims_source_artifact_problem,True,7,True,True,10.1007/s11064-026-04764-0,"Glutathione as a Potential Neuroprotectant Against MDMA-Induced Oxidative Stress, Neuroinflammation, and Apoptosis in the Rat Brain",manual_identity_mismatch,P0_existing_kg_and_retained,7 active KG findings | retained_for_extraction_candidate,primary,article,primary,quarantined_no_active_artifact,Acquire a replacement because the quarantined artifact belongs to a different document.,identity_mismatch,,,,,https://doi.org/10.1007/s11064-026-04764-0
A_existing_kg_claims_source_artifact_problem,True,7,True,True,10.1007/s12035-025-04789-6,Ketamine Alters Specific Gene Expression Profiles by Transcriptome-Wide Responses in a Ketamine-Induced Schizophrenia-Like Mouse Model,manual_identity_mismatch,P0_existing_kg_and_retained,7 active KG findings | retained_for_extraction_candidate,primary,article,primary,quarantined_no_active_artifact,Acquire a replacement because the quarantined artifact belongs to a different document.,identity_mismatch,,,,,https://doi.org/10.1007/s12035-025-04789-6
A_existing_kg_claims_source_artifact_problem,True,7,True,True,10.1038/s41586-020-03047-0,Antidepressant actions of ketamine engage cell-specific translation via eIF4E,manual_identity_mismatch,P0_existing_kg_and_retained,7 active KG findings | retained_for_extraction_candidate,primary,article,primary,quarantined_no_active_artifact,Acquire a replacement because the quarantined artifact belongs to a different document.,identity_mismatch,,,,,https://doi.org/10.1038/s41586-020-03047-0
A_existing_kg_claims_source_artifact_problem,True,7,True,True,10.1038/s41586-022-04993-7,Dual action of ketamine confines addiction liability,manual_identity_mismatch,P0_existing_kg_and_retained,7 active KG findings | retained_for_extraction_candidate,primary,article,primary,quarantined_no_active_artifact,Acquire a replacement because the quarantined artifact belongs to a different document.,identity_mismatch,,,,,https://doi.org/10.1038/s41586-022-04993-7
A_existing_kg_claims_source_artifact_problem,True,7,True,True,10.1210/jendso/bvaf149.1527,"SAT-044 Neurophysin I: A Reliable, Novel, and Robust Biomarker for OxytocinAn Analysis of a Double-Blind Placebo-Controlled Cross-Over Trial",manual_exact_item_from_proceedings,P0_existing_kg_and_retained,7 active KG findings | retained_for_extraction_candidate,primary,article,primary,quarantined_no_active_artifact,"Retain the search record, but acquire an item-specific PDF/JATS record or slice the exact DOI/title item from the proceedings container.",target_text_with_conflicting_doi | unsegmented_proceedings_container | proceedings_container,,https://ftp.ncbi.nlm.nih.gov/pub/pmc/oa_pdf/93/f7/bvaf149.1527.PMC12545728.pdf | https://europepmc.org/api/getPdf?pmcid=PMC12545728,PMC12545728,https://pmc.ncbi.nlm.nih.gov/articles/PMC12545728/,https://doi.org/10.1210/jendso/bvaf149.1527
A_existing_kg_claims_source_artifact_problem,True,6,True,True,10.1007/s00213-024-06572-2,Noribogaine acute administration in rats promotes wakefulness and suppresses REM sleep,manual_identity_mismatch,P0_existing_kg_and_retained,6 active KG findings | retained_for_extraction_candidate,primary,article,primary,quarantined_no_active_artifact,Acquire a replacement because the quarantined artifact belongs to a different document.,identity_mismatch,,,,,https://doi.org/10.1007/s00213-024-06572-2
A_existing_kg_claims_source_artifact_problem,True,6,True,True,10.1007/s00213-025-06924-6,"The effects of low-dose ketamine and (2R,6R)-Hydroxynorketamine on affective behaviors associated with protracted oxycodone withdrawal",manual_identity_mismatch,P0_existing_kg_and_retained,6 active KG findings | retained_for_extraction_candidate,primary,article,primary,quarantined_no_active_artifact,Acquire a replacement because the quarantined artifact belongs to a different document.,identity_mismatch,,,,,https://doi.org/10.1007/s00213-025-06924-6
A_existing_kg_claims_source_artifact_problem,True,6,True,True,10.1007/s00213-026-07058-z,"Single exposure to Ayahuasca reverses chronic stress effects on sociability, anxiety, cortisol, and BDNF in zebrafish",manual_identity_mismatch,P0_existing_kg_and_retained,6 active KG findings | retained_for_extraction_candidate,primary,article,primary,quarantined_no_active_artifact,Acquire a replacement because the quarantined artifact belongs to a different document.,identity_mismatch,,,,,https://doi.org/10.1007/s00213-026-07058-z
A_existing_kg_claims_source_artifact_problem,True,6,True,True,10.1038/s41586-025-10061-7,Psychedelics elicit their effects by 5-HT2A receptor-mediated Gi signalling,manual_identity_mismatch,P0_existing_kg_and_retained,6 active KG findings | retained_for_extraction_candidate,primary,article,primary,quarantined_no_active_artifact,Acquire a replacement because the quarantined artifact belongs to a different document.,identity_mismatch,,,,,https://doi.org/10.1038/s41586-025-10061-7
A_existing_kg_claims_source_artifact_problem,True,6,True,True,10.1093/ijnp/pyae059.134,PSILOCYBIN MITIGATES BEHAVIORAL DESPAIR AND COGNITIVE RECOGNITION IMPAIRMENTS BY REGULATING THE HYPOTHALAMIC- PITUITARY-ADRENAL (HPA) AXIS VIA THE BRAIN-DERIVED NEUROTROPHIC FACTOR (BDNF) SIGNALING PATHWAY MEDIATED BY THE ENDOCANNABINOID SYSTEM (ECS).,manual_exact_item_from_proceedings,P0_existing_kg_and_retained,6 active KG findings | retained_for_extraction_candidate,primary,journal-article,primary,quarantined_no_active_artifact,"Retain the search record, but acquire an item-specific PDF/JATS record or slice the exact DOI/title item from the proceedings container.",unsegmented_proceedings_container | proceedings_container,,https://europepmc.org/api/getPdf?pmcid=PMC11814968 | https://ftp.ncbi.nlm.nih.gov/pub/pmc/oa_pdf/7f/f1/pyae059.134.PMC11814968.pdf | https://pmc.ncbi.nlm.nih.gov/articles/PMC11814968/pdf/pyae059.134.pdf | https://doi.org/10.1093/ijnp/pyae059.134,PMC11814968,https://pmc.ncbi.nlm.nih.gov/articles/PMC11814968/,https://doi.org/10.1093/ijnp/pyae059.134
A_existing_kg_claims_source_artifact_problem,True,6,True,True,10.1177/2045125316675578,Use of repeated intravenous ketamine therapy in treatment-resistant bipolar depression with suicidal behaviour: a case report from Spain,manual_conflicting_doi_needs_resolution,P0_existing_kg_and_retained,6 active KG findings | retained_for_extraction_candidate,primary,review,primary,quarantined_no_active_artifact,Confirm a registered version/alias relationship or acquire the exact requested DOI; do not accept a merely similar title.,target_text_with_conflicting_doi,,,PMC5433615,https://pmc.ncbi.nlm.nih.gov/articles/PMC5433615/,https://doi.org/10.1177/2045125316675578
A_existing_kg_claims_source_artifact_problem,True,6,True,True,10.1192/j.eurpsy.2022.1846,"A Phase 1, Dose-Ranging Study to Assess Safety and Psychoactive Effects of a Vaporized 5-Methoxy-N,N-Dimethyltryptamine Formulation (GH001) in Healthy Volunteers.",manual_exact_item_from_proceedings,P0_existing_kg_and_retained,6 active KG findings | retained_for_extraction_candidate,primary,journal-article,primary,quarantined_no_active_artifact,"Retain the search record, but acquire an item-specific PDF/JATS record or slice the exact DOI/title item from the proceedings container.",unsegmented_proceedings_container | proceedings_container,,https://europepmc.org/api/getPdf?pmcid=PMC9567880 | https://www.cambridge.org/core/services/aop-cambridge-core/content/view/5764030200F5371740E05A3EB115C141/S0924933822018466a.pdf/div-class-title-a-phase-1-dose-ranging-study-to-assess-safety-and-psychoactive-effects-of-a-vaporized-5-methoxy-n-n-dimethyltryptamine-formulation-gh001-in-healthy-volunteers-div.pdf | https://doi.org/10.1192/j.eurpsy.2022.1846,PMC9567880,https://pmc.ncbi.nlm.nih.gov/articles/PMC9567880/,https://doi.org/10.1192/j.eurpsy.2022.1846
A_existing_kg_claims_source_artifact_problem,True,6,True,True,10.1192/j.eurpsy.2023.269,A Pilot Study Comparing a Community of Practice Group Therapy Program with and without Concurrent Ketamine-assisted Therapy,manual_exact_item_from_proceedings,P0_existing_kg_and_retained,6 active KG findings | retained_for_extraction_candidate,primary,article,primary,quarantined_no_active_artifact,"Retain the search record, but acquire an item-specific PDF/JATS record or slice the exact DOI/title item from the proceedings container.",unsegmented_proceedings_container | proceedings_container,,https://pmc.ncbi.nlm.nih.gov/articles/PMC10595887/pdf/S0924933823002699a.pdf | https://www.cambridge.org/core/services/aop-cambridge-core/content/view/1B8EBD12AF3BAFA713F004885CB5AEA6/S0924933823002699a.pdf/div-class-title-a-pilot-study-comparing-a-community-of-practice-group-therapy-program-with-and-without-concurrent-ketamine-assisted-therapy-div.pdf,PMC10595887,https://pmc.ncbi.nlm.nih.gov/articles/PMC10595887/,https://doi.org/10.1192/j.eurpsy.2023.269
A_existing_kg_claims_source_artifact_problem,True,6,True,True,10.1192/j.eurpsy.2024.717,Half a Decade of Intravenous Ketamine Administration: Our Observation Results and Insights regarding its safety.,manual_exact_item_from_proceedings,P0_existing_kg_and_retained,6 active KG findings | retained_for_extraction_candidate,primary,journal-article,primary,quarantined_no_active_artifact,"Retain the search record, but acquire an item-specific PDF/JATS record or slice the exact DOI/title item from the proceedings container.",unsegmented_proceedings_container | proceedings_container,,https://europepmc.org/api/getPdf?pmcid=PMC11860374 | https://pmc.ncbi.nlm.nih.gov/articles/PMC11860374/pdf/S092493382400717Xa.pdf | https://www.cambridge.org/core/services/aop-cambridge-core/content/view/2A79A5E7D45A3ED6352B9FF67182FA93/S092493382400717Xa.pdf/div-class-title-half-a-decade-of-intravenous-ketamine-administration-our-observation-results-and-insights-regarding-its-safety-div.pdf | http://dx.doi.org/10.1192/j.eurpsy.2024.717,PMC11860374,https://pmc.ncbi.nlm.nih.gov/articles/PMC11860374/,https://doi.org/10.1192/j.eurpsy.2024.717
A_existing_kg_claims_source_artifact_problem,True,6,True,True,10.1192/j.eurpsy.2025.10123,Improvements in health-related quality of life with esketamine nasal spray versus quetiapine extended release.,manual_exact_item_from_proceedings,P0_existing_kg_and_retained,6 active KG findings | retained_for_extraction_candidate,primary,journal-article,primary,quarantined_no_active_artifact,"Retain the search record, but acquire an item-specific PDF/JATS record or slice the exact DOI/title item from the proceedings container.",unsegmented_proceedings_container | proceedings_container,,https://www.cambridge.org/core/services/aop-cambridge-core/content/view/CDDD815D486351BB8123BFCF08418BBC/S0924933825101235a.pdf/div-class-title-improvements-in-health-related-quality-of-life-with-esketamine-nasal-spray-versus-quetiapine-extended-release-div.pdf | https://doi.org/10.1192/j.eurpsy.2025.10123,PMC12646121,https://pmc.ncbi.nlm.nih.gov/articles/PMC12646121/,https://doi.org/10.1192/j.eurpsy.2025.10123
A_existing_kg_claims_source_artifact_problem,True,6,True,True,10.1192/j.eurpsy.2025.1297,Intranasal esketamine in treatment-resistant depression: Descriptive study of our clinical experience.,manual_exact_item_from_proceedings,P0_existing_kg_and_retained,6 active KG findings | retained_for_extraction_candidate,primary,journal-article,primary,quarantined_no_active_artifact,"Retain the search record, but acquire an item-specific PDF/JATS record or slice the exact DOI/title item from the proceedings container.",unsegmented_proceedings_container | proceedings_container,,https://europepmc.org/api/getPdf?pmcid=PMC12438734 | https://www.cambridge.org/core/services/aop-cambridge-core/content/view/D890B95527599835D7A158E47B3EA52E/S0924933825012970a.pdf/div-class-title-intranasal-esketamine-in-treatment-resistant-depression-descriptive-study-of-our-clinical-experience-div.pdf | https://doi.org/10.1192/j.eurpsy.2025.1297,PMC12438734,https://pmc.ncbi.nlm.nih.gov/articles/PMC12438734/,https://doi.org/10.1192/j.eurpsy.2025.1297
A_existing_kg_claims_source_artifact_problem,True,6,True,True,10.1192/j.eurpsy.2025.861,Outcomes with esketamine nasal spray in patients with or without earlier partial or full response: post hoc analyses of ESCAPE TRD.,manual_exact_item_from_proceedings,P0_existing_kg_and_retained,6 active KG findings | retained_for_extraction_candidate,primary,journal-article,primary,quarantined_no_active_artifact,"Retain the search record, but acquire an item-specific PDF/JATS record or slice the exact DOI/title item from the proceedings container.",unsegmented_proceedings_container | proceedings_container,,https://europepmc.org/api/getPdf?pmcid=PMC12437839 | https://www.cambridge.org/core/services/aop-cambridge-core/content/view/D4AA84EF88E473739CDF0D8A68A2613A/S0924933825008612a.pdf/div-class-title-outcomes-with-esketamine-nasal-spray-in-patients-with-or-without-earlier-partial-or-full-response-post-hoc-analyses-of-escape-trd-div.pdf | https://doi.org/10.1192/j.eurpsy.2025.861,PMC12437839,https://pmc.ncbi.nlm.nih.gov/articles/PMC12437839/,https://doi.org/10.1192/j.eurpsy.2025.861
A_existing_kg_claims_source_artifact_problem,True,5,True,True,10.1007/s00204-026-04365-4,"In-silico toxicity study of tryptamine, psilocin, psilocybin, N,N-dimethyltryptamine, 5’-methoxy-N,N-dimethyltryptamine and O-acetylpsilocin",manual_identity_mismatch,P0_existing_kg_and_retained,5 active KG findings | retained_for_extraction_candidate,primary,article,primary,quarantined_no_active_artifact,Acquire a replacement because the quarantined artifact belongs to a different document.,identity_mismatch,,,,,https://doi.org/10.1007/s00204-026-04365-4
A_existing_kg_claims_source_artifact_problem,True,5,True,True,10.1007/s00213-021-05879-8,"Low doses of ketamine and guanosine abrogate corticosterone-induced anxiety-related behavior, but not disturbances in the hippocampal NLRP3 inflammasome pathway",manual_identity_mismatch,P0_existing_kg_and_retained,5 active KG findings | retained_for_extraction_candidate,primary,article,primary,quarantined_no_active_artifact,Acquire a replacement because the quarantined artifact belongs to a different document.,identity_mismatch,,,,,https://doi.org/10.1007/s00213-021-05879-8
A_existing_kg_claims_source_artifact_problem,True,5,True,True,10.1007/s00213-025-06888-7,"The effect of methamphetamine and 3,4-methylenedioxymethamphetamine on peripheral endocannabinoid concentrations: a study in healthy adults",manual_identity_mismatch,P0_existing_kg_and_retained,5 active KG findings | retained_for_extraction_candidate,primary,article,primary,quarantined_no_active_artifact,Acquire a replacement because the quarantined artifact belongs to a different document.,identity_mismatch,,,,,https://doi.org/10.1007/s00213-025-06888-7
A_existing_kg_claims_source_artifact_problem,True,5,True,True,10.1007/s00213-025-06952-2,Divergent effects of ketamine and psilocybin on EEG power spectral density in a mismatch negativity paradigm,manual_identity_mismatch,P0_existing_kg_and_retained,5 active KG findings | retained_for_extraction_candidate,primary,article,primary,quarantined_no_active_artifact,Acquire a replacement because the quarantined artifact belongs to a different document.,identity_mismatch,,,,,https://doi.org/10.1007/s00213-025-06952-2
A_existing_kg_claims_source_artifact_problem,True,5,True,True,10.1074/jbc.271.25.14672,Mapping the Binding Site Pocket of the Serotonin 5-Hydroxytryptamine2A Receptor,manual_identity_unverified,P0_existing_kg_and_retained,5 active KG findings | retained_for_extraction_candidate,primary,article,primary,quarantined_no_active_artifact,Acquire an independently verifiable source because the prior artifact lacked sufficient document-level identity evidence.,identity_unverified,,,,,https://doi.org/10.1074/jbc.271.25.14672
A_existing_kg_claims_source_artifact_problem,True,5,True,True,10.1093/ijnp/pyae059.125,BEHAVIORAL AND ELECTROPHYSIOLOGICAL EFFECTS OF LYSERGIC ACID DIETHYLAMIDE (LSD) IN A MOUSE MODEL OF ALCOHOL USE DISORDER (AUD).,manual_exact_item_from_proceedings,P0_existing_kg_and_retained,5 active KG findings | retained_for_extraction_candidate,primary,journal-article,primary,quarantined_no_active_artifact,"Retain the search record, but acquire an item-specific PDF/JATS record or slice the exact DOI/title item from the proceedings container.",unsegmented_proceedings_container | proceedings_container,,https://europepmc.org/api/getPdf?pmcid=PMC11814950 | https://ftp.ncbi.nlm.nih.gov/pub/pmc/oa_pdf/49/57/pyae059.125.PMC11814950.pdf | https://pmc.ncbi.nlm.nih.gov/articles/PMC11814950/pdf/pyae059.125.pdf | https://doi.org/10.1093/ijnp/pyae059.125,PMC11814950,https://pmc.ncbi.nlm.nih.gov/articles/PMC11814950/,https://doi.org/10.1093/ijnp/pyae059.125
A_existing_kg_claims_source_artifact_problem,True,5,True,True,10.1093/schbul/sby015.230,O7.1. MIDBRAIN DOPAMINE NEURON ACTIVITY CONTROLS THE EFFECTS OF REPEATED KETAMINE ON STRIATAL DOPAMINERGIC FUNCTION.,manual_exact_item_from_proceedings,P0_existing_kg_and_retained,5 active KG findings | retained_for_extraction_candidate,primary,journal-article,primary,quarantined_no_active_artifact,"Retain the search record, but acquire an item-specific PDF/JATS record or slice the exact DOI/title item from the proceedings container.",unsegmented_proceedings_container | proceedings_container,,https://europepmc.org/api/getPdf?pmcid=PMC5887837 | https://doi.org/10.1093/schbul/sby015.230,PMC5887837,https://pmc.ncbi.nlm.nih.gov/articles/PMC5887837/,https://doi.org/10.1093/schbul/sby015.230
A_existing_kg_claims_source_artifact_problem,True,5,True,True,10.1093/sleep/32.11.1513,"Effects of Acute 3, 4-Methylenedioxymethamphetamine on Sleep and Daytime Sleepiness in MDMA Users: A Preliminary Study",manual_exact_item_from_proceedings,P0_existing_kg_and_retained,5 active KG findings | retained_for_extraction_candidate,primary,article,primary,quarantined_no_active_artifact,"Retain the search record, but acquire an item-specific PDF/JATS record or slice the exact DOI/title item from the proceedings container.",identity_unverified | unsegmented_proceedings_container | proceedings_container,,https://academic.oup.com/sleep/article-pdf/32/11/1513/13688374/sleep-32-11-1513.pdf | https://europepmc.org/api/getPdf?pmcid=PMC2768958,PMC2768958,https://pmc.ncbi.nlm.nih.gov/articles/PMC2768958/,https://doi.org/10.1093/sleep/32.11.1513
A_existing_kg_claims_source_artifact_problem,True,5,True,True,10.1192/j.eurpsy.2023.19,Pre-treatment functional connectivity of the cingulate cortex predicts anti-suicidal effects of serial ketamine infusions.,manual_exact_item_from_proceedings,P0_existing_kg_and_retained,5 active KG findings | retained_for_extraction_candidate,primary,journal-article,primary,quarantined_no_active_artifact,"Retain the search record, but acquire an item-specific PDF/JATS record or slice the exact DOI/title item from the proceedings container.",unsegmented_proceedings_container | proceedings_container,,https://europepmc.org/api/getPdf?pmcid=PMC10134448 | https://pmc.ncbi.nlm.nih.gov/articles/PMC10134448/pdf/S0924933823000196a.pdf | https://www.cambridge.org/core/services/aop-cambridge-core/content/view/E218DAB81F413E9DDA4D7A81AE7D2E58/S0924933823000196a.pdf/div-class-title-pre-treatment-functional-connectivity-of-the-cingulate-cortex-predicts-anti-suicidal-effects-of-serial-ketamine-infusions-div.pdf | https://doi.org/10.1192/j.eurpsy.2023.19,PMC10134448,https://pmc.ncbi.nlm.nih.gov/articles/PMC10134448/,https://doi.org/10.1192/j.eurpsy.2023.19
A_existing_kg_claims_source_artifact_problem,True,5,True,True,10.7302/25030,The Putative Role of the Medial Prefrontal Cortex in Emergence from General Anesthesia,manual_identity_unverified,P0_existing_kg_and_retained,5 active KG findings | retained_for_extraction_candidate,primary,article,primary,quarantined_no_active_artifact,Acquire an independently verifiable source because the prior artifact lacked sufficient document-level identity evidence.,identity_unverified,,,,,https://doi.org/10.7302/25030
A_existing_kg_claims_source_artifact_problem,True,4,True,True,10.1007/s00213-020-05490-3,"Ketamine relieves depression-like behaviors induced by chronic postsurgical pain in rats through anti-inflammatory, anti-oxidant effects and regulating BDNF expression",manual_identity_mismatch,P0_existing_kg_and_retained,4 active KG findings | retained_for_extraction_candidate,primary,article,primary,quarantined_no_active_artifact,Acquire a replacement because the quarantined artifact belongs to a different document.,identity_mismatch,,,,,https://doi.org/10.1007/s00213-020-05490-3
A_existing_kg_claims_source_artifact_problem,True,4,True,True,10.1007/s00213-025-06946-0,Ayahuasca prevents the reinstatement of cocaine-induced rewarding effects in C57Bl/6 mice,manual_identity_mismatch,P0_existing_kg_and_retained,4 active KG findings | retained_for_extraction_candidate,primary,article,primary,quarantined_no_active_artifact,Acquire a replacement because the quarantined artifact belongs to a different document.,identity_mismatch,,,,,https://doi.org/10.1007/s00213-025-06946-0
A_existing_kg_claims_source_artifact_problem,True,4,True,True,10.1007/s00213-025-06974-w,Ketamine attenuates anxiety-like behavior and oxidative imbalance in the maternal immune activation model: emphasis on the cerebellum,manual_identity_mismatch,P0_existing_kg_and_retained,4 active KG findings | retained_for_extraction_candidate,primary,article,primary,quarantined_no_active_artifact,Acquire a replacement because the quarantined artifact belongs to a different document.,identity_mismatch,,,,,https://doi.org/10.1007/s00213-025-06974-w
A_existing_kg_claims_source_artifact_problem,True,4,True,True,10.1007/s00406-023-01629-3,(R)-ketamine attenuates neurodevelopmental disease-related phenotypes in a mouse model of maternal immune activation,manual_identity_mismatch,P0_existing_kg_and_retained,4 active KG findings | retained_for_extraction_candidate,primary,article,primary,quarantined_no_active_artifact,Acquire a replacement because the quarantined artifact belongs to a different document.,identity_mismatch,,,,,https://doi.org/10.1007/s00406-023-01629-3
A_existing_kg_claims_source_artifact_problem,True,4,True,True,10.1007/s00414-022-02850-w,Hidden administration of 5-APB in a dancing club of New Caledonia documented by urine analysis: about 3 cases,manual_identity_mismatch,P0_existing_kg_and_retained,4 active KG findings | retained_for_extraction_candidate,primary,article,primary,quarantined_no_active_artifact,Acquire a replacement because the quarantined artifact belongs to a different document.,identity_mismatch,,,,,https://doi.org/10.1007/s00414-022-02850-w
A_existing_kg_claims_source_artifact_problem,True,4,True,True,10.1007/s11064-023-04055-y,Modulation of DOM-Induced Head-Twitch Response by mGluR2 Agonist/Inverse Agonist is Associated with 5-HT2AR-Mediated Gs Signaling Pathway,manual_identity_mismatch,P0_existing_kg_and_retained,4 active KG findings | retained_for_extraction_candidate,primary,article,primary,quarantined_no_active_artifact,Acquire a replacement because the quarantined artifact belongs to a different document.,identity_mismatch,,,,,https://doi.org/10.1007/s11064-023-04055-y
A_existing_kg_claims_source_artifact_problem,True,4,True,True,10.1016/s0924-9338(15)30573-3,Temporal Dynamics of Antidepressant Ketamine Effects On Glutamine Cycling Follow Regional Fingerprints of Ampa and Nmda Receptor Densities,manual_exact_item_from_proceedings,P0_existing_kg_and_retained,4 active KG findings | retained_for_extraction_candidate,primary,article,primary,quarantined_no_active_artifact,"Retain the search record, but acquire an item-specific PDF/JATS record or slice the exact DOI/title item from the proceedings container.",target_text_with_conflicting_doi | unsegmented_proceedings_container | proceedings_container,,https://www.semanticscholar.org/paper/a08be7e9ae5d5ccebafbca4784f19d5263c24eb6,,,https://doi.org/10.1016/s0924-9338(15)30573-3
A_existing_kg_claims_source_artifact_problem,True,4,True,True,10.1038/s41593-023-01436-y,GluN2A mediates ketamine-induced rapid antidepressant-like responses,manual_identity_mismatch,P0_existing_kg_and_retained,4 active KG findings | retained_for_extraction_candidate,primary,article,primary,quarantined_no_active_artifact,Acquire a replacement because the quarantined artifact belongs to a different document.,identity_mismatch,,,,,https://doi.org/10.1038/s41593-023-01436-y
A_existing_kg_claims_source_artifact_problem,True,4,True,True,10.1093/ijnp/pyae059.037,ROLE OF KLOTHO ON ANTIDEPRESSANT AND ANTISUICIDAL EFFECTS OF LOW-DOSE KETAMINE INFUSION AMONG PATIENTS WITH TREATMENT-RESISTANT DEPRESSION AND SUICIDAL IDEATION,manual_exact_item_from_proceedings,P0_existing_kg_and_retained,4 active KG findings | retained_for_extraction_candidate,primary,article,primary,quarantined_no_active_artifact,"Retain the search record, but acquire an item-specific PDF/JATS record or slice the exact DOI/title item from the proceedings container.",target_text_with_conflicting_doi | unsegmented_proceedings_container | proceedings_container,,https://pmc.ncbi.nlm.nih.gov/articles/PMC11815195/pdf/pyae059.037.pdf | https://doi.org/10.1093/ijnp/pyae059.037 | https://ftp.ncbi.nlm.nih.gov/pub/pmc/oa_pdf/aa/15/pyae059.037.PMC11815195.pdf | https://europepmc.org/api/getPdf?pmcid=PMC11815195,PMC11815195,https://pmc.ncbi.nlm.nih.gov/articles/PMC11815195/,https://doi.org/10.1093/ijnp/pyae059.037
A_existing_kg_claims_source_artifact_problem,True,4,True,True,10.1124/pr.115.011478,Psychedelics,manual_identity_unverified,P0_existing_kg_and_retained,4 active KG findings | retained_for_extraction_candidate,review,review,secondary_literature,quarantined_no_active_artifact,Acquire an independently verifiable source because the prior artifact lacked sufficient document-level identity evidence.,identity_unverified,,https://europepmc.org/api/getPdf?pmcid=PMC4813425,PMC4813425,https://pmc.ncbi.nlm.nih.gov/articles/PMC4813425/,https://doi.org/10.1124/pr.115.011478
A_existing_kg_claims_source_artifact_problem,True,4,True,True,10.1192/j.eurpsy.2025.1299,Esketamine Nasal Spray in the Treatment of Depression: A Comprehensive Analysis of its Efficacy and Safety in 107 Patients of Sulwan Psychiatric Hospital in Kingdom of Bahrain.,manual_exact_item_from_proceedings,P0_existing_kg_and_retained,4 active KG findings | retained_for_extraction_candidate,primary,journal-article,primary,quarantined_no_active_artifact,"Retain the search record, but acquire an item-specific PDF/JATS record or slice the exact DOI/title item from the proceedings container.",unsegmented_proceedings_container | proceedings_container,,https://www.cambridge.org/core/services/aop-cambridge-core/content/view/B6F46550D450404C4B8E78664356AAF0/S0924933825012994a.pdf/div-class-title-esketamine-nasal-spray-in-the-treatment-of-depression-a-comprehensive-analysis-of-its-efficacy-and-safety-in-107-patients-of-sulwan-psychiatric-hospital-in-kingdom-of-bahrain-div.pdf | https://europepmc.org/api/getPdf?pmcid=PMC12438414 | https://doi.org/10.1192/j.eurpsy.2025.1299,PMC12438414,https://pmc.ncbi.nlm.nih.gov/articles/PMC12438414/,https://doi.org/10.1192/j.eurpsy.2025.1299
A_existing_kg_claims_source_artifact_problem,True,4,True,True,10.1192/j.eurpsy.2025.1360,Metacogntive training add-on to esketamine treatment in TRD patients: effects on depressive rumination.,manual_exact_item_from_proceedings,P0_existing_kg_and_retained,4 active KG findings | retained_for_extraction_candidate,primary,journal-article,primary,quarantined_no_active_artifact,"Retain the search record, but acquire an item-specific PDF/JATS record or slice the exact DOI/title item from the proceedings container.",unsegmented_proceedings_container | proceedings_container,,https://www.cambridge.org/core/services/aop-cambridge-core/content/view/9DC36D444677D67DA49179A3F6E29738/S0924933825013604a.pdf/div-class-title-metacogntive-training-add-on-to-esketamine-treatment-in-trd-patients-effects-on-depressive-rumination-div.pdf | https://europepmc.org/api/getPdf?pmcid=PMC12438717 | https://doi.org/10.1192/j.eurpsy.2025.1360,PMC12438717,https://pmc.ncbi.nlm.nih.gov/articles/PMC12438717/,https://doi.org/10.1192/j.eurpsy.2025.1360
A_existing_kg_claims_source_artifact_problem,True,3,True,True,10.1007/s00115-021-01260-4,"Praktische Aspekte der Ketaminbehandlung – Sicherheit, Kombinationstherapien und Komorbiditäten",manual_identity_mismatch,P0_existing_kg_and_retained,3 active KG findings | retained_for_extraction_candidate,primary,review,primary,quarantined_no_active_artifact,Acquire a replacement because the quarantined artifact belongs to a different document.,identity_mismatch,,,,,https://doi.org/10.1007/s00115-021-01260-4
A_existing_kg_claims_source_artifact_problem,True,3,True,True,10.1007/s00210-025-04019-9,Using cluster analysis to investigate consumption patterns in cases positive to ketamine: a national 7‐year study,manual_identity_mismatch,P0_existing_kg_and_retained,3 active KG findings | retained_for_extraction_candidate,primary,article,primary,quarantined_no_active_artifact,Acquire a replacement because the quarantined artifact belongs to a different document.,identity_mismatch,,,,,https://doi.org/10.1007/s00210-025-04019-9
A_existing_kg_claims_source_artifact_problem,True,3,True,True,10.1007/s00213-023-06514-4,Ketamine produces no detectable long-term positive or negative effects on cognitive flexibility or reinforcement learning of male rats,manual_identity_mismatch,P0_existing_kg_and_retained,3 active KG findings | retained_for_extraction_candidate,primary,article,primary,quarantined_no_active_artifact,Acquire a replacement because the quarantined artifact belongs to a different document.,identity_mismatch,,,,,https://doi.org/10.1007/s00213-023-06514-4
A_existing_kg_claims_source_artifact_problem,True,3,True,True,10.1007/s00213-024-06720-8,Ketamine differentially affects implicit and explicit memory processes in rats,manual_identity_mismatch,P0_existing_kg_and_retained,3 active KG findings | retained_for_extraction_candidate,primary,article,primary,quarantined_no_active_artifact,Acquire a replacement because the quarantined artifact belongs to a different document.,identity_mismatch,,,,,https://doi.org/10.1007/s00213-024-06720-8
A_existing_kg_claims_source_artifact_problem,True,3,True,True,10.1007/s00284-025-04379-8,Biochemical Insights into Diverse Psilocybe Mushrooms and Their Metabolites as Sources of Neuroactive Agents: A Review,manual_identity_mismatch,P0_existing_kg_and_retained,3 active KG findings | retained_for_extraction_candidate,review,review,secondary_literature,quarantined_no_active_artifact,Acquire a replacement because the quarantined artifact belongs to a different document.,identity_mismatch,,,,,https://doi.org/10.1007/s00284-025-04379-8
A_existing_kg_claims_source_artifact_problem,True,3,True,True,10.1007/s10803-020-04542-z,"Brief Report: Intranasal Ketamine in Adolescents and Young Adults with Autism Spectrum Disorder—Initial Results of a Randomized, Controlled, Crossover, Pilot Study",manual_identity_mismatch,P0_existing_kg_and_retained,3 active KG findings | retained_for_extraction_candidate,primary,article,primary,quarantined_no_active_artifact,Acquire a replacement because the quarantined artifact belongs to a different document.,identity_mismatch,,,,,https://doi.org/10.1007/s10803-020-04542-z
A_existing_kg_claims_source_artifact_problem,True,3,True,True,10.1007/s13346-017-0476-2,Acute low-dose ketamine produces a rapid and robust increase in plasma BDNF without altering brain BDNF concentrations,manual_identity_mismatch,P0_existing_kg_and_retained,3 active KG findings | retained_for_extraction_candidate,primary,article,primary,quarantined_no_active_artifact,Acquire a replacement because the quarantined artifact belongs to a different document.,identity_mismatch,,,,,https://doi.org/10.1007/s13346-017-0476-2
A_existing_kg_claims_source_artifact_problem,True,3,True,True,10.1038/s41593-025-01964-9,Psilocybin-enhanced fear extinction linked to bidirectional modulation of cortical ensembles,manual_identity_mismatch,P0_existing_kg_and_retained,3 active KG findings | retained_for_extraction_candidate,primary,article,primary,quarantined_no_active_artifact,Acquire a replacement because the quarantined artifact belongs to a different document.,identity_mismatch,,,,,https://doi.org/10.1038/s41593-025-01964-9
A_existing_kg_claims_source_artifact_problem,True,3,True,True,10.1093/ijnp/pyw042.062,"Speaker 1: Barbara Sahakian, UK",manual_exact_item_from_proceedings,P0_existing_kg_and_retained,3 active KG findings | retained_for_extraction_candidate,primary,article,primary,quarantined_no_active_artifact,"Retain the search record, but acquire an item-specific PDF/JATS record or slice the exact DOI/title item from the proceedings container.",identity_unverified | unsegmented_proceedings_container | proceedings_container,,https://europepmc.org/api/getPdf?pmcid=PMC5616538,PMC5616538,https://pmc.ncbi.nlm.nih.gov/articles/PMC5616538/,https://doi.org/10.1093/ijnp/pyw042.062
A_existing_kg_claims_source_artifact_problem,True,3,True,True,10.1192/j.eurpsy.2022.837,Association of Psilocybin Use in Adolescents with Major Depressive Episode,manual_exact_item_from_proceedings,P0_existing_kg_and_retained,3 active KG findings | retained_for_extraction_candidate,primary,journal-article,primary,quarantined_no_active_artifact,"Retain the search record, but acquire an item-specific PDF/JATS record or slice the exact DOI/title item from the proceedings container.",unsegmented_proceedings_container | proceedings_container,,https://europepmc.org/api/getPdf?pmcid=PMC9563652 | https://www.cambridge.org/core/services/aop-cambridge-core/content/view/E79EEA5C1BEE057F5896FBC19DE31408/S0924933822008379a.pdf/div-class-title-association-of-psilocybin-use-in-adolescents-with-major-depressive-episode-div.pdf | https://doi.org/10.1192/j.eurpsy.2022.837,PMC9563652,https://pmc.ncbi.nlm.nih.gov/articles/PMC9563652/,https://doi.org/10.1192/j.eurpsy.2022.837
A_existing_kg_claims_source_artifact_problem,True,3,True,True,10.1192/j.eurpsy.2023.385,Gender differences in response and remission rates among patients receiving esketamine.,manual_exact_item_from_proceedings,P0_existing_kg_and_retained,3 active KG findings | retained_for_extraction_candidate,primary,journal-article,primary,quarantined_no_active_artifact,"Retain the search record, but acquire an item-specific PDF/JATS record or slice the exact DOI/title item from the proceedings container.",unsegmented_proceedings_container | proceedings_container,,https://www.cambridge.org/core/services/aop-cambridge-core/content/view/3FCF0192869CADEE48E846E7D1FC32A4/S0924933823003851a.pdf/div-class-title-gender-differences-in-response-and-remission-rates-among-patients-receiving-esketamine-div.pdf | https://europepmc.org/api/getPdf?pmcid=PMC10596366 | https://pmc.ncbi.nlm.nih.gov/articles/PMC10596366/pdf/S0924933823003851a.pdf | http://dx.doi.org/10.1192/j.eurpsy.2023.385,PMC10596366,https://pmc.ncbi.nlm.nih.gov/articles/PMC10596366/,https://doi.org/10.1192/j.eurpsy.2023.385
A_existing_kg_claims_source_artifact_problem,True,3,True,True,10.1192/j.eurpsy.2025.1396,"Dying to be Thin: The complex relationship between Eating Disorders, Epilepsy and Treatment Resistant Depression",manual_exact_item_from_proceedings,P0_existing_kg_and_retained,3 active KG findings | retained_for_extraction_candidate,primary,article,primary,quarantined_no_active_artifact,"Retain the search record, but acquire an item-specific PDF/JATS record or slice the exact DOI/title item from the proceedings container.",target_text_with_conflicting_doi | unsegmented_proceedings_container | proceedings_container,,https://www.cambridge.org/core/services/aop-cambridge-core/content/view/6BD13B77184B97FE441921737B54E9C9/S0924933825013963a.pdf/div-class-title-dying-to-be-thin-the-complex-relationship-between-eating-disorders-epilepsy-and-treatment-resistant-depression-div.pdf | https://europepmc.org/api/getPdf?pmcid=PMC12437134,PMC12437134,https://pmc.ncbi.nlm.nih.gov/articles/PMC12437134/,https://doi.org/10.1192/j.eurpsy.2025.1396
A_existing_kg_claims_source_artifact_problem,True,3,True,True,10.33425/2693-1516.1022,Psilocybin-based mushrooms and usage,manual_identity_unverified,P0_existing_kg_and_retained,3 active KG findings | retained_for_extraction_candidate,review,article,secondary_literature,quarantined_no_active_artifact,Acquire an independently verifiable source because the prior artifact lacked sufficient document-level identity evidence.,identity_unverified,,,,,https://doi.org/10.33425/2693-1516.1022
A_existing_kg_claims_source_artifact_problem,True,2,True,True,10.1007/7854_2021_298,"Effects of Setting on Psychedelic Experiences, Therapies, and Outcomes: A Rapid Scoping Review of the Literature",manual_identity_mismatch,P0_existing_kg_and_retained,2 active KG findings | retained_for_extraction_candidate,scoping_review,article,secondary_literature,quarantined_no_active_artifact,Acquire a replacement because the quarantined artifact belongs to a different document.,identity_mismatch,,,,,https://doi.org/10.1007/7854_2021_298
A_existing_kg_claims_source_artifact_problem,True,2,True,True,10.1007/s00429-023-02740-w,Cultural Differences and Information Technology Acceptance,manual_identity_mismatch,P0_existing_kg_and_retained,2 active KG findings | retained_for_extraction_candidate,primary,article,primary,quarantined_no_active_artifact,Acquire a replacement because the quarantined artifact belongs to a different document.,identity_mismatch,,,,,https://doi.org/10.1007/s00429-023-02740-w
A_existing_kg_claims_source_artifact_problem,True,2,True,True,10.1007/s12031-022-02046-2,"Astrocyte Activation, but not Microglia, Is Associated with the Experimental Mouse Model of Schizophrenia Induced by Chronic Ketamine",manual_identity_mismatch,P0_existing_kg_and_retained,2 active KG findings | retained_for_extraction_candidate,primary,article,primary,quarantined_no_active_artifact,Acquire a replacement because the quarantined artifact belongs to a different document.,identity_mismatch,,,,,https://doi.org/10.1007/s12031-022-02046-2
A_existing_kg_claims_source_artifact_problem,True,2,True,True,10.1007/s12035-023-03474-w,Ketamine counteracts sevoflurane-induced depressive-like behavior and synaptic plasticity impairments through the adenosine A2A receptor/ERK pathway in rats,manual_identity_mismatch,P0_existing_kg_and_retained,2 active KG findings | retained_for_extraction_candidate,primary,article,primary,quarantined_no_active_artifact,Acquire a replacement because the quarantined artifact belongs to a different document.,identity_mismatch,,,,,https://doi.org/10.1007/s12035-023-03474-w
A_existing_kg_claims_source_artifact_problem,True,2,True,True,10.1007/s12640-024-00727-x,Exploring the Different Impacts of Ketamine on Neurotrophic Factors and Inflammatory Parameters in a Cecal Ligation and Puncture-Induced Sepsis Model,manual_identity_mismatch,P0_existing_kg_and_retained,2 active KG findings | retained_for_extraction_candidate,primary,article,primary,quarantined_no_active_artifact,Acquire a replacement because the quarantined artifact belongs to a different document.,identity_mismatch,,,,,https://doi.org/10.1007/s12640-024-00727-x
A_existing_kg_claims_source_artifact_problem,True,2,True,True,10.1038/s41380-024-02655-w,Serotonergic psychedelic 5-MeO-DMT alters plasticity-related gene expression and generates anxiolytic effects in stressed mice,manual_identity_mismatch,P0_existing_kg_and_retained,2 active KG findings | retained_for_extraction_candidate,primary,article,primary,quarantined_no_active_artifact,Acquire a replacement because the quarantined artifact belongs to a different document.,identity_mismatch,,,,,https://doi.org/10.1038/s41380-024-02655-w
A_existing_kg_claims_source_artifact_problem,True,2,True,True,10.1192/j.eurpsy.2024.988,"Substance use, anxiety and depression among Tunisian college students.",manual_exact_item_from_proceedings,P0_existing_kg_and_retained,2 active KG findings | retained_for_extraction_candidate,primary,journal-article,primary,quarantined_no_active_artifact,"Retain the search record, but acquire an item-specific PDF/JATS record or slice the exact DOI/title item from the proceedings container.",unsegmented_proceedings_container | proceedings_container,,https://europepmc.org/api/getPdf?pmcid=PMC11861602 | https://pmc.ncbi.nlm.nih.gov/articles/PMC11861602/pdf/S092493382400988Xa.pdf | https://www.cambridge.org/core/services/aop-cambridge-core/content/view/BF214E8365DF676588FFBFFDF29AE0AD/S092493382400988Xa.pdf/div-class-title-substance-use-anxiety-and-depression-among-tunisian-college-students-div.pdf | http://dx.doi.org/10.1192/j.eurpsy.2024.988,PMC11861602,https://pmc.ncbi.nlm.nih.gov/articles/PMC11861602/,https://doi.org/10.1192/j.eurpsy.2024.988
A_existing_kg_claims_source_artifact_problem,True,2,True,True,10.5617/jea.7047,"To the Roots: Me, My Brother, Heroin and Iboga",manual_identity_unverified,P0_existing_kg_and_retained,2 active KG findings | retained_for_extraction_candidate,primary,article,primary,quarantined_no_active_artifact,Acquire an independently verifiable source because the prior artifact lacked sufficient document-level identity evidence.,identity_unverified,,,,,https://doi.org/10.5617/jea.7047
A_existing_kg_claims_source_artifact_problem,True,1,True,True,10.1007/7854_2023_453,Ketamine for Major Depressive Disorder,manual_identity_mismatch,P0_existing_kg_and_retained,1 active KG findings | retained_for_extraction_candidate,review,review,secondary_literature,quarantined_no_active_artifact,Acquire a replacement because the quarantined artifact belongs to a different document.,identity_mismatch,,,,,https://doi.org/10.1007/7854_2023_453
A_existing_kg_claims_source_artifact_problem,True,1,True,True,10.1007/s00213-023-06482-9,Serotonin 2C receptors are also important in head-twitch responses in male mice,manual_identity_mismatch,P0_existing_kg_and_retained,1 active KG findings | retained_for_extraction_candidate,primary,article,primary,quarantined_no_active_artifact,Acquire a replacement because the quarantined artifact belongs to a different document.,identity_mismatch,,,,,https://doi.org/10.1007/s00213-023-06482-9
A_existing_kg_claims_source_artifact_problem,True,1,True,True,10.1192/j.eurpsy.2025.1211,From NMDA Receptor Antagonism to Cerebrovascular Effects: The Dual Facets of Nitrous Oxide in Bipolar Depression.,manual_exact_item_from_proceedings,P0_existing_kg_and_retained,1 active KG findings | retained_for_extraction_candidate,review,journal-article,secondary_literature,quarantined_no_active_artifact,"Retain the search record, but acquire an item-specific PDF/JATS record or slice the exact DOI/title item from the proceedings container.",unsegmented_proceedings_container | proceedings_container,,https://europepmc.org/api/getPdf?pmcid=PMC12438875 | https://www.cambridge.org/core/services/aop-cambridge-core/content/view/6586BC9A1580FB56C17AAC28685CB4E4/S0924933825012118a.pdf/div-class-title-from-nmda-receptor-antagonism-to-cerebrovascular-effects-the-dual-facets-of-nitrous-oxide-in-bipolar-depression-div.pdf | https://doi.org/10.1192/j.eurpsy.2025.1211,PMC12438875,https://pmc.ncbi.nlm.nih.gov/articles/PMC12438875/,https://doi.org/10.1192/j.eurpsy.2025.1211
A_existing_kg_claims_source_artifact_problem,True,6,False,False,10.1093/ijnp/pyaf052.372,564. TOWARD AN UNDERSTANDING OF THE THERAPEUTICALLY RELEVANT MECHANISMS OF PSILOCYBIN FOR ANOREXIA NERVOSA.,manual_exact_item_from_proceedings,P1_existing_kg_or_curated_signal,6 active KG findings | flag_in_curated_claims | flag_in_claim_stubs,journal-article,journal-article,unknown,quarantined_no_active_artifact,"Retain the search record, but acquire an item-specific PDF/JATS record or slice the exact DOI/title item from the proceedings container.",unsegmented_proceedings_container | proceedings_container,,https://europepmc.org/api/getPdf?pmcid=PMC12359394 | https://ftp.ncbi.nlm.nih.gov/pub/pmc/oa_pdf/7c/cf/pyaf052.372.PMC12359394.pdf | https://doi.org/10.1093/ijnp/pyaf052.372,PMC12359394,https://pmc.ncbi.nlm.nih.gov/articles/PMC12359394/,https://doi.org/10.1093/ijnp/pyaf052.372
A_existing_kg_claims_source_artifact_problem,True,4,False,False,10.1093/ijnp/pyaf052.159,670. CAN WE RE-MEDICALISE THE PSYCHEDELIC EXPERIENCE?,manual_exact_item_from_proceedings,P1_existing_kg_or_curated_signal,4 active KG findings | flag_in_curated_claims | flag_in_claim_stubs,journal-article,journal-article,unknown,quarantined_no_active_artifact,"Retain the search record, but acquire an item-specific PDF/JATS record or slice the exact DOI/title item from the proceedings container.",unsegmented_proceedings_container | proceedings_container,,https://europepmc.org/api/getPdf?pmcid=PMC12359547 | https://ftp.ncbi.nlm.nih.gov/pub/pmc/oa_pdf/78/03/pyaf052.159.PMC12359547.pdf | https://doi.org/10.1093/ijnp/pyaf052.159,PMC12359547,https://pmc.ncbi.nlm.nih.gov/articles/PMC12359547/,https://doi.org/10.1093/ijnp/pyaf052.159
A_existing_kg_claims_source_artifact_problem,True,2,False,False,10.1093/ijnp/pyaf052.368,551. PSYCHEDELICS AND OCD: TRANSLATIONAL APPROACHES.,manual_exact_item_from_proceedings,P1_existing_kg_or_curated_signal,2 active KG findings | flag_in_curated_claims | flag_in_claim_stubs,journal-article,journal-article,unknown,quarantined_no_active_artifact,"Retain the search record, but acquire an item-specific PDF/JATS record or slice the exact DOI/title item from the proceedings container.",unsegmented_proceedings_container | proceedings_container,,https://europepmc.org/api/getPdf?pmcid=PMC12359607 | https://ftp.ncbi.nlm.nih.gov/pub/pmc/oa_pdf/e4/9e/pyaf052.368.PMC12359607.pdf | https://doi.org/10.1093/ijnp/pyaf052.368,PMC12359607,https://pmc.ncbi.nlm.nih.gov/articles/PMC12359607/,https://doi.org/10.1093/ijnp/pyaf052.368
A_existing_kg_claims_source_artifact_problem,True,13,False,False,10.1093/ijnp/pyaf052.202,247. DOES EXCITATORY/INHIBITORY BALANCE PREDICT KETAMINE RESPONSE IN TREATMENT-RESISTANT DEPRESSION? A DOUBLE-BLIND RANDOMIZED CONTROLLED TRIAL WITH 1H-MRS,manual_exact_item_from_proceedings,P1_existing_kg_or_curated_signal,13 active KG findings | flag_in_curated_claims,journal-article,journal-article,unknown,quarantined_no_active_artifact,"Retain the search record, but acquire an item-specific PDF/JATS record or slice the exact DOI/title item from the proceedings container.",unsegmented_proceedings_container | proceedings_container,,https://europepmc.org/api/getPdf?pmcid=PMC12359718 | https://ftp.ncbi.nlm.nih.gov/pub/pmc/oa_pdf/a0/9b/pyaf052.202.PMC12359718.pdf | https://doi.org/10.1093/ijnp/pyaf052.202,PMC12359718,https://pmc.ncbi.nlm.nih.gov/articles/PMC12359718/,https://doi.org/10.1093/ijnp/pyaf052.202
A_existing_kg_claims_source_artifact_problem,True,11,False,False,10.1093/ijnp/pyaf052.397,655. EXPANDING ACCESS TO KETAMINE THROUGH REFORMULATION,manual_exact_item_from_proceedings,P1_existing_kg_or_curated_signal,11 active KG findings | flag_in_curated_claims,journal-article,journal-article,unknown,quarantined_no_active_artifact,"Retain the search record, but acquire an item-specific PDF/JATS record or slice the exact DOI/title item from the proceedings container.",unsegmented_proceedings_container | proceedings_container,,https://europepmc.org/api/getPdf?pmcid=PMC12359477 | https://ftp.ncbi.nlm.nih.gov/pub/pmc/oa_pdf/50/a9/pyaf052.397.PMC12359477.pdf | https://doi.org/10.1093/ijnp/pyaf052.397,PMC12359477,https://pmc.ncbi.nlm.nih.gov/articles/PMC12359477/,https://doi.org/10.1093/ijnp/pyaf052.397
A_existing_kg_claims_source_artifact_problem,True,10,False,False,10.1093/ijnp/pyaf052.026,229. PSILOCYBIN WITH PSYCHOTHERAPEUTIC SUPPORT FOR TREATMENT-RESISTANT DEPRESSION: A PILOT CLINICAL TRIAL.,manual_exact_item_from_proceedings,P1_existing_kg_or_curated_signal,10 active KG findings | flag_in_curated_claims,journal-article,journal-article,unknown,quarantined_no_active_artifact,"Retain the search record, but acquire an item-specific PDF/JATS record or slice the exact DOI/title item from the proceedings container.",unsegmented_proceedings_container | proceedings_container,,https://europepmc.org/api/getPdf?pmcid=PMC12359778 | https://ftp.ncbi.nlm.nih.gov/pub/pmc/oa_pdf/38/d0/pyaf052.026.PMC12359778.pdf | https://doi.org/10.1093/ijnp/pyaf052.026,PMC12359778,https://pmc.ncbi.nlm.nih.gov/articles/PMC12359778/,https://doi.org/10.1093/ijnp/pyaf052.026
A_existing_kg_claims_source_artifact_problem,True,7,False,False,10.1093/ijnp/pyaf052.154,620. IDENTIFICATION OF BLOOD BIOMARKERS OF PSILOCYBIN-ASSISTED THERAPY TREATMENT RESPONSE FOR GENERALISED ANXIETY DISORDER.,manual_exact_item_from_proceedings,P1_existing_kg_or_curated_signal,7 active KG findings | flag_in_curated_claims,journal-article,journal-article,unknown,quarantined_no_active_artifact,"Retain the search record, but acquire an item-specific PDF/JATS record or slice the exact DOI/title item from the proceedings container.",unsegmented_proceedings_container | proceedings_container,,https://europepmc.org/api/getPdf?pmcid=PMC12359512 | https://ftp.ncbi.nlm.nih.gov/pub/pmc/oa_pdf/68/92/pyaf052.154.PMC12359512.pdf | https://doi.org/10.1093/ijnp/pyaf052.154,PMC12359512,https://pmc.ncbi.nlm.nih.gov/articles/PMC12359512/,https://doi.org/10.1093/ijnp/pyaf052.154
A_existing_kg_claims_source_artifact_problem,True,6,False,False,10.1093/ijnp/pyaf052.234,327. 5-HT2B RECEPTORS MODULATE THE ANTIDEPRESSANT-LIKE RESPONSE OF THE PSYCHEDELIC LSD IN RAT BUT NOT IN MICE.,manual_exact_item_from_proceedings,P1_existing_kg_or_curated_signal,6 active KG findings | flag_in_curated_claims,journal-article,journal-article,unknown,quarantined_no_active_artifact,"Retain the search record, but acquire an item-specific PDF/JATS record or slice the exact DOI/title item from the proceedings container.",unsegmented_proceedings_container | proceedings_container,,https://europepmc.org/api/getPdf?pmcid=PMC12359452 | https://ftp.ncbi.nlm.nih.gov/pub/pmc/oa_pdf/dd/cf/pyaf052.234.PMC12359452.pdf | https://doi.org/10.1093/ijnp/pyaf052.234,PMC12359452,https://pmc.ncbi.nlm.nih.gov/articles/PMC12359452/,https://doi.org/10.1093/ijnp/pyaf052.234
A_existing_kg_claims_source_artifact_problem,True,5,False,False,10.1093/ijnp/pyaf052.124,164. PSILOCYBIN DURING THE POSTPARTUM PERIOD INDUCES LONG-LASTING ADVERSE EFFECTS IN BOTH MOTHERS AND OFFSPRING,manual_exact_item_from_proceedings,P1_existing_kg_or_curated_signal,5 active KG findings | flag_in_curated_claims,journal-article,journal-article,unknown,quarantined_no_active_artifact,"Retain the search record, but acquire an item-specific PDF/JATS record or slice the exact DOI/title item from the proceedings container.",unsegmented_proceedings_container | proceedings_container,,https://europepmc.org/api/getPdf?pmcid=PMC12359495 | https://ftp.ncbi.nlm.nih.gov/pub/pmc/oa_pdf/55/31/pyaf052.124.PMC12359495.pdf | https://doi.org/10.1093/ijnp/pyaf052.124,PMC12359495,https://pmc.ncbi.nlm.nih.gov/articles/PMC12359495/,https://doi.org/10.1093/ijnp/pyaf052.124
A_existing_kg_claims_source_artifact_problem,True,5,False,False,10.1093/ijnp/pyaf052.175,189. EXPLORING THE SUBJECTIVE EXPERIENCE OF PATIENTS WITH TREATMENT-RESISTANT DEPRESSION ON THE EFFECTS OF ESKETAMINE NASAL SPRAY.,manual_exact_item_from_proceedings,P1_existing_kg_or_curated_signal,5 active KG findings | flag_in_curated_claims,journal-article,journal-article,unknown,quarantined_no_active_artifact,"Retain the search record, but acquire an item-specific PDF/JATS record or slice the exact DOI/title item from the proceedings container.",unsegmented_proceedings_container | proceedings_container,,https://europepmc.org/api/getPdf?pmcid=PMC12359740 | https://ftp.ncbi.nlm.nih.gov/pub/pmc/oa_pdf/01/b8/pyaf052.175.PMC12359740.pdf | https://doi.org/10.1093/ijnp/pyaf052.175,PMC12359740,https://pmc.ncbi.nlm.nih.gov/articles/PMC12359740/,https://doi.org/10.1093/ijnp/pyaf052.175
A_existing_kg_claims_source_artifact_problem,True,1,False,False,10.1093/ijnp/pyaf052.032,245. USING CLASSIFICATION AND REGRESSION TREE MODELLING TO INVESTIGATE LOW-DOSE KETAMINE’S EFFECT ON REMISSION OF SUICIDAL SYMPTOMS AMONG PATIENTS WITH TREATMENT-RESISTANT DEPRESSION AND STRONG SUICIDAL THOUGHT.,manual_exact_item_from_proceedings,P1_existing_kg_or_curated_signal,1 active KG findings | flag_in_curated_claims,journal-article,journal-article,unknown,quarantined_no_active_artifact,"Retain the search record, but acquire an item-specific PDF/JATS record or slice the exact DOI/title item from the proceedings container.",unsegmented_proceedings_container | proceedings_container,,https://europepmc.org/api/getPdf?pmcid=PMC12359668 | https://ftp.ncbi.nlm.nih.gov/pub/pmc/oa_pdf/3f/47/pyaf052.032.PMC12359668.pdf | https://doi.org/10.1093/ijnp/pyaf052.032,PMC12359668,https://pmc.ncbi.nlm.nih.gov/articles/PMC12359668/,https://doi.org/10.1093/ijnp/pyaf052.032
A_existing_kg_claims_source_artifact_problem,True,14,False,False,10.1017/cts.2024.274,300 Psilocybin-induced changes in neural reactivity to alcohol and emotional cues in patients with alcohol use disorder: An fMRI pilot study,manual_exact_item_from_proceedings,P1_existing_kg_or_curated_signal,14 active KG findings | flag_in_claim_stubs,journal-article,journal-article,unknown,quarantined_no_active_artifact,"Retain the search record, but acquire an item-specific PDF/JATS record or slice the exact DOI/title item from the proceedings container.",unsegmented_proceedings_container | proceedings_container,,https://europepmc.org/api/getPdf?pmcid=PMC11033768 | https://ftp.ncbi.nlm.nih.gov/pub/pmc/oa_pdf/26/c9/S2059866124002747a.PMC11033768.pdf | https://pmc.ncbi.nlm.nih.gov/articles/PMC11033768/pdf/S2059866124002747a.pdf | https://www.cambridge.org/core/services/aop-cambridge-core/content/view/44AC398F170E3C94CB564C3EA6559BA4/S2059866124002747a.pdf/div-class-title-300-psilocybin-induced-changes-in-neural-reactivity-to-alcohol-and-emotional-cues-in-patients-with-alcohol-use-disorder-an-fmri-pilot-study-div.pdf | http://dx.doi.org/10.1017/cts.2024.274,PMC11033768,https://pmc.ncbi.nlm.nih.gov/articles/PMC11033768/,https://doi.org/10.1017/cts.2024.274
A_existing_kg_claims_source_artifact_problem,True,7,False,False,10.1093/ijnp/pyaf052.265,"413. CLINICAL EXPERIENCES WITH ESKETAMINE TREATMENT AT THE DEPARTMENT OF PSYCHIATRY AND PSYCHOLOGICAL MEDICINE, UNIVERSITY HOSPITAL CENTRE ZAGREB, DURING THE PERIOD FROM 2022 TO 2024.",manual_exact_item_from_proceedings,P1_existing_kg_or_curated_signal,7 active KG findings | flag_in_claim_stubs,journal-article,journal-article,unknown,quarantined_no_active_artifact,"Retain the search record, but acquire an item-specific PDF/JATS record or slice the exact DOI/title item from the proceedings container.",unsegmented_proceedings_container | proceedings_container,,https://europepmc.org/api/getPdf?pmcid=PMC12359430 | https://ftp.ncbi.nlm.nih.gov/pub/pmc/oa_pdf/16/65/pyaf052.265.PMC12359430.pdf | https://doi.org/10.1093/ijnp/pyaf052.265,PMC12359430,https://pmc.ncbi.nlm.nih.gov/articles/PMC12359430/,https://doi.org/10.1093/ijnp/pyaf052.265
A_existing_kg_claims_source_artifact_problem,True,7,False,False,10.1093/ijnp/pyaf052.304,520. INCREASE OF THE AMPA-EVOKED RESPONSE IN PREFRONTAL CORTEX PYRAMIDAL NEURONS FOLLOWING ACUTE ADMINISTRATION OF KETAMINE AND S-KETAMINE IN RATS.,manual_exact_item_from_proceedings,P1_existing_kg_or_curated_signal,7 active KG findings | flag_in_claim_stubs,journal-article,journal-article,unknown,quarantined_no_active_artifact,"Retain the search record, but acquire an item-specific PDF/JATS record or slice the exact DOI/title item from the proceedings container.",unsegmented_proceedings_container | proceedings_container,,https://europepmc.org/api/getPdf?pmcid=PMC12359764 | https://ftp.ncbi.nlm.nih.gov/pub/pmc/oa_pdf/c2/96/pyaf052.304.PMC12359764.pdf | https://doi.org/10.1093/ijnp/pyaf052.304,PMC12359764,https://pmc.ncbi.nlm.nih.gov/articles/PMC12359764/,https://doi.org/10.1093/ijnp/pyaf052.304
A_existing_kg_claims_source_artifact_problem,True,7,False,False,10.1093/ijnp/pyaf052.363,544. MOLECULAR AND CELLULAR MECHANISMS OF THE LONG-LASTING EFFECTS OF PSYCHEDELICS AND THEIR NON-HALLUCINOGENIC DERIVATIVES.,manual_exact_item_from_proceedings,P1_existing_kg_or_curated_signal,7 active KG findings | flag_in_claim_stubs,journal-article,journal-article,unknown,quarantined_no_active_artifact,"Retain the search record, but acquire an item-specific PDF/JATS record or slice the exact DOI/title item from the proceedings container.",unsegmented_proceedings_container | proceedings_container,,https://europepmc.org/api/getPdf?pmcid=PMC12359356 | https://ftp.ncbi.nlm.nih.gov/pub/pmc/oa_pdf/99/8b/pyaf052.363.PMC12359356.pdf | https://doi.org/10.1093/ijnp/pyaf052.363,PMC12359356,https://pmc.ncbi.nlm.nih.gov/articles/PMC12359356/,https://doi.org/10.1093/ijnp/pyaf052.363
A_existing_kg_claims_source_artifact_problem,True,6,False,False,10.1093/ijnp/pyaf052.075,476. ACUTE AND CHRONIC PSILOCYBIN IN MOUSE MODELS OF PSYCHIATRIC DISORDERS.,manual_exact_item_from_proceedings,P1_existing_kg_or_curated_signal,6 active KG findings | flag_in_claim_stubs,journal-article,journal-article,unknown,quarantined_no_active_artifact,"Retain the search record, but acquire an item-specific PDF/JATS record or slice the exact DOI/title item from the proceedings container.",unsegmented_proceedings_container | proceedings_container,,https://europepmc.org/api/getPdf?pmcid=PMC12359791 | https://ftp.ncbi.nlm.nih.gov/pub/pmc/oa_pdf/dd/0b/pyaf052.075.PMC12359791.pdf | https://doi.org/10.1093/ijnp/pyaf052.075,PMC12359791,https://pmc.ncbi.nlm.nih.gov/articles/PMC12359791/,https://doi.org/10.1093/ijnp/pyaf052.075
A_existing_kg_claims_source_artifact_problem,True,4,False,False,10.1093/ijnp/pyaf052.399,657. ECONOMIC EVALUATIONS OF EMERGING PHARMACOLOGICAL THERAPIES FOR TREATMENT RESISTANT DEPRESSION.,manual_exact_item_from_proceedings,P1_existing_kg_or_curated_signal,4 active KG findings | flag_in_claim_stubs,journal-article,journal-article,unknown,quarantined_no_active_artifact,"Retain the search record, but acquire an item-specific PDF/JATS record or slice the exact DOI/title item from the proceedings container.",unsegmented_proceedings_container | proceedings_container,,https://europepmc.org/api/getPdf?pmcid=PMC12359616 | https://ftp.ncbi.nlm.nih.gov/pub/pmc/oa_pdf/b0/5a/pyaf052.399.PMC12359616.pdf | https://doi.org/10.1093/ijnp/pyaf052.399,PMC12359616,https://pmc.ncbi.nlm.nih.gov/articles/PMC12359616/,https://doi.org/10.1093/ijnp/pyaf052.399
A_existing_kg_claims_source_artifact_problem,True,3,False,False,10.1093/ijnp/pyaf052.377,577. CLINICAL EVIDENCE AND APPLICATIONS OF PSYCHEDELICS FOR MENTAL ILLNESSES.,manual_exact_item_from_proceedings,P1_existing_kg_or_curated_signal,3 active KG findings | flag_in_claim_stubs,journal-article,journal-article,unknown,quarantined_no_active_artifact,"Retain the search record, but acquire an item-specific PDF/JATS record or slice the exact DOI/title item from the proceedings container.",unsegmented_proceedings_container | proceedings_container,,https://europepmc.org/api/getPdf?pmcid=PMC12359774 | https://ftp.ncbi.nlm.nih.gov/pub/pmc/oa_pdf/df/22/pyaf052.377.PMC12359774.pdf | https://doi.org/10.1093/ijnp/pyaf052.377,PMC12359774,https://pmc.ncbi.nlm.nih.gov/articles/PMC12359774/,https://doi.org/10.1093/ijnp/pyaf052.377
A_existing_kg_claims_source_artifact_problem,True,8,False,False,10.1093/ijnp/pyaf052.166,"155. EXPLORING LSD MICRODOSING IN AN OPEN-LABEL PILOT FOR MAJOR DEPRESSIVE DISORDER: THE INTERPLAY OF BEHAVIORAL ACTIVATION, MOOD IMPROVEMENT, AND CONNECTEDNESS.",manual_exact_item_from_proceedings,P1_existing_kg_or_curated_signal,8 active KG findings,journal-article,journal-article,unknown,quarantined_no_active_artifact,"Retain the search record, but acquire an item-specific PDF/JATS record or slice the exact DOI/title item from the proceedings container.",unsegmented_proceedings_container | proceedings_container,,https://europepmc.org/api/getPdf?pmcid=PMC12359325 | https://ftp.ncbi.nlm.nih.gov/pub/pmc/oa_pdf/87/7f/pyaf052.166.PMC12359325.pdf | https://doi.org/10.1093/ijnp/pyaf052.166,PMC12359325,https://pmc.ncbi.nlm.nih.gov/articles/PMC12359325/,https://doi.org/10.1093/ijnp/pyaf052.166
A_existing_kg_claims_source_artifact_problem,True,6,False,False,10.1017/cts.2019.110,"3525 Improvement in Suicidal Ideation after Repeated Ketamine Infusions: Relationship to Reductions in Symptoms of Posttraumatic Stress Disorder, Depression, and Pain.",manual_exact_item_from_proceedings,P1_existing_kg_or_curated_signal,6 active KG findings,journal-article,journal-article,unknown,quarantined_no_active_artifact,"Retain the search record, but acquire an item-specific PDF/JATS record or slice the exact DOI/title item from the proceedings container.",unsegmented_proceedings_container | proceedings_container,,https://europepmc.org/api/getPdf?pmcid=PMC6798755 | https://ftp.ncbi.nlm.nih.gov/pub/pmc/oa_pdf/8d/0b/S2059866119001109a.PMC6798755.pdf | https://www.cambridge.org/core/services/aop-cambridge-core/content/view/9F3AE71B022B4A9D282321BD0F279E21/S2059866119001109a.pdf/div-class-title-3525-improvement-in-suicidal-ideation-after-repeated-ketamine-infusions-relationship-to-reductions-in-symptoms-of-posttraumatic-stress-disorder-depression-and-pain-div.pdf | https://doi.org/10.1017/cts.2019.110,PMC6798755,https://pmc.ncbi.nlm.nih.gov/articles/PMC6798755/,https://doi.org/10.1017/cts.2019.110
A_existing_kg_claims_source_artifact_problem,True,6,False,False,10.1093/ijnp/pyaf052.015,182. ELUCIDATING NMDA RECEPTOR HYPOFUNCTION USING SIMULTANEOUS EEG-FMRI MEASURES OF KETAMINE-INDUCED NEURAL DYNAMICS,manual_exact_item_from_proceedings,P1_existing_kg_or_curated_signal,6 active KG findings,journal-article,journal-article,unknown,quarantined_no_active_artifact,"Retain the search record, but acquire an item-specific PDF/JATS record or slice the exact DOI/title item from the proceedings container.",unsegmented_proceedings_container | proceedings_container,,https://europepmc.org/api/getPdf?pmcid=PMC12359756 | https://ftp.ncbi.nlm.nih.gov/pub/pmc/oa_pdf/35/c9/pyaf052.015.PMC12359756.pdf | https://doi.org/10.1093/ijnp/pyaf052.015,PMC12359756,https://pmc.ncbi.nlm.nih.gov/articles/PMC12359756/,https://doi.org/10.1093/ijnp/pyaf052.015
A_existing_kg_claims_source_artifact_problem,True,3,False,False,10.1093/ijnp/pyaf052.163,97. NEURAL AND BEHAVIORAL EVIDENCE FROM REINFORCEMENT LEARNING CONVERGE IN SUPPORT OF RELAXED BELIEFS UNDER LSD,manual_exact_item_from_proceedings,P1_existing_kg_or_curated_signal,3 active KG findings,journal-article,journal-article,unknown,quarantined_no_active_artifact,"Retain the search record, but acquire an item-specific PDF/JATS record or slice the exact DOI/title item from the proceedings container.",unsegmented_proceedings_container | proceedings_container,,https://europepmc.org/api/getPdf?pmcid=PMC12359589 | https://ftp.ncbi.nlm.nih.gov/pub/pmc/oa_pdf/26/1c/pyaf052.163.PMC12359589.pdf | https://pmc.ncbi.nlm.nih.gov/articles/PMC12359589/,PMC12359589,https://pmc.ncbi.nlm.nih.gov/articles/PMC12359589/,https://doi.org/10.1093/ijnp/pyaf052.163
A_existing_kg_claims_source_artifact_problem,True,3,False,False,10.1093/ijnp/pyaf052.395,651. DISCOVERY OF OMICS-BIOMARKERS OF KETAMINE FOR TREATMENT RESPONSE IN DEPRESSION,manual_exact_item_from_proceedings,P1_existing_kg_or_curated_signal,3 active KG findings,journal-article,journal-article,unknown,quarantined_no_active_artifact,"Retain the search record, but acquire an item-specific PDF/JATS record or slice the exact DOI/title item from the proceedings container.",unsegmented_proceedings_container | proceedings_container,,https://europepmc.org/api/getPdf?pmcid=PMC12359517 | https://ftp.ncbi.nlm.nih.gov/pub/pmc/oa_pdf/02/ac/pyaf052.395.PMC12359517.pdf | https://doi.org/10.1093/ijnp/pyaf052.395,PMC12359517,https://pmc.ncbi.nlm.nih.gov/articles/PMC12359517/,https://doi.org/10.1093/ijnp/pyaf052.395
A_existing_kg_claims_source_artifact_problem,True,3,False,False,10.1093/ijnp/pyaf052.401,661. A SINGLE DOSE OF LYSERGIC ACID DIETHYLAMIDE (LSD) REDUCES ALCOHOL CONSUMPTION AND REVERTS DOPAMINERGIC (DA) DISFUNCTION IN MALE MICE.,manual_exact_item_from_proceedings,P1_existing_kg_or_curated_signal,3 active KG findings,journal-article,journal-article,unknown,quarantined_no_active_artifact,"Retain the search record, but acquire an item-specific PDF/JATS record or slice the exact DOI/title item from the proceedings container.",unsegmented_proceedings_container | proceedings_container,,https://europepmc.org/api/getPdf?pmcid=PMC12359364 | https://ftp.ncbi.nlm.nih.gov/pub/pmc/oa_pdf/71/64/pyaf052.401.PMC12359364.pdf | https://doi.org/10.1093/ijnp/pyaf052.401,PMC12359364,https://pmc.ncbi.nlm.nih.gov/articles/PMC12359364/,https://doi.org/10.1093/ijnp/pyaf052.401
B_curated_or_claim_stub_signal_no_active_kg_claims,False,0,True,True,10.1007/s40263-021-00851-8,Evaluating the Role of Ketamine/Esketamine in the Management of Major Depressive Disorder with Suicide Risk,manual_identity_mismatch,P1_existing_kg_or_curated_signal,retained_for_extraction_candidate | flag_in_curated_claims | flag_in_claim_stubs,review,review,secondary_literature,quarantined_no_active_artifact,Acquire a replacement because the quarantined artifact belongs to a different document.,identity_mismatch,,,,,https://doi.org/10.1007/s40263-021-00851-8
B_curated_or_claim_stub_signal_no_active_kg_claims,False,0,True,True,10.31986/issn.2689-0690_rdw.stratford_research_day.149_2024,Efficacy of Psilocybin in the Treatment of Substance and Alcohol Use Disorders,manual_exact_item_from_proceedings,P1_existing_kg_or_curated_signal,retained_for_extraction_candidate | flag_in_curated_claims | flag_in_claim_stubs,review,article,secondary_literature,quarantined_no_active_artifact,"Retain the search record, but acquire an item-specific PDF/JATS record or slice the exact DOI/title item from the proceedings container.",identity_unverified | unsegmented_proceedings_container | proceedings_container,,https://rdw.rowan.edu/context/stratford_research_day/article/1687/viewcontent/Brancaccio_Rowan_Research_Day_2024_Poster.pdf,,,https://doi.org/10.31986/issn.2689-0690_rdw.stratford_research_day.149_2024
B_curated_or_claim_stub_signal_no_active_kg_claims,False,0,True,True,10.1002/wps.20555,"Serotonin, psychedelics and psychiatry",manual_identity_unverified,P1_existing_kg_or_curated_signal,retained_for_extraction_candidate | flag_in_curated_claims,narrative_review,article,secondary_literature,quarantined_no_active_artifact,Acquire an independently verifiable source because the prior artifact lacked sufficient document-level identity evidence.,identity_unverified,,https://onlinelibrary.wiley.com/doi/pdfdirect/10.1002/wps.20555 | https://europepmc.org/api/getPdf?pmcid=PMC6127802,PMC6127802,https://pmc.ncbi.nlm.nih.gov/articles/PMC6127802/,https://doi.org/10.1002/wps.20555
B_curated_or_claim_stub_signal_no_active_kg_claims,False,0,True,True,10.1007/978-981-19-7376-5_21,The Glutamatergic System in Treatment-Resistant Depression and Comparative Effectiveness of Ketamine and Esketamine: Role of Inflammation?,manual_identity_unverified,P1_existing_kg_or_curated_signal,retained_for_extraction_candidate | flag_in_curated_claims,review,article,secondary_literature,quarantined_no_active_artifact,Acquire an independently verifiable source because the prior artifact lacked sufficient document-level identity evidence.,identity_unverified,,,,,https://doi.org/10.1007/978-981-19-7376-5_21
B_curated_or_claim_stub_signal_no_active_kg_claims,False,0,True,True,10.1007/s00213-020-05692-9,Rapid and sustained decreases in suicidality following a single dose of ayahuasca among individuals with recurrent major depressive disorder: results from an open-label trial,manual_identity_mismatch,P1_existing_kg_or_curated_signal,retained_for_extraction_candidate | flag_in_curated_claims,primary,article,primary,quarantined_no_active_artifact,Acquire a replacement because the quarantined artifact belongs to a different document.,identity_mismatch,,,,,https://doi.org/10.1007/s00213-020-05692-9
B_curated_or_claim_stub_signal_no_active_kg_claims,False,0,True,True,10.1007/s00406-020-01110-5,Intravenous arketamine for treatment-resistant depression: open-label pilot study,manual_identity_mismatch,P1_existing_kg_or_curated_signal,retained_for_extraction_candidate | flag_in_curated_claims,primary,article,primary,quarantined_no_active_artifact,Acquire a replacement because the quarantined artifact belongs to a different document.,identity_mismatch,,,,,https://doi.org/10.1007/s00406-020-01110-5
B_curated_or_claim_stub_signal_no_active_kg_claims,False,0,True,True,10.1007/s11920-024-01577-2,Therapeutic Potential of MDMA- and Psychedelic-Assisted Psychotherapy for Adolescent Depression and Trauma,manual_identity_mismatch,P1_existing_kg_or_curated_signal,retained_for_extraction_candidate | flag_in_curated_claims,review,review,secondary_literature,quarantined_no_active_artifact,Acquire a replacement because the quarantined artifact belongs to a different document.,identity_mismatch,,,,,https://doi.org/10.1007/s11920-024-01577-2
B_curated_or_claim_stub_signal_no_active_kg_claims,False,0,True,True,10.1038/s41380-018-0256-5,"Double-blind, placebo-controlled, dose-ranging trial of intravenous ketamine as adjunctive therapy in treatment-resistant depression (TRD)",manual_main_article_not_correction,P1_existing_kg_or_curated_signal,retained_for_extraction_candidate | flag_in_curated_claims,primary,article,primary,quarantined_no_active_artifact,"Acquire the requested main article; do not accept its correction, corrigendum, or erratum as a substitute.",main_article_points_to_correction | correction_or_erratum,,https://www.nature.com/articles/s41380-018-0256-5.pdf | https://www.ncbi.nlm.nih.gov/pmc/articles/8329695,PMC6447473,https://pmc.ncbi.nlm.nih.gov/articles/PMC6447473/,https://doi.org/10.1038/s41380-018-0256-5
B_curated_or_claim_stub_signal_no_active_kg_claims,False,0,True,True,10.1038/s41591-022-01744-z,Increased global integration in the brain after psilocybin therapy for depression,manual_identity_mismatch,P1_existing_kg_or_curated_signal,retained_for_extraction_candidate | flag_in_curated_claims,primary,article,primary,quarantined_no_active_artifact,Acquire a replacement because the quarantined artifact belongs to a different document.,identity_mismatch,,,,,https://doi.org/10.1038/s41591-022-01744-z
B_curated_or_claim_stub_signal_no_active_kg_claims,False,0,True,True,10.1192/j.eurpsy.2021.886,How effective are ketamine or esketamine in treatment-resistant depression?,manual_exact_item_from_proceedings,P1_existing_kg_or_curated_signal,retained_for_extraction_candidate | flag_in_curated_claims,meta_analysis,journal-article,secondary_literature,quarantined_no_active_artifact,"Retain the search record, but acquire an item-specific PDF/JATS record or slice the exact DOI/title item from the proceedings container.",unsegmented_proceedings_container | proceedings_container,,https://europepmc.org/api/getPdf?pmcid=PMC9471430 | https://www.cambridge.org/core/services/aop-cambridge-core/content/view/40DE5F09C7C72D040F972B853B8B5041/S0924933821008865a.pdf/div-class-title-how-effective-are-ketamine-or-esketamine-in-treatment-resistant-depression-div.pdf | https://doi.org/10.1192/j.eurpsy.2021.886,PMC9471430,https://pmc.ncbi.nlm.nih.gov/articles/PMC9471430/,https://doi.org/10.1192/j.eurpsy.2021.886
B_curated_or_claim_stub_signal_no_active_kg_claims,False,0,True,True,10.1192/j.eurpsy.2023.613,Knocking on the Doors of Perception: the role of psilocybin in substance use disorder treatment.,manual_exact_item_from_proceedings,P1_existing_kg_or_curated_signal,retained_for_extraction_candidate | flag_in_curated_claims,systematic_review,journal-article,secondary_literature,quarantined_no_active_artifact,"Retain the search record, but acquire an item-specific PDF/JATS record or slice the exact DOI/title item from the proceedings container.",unsegmented_proceedings_container | proceedings_container,,https://europepmc.org/api/getPdf?pmcid=PMC10596667 | https://pmc.ncbi.nlm.nih.gov/articles/PMC10596667/pdf/S0924933823006132a.pdf | https://www.cambridge.org/core/services/aop-cambridge-core/content/view/9FC27A82131F370140DB66E2EB766BC1/S0924933823006132a.pdf/div-class-title-knocking-on-the-doors-of-perception-the-role-of-psilocybin-in-substance-use-disorder-treatment-div.pdf | http://dx.doi.org/10.1192/j.eurpsy.2023.613,PMC10596667,https://pmc.ncbi.nlm.nih.gov/articles/PMC10596667/,https://doi.org/10.1192/j.eurpsy.2023.613
B_curated_or_claim_stub_signal_no_active_kg_claims,False,0,True,True,10.1192/j.eurpsy.2023.903,"A 28-Day, Randomized, Controlled, Single-Blind, Phase 2 Study in Treatment-Resistant Major Depressive Disorder (TRD) Patients Receiving Intranasal Esketamine Comparing Addition of Almond Therapy TM with Treatment-as-Usual (TAU)",manual_exact_item_from_proceedings,P1_existing_kg_or_curated_signal,retained_for_extraction_candidate | flag_in_curated_claims,primary,article,primary,quarantined_no_active_artifact,"Retain the search record, but acquire an item-specific PDF/JATS record or slice the exact DOI/title item from the proceedings container.",target_text_with_conflicting_doi | unsegmented_proceedings_container | proceedings_container,,https://pmc.ncbi.nlm.nih.gov/articles/PMC10434349/pdf/S0924933823009033a.pdf | https://www.cambridge.org/core/services/aop-cambridge-core/content/view/BCA6A69ED1154178D48998E9B606A655/S0924933823009033a.pdf/div-class-title-a-28-day-randomized-controlled-single-blind-phase-2-study-in-treatment-resistant-major-depressive-disorder-trd-patients-receiving-intranasal-esketamine-comparing-addition-of-almond-therapy-tm-with-treatment-as-usual-tau-div.pdf | https://europepmc.org/api/getPdf?pmcid=PMC10434349,PMC10434349,https://pmc.ncbi.nlm.nih.gov/articles/PMC10434349/,https://doi.org/10.1192/j.eurpsy.2023.903
B_curated_or_claim_stub_signal_no_active_kg_claims,False,0,True,True,10.1192/j.eurpsy.2024.1806,Use of psychedelic treatments in psychiatric clinical practice: an EPA policy paper.,manual_exact_item_from_proceedings,P1_existing_kg_or_curated_signal,retained_for_extraction_candidate | flag_in_curated_claims,guideline,journal-article,secondary_literature,quarantined_no_active_artifact,"Retain the search record, but acquire an item-specific PDF/JATS record or slice the exact DOI/title item from the proceedings container.",unsegmented_proceedings_container | proceedings_container,,https://europepmc.org/api/getPdf?pmcid=PMC11795445 | https://pmc.ncbi.nlm.nih.gov/articles/PMC11795445/pdf/S0924933824018066a.pdf | https://www.cambridge.org/core/services/aop-cambridge-core/content/view/340B7D729CF69904BB989B24FA0D60F7/S0924933824018066a.pdf/div-class-title-use-of-psychedelic-treatments-in-psychiatric-clinical-practice-an-epa-policy-paper-div.pdf | https://doi.org/10.1192/j.eurpsy.2024.1806,PMC11795445,https://pmc.ncbi.nlm.nih.gov/articles/PMC11795445/,https://doi.org/10.1192/j.eurpsy.2024.1806
B_curated_or_claim_stub_signal_no_active_kg_claims,False,0,True,True,10.1192/j.eurpsy.2025.1415,Pharmacological treatments for eating disorders – How far are we from new solutions?,manual_exact_item_from_proceedings,P1_existing_kg_or_curated_signal,retained_for_extraction_candidate | flag_in_curated_claims,literature_review,journal-article,secondary_literature,quarantined_no_active_artifact,"Retain the search record, but acquire an item-specific PDF/JATS record or slice the exact DOI/title item from the proceedings container.",unsegmented_proceedings_container | proceedings_container,,https://europepmc.org/api/getPdf?pmcid=PMC12437053 | https://www.cambridge.org/core/services/aop-cambridge-core/content/view/158C428E1C120E336324D2BFAF0080D0/S0924933825014154a.pdf/div-class-title-pharmacological-treatments-for-eating-disorders-how-far-are-we-from-new-solutions-div.pdf | https://doi.org/10.1192/j.eurpsy.2025.1415,PMC12437053,https://pmc.ncbi.nlm.nih.gov/articles/PMC12437053/,https://doi.org/10.1192/j.eurpsy.2025.1415
B_curated_or_claim_stub_signal_no_active_kg_claims,False,0,True,True,10.1192/j.eurpsy.2025.2107,Psychoplastogens – a risk-benefit analysis and perspectives for future research,manual_exact_item_from_proceedings,P1_existing_kg_or_curated_signal,retained_for_extraction_candidate | flag_in_curated_claims,literature_review,article,secondary_literature,quarantined_no_active_artifact,"Retain the search record, but acquire an item-specific PDF/JATS record or slice the exact DOI/title item from the proceedings container.",identity_mismatch | unsegmented_proceedings_container | proceedings_container,,https://www.cambridge.org/core/services/aop-cambridge-core/content/view/FE6D349F0085DE3F279E3DDD69EA0068/S0924933825021078a.pdf/div-class-title-psychoplastogens-a-risk-benefit-analysis-and-perspectives-for-future-research-div.pdf | https://europepmc.org/api/getPdf?pmcid=PMC12420062,PMC12420062,https://pmc.ncbi.nlm.nih.gov/articles/PMC12420062/,https://doi.org/10.1192/j.eurpsy.2025.2107
B_curated_or_claim_stub_signal_no_active_kg_claims,False,0,True,True,10.1192/j.eurpsy.2025.857,Top-line Results from ESCAPE-LTE: An Open-Label Extension Study to Assess Long-term Safety of Esketamine Nasal Spray in Treatment Resistant Depression.,manual_exact_item_from_proceedings,P1_existing_kg_or_curated_signal,retained_for_extraction_candidate | flag_in_curated_claims,primary,journal-article,primary,quarantined_no_active_artifact,"Retain the search record, but acquire an item-specific PDF/JATS record or slice the exact DOI/title item from the proceedings container.",unsegmented_proceedings_container | proceedings_container,,https://europepmc.org/api/getPdf?pmcid=PMC12438016 | https://www.cambridge.org/core/services/aop-cambridge-core/content/view/15B01BA81C1C95CB4E7D812511837634/S0924933825008570a.pdf/div-class-title-top-line-results-from-escape-lte-an-open-label-extension-study-to-assess-long-term-safety-of-esketamine-nasal-spray-in-treatment-resistant-depression-div.pdf | https://doi.org/10.1192/j.eurpsy.2025.857,PMC12438016,https://pmc.ncbi.nlm.nih.gov/articles/PMC12438016/,https://doi.org/10.1192/j.eurpsy.2025.857
B_curated_or_claim_stub_signal_no_active_kg_claims,False,0,True,True,10.17992/lbl.2022.09.706,The use of psilocybin for treatment-resistant depression,manual_identity_unverified,P1_existing_kg_or_curated_signal,retained_for_extraction_candidate | flag_in_curated_claims,review,review,secondary_literature,quarantined_no_active_artifact,Acquire an independently verifiable source because the prior artifact lacked sufficient document-level identity evidence.,identity_unverified,,,,,https://doi.org/10.17992/lbl.2022.09.706
B_curated_or_claim_stub_signal_no_active_kg_claims,False,0,True,True,10.1007/s00216-023-04556-3,Understanding ayahuasca effects in major depressive disorder treatment through in vitro metabolomics and bioinformatics,manual_identity_mismatch,P1_existing_kg_or_curated_signal,retained_for_extraction_candidate | flag_in_claim_stubs,primary,article,primary,quarantined_no_active_artifact,Acquire a replacement because the quarantined artifact belongs to a different document.,identity_mismatch,,,,,https://doi.org/10.1007/s00216-023-04556-3
B_curated_or_claim_stub_signal_no_active_kg_claims,False,0,True,True,10.1007/s00228-021-03216-8,Use of ketamine and esketamine for depression: an overview of systematic reviews with meta-analyses,manual_replace_wrong_or_ancillary_document,P1_existing_kg_or_curated_signal,retained_for_extraction_candidate | flag_in_claim_stubs,umbrella_review,review,secondary_literature,quarantined_no_active_artifact,"Acquire the main requested record and reject supplements, checklists, manuals, review forms, or unrelated documents.",identity_unverified | no_header_wrong_or_ancillary,,,,,https://doi.org/10.1007/s00228-021-03216-8
B_curated_or_claim_stub_signal_no_active_kg_claims,False,0,True,True,10.1007/s00228-023-03605-1,A systematic review and meta-analysis of the efficacy of ketamine and esketamine on suicidal ideation in treatment-resistant depression,manual_identity_mismatch,P1_existing_kg_or_curated_signal,retained_for_extraction_candidate | flag_in_claim_stubs,meta_analysis,review,secondary_literature,quarantined_no_active_artifact,Acquire a replacement because the quarantined artifact belongs to a different document.,identity_mismatch,,,,,https://doi.org/10.1007/s00228-023-03605-1
B_curated_or_claim_stub_signal_no_active_kg_claims,False,0,True,True,10.1007/s00406-024-01920-x,Efficacy of racemic ketamine or esketamine monotherapy for reducing suicidal ideation in uni- or bipolar depression: a systematic review and meta-analysis,manual_identity_mismatch,P1_existing_kg_or_curated_signal,retained_for_extraction_candidate | flag_in_claim_stubs,meta_analysis,review,secondary_literature,quarantined_no_active_artifact,Acquire a replacement because the quarantined artifact belongs to a different document.,identity_mismatch,,,,,https://doi.org/10.1007/s00406-024-01920-x
B_curated_or_claim_stub_signal_no_active_kg_claims,False,0,True,True,10.1007/s11916-023-01150-1,"Ketamine for Chronic Pain and Mental Health: Regulations, Legalities, and the Growth of Infusion Clinics",manual_identity_mismatch,P1_existing_kg_or_curated_signal,retained_for_extraction_candidate | flag_in_claim_stubs,review,review,secondary_literature,quarantined_no_active_artifact,Acquire a replacement because the quarantined artifact belongs to a different document.,identity_mismatch,,,,,https://doi.org/10.1007/s11916-023-01150-1
B_curated_or_claim_stub_signal_no_active_kg_claims,False,0,True,True,10.1007/s11916-025-01437-5,Efficacy of Ketamine Infusion for Treatment of Opioid Use Disorder in Patients with Chronic Pain: a Narrative Review,manual_identity_mismatch,P1_existing_kg_or_curated_signal,retained_for_extraction_candidate | flag_in_claim_stubs,narrative_review,article,secondary_literature,quarantined_no_active_artifact,Acquire a replacement because the quarantined artifact belongs to a different document.,identity_mismatch,,,,,https://doi.org/10.1007/s11916-025-01437-5
B_curated_or_claim_stub_signal_no_active_kg_claims,False,0,True,True,10.1007/s12325-025-03149-z,"A Real-World Study on the Use, Effectiveness, and Safety of Esketamine Nasal Spray in Patients with Treatment-Resistant Depression: INTEGRATE Study",manual_identity_mismatch,P1_existing_kg_or_curated_signal,retained_for_extraction_candidate | flag_in_claim_stubs,primary,article,primary,quarantined_no_active_artifact,Acquire a replacement because the quarantined artifact belongs to a different document.,identity_mismatch,,,,,https://doi.org/10.1007/s12325-025-03149-z
B_curated_or_claim_stub_signal_no_active_kg_claims,False,0,True,True,10.1007/s12630-025-03031-0,Prospective preference assessment for the Ecstasy for Alleviating Severe Chronic Neuropathic Pain (EASE-Pain) trial,manual_identity_mismatch,P1_existing_kg_or_curated_signal,retained_for_extraction_candidate | flag_in_claim_stubs,primary,article,primary,quarantined_no_active_artifact,Acquire a replacement because the quarantined artifact belongs to a different document.,identity_mismatch,,,,,https://doi.org/10.1007/s12630-025-03031-0
B_curated_or_claim_stub_signal_no_active_kg_claims,False,0,True,True,10.1007/s40261-022-01193-z,Efficacy and Safety of Subcutaneous Esketamine in the Treatment of Suicidality in Major Depressive Disorder and Bipolar Depression,manual_identity_mismatch,P1_existing_kg_or_curated_signal,retained_for_extraction_candidate | flag_in_claim_stubs,primary,article,primary,quarantined_no_active_artifact,Acquire a replacement because the quarantined artifact belongs to a different document.,identity_mismatch,,,,,https://doi.org/10.1007/s40261-022-01193-z
B_curated_or_claim_stub_signal_no_active_kg_claims,False,0,True,True,10.1007/s40263-021-00877-y,Molecular Mechanisms of Psilocybin and Implications for the Treatment of Depression,manual_identity_mismatch,P1_existing_kg_or_curated_signal,retained_for_extraction_candidate | flag_in_claim_stubs,review,review,secondary_literature,quarantined_no_active_artifact,Acquire a replacement because the quarantined artifact belongs to a different document.,identity_mismatch,,,,,https://doi.org/10.1007/s40263-021-00877-y
B_curated_or_claim_stub_signal_no_active_kg_claims,False,0,True,True,10.1016/j.jpain.2016.01.394,(417) Oral ketamine for chronic pain: a 32-subject placebo-controlled trial in patients on chronic opioids.,manual_identity_unverified,P1_existing_kg_or_curated_signal,retained_for_extraction_candidate | flag_in_claim_stubs,primary,JournalArticle | Review,primary,quarantined_no_active_artifact,Acquire an independently verifiable source because the prior artifact lacked sufficient document-level identity evidence.,identity_unverified,,,,,https://doi.org/10.1016/j.jpain.2016.01.394
B_curated_or_claim_stub_signal_no_active_kg_claims,False,0,True,True,10.1136/rapm-2024-esra.582,G33 Psychedelic drugs for the treatment of chronic pain: is ketamine included?,manual_exact_item_from_proceedings,P1_existing_kg_or_curated_signal,retained_for_extraction_candidate | flag_in_claim_stubs,review,article,secondary_literature,quarantined_no_active_artifact,"Retain the search record, but acquire an item-specific PDF/JATS record or slice the exact DOI/title item from the proceedings container.",identity_mismatch | unsegmented_proceedings_container | proceedings_container,,,,,https://doi.org/10.1136/rapm-2024-esra.582
B_curated_or_claim_stub_signal_no_active_kg_claims,False,0,True,True,10.1192/j.eurpsy.2021.1290,Psychedelics: A new era of treatment?,manual_exact_item_from_proceedings,P1_existing_kg_or_curated_signal,retained_for_extraction_candidate | flag_in_claim_stubs,literature_review,journal-article,secondary_literature,quarantined_no_active_artifact,"Retain the search record, but acquire an item-specific PDF/JATS record or slice the exact DOI/title item from the proceedings container.",unsegmented_proceedings_container | proceedings_container,,https://europepmc.org/api/getPdf?pmcid=PMC9475866 | https://www.cambridge.org/core/services/aop-cambridge-core/content/view/894684647F06746073BEC797DDED310E/S0924933821012906a.pdf/div-class-title-psychedelics-a-new-era-of-treatment-div.pdf | https://doi.org/10.1192/j.eurpsy.2021.1290,PMC9475866,https://pmc.ncbi.nlm.nih.gov/articles/PMC9475866/,https://doi.org/10.1192/j.eurpsy.2021.1290
B_curated_or_claim_stub_signal_no_active_kg_claims,False,0,True,True,10.1192/j.eurpsy.2022.1879,The cognitive effects of esketamine: what do we know so far?,manual_exact_item_from_proceedings,P1_existing_kg_or_curated_signal,retained_for_extraction_candidate | flag_in_claim_stubs,review,journal-article,secondary_literature,quarantined_no_active_artifact,"Retain the search record, but acquire an item-specific PDF/JATS record or slice the exact DOI/title item from the proceedings container.",unsegmented_proceedings_container | proceedings_container,,https://europepmc.org/api/getPdf?pmcid=PMC9567705 | https://www.cambridge.org/core/services/aop-cambridge-core/content/view/61A7318A065C0EE7D2612A74C93226CC/S092493382201879Xa.pdf/div-class-title-the-cognitive-effects-of-esketamine-what-do-we-know-so-far-div.pdf | https://doi.org/10.1192/j.eurpsy.2022.1879,PMC9567705,https://pmc.ncbi.nlm.nih.gov/articles/PMC9567705/,https://doi.org/10.1192/j.eurpsy.2022.1879
B_curated_or_claim_stub_signal_no_active_kg_claims,False,0,True,True,10.1192/j.eurpsy.2025.350,Response to Ketamine Therapy in Anxious and Non-Anxious Major Depressive Disorder: A Meta-Analysis of Clinical Trials.,manual_exact_item_from_proceedings,P1_existing_kg_or_curated_signal,retained_for_extraction_candidate | flag_in_claim_stubs,meta_analysis,journal-article,secondary_literature,quarantined_no_active_artifact,"Retain the search record, but acquire an item-specific PDF/JATS record or slice the exact DOI/title item from the proceedings container.",unsegmented_proceedings_container | proceedings_container,,https://europepmc.org/api/getPdf?pmcid=PMC12437854 | https://www.cambridge.org/core/services/aop-cambridge-core/content/view/FE416A520FA70873D187661ED5691F4C/S0924933825003505a.pdf/div-class-title-response-to-ketamine-therapy-in-anxious-and-non-anxious-major-depressive-disorder-a-meta-analysis-of-clinical-trials-div.pdf | https://doi.org/10.1192/j.eurpsy.2025.350,PMC12437854,https://pmc.ncbi.nlm.nih.gov/articles/PMC12437854/,https://doi.org/10.1192/j.eurpsy.2025.350
B_curated_or_claim_stub_signal_no_active_kg_claims,False,0,True,True,10.1192/j.eurpsy.2025.466,Is there a risk of addiction to ketamine during the treatment of depression? A systematic review of available literature,manual_exact_item_from_proceedings,P1_existing_kg_or_curated_signal,retained_for_extraction_candidate | flag_in_claim_stubs,systematic_review,article,secondary_literature,quarantined_no_active_artifact,"Retain the search record, but acquire an item-specific PDF/JATS record or slice the exact DOI/title item from the proceedings container.",identity_mismatch | unsegmented_proceedings_container | proceedings_container,,https://www.cambridge.org/core/services/aop-cambridge-core/content/view/F5A76A1F668F8187D7874D1044CA27F6/S0924933825004663a.pdf/div-class-title-is-there-a-risk-of-addiction-to-ketamine-during-the-treatment-of-depression-a-systematic-review-of-available-literature-div.pdf | https://europepmc.org/api/getPdf?pmcid=PMC12437373,PMC12437373,https://pmc.ncbi.nlm.nih.gov/articles/PMC12437373/,https://doi.org/10.1192/j.eurpsy.2025.466
B_curated_or_claim_stub_signal_no_active_kg_claims,False,0,True,True,10.1192/j.eurpsy.2025.710,"Reconsidering evidence for psychedelic-induced psychosis: An overview of reviews, a systematic review, and meta-analysis of human studies.",manual_exact_item_from_proceedings,P1_existing_kg_or_curated_signal,retained_for_extraction_candidate | flag_in_claim_stubs,meta_analysis,journal-article,secondary_literature,quarantined_no_active_artifact,"Retain the search record, but acquire an item-specific PDF/JATS record or slice the exact DOI/title item from the proceedings container.",unsegmented_proceedings_container | proceedings_container,,https://europepmc.org/api/getPdf?pmcid=PMC12437106 | https://www.cambridge.org/core/services/aop-cambridge-core/content/view/639BCF1D0B28F1D5DA839FF4245338DD/S0924933825007102a.pdf/div-class-title-reconsidering-evidence-for-psychedelic-induced-psychosis-an-overview-of-reviews-a-systematic-review-and-meta-analysis-of-human-studies-div.pdf | https://doi.org/10.1192/j.eurpsy.2025.710,PMC12437106,https://pmc.ncbi.nlm.nih.gov/articles/PMC12437106/,https://doi.org/10.1192/j.eurpsy.2025.710
B_curated_or_claim_stub_signal_no_active_kg_claims,False,0,False,False,10.1093/ijnp/pyaf052.093,631. PSILOCYBIN AND KETANSERIN VS RTMS IN TREATMENT-RESISTANT DEPRESSION: ENHANCING TOLERABILITY BY MITIGATING PSYCHEDELIC EFFECTS,manual_exact_item_from_proceedings,P1_existing_kg_or_curated_signal,flag_in_curated_claims | flag_in_claim_stubs,journal-article,journal-article,unknown,quarantined_no_active_artifact,"Retain the search record, but acquire an item-specific PDF/JATS record or slice the exact DOI/title item from the proceedings container.",unsegmented_proceedings_container | proceedings_container,,https://europepmc.org/api/getPdf?pmcid=PMC12359594 | https://ftp.ncbi.nlm.nih.gov/pub/pmc/oa_pdf/16/f5/pyaf052.093.PMC12359594.pdf | https://doi.org/10.1093/ijnp/pyaf052.093,PMC12359594,https://pmc.ncbi.nlm.nih.gov/articles/PMC12359594/,https://doi.org/10.1093/ijnp/pyaf052.093
B_curated_or_claim_stub_signal_no_active_kg_claims,False,0,False,True,10.1093/ijnp/pyae059.087,NEW DEVELOPMENTS IN THE MULTI-OMICS PREDICTION OF TREATMENT RESPONSE PREDICTION IN PSYCHIATRY,manual_exact_item_from_proceedings,P1_existing_kg_or_curated_signal,flag_in_curated_claims,other_non_primary,article,non_primary_publication,quarantined_no_active_artifact,"Retain the search record, but acquire an item-specific PDF/JATS record or slice the exact DOI/title item from the proceedings container.",target_text_with_conflicting_doi | unsegmented_proceedings_container | proceedings_container,,https://pmc.ncbi.nlm.nih.gov/articles/PMC11814801/pdf/pyae059.087.pdf | https://ftp.ncbi.nlm.nih.gov/pub/pmc/oa_pdf/6d/b9/pyae059.087.PMC11814801.pdf | https://europepmc.org/api/getPdf?pmcid=PMC11814801,PMC11814801,https://pmc.ncbi.nlm.nih.gov/articles/PMC11814801/,https://doi.org/10.1093/ijnp/pyae059.087
B_curated_or_claim_stub_signal_no_active_kg_claims,False,0,False,True,10.1093/ijnp/pyae059.135,ADIPONECTIN ELICITS RAPID-ANTIDEPRESSANT EFFECTS IN CHRONICALLY STRESSED MICE IN ASSOCIATION WITH INCREASED GLUTAMATERGIC ACTIVITY IN THE MPFC,manual_exact_item_from_proceedings,P1_existing_kg_or_curated_signal,flag_in_curated_claims,primary,article,primary,quarantined_no_active_artifact,"Retain the search record, but acquire an item-specific PDF/JATS record or slice the exact DOI/title item from the proceedings container.",target_text_with_conflicting_doi | unsegmented_proceedings_container | proceedings_container,,https://pmc.ncbi.nlm.nih.gov/articles/PMC11815178/pdf/pyae059.135.pdf | https://doi.org/10.1093/ijnp/pyae059.135 | https://ftp.ncbi.nlm.nih.gov/pub/pmc/oa_pdf/26/49/pyae059.135.PMC11815178.pdf | https://europepmc.org/api/getPdf?pmcid=PMC11815178,PMC11815178,https://pmc.ncbi.nlm.nih.gov/articles/PMC11815178/,https://doi.org/10.1093/ijnp/pyae059.135
B_curated_or_claim_stub_signal_no_active_kg_claims,False,0,False,False,10.1093/ijnp/pyae059.247,CURRENT POST-TRAUMATIC STRESS-RELATED SYMPTOMS AND DEPRESSION OUTCOMES FROM REPETITIVE TRANSCRANIAL MAGNETIC STIMULATION IN CIVILIANS,manual_exact_item_from_proceedings,P1_existing_kg_or_curated_signal,flag_in_curated_claims,journal-article,journal-article,unknown,quarantined_no_active_artifact,"Retain the search record, but acquire an item-specific PDF/JATS record or slice the exact DOI/title item from the proceedings container.",unsegmented_proceedings_container | proceedings_container,,https://europepmc.org/api/getPdf?pmcid=PMC11815267 | https://ftp.ncbi.nlm.nih.gov/pub/pmc/oa_pdf/58/f6/pyae059.247.PMC11815267.pdf | https://pmc.ncbi.nlm.nih.gov/articles/PMC11815267/pdf/pyae059.247.pdf | https://doi.org/10.1093/ijnp/pyae059.247,PMC11815267,https://pmc.ncbi.nlm.nih.gov/articles/PMC11815267/,https://doi.org/10.1093/ijnp/pyae059.247
B_curated_or_claim_stub_signal_no_active_kg_claims,False,0,False,True,10.1093/ijnp/pyae059.336,PREVALENCE AND BURDEN OF ANHEDONIA IN KOREAN PATIENTS WITH MAJOR DEPRESSIVE DISORDER,manual_exact_item_from_proceedings,P1_existing_kg_or_curated_signal,flag_in_curated_claims,primary,article,primary,quarantined_no_active_artifact,"Retain the search record, but acquire an item-specific PDF/JATS record or slice the exact DOI/title item from the proceedings container.",target_text_with_conflicting_doi | unsegmented_proceedings_container | proceedings_container,,https://pmc.ncbi.nlm.nih.gov/articles/PMC11814912/pdf/pyae059.336.pdf | https://ftp.ncbi.nlm.nih.gov/pub/pmc/oa_pdf/95/e2/pyae059.336.PMC11814912.pdf | https://europepmc.org/api/getPdf?pmcid=PMC11814912,PMC11814912,https://pmc.ncbi.nlm.nih.gov/articles/PMC11814912/,https://doi.org/10.1093/ijnp/pyae059.336
B_curated_or_claim_stub_signal_no_active_kg_claims,False,0,False,False,10.1093/ijnp/pyae059.605,A PRELIMINARY EXAMINATION ON TREATMENT EFFECTIVENESS OF AUGMENTATION WITH ATTENTION DEFICIT HYPERACTIVITY DISORDER (ADHD) AGENTS IN PATIENTS WITH OBSESSIVE-COMPULSIVE DISORDER AND COMORBID ADHD,manual_exact_item_from_proceedings,P1_existing_kg_or_curated_signal,flag_in_curated_claims,journal-article,journal-article,unknown,quarantined_no_active_artifact,"Retain the search record, but acquire an item-specific PDF/JATS record or slice the exact DOI/title item from the proceedings container.",unsegmented_proceedings_container | proceedings_container,,https://europepmc.org/api/getPdf?pmcid=PMC11815247 | https://ftp.ncbi.nlm.nih.gov/pub/pmc/oa_pdf/7c/5b/pyae059.605.PMC11815247.pdf | https://pmc.ncbi.nlm.nih.gov/articles/PMC11815247/pdf/pyae059.605.pdf | https://doi.org/10.1093/ijnp/pyae059.605,PMC11815247,https://pmc.ncbi.nlm.nih.gov/articles/PMC11815247/,https://doi.org/10.1093/ijnp/pyae059.605
B_curated_or_claim_stub_signal_no_active_kg_claims,False,0,False,True,10.1093/ijnp/pyae059.626,"REMARKABLE EFFICACY OF EVENAMIDE, A GLUTAMATE ANTAGONIST, AS AN ADD-ON TO ANTIPSYCHOTICS IN PATIENTS WITH TREATMENT RESISTANT SCHIZOPHRENIA (TRS): RESULTS FROM A ONE-YEAR, OPEN- LABEL, DOSE-COMPARATIVE, RANDOMIZED, TREATMENT TRIAL",manual_exact_item_from_proceedings,P1_existing_kg_or_curated_signal,flag_in_curated_claims,primary,journal-article,primary,quarantined_no_active_artifact,"Retain the search record, but acquire an item-specific PDF/JATS record or slice the exact DOI/title item from the proceedings container.",unsegmented_proceedings_container | proceedings_container,,https://europepmc.org/api/getPdf?pmcid=PMC11814610 | https://ftp.ncbi.nlm.nih.gov/pub/pmc/oa_pdf/94/96/pyae059.626.PMC11814610.pdf | https://pmc.ncbi.nlm.nih.gov/articles/PMC11814610/pdf/pyae059.626.pdf | https://doi.org/10.1093/ijnp/pyae059.626,PMC11814610,https://pmc.ncbi.nlm.nih.gov/articles/PMC11814610/,https://doi.org/10.1093/ijnp/pyae059.626
B_curated_or_claim_stub_signal_no_active_kg_claims,False,0,False,False,10.1093/ijnp/pyaf052.011,169. THERAPEUTIC MEMORY RECONSOLIDATION AS A TREATMENT FOR SUBSTANCE USE DISORDERS AND HOW PSYCHEDELICS ARE FACILITATING THIS INTERVENTION: THE UNITY STUDY.,manual_exact_item_from_proceedings,P1_existing_kg_or_curated_signal,flag_in_curated_claims,journal-article,journal-article,unknown,quarantined_no_active_artifact,"Retain the search record, but acquire an item-specific PDF/JATS record or slice the exact DOI/title item from the proceedings container.",unsegmented_proceedings_container | proceedings_container,,https://europepmc.org/api/getPdf?pmcid=PMC12359327 | https://ftp.ncbi.nlm.nih.gov/pub/pmc/oa_pdf/7c/b5/pyaf052.011.PMC12359327.pdf | https://doi.org/10.1093/ijnp/pyaf052.011,PMC12359327,https://pmc.ncbi.nlm.nih.gov/articles/PMC12359327/,https://doi.org/10.1093/ijnp/pyaf052.011
B_curated_or_claim_stub_signal_no_active_kg_claims,False,0,False,True,10.1093/ijnp/pyw043.101,PS101. Oral Ketamine for Treatment Resistant Major Depression – A double blind randomized controlled trial,manual_exact_item_from_proceedings,P1_existing_kg_or_curated_signal,flag_in_curated_claims,other_non_primary,article,non_primary_publication,quarantined_no_active_artifact,"Retain the search record, but acquire an item-specific PDF/JATS record or slice the exact DOI/title item from the proceedings container.",unsegmented_proceedings_container | proceedings_container,,https://europepmc.org/api/getPdf?pmcid=PMC5616698,PMC5616698,https://pmc.ncbi.nlm.nih.gov/articles/PMC5616698/,https://doi.org/10.1093/ijnp/pyw043.101
B_curated_or_claim_stub_signal_no_active_kg_claims,False,0,False,True,10.1136/rapm-2023-esra.669,#36946 Ketamine in acute and chronic pain,manual_exact_item_from_proceedings,P1_existing_kg_or_curated_signal,flag_in_curated_claims,review,article,secondary_literature,quarantined_no_active_artifact,"Retain the search record, but acquire an item-specific PDF/JATS record or slice the exact DOI/title item from the proceedings container.",unsegmented_proceedings_container | proceedings_container,,,,,https://doi.org/10.1136/rapm-2023-esra.669
B_curated_or_claim_stub_signal_no_active_kg_claims,False,0,False,False,10.1503/cmaj.1150082,Psychedelic and nonpsychedelic LSD and psilocybin for cluster headache,manual_identity_unverified,P1_existing_kg_or_curated_signal,flag_in_curated_claims,letter,letter,unknown,quarantined_no_active_artifact,Acquire an independently verifiable source because the prior artifact lacked sufficient document-level identity evidence.,identity_unverified,,,PMC4754189,https://pmc.ncbi.nlm.nih.gov/articles/PMC4754189/,https://doi.org/10.1503/cmaj.1150082
B_curated_or_claim_stub_signal_no_active_kg_claims,False,0,False,True,10.1016/s2215-0366(18)30170-6,"3,4-methylenedioxymethamphetamine (MDMA)-assisted psychotherapy for post-traumatic stress disorder in service personnel.",manual_identity_unverified,P1_existing_kg_or_curated_signal,flag_in_claim_stubs,other_non_primary,JournalArticle,non_primary_publication,quarantined_no_active_artifact,Acquire an independently verifiable source because the prior artifact lacked sufficient document-level identity evidence.,identity_unverified,,,,,https://doi.org/10.1016/s2215-0366(18)30170-6
B_curated_or_claim_stub_signal_no_active_kg_claims,False,0,False,False,10.1093/ijnp/pyae059.238,ALTERED PATTERNS OF ASSOCIATION BETWEEN TSPO BINDING AND MGLUR5 AVAILABILITY IN VIVO IN DRUG-NAIVE PATIENTS WITH MAJOR DEPRESSIVE DISORDER: A PRELIMINARY DUAL-TRACER PET STUDY,manual_exact_item_from_proceedings,P1_existing_kg_or_curated_signal,flag_in_claim_stubs,article,article,unknown,quarantined_no_active_artifact,"Retain the search record, but acquire an item-specific PDF/JATS record or slice the exact DOI/title item from the proceedings container.",target_text_with_conflicting_doi | unsegmented_proceedings_container | proceedings_container,,https://pmc.ncbi.nlm.nih.gov/articles/PMC11815039/pdf/pyae059.238.pdf,PMC11815039,https://pmc.ncbi.nlm.nih.gov/articles/PMC11815039/,https://doi.org/10.1093/ijnp/pyae059.238
B_curated_or_claim_stub_signal_no_active_kg_claims,False,0,False,True,10.1093/ijnp/pyae059.305,ARIPIPRAZOLE'S POTENTIAL ROLE IN SKIN CANCER: INVESTIGATING PYROPTOSIS AND IMMUNE PATHWAYS.,manual_exact_item_from_proceedings,P1_existing_kg_or_curated_signal,flag_in_claim_stubs,primary,journal-article,primary,quarantined_no_active_artifact,"Retain the search record, but acquire an item-specific PDF/JATS record or slice the exact DOI/title item from the proceedings container.",unsegmented_proceedings_container | proceedings_container,,https://europepmc.org/api/getPdf?pmcid=PMC11815090 | https://ftp.ncbi.nlm.nih.gov/pub/pmc/oa_pdf/1c/ae/pyae059.305.PMC11815090.pdf | https://pmc.ncbi.nlm.nih.gov/articles/PMC11815090/pdf/pyae059.305.pdf | https://doi.org/10.1093/ijnp/pyae059.305,PMC11815090,https://pmc.ncbi.nlm.nih.gov/articles/PMC11815090/,https://doi.org/10.1093/ijnp/pyae059.305
B_curated_or_claim_stub_signal_no_active_kg_claims,False,0,False,True,10.1093/ijnp/pyae059.322,"PSYCHIATRIC SYMPTOM IN ANTI N-METHYL D-ASPARTATE RECEPTOR (NMDAR) ENCEPHALITIS, HOW TO ASSES?",manual_exact_item_from_proceedings,P1_existing_kg_or_curated_signal,flag_in_claim_stubs,primary,article,primary,quarantined_no_active_artifact,"Retain the search record, but acquire an item-specific PDF/JATS record or slice the exact DOI/title item from the proceedings container.",target_text_with_conflicting_doi | unsegmented_proceedings_container | proceedings_container,,https://pmc.ncbi.nlm.nih.gov/articles/PMC11814718/pdf/pyae059.322.pdf | https://ftp.ncbi.nlm.nih.gov/pub/pmc/oa_pdf/6d/f8/pyae059.322.PMC11814718.pdf | https://europepmc.org/api/getPdf?pmcid=PMC11814718,PMC11814718,https://pmc.ncbi.nlm.nih.gov/articles/PMC11814718/,https://doi.org/10.1093/ijnp/pyae059.322
B_curated_or_claim_stub_signal_no_active_kg_claims,False,0,False,False,10.1093/ijnp/pyaf052.019,"204. A NOVEL, NON-HALLUCINOGENIC PSYCHEDELIC FOR THE TREATMENT OF OCD AND TIC DISORDER.",manual_exact_item_from_proceedings,P1_existing_kg_or_curated_signal,flag_in_claim_stubs,journal-article,journal-article,unknown,quarantined_no_active_artifact,"Retain the search record, but acquire an item-specific PDF/JATS record or slice the exact DOI/title item from the proceedings container.",unsegmented_proceedings_container | proceedings_container,,https://europepmc.org/api/getPdf?pmcid=PMC12359753 | https://ftp.ncbi.nlm.nih.gov/pub/pmc/oa_pdf/a6/f9/pyaf052.019.PMC12359753.pdf | https://doi.org/10.1093/ijnp/pyaf052.019,PMC12359753,https://pmc.ncbi.nlm.nih.gov/articles/PMC12359753/,https://doi.org/10.1093/ijnp/pyaf052.019
B_curated_or_claim_stub_signal_no_active_kg_claims,False,0,False,False,10.1093/ijnp/pyaf052.084,"519. PSILOCYBIN ASSISTED PSYCHOTHERAPY FOR OBSESSIVE COMPULSIVE DISORDER, BODY DYSMORPHIC DISORDER, AND ANOREXIA NERVOSA: STUDY PROTOCOL.",manual_exact_item_from_proceedings,P1_existing_kg_or_curated_signal,flag_in_claim_stubs,journal-article,journal-article,unknown,quarantined_no_active_artifact,"Retain the search record, but acquire an item-specific PDF/JATS record or slice the exact DOI/title item from the proceedings container.",unsegmented_proceedings_container | proceedings_container,,https://europepmc.org/api/getPdf?pmcid=PMC12359785 | https://ftp.ncbi.nlm.nih.gov/pub/pmc/oa_pdf/a3/62/pyaf052.084.PMC12359785.pdf | https://doi.org/10.1093/ijnp/pyaf052.084,PMC12359785,https://pmc.ncbi.nlm.nih.gov/articles/PMC12359785/,https://doi.org/10.1093/ijnp/pyaf052.084
B_curated_or_claim_stub_signal_no_active_kg_claims,False,0,False,False,10.1111/bph.13919,"Glutamatergic regulation of cognition and functional brain connectivity: insights from pharmacological, genetic and translational schizophrenia research",manual_identity_unverified,P1_existing_kg_or_curated_signal,flag_in_claim_stubs,review,review,unknown,quarantined_no_active_artifact,Acquire an independently verifiable source because the prior artifact lacked sufficient document-level identity evidence.,identity_unverified,,,PMC5595770,https://pmc.ncbi.nlm.nih.gov/articles/PMC5595770/,https://doi.org/10.1111/bph.13919
B_curated_or_claim_stub_signal_no_active_kg_claims,False,0,False,False,10.1128/mbio.01697-24,Identification of HRH1 as an alternative receptor for SARS-CoV-2: insights from viral inhibition by repurposable antihistamines,manual_conflicting_doi_needs_resolution,P1_existing_kg_or_curated_signal,flag_in_claim_stubs,letter,letter,unknown,quarantined_no_active_artifact,Confirm a registered version/alias relationship or acquire the exact requested DOI; do not accept a merely similar title.,target_text_with_conflicting_doi,,https://pmc.ncbi.nlm.nih.gov/articles/PMC11323543/pdf/mbio.01697-24.pdf | https://doi.org/10.1128/mbio.01697-24,PMC11323543,https://pmc.ncbi.nlm.nih.gov/articles/PMC11323543/,https://doi.org/10.1128/mbio.01697-24
B_curated_or_claim_stub_signal_no_active_kg_claims,False,0,False,False,10.1192/j.eurpsy.2025.864,Outpatient Intravenous Ketamine Protocol for Psychiatric Care at the General Hospital of Corfu,manual_exact_item_from_proceedings,P1_existing_kg_or_curated_signal,flag_in_claim_stubs,article,article,unknown,quarantined_no_active_artifact,"Retain the search record, but acquire an item-specific PDF/JATS record or slice the exact DOI/title item from the proceedings container.",target_text_with_conflicting_doi | unsegmented_proceedings_container | proceedings_container,,https://www.cambridge.org/core/services/aop-cambridge-core/content/view/56608E67F70787FFC1539A2D5C627B95/S0924933825008648a.pdf/div-class-title-outpatient-intravenous-ketamine-protocol-for-psychiatric-care-at-the-general-hospital-of-corfu-div.pdf,PMC12437441,https://pmc.ncbi.nlm.nih.gov/articles/PMC12437441/,https://doi.org/10.1192/j.eurpsy.2025.864
B_curated_or_claim_stub_signal_no_active_kg_claims,False,0,False,True,10.26686/wgtn.16969075.v1,Tolerance to the Behavioural and Neurochemical Effects of MDMA Following Repeated Exposure,manual_identity_unverified,P1_existing_kg_or_curated_signal,flag_in_claim_stubs,non_primary_publication,dissertation,non_primary_publication,quarantined_no_active_artifact,Acquire an independently verifiable source because the prior artifact lacked sufficient document-level identity evidence.,identity_unverified,,,,,https://doi.org/10.26686/wgtn.16969075.v1
B_curated_or_claim_stub_signal_no_active_kg_claims,False,0,False,True,10.26686/wgtn.17011409.v1,Behavioural Pharmacology of Novel Kappa Opioid Compounds,manual_resolve_ambiguous_document_identity,P1_existing_kg_or_curated_signal,flag_in_claim_stubs,non_primary_publication,article,non_primary_publication,quarantined_no_active_artifact,Resolve the DOI/version relationship manually before accepting any replacement.,identity_mismatch | ambiguous_non_pmc_conflict,,https://openaccess.wgtn.ac.nz/articles/thesis/Behavioural_Pharmacology_of_Novel_Kappa_Opioid_Compounds/17011409/1/files/31465910.pdf,,,https://doi.org/10.26686/wgtn.17011409.v1
B_curated_or_claim_stub_signal_no_active_kg_claims,False,0,False,True,10.26686/wgtn.17013914,Kappa Opioid Receptor Agonists: New Targets In The Treatment Of Pain,manual_identity_unverified,P1_existing_kg_or_curated_signal,flag_in_claim_stubs,non_primary_publication,dissertation,non_primary_publication,quarantined_no_active_artifact,Acquire an independently verifiable source because the prior artifact lacked sufficient document-level identity evidence.,identity_unverified,,,,,https://doi.org/10.26686/wgtn.17013914
B_curated_or_claim_stub_signal_no_active_kg_claims,False,0,False,True,10.26686/wgtn.17014775.v1,The role of 5-HT1A and 5-HT1B receptors in MDMA self-administration,manual_identity_unverified,P1_existing_kg_or_curated_signal,flag_in_claim_stubs,non_primary_publication,dissertation,non_primary_publication,quarantined_no_active_artifact,Acquire an independently verifiable source because the prior artifact lacked sufficient document-level identity evidence.,identity_unverified,,,,,https://doi.org/10.26686/wgtn.17014775.v1
B_curated_or_claim_stub_signal_no_active_kg_claims,False,0,False,True,10.26686/wgtn.17148113,Investigating the anti-cocaine effects of novel kappa opioid receptor agonists: Behavioural and cellular actions of Salvinorin A analogues,manual_identity_unverified,P1_existing_kg_or_curated_signal,flag_in_claim_stubs,non_primary_publication,dissertation,non_primary_publication,quarantined_no_active_artifact,Acquire an independently verifiable source because the prior artifact lacked sufficient document-level identity evidence.,identity_unverified,,,,,https://doi.org/10.26686/wgtn.17148113
B_curated_or_claim_stub_signal_no_active_kg_claims,False,0,False,True,10.26686/wgtn.24225145,Ibogaine as a Treatment For Alcohol Use Disorder: a Preclinical Investigation,manual_identity_unverified,P1_existing_kg_or_curated_signal,flag_in_claim_stubs,non_primary_publication,dissertation,non_primary_publication,quarantined_no_active_artifact,Acquire an independently verifiable source because the prior artifact lacked sufficient document-level identity evidence.,identity_unverified,,,,,https://doi.org/10.26686/wgtn.24225145
B_curated_or_claim_stub_signal_no_active_kg_claims,False,0,False,False,10.31234/osf.io/5x2bu,Psilocybin for Depression: The ACE Model Manual,manual_identity_unverified,P1_existing_kg_or_curated_signal,flag_in_claim_stubs,preprint,preprint,unknown,quarantined_no_active_artifact,Acquire an independently verifiable source because the prior artifact lacked sufficient document-level identity evidence.,identity_unverified,,,,,https://doi.org/10.31234/osf.io/5x2bu
B_curated_or_claim_stub_signal_no_active_kg_claims,False,0,False,False,10.31234/osf.io/65se9,Ayahuasca in the treatment of bipolar disorder with psychotic features–A retrospective case study,manual_identity_unverified,P1_existing_kg_or_curated_signal,flag_in_claim_stubs,preprint,preprint,unknown,quarantined_no_active_artifact,Acquire an independently verifiable source because the prior artifact lacked sufficient document-level identity evidence.,identity_unverified,,,,,https://doi.org/10.31234/osf.io/65se9
B_curated_or_claim_stub_signal_no_active_kg_claims,False,0,False,False,10.31234/osf.io/my7ba,Self-treatment of psychosis and complex post-traumatic stress disorder with LSD and DMT—A retrospective case study,manual_benign_relation_needs_front_title_proof,P1_existing_kg_or_curated_signal,flag_in_claim_stubs,preprint,preprint,unknown,quarantined_no_active_artifact,"The relationship may be benign, but current front-title evidence is insufficient; obtain independently verifiable title/DOI evidence.",identity_mismatch | benign_conflict,,https://psyarxiv.com/my7ba/download,,,https://doi.org/10.31234/osf.io/my7ba
B_curated_or_claim_stub_signal_no_active_kg_claims,False,0,False,False,10.32592/yafteh.2024.26.3.45,Investigating the analgesic effects of Adalimumab in chronic constriction injury (CCI) experimental pain model in rats,manual_identity_unverified,P1_existing_kg_or_curated_signal,flag_in_claim_stubs,article,article,unknown,quarantined_no_active_artifact,Acquire an independently verifiable source because the prior artifact lacked sufficient document-level identity evidence.,identity_unverified,,,,,https://doi.org/10.32592/yafteh.2024.26.3.45
B_curated_or_claim_stub_signal_no_active_kg_claims,False,0,False,False,10.3389/conf.fnins.2019.96.00055,Trace amine associate receptor 1 (TAAR1) as a new target for the treatment of cognitive dysfunction in Alzheimer disease,manual_strict_front_identity_failure,P1_existing_kg_or_curated_signal,flag_in_claim_stubs,article,article,unknown,quarantined_no_active_artifact,Acquire an exact item whose requested title and DOI are in the document front matter; a target title found only later in a multi-item document is not sufficient.,identity_unverified,,https://doi.org/10.3389/conf.fnins.2019.96.00055,,,https://doi.org/10.3389/conf.fnins.2019.96.00055
B_curated_or_claim_stub_signal_no_active_kg_claims,False,0,False,False,10.3389/fpsyt.2022.954388,Study protocol for “MDMA-assisted therapy as a treatment for major depressive disorder: A proof of principle study”,manual_identity_unverified,P1_existing_kg_or_curated_signal,flag_in_claim_stubs,article,article,unknown,quarantined_no_active_artifact,Acquire an independently verifiable source because the prior artifact lacked sufficient document-level identity evidence.,identity_unverified,,https://www.frontiersin.org/articles/10.3389/fpsyt.2022.954388/pdf,PMC9645093,https://pmc.ncbi.nlm.nih.gov/articles/PMC9645093/,https://doi.org/10.3389/fpsyt.2022.954388
B_curated_or_claim_stub_signal_no_active_kg_claims,False,0,False,True,10.53846/goediss-2111,Tryptamines as Ligands and Modulators of the Serotonin 5‑HT2A Receptor and the Isolation of Aeruginascin from the Hallucinogenic Mushroom Inocybe aeruginascens,manual_identity_unverified,P1_existing_kg_or_curated_signal,flag_in_claim_stubs,non_primary_publication,dissertation,non_primary_publication,quarantined_no_active_artifact,Acquire an independently verifiable source because the prior artifact lacked sufficient document-level identity evidence.,identity_unverified,,,,,https://doi.org/10.53846/goediss-2111
B_curated_or_claim_stub_signal_no_active_kg_claims,False,0,False,True,10.5451/unibas-007055508,Pharmacological and toxicological investigations of new psychoactive substances,manual_exact_nested_repository_item,P1_existing_kg_or_curated_signal,flag_in_claim_stubs,non_primary_publication,dissertation,non_primary_publication,quarantined_no_active_artifact,"Acquire the DOI-bearing paper or chapter itself, not a repository wrapper, thesis, or neighboring nested document.",identity_mismatch | repository_or_nested_document,,https://edoc.unibas.ch/66841/1/PhD%20Thesis%20Dino%20Lu%CC%88thi%20%28edoc%29.pdf,,,https://doi.org/10.5451/unibas-007055508
C_retained_for_future_extraction_no_active_kg_claims,False,0,True,True,10.1007/7854_2020_167,The Role of Opiates in Social Pain and Suicidal Behavior,manual_identity_mismatch,P2_retained_candidate,retained_for_extraction_candidate,review,review,secondary_literature,quarantined_no_active_artifact,Acquire a replacement because the quarantined artifact belongs to a different document.,identity_mismatch,,,,,https://doi.org/10.1007/7854_2020_167
C_retained_for_future_extraction_no_active_kg_claims,False,0,True,True,10.1007/7854_2021_267,Psychedelics as Novel Therapeutics in Alzheimer’s Disease: Rationale and Potential Mechanisms,manual_identity_mismatch,P2_retained_candidate,retained_for_extraction_candidate,review,review,secondary_literature,quarantined_no_active_artifact,Acquire a replacement because the quarantined artifact belongs to a different document.,identity_mismatch,,,,,https://doi.org/10.1007/7854_2021_267
C_retained_for_future_extraction_no_active_kg_claims,False,0,True,True,10.1007/7854_2021_268,Psychedelic Group Therapy,manual_identity_mismatch,P2_retained_candidate,retained_for_extraction_candidate,narrative_review,article,secondary_literature,quarantined_no_active_artifact,Acquire a replacement because the quarantined artifact belongs to a different document.,identity_mismatch,,,,,https://doi.org/10.1007/7854_2021_268
C_retained_for_future_extraction_no_active_kg_claims,False,0,True,True,10.1007/7854_2021_270,Dosing Psychedelics and MDMA,manual_identity_mismatch,P2_retained_candidate,retained_for_extraction_candidate,review,article,secondary_literature,quarantined_no_active_artifact,Acquire a replacement because the quarantined artifact belongs to a different document.,identity_mismatch,,,,,https://doi.org/10.1007/7854_2021_270
C_retained_for_future_extraction_no_active_kg_claims,False,0,True,True,10.1007/7854_2021_278,The Potential of Psychedelics for End of Life and Palliative Care,manual_identity_mismatch,P2_retained_candidate,retained_for_extraction_candidate,review,review,secondary_literature,quarantined_no_active_artifact,Acquire a replacement because the quarantined artifact belongs to a different document.,identity_mismatch,,,,,https://doi.org/10.1007/7854_2021_278
C_retained_for_future_extraction_no_active_kg_claims,False,0,True,True,10.1007/7854_2021_284,Psychedelic-Assisted Therapy for Substance Use Disorders and Potential Mechanisms of Action,manual_identity_mismatch,P2_retained_candidate,retained_for_extraction_candidate,review,article,secondary_literature,quarantined_no_active_artifact,Acquire a replacement because the quarantined artifact belongs to a different document.,identity_mismatch,,,,,https://doi.org/10.1007/7854_2021_284
C_retained_for_future_extraction_no_active_kg_claims,False,0,True,True,10.1007/7854_2022_327,Classic Psychedelics in Addiction Treatment: The Case for Psilocybin in Tobacco Smoking Cessation,manual_identity_mismatch,P2_retained_candidate,retained_for_extraction_candidate,review,review,secondary_literature,quarantined_no_active_artifact,Acquire a replacement because the quarantined artifact belongs to a different document.,identity_mismatch,,,,,https://doi.org/10.1007/7854_2022_327
C_retained_for_future_extraction_no_active_kg_claims,False,0,True,True,10.1007/7854_2022_357,Pharmacological Treatments for Anhedonia,manual_identity_mismatch,P2_retained_candidate,retained_for_extraction_candidate,review,article,secondary_literature,quarantined_no_active_artifact,Acquire a replacement because the quarantined artifact belongs to a different document.,identity_mismatch,,,,,https://doi.org/10.1007/7854_2022_357
C_retained_for_future_extraction_no_active_kg_claims,False,0,True,True,10.1007/7854_2022_365,Psychedelics in the Treatment of Headache and Chronic Pain Disorders,manual_identity_mismatch,P2_retained_candidate,retained_for_extraction_candidate,review,review,secondary_literature,quarantined_no_active_artifact,Acquire a replacement because the quarantined artifact belongs to a different document.,identity_mismatch,,,,,https://doi.org/10.1007/7854_2022_365
C_retained_for_future_extraction_no_active_kg_claims,False,0,True,True,10.1007/7854_2022_366,Psilocybin for Trauma-Related Disorders,manual_identity_mismatch,P2_retained_candidate,retained_for_extraction_candidate,review,review,secondary_literature,quarantined_no_active_artifact,Acquire a replacement because the quarantined artifact belongs to a different document.,identity_mismatch,,,,,https://doi.org/10.1007/7854_2022_366
C_retained_for_future_extraction_no_active_kg_claims,False,0,True,True,10.1007/7854_2023_443,Enhancing Fear Extinction: Pharmacological Approaches,manual_identity_mismatch,P2_retained_candidate,retained_for_extraction_candidate,review,article,secondary_literature,quarantined_no_active_artifact,Acquire a replacement because the quarantined artifact belongs to a different document.,identity_mismatch,,,,,https://doi.org/10.1007/7854_2023_443
C_retained_for_future_extraction_no_active_kg_claims,False,0,True,True,10.1007/7854_2024_510,Pharmacological Properties of Psychedelics with a Special Focus on Potential Harms,manual_identity_mismatch,P2_retained_candidate,retained_for_extraction_candidate,review,article,secondary_literature,quarantined_no_active_artifact,Acquire a replacement because the quarantined artifact belongs to a different document.,identity_mismatch,,,,,https://doi.org/10.1007/7854_2024_510
C_retained_for_future_extraction_no_active_kg_claims,False,0,True,True,10.1007/7854_2024_531,Epistemic Risk Reduction in Psychedelic-Assisted Therapy,manual_identity_mismatch,P2_retained_candidate,retained_for_extraction_candidate,review,article,secondary_literature,quarantined_no_active_artifact,Acquire a replacement because the quarantined artifact belongs to a different document.,identity_mismatch,,,,,https://doi.org/10.1007/7854_2024_531
C_retained_for_future_extraction_no_active_kg_claims,False,0,True,True,10.1007/7854_2024_534,Anxiety and Affective Symptoms Related to the Use of Classic Psychedelics: A Systematic Review,manual_identity_mismatch,P2_retained_candidate,retained_for_extraction_candidate,systematic_review,review,secondary_literature,quarantined_no_active_artifact,Acquire a replacement because the quarantined artifact belongs to a different document.,identity_mismatch,,,,,https://doi.org/10.1007/7854_2024_534
C_retained_for_future_extraction_no_active_kg_claims,False,0,True,True,10.1007/7854_2025_606,Psychedelic Drug Checking: Analytical and Strategic Challenges in Harm Reduction for Classic Psychedelics,manual_identity_mismatch,P2_retained_candidate,retained_for_extraction_candidate,review,article,secondary_literature,quarantined_no_active_artifact,Acquire a replacement because the quarantined artifact belongs to a different document.,identity_mismatch,,,,,https://doi.org/10.1007/7854_2025_606
C_retained_for_future_extraction_no_active_kg_claims,False,0,True,True,10.1007/7854_2025_609,Ontologically Challenging Psychedelic Experiences: Considerations for Managing Associated Distress,manual_identity_mismatch,P2_retained_candidate,retained_for_extraction_candidate,review,book-chapter,secondary_literature,quarantined_no_active_artifact,Acquire a replacement because the quarantined artifact belongs to a different document.,identity_mismatch,,,,,https://doi.org/10.1007/7854_2025_609
C_retained_for_future_extraction_no_active_kg_claims,False,0,True,True,10.1007/7854_2025_610,"Flashbacks, Hallucinogen Persisting Perception Disorder (HPPD), and Reactivations Following the Use of Classic Psychedelics: Classification and Therapeutic Management",manual_identity_mismatch,P2_retained_candidate,retained_for_extraction_candidate,review,book-chapter,secondary_literature,quarantined_no_active_artifact,Acquire a replacement because the quarantined artifact belongs to a different document.,identity_mismatch,,,,,https://doi.org/10.1007/7854_2025_610
C_retained_for_future_extraction_no_active_kg_claims,False,0,True,True,10.1007/978-981-95-6872-7_25,Psychedelics: Future Therapeutics in Major Depression?,manual_identity_mismatch,P2_retained_candidate,retained_for_extraction_candidate,review,book-chapter,secondary_literature,quarantined_no_active_artifact,Acquire a replacement because the quarantined artifact belongs to a different document.,identity_mismatch,,,,,https://doi.org/10.1007/978-981-95-6872-7_25
C_retained_for_future_extraction_no_active_kg_claims,False,0,True,True,10.1007/978-981-95-6872-7_5,Rethinking the Treatment-Resistant Depression,manual_conflicting_doi_needs_resolution,P2_retained_candidate,retained_for_extraction_candidate,review,book-chapter,secondary_literature,quarantined_no_active_artifact,Confirm a registered version/alias relationship or acquire the exact requested DOI; do not accept a merely similar title.,target_text_with_conflicting_doi,,,,,https://doi.org/10.1007/978-981-95-6872-7_5
C_retained_for_future_extraction_no_active_kg_claims,False,0,True,True,10.1007/978-981-97-4402-2_3,"Efficacy, Safety, and Tolerability of Psychedelics in Treatment-Resistant Depression (TRD)",manual_identity_mismatch,P2_retained_candidate,retained_for_extraction_candidate,review,review,secondary_literature,quarantined_no_active_artifact,Acquire a replacement because the quarantined artifact belongs to a different document.,identity_mismatch,,,,,https://doi.org/10.1007/978-981-97-4402-2_3
C_retained_for_future_extraction_no_active_kg_claims,False,0,True,True,10.1007/s00115-021-01225-7,Schnell wirksame Antidepressiva – neurobiologische Wirkprinzipien,manual_identity_mismatch,P2_retained_candidate,retained_for_extraction_candidate,review,review,secondary_literature,quarantined_no_active_artifact,Acquire a replacement because the quarantined artifact belongs to a different document.,identity_mismatch,,,,,https://doi.org/10.1007/s00115-021-01225-7
C_retained_for_future_extraction_no_active_kg_claims,False,0,True,True,10.1007/s00115-023-01466-8,Passagere und anhaltende visuelle Phänomene in der Neurologie,manual_main_article_not_correction,P2_retained_candidate,retained_for_extraction_candidate,review,article,secondary_literature,quarantined_no_active_artifact,"Acquire the requested main article; do not accept its correction, corrigendum, or erratum as a substitute.",main_article_points_to_correction,,,,,https://doi.org/10.1007/s00115-023-01466-8
C_retained_for_future_extraction_no_active_kg_claims,False,0,True,True,10.1007/s00115-024-01647-z,Klinisches Management der therapieresistenten Depression,manual_identity_mismatch,P2_retained_candidate,retained_for_extraction_candidate,review,article,secondary_literature,quarantined_no_active_artifact,Acquire a replacement because the quarantined artifact belongs to a different document.,identity_mismatch,,,,,https://doi.org/10.1007/s00115-024-01647-z
C_retained_for_future_extraction_no_active_kg_claims,False,0,True,True,10.1007/s00127-023-02448-6,Perceived risk of LSD varies with age and race: evidence from 2019 United States cross-sectional data,manual_replace_wrong_or_ancillary_document,P2_retained_candidate,retained_for_extraction_candidate,primary,article,primary,quarantined_no_active_artifact,"Acquire the main requested record and reject supplements, checklists, manuals, review forms, or unrelated documents.",identity_unverified | no_header_wrong_or_ancillary,,,,,https://doi.org/10.1007/s00127-023-02448-6
C_retained_for_future_extraction_no_active_kg_claims,False,0,True,True,10.1007/s00204-025-04208-8,"Dimethyltryptamine and harmine, components of ayahuasca, prevented cocaine-induced apoptosis in SH-SY5Y human neuroblastoma cells",manual_identity_mismatch,P2_retained_candidate,retained_for_extraction_candidate,primary,article,primary,quarantined_no_active_artifact,Acquire a replacement because the quarantined artifact belongs to a different document.,identity_mismatch,,,,,https://doi.org/10.1007/s00204-025-04208-8
C_retained_for_future_extraction_no_active_kg_claims,False,0,True,True,10.1007/s00210-025-04152-5,Psilocin alleviates acute itch in mice: possible involvement of 5-HT2A receptors and kynurenine pathway,manual_identity_mismatch,P2_retained_candidate,retained_for_extraction_candidate,primary,article,primary,quarantined_no_active_artifact,Acquire a replacement because the quarantined artifact belongs to a different document.,identity_mismatch,,,,,https://doi.org/10.1007/s00210-025-04152-5
C_retained_for_future_extraction_no_active_kg_claims,False,0,True,True,10.1007/s00210-026-05108-z,Adverse drug events and toxicological mechanisms of esketamine: a study based on US Food and Drug Administration Adverse Event Reporting System and network toxicology analysis,manual_identity_mismatch,P2_retained_candidate,retained_for_extraction_candidate,primary,article,primary,quarantined_no_active_artifact,Acquire a replacement because the quarantined artifact belongs to a different document.,identity_mismatch,,,,,https://doi.org/10.1007/s00210-026-05108-z
C_retained_for_future_extraction_no_active_kg_claims,False,0,True,True,10.1007/s00213-020-05756-w,The acute effects of classic psychedelics on memory in humans,manual_identity_mismatch,P2_retained_candidate,retained_for_extraction_candidate,review,review,secondary_literature,quarantined_no_active_artifact,Acquire a replacement because the quarantined artifact belongs to a different document.,identity_mismatch,,,,,https://doi.org/10.1007/s00213-020-05756-w
C_retained_for_future_extraction_no_active_kg_claims,False,0,True,True,10.1007/s00213-021-05767-1,Ketamine-induced urological toxicity: potential mechanisms and translation for adults with mood disorders receiving ketamine treatment,manual_identity_mismatch,P2_retained_candidate,retained_for_extraction_candidate,review,review,secondary_literature,quarantined_no_active_artifact,Acquire a replacement because the quarantined artifact belongs to a different document.,identity_mismatch,,,,,https://doi.org/10.1007/s00213-021-05767-1
C_retained_for_future_extraction_no_active_kg_claims,False,0,True,True,10.1007/s00213-021-05825-8,"Efficacy of ketamine for major depressive episodes at 2, 4, and 6-weeks post-treatment: A meta-analysis",manual_identity_mismatch,P2_retained_candidate,retained_for_extraction_candidate,meta_analysis,review,secondary_literature,quarantined_no_active_artifact,Acquire a replacement because the quarantined artifact belongs to a different document.,identity_mismatch,,,,,https://doi.org/10.1007/s00213-021-05825-8
C_retained_for_future_extraction_no_active_kg_claims,False,0,True,True,10.1007/s00213-021-05876-x,Serotonin toxicity of serotonergic psychedelics,manual_identity_mismatch,P2_retained_candidate,retained_for_extraction_candidate,review,review,secondary_literature,quarantined_no_active_artifact,Acquire a replacement because the quarantined artifact belongs to a different document.,identity_mismatch,,,,,https://doi.org/10.1007/s00213-021-05876-x
C_retained_for_future_extraction_no_active_kg_claims,False,0,True,True,10.1007/s00213-021-05964-y,The adverse events of ibogaine in humans: an updated systematic review of the literature (2015–2020),manual_identity_mismatch,P2_retained_candidate,retained_for_extraction_candidate,systematic_review,review,secondary_literature,quarantined_no_active_artifact,Acquire a replacement because the quarantined artifact belongs to a different document.,identity_mismatch,,,,,https://doi.org/10.1007/s00213-021-05964-y
C_retained_for_future_extraction_no_active_kg_claims,False,0,True,True,10.1007/s00213-021-06021-4,Ketamine abrogates sensorimotor deficits and cytokine dysregulation in a chronic unpredictable mild stress model of depression,manual_identity_mismatch,P2_retained_candidate,retained_for_extraction_candidate,primary,article,primary,quarantined_no_active_artifact,Acquire a replacement because the quarantined artifact belongs to a different document.,identity_mismatch,,,,,https://doi.org/10.1007/s00213-021-06021-4
C_retained_for_future_extraction_no_active_kg_claims,False,0,True,True,10.1007/s00213-021-06049-6,Assessing the risk–benefit profile of classical psychedelics: a clinical review of second-wave psychedelic research,manual_identity_mismatch,P2_retained_candidate,retained_for_extraction_candidate,review,review,secondary_literature,quarantined_no_active_artifact,Acquire a replacement because the quarantined artifact belongs to a different document.,identity_mismatch,,,,,https://doi.org/10.1007/s00213-021-06049-6
C_retained_for_future_extraction_no_active_kg_claims,False,0,True,True,10.1007/s00213-022-06090-z,N-methyl-D-aspartate receptor antagonism impairs sensory gating in the auditory cortex in response to speech stimuli,manual_identity_mismatch,P2_retained_candidate,retained_for_extraction_candidate,primary,article,primary,quarantined_no_active_artifact,Acquire a replacement because the quarantined artifact belongs to a different document.,identity_mismatch,,,,,https://doi.org/10.1007/s00213-022-06090-z
C_retained_for_future_extraction_no_active_kg_claims,False,0,True,True,10.1007/s00213-022-06098-5,The role of serotonin neurotransmission in rapid antidepressant actions,manual_identity_mismatch,P2_retained_candidate,retained_for_extraction_candidate,review,review,secondary_literature,quarantined_no_active_artifact,Acquire a replacement because the quarantined artifact belongs to a different document.,identity_mismatch,,,,,https://doi.org/10.1007/s00213-022-06098-5
C_retained_for_future_extraction_no_active_kg_claims,False,0,True,True,10.1007/s00213-022-06118-4,"Mediation of the behavioral effects of ketamine and (2R,6R)-hydroxynorketamine in mice by kappa opioid receptors",manual_identity_mismatch,P2_retained_candidate,retained_for_extraction_candidate,primary,article,primary,quarantined_no_active_artifact,Acquire a replacement because the quarantined artifact belongs to a different document.,identity_mismatch,,,,,https://doi.org/10.1007/s00213-022-06118-4
C_retained_for_future_extraction_no_active_kg_claims,False,0,True,True,10.1007/s00213-022-06170-0,Natural language signatures of psilocybin microdosing,manual_identity_mismatch,P2_retained_candidate,retained_for_extraction_candidate,primary,article,primary,quarantined_no_active_artifact,Acquire a replacement because the quarantined artifact belongs to a different document.,identity_mismatch,,,,,https://doi.org/10.1007/s00213-022-06170-0
C_retained_for_future_extraction_no_active_kg_claims,False,0,True,True,10.1007/s00213-022-06217-2,Evidence on the impairing effects of Ayahuasca on fear memory reconsolidation,manual_identity_mismatch,P2_retained_candidate,retained_for_extraction_candidate,primary,article,primary,quarantined_no_active_artifact,Acquire a replacement because the quarantined artifact belongs to a different document.,identity_mismatch,,,,,https://doi.org/10.1007/s00213-022-06217-2
C_retained_for_future_extraction_no_active_kg_claims,False,0,True,True,10.1007/s00213-022-06229-y,Contrasting effects of DOI and lisuride on impulsive decision-making in delay discounting task,manual_identity_mismatch,P2_retained_candidate,retained_for_extraction_candidate,primary,article,primary,quarantined_no_active_artifact,Acquire a replacement because the quarantined artifact belongs to a different document.,identity_mismatch,,,,,https://doi.org/10.1007/s00213-022-06229-y
C_retained_for_future_extraction_no_active_kg_claims,False,0,True,True,10.1007/s00213-022-06249-8,Set and setting in microdosing: an oft-overlooked principle,manual_identity_mismatch,P2_retained_candidate,retained_for_extraction_candidate,narrative_review,article,secondary_literature,quarantined_no_active_artifact,Acquire a replacement because the quarantined artifact belongs to a different document.,identity_mismatch,,,,,https://doi.org/10.1007/s00213-022-06249-8
C_retained_for_future_extraction_no_active_kg_claims,False,0,True,True,10.1007/s00213-023-06366-y,The effects of serotonergic psychedelics in synaptic and intrinsic properties of neurons in layer II/III of the orbitofrontal cortex,manual_identity_mismatch,P2_retained_candidate,retained_for_extraction_candidate,primary,article,primary,quarantined_no_active_artifact,Acquire a replacement because the quarantined artifact belongs to a different document.,identity_mismatch,,,,,https://doi.org/10.1007/s00213-023-06366-y
C_retained_for_future_extraction_no_active_kg_claims,False,0,True,True,10.1007/s00213-023-06517-1,"5-MeO-DMT: An atypical psychedelic with unique pharmacology, phenomenology &amp; risk?",manual_identity_mismatch,P2_retained_candidate,retained_for_extraction_candidate,review,review,secondary_literature,quarantined_no_active_artifact,Acquire a replacement because the quarantined artifact belongs to a different document.,identity_mismatch,,,,,https://doi.org/10.1007/s00213-023-06517-1
C_retained_for_future_extraction_no_active_kg_claims,False,0,True,True,10.1007/s00213-024-06620-x,Psychedelic-assisted psychotherapy: where is the psychotherapy research?,manual_identity_mismatch,P2_retained_candidate,retained_for_extraction_candidate,review,review,secondary_literature,quarantined_no_active_artifact,Acquire a replacement because the quarantined artifact belongs to a different document.,identity_mismatch,,,,,https://doi.org/10.1007/s00213-024-06620-x
C_retained_for_future_extraction_no_active_kg_claims,False,0,True,True,10.1007/s00213-024-06635-4,5-hydroxytryptamine 2C/1A receptors modulate the biphasic dose response of the head twitch response and locomotor activity induced by DOM in mice,manual_identity_mismatch,P2_retained_candidate,retained_for_extraction_candidate,primary,article,primary,quarantined_no_active_artifact,Acquire a replacement because the quarantined artifact belongs to a different document.,identity_mismatch,,,,,https://doi.org/10.1007/s00213-024-06635-4
C_retained_for_future_extraction_no_active_kg_claims,False,0,True,True,10.1007/s00213-025-06907-7,Provider perspectives on challenges in treatment during psychedelic therapy,manual_identity_mismatch,P2_retained_candidate,retained_for_extraction_candidate,primary,article,primary,quarantined_no_active_artifact,Acquire a replacement because the quarantined artifact belongs to a different document.,identity_mismatch,,,,,https://doi.org/10.1007/s00213-025-06907-7
C_retained_for_future_extraction_no_active_kg_claims,False,0,True,True,10.1007/s00213-025-06913-9,Daily self-assessment within a regimen of microdosing indicates enhanced psychological functioning on microdosing days relative to non-microdosing days,manual_identity_mismatch,P2_retained_candidate,retained_for_extraction_candidate,primary,article,primary,quarantined_no_active_artifact,Acquire a replacement because the quarantined artifact belongs to a different document.,identity_mismatch,,,,,https://doi.org/10.1007/s00213-025-06913-9
C_retained_for_future_extraction_no_active_kg_claims,False,0,True,True,10.1007/s00213-025-06948-y,Personality profiles and trauma history in ketamine therapy for mood and anxiety disorders: A latent profile analysis of short-term outcomes,manual_identity_mismatch,P2_retained_candidate,retained_for_extraction_candidate,primary,article,primary,quarantined_no_active_artifact,Acquire a replacement because the quarantined artifact belongs to a different document.,identity_mismatch,,,,,https://doi.org/10.1007/s00213-025-06948-y
C_retained_for_future_extraction_no_active_kg_claims,False,0,True,True,10.1007/s00213-026-07016-9,"Effectiveness of intranasal esketamine in the treatment of patients with treatment-resistant depression: an observational study based on data collected in a Spravato treatment program at the Institute of Living, Hartford, CT",manual_identity_mismatch,P2_retained_candidate,retained_for_extraction_candidate,primary,article,primary,quarantined_no_active_artifact,Acquire a replacement because the quarantined artifact belongs to a different document.,identity_mismatch,,,,,https://doi.org/10.1007/s00213-026-07016-9
C_retained_for_future_extraction_no_active_kg_claims,False,0,True,True,10.1007/s00213-026-07089-6,Shorter to be effective: subanesthetic-dose ketamine infusion reduces the global and regional path length of brain functional connectivity in patients with treatment-resistant depression and suicidal ideation,manual_identity_mismatch,P2_retained_candidate,retained_for_extraction_candidate,primary,article,primary,quarantined_no_active_artifact,Acquire a replacement because the quarantined artifact belongs to a different document.,identity_mismatch,,,,,https://doi.org/10.1007/s00213-026-07089-6
C_retained_for_future_extraction_no_active_kg_claims,False,0,True,True,10.1007/s002130050856,Differential effects of ketamine on gating of auditory evoked potentials and prepulse inhibition in rats,manual_replace_wrong_or_ancillary_document,P2_retained_candidate,retained_for_extraction_candidate,primary,article,primary,quarantined_no_active_artifact,"Acquire the main requested record and reject supplements, checklists, manuals, review forms, or unrelated documents.",identity_unverified | no_header_wrong_or_ancillary,,,,,https://doi.org/10.1007/s002130050856
C_retained_for_future_extraction_no_active_kg_claims,False,0,True,True,10.1007/s00228-020-03047-z,Influence of formulation and route of administration on ketamine’s safety and tolerability: systematic review,manual_identity_mismatch,P2_retained_candidate,retained_for_extraction_candidate,systematic_review,review,secondary_literature,quarantined_no_active_artifact,Acquire a replacement because the quarantined artifact belongs to a different document.,identity_mismatch,,,,,https://doi.org/10.1007/s00228-020-03047-z
C_retained_for_future_extraction_no_active_kg_claims,False,0,True,True,10.1007/s00406-021-01267-7,Effects of ayahuasca and its alkaloids on substance use disorders: an updated (2016–2020) systematic review of preclinical and human studies,manual_identity_mismatch,P2_retained_candidate,retained_for_extraction_candidate,systematic_review,review,secondary_literature,quarantined_no_active_artifact,Acquire a replacement because the quarantined artifact belongs to a different document.,identity_mismatch,,,,,https://doi.org/10.1007/s00406-021-01267-7
C_retained_for_future_extraction_no_active_kg_claims,False,0,True,True,10.1007/s00406-023-01561-6,mGlu2/3 receptor antagonists for depression: overview of underlying mechanisms and clinical development,manual_identity_mismatch,P2_retained_candidate,retained_for_extraction_candidate,review,review,secondary_literature,quarantined_no_active_artifact,Acquire a replacement because the quarantined artifact belongs to a different document.,identity_mismatch,,,,,https://doi.org/10.1007/s00406-023-01561-6
C_retained_for_future_extraction_no_active_kg_claims,False,0,True,True,10.1007/s00406-023-01732-5,The correlation of Esketamine with specific adverse events: a deep dive into the FAERS database,manual_identity_mismatch,P2_retained_candidate,retained_for_extraction_candidate,primary,article,primary,quarantined_no_active_artifact,Acquire a replacement because the quarantined artifact belongs to a different document.,identity_mismatch,,,,,https://doi.org/10.1007/s00406-023-01732-5
C_retained_for_future_extraction_no_active_kg_claims,False,0,True,True,10.1007/s00406-024-01809-9,Ketamine and its enantiomers for depression: a bibliometric analysis from 2000 to 2023,manual_identity_mismatch,P2_retained_candidate,retained_for_extraction_candidate,review,review,secondary_literature,quarantined_no_active_artifact,Acquire a replacement because the quarantined artifact belongs to a different document.,identity_mismatch,,,,,https://doi.org/10.1007/s00406-024-01809-9
C_retained_for_future_extraction_no_active_kg_claims,False,0,True,True,10.1007/s00406-024-01925-6,Ketamine-induced altered states of consciousness: a systematic review of implications for therapeutic outcomes in psychiatric practices,manual_identity_mismatch,P2_retained_candidate,retained_for_extraction_candidate,systematic_review,review,secondary_literature,quarantined_no_active_artifact,Acquire a replacement because the quarantined artifact belongs to a different document.,identity_mismatch,,,,,https://doi.org/10.1007/s00406-024-01925-6
C_retained_for_future_extraction_no_active_kg_claims,False,0,True,True,10.1007/s00406-024-01945-2,Arketamine: a scoping review of its use in humans,manual_identity_mismatch,P2_retained_candidate,retained_for_extraction_candidate,scoping_review,review,secondary_literature,quarantined_no_active_artifact,Acquire a replacement because the quarantined artifact belongs to a different document.,identity_mismatch,,,,,https://doi.org/10.1007/s00406-024-01945-2
C_retained_for_future_extraction_no_active_kg_claims,False,0,True,True,10.1007/s00702-024-02793-z,Effects of association between resveratrol and ketamine on behavioral and biochemical analysis in mice,manual_identity_mismatch,P2_retained_candidate,retained_for_extraction_candidate,primary,article,primary,quarantined_no_active_artifact,Acquire a replacement because the quarantined artifact belongs to a different document.,identity_mismatch,,,,,https://doi.org/10.1007/s00702-024-02793-z
C_retained_for_future_extraction_no_active_kg_claims,False,0,True,True,10.1007/s10552-026-02172-x,Classic psychedelic and cannabis use among U.S. cancer survivors aged ≥ 50 years: nationally representative estimates by cancer type/site,manual_identity_mismatch,P2_retained_candidate,retained_for_extraction_candidate,primary,article,primary,quarantined_no_active_artifact,Acquire a replacement because the quarantined artifact belongs to a different document.,identity_mismatch,,,,,https://doi.org/10.1007/s10552-026-02172-x
C_retained_for_future_extraction_no_active_kg_claims,False,0,True,True,10.1007/s10974-025-09720-z,A single S-ketamine injection enhances mTOR signaling in rat skeletal muscle,manual_identity_mismatch,P2_retained_candidate,retained_for_extraction_candidate,primary,article,primary,quarantined_no_active_artifact,Acquire a replacement because the quarantined artifact belongs to a different document.,identity_mismatch,,,,,https://doi.org/10.1007/s10974-025-09720-z
C_retained_for_future_extraction_no_active_kg_claims,False,0,True,True,10.1007/s11011-020-00547-w,Toxicity of ayahuasca after 28 days daily exposure and effects on monoamines and brain-derived neurotrophic factor (BDNF) in brain of Wistar rats,manual_identity_mismatch,P2_retained_candidate,retained_for_extraction_candidate,primary,article,primary,quarantined_no_active_artifact,Acquire a replacement because the quarantined artifact belongs to a different document.,identity_mismatch,,,,,https://doi.org/10.1007/s11011-020-00547-w
C_retained_for_future_extraction_no_active_kg_claims,False,0,True,True,10.1007/s11064-022-03772-0,"The Missing Piece? A Case for Microglia’s Prominent Role in the Therapeutic Action of Anesthetics, Ketamine, and Psychedelics",manual_identity_mismatch,P2_retained_candidate,retained_for_extraction_candidate,review,review,secondary_literature,quarantined_no_active_artifact,Acquire a replacement because the quarantined artifact belongs to a different document.,identity_mismatch,,,,,https://doi.org/10.1007/s11064-022-03772-0
C_retained_for_future_extraction_no_active_kg_claims,False,0,True,True,10.1007/s11064-025-04562-0,"Hesperidin Attenuates Chronic Stress-Induced Depression via 5-HT2A-Linked Modulation of Neurochemical, Oxidative, and Inflammatory Pathways: Experimental and In Silico Evidence",manual_identity_mismatch,P2_retained_candidate,retained_for_extraction_candidate,primary,article,primary,quarantined_no_active_artifact,Acquire a replacement because the quarantined artifact belongs to a different document.,identity_mismatch,,,,,https://doi.org/10.1007/s11064-025-04562-0
C_retained_for_future_extraction_no_active_kg_claims,False,0,True,True,10.1007/s11910-025-01446-2,Psychedelics and Headache Disorders: an Update,manual_identity_mismatch,P2_retained_candidate,retained_for_extraction_candidate,review,review,secondary_literature,quarantined_no_active_artifact,Acquire a replacement because the quarantined artifact belongs to a different document.,identity_mismatch,,,,,https://doi.org/10.1007/s11910-025-01446-2
C_retained_for_future_extraction_no_active_kg_claims,False,0,True,True,10.1007/s11912-023-01373-w,Recent Progress in Mind–Body Therapies in Cancer Care,manual_identity_mismatch,P2_retained_candidate,retained_for_extraction_candidate,narrative_review,review,secondary_literature,quarantined_no_active_artifact,Acquire a replacement because the quarantined artifact belongs to a different document.,identity_mismatch,,,,,https://doi.org/10.1007/s11912-023-01373-w
C_retained_for_future_extraction_no_active_kg_claims,False,0,True,True,10.1007/s11916-023-01161-y,"New Daily Persistent Headache (NDPH): Unraveling the Complexities of Diagnosis, Pathophysiology, and Treatment",manual_identity_mismatch,P2_retained_candidate,retained_for_extraction_candidate,review,review,secondary_literature,quarantined_no_active_artifact,Acquire a replacement because the quarantined artifact belongs to a different document.,identity_mismatch,,,,,https://doi.org/10.1007/s11916-023-01161-y
C_retained_for_future_extraction_no_active_kg_claims,False,0,True,True,10.1007/s11916-024-01321-8,Exploring the Potential of Psychedelics in the Treatment of Headache Disorders: Clinical Considerations and Exploratory Insights,manual_identity_mismatch,P2_retained_candidate,retained_for_extraction_candidate,review,review,secondary_literature,quarantined_no_active_artifact,Acquire a replacement because the quarantined artifact belongs to a different document.,identity_mismatch,,,,,https://doi.org/10.1007/s11916-024-01321-8
C_retained_for_future_extraction_no_active_kg_claims,False,0,True,True,10.1007/s11916-024-01353-0,Pain and Perception: Exploring Psychedelics as Novel Therapeutic Agents in Chronic Pain Management,manual_identity_mismatch,P2_retained_candidate,retained_for_extraction_candidate,review,review,secondary_literature,quarantined_no_active_artifact,Acquire a replacement because the quarantined artifact belongs to a different document.,identity_mismatch,,,,,https://doi.org/10.1007/s11916-024-01353-0
C_retained_for_future_extraction_no_active_kg_claims,False,0,True,True,10.1007/s11916-025-01360-9,Ketamine Infusion for Complex Regional Pain Syndrome Treatment: A Narrative Review,manual_identity_mismatch,P2_retained_candidate,retained_for_extraction_candidate,narrative_review,review,secondary_literature,quarantined_no_active_artifact,Acquire a replacement because the quarantined artifact belongs to a different document.,identity_mismatch,,,,,https://doi.org/10.1007/s11916-025-01360-9
C_retained_for_future_extraction_no_active_kg_claims,False,0,True,True,10.1007/s11920-023-01432-w,"Ketamine Use in Child and Adolescent Psychiatry: Emerging Data in Treatment-Resistant Depression, Insights from Adults, and Future Directions",manual_identity_mismatch,P2_retained_candidate,retained_for_extraction_candidate,review,review,secondary_literature,quarantined_no_active_artifact,Acquire a replacement because the quarantined artifact belongs to a different document.,identity_mismatch,,,,,https://doi.org/10.1007/s11920-023-01432-w
C_retained_for_future_extraction_no_active_kg_claims,False,0,True,True,10.1007/s12031-022-02077-9,"Lipopolysaccharide Exacerbates Ketamine-Induced Psychotic-Like Behavior, Oxidative Stress, and Neuroinflammation in Mice: Ameliorative Effect of Diosmin",manual_identity_mismatch,P2_retained_candidate,retained_for_extraction_candidate,primary,article,primary,quarantined_no_active_artifact,Acquire a replacement because the quarantined artifact belongs to a different document.,identity_mismatch,,,,,https://doi.org/10.1007/s12031-022-02077-9
C_retained_for_future_extraction_no_active_kg_claims,False,0,True,True,10.1007/s12033-023-00994-7,Unveiling the Psychedelic Journey: An Appraisal of Psilocybin as a Profound Antidepressant Therapy,manual_identity_mismatch,P2_retained_candidate,retained_for_extraction_candidate,review,review,secondary_literature,quarantined_no_active_artifact,Acquire a replacement because the quarantined artifact belongs to a different document.,identity_mismatch,,,,,https://doi.org/10.1007/s12033-023-00994-7
C_retained_for_future_extraction_no_active_kg_claims,False,0,True,True,10.1007/s12035-021-02718-x,Combination of electroconvulsive stimulation with ketamine or escitalopram protects the brain against inflammation and oxidative stress induced by maternal deprivation and is critical for associated behaviors in male and female rats,manual_identity_mismatch,P2_retained_candidate,retained_for_extraction_candidate,primary,article,primary,quarantined_no_active_artifact,Acquire a replacement because the quarantined artifact belongs to a different document.,identity_mismatch,,,,,https://doi.org/10.1007/s12035-021-02718-x
C_retained_for_future_extraction_no_active_kg_claims,False,0,True,True,10.1007/s12035-023-03669-1,Ketamine Improves the Glymphatic Pathway by Reducing the Pyroptosis of Hippocampal Astrocytes in the Chronic Unpredictable Mild Stress Model,manual_identity_mismatch,P2_retained_candidate,retained_for_extraction_candidate,primary,article,primary,quarantined_no_active_artifact,Acquire a replacement because the quarantined artifact belongs to a different document.,identity_mismatch,,,,,https://doi.org/10.1007/s12035-023-03669-1
C_retained_for_future_extraction_no_active_kg_claims,False,0,True,True,10.1007/s12035-025-05114-x,Neuroprotective Role of Ketamine in Reducing Neuroinflammation and Enhancing Neuroplasticity Against a Cortisol-Induced In Vitro Stress Model,manual_identity_mismatch,P2_retained_candidate,retained_for_extraction_candidate,primary,article,primary,quarantined_no_active_artifact,Acquire a replacement because the quarantined artifact belongs to a different document.,identity_mismatch,,,,,https://doi.org/10.1007/s12035-025-05114-x
C_retained_for_future_extraction_no_active_kg_claims,False,0,True,True,10.1007/s12272-024-01491-4,The novel psychoactive substance 25E-NBOMe induces reward-related behaviors via dopamine D1 receptor signaling in male rodents,manual_identity_mismatch,P2_retained_candidate,retained_for_extraction_candidate,primary,article,primary,quarantined_no_active_artifact,Acquire a replacement because the quarantined artifact belongs to a different document.,identity_mismatch,,,,,https://doi.org/10.1007/s12272-024-01491-4
C_retained_for_future_extraction_no_active_kg_claims,False,0,True,True,10.1007/s40261-022-01169-z,"A Systematic Review of Neurocognitive Effects of Subanesthetic Doses of Intravenous Ketamine in Major Depressive Disorder, Post-Traumatic Stress Disorder, and Healthy Population",manual_identity_mismatch,P2_retained_candidate,retained_for_extraction_candidate,systematic_review,review,secondary_literature,quarantined_no_active_artifact,Acquire a replacement because the quarantined artifact belongs to a different document.,identity_mismatch,,,,,https://doi.org/10.1007/s40261-022-01169-z
C_retained_for_future_extraction_no_active_kg_claims,False,0,True,True,10.1007/s40262-020-00953-4,Population Pharmacokinetics of Esketamine Nasal Spray and its Metabolite Noresketamine in Healthy Subjects and Patients with Treatment-Resistant Depression,manual_identity_mismatch,P2_retained_candidate,retained_for_extraction_candidate,primary,article,primary,quarantined_no_active_artifact,Acquire a replacement because the quarantined artifact belongs to a different document.,identity_mismatch,,,,,https://doi.org/10.1007/s40262-020-00953-4
C_retained_for_future_extraction_no_active_kg_claims,False,0,True,True,10.1007/s40263-021-00846-5,Prevention and Management of Common Adverse Effects of Ketamine and Esketamine in Patients with Mood Disorders,manual_identity_mismatch,P2_retained_candidate,retained_for_extraction_candidate,review,review,secondary_literature,quarantined_no_active_artifact,Acquire a replacement because the quarantined artifact belongs to a different document.,identity_mismatch,,,,,https://doi.org/10.1007/s40263-021-00846-5
C_retained_for_future_extraction_no_active_kg_claims,False,0,True,True,10.1007/s40263-022-00929-x,Pharmacological Management of Nightmares Associated with Posttraumatic Stress Disorder,manual_identity_mismatch,P2_retained_candidate,retained_for_extraction_candidate,narrative_review,review,secondary_literature,quarantined_no_active_artifact,Acquire a replacement because the quarantined artifact belongs to a different document.,identity_mismatch,,,,,https://doi.org/10.1007/s40263-022-00929-x
C_retained_for_future_extraction_no_active_kg_claims,False,0,True,True,10.1007/s40263-023-01008-5,Lysergic Acid Diethylamide (LSD) for the Treatment of Anxiety Disorders: Preclinical and Clinical Evidence,manual_replace_wrong_or_ancillary_document,P2_retained_candidate,retained_for_extraction_candidate,review,review,secondary_literature,quarantined_no_active_artifact,"Acquire the main requested record and reject supplements, checklists, manuals, review forms, or unrelated documents.",identity_unverified | no_header_wrong_or_ancillary,,,,,https://doi.org/10.1007/s40263-023-01008-5
C_retained_for_future_extraction_no_active_kg_claims,False,0,True,True,10.1007/s40263-024-01099-8,The Use of Ketamine for the Treatment of Anhedonia in Depression,manual_identity_mismatch,P2_retained_candidate,retained_for_extraction_candidate,review,review,secondary_literature,quarantined_no_active_artifact,Acquire a replacement because the quarantined artifact belongs to a different document.,identity_mismatch,,,,,https://doi.org/10.1007/s40263-024-01099-8
C_retained_for_future_extraction_no_active_kg_claims,False,0,True,True,10.1007/s40263-024-01123-x,Research Progress on NMDA Receptor Enhancement Drugs for the Treatment of Depressive Disorder,manual_identity_mismatch,P2_retained_candidate,retained_for_extraction_candidate,narrative_review,review,secondary_literature,quarantined_no_active_artifact,Acquire a replacement because the quarantined artifact belongs to a different document.,identity_mismatch,,,,,https://doi.org/10.1007/s40263-024-01123-x
C_retained_for_future_extraction_no_active_kg_claims,False,0,True,True,10.1007/s40263-025-01199-z,Psychedelics for Alcohol Use Disorder: A Narrative Review with Candidate Mechanisms of Action,manual_identity_mismatch,P2_retained_candidate,retained_for_extraction_candidate,narrative_review,review,secondary_literature,quarantined_no_active_artifact,Acquire a replacement because the quarantined artifact belongs to a different document.,identity_mismatch,,,,,https://doi.org/10.1007/s40263-025-01199-z
C_retained_for_future_extraction_no_active_kg_claims,False,0,True,True,10.1007/s40263-025-01256-7,Safety and Efficacy of Monoamine Oxidase Inhibitors in Patients Who Use Psychoactive Substances: Potential Drug Interactions and Substance Use Disorder Treatment Data,manual_identity_mismatch,P2_retained_candidate,retained_for_extraction_candidate,narrative_review,article,secondary_literature,quarantined_no_active_artifact,Acquire a replacement because the quarantined artifact belongs to a different document.,identity_mismatch,,,,,https://doi.org/10.1007/s40263-025-01256-7
C_retained_for_future_extraction_no_active_kg_claims,False,0,True,True,10.1007/s40263-026-01296-7,Clinical Predictors of Antidepressant Effects of Ketamine and Esketamine in Treatment-Resistant Unipolar and Bipolar Depression: A Systematic Review,manual_identity_mismatch,P2_retained_candidate,retained_for_extraction_candidate,systematic_review,article,secondary_literature,quarantined_no_active_artifact,Acquire a replacement because the quarantined artifact belongs to a different document.,identity_mismatch,,,,,https://doi.org/10.1007/s40263-026-01296-7
C_retained_for_future_extraction_no_active_kg_claims,False,0,True,True,10.1007/s40264-025-01530-z,Opinion Mining of Erowid’s Experience Reports on LSD and Psilocybin-Containing Mushrooms,manual_identity_mismatch,P2_retained_candidate,retained_for_extraction_candidate,primary,article,primary,quarantined_no_active_artifact,Acquire a replacement because the quarantined artifact belongs to a different document.,identity_mismatch,,,,,https://doi.org/10.1007/s40264-025-01530-z
C_retained_for_future_extraction_no_active_kg_claims,False,0,True,True,10.1007/s40265-023-01872-x,New Pharmacologic Approaches to the Treatment of Bipolar Depression,manual_identity_mismatch,P2_retained_candidate,retained_for_extraction_candidate,review,review,secondary_literature,quarantined_no_active_artifact,Acquire a replacement because the quarantined artifact belongs to a different document.,identity_mismatch,,,,,https://doi.org/10.1007/s40265-023-01872-x
C_retained_for_future_extraction_no_active_kg_claims,False,0,True,True,10.1007/s40265-023-01983-5,A Neuroanatomic and Pathophysiologic Framework for Novel Pharmacological Approaches to the Treatment of Post-traumatic Stress Disorder,manual_identity_mismatch,P2_retained_candidate,retained_for_extraction_candidate,review,article,secondary_literature,quarantined_no_active_artifact,Acquire a replacement because the quarantined artifact belongs to a different document.,identity_mismatch,,,,,https://doi.org/10.1007/s40265-023-01983-5
C_retained_for_future_extraction_no_active_kg_claims,False,0,True,True,10.1007/s40265-024-02106-4,How Psychedelics Modulate Multiple Memory Mechanisms in Posttraumatic Stress Disorder,manual_identity_mismatch,P2_retained_candidate,retained_for_extraction_candidate,review,review,secondary_literature,quarantined_no_active_artifact,Acquire a replacement because the quarantined artifact belongs to a different document.,identity_mismatch,,,,,https://doi.org/10.1007/s40265-024-02106-4
C_retained_for_future_extraction_no_active_kg_claims,False,0,True,True,10.1007/s40265-025-02172-2,Classic Psychedelics for the Treatment of Depression: Potential Benefits and Challenges,manual_identity_mismatch,P2_retained_candidate,retained_for_extraction_candidate,review,review,secondary_literature,quarantined_no_active_artifact,Acquire a replacement because the quarantined artifact belongs to a different document.,identity_mismatch,,,,,https://doi.org/10.1007/s40265-025-02172-2
C_retained_for_future_extraction_no_active_kg_claims,False,0,True,True,10.1007/s40272-024-00639-5,Pediatric Treatment-Resistant Obsessive Compulsive Disorder: Treatment Options and Challenges,manual_identity_mismatch,P2_retained_candidate,retained_for_extraction_candidate,review,article,secondary_literature,quarantined_no_active_artifact,Acquire a replacement because the quarantined artifact belongs to a different document.,identity_mismatch,,,,,https://doi.org/10.1007/s40272-024-00639-5
C_retained_for_future_extraction_no_active_kg_claims,False,0,True,True,10.1007/s40519-020-01000-8,Positive effects of psychedelics on depression and wellbeing scores in individuals reporting an eating disorder,manual_identity_mismatch,P2_retained_candidate,retained_for_extraction_candidate,primary,article,primary,quarantined_no_active_artifact,Acquire a replacement because the quarantined artifact belongs to a different document.,identity_mismatch,,,,,https://doi.org/10.1007/s40519-020-01000-8
C_retained_for_future_extraction_no_active_kg_claims,False,0,True,True,10.1007/s43440-021-00342-z,Decreased efficacy of the ketamine and scopolamine-induced sustained antidepressant-like effects in rats receiving metformin,manual_identity_mismatch,P2_retained_candidate,retained_for_extraction_candidate,primary,article,primary,quarantined_no_active_artifact,Acquire a replacement because the quarantined artifact belongs to a different document.,identity_mismatch,,,,,https://doi.org/10.1007/s43440-021-00342-z
C_retained_for_future_extraction_no_active_kg_claims,False,0,True,True,10.1007/s43440-024-00588-3,"Partial mGlu5 receptor NAM, M-5MPEP, induces rapid and sustained antidepressant-like effects in the BDNF-dependent mechanism and enhances (R)-ketamine action in mice",manual_identity_mismatch,P2_retained_candidate,retained_for_extraction_candidate,primary,article,primary,quarantined_no_active_artifact,Acquire a replacement because the quarantined artifact belongs to a different document.,identity_mismatch,,,,,https://doi.org/10.1007/s43440-024-00588-3
C_retained_for_future_extraction_no_active_kg_claims,False,0,True,True,10.1007/s43440-025-00808-4,A preliminary proof-of-concept trial on the effects of ketamine on fatigue: a randomized crossover trial,manual_identity_mismatch,P2_retained_candidate,retained_for_extraction_candidate,primary,article,primary,quarantined_no_active_artifact,Acquire a replacement because the quarantined artifact belongs to a different document.,identity_mismatch,,,,,https://doi.org/10.1007/s43440-025-00808-4
C_retained_for_future_extraction_no_active_kg_claims,False,0,True,True,10.1016/j.cub.2012.02.033,"Neuroimaging: A Scanner, Colourfully",manual_exact_nested_repository_item,P2_retained_candidate,retained_for_extraction_candidate,review,article,secondary_literature,quarantined_no_active_artifact,"Acquire the DOI-bearing paper or chapter itself, not a repository wrapper, thesis, or neighboring nested document.",identity_mismatch | repository_or_nested_document,,http://www.cell.com/article/S0960982212001844/pdf,,,https://doi.org/10.1016/j.cub.2012.02.033
C_retained_for_future_extraction_no_active_kg_claims,False,0,True,True,10.1016/j.drugpo.2014.07.004,"Self-reported prevalence of dependence of MDMA compared to cocaine, mephedrone and ketamine among a sample of recreational poly-drug users",manual_replace_wrong_or_ancillary_document,P2_retained_candidate,retained_for_extraction_candidate,primary,article,primary,quarantined_no_active_artifact,"Acquire the main requested record and reject supplements, checklists, manuals, review forms, or unrelated documents.",identity_unverified | no_header_wrong_or_ancillary,,,,,https://doi.org/10.1016/j.drugpo.2014.07.004
C_retained_for_future_extraction_no_active_kg_claims,False,0,True,True,10.1016/j.eurpsy.2016.01.1060,The “Endless Trip”: Psychopathology and psychopharmacology in the Hallucinogen Persisting Perception Disorder (HPPD),manual_exact_item_from_proceedings,P2_retained_candidate,retained_for_extraction_candidate,systematic_review,article,secondary_literature,quarantined_no_active_artifact,"Retain the search record, but acquire an item-specific PDF/JATS record or slice the exact DOI/title item from the proceedings container.",target_text_with_conflicting_doi | unsegmented_proceedings_container | proceedings_container,,https://www.cambridge.org/core/services/aop-cambridge-core/content/view/88E612C4BD23129B8196208F4A472D46/S0924933800229210a.pdf/div-class-title-the-endless-trip-psychopathology-and-psychopharmacology-in-the-hallucinogen-persisting-perception-disorder-hppd-div.pdf,,,https://doi.org/10.1016/j.eurpsy.2016.01.1060
C_retained_for_future_extraction_no_active_kg_claims,False,0,True,True,10.1016/j.forsciint.2005.04.019,"Validation of an ELISA-based screening assay for the detection of amphetamine, MDMA and MDA in blood and oral fluid",manual_replace_wrong_or_ancillary_document,P2_retained_candidate,retained_for_extraction_candidate,primary,article,primary,quarantined_no_active_artifact,"Acquire the main requested record and reject supplements, checklists, manuals, review forms, or unrelated documents.",identity_unverified | no_header_wrong_or_ancillary,,,,,https://doi.org/10.1016/j.forsciint.2005.04.019
C_retained_for_future_extraction_no_active_kg_claims,False,0,True,True,10.1016/s0893-133x(99)00006-8,Excitatory Actions of NMDA Receptor Antagonists in Rat Entorhinal Cortex and Cultured Entorhinal Cortical Neurons,manual_replace_wrong_or_ancillary_document,P2_retained_candidate,retained_for_extraction_candidate,primary,article,primary,quarantined_no_active_artifact,"Acquire the main requested record and reject supplements, checklists, manuals, review forms, or unrelated documents.",identity_unverified | no_header_wrong_or_ancillary,,,,,https://doi.org/10.1016/s0893-133x(99)00006-8
C_retained_for_future_extraction_no_active_kg_claims,False,0,True,True,10.1038/mp.2017.219,Protein kinase Mζ in medial prefrontal cortex mediates depressive-like behavior and antidepressant response,manual_identity_mismatch,P2_retained_candidate,retained_for_extraction_candidate,primary,article,primary,quarantined_no_active_artifact,Acquire a replacement because the quarantined artifact belongs to a different document.,identity_mismatch,,,,,https://doi.org/10.1038/mp.2017.219
C_retained_for_future_extraction_no_active_kg_claims,False,0,True,True,10.1038/s41380-023-02008-z,BNIP3L/NIX-mediated mitophagy alleviates passive stress-coping behaviors induced by tumor necrosis factor-α,manual_identity_mismatch,P2_retained_candidate,retained_for_extraction_candidate,primary,article,primary,quarantined_no_active_artifact,Acquire a replacement because the quarantined artifact belongs to a different document.,identity_mismatch,,,,,https://doi.org/10.1038/s41380-023-02008-z
C_retained_for_future_extraction_no_active_kg_claims,False,0,True,True,10.1038/s41380-023-02312-8,Synergistic psychedelic - NMDAR modulator treatment for neuropsychiatric disorders,manual_identity_mismatch,P2_retained_candidate,retained_for_extraction_candidate,review,article,secondary_literature,quarantined_no_active_artifact,Acquire a replacement because the quarantined artifact belongs to a different document.,identity_mismatch,,,,,https://doi.org/10.1038/s41380-023-02312-8
C_retained_for_future_extraction_no_active_kg_claims,False,0,True,True,10.1038/s41380-023-02360-0,Psychedelics for acquired brain injury: a review of molecular mechanisms and therapeutic potential,manual_identity_mismatch,P2_retained_candidate,retained_for_extraction_candidate,narrative_review,review,secondary_literature,quarantined_no_active_artifact,Acquire a replacement because the quarantined artifact belongs to a different document.,identity_mismatch,,,,,https://doi.org/10.1038/s41380-023-02360-0
C_retained_for_future_extraction_no_active_kg_claims,False,0,True,True,10.1038/s41380-023-02380-w,Roles of the medial and lateral orbitofrontal cortex in major depression and its treatment,manual_identity_mismatch,P2_retained_candidate,retained_for_extraction_candidate,review,review,secondary_literature,quarantined_no_active_artifact,Acquire a replacement because the quarantined artifact belongs to a different document.,identity_mismatch,,,,,https://doi.org/10.1038/s41380-023-02380-w
C_retained_for_future_extraction_no_active_kg_claims,False,0,True,True,10.1038/s41380-025-03100-2,The therapeutic potential of psilocybin beyond psychedelia through shared mechanisms with ketamine,manual_identity_mismatch,P2_retained_candidate,retained_for_extraction_candidate,review,review,secondary_literature,quarantined_no_active_artifact,Acquire a replacement because the quarantined artifact belongs to a different document.,identity_mismatch,,,,,https://doi.org/10.1038/s41380-025-03100-2
C_retained_for_future_extraction_no_active_kg_claims,False,0,True,True,10.1038/s41380-025-03168-w,Exploring the therapeutic potential of psychedelics in treating substance use disorders,manual_identity_mismatch,P2_retained_candidate,retained_for_extraction_candidate,review,review,secondary_literature,quarantined_no_active_artifact,Acquire a replacement because the quarantined artifact belongs to a different document.,identity_mismatch,,,,,https://doi.org/10.1038/s41380-025-03168-w
C_retained_for_future_extraction_no_active_kg_claims,False,0,True,True,10.1038/s41380-025-03320-6,"Efficacy and safety of esketamine on major depression, postpartum depression and perioperative depression: a systematic review and meta-analysis",manual_identity_mismatch,P2_retained_candidate,retained_for_extraction_candidate,meta_analysis,review,secondary_literature,quarantined_no_active_artifact,Acquire a replacement because the quarantined artifact belongs to a different document.,identity_mismatch,,,,,https://doi.org/10.1038/s41380-025-03320-6
C_retained_for_future_extraction_no_active_kg_claims,False,0,True,True,10.1038/s41380-025-03329-x,Psilocybin mitigates chronic behavioral and neurobiological alterations in a rat model of recurrent intimate partner violence-related brain injury,manual_identity_mismatch,P2_retained_candidate,retained_for_extraction_candidate,primary,article,primary,quarantined_no_active_artifact,Acquire a replacement because the quarantined artifact belongs to a different document.,identity_mismatch,,,,,https://doi.org/10.1038/s41380-025-03329-x
C_retained_for_future_extraction_no_active_kg_claims,False,0,True,True,10.1038/s41380-025-03338-w,"Ketamine reduces microglial activation and brain monocyte infiltration and promotes peripheral regulatory immune cells, relieving lipopolysaccharide (LPS)-induced depressive-like behavior in mice",manual_identity_mismatch,P2_retained_candidate,retained_for_extraction_candidate,primary,article,primary,quarantined_no_active_artifact,Acquire a replacement because the quarantined artifact belongs to a different document.,identity_mismatch,,,,,https://doi.org/10.1038/s41380-025-03338-w
C_retained_for_future_extraction_no_active_kg_claims,False,0,True,True,10.1038/s41380-026-03575-7,TrkB promotes the neuronal secretion of soluble Siglec-2 (CD22) to mitigate microglial activation and alleviate depression-like behaviors in male mice,manual_identity_mismatch,P2_retained_candidate,retained_for_extraction_candidate,primary,article,primary,quarantined_no_active_artifact,Acquire a replacement because the quarantined artifact belongs to a different document.,identity_mismatch,,,,,https://doi.org/10.1038/s41380-026-03575-7
C_retained_for_future_extraction_no_active_kg_claims,False,0,True,True,10.1038/s41386-026-02371-9,Investigational drugs in PTSD,manual_identity_mismatch,P2_retained_candidate,retained_for_extraction_candidate,review,article,secondary_literature,quarantined_no_active_artifact,Acquire a replacement because the quarantined artifact belongs to a different document.,identity_mismatch,,,,,https://doi.org/10.1038/s41386-026-02371-9
C_retained_for_future_extraction_no_active_kg_claims,False,0,True,True,10.1038/s41386-026-02450-x,Psilocybin modulates social behaviour in male and female mice in a time-dependent manner,manual_identity_mismatch,P2_retained_candidate,retained_for_extraction_candidate,primary,article,primary,quarantined_no_active_artifact,Acquire a replacement because the quarantined artifact belongs to a different document.,identity_mismatch,,,,,https://doi.org/10.1038/s41386-026-02450-x
C_retained_for_future_extraction_no_active_kg_claims,False,0,True,True,10.1038/s41397-026-00405-5,The role of cytochrome P450 polymorphisms in the pharmacokinetics of oral esketamine,manual_identity_mismatch,P2_retained_candidate,retained_for_extraction_candidate,primary,article,primary,quarantined_no_active_artifact,Acquire a replacement because the quarantined artifact belongs to a different document.,identity_mismatch,,,,,https://doi.org/10.1038/s41397-026-00405-5
C_retained_for_future_extraction_no_active_kg_claims,False,0,True,True,10.1038/s44161-025-00608-2,Cardiovascular effects and safety of classic psychedelics,manual_identity_mismatch,P2_retained_candidate,retained_for_extraction_candidate,review,review,secondary_literature,quarantined_no_active_artifact,Acquire a replacement because the quarantined artifact belongs to a different document.,identity_mismatch,,,,,https://doi.org/10.1038/s44161-025-00608-2
C_retained_for_future_extraction_no_active_kg_claims,False,0,True,True,10.1093/ijnp/pyae059.084,"SLOW BUT STEADY: ORAL KETAMINE AS AN EFFECTIVE ADJUNCT IN DEPRESSION, ANXIETY AND PTSD.",manual_exact_item_from_proceedings,P2_retained_candidate,retained_for_extraction_candidate,primary,journal-article,primary,quarantined_no_active_artifact,"Retain the search record, but acquire an item-specific PDF/JATS record or slice the exact DOI/title item from the proceedings container.",unsegmented_proceedings_container | proceedings_container,,https://europepmc.org/api/getPdf?pmcid=PMC11814549 | https://ftp.ncbi.nlm.nih.gov/pub/pmc/oa_pdf/67/4a/pyae059.084.PMC11814549.pdf | https://pmc.ncbi.nlm.nih.gov/articles/PMC11814549/pdf/pyae059.084.pdf | https://doi.org/10.1093/ijnp/pyae059.084,PMC11814549,https://pmc.ncbi.nlm.nih.gov/articles/PMC11814549/,https://doi.org/10.1093/ijnp/pyae059.084
C_retained_for_future_extraction_no_active_kg_claims,False,0,True,True,10.1093/ijnp/pyw041.503,PM503. Spatial components of magnetic mismatch negativity and the cortical thickness of its structural correlates in schizophrenia,manual_exact_item_from_proceedings,P2_retained_candidate,retained_for_extraction_candidate,review,article,secondary_literature,quarantined_no_active_artifact,"Retain the search record, but acquire an item-specific PDF/JATS record or slice the exact DOI/title item from the proceedings container.",unsegmented_proceedings_container | proceedings_container,,https://europepmc.org/api/getPdf?pmcid=PMC5616437,PMC5616437,https://pmc.ncbi.nlm.nih.gov/articles/PMC5616437/,https://doi.org/10.1093/ijnp/pyw041.503
C_retained_for_future_extraction_no_active_kg_claims,False,0,True,True,10.1093/ijnp/pyw041.504,PM504. Theory of Mind in Clinical high risk as trait marker of conversion to psychosis: review,manual_exact_item_from_proceedings,P2_retained_candidate,retained_for_extraction_candidate,review,article,secondary_literature,quarantined_no_active_artifact,"Retain the search record, but acquire an item-specific PDF/JATS record or slice the exact DOI/title item from the proceedings container.",unsegmented_proceedings_container | proceedings_container,,https://europepmc.org/api/getPdf?pmcid=PMC5616438,PMC5616438,https://pmc.ncbi.nlm.nih.gov/articles/PMC5616438/,https://doi.org/10.1093/ijnp/pyw041.504
C_retained_for_future_extraction_no_active_kg_claims,False,0,True,True,10.1093/schbul/13.4.643,Startle Habituation and Sensorimotor Gating in Schizophrenia and Related Animal Models,manual_exact_item_from_proceedings,P2_retained_candidate,retained_for_extraction_candidate,review,"Journal Article | Research Support, U.S. Gov't, P.H.S.",secondary_literature,quarantined_no_active_artifact,"Retain the search record, but acquire an item-specific PDF/JATS record or slice the exact DOI/title item from the proceedings container.",unsegmented_proceedings_container | proceedings_container,,https://academic.oup.com/schizophreniabulletin/article-pdf/13/4/643/5262315/13-4-643.pdf | https://doi.org/10.1093/schbul/13.4.643,,,https://doi.org/10.1093/schbul/13.4.643
C_retained_for_future_extraction_no_active_kg_claims,False,0,True,True,10.1093/schbul/16.1.31,Prevalence of Substance Abuse in Schizophrenia: Demographic and Clinical Correlates,manual_exact_item_from_proceedings,P2_retained_candidate,retained_for_extraction_candidate,primary,journal-article,primary,quarantined_no_active_artifact,"Retain the search record, but acquire an item-specific PDF/JATS record or slice the exact DOI/title item from the proceedings container.",unsegmented_proceedings_container | proceedings_container,,https://academic.oup.com/schizophreniabulletin/article-pdf/16/1/31/5308133/16-1-31.pdf | https://doi.org/10.1093/schbul/16.1.31,,,https://doi.org/10.1093/schbul/16.1.31
C_retained_for_future_extraction_no_active_kg_claims,False,0,True,True,10.1093/schbul/9.1.73,"Dreams, Hallucinogenic Drug States, and Schizophrenia: A Psychological and Biological Comparison",manual_exact_item_from_proceedings,P2_retained_candidate,retained_for_extraction_candidate,review,Journal Article,secondary_literature,quarantined_no_active_artifact,"Retain the search record, but acquire an item-specific PDF/JATS record or slice the exact DOI/title item from the proceedings container.",unsegmented_proceedings_container | proceedings_container,,https://academic.oup.com/schizophreniabulletin/article-pdf/9/1/73/5294429/9-1-73.pdf | https://doi.org/10.1093/schbul/9.1.73,,,https://doi.org/10.1093/schbul/9.1.73
C_retained_for_future_extraction_no_active_kg_claims,False,0,True,True,10.1093/schbul/sby017.688,F157. HIERARCHICAL PREDICTION ERRORS DURING AUDITORY MISMATCH UNDER PHARMACOLOGICAL MANIPULATIONS: A COMPUTATIONAL SINGLE-TRIAL EEG ANALYSIS.,manual_exact_item_from_proceedings,P2_retained_candidate,retained_for_extraction_candidate,primary,journal-article,primary,quarantined_no_active_artifact,"Retain the search record, but acquire an item-specific PDF/JATS record or slice the exact DOI/title item from the proceedings container.",unsegmented_proceedings_container | proceedings_container,,https://europepmc.org/api/getPdf?pmcid=PMC5888651 | https://doi.org/10.1093/schbul/sby017.688,PMC5888651,https://pmc.ncbi.nlm.nih.gov/articles/PMC5888651/,https://doi.org/10.1093/schbul/sby017.688
C_retained_for_future_extraction_no_active_kg_claims,False,0,True,True,10.1111/bph.12692,"Pharmacology and anti‐addiction effects of the novel κ opioid receptor agonist<scp>M</scp>esyl<scp>S</scp>al<scp>B</scp>, a potent and long‐acting analogue of salvinorin<scp>A</scp>",manual_identity_mismatch,P2_retained_candidate,retained_for_extraction_candidate,primary,article,primary,quarantined_no_active_artifact,Acquire a replacement because the quarantined artifact belongs to a different document.,identity_mismatch,,https://europepmc.org/api/getPdf?pmcid=PMC4292965,PMC4292965,https://pmc.ncbi.nlm.nih.gov/articles/PMC4292965/,https://doi.org/10.1111/bph.12692
C_retained_for_future_extraction_no_active_kg_claims,False,0,True,True,10.1111/bph.15596,Perspectives for therapy of treatment‐resistant depression,manual_exact_nested_repository_item,P2_retained_candidate,retained_for_extraction_candidate,review,review,secondary_literature,quarantined_no_active_artifact,"Acquire the DOI-bearing paper or chapter itself, not a repository wrapper, thesis, or neighboring nested document.",identity_mismatch | repository_or_nested_document,,https://onlinelibrary.wiley.com/doi/pdfdirect/10.1111/bph.15596,,,https://doi.org/10.1111/bph.15596
C_retained_for_future_extraction_no_active_kg_claims,False,0,True,True,10.1111/pcn.13572,Insights into the neurobiology of suicidality: explicating the role of glutamatergic systems through the lens of ketamine,manual_conflicting_doi_needs_resolution,P2_retained_candidate,retained_for_extraction_candidate,review,review,secondary_literature,quarantined_no_active_artifact,Confirm a registered version/alias relationship or acquire the exact requested DOI; do not accept a merely similar title.,target_text_with_conflicting_doi,,,,,https://doi.org/10.1111/pcn.13572
C_retained_for_future_extraction_no_active_kg_claims,False,0,True,True,10.11606/issn.1806-6976.smad.2022.183132,O uso de agentes psicodélicos no tratamento da dependência de álcool e tabaco: revisão integrativa,manual_resolve_ambiguous_document_identity,P2_retained_candidate,retained_for_extraction_candidate,review,article,secondary_literature,quarantined_no_active_artifact,Resolve the DOI/version relationship manually before accepting any replacement.,identity_mismatch | ambiguous_non_pmc_conflict,,,,,https://doi.org/10.11606/issn.1806-6976.smad.2022.183132
C_retained_for_future_extraction_no_active_kg_claims,False,0,True,True,10.1177/2045125314559539,Legal highs: staying on top of the flood of novel psychoactive substances,manual_conflicting_doi_needs_resolution,P2_retained_candidate,retained_for_extraction_candidate,narrative_review,review,secondary_literature,quarantined_no_active_artifact,Confirm a registered version/alias relationship or acquire the exact requested DOI; do not accept a merely similar title.,target_text_with_conflicting_doi,,,PMC4521440,https://pmc.ncbi.nlm.nih.gov/articles/PMC4521440/,https://doi.org/10.1177/2045125314559539
C_retained_for_future_extraction_no_active_kg_claims,False,0,True,True,10.1186/s42358-024-00393-9,Ketamine in fibromyalgia: a systematic review,manual_identity_mismatch,P2_retained_candidate,retained_for_extraction_candidate,systematic_review,review,secondary_literature,quarantined_no_active_artifact,Acquire a replacement because the quarantined artifact belongs to a different document.,identity_mismatch,,,,,https://doi.org/10.1186/s42358-024-00393-9
C_retained_for_future_extraction_no_active_kg_claims,False,0,True,True,10.1192/j.eurpsy.2021.2043,Ayahuasca potential benefits,manual_exact_item_from_proceedings,P2_retained_candidate,retained_for_extraction_candidate,review,article,secondary_literature,quarantined_no_active_artifact,"Retain the search record, but acquire an item-specific PDF/JATS record or slice the exact DOI/title item from the proceedings container.",target_text_with_conflicting_doi | unsegmented_proceedings_container | proceedings_container,,https://www.cambridge.org/core/services/aop-cambridge-core/content/view/38E14D1DC035A954310FDB1EF4902ECC/S0924933821020435a.pdf/div-class-title-ayahuasca-potential-benefits-div.pdf | https://europepmc.org/api/getPdf?pmcid=PMC9479972,PMC9479972,https://pmc.ncbi.nlm.nih.gov/articles/PMC9479972/,https://doi.org/10.1192/j.eurpsy.2021.2043
C_retained_for_future_extraction_no_active_kg_claims,False,0,True,True,10.1192/j.eurpsy.2022.1659,Therapeutic potential of serotoninergic psychedelic substances in the treatment of Obsessive Compulsive Disorder.,manual_exact_item_from_proceedings,P2_retained_candidate,retained_for_extraction_candidate,narrative_review,journal-article,secondary_literature,quarantined_no_active_artifact,"Retain the search record, but acquire an item-specific PDF/JATS record or slice the exact DOI/title item from the proceedings container.",unsegmented_proceedings_container | proceedings_container,,https://europepmc.org/api/getPdf?pmcid=PMC9567436 | https://www.cambridge.org/core/services/aop-cambridge-core/content/view/E9B9D9BCD65F1C52AD0DBB6172D615F1/S0924933822016595a.pdf/div-class-title-therapeutic-potential-of-serotoninergic-psychedelic-substances-in-the-treatment-of-obsessive-compulsive-disorder-div.pdf | https://doi.org/10.1192/j.eurpsy.2022.1659,PMC9567436,https://pmc.ncbi.nlm.nih.gov/articles/PMC9567436/,https://doi.org/10.1192/j.eurpsy.2022.1659
C_retained_for_future_extraction_no_active_kg_claims,False,0,True,True,10.1192/j.eurpsy.2022.1843,Therapeutic use of ayahuasca: a review of the evidence of its use in approaching depressive disorders.,manual_exact_item_from_proceedings,P2_retained_candidate,retained_for_extraction_candidate,review,journal-article,secondary_literature,quarantined_no_active_artifact,"Retain the search record, but acquire an item-specific PDF/JATS record or slice the exact DOI/title item from the proceedings container.",unsegmented_proceedings_container | proceedings_container,,https://europepmc.org/api/getPdf?pmcid=PMC9568220 | https://www.cambridge.org/core/services/aop-cambridge-core/content/view/7A24FAB3F003DA0641350AE8FD3D40F4/S0924933822018430a.pdf/div-class-title-therapeutic-use-of-ayahuasca-a-review-of-the-evidence-of-its-use-in-approaching-depressive-disorders-div.pdf | https://doi.org/10.1192/j.eurpsy.2022.1843,PMC9568220,https://pmc.ncbi.nlm.nih.gov/articles/PMC9568220/,https://doi.org/10.1192/j.eurpsy.2022.1843
C_retained_for_future_extraction_no_active_kg_claims,False,0,True,True,10.1192/j.eurpsy.2022.2272,Does LSD Have Any Therapeutical Value In Mental Disorders? A Non-Systemic Review.,manual_exact_item_from_proceedings,P2_retained_candidate,retained_for_extraction_candidate,narrative_review,journal-article,secondary_literature,quarantined_no_active_artifact,"Retain the search record, but acquire an item-specific PDF/JATS record or slice the exact DOI/title item from the proceedings container.",unsegmented_proceedings_container | proceedings_container,,https://europepmc.org/api/getPdf?pmcid=PMC9567923 | https://www.cambridge.org/core/services/aop-cambridge-core/content/view/E3BAAD369C15F5CE8E0B855E9D963F11/S0924933822022726a.pdf/div-class-title-does-lsd-have-any-therapeutical-value-in-mental-disorders-a-non-systemic-review-div.pdf | https://doi.org/10.1192/j.eurpsy.2022.2272,PMC9567923,https://pmc.ncbi.nlm.nih.gov/articles/PMC9567923/,https://doi.org/10.1192/j.eurpsy.2022.2272
C_retained_for_future_extraction_no_active_kg_claims,False,0,True,True,10.1192/j.eurpsy.2022.2297,A Review of Aeruginascin and Potential Entourage Effect in Hallucinogenic Mushrooms.,manual_exact_item_from_proceedings,P2_retained_candidate,retained_for_extraction_candidate,review,journal-article,secondary_literature,quarantined_no_active_artifact,"Retain the search record, but acquire an item-specific PDF/JATS record or slice the exact DOI/title item from the proceedings container.",unsegmented_proceedings_container | proceedings_container,,https://europepmc.org/api/getPdf?pmcid=PMC9568164 | https://www.cambridge.org/core/services/aop-cambridge-core/content/view/F748BCD98EDD46D151AB336E2D2400FF/S0924933822022970a.pdf/div-class-title-a-review-of-aeruginascin-and-potential-entourage-effect-in-hallucinogenic-mushrooms-div.pdf | https://doi.org/10.1192/j.eurpsy.2022.2297,PMC9568164,https://pmc.ncbi.nlm.nih.gov/articles/PMC9568164/,https://doi.org/10.1192/j.eurpsy.2022.2297
C_retained_for_future_extraction_no_active_kg_claims,False,0,True,True,10.1192/j.eurpsy.2023.1759,The antidepressant properties of ketamine (literature review).,manual_exact_item_from_proceedings,P2_retained_candidate,retained_for_extraction_candidate,literature_review,,secondary_literature,quarantined_no_active_artifact,"Retain the search record, but acquire an item-specific PDF/JATS record or slice the exact DOI/title item from the proceedings container.",unsegmented_proceedings_container | proceedings_container,,https://pmc.ncbi.nlm.nih.gov/articles/PMC10479132/,PMC10479132,https://pmc.ncbi.nlm.nih.gov/articles/PMC10479132/,https://doi.org/10.1192/j.eurpsy.2023.1759
C_retained_for_future_extraction_no_active_kg_claims,False,0,True,True,10.1192/j.eurpsy.2023.74,Psychedelics for depression: from neurobiology to treatment.,manual_exact_item_from_proceedings,P2_retained_candidate,retained_for_extraction_candidate,review,journal-article,secondary_literature,quarantined_no_active_artifact,"Retain the search record, but acquire an item-specific PDF/JATS record or slice the exact DOI/title item from the proceedings container.",unsegmented_proceedings_container | proceedings_container,,https://europepmc.org/api/getPdf?pmcid=PMC10417770 | https://pmc.ncbi.nlm.nih.gov/articles/PMC10417770/pdf/S0924933823000743a.pdf | https://www.cambridge.org/core/services/aop-cambridge-core/content/view/F9BC5CCD9155895F42C0A1D1CF8759C2/S0924933823000743a.pdf/div-class-title-psychedelics-for-depression-from-neurobiology-to-treatment-div.pdf | http://dx.doi.org/10.1192/j.eurpsy.2023.74,PMC10417770,https://pmc.ncbi.nlm.nih.gov/articles/PMC10417770/,https://doi.org/10.1192/j.eurpsy.2023.74
C_retained_for_future_extraction_no_active_kg_claims,False,0,True,True,10.1192/j.eurpsy.2023.898,Systematic Review on the Mechanisms of Action of Psilocybin in the Treatment of Depression.,manual_exact_item_from_proceedings,P2_retained_candidate,retained_for_extraction_candidate,systematic_review,Review,secondary_literature,quarantined_no_active_artifact,"Retain the search record, but acquire an item-specific PDF/JATS record or slice the exact DOI/title item from the proceedings container.",unsegmented_proceedings_container | proceedings_container,,https://pmc.ncbi.nlm.nih.gov/articles/PMC10434693/,PMC10434693,https://pmc.ncbi.nlm.nih.gov/articles/PMC10434693/,https://doi.org/10.1192/j.eurpsy.2023.898
C_retained_for_future_extraction_no_active_kg_claims,False,0,True,True,10.1192/j.eurpsy.2024.1480,The effect of music type in ketamine-assisted group therapy on treatment-resistant mental health conditions: a prospective observational study.,manual_exact_item_from_proceedings,P2_retained_candidate,retained_for_extraction_candidate,primary,journal-article,primary,quarantined_no_active_artifact,"Retain the search record, but acquire an item-specific PDF/JATS record or slice the exact DOI/title item from the proceedings container.",unsegmented_proceedings_container | proceedings_container,,https://europepmc.org/api/getPdf?pmcid=PMC11860921 | https://pmc.ncbi.nlm.nih.gov/articles/PMC11860921/pdf/S0924933824014809a.pdf | https://www.cambridge.org/core/services/aop-cambridge-core/content/view/D3D4DFC50ADD8E9085BA8E76CB3A33ED/S0924933824014809a.pdf/div-class-title-the-effect-of-music-type-in-ketamine-assisted-group-therapy-on-treatment-resistant-mental-health-conditions-a-prospective-observational-study-div.pdf | http://dx.doi.org/10.1192/j.eurpsy.2024.1480,PMC11860921,https://pmc.ncbi.nlm.nih.gov/articles/PMC11860921/,https://doi.org/10.1192/j.eurpsy.2024.1480
C_retained_for_future_extraction_no_active_kg_claims,False,0,True,True,10.1192/j.eurpsy.2024.1695,Current situation regarding psychedelics and magic mushroom in Korea.,manual_exact_item_from_proceedings,P2_retained_candidate,retained_for_extraction_candidate,review,journal-article,secondary_literature,quarantined_no_active_artifact,"Retain the search record, but acquire an item-specific PDF/JATS record or slice the exact DOI/title item from the proceedings container.",unsegmented_proceedings_container | proceedings_container,,https://europepmc.org/api/getPdf?pmcid=PMC11862319 | https://pmc.ncbi.nlm.nih.gov/articles/PMC11862319/pdf/S092493382401695Xa.pdf | https://www.cambridge.org/core/services/aop-cambridge-core/content/view/2EFC9C067E78AC4217F453C0747F44D8/S092493382401695Xa.pdf/div-class-title-current-situation-regarding-psychedelics-and-magic-mushroom-in-korea-div.pdf | http://dx.doi.org/10.1192/j.eurpsy.2024.1695,PMC11862319,https://pmc.ncbi.nlm.nih.gov/articles/PMC11862319/,https://doi.org/10.1192/j.eurpsy.2024.1695
C_retained_for_future_extraction_no_active_kg_claims,False,0,True,True,10.1192/j.eurpsy.2024.198,A Meta-Analysis of fMRI Activation Studies of Ketamine in Healthy Participants.,manual_exact_item_from_proceedings,P2_retained_candidate,retained_for_extraction_candidate,meta_analysis,journal-article,secondary_literature,quarantined_no_active_artifact,"Retain the search record, but acquire an item-specific PDF/JATS record or slice the exact DOI/title item from the proceedings container.",unsegmented_proceedings_container | proceedings_container,,https://europepmc.org/api/getPdf?pmcid=PMC11861101 | https://pmc.ncbi.nlm.nih.gov/articles/PMC11861101/pdf/S0924933824001986a.pdf | https://www.cambridge.org/core/services/aop-cambridge-core/content/view/A7A91ECE6E81564E84283EE93C275115/S0924933824001986a.pdf/div-class-title-a-meta-analysis-of-fmri-activation-studies-of-ketamine-in-healthy-participants-div.pdf | https://doi.org/10.1192/j.eurpsy.2024.198,PMC11861101,https://pmc.ncbi.nlm.nih.gov/articles/PMC11861101/,https://doi.org/10.1192/j.eurpsy.2024.198
C_retained_for_future_extraction_no_active_kg_claims,False,0,True,True,10.1192/j.eurpsy.2024.493,Older Adults in Psychedelic-Assisted Therapy Trials: A Systematic Review.,manual_exact_item_from_proceedings,P2_retained_candidate,retained_for_extraction_candidate,systematic_review,journal-article,secondary_literature,quarantined_no_active_artifact,"Retain the search record, but acquire an item-specific PDF/JATS record or slice the exact DOI/title item from the proceedings container.",unsegmented_proceedings_container | proceedings_container,,https://europepmc.org/api/getPdf?pmcid=PMC11862347 | https://pmc.ncbi.nlm.nih.gov/articles/PMC11862347/pdf/S0924933824004930a.pdf | https://www.cambridge.org/core/services/aop-cambridge-core/content/view/9CD52A16FCB8C51525B37E4349AC1E1A/S0924933824004930a.pdf/div-class-title-older-adults-in-psychedelic-assisted-therapy-trials-a-systematic-review-div.pdf | https://doi.org/10.1192/j.eurpsy.2024.493,PMC11862347,https://pmc.ncbi.nlm.nih.gov/articles/PMC11862347/,https://doi.org/10.1192/j.eurpsy.2024.493
C_retained_for_future_extraction_no_active_kg_claims,False,0,True,True,10.1192/j.eurpsy.2024.8,"Effects of psychedelic microdosing versus conventional ADHD medication use on emotion regulation, empathy, and ADHD symptoms in adults with severe ADHD symptoms: A naturalistic prospective comparison study",manual_exact_item_from_proceedings,P2_retained_candidate,retained_for_extraction_candidate,primary,journal-article,primary,quarantined_no_active_artifact,"Retain the search record, but acquire an item-specific PDF/JATS record or slice the exact DOI/title item from the proceedings container.",unsegmented_proceedings_container | proceedings_container,,https://europepmc.org/api/getPdf?pmcid=PMC10966614 | https://pmc.ncbi.nlm.nih.gov/articles/PMC10966614/pdf/S0924933824000087a.pdf | https://www.cambridge.org/core/services/aop-cambridge-core/content/view/9DEB8EA5350F5D642F7C88CAAE543889/S0924933824000087a.pdf/div-class-title-effects-of-psychedelic-microdosing-versus-conventional-adhd-medication-use-on-emotion-regulation-empathy-and-adhd-symptoms-in-adults-with-severe-adhd-symptoms-a-naturalistic-prospective-comparison-study-div.pdf | https://doi.org/10.1192/j.eurpsy.2024.8,PMC10966614,https://pmc.ncbi.nlm.nih.gov/articles/PMC10966614/,https://doi.org/10.1192/j.eurpsy.2024.8
C_retained_for_future_extraction_no_active_kg_claims,False,0,True,True,10.1192/j.eurpsy.2025.926,Psilocybin: Systematic review of its use in the treatment of depression.,manual_exact_item_from_proceedings,P2_retained_candidate,retained_for_extraction_candidate,systematic_review,journal-article,secondary_literature,quarantined_no_active_artifact,"Retain the search record, but acquire an item-specific PDF/JATS record or slice the exact DOI/title item from the proceedings container.",unsegmented_proceedings_container | proceedings_container,,https://europepmc.org/api/getPdf?pmcid=PMC12436869 | https://www.cambridge.org/core/services/aop-cambridge-core/content/view/751DDB63F5F167CA5DC06921975176A8/S0924933825009265a.pdf/div-class-title-psilocybin-systematic-review-of-its-use-in-the-treatment-of-depression-div.pdf | https://doi.org/10.1192/j.eurpsy.2025.926,PMC12436869,https://pmc.ncbi.nlm.nih.gov/articles/PMC12436869/,https://doi.org/10.1192/j.eurpsy.2025.926
C_retained_for_future_extraction_no_active_kg_claims,False,0,True,True,10.1192/j.eurpsy.2026.10157,Is the antidepressant efficacy of ketamine and esketamine mediated via opioid mechanisms?,manual_exact_item_from_proceedings,P2_retained_candidate,retained_for_extraction_candidate,systematic_review,Journal Article | Systematic Review | Review,secondary_literature,quarantined_no_active_artifact,"Retain the search record, but acquire an item-specific PDF/JATS record or slice the exact DOI/title item from the proceedings container.",unsegmented_proceedings_container | proceedings_container,,https://europepmc.org/api/getPdf?pmcid=PMC12925689 | https://www.cambridge.org/core/services/aop-cambridge-core/content/view/BACB1E516D8391D36C306906F4749C31/S0924933826101576a.pdf/div-class-title-is-the-antidepressant-efficacy-of-ketamine-and-esketamine-mediated-via-opioid-mechanisms-div.pdf | https://doi.org/10.1192/j.eurpsy.2026.10157,PMC12925689,https://pmc.ncbi.nlm.nih.gov/articles/PMC12925689/,https://doi.org/10.1192/j.eurpsy.2026.10157
C_retained_for_future_extraction_no_active_kg_claims,False,0,True,True,10.1192/j.eurpsy.2026.10164,Network localization of brain functional effects of ketamine treatment for major depression.,manual_exact_item_from_proceedings,P2_retained_candidate,retained_for_extraction_candidate,primary,Journal Article,primary,quarantined_no_active_artifact,"Retain the search record, but acquire an item-specific PDF/JATS record or slice the exact DOI/title item from the proceedings container.",unsegmented_proceedings_container | proceedings_container,,https://europepmc.org/api/getPdf?pmcid=PMC12978991 | https://www.cambridge.org/core/services/aop-cambridge-core/content/view/9BB7E7845703988BB755556DD54A13E0/S0924933826101643a.pdf/div-class-title-network-localization-of-brain-functional-effects-of-ketamine-treatment-for-major-depression-div.pdf | https://doi.org/10.1192/j.eurpsy.2026.10164,PMC12978991,https://pmc.ncbi.nlm.nih.gov/articles/PMC12978991/,https://doi.org/10.1192/j.eurpsy.2026.10164
C_retained_for_future_extraction_no_active_kg_claims,False,0,True,True,10.1248/bpb.20.969,"Hair Analysis for Drugs of Abuse. XVIII. 3,4-Methylenedioxymethamphetamine (MDMA) Disposition in Hair Roots and Use in Identification of Acute MDMA Poisoning.",manual_identity_unverified,P2_retained_candidate,retained_for_extraction_candidate,primary,article,primary,quarantined_no_active_artifact,Acquire an independently verifiable source because the prior artifact lacked sufficient document-level identity evidence.,identity_unverified,,,,,https://doi.org/10.1248/bpb.20.969
C_retained_for_future_extraction_no_active_kg_claims,False,0,True,True,10.1248/bpb.23.1521,"Effects of the 5-HT2A Receptor Agonist 1-(2,5-Dimethoxy-4-iodophenyl)-2-aminopropane (DOI) on Plasma Glucose and Glucagon Levels of Rats.",manual_identity_unverified,P2_retained_candidate,retained_for_extraction_candidate,primary,article,primary,quarantined_no_active_artifact,Acquire an independently verifiable source because the prior artifact lacked sufficient document-level identity evidence.,identity_unverified,,,,,https://doi.org/10.1248/bpb.23.1521
C_retained_for_future_extraction_no_active_kg_claims,False,0,True,True,10.17992/lbl.2023.11.766,"Psychedelics and treatment of mental disorders: A survey of attitudes and knowledge among psychiatrists, general practitioners and psychologists in Iceland",manual_identity_unverified,P2_retained_candidate,retained_for_extraction_candidate,primary,article,primary,quarantined_no_active_artifact,Acquire an independently verifiable source because the prior artifact lacked sufficient document-level identity evidence.,identity_unverified,,,,,https://doi.org/10.17992/lbl.2023.11.766
C_retained_for_future_extraction_no_active_kg_claims,False,0,True,True,10.22374/jmhan.v4i1.40,Emerging Psychedelic-Assisted Therapies: Implications for Nursing Practice,manual_replace_wrong_or_ancillary_document,P2_retained_candidate,retained_for_extraction_candidate,scoping_review,article,secondary_literature,quarantined_no_active_artifact,"Acquire the main requested record and reject supplements, checklists, manuals, review forms, or unrelated documents.",identity_unverified | no_header_wrong_or_ancillary,,,,,https://doi.org/10.22374/jmhan.v4i1.40
C_retained_for_future_extraction_no_active_kg_claims,False,0,True,True,10.3138/jmvfh-2023-0014,Mechanisms of integration in psychedelic-assisted therapy,manual_replace_wrong_or_ancillary_document,P2_retained_candidate,retained_for_extraction_candidate,review,article,secondary_literature,quarantined_no_active_artifact,"Acquire the main requested record and reject supplements, checklists, manuals, review forms, or unrelated documents.",identity_unverified | no_header_wrong_or_ancillary,,,,,https://doi.org/10.3138/jmvfh-2023-0014
C_retained_for_future_extraction_no_active_kg_claims,False,0,True,True,10.31480/2330-4871/004,Salvinorin A: A Mini Review of Physical and Chemical Properties Affecting Its Translation from Research to Clinical Applications in Humans,manual_identity_unverified,P2_retained_candidate,retained_for_extraction_candidate,review,review,secondary_literature,quarantined_no_active_artifact,Acquire an independently verifiable source because the prior artifact lacked sufficient document-level identity evidence.,identity_unverified,,,,,https://doi.org/10.31480/2330-4871/004
C_retained_for_future_extraction_no_active_kg_claims,False,0,True,True,10.3389/fpsyt.2018.00313,Outcome Evaluation of a Short-Term Hospitalization and Community Support Program for People Who Abuse Ketamine,manual_main_article_not_correction,P2_retained_candidate,retained_for_extraction_candidate,primary,Journal Article,primary,quarantined_no_active_artifact,"Acquire the requested main article; do not accept its correction, corrigendum, or erratum as a substitute.",main_article_points_to_correction | correction_or_erratum,,http://bura.brunel.ac.uk/bitstream/2438/27335/1/Corrigendum.pdf | http://bura.brunel.ac.uk/bitstream/2438/27338/1/FullText.pdf | https://www.frontiersin.org/articles/10.3389/fpsyt.2018.00313/pdf,PMC6057144,https://pmc.ncbi.nlm.nih.gov/articles/PMC6057144/,https://doi.org/10.3389/fpsyt.2018.00313
C_retained_for_future_extraction_no_active_kg_claims,False,0,True,True,10.51731/cjht.2021.90,"Psychedelic-Assisted Psychotherapy for Post-Traumatic Stress Disorder, Anxiety Disorders, Mood Disorders, or Substance Use Disorders",manual_identity_unverified,P2_retained_candidate,retained_for_extraction_candidate,review,article,secondary_literature,quarantined_no_active_artifact,Acquire an independently verifiable source because the prior artifact lacked sufficient document-level identity evidence.,identity_unverified,,,,,https://doi.org/10.51731/cjht.2021.90
