doi,search_record_class,search_record_class_label,recommended_action,remove_as_container,classification_confidence,record_level_form,doi_pattern_family,doi_individual_locator_evidence,requested_title,study_year,study_journal,publication_type,authors,abstract_present,abstract_char_count,abstract_excerpt,metadata_provider,metadata_provider_chain,title_container_signal,title_matches_manifest,artifact_identity_status,artifact_document_doi,artifact_document_title,artifact_title_similarity,target_title_exact_in_artifact,target_doi_literal_in_artifact,current_kg_finding_count,artifact_scope_assessment,decision_reason,caveats,separate_evidence_screening_note
10.1016/j.eurpsy.2016.01.1060,A,A_individual_record_with_container_artifact,retain_search_record_and_reacquire_or_slice_exact_item_text,False,high,individual_conference_or_journal_item,elsevier_european_psychiatry_item,journal article sequence ending in an item number,The “Endless Trip”: Psychopathology and psychopharmacology in the Hallucinogen Persisting Perception Disorder (HPPD),2016,European Psychiatry,article,Laura Orsolini; Alessandro Valchera; Duccio Papanti; R. Vecchiotti; Domenico De Berardis,True,1732,"Introduction Hallucinogen Persisting Perception Disorder (HPPD) is a syndrome characterized by prolonged or reoccurring perceptual symptoms, reminiscent of acute hallucinogen effects. HPPD was associated with a broader range of LSD (lysergic acid diethylamide)-like substances, including cannabis, MDMA (methylenedioxymethamphetamine), psilocybin, mescaline and other psychostimulants. Symptomatology mainly comprises visual disorders (i.e., geometric pseudo-hallucinations, halos, flashes of colours",openalex,openalex,False,True,target_text_with_conflicting_doi,10.1016/j.eurpsy.2016.01.1059,"The ""Endless Trip"": Psychopathology and psychopharmacology in the Hallucinogen Persisting Perception Disorder (HPPD)",1.0,False,True,0,acquired file does not reliably isolate the target item from the larger container,"The DOI has a journal article sequence ending in an item number; the title names a specific contribution; and metadata supplies an individual abstract. The whole-proceedings problem belongs to the downloaded artifact, not the search record.",,"Class A means only that this is not a container search record. Study design, publication type, relevance, and extractability still require ordinary screening."
10.1016/j.eurpsy.2017.11.007,A,A_individual_record_with_container_artifact,retain_search_record_and_reacquire_or_slice_exact_item_text,False,high,individual_conference_or_journal_item,elsevier_european_psychiatry_item,journal article sequence ending in an item number,TRIMAGE: A dedicated trimodality (PET/MR/EEG) imaging tool for schizophrenia,2018,European Psychiatry,journal-article,Alberto Del Guerra; Salleh Ahmad; Mihai Avram; Nicola Belcari; Arne Berneking; Laura Biagi; Maria Giuseppina Bisogni; Felix Brandl; Jorge Cabello; Niccolò Camarlinghi,True,1723,"Simultaneous PET/MR/EEG (Positron Emission Tomography - Magnetic Resonance - Electroencephalography), a new tool for the investigation of neuronal networks in the human brain, is presented here within the framework of the European Union Project TRIMAGE. The trimodal, cost-effective PET/MR/EEG imaging tool makes use of cutting edge technology both in PET and in MR fields. A novel type of magnet (1.5T, non-cryogenic) has been built together with a PET scanner that makes use of the most advanced ph",pubmed,pubmed|unpaywall,False,True,verified_exact_doi,10.1016/j.eurpsy.2017.11.007,TRIMAGE: A dedicated trimodality (PET/MR/EEG) imaging tool for schizophrenia,1.0,True,True,0,"target item is present, but the acquired file was identified as a multi-item container","The DOI has a journal article sequence ending in an item number; the title names a specific contribution; and metadata supplies an individual abstract. The whole-proceedings problem belongs to the downloaded artifact, not the search record.",,"Class A means only that this is not a container search record. Study design, publication type, relevance, and extractability still require ordinary screening."
10.1016/s0924-9338(09)70667-4,A,A_individual_record_with_container_artifact,retain_search_record_and_reacquire_or_slice_exact_item_text,False,high,individual_conference_or_journal_item,elsevier_pii_item,individual Elsevier PII-based DOI,Serotonin Transporter Concentration is Decreased in Cerebral Cortex but not in Striatum of Chronic MDMA (ecstasy) Users,2009,European Psychiatry,journal-article,S.J. Kish; T. McCluskey; J. Meyer; J.J. Warsh; D. Wilkins; A.A. Wilson; S. Houle,True,1566,"Background: Ecstasy (3,4-methylenedioxymethamphetamine, MDMA) is an amphetamine derivative that is used recreationally and is now being tested in clinical trials for treatment of posttraumatic stress disorder. Ecstasy can damage serotonin neurones in brain of experimental animals; however, relevance of these findings to the human is debated. Aim: To measure by positron emission tomography (PET) levels of binding to the serotonin transporter (SERT), a marker of serotonin neurones, in brain of chr",crossref,unpaywall|crossref,False,True,verified_exact_doi,10.1016/s0924-9338(09)70667-4,P01-46 SEROTONIN TRANSPORTER CONCENTRATION IS DECREASED IN CEREBRAL CORTEX BUT NOT IN STRIATUM OF CHRONIC MDMA (ECSTASY) USERS,0.9714,True,True,11,"target item is present, but the acquired file was identified as a multi-item container","The DOI has a individual Elsevier PII-based DOI; the title names a specific contribution; and metadata supplies an individual abstract. The whole-proceedings problem belongs to the downloaded artifact, not the search record.",,"Class A means only that this is not a container search record. Study design, publication type, relevance, and extractability still require ordinary screening."
10.1016/s0924-9338(15)30573-3,A,A_individual_record_with_container_artifact,retain_search_record_and_reacquire_or_slice_exact_item_text,False,high,individual_conference_or_journal_item,elsevier_pii_item,individual Elsevier PII-based DOI,Temporal Dynamics of Antidepressant Ketamine Effects On Glutamine Cycling Follow Regional Fingerprints of Ampa and Nmda Receptor Densities,2015,European Psychiatry,article,Man Li; R. Demenescu; C. Metzger; Martin Walter,True,1623,Subanesthetic dose of ketamine was repeatedly shown to improve depressive symptoms with a short latency of 24 hours. We aimed to test if clinical time course of improvement is indeed mirrored by increased glutamine/glutamate ratio and if such effects would show a regional and temporal specificity in two anatomically and functionally distinct subdivisions of ACC. We used a glutamine sensitive magnetic resonance spectroscopy protocol at 7 Tesla to compare the longitudinal changes of glutamine/glut,openalex,openalex,False,True,target_text_with_conflicting_doi,10.1038/npp.2016.184,Temporal Dynamics of Antidepressant Ketamine Effects on Glutamine Cycling Follow Regional Fingerprints of AMPA and NMDA Receptor Densities,1.0,True,False,4,"container text includes the target title, but document-level DOI identity is not isolated","The DOI has a individual Elsevier PII-based DOI; the title names a specific contribution; and metadata supplies an individual abstract. The whole-proceedings problem belongs to the downloaded artifact, not the search record.",,"Class A means only that this is not a container search record. Study design, publication type, relevance, and extractability still require ordinary screening."
10.1017/cts.2019.110,A,A_individual_record_with_container_artifact,retain_search_record_and_reacquire_or_slice_exact_item_text,False,high,individual_conference_abstract,cambridge_cts_item,terminal year-and-item number,"3525 Improvement in Suicidal Ideation after Repeated Ketamine Infusions: Relationship to Reductions in Symptoms of Posttraumatic Stress Disorder, Depression, and Pain.",2019,Journal of Clinical and Translational Science,journal-article,Cristina Sophia Albott; Kelvin O. Lim; Miriam K. Forbes; Paul Thuras; Joseph Wels; Susanna Tye; Paulo Shiroma,True,1898,"OBJECTIVES/SPECIFIC AIMS: Given the heightened risk for suicide seen in individuals with PTSD+MDD, this report explored the effect of repeated ketamine infusions on SI in a cohort of veterans. METHODS/STUDY POPULATION: Veterans with PTSD+MDD (n = 15) received six intravenous infusions of 0.5 mg/kg ketamine on a Monday-Wednesday-Friday schedule over a 12-day period. All subjects endorsed SI at baseline. Outcome measures included the Montgomery-Asberg Depression Rating Scale (MADRS) total score, M",crossref,pmc|unpaywall|crossref,False,True,verified_title_only,,Heart Rate Variability as a Predictor of Post-Operative Cognitive Dysfunction in Older Adults,0.3385,True,False,6,"container text includes the target title, but document-level DOI identity is not isolated","The DOI has a terminal year-and-item number; the title names a specific contribution; and metadata supplies an individual abstract. The whole-proceedings problem belongs to the downloaded artifact, not the search record.",,"Class A means only that this is not a container search record. Study design, publication type, relevance, and extractability still require ordinary screening."
10.1017/cts.2019.99,A,A_individual_record_with_container_artifact,retain_search_record_and_reacquire_or_slice_exact_item_text,False,high,individual_conference_abstract,cambridge_cts_item,terminal year-and-item number,3447 Effects of intranasal ketamine on uncontrolled cancer related pain.,2019,Journal of Clinical and Translational Science,journal-article,Vinita Singh; Donald Harvey,True,14289,"OBJECTIVES/SPECIFIC AIMS: If intranasal ketamine can be utilized for pain control in cancer patients, this could provide them with superior analgesia and better quality of life, without the risk of significant respiratory depression associated with opioid medications. We seek to obtain preliminary data via a clinical trial addressing safety, feasibility, and utility of this novel technique for the treatment of persistent uncontrolled cancer pain. These findings would be an important initial step",crossref,pmc|unpaywall|crossref,False,True,verified_exact_doi,10.1017/cts.2019.99,Effects of exercise and a very low fat diet in metabolically abnormal obese adults,0.2987,False,True,0,"target item is present, but the acquired file was identified as a multi-item container","The DOI has a terminal year-and-item number; the title names a specific contribution; and metadata supplies an individual abstract. The whole-proceedings problem belongs to the downloaded artifact, not the search record.",,"Class A means only that this is not a container search record. Study design, publication type, relevance, and extractability still require ordinary screening."
10.1017/cts.2024.274,A,A_individual_record_with_container_artifact,retain_search_record_and_reacquire_or_slice_exact_item_text,False,high,individual_conference_abstract,cambridge_cts_item,terminal year-and-item number,300 Psilocybin-induced changes in neural reactivity to alcohol and emotional cues in patients with alcohol use disorder: An fMRI pilot study,2024,Journal of Clinical and Translational Science,journal-article,B.A. Pagni; P.D. Petridis; S.K. Podrebarac; J. Grinband; E.D. Claus; M.P. Bogenschutz,True,1552,"OBJECTIVES/GOALS: This pilot study investigated psilocybin-induced changes in neural reactivity to alcohol and emotional cues in patients with alcohol use disorder (AUD). METHODS/STUDY POPULATION: Participants were recruited from a phase II, randomized, double-blind, placebo-controlled clinical trial investigating psilocybin-assisted therapy (PAT) for the treatment of AUD (NCT02061293). Eleven adult patients completed task-based blood oxygen dependent functional magnetic resonance imaging (fMRI)",crossref,pmc|unpaywall|crossref,False,True,verified_exact_doi,10.1017/cts.2024.274,Informatics and Data Science 298 Improving AI Assessment of Cutaneous Chronic Graft-Versus-Host Disease using Unlabeled Patient Photographs †,0.242,True,True,14,"target item is present, but the acquired file was identified as a multi-item container","The DOI has a terminal year-and-item number; the title names a specific contribution; and metadata supplies an individual abstract. The whole-proceedings problem belongs to the downloaded artifact, not the search record.",,"Class A means only that this is not a container search record. Study design, publication type, relevance, and extractability still require ordinary screening."
10.1017/cts.2024.387,A,A_individual_record_with_container_artifact,retain_search_record_and_reacquire_or_slice_exact_item_text,False,high,individual_conference_abstract,cambridge_cts_item,terminal year-and-item number,453 Ketamine Promotes Sustained Brain-Derived Neurotrophic Factor Levels in the Corticoaccumbens Circuit,2024,Journal of Clinical and Translational Science,article,Holly Chapman; Noelle C. Anastasio,True,1866,"OBJECTIVES/GOALS: Neuropsychiatric disorders classified as synaptopathies are marked by a glutamate-associated hypofrontality which impacts decision making and impulsivity. We hypothesized that behavioral efficacy of the psychoplastogen ketamine is mediated in part through lasting promotion of markers of synaptic strength in corticoaccumbens circuit. METHODS/STUDY POPULATION: Male, Sprague-Dawley rats received an intraperitoneal (i.p.) injection of saline, single ketamine (10 mg/kg; 1x/day), or ",openalex,pmc|openalex,False,True,identity_unverified,,Identification of candidate sudden arrhythmic deathcausing variants in a spontaneous animal model,0.3284,True,True,3,"container includes the target item, while its header or opening item identifies another contribution","The DOI has a terminal year-and-item number; the title names a specific contribution; and metadata supplies an individual abstract. The whole-proceedings problem belongs to the downloaded artifact, not the search record.",,"Class A means only that this is not a container search record. Study design, publication type, relevance, and extractability still require ordinary screening."
10.1093/ijnp/pyae059.031,A,A_individual_record_with_container_artifact,retain_search_record_and_reacquire_or_slice_exact_item_text,False,high,individual_conference_abstract,oxford_ijnp_item,terminal abstract number after the supplement/article code,SUBGROUP ANALYSIS IN CHANGES IN QUALITY OF LIFE AND DEPRESSION SEVERITY SCORES BY LINE OF THERAPY IN PATIENTS TREATED WITH ESKETAMINE IN A REAL-WORLD SETTING ACROSS ANZ,2025,The International Journal of Neuropsychopharmacology,article,David Barton; Andrea Puig; Jarrad King; Ian B. Hickie,True,2947,"Abstract Background Treatment resistant Major Depressive Disorder (MDD) can be accompanied by lengthy and ineffective treatment periods that prolong patient suffering, reduce expectations of remission and reinforce negative cognitions (Leuchter 2009). Esketamine (a NMDA receptor antagonist) has been approved in Australia and New Zealand (ANZ) as a third-line antidepressant (AD) treatment to provide clinicians with an additional therapeutic option for this population. Aims and Objectives This ana",openalex,pmc|openalex,False,True,identity_unverified,,"STRIATAL FUNCTIONAL CONNECTIVITY PATTERN ASSOCIATED WITH EMOTIONAL SYMPTOMS AND COGNITIVE PERFORMANCE IN MANIC/HYPOMANIC, EUTHYMIC AND DEPRESSIVE STATES OF BIPOLAR DISORDER",0.2405,True,True,6,"container includes the target item, while its header or opening item identifies another contribution","The DOI has a terminal abstract number after the supplement/article code; the title names a specific contribution; and metadata supplies an individual abstract. The whole-proceedings problem belongs to the downloaded artifact, not the search record.",,"Class A means only that this is not a container search record. Study design, publication type, relevance, and extractability still require ordinary screening."
10.1093/ijnp/pyae059.036,A,A_individual_record_with_container_artifact,retain_search_record_and_reacquire_or_slice_exact_item_text,False,high,individual_conference_abstract,oxford_ijnp_item,terminal abstract number after the supplement/article code,"EFFECT OF TRAMADOL AS AN ADJUNCTIVE PHARMACOLOGICAL TREATMENT FOR MAJOR DEPRESSIVE DISORDER: A RANDOMIZED, DOUBLE-BLIND, PLACEBO-CONTROLLED TRIAL",2025,The International Journal of Neuropsychopharmacology,article,André Campiolo Boin; Luis Felipe Scarabelot; Camila Marcelino Loureiro; Daiane Leite da Roza; Frederico Guilherme Graeff; Cristina Marta Del‐Ben,True,4430,"Abstract Background Usual pharmacological treatment of Major Depressive Disorder (MDD) with serotonin/noradrenaline reuptake inhibitors is effective but clinical response may take several weeks to emerge [1], and around 30% of the patients will not achieve complete remission [2,3]. Adjunctive drugs may be an alternative to accelerate clinical improvement. Opioid agents have been effective in reversing depressed mood in preclinical and clinical studies. The opioid analgesic tramadol combines a we",openalex,pmc|openalex,False,True,identity_mismatch,10.1002/hup.1019,CLINICAL AND ECONOMIC BURDEN OF MAJOR AND TREATMENT-RESISTANT DEPRESSION IN A POPULATION-BASED STUDY COHORT OF 110.000 PATIENTS,0.3676,True,True,0,"container includes the target item, while its header or opening item identifies another contribution","The DOI has a terminal abstract number after the supplement/article code; the title names a specific contribution; and metadata supplies an individual abstract. The whole-proceedings problem belongs to the downloaded artifact, not the search record.",,"Class A means only that this is not a container search record. Study design, publication type, relevance, and extractability still require ordinary screening."
10.1093/ijnp/pyae059.037,A,A_individual_record_with_container_artifact,retain_search_record_and_reacquire_or_slice_exact_item_text,False,high,individual_conference_abstract,oxford_ijnp_item,terminal abstract number after the supplement/article code,ROLE OF KLOTHO ON ANTIDEPRESSANT AND ANTISUICIDAL EFFECTS OF LOW-DOSE KETAMINE INFUSION AMONG PATIENTS WITH TREATMENT-RESISTANT DEPRESSION AND SUICIDAL IDEATION,2025,The International Journal of Neuropsychopharmacology,article,Mu‐Hong Chen; Hui-Ju Wu,True,1537,"Abstract Objective Previous studies have found an association between klotho, an anti-aging hormone, and major depressive disorder. However, whether low-dose ketamine infusion alters klotho levels among patients with treatment-resistant depression (TRD) remains unknown. Methods In total, 48 patients with TRD and strong suicidal ideation were randomly assigned to a single 0.5 mg/kg ketamine or 0.045 mg/kg midazolam regimen and were subjected to a 2-week follow-up. Depressive and suicidal symptoms",openalex,pmc|openalex,False,True,target_text_with_conflicting_doi,10.1002/hup.1019,ROLE OF KLOTHO ON ANTIDEPRESSANT AND ANTISUICIDAL EFFECTS OF LOW-DOSE KETAMINE INFUSION AMONG PATIENTS WITH TREATMENT-RESISTANT DEPRESSION AND SUICIDAL IDEATION,1.0,True,False,4,"container text includes the target title, but document-level DOI identity is not isolated","The DOI has a terminal abstract number after the supplement/article code; the title names a specific contribution; and metadata supplies an individual abstract. The whole-proceedings problem belongs to the downloaded artifact, not the search record.",,"Class A means only that this is not a container search record. Study design, publication type, relevance, and extractability still require ordinary screening."
10.1093/ijnp/pyae059.084,A,A_individual_record_with_container_artifact,retain_search_record_and_reacquire_or_slice_exact_item_text,False,high,individual_conference_abstract,oxford_ijnp_item,terminal abstract number after the supplement/article code,"SLOW BUT STEADY: ORAL KETAMINE AS AN EFFECTIVE ADJUNCT IN DEPRESSION, ANXIETY AND PTSD.",2025,International Journal of Neuropsychopharmacology,journal-article,*William Sulis,True,873,"Abstract Intravenous and intranasal Ketamine have become important options for the rapid relief of symptoms in PTSD, Suicidality and in Treatment Resistant Depression and Anxiety. However, they are costly, require at least an out- patient clinic setting and have relatively short lived benefits. I present a pilot study examining 8 patients treated with oral Ketamine, 5 mg/kg for 12 treatments. Treatment was well tolerated with mild to moderate hypertension and drowsiness the main side effects. Tr",crossref,pmc|unpaywall|crossref,False,True,verified_title_only,,"SLOW BUT STEADY: ORAL KETAMINE AS AN EFFECTIVE ADJUNCT IN DEPRESSION, ANXIETY AND PTSD",1.0,True,False,0,"container text includes the target title, but document-level DOI identity is not isolated","The DOI has a terminal abstract number after the supplement/article code; the title names a specific contribution; and metadata supplies an individual abstract. The whole-proceedings problem belongs to the downloaded artifact, not the search record.",,"Class A means only that this is not a container search record. Study design, publication type, relevance, and extractability still require ordinary screening."
10.1093/ijnp/pyae059.087,A,A_individual_record_with_container_artifact,retain_search_record_and_reacquire_or_slice_exact_item_text,False,high,individual_conference_abstract,oxford_ijnp_item,terminal abstract number after the supplement/article code,NEW DEVELOPMENTS IN THE MULTI-OMICS PREDICTION OF TREATMENT RESPONSE PREDICTION IN PSYCHIATRY,2025,The International Journal of Neuropsychopharmacology,article,Bernhard T. Baune,True,3256,"Abstract The role of pharmacogenomics is to create an effective therapeutic strategy based on the genomic profile of a patient in order to improve response as well as remission and in particular to reduce relapse. To date, in the psychiatric field, although genomic studies on psychotropic medications have provided important insights into the molecular components involved in clinical outcomes, unfortunately findings have not identified biomarkers with a clear clinical utility (1). Studies using p",openalex,pmc|openalex,False,True,target_text_with_conflicting_doi,10.1111/jnc.15946,NEW DEVELOPMENTS IN THE MULTIOMICS PREDICTION OF TREATMENT RESPONSE PREDICTION IN PSYCHIATRY,0.9946,True,False,0,"container text includes the target title, but document-level DOI identity is not isolated","The DOI has a terminal abstract number after the supplement/article code; the title names a specific contribution; and metadata supplies an individual abstract. The whole-proceedings problem belongs to the downloaded artifact, not the search record.",,"Class A means only that this is not a container search record. Study design, publication type, relevance, and extractability still require ordinary screening."
10.1093/ijnp/pyae059.125,A,A_individual_record_with_container_artifact,retain_search_record_and_reacquire_or_slice_exact_item_text,False,high,individual_conference_abstract,oxford_ijnp_item,terminal abstract number after the supplement/article code,BEHAVIORAL AND ELECTROPHYSIOLOGICAL EFFECTS OF LYSERGIC ACID DIETHYLAMIDE (LSD) IN A MOUSE MODEL OF ALCOHOL USE DISORDER (AUD).,2025,International Journal of Neuropsychopharmacology,journal-article,*Danilo De Gregorio; Carolina Giulia Ferroni; Noemi Nicosia; Margherita Spadaccini,True,3270,"Abstract Introduction Alcohol use disorder (AUD) is a major problem that causes significant health and social problem. Pharmacological treatments for AUD are limited in their effectiveness, and new drugs are required (ref). Recently, the potential use of psychedelics as novel therapies in treating mental diseases has come to the forefront in psychiatry. For instance, lysergic acid diethylamide (LSD) is a psychedelic acting as partial agonist of 5-HT2A receptors and exerts its mechanism of action",crossref,pmc|unpaywall|crossref,False,True,verified_title_only,,BEHAVIORAL AND ELECTROPHYSIOLOGICAL EFFECTS OF LYSERGIC ACID DIETHYLAMIDE (LSD) IN A MOUSE MODEL OF ALCOHOL USE DISORDER (AUD),1.0,True,False,5,"container text includes the target title, but document-level DOI identity is not isolated","The DOI has a terminal abstract number after the supplement/article code; the title names a specific contribution; and metadata supplies an individual abstract. The whole-proceedings problem belongs to the downloaded artifact, not the search record.",,"Class A means only that this is not a container search record. Study design, publication type, relevance, and extractability still require ordinary screening."
10.1093/ijnp/pyae059.134,A,A_individual_record_with_container_artifact,retain_search_record_and_reacquire_or_slice_exact_item_text,False,high,individual_conference_abstract,oxford_ijnp_item,terminal abstract number after the supplement/article code,PSILOCYBIN MITIGATES BEHAVIORAL DESPAIR AND COGNITIVE RECOGNITION IMPAIRMENTS BY REGULATING THE HYPOTHALAMIC- PITUITARY-ADRENAL (HPA) AXIS VIA THE BRAIN-DERIVED NEUROTROPHIC FACTOR (BDNF) SIGNALING PATHWAY MEDIATED BY THE ENDOCANNABINOID SYSTEM (ECS).,2025,International Journal of Neuropsychopharmacology,journal-article,*Zitong Wang; Yanbo Zhang; Xin-Min Li,True,4342,"Abstract Background Dr. George Engel introduced the biopsychosocial model into the field of psychiatry 40 years ago, highlighting the profound connection between social environment and mental health. Factors have been categorized into biological, psychological, and socio-environmental domains. Numerous animal models have been developed to investigate the pathophysiology and treatment of depression; however, none have effectively encapsulated the biopsychosocial model.Several studies have undersc",crossref,pmc|unpaywall|crossref,False,True,verified_title_only,,PSILOCYBIN MITIGATES BEHAVIORAL DESPAIR AND COGNITIVE RECOGNITION IMPAIRMENTS BY REGULATING THE HYPOTHALAMIC-PITUITARY-ADRENAL (HPA) AXIS VIA THE BRAIN-DERIVED NEUROTROPHIC FACTOR (BDNF) SIGNALING PATHWAY MEDIATED BY THE ENDOCANNABINOID SYSTEM (ECS),1.0,True,False,6,"container text includes the target title, but document-level DOI identity is not isolated","The DOI has a terminal abstract number after the supplement/article code; the title names a specific contribution; and metadata supplies an individual abstract. The whole-proceedings problem belongs to the downloaded artifact, not the search record.",,"Class A means only that this is not a container search record. Study design, publication type, relevance, and extractability still require ordinary screening."
10.1093/ijnp/pyae059.135,A,A_individual_record_with_container_artifact,retain_search_record_and_reacquire_or_slice_exact_item_text,False,high,individual_conference_abstract,oxford_ijnp_item,terminal abstract number after the supplement/article code,ADIPONECTIN ELICITS RAPID-ANTIDEPRESSANT EFFECTS IN CHRONICALLY STRESSED MICE IN ASSOCIATION WITH INCREASED GLUTAMATERGIC ACTIVITY IN THE MPFC,2025,The International Journal of Neuropsychopharmacology,article,Douglas Affonso Formolo; Tong Cheng; Suk‐Yu Yau,True,4791,"Abstract Background Depression is a pervasive disease and a worldwide health challenge 1. First-line antidepressants have a delayed therapeutic onset and low remission rates 2,3, while rapid-acting antidepressants (e.g., ketamine) have psychomimetic side effects that hinder their widespread use 4. Adiponectin is an adipocyte-related hormone that has been implicated in depression 5 and is shown to elicit rapid antidepressant effects in pre-clinical studies 6. Despite its promise as a target in de",openalex,pmc|openalex,False,True,target_text_with_conflicting_doi,10.1007/s12035-019-01644-3,ADIPONECTIN ELICITS RAPID-ANTIDEPRESSANT EFFECTS IN CHRONICALLY STRESSED MICE IN ASSOCIATION WITH INCREASED GLUTAMATERGIC ACTIVITY IN THE MPFC,1.0,True,False,0,"container text includes the target title, but document-level DOI identity is not isolated","The DOI has a terminal abstract number after the supplement/article code; the title names a specific contribution; and metadata supplies an individual abstract. The whole-proceedings problem belongs to the downloaded artifact, not the search record.",,"Class A means only that this is not a container search record. Study design, publication type, relevance, and extractability still require ordinary screening."
10.1093/ijnp/pyae059.161,A,A_individual_record_with_container_artifact,retain_search_record_and_reacquire_or_slice_exact_item_text,False,high,individual_conference_abstract,oxford_ijnp_item,terminal abstract number after the supplement/article code,EXPLORING THE NEUROBIOLOGICAL AND PSYCHOLOGICAL MECHANISMS OF KETAMINE IN PROBLEMATIC GAMBLING: A MECHANISTIC STUDY,2025,The International Journal of Neuropsychopharmacology,article,Joy Krecké; Jessica Ottewill; Sarah Statton; Simon Depla; F C Fraser; Alex D. Shaw; Celia J. A. Morgan,True,3299,"Abstract Background Ketamine, an NMDA-receptor antagonist approved for depression treatment, exhibits a wide spectrum of applicability in psychiatric disorders. With established efficacy in addressing substance addictions1, ketamine's potential could extend to encompass behavioural addictions such as gambling disorder. Aims &amp; Objectives We explored the impact of ketamine on gambling cue reactivity, craving, cognition, and mood in individuals at risk of gambling disorder, aiming to assess its",openalex,pmc|openalex,False,True,identity_unverified,,THE NEURAL BASIS OF GAMING DISORDER AND THEIR COMORBIDITIES,0.2759,True,True,4,"container includes the target item, while its header or opening item identifies another contribution","The DOI has a terminal abstract number after the supplement/article code; the title names a specific contribution; and metadata supplies an individual abstract. The whole-proceedings problem belongs to the downloaded artifact, not the search record.",,"Class A means only that this is not a container search record. Study design, publication type, relevance, and extractability still require ordinary screening."
10.1093/ijnp/pyae059.183,A,A_individual_record_with_container_artifact,retain_search_record_and_reacquire_or_slice_exact_item_text,False,high,individual_conference_abstract,oxford_ijnp_item,terminal abstract number after the supplement/article code,PHARMACOGENETIC TESTING IN TREATMENT-RESISTANT PANIC DISORDER: A PILOT STUDY,2025,The International Journal of Neuropsychopharmacology,article,Rafael C. Freire; Marcos Fidry; Morena Mourao Zugliani; Mariana Costa do Cabo; Clara V. Faria; Antônio Egídio Nardi,True,5261,"Abstract Background Pharmacological treatment is considered effective in the treatment of panic disorder (PD). However, about 20 to 40% of PD patients do not respond to the first pharmacological treatment. Trials with multiple drugs are often required before response to treatment is achieved. Pharmacogenetic testing is a promising new tool to aid clinicians in finding the right medication and the right dose for each patient. It could be especially useful in the treatment of treatment-resistant p",openalex,pmc|openalex,False,True,identity_unverified,,NEUROPSYCHOLOGICAL FEATURES AS MEDIATORS BETWEEN PSYCHOPATHOLOGIES AND HEART RATE VARIABILITY: THE SEX DEFFERENCES,0.2827,True,True,0,"container includes the target item, while its header or opening item identifies another contribution","The DOI has a terminal abstract number after the supplement/article code; the title names a specific contribution; and metadata supplies an individual abstract. The whole-proceedings problem belongs to the downloaded artifact, not the search record.",,"Class A means only that this is not a container search record. Study design, publication type, relevance, and extractability still require ordinary screening."
10.1093/ijnp/pyae059.237,A,A_individual_record_with_container_artifact,retain_search_record_and_reacquire_or_slice_exact_item_text,False,high,individual_conference_abstract,oxford_ijnp_item,terminal abstract number after the supplement/article code,ASSOCIATIONS BETWEEN ESCITALOPRAM AND PSILOCYBIN THERAPY AND BRAIN RESTING-STATE FUNCTIONAL CONNECTIVITY IN MAJOR DEPRESSIVE DISORDER,2025,The International Journal of Neuropsychopharmacology,article,Rebecca Harding; Natalie Ertl; Rayyan Zafar,True,3430,"Abstract Major Depressive Disorder (MDD) is a highly prevalent mental health condition characterized by symptoms including anhedonia, which is defined as diminished pleasure, and impulsivity, which has been linked to increased substance abuse, self-harm and suicidal tendencies. Both anhedonia and impulsivity have been contributed to alterations in reward system function, with the striatum being a central hub involved in processing and regulating reward-related information. Selective serotonin re",openalex,pmc|openalex,False,True,identity_mismatch,10.1038/s41380-022-01661-0,HISTORY OF PERIPARTUM DEPRESSION MODERATES THE ASSOCIATION BETWEEN ESTRADIOL PRS AND BASAL GANGLIA VOLUMES IN MAJOR DEPRESSIVE DISORDER,0.5149,True,True,11,"container includes the target item, while its header or opening item identifies another contribution","The DOI has a terminal abstract number after the supplement/article code; the title names a specific contribution; and metadata supplies an individual abstract. The whole-proceedings problem belongs to the downloaded artifact, not the search record.",,"Class A means only that this is not a container search record. Study design, publication type, relevance, and extractability still require ordinary screening."
10.1093/ijnp/pyae059.238,A,A_individual_record_with_container_artifact,retain_search_record_and_reacquire_or_slice_exact_item_text,False,high,individual_conference_abstract,oxford_ijnp_item,terminal abstract number after the supplement/article code,ALTERED PATTERNS OF ASSOCIATION BETWEEN TSPO BINDING AND MGLUR5 AVAILABILITY IN VIVO IN DRUG-NAIVE PATIENTS WITH MAJOR DEPRESSIVE DISORDER: A PRELIMINARY DUAL-TRACER PET STUDY,2025,The International Journal of Neuropsychopharmacology,article,Jong‐Hoon Kim; Yo‐Han Joo; Jeong-Hee Kim; Young‐Don Son,True,5313,"Abstract Background Based on the monoamine theory of major depressive disorder (MDD), symptoms are derived from a deficiency or imbalance in monoaminergic neurotransmission. The limitation of such a model (1) may highlight the need for alternative neurobiological constructs. Accumulating data indicate that neuroinflammation and its interactions with glutamatergic signaling may present a compelling alternative model for understanding the pathophysiology of MDD and its therapeutic approaches (2-4)",openalex,pmc|openalex,False,True,target_text_with_conflicting_doi,10.1016/j.bbi.2019.06.015,ALTERED PATTERNS OF ASSOCIATION BETWEEN TSPO BINDING AND MGLUR5 AVAILABILITY IN VIVO IN DRUG-NAIVE PATIENTS WITH MAJOR DEPRESSIVE DISORDER: A PRELIMINARY DUAL-TRACER PET STUDY,1.0,True,False,0,"container text includes the target title, but document-level DOI identity is not isolated","The DOI has a terminal abstract number after the supplement/article code; the title names a specific contribution; and metadata supplies an individual abstract. The whole-proceedings problem belongs to the downloaded artifact, not the search record.",,"Class A means only that this is not a container search record. Study design, publication type, relevance, and extractability still require ordinary screening."
10.1093/ijnp/pyae059.240,A,A_individual_record_with_container_artifact,retain_search_record_and_reacquire_or_slice_exact_item_text,False,high,individual_conference_abstract,oxford_ijnp_item,terminal abstract number after the supplement/article code,MAGNETIC SUBCORTICAL SUSCEPTIBILITY IS ASSOCIATED WITH THE TREATMENT OUTCOME OF REPEATED KETAMINE INFUSION FOR PATIENTS WITH TREATMENT-RESISTANT DEPRESSION,2025,The International Journal of Neuropsychopharmacology,article,Kengo Yonezawa; Hideaki Tani; Shuhei Shibukawa; Yohei Ohtani; Kie Nomoto‐Takahashi; Taisuke Yatomi; Shiori Honda; Shinsuke Koike; Hiroyuki Uchida; Shinichiro Nakajima,True,5568,"Abstract Background Whereas ketamine has displayed robust antidepressant effects in treatment-resistant depression (TRD) (Han et al., 2016), only 30-40% of patients with TRD respond to ketamine therapy (Wilkinson et al., 2018; Sakurai et al., 2020). Several postmortem studies have shown decreased myelination in patients with depression (Hamidi, Drevets and Price, 2004; Altshuler et al., 2010), and an animal study suggested that increased myelination may underlie the antidepressant effects of ket",openalex,pmc|openalex,False,True,identity_mismatch,10.1016/j.bbi.2019.06.015,REGIONAL HOMOGENEITY CHANGES IN CEREBRAL AND CEREBELLAR REGIONS ASSOCIATED WITH DEFAULT-MODE NETWORK FOLLOWING PROLONGED INTERMITTENT THETA-BURST STIMULATION,0.3195,True,True,7,"container includes the target item, while its header or opening item identifies another contribution","The DOI has a terminal abstract number after the supplement/article code; the title names a specific contribution; and metadata supplies an individual abstract. The whole-proceedings problem belongs to the downloaded artifact, not the search record.",,"Class A means only that this is not a container search record. Study design, publication type, relevance, and extractability still require ordinary screening."
10.1093/ijnp/pyae059.247,A,A_individual_record_with_container_artifact,retain_search_record_and_reacquire_or_slice_exact_item_text,False,high,individual_conference_abstract,oxford_ijnp_item,terminal abstract number after the supplement/article code,CURRENT POST-TRAUMATIC STRESS-RELATED SYMPTOMS AND DEPRESSION OUTCOMES FROM REPETITIVE TRANSCRANIAL MAGNETIC STIMULATION IN CIVILIANS,2025,International Journal of Neuropsychopharmacology,journal-article,*Enoch Ng; Peter Giacobbe,True,3932,Abstract Background There are mixed results on the impact of co-morbid post-traumatic stress disorder (PTSD) on the effect of repetitive transcranial magnetic stimulation (rTMS) for major depressive disorder (MDD) in military veterans. Some find PTSD status does not affect improvement in depressive symptoms while others find PTSD predicts poorer response and remission [1–3]. The impact of PTSD symptoms on the anti-depressive effects of rTMS for civilians remains poorly studied. Aims & Objectives,crossref,pmc|unpaywall|crossref,False,True,verified_title_only,,CURRENT POST-TRAUMATIC STRESS-RELATED SYMPTOMS AND DEPRESSION OUTCOMES FROM REPETITIVE TRANSCRANIAL MAGNETIC STIMULATION IN CIVILIANS,1.0,True,False,0,"container text includes the target title, but document-level DOI identity is not isolated","The DOI has a terminal abstract number after the supplement/article code; the title names a specific contribution; and metadata supplies an individual abstract. The whole-proceedings problem belongs to the downloaded artifact, not the search record.",,"Class A means only that this is not a container search record. Study design, publication type, relevance, and extractability still require ordinary screening."
10.1093/ijnp/pyae059.262,A,A_individual_record_with_container_artifact,retain_search_record_and_reacquire_or_slice_exact_item_text,False,high,individual_conference_abstract,oxford_ijnp_item,terminal abstract number after the supplement/article code,CONTRIBUTION OF 5-HT2AR TO THE ANTI-ANHEDONIC AND NEUROPLASTICITY EFFECTS OF PSYCHEDELICS.,2025,International Journal of Neuropsychopharmacology,journal-article,*Ichiro Horinokita; Hiroyuki Koike; Mikio Suzuki; Takashi Futamura,True,3412,"Abstract Background Recently, serotonergic psychedelics have attracted clinical and preclinical attention for their fast-acting and sustained antidepressant effects. Recent studies emphasize the importance of 5- HT2A receptor agonism in the therapeutic effects of psychedelics, as the underlying mechanism for these clinically meaningful improvements is still poorly understood. Aims In this study, we used a pharmacological approach to investigate whether 5-HT2AR stimulation is involved in the anti",crossref,pmc|unpaywall|crossref,False,True,verified_title_only,,CONTRIBUTION OF 5-HT2AR TO THE ANTI-ANHEDONIC AND NEUROPLASTICITY EFFECTS OF PSYCHEDELICS,1.0,True,False,8,"container text includes the target title, but document-level DOI identity is not isolated","The DOI has a terminal abstract number after the supplement/article code; the title names a specific contribution; and metadata supplies an individual abstract. The whole-proceedings problem belongs to the downloaded artifact, not the search record.",,"Class A means only that this is not a container search record. Study design, publication type, relevance, and extractability still require ordinary screening."
10.1093/ijnp/pyae059.263,A,A_individual_record_with_container_artifact,retain_search_record_and_reacquire_or_slice_exact_item_text,False,high,individual_conference_abstract,oxford_ijnp_item,terminal abstract number after the supplement/article code,EFFECTS OF SODIUM BENZOATE ON BEHAVIORAL AND SYNAPTIC DEFICITS INDUCED BY SUBCHRONIC KETAMINE EXPOSURE IN MICE,2025,The International Journal of Neuropsychopharmacology,article,Ming-Huan Chan; Y Y Liu; Hwei‐Hsien Chen,True,2164,"Abstract Background Ketamine, an N-methyl-D-aspartate receptor (NMDAR) blocker, has been used as a dissociative anesthetic and currently become a popular recreational abused substance. Repeated and chronic use of ketamine leads to behavioral disturbances, including social deficits and cognitive impairments in memory. Previous studies indicate that enhancement of NMDAR function reveals the beneficial effects on ketamine-induced abnormal behavioral and neurochemical responses. Sodium benzoate (SB)",openalex,pmc|openalex,False,True,identity_unverified,,CONTRIBUTION OF 5-HT2AR TO THE ANTI-ANHEDONIC AND NEUROPLASTICITY EFFECTS OF PSYCHEDELICS,0.16,True,True,6,"container includes the target item, while its header or opening item identifies another contribution","The DOI has a terminal abstract number after the supplement/article code; the title names a specific contribution; and metadata supplies an individual abstract. The whole-proceedings problem belongs to the downloaded artifact, not the search record.",,"Class A means only that this is not a container search record. Study design, publication type, relevance, and extractability still require ordinary screening."
10.1093/ijnp/pyae059.264,A,A_individual_record_with_container_artifact,retain_search_record_and_reacquire_or_slice_exact_item_text,False,high,individual_conference_abstract,oxford_ijnp_item,terminal abstract number after the supplement/article code,THE PROTOTYPICAL PSYCHEDELIC AGENT LSD PRODUCES RAPID ANTIDEPRESSANT EFFECTS VIA 5-HT2B RECEPTOR ACTIVATION,2025,The International Journal of Neuropsychopharmacology,article,Amel Bouloufa; Sarah Delcourte; Renaud Rovera; Ouria Dkhissi‐Benyahya; Nasser Haddjeri,True,3067,"Abstract Background Recent clinical trials reveal that serotonergic psychedelics, including the prototypical hallucinogen lysergic acid diethylamide (LSD), present a promising potential for treating psychiatric disorders, including treatment-resistant depression. LSD is a potent 5-HT receptors ligand endowed with high affinity for most of all 5-HT subtypes and is regularly used as a valuable pharmacological tool to characterize 5-HT1A and 5-HT2A receptor mediations [1]. Notably, a crystal struct",openalex,pmc|openalex,False,True,identity_unverified,,CONTRIBUTION OF 5-HT2AR TO THE ANTI-ANHEDONIC AND NEUROPLASTICITY EFFECTS OF PSYCHEDELICS,0.2335,True,True,8,"container includes the target item, while its header or opening item identifies another contribution","The DOI has a terminal abstract number after the supplement/article code; the title names a specific contribution; and metadata supplies an individual abstract. The whole-proceedings problem belongs to the downloaded artifact, not the search record.",,"Class A means only that this is not a container search record. Study design, publication type, relevance, and extractability still require ordinary screening."
10.1093/ijnp/pyae059.305,A,A_individual_record_with_container_artifact,retain_search_record_and_reacquire_or_slice_exact_item_text,False,high,individual_conference_abstract,oxford_ijnp_item,terminal abstract number after the supplement/article code,ARIPIPRAZOLE'S POTENTIAL ROLE IN SKIN CANCER: INVESTIGATING PYROPTOSIS AND IMMUNE PATHWAYS.,2025,International Journal of Neuropsychopharmacology,journal-article,*Po-Hsun Hou; Yu-Chen Lin; Yu-Teng Chang,True,3785,"Abstract Background Skin cancer, driven by UV radiation exposure, is an escalating public health concern1. Aripiprazole, a second-generation antipsychotic, acts as a serotonin 5-HT1A partial dopamine D2 agonist and a 5-HT2A antagonist2.Although primarily used for the treatment of mental health disorders3, aripiprazole has shown promise as an anti-cancer agent in certain studies4. This study aims to investigate the effect of aripiprazole on skin cancer cells, specifically delving into pyroptosis,",crossref,pmc|unpaywall|crossref,False,True,verified_title_only,,ARIPIPRAZOLE'S POTENTIAL ROLE IN SKIN CANCER: INVESTIGATING PYROPTOSIS AND IMMUNE PATHWAYS,1.0,False,False,0,acquired file does not reliably isolate the target item from the larger container,"The DOI has a terminal abstract number after the supplement/article code; the title names a specific contribution; and metadata supplies an individual abstract. The whole-proceedings problem belongs to the downloaded artifact, not the search record.",,"Class A means only that this is not a container search record. Study design, publication type, relevance, and extractability still require ordinary screening."
10.1093/ijnp/pyae059.322,A,A_individual_record_with_container_artifact,retain_search_record_and_reacquire_or_slice_exact_item_text,False,high,individual_conference_abstract,oxford_ijnp_item,terminal abstract number after the supplement/article code,"PSYCHIATRIC SYMPTOM IN ANTI N-METHYL D-ASPARTATE RECEPTOR (NMDAR) ENCEPHALITIS, HOW TO ASSES?",2025,The International Journal of Neuropsychopharmacology,article,Syarifah Aini; Bintang Arroyantri Prananjaya; Puji Suryani; Diyaz Syauki Ikhsan,True,6035,"Abstract Background Anti-NMDAR Encephalitis is an autoimmune disorder with neuropsychiatric manifestations that happened rarely. In some cases, the initial symptoms is just psychiatric that worsened with or without neurological. Method Female, 17 years old, was taken to the emergency due to decreased consciousness. Consciousness (GCS) was 9/15, with pinpoint pupils, heart rate 160 bpm, and blood pressure less than 100mmHg. From the blood examination, the increasing of ureum and creatinine were a",openalex,pmc|openalex,False,True,target_text_with_conflicting_doi,10.7573/dic.212589,"PSYCHIATRIC SYMPTOM IN ANTI N-METHYL D-ASPARTATE RECEPTOR (NMDAR) ENCEPHALITIS, HOW TO ASSES?",1.0,True,False,0,"container text includes the target title, but document-level DOI identity is not isolated","The DOI has a terminal abstract number after the supplement/article code; the title names a specific contribution; and metadata supplies an individual abstract. The whole-proceedings problem belongs to the downloaded artifact, not the search record.",,"Class A means only that this is not a container search record. Study design, publication type, relevance, and extractability still require ordinary screening."
10.1093/ijnp/pyae059.336,A,A_individual_record_with_container_artifact,retain_search_record_and_reacquire_or_slice_exact_item_text,False,high,individual_conference_abstract,oxford_ijnp_item,terminal abstract number after the supplement/article code,PREVALENCE AND BURDEN OF ANHEDONIA IN KOREAN PATIENTS WITH MAJOR DEPRESSIVE DISORDER,2025,The International Journal of Neuropsychopharmacology,article,*Bolam Lee; Youngdoe Kim; Heekyung Eum; Lawrence Vandervoort; Keira Joann Herr; Jung Goo Lee,True,4846,"Abstract Background According to an OECD report, approximately 4 in 10 people in South Korea suffer from a major depressive disorder (MDD) or depressed mood. The prevalence of MDD in Korea was 36.8%, the highest among OECD countries1. Although there have been numerous studies on depression, there is still an unmet need to characterize the various symptoms of MDD. In particular, anhedonia (ANH) is one of the most important symptoms of MDD according to the DSM-5 diagnostic criteria and is associat",openalex,pmc|openalex,False,True,target_text_with_conflicting_doi,10.1046/j.1525-1497.2001.016009606.x,PREVALENCE AND BURDEN OF ANHEDONIA IN KOREAN PATIENTS WITH MAJOR DEPRESSIVE DISORDER,1.0,True,False,0,"container text includes the target title, but document-level DOI identity is not isolated","The DOI has a terminal abstract number after the supplement/article code; the title names a specific contribution; and metadata supplies an individual abstract. The whole-proceedings problem belongs to the downloaded artifact, not the search record.",,"Class A means only that this is not a container search record. Study design, publication type, relevance, and extractability still require ordinary screening."
10.1093/ijnp/pyae059.442,A,A_individual_record_with_container_artifact,retain_search_record_and_reacquire_or_slice_exact_item_text,False,high,individual_conference_abstract,oxford_ijnp_item,terminal abstract number after the supplement/article code,COURAGE AND TRANSFORMATION: PATIENT EXPERIENCES OF WEB- BASED EMDR FOR SUICIDAL IDEATION,2025,The International Journal of Neuropsychopharmacology,article,Sidney Yap; Manroop Bal; Mina Youakim; Ashraf Aborawi; G. Pinto; Krystle Samways; Amy Beck; Katherine Bright; Suzette Brémault‐Phillips; Andrew J. Greenshaw,True,5911,"Abstract Background Psychological trauma and adversity are known risk factors for developing suicidal ideation (SI), a marker of severe stress or psychological burden (Winkler et al. 2021). Unfortunately, established interventions for SI have limitations, are often suboptimally effective, resource-intensive, or suffer from high attrition (D’ Anci et al. 2019; Steyn, Koen and Jarvis 2022). Eye Movement Desensitization and Reprocessing (EMDR) psychotherapy, initially designed to treat Posttraumati",openalex,pmc|openalex,False,True,identity_unverified,,A BRIEF SELF-COMPASSION AND SELF-ESTEEM INTERVENTION FOR SUICIDAL UNIVERSITY STUDENTS: A FEASIBILITY STUDY,0.3505,True,True,0,"container includes the target item, while its header or opening item identifies another contribution","The DOI has a terminal abstract number after the supplement/article code; the title names a specific contribution; and metadata supplies an individual abstract. The whole-proceedings problem belongs to the downloaded artifact, not the search record.",,"Class A means only that this is not a container search record. Study design, publication type, relevance, and extractability still require ordinary screening."
10.1093/ijnp/pyae059.504,A,A_individual_record_with_container_artifact,retain_search_record_and_reacquire_or_slice_exact_item_text,False,high,individual_conference_abstract,oxford_ijnp_item,terminal abstract number after the supplement/article code,A STUDY ON USING CHIEF COMPLAINTS OF PATIENTS WITH MAJOR DEPRESSIVE DISORDER AND BIPOLAR DISORDER FOR VOICE ANALYSIS AND TEXT MINING TO DIFFERENTIATE BETWEEN THE TWO,2025,The International Journal of Neuropsychopharmacology,article,Cheng Che Shen; Ya‐Han Hu; Ya-Mei Bai,True,4861,"Abstract Background Major depressive disorder (MDD) and bipolar disorder are common psychiatric mood disorders with distinct clinical trajectories and treatment approaches. Misdiagnosis occurs when bipolar disorder manifests as depression, leading to treatment resistance in MDD. Currently, no method can reliably differentiate between depressive episodes in MDD and bipolar disorder. This study employs text mining, audio analysis, and data mining to develop predictive models for distinguishing the",openalex,pmc|openalex,False,True,target_text_with_conflicting_doi,10.1016/j,A STUDY ON USING CHIEF COMPLAINTS OF PATIENTS WITH MAJOR DEPRESSIVE DISORDER AND BIPOLAR DISORDER FOR VOICE ANALYSIS AND TEXT MINING TO DIFFERENTIATE BETWEEN THE TWO,1.0,True,True,0,"container includes the target item, while its header or opening item identifies another contribution","The DOI has a terminal abstract number after the supplement/article code; the title names a specific contribution; and metadata supplies an individual abstract. The whole-proceedings problem belongs to the downloaded artifact, not the search record.",,"Class A means only that this is not a container search record. Study design, publication type, relevance, and extractability still require ordinary screening."
10.1093/ijnp/pyae059.518,A,A_individual_record_with_container_artifact,retain_search_record_and_reacquire_or_slice_exact_item_text,False,high,individual_conference_abstract,oxford_ijnp_item,terminal abstract number after the supplement/article code,"N,N-DIMETHYLTRYPTAMINE, A NATURAL HALLUCINOGEN, AMELIORATES ALZHEIMER’ S DISEASE BY RESTORING NEURONAL SIGMA-1 RECEPTOR- MEDIATED ENDOPLASMIC RETICULUM-MITOCHONDRIA CROSSTALK.",2025,International Journal of Neuropsychopharmacology,journal-article,Dan Cheng; *Zhang-Jin Zhang,True,1871,"Abstract Background Aberrant neuronal Sigma-1 receptor (Sig-1r)-mediated signaling between the endoplasmic reticulum (ER) and mitochondria plays an essential role in neuronal cytopathology of Alzheimer’ s disease (AD). The natural hallucinogen N,N-dimethyltryptamine (DMT) is a Sig-1r agonist that may have the anti- AD potential by protecting neuronal ER-mitochondrial interplay. Aim and Objectives The purpose of this study was to systematically investigate the anti-AD effects of DMT and the assoc",crossref,pmc|unpaywall|crossref,False,True,verified_title_only,,OVEREXPRESSION OF SHATI/NAT8L IN THE HIPPOCAMPUS AMELIORATES COGNITIVE DYSFUNCTION IN MODEL MICE WITH ALZHEIMER' S DISEASE,0.2828,True,False,2,"container text includes the target title, but document-level DOI identity is not isolated","The DOI has a terminal abstract number after the supplement/article code; the title names a specific contribution; and metadata supplies an individual abstract. The whole-proceedings problem belongs to the downloaded artifact, not the search record.",,"Class A means only that this is not a container search record. Study design, publication type, relevance, and extractability still require ordinary screening."
10.1093/ijnp/pyae059.560,A,A_individual_record_with_container_artifact,retain_search_record_and_reacquire_or_slice_exact_item_text,False,high,individual_conference_abstract,oxford_ijnp_item,terminal abstract number after the supplement/article code,ASSOCIATION OF NEUROFILAMENT LIGHT CHAIN WITH THE ANTIDEPRESSANT EFFECTS OF LOW-DOSE KETAMINE INFUSION AMONG PATIENTS WITH TREATMENT-RESISTANT DEPRESSION,2025,The International Journal of Neuropsychopharmacology,article,Hui-Ju Wu; Mu‐Hong Chen; Wei-Chen Lin,True,1454,"Abstract Background The role of neurofilament light chain (NFL) in treatment-resistant depression (TRD) is unclear. Whether baseline NFL concentrations are associated with the antidepressant effects of low- dose ketamine infusion has not been determined. Methods The NFL concentrations of 71 patients with TRD and 17 healthy controls were assessed. Patients with TRD were randomly administered a single infusion of 0.5 mg/kg ketamine, 0.2 mg/kg ketamine, or normal saline. Depressive symptoms were as",openalex,pmc|openalex,False,True,identity_unverified,,GENOMIC AND IMMUNOLOGICAL BIOMARKERS FOR PREDICTING TREATMENT OUTCOME IN DEPRESSION,0.346,True,True,5,"container includes the target item, while its header or opening item identifies another contribution","The DOI has a terminal abstract number after the supplement/article code; the title names a specific contribution; and metadata supplies an individual abstract. The whole-proceedings problem belongs to the downloaded artifact, not the search record.",,"Class A means only that this is not a container search record. Study design, publication type, relevance, and extractability still require ordinary screening."
10.1093/ijnp/pyae059.561,A,A_individual_record_with_container_artifact,retain_search_record_and_reacquire_or_slice_exact_item_text,False,high,individual_conference_abstract,oxford_ijnp_item,terminal abstract number after the supplement/article code,"MODULATION OF THE ANTIDEPRESSANT RESPONSE OF KETAMINE BY AN IMMUNOSUPPRESSANT RAPAMYCIN: A PROSPECTIVE RANDOMIZED, DOUBLE-BLIND, PLACEBO CONTROLLED STUDY IN THE PATIENTS WITH REFRACTORY DEPRESSION.",2025,International Journal of Neuropsychopharmacology,journal-article,*Tungping Su; Mu-Hong Chen,True,2533,"Abstract Background Our ketamine studies on the refractory depression (TRD) in the past 10 years have observed a short effect of a single dose of ketamine infusion lasting less than14 days. The antidepressant effect of ketamine was believed to activate the mechanistic target of rapamycin complex 1 (mTORC1), and produce synaptogenesis. Theoretically, inhibition of mTORC1 by an immunosuppressant rapamycin, prior to ketamine infusion, its antidepressant effect by ketamine would be diminished. Howev",crossref,pmc|unpaywall|crossref,False,True,verified_title_only,,"MODULATION OF THE ANTIDEPRESSANT RESPONSE OF KETAMINE BY AN IMMUNOSUPPRESSANT RAPAMYCIN: A PROSPECTIVE RANDOMIZED, DOUBLE-BLIND, PLACEBO CONTROLLED STUDY IN THE PATIENTS WITH REFRACTORY DEPRESSION",1.0,True,False,4,"container text includes the target title, but document-level DOI identity is not isolated","The DOI has a terminal abstract number after the supplement/article code; the title names a specific contribution; and metadata supplies an individual abstract. The whole-proceedings problem belongs to the downloaded artifact, not the search record.",,"Class A means only that this is not a container search record. Study design, publication type, relevance, and extractability still require ordinary screening."
10.1093/ijnp/pyae059.566,A,A_individual_record_with_container_artifact,retain_search_record_and_reacquire_or_slice_exact_item_text,False,high,individual_conference_abstract,oxford_ijnp_item,terminal abstract number after the supplement/article code,EXPLORING VORTIOXETINE COMBINATION WITH INTRANASAL ESKETAMINE: A PROMISING ALTERNATIVE TO SSRI/SNRI - INSIGHTS FROM THE REAL-ESK STUDY,2025,The International Journal of Neuropsychopharmacology,article,Clara Cavallotto; Giacomo d’Andrea; Andrea Miuli; Carlotta Marrangone; Rosalba Carullo; Giovanna Mammarella; Antonio d'Attilio; Tommaso Piro; Stefania Chiappini; Alessio Mosca,True,4518,Abstract Background Treatment-Resistant Depression (TRD) affects almost 30% of patients with Major Depressive Disorder (MDD) (1). Esketamine Nasal Spray (ESK-NS) has recently been approved for TRD in combination with a Serotonin Specific Reuptake Inhibitor/SSRI or a Serotonin-Norepinephrine Reuptake Inhibitor/SNRI. There is a lack of studies investigating the effectiveness and safety of ESK-NS in combination with other oral antidepressants. The recent surge in the utilization of ESK-NS in clinic,openalex,pmc|openalex,False,True,identity_mismatch,10.1016/j.jad.2022.09.043,EFFECTS OF ANTIDEPRESSANTS ON DECELERATION CAPACITY AND ITS RELATION TO QT INTERVAL IN PATIENTS WITH MOOD DISORDER,0.1928,True,True,8,"container includes the target item, while its header or opening item identifies another contribution","The DOI has a terminal abstract number after the supplement/article code; the title names a specific contribution; and metadata supplies an individual abstract. The whole-proceedings problem belongs to the downloaded artifact, not the search record.",,"Class A means only that this is not a container search record. Study design, publication type, relevance, and extractability still require ordinary screening."
10.1093/ijnp/pyae059.567,A,A_individual_record_with_container_artifact,retain_search_record_and_reacquire_or_slice_exact_item_text,False,high,individual_conference_abstract,oxford_ijnp_item,terminal abstract number after the supplement/article code,"EFFICACY AND SAFETY OF INTRAVENOUS KETAMINE TREATMENT IN JAPANESE PATIENTS WITH TREATMENT-RESISTANT DEPRESSION: A DOUBLE-BLIND, RANDOMIZED, PLACEBO-CONTROLLED TRIAL",2025,The International Journal of Neuropsychopharmacology,article,Yohei Ohtani; Hideaki Tani; Kie Nomoto‐Takahashi; Taisuke Yatomi; Kengo Yonezawa; Sota Tomiyama; Nobuhiro Nagai; Keisuke Kusudo; Shiori Honda; Shinichiro Nakajima,True,5105,"Abstract Background Whereas ketamine's antidepressant effect for treatment-resistant depression (TRD) has been consistent in the literature from the North American and European countries (1-3), its evidence is scarce among the Asian population (4-6). Aims &amp; Objectives We aimed to evaluate the efficacy and safety of intravenous ketamine treatment in Japanese patients with TRD. Method In this double-blind randomized placebo-controlled trial, 34 Japanese patients (41.4±9.4 years, 23 men [67.6%]",openalex,pmc|openalex,False,True,target_text_with_conflicting_doi,10.4088/jcp.8133su1c.02,"EFFICACY AND SAFETY OF INTRAVENOUS KETAMINE TREATMENT IN JAPANESE PATIENTS WITH TREATMENT-RESISTANT DEPRESSION: A DOUBLE-BLIND, RANDOMIZED, PLACEBO-CONTROLLED TRIAL",1.0,True,False,11,"container text includes the target title, but document-level DOI identity is not isolated","The DOI has a terminal abstract number after the supplement/article code; the title names a specific contribution; and metadata supplies an individual abstract. The whole-proceedings problem belongs to the downloaded artifact, not the search record.",,"Class A means only that this is not a container search record. Study design, publication type, relevance, and extractability still require ordinary screening."
10.1093/ijnp/pyae059.583,A,A_individual_record_with_container_artifact,retain_search_record_and_reacquire_or_slice_exact_item_text,False,high,individual_conference_abstract,oxford_ijnp_item,terminal abstract number after the supplement/article code,"DIFFERENCE IN TREATMENT-RESPONSE OF IPSC-DERIVED NEURONS TO REELIN AND (2R,6R)-HNK FROM PARTICIPANTS WITH TREATMENT- RESISTANT DEPRESSION",2025,International Journal of Neuropsychopharmacology,journal-article,*Jenessa Johnston; Brandi Quintanilla; Peixiong Yuan; Shiyong Peng; Mani Yavi; Hector Caruncho; Bashkim Kadriu; Carlos Zarate Jr,True,3507,"Abstract Background Treatment-resistant depression (TRD) presents a significant clinical challenge, with around 30% of patients failing to respond to first-line treatments. Ketamine, administered at subanesthetic doses, has demonstrated rapid and robust antidepressant effects in TRD patients. Some research has suggested that ketamine's fast-acting antidepressant effects are linked to the transient activation of the mammalian target of rapamycin (mTOR), which enhances synaptic signaling by upregu",crossref,pmc|unpaywall|crossref,False,True,verified_title_only,,"DIFFERENCE IN TREATMENT-RESPONSE OF IPSC-DERIVED NEURONS TO REELIN AND (2R,6R)-HNK FROM PARTICIPANTS WITH TREATMENT-RESISTANT DEPRESSION",1.0,True,False,4,"container text includes the target title, but document-level DOI identity is not isolated","The DOI has a terminal abstract number after the supplement/article code; the title names a specific contribution; and metadata supplies an individual abstract. The whole-proceedings problem belongs to the downloaded artifact, not the search record.",,"Class A means only that this is not a container search record. Study design, publication type, relevance, and extractability still require ordinary screening."
10.1093/ijnp/pyae059.584,A,A_individual_record_with_container_artifact,retain_search_record_and_reacquire_or_slice_exact_item_text,False,high,individual_conference_abstract,oxford_ijnp_item,terminal abstract number after the supplement/article code,BEHAVIORAL ANALYSES OF ANTIDEPRESSANT-LIKE EFFECT OF SEROTONERGIC PSYCHEDELICS IN MICE,2025,The International Journal of Neuropsychopharmacology,article,Daisuke Ibi; Rika Takaba; Keisuke Yoshida; Takayoshi Mamiya; Shinji Kitagaki; Masayuki Hiramatsu,True,2464,"Abstract Background Serotonergic psychedelics such as psilocybin, lysergic acid diethylamide, and DOI exert a hallucinatory effect through the serotonin 5-HT2A receptor (5-HT2A). Recent studies have revealed that serotonergic psychedelics have therapeutic potential for neuropsychiatric disorders, including major depressive and anxiety-related disorders. Aims &amp; Objectives The involvement of 5-HT2A in mediating the therapeutic effects of serotonergic psychedelics remains unclear. In this study",openalex,pmc|openalex,False,True,identity_unverified,,"DIFFERENCE IN TREATMENT-RESPONSE OF IPSC-DERIVED NEURONS TO REELIN AND (2R,6R)-HNK FROM PARTICIPANTS WITH TREATMENT-RESISTANT DEPRESSION",0.2152,True,True,5,"container includes the target item, while its header or opening item identifies another contribution","The DOI has a terminal abstract number after the supplement/article code; the title names a specific contribution; and metadata supplies an individual abstract. The whole-proceedings problem belongs to the downloaded artifact, not the search record.",,"Class A means only that this is not a container search record. Study design, publication type, relevance, and extractability still require ordinary screening."
10.1093/ijnp/pyae059.595,A,A_individual_record_with_container_artifact,retain_search_record_and_reacquire_or_slice_exact_item_text,False,high,individual_conference_abstract,oxford_ijnp_item,terminal abstract number after the supplement/article code,EPIDEMIOLOGY AND BURDEN OF DISEASE OF MAJOR DEPRESSIVE DISORDER (MDD) WITH ANHEDONIA IN ASIA PACIFIC,2025,The International Journal of Neuropsychopharmacology,article,Keira Joann Herr; Michael Berk; Wei-Lieh Huang; Tadafumi Kato; Jung Goo Lee; Chong Guan Ng; Zhen Wang; Tom Webb; Mami Kasahara‐Kiritani; Lawrence Vandervoort,True,5640,"Abstract Background Major depressive disorder (MDD) is a pervasive mental health condition with a substantial global disease burden. Anhedonia is a core symptom of MDD and has been associated with poorer disease prognosis and suboptimal treatment response [1–3], however, the prevalence of anhedonia and its impact on health related quality of life outcomes is not well-understood. There is a paucity of data on the burden of MDD with anhedonia in Asia Pacific (APAC) [4–6], this is potentially due t",openalex,pmc|openalex,False,True,identity_unverified,,INCIDENCE OF DEPRESSIVE AND ANXIETY SYMPTOMS AMONG ELDERLY FILIPINOS DURING THE COVID-19 PANDEMIC: A DESCRIPTIVE CROSS-SECTIONAL STUDY,0.3333,True,True,0,"container includes the target item, while its header or opening item identifies another contribution","The DOI has a terminal abstract number after the supplement/article code; the title names a specific contribution; and metadata supplies an individual abstract. The whole-proceedings problem belongs to the downloaded artifact, not the search record.",,"Class A means only that this is not a container search record. Study design, publication type, relevance, and extractability still require ordinary screening."
10.1093/ijnp/pyae059.605,A,A_individual_record_with_container_artifact,retain_search_record_and_reacquire_or_slice_exact_item_text,False,high,individual_conference_abstract,oxford_ijnp_item,terminal abstract number after the supplement/article code,A PRELIMINARY EXAMINATION ON TREATMENT EFFECTIVENESS OF AUGMENTATION WITH ATTENTION DEFICIT HYPERACTIVITY DISORDER (ADHD) AGENTS IN PATIENTS WITH OBSESSIVE-COMPULSIVE DISORDER AND COMORBID ADHD,2025,International Journal of Neuropsychopharmacology,journal-article,*Shun Ogino; Keiichiro Mukai; Masahiro Miyauchi; Takuya Hashimoto; Yukihiko Hosoi; Masahiko Sakurai; Hisato Matsunaga,True,3343,"Abstract Background Obsessive-compulsive disorder (OCD) is a psychiatric disorder characterized by obsessions and compulsions, with a reported lifetime morbidity of approximately 2%–3%. OCD can severely interfere with daily and social life, and comorbidity with other psychiatric disorders, such as depression, is high. Attention deficit hyperactivity disorder (ADHD), a triad of hyperactivity, impulsivity, and inattention, is reported to account for at least 2.8% of the adults, regardless of geogr",crossref,pmc|unpaywall|crossref,False,True,verified_title_only,,A SIGNIFICANT EFFECT OF INVOLVEMENT BEHAVIORS ON LONG-TERM TREATMENT OUTCOMES IN JAPANESE PATIENTS WITH OBSESSIVE COMPULSIVE DISORDER (OCD),0.4639,True,False,0,"container text includes the target title, but document-level DOI identity is not isolated","The DOI has a terminal abstract number after the supplement/article code; the title names a specific contribution; and metadata supplies an individual abstract. The whole-proceedings problem belongs to the downloaded artifact, not the search record.",,"Class A means only that this is not a container search record. Study design, publication type, relevance, and extractability still require ordinary screening."
10.1093/ijnp/pyae059.625,A,A_individual_record_with_container_artifact,retain_search_record_and_reacquire_or_slice_exact_item_text,False,high,individual_conference_abstract,oxford_ijnp_item,terminal abstract number after the supplement/article code,"EVENAMIDE AS ADD-ON TREATMENT FOR PATIENTS WITH CHRONIC SCHIZOPHRENIA NOT RESPONDING ADEQUATELY TO THEIR CURRENT ANTIPSYCHOTIC MEDICATION: RESULTS OF A POTENTIALLY PIVOTAL, PHASE II/III, INTERNATIONAL, RANDOMIZED, DOUBLE BLIND, PLACEBO- CONTROLLED TRIAL",2025,The International Journal of Neuropsychopharmacology,article,Ravi Anand; Alessio Turolla; Giovanni Chinellato; R. Giuliani; Richard D. Hartman,True,5515,"Abstract Background Despite over 5 decades of availability of antipsychotics (APs), 30-60% of patients with schizophrenia show no, and another 10 30% show inadequate, benefit from APs [1,2], resulting in increased risk for hospitalization, morbidity, suicidality, and reduced lifespan [3,4]. Increasing evidence supports an important role of the glutamatergic neurotransmitter system, which is not targeted by 5HT2/D2- blocking APs [5,6,7]. Evenamide is a selective inhibitor of voltage-gated sodium ",openalex,pmc|openalex,False,True,identity_mismatch,10.1177/10600280221113572,A NATURALISTIC RETROSPECTIVE STUDY OF ARIPIPRAZOLE ONCE-MONTHLY 400 MG USED FOR SCHIZOPHRENIA,0.1792,True,True,0,"container includes the target item, while its header or opening item identifies another contribution","The DOI has a terminal abstract number after the supplement/article code; the title names a specific contribution; and metadata supplies an individual abstract. The whole-proceedings problem belongs to the downloaded artifact, not the search record.",,"Class A means only that this is not a container search record. Study design, publication type, relevance, and extractability still require ordinary screening."
10.1093/ijnp/pyae059.626,A,A_individual_record_with_container_artifact,retain_search_record_and_reacquire_or_slice_exact_item_text,False,high,individual_conference_abstract,oxford_ijnp_item,terminal abstract number after the supplement/article code,"REMARKABLE EFFICACY OF EVENAMIDE, A GLUTAMATE ANTAGONIST, AS AN ADD-ON TO ANTIPSYCHOTICS IN PATIENTS WITH TREATMENT RESISTANT SCHIZOPHRENIA (TRS): RESULTS FROM A ONE-YEAR, OPEN- LABEL, DOSE-COMPARATIVE, RANDOMIZED, TREATMENT TRIAL",2025,International Journal of Neuropsychopharmacology,journal-article,*Ravi Anand; Alessio Turolla; Giovanni Chinellato; Richard Hartman,True,6406,"Abstract Background Numerous findings indicate reduced life-expectancy in patients with TRS, along with multiple morbidities, frequent hospitalizations, indigent status, and increasing costs of care for families and society [1]; no new treatment has emerged since clozapine approval in 1989 [2]. Despite its therapeutic promise, current experience indicates that less than 5% and 15% of TRS patients in the US, and in the EU respectively, receive clozapine [Global Data; 2017]. The vast majority of T",crossref,pmc|unpaywall|crossref,False,True,verified_title_only,,"EVENAMIDE, AS AN ADD-ON TO ANTIPSYCHOTICS, PRODUCES LONG-LASTING CLINICALLY MEANINGFUL BENEFIT AND CONVERTS TREATMENT-RESISTANT SCHIZOPHRENIA (TRS) PATIENTS INTO A RESPONSIVE STATE: 6-MONTH RESULTS FROM AN ONGOING INTERNATIONAL RANDOMIZED STUDY",0.4545,True,False,0,"container text includes the target title, but document-level DOI identity is not isolated","The DOI has a terminal abstract number after the supplement/article code; the title names a specific contribution; and metadata supplies an individual abstract. The whole-proceedings problem belongs to the downloaded artifact, not the search record.",,"Class A means only that this is not a container search record. Study design, publication type, relevance, and extractability still require ordinary screening."
10.1093/ijnp/pyaf052.011,A,A_individual_record_with_container_artifact,retain_search_record_and_reacquire_or_slice_exact_item_text,False,high,individual_conference_abstract,oxford_ijnp_item,terminal abstract number after the supplement/article code,169. THERAPEUTIC MEMORY RECONSOLIDATION AS A TREATMENT FOR SUBSTANCE USE DISORDERS AND HOW PSYCHEDELICS ARE FACILITATING THIS INTERVENTION: THE UNITY STUDY.,2025,International Journal of Neuropsychopharmacology,journal-article,S Ofori; R Das,True,3338,"Abstract Background Maladaptive motivational memory (MMM) is the term given to a learned association between environmental predictors of reward (cues) and the receipt of rewarding stimuli (reward). A key characteristic of MMMs is that they drive excessive consumption behaviours in a variety of disorders such as substance use disorders (SUDs) and behavioural addictions. MMMs underlie the motivated seeking, craving and preoccupation with substance use in response to ‘trigger’ cues, that typify SUD",crossref,pmc|unpaywall|crossref,False,True,verified_title_only,,69. THERAPEUTIC MEMORY RECONSOLIDATION AS A TREATMENT FOR SUBSTANCE USE DISORDERS AND HOW PSYCHEDELICS ARE FACILITATING THIS INTERVENTION: THE UNITY STUDY,0.9935,False,False,0,acquired file does not reliably isolate the target item from the larger container,"The DOI has a terminal abstract number after the supplement/article code; the title names a specific contribution; and metadata supplies an individual abstract. The whole-proceedings problem belongs to the downloaded artifact, not the search record.",,"Class A means only that this is not a container search record. Study design, publication type, relevance, and extractability still require ordinary screening."
10.1093/ijnp/pyaf052.015,A,A_individual_record_with_container_artifact,retain_search_record_and_reacquire_or_slice_exact_item_text,False,high,individual_conference_abstract,oxford_ijnp_item,terminal abstract number after the supplement/article code,182. ELUCIDATING NMDA RECEPTOR HYPOFUNCTION USING SIMULTANEOUS EEG-FMRI MEASURES OF KETAMINE-INDUCED NEURAL DYNAMICS,2025,International Journal of Neuropsychopharmacology,journal-article,M Haaf; J Rauh; M Jacob; D Poudel; C Wellen; H Paland; D Mathalon; C Mulert; G Leicht,True,3664,"Abstract Background Glutamatergic signaling deficits, particularly involving N-methyl-D-aspartate (NMDA) receptors, are increasingly recognized as central to the complex pathophysiology of schizophrenia. The resulting imbalance between excitatory and inhibitory neurotransmission is emerging as a critical therapeutic target. While ketamine exposure in healthy volunteers provides a window into NMDA receptor hypofunction, reliable markers are needed to assess the severity of this dysfunction and to",crossref,pmc|unpaywall|crossref,False,True,verified_title_only,,82. ELUCIDATING NMDA RECEPTOR HYPOFUNCTION USING SIMULTANEOUS EEG-FMRI MEASURES OF KETAMINE-INDUCED NEURAL DYNAMICS,0.9957,False,False,6,acquired file does not reliably isolate the target item from the larger container,"The DOI has a terminal abstract number after the supplement/article code; the title names a specific contribution; and metadata supplies an individual abstract. The whole-proceedings problem belongs to the downloaded artifact, not the search record.",,"Class A means only that this is not a container search record. Study design, publication type, relevance, and extractability still require ordinary screening."
10.1093/ijnp/pyaf052.019,A,A_individual_record_with_container_artifact,retain_search_record_and_reacquire_or_slice_exact_item_text,False,high,individual_conference_abstract,oxford_ijnp_item,terminal abstract number after the supplement/article code,"204. A NOVEL, NON-HALLUCINOGENIC PSYCHEDELIC FOR THE TREATMENT OF OCD AND TIC DISORDER.",2025,International Journal of Neuropsychopharmacology,journal-article,B Lerer; P Golding; M Brownstien; A Kozikowski; T Lifschytz,True,3360,"Abstract Background We have designed a novel psychedelic-derived compound (HBL20017) characterized by high functional efficacy at 5-HT2A, 5-HT1A, and 5-HT2C receptors. We assessed its hallucinogenic properties and its potential for OCD treatment on the marble burying test (MBT) and in mice homozygous for deletion of the Synapse Associated Protein 3 (SAPAP3) gene. These mice manifest severe, potentially lethal, obsessive self-grooming and head-body twitches, which are regarded as a model for tic ",crossref,pmc|unpaywall|crossref,False,True,verified_title_only,,"204. A NOVEL, NON-HALLUCINOGENIC PSYCHEDELIC FOR THE TREATMENT OF OCD AND TIC DISORDER",1.0,True,False,0,"container text includes the target title, but document-level DOI identity is not isolated","The DOI has a terminal abstract number after the supplement/article code; the title names a specific contribution; and metadata supplies an individual abstract. The whole-proceedings problem belongs to the downloaded artifact, not the search record.",,"Class A means only that this is not a container search record. Study design, publication type, relevance, and extractability still require ordinary screening."
10.1093/ijnp/pyaf052.026,A,A_individual_record_with_container_artifact,retain_search_record_and_reacquire_or_slice_exact_item_text,False,high,individual_conference_abstract,oxford_ijnp_item,terminal abstract number after the supplement/article code,229. PSILOCYBIN WITH PSYCHOTHERAPEUTIC SUPPORT FOR TREATMENT-RESISTANT DEPRESSION: A PILOT CLINICAL TRIAL.,2025,International Journal of Neuropsychopharmacology,journal-article,S Meikle; O Carter; P Liknaitzky; L Johansen; R Iyer; N Strauss; M Williams; D Castle; S Rossell,True,2606,"Abstract Background Depressive disorders are a major global health challenge, with many individuals unresponsive to existing treatments or left with residual symptoms such as impairments in cognition and social functioning. Emerging psychedelic therapies show promise for treating depression but require further research. Aims & Objectives This pilot study aimed to evaluate the feasibility, safety, and preliminary efficacy of psilocybin with psychotherapeutic support for treatment-resistant depres",crossref,pmc|unpaywall|crossref,False,True,verified_title_only,,229. PSILOCYBIN WITH PSYCHOTHERAPEUTIC SUPPORT FOR TREATMENT-RESISTANT DEPRESSION: A PILOT CLINICAL TRIAL,1.0,True,False,10,"container text includes the target title, but document-level DOI identity is not isolated","The DOI has a terminal abstract number after the supplement/article code; the title names a specific contribution; and metadata supplies an individual abstract. The whole-proceedings problem belongs to the downloaded artifact, not the search record.",,"Class A means only that this is not a container search record. Study design, publication type, relevance, and extractability still require ordinary screening."
10.1093/ijnp/pyaf052.032,A,A_individual_record_with_container_artifact,retain_search_record_and_reacquire_or_slice_exact_item_text,False,high,individual_conference_abstract,oxford_ijnp_item,terminal abstract number after the supplement/article code,245. USING CLASSIFICATION AND REGRESSION TREE MODELLING TO INVESTIGATE LOW-DOSE KETAMINE’S EFFECT ON REMISSION OF SUICIDAL SYMPTOMS AMONG PATIENTS WITH TREATMENT-RESISTANT DEPRESSION AND STRONG SUICIDAL THOUGHT.,2025,International Journal of Neuropsychopharmacology,journal-article,P C Wu; W C Lin; T P Su; C T Li; H J Wu; S J Tsai; Y M Bai; P C Tu; W C Mao; M H Chen,True,2127,"Abstract Background As accumulating evidence suggests ketamine's antisuicidal properties, there has been growing interest in elucidating its underlying mechanisms and predictive factors for treatment response. However, the predictive power of several demographic and clinical characteristics varied across previous studies. Additionally, some potential predictors, such as baseline depression severity and suicidal ideation, may have a positive correlation with each other, and thus their collinearit",crossref,pmc|unpaywall|crossref,False,True,verified_title_only,,245. USING CLASSIFICATION AND REGRESSION TREE MODELLING TO INVESTIGATE LOW-DOSE KETAMINE'S EFFECT ON REMISSION OF SUICIDAL SYMPTOMS AMONG PATIENTS WITH TREATMENT-RESISTANT DEPRESSION AND STRONG SUICIDAL THOUGHT,1.0,False,False,1,acquired file does not reliably isolate the target item from the larger container,"The DOI has a terminal abstract number after the supplement/article code; the title names a specific contribution; and metadata supplies an individual abstract. The whole-proceedings problem belongs to the downloaded artifact, not the search record.",,"Class A means only that this is not a container search record. Study design, publication type, relevance, and extractability still require ordinary screening."
10.1093/ijnp/pyaf052.075,A,A_individual_record_with_container_artifact,retain_search_record_and_reacquire_or_slice_exact_item_text,False,high,individual_conference_abstract,oxford_ijnp_item,terminal abstract number after the supplement/article code,476. ACUTE AND CHRONIC PSILOCYBIN IN MOUSE MODELS OF PSYCHIATRIC DISORDERS.,2025,International Journal of Neuropsychopharmacology,journal-article,T Renoir; J Gattuso; B Bezcioglu; G Kong; M Ekwudo; C Wilson; N Kleditzsch; A Kamal; J Hendey; C Gubert,True,3097,"Abstract Background The evident limitations of current treatments for depression, anxiety and obsessive-compulsive disorder (OCD), underscore the need for a paradigm shift in how we understand and treat these disorders. There is enormous public and research enthusiasm for the potential that psychedelic drugs like psilocybin, the psychoactive compound produced by “magic mushrooms” will drive a new paradigm of care for mental ill health. Although promising results are emerging for the treatment of",crossref,pmc|unpaywall|crossref,False,True,verified_title_only,,476. ACUTE AND CHRONIC PSILOCYBIN IN MOUSE MODELS OF PSYCHIATRIC DISORDERS,1.0,True,False,6,"container text includes the target title, but document-level DOI identity is not isolated","The DOI has a terminal abstract number after the supplement/article code; the title names a specific contribution; and metadata supplies an individual abstract. The whole-proceedings problem belongs to the downloaded artifact, not the search record.",,"Class A means only that this is not a container search record. Study design, publication type, relevance, and extractability still require ordinary screening."
10.1093/ijnp/pyaf052.084,A,A_individual_record_with_container_artifact,retain_search_record_and_reacquire_or_slice_exact_item_text,False,high,individual_conference_abstract,oxford_ijnp_item,terminal abstract number after the supplement/article code,"519. PSILOCYBIN ASSISTED PSYCHOTHERAPY FOR OBSESSIVE COMPULSIVE DISORDER, BODY DYSMORPHIC DISORDER, AND ANOREXIA NERVOSA: STUDY PROTOCOL.",2025,International Journal of Neuropsychopharmacology,journal-article,N Acevdo; D Castle; S Rossell,True,2792,"Abstract Background Obsessive compulsive disorder (OCD), body dysmorphic disorder (BDD), and anorexia nervosa (AN) are some of the most debilitating and chronic mental health conditions, with impairments across multiple domains of functioning, leading to poor quality of life and well-being. These conditions share overlapping psychopathological determinants in terms of cognitive-behavioural dysfunction and neurobiological underpinnings involving aberrant neurocircuitry. Conventional treatments le",crossref,pmc|unpaywall|crossref,False,True,verified_title_only,,"519. PSILOCYBIN ASSISTED PSYCHOTHERAPY FOR OBSESSIVE COMPULSIVE DISORDER, BODY DYSMORPHIC DISORDER, AND ANOREXIA NERVOSA: STUDY PROTOCOL",1.0,True,False,0,"container text includes the target title, but document-level DOI identity is not isolated","The DOI has a terminal abstract number after the supplement/article code; the title names a specific contribution; and metadata supplies an individual abstract. The whole-proceedings problem belongs to the downloaded artifact, not the search record.",,"Class A means only that this is not a container search record. Study design, publication type, relevance, and extractability still require ordinary screening."
10.1093/ijnp/pyaf052.093,A,A_individual_record_with_container_artifact,retain_search_record_and_reacquire_or_slice_exact_item_text,False,high,individual_conference_abstract,oxford_ijnp_item,terminal abstract number after the supplement/article code,631. PSILOCYBIN AND KETANSERIN VS RTMS IN TREATMENT-RESISTANT DEPRESSION: ENHANCING TOLERABILITY BY MITIGATING PSYCHEDELIC EFFECTS,2025,International Journal of Neuropsychopharmacology,journal-article,G Martinotti; C Cavallotto; G D'Andrea; A D'Attilio; G Mammarella; F Zoratto; M Pettorruso,True,2441,"Abstract Background Among the innovative treatments investigated for depression, psilocybin appears to play an extremely promising role, with several studies showing remission rates up to 70% in patients with treatment-resistant depression (TRD) treated with protocols involving a single or double dose administration [1,2]. Psilocybin is a psychedelic compound belonging to the tryptamine class, known for its hallucinogenic properties related to its action of partial agonist on serotonin receptors",crossref,pmc|unpaywall|crossref,False,True,verified_title_only,,631. PSILOCYBIN AND KETANSERIN VS RTMS IN TREATMENT-RESISTANT DEPRESSION: ENHANCING TOLERABILITY BY MITIGATING PSYCHEDELIC EFFECTS,1.0,True,False,0,"container text includes the target title, but document-level DOI identity is not isolated","The DOI has a terminal abstract number after the supplement/article code; the title names a specific contribution; and metadata supplies an individual abstract. The whole-proceedings problem belongs to the downloaded artifact, not the search record.",,"Class A means only that this is not a container search record. Study design, publication type, relevance, and extractability still require ordinary screening."
10.1093/ijnp/pyaf052.111,A,A_individual_record_with_container_artifact,retain_search_record_and_reacquire_or_slice_exact_item_text,False,high,individual_conference_abstract,oxford_ijnp_item,terminal abstract number after the supplement/article code,694. INVESTIGATING THE POTENTIAL OF PSILOCYBIN FOR COMPULSIVE EATING IN A RAT MODEL OF BINGE EATING.,2025,International Journal of Neuropsychopharmacology,journal-article,N Fabila; N P Manaph; V Rudkowsky; D Sketriene; Y Li; R Anversa; L Walker; A Reichelt; C Foldi; M Menden,True,2334,"Abstract Background Binge eating disorder (BED) is the most prevalent eating disorder, often associated with metabolic syndrome and other mental health comorbidities. Despite its impact, current treatment options remain limited. BED is associated with compulsive intake of foods typically high in fat and sugar, as well as neuroplastic changes in brain regions such as the nucleus accumbens, dorsal striatum, and prefrontal cortex. Psilocybin, a psychedelic compound, has been shown to promote neurop",crossref,pmc|unpaywall|crossref,False,True,verified_title_only,,694. INVESTIGATING THE POTENTIAL OF PSILOCYBIN FOR COMPULSIVE EATING IN A RAT MODEL OF BINGE EATING,1.0,True,False,0,"container text includes the target title, but document-level DOI identity is not isolated","The DOI has a terminal abstract number after the supplement/article code; the title names a specific contribution; and metadata supplies an individual abstract. The whole-proceedings problem belongs to the downloaded artifact, not the search record.",,"Class A means only that this is not a container search record. Study design, publication type, relevance, and extractability still require ordinary screening."
10.1093/ijnp/pyaf052.124,A,A_individual_record_with_container_artifact,retain_search_record_and_reacquire_or_slice_exact_item_text,False,high,individual_conference_abstract,oxford_ijnp_item,terminal abstract number after the supplement/article code,164. PSILOCYBIN DURING THE POSTPARTUM PERIOD INDUCES LONG-LASTING ADVERSE EFFECTS IN BOTH MOTHERS AND OFFSPRING,2025,International Journal of Neuropsychopharmacology,journal-article,C Hatzipantelis; D Olson; D Stolzenberg,True,3442,"Abstract Background Peripartum mood disorders (PMDs) are a major public health concern; they present in 20% of birthing parents and are responsible for 1 in 4 maternal deaths in the United States. The psychedelic antidepressant psilocybin (PSI) increases social connectedness, self-compassion, and has strong clinical transdiagnostic efficacy for mental illness – making it a candidate treatment to reduce maternal disconnect, personal shame, and blunted affect seen in peripartum mood disorders (PMD",crossref,pmc|unpaywall|crossref,False,True,verified_title_only,,64. PSILOCYBIN DURING THE POSTPARTUM PERIOD INDUCES LONG-LASTING ADVERSE EFFECTS IN BOTH MOTHERS AND OFFSPRING,0.9955,False,False,5,acquired file does not reliably isolate the target item from the larger container,"The DOI has a terminal abstract number after the supplement/article code; the title names a specific contribution; and metadata supplies an individual abstract. The whole-proceedings problem belongs to the downloaded artifact, not the search record.",,"Class A means only that this is not a container search record. Study design, publication type, relevance, and extractability still require ordinary screening."
10.1093/ijnp/pyaf052.154,A,A_individual_record_with_container_artifact,retain_search_record_and_reacquire_or_slice_exact_item_text,False,high,individual_conference_abstract,oxford_ijnp_item,terminal abstract number after the supplement/article code,620. IDENTIFICATION OF BLOOD BIOMARKERS OF PSILOCYBIN-ASSISTED THERAPY TREATMENT RESPONSE FOR GENERALISED ANXIETY DISORDER.,2025,International Journal of Neuropsychopharmacology,journal-article,A Gibbons; P Liknaitzky; S Sundram,True,2825,"Abstract Background Early intervention and management of Generalised Anxiety Disorder (GAD) is essential to effectively reduce both symptom severity and the risk of developing other psychiatric disorders. However, current first-line treatments are only about 50% effective, with high rates of relapse and many adverse effects. Psychedelic medicines, such as psilocybin, have emerged as promising medications for treatment-refractory mood and anxiety disorders. However, between a third to a half of c",crossref,pmc|unpaywall|crossref,False,True,verified_title_only,,620. IDENTIFICATION OF BLOOD BIOMARKERS OF PSILOCYBIN-ASSISTED THERAPY TREATMENT RESPONSE FOR GENERALISED ANXIETY DISORDER,1.0,True,False,7,"container text includes the target title, but document-level DOI identity is not isolated","The DOI has a terminal abstract number after the supplement/article code; the title names a specific contribution; and metadata supplies an individual abstract. The whole-proceedings problem belongs to the downloaded artifact, not the search record.",,"Class A means only that this is not a container search record. Study design, publication type, relevance, and extractability still require ordinary screening."
10.1093/ijnp/pyaf052.159,A,A_individual_record_with_container_artifact,retain_search_record_and_reacquire_or_slice_exact_item_text,False,high,individual_conference_abstract,oxford_ijnp_item,terminal abstract number after the supplement/article code,670. CAN WE RE-MEDICALISE THE PSYCHEDELIC EXPERIENCE?,2025,International Journal of Neuropsychopharmacology,journal-article,G M Goodwin,True,2201,"Abstract Background Despite the widespread availability of multiple antidepressant treatments, depression remains a common and sometimes debilitating disorder. A significant proportion of patients with major depressive disorder fail two or more antidepressant treatments and are considered to have treatment-resistant depression (TRD). Recent attention has turned to psilocybin and other psychedelic compounds as potential rapidly acting and durable episodic treatments for psychiatric disorders incl",crossref,pmc|unpaywall|crossref,False,True,verified_title_only,,670. CAN WE RE-MEDICALISE THE PSYCHEDELIC EXPERIENCE?,1.0,True,False,4,"container text includes the target title, but document-level DOI identity is not isolated","The DOI has a terminal abstract number after the supplement/article code; the title names a specific contribution; and metadata supplies an individual abstract. The whole-proceedings problem belongs to the downloaded artifact, not the search record.",,"Class A means only that this is not a container search record. Study design, publication type, relevance, and extractability still require ordinary screening."
10.1093/ijnp/pyaf052.163,A,A_individual_record_with_container_artifact,retain_search_record_and_reacquire_or_slice_exact_item_text,False,high,individual_conference_abstract,oxford_ijnp_item,terminal abstract number after the supplement/article code,97. NEURAL AND BEHAVIORAL EVIDENCE FROM REINFORCEMENT LEARNING CONVERGE IN SUPPORT OF RELAXED BELIEFS UNDER LSD,2025,International Journal of Neuropsychopharmacology,journal-article,J Kanen; A Luppi; Q Luo; L Roseman; R Cardinal; T Robbins; D Nutt; R Carhart-Harris; H den Ouden,True,2796,"Abstract Background The REBUS (RElaxed Beliefs Under pSychedelics) and the anarchic brain model of psychedelic drug action proposes that confidence in beliefs – and thus expectations (priors) – are relaxed under these drugs. The brain makes inferences to minimize surprise, or discrepant expectations and outcomes (prediction error [PE]), and better model the world. We recently showed that the non-specific 5-HT2A receptor agonist LSD heightened sensitivity to PEs, reflected by speeded updating of ",crossref,pmc|crossref,False,True,verified_title_only,,97. NEURAL AND BEHAVIORAL EVIDENCE FROM REINFORCEMENT LEARNING CONVERGE IN SUPPORT OF RELAXED BELIEFS UNDER LSD,1.0,True,False,3,"container text includes the target title, but document-level DOI identity is not isolated","The DOI has a terminal abstract number after the supplement/article code; the title names a specific contribution; and metadata supplies an individual abstract. The whole-proceedings problem belongs to the downloaded artifact, not the search record.",,"Class A means only that this is not a container search record. Study design, publication type, relevance, and extractability still require ordinary screening."
10.1093/ijnp/pyaf052.166,A,A_individual_record_with_container_artifact,retain_search_record_and_reacquire_or_slice_exact_item_text,False,high,individual_conference_abstract,oxford_ijnp_item,terminal abstract number after the supplement/article code,"155. EXPLORING LSD MICRODOSING IN AN OPEN-LABEL PILOT FOR MAJOR DEPRESSIVE DISORDER: THE INTERPLAY OF BEHAVIORAL ACTIVATION, MOOD IMPROVEMENT, AND CONNECTEDNESS.",2025,International Journal of Neuropsychopharmacology,journal-article,C Donegan; D Daldagen-Bueno; R Murphy; A Forsyth; R Sumner; N Hoeh; W Evans; F Sundram; D Menkes; S Muthukumaraswamy,True,3157,"Abstract Background Depressive disorders affect about 280 million people worldwide, with many struggling to find effective relief. Conventional antidepressants are widely prescribed but often lack efficacy and have side effects, leaving many patients dissatisfied or untreated. Concurrently, psychedelic therapies have gained momentum in both research and ‘in the wild’, with emerging evidence supporting their potential in alleviating depressive symptoms. Among these, lysergic acid diethylamide (LS",crossref,pmc|unpaywall|crossref,False,True,verified_title_only,,"55. EXPLORING LSD MICRODOSING IN AN OPEN-LABEL PILOT FOR MAJOR DEPRESSIVE DISORDER: THE INTERPLAY OF BEHAVIORAL ACTIVATION, MOOD IMPROVEMENT, AND CONNECTEDNESS",0.9938,False,False,8,acquired file does not reliably isolate the target item from the larger container,"The DOI has a terminal abstract number after the supplement/article code; the title names a specific contribution; and metadata supplies an individual abstract. The whole-proceedings problem belongs to the downloaded artifact, not the search record.",,"Class A means only that this is not a container search record. Study design, publication type, relevance, and extractability still require ordinary screening."
10.1093/ijnp/pyaf052.175,A,A_individual_record_with_container_artifact,retain_search_record_and_reacquire_or_slice_exact_item_text,False,high,individual_conference_abstract,oxford_ijnp_item,terminal abstract number after the supplement/article code,189. EXPLORING THE SUBJECTIVE EXPERIENCE OF PATIENTS WITH TREATMENT-RESISTANT DEPRESSION ON THE EFFECTS OF ESKETAMINE NASAL SPRAY.,2025,International Journal of Neuropsychopharmacology,journal-article,M Pepe; I Marcelli; G d'Andrea; G Sani; G Martinotti; M Di Nicola,True,3149,"Abstract Background Multiple clinical trials and real-world studies support the effectiveness of Esketamine Nasal Spray (ESK-NS) in treating patients with Treatment-Resistant Depression (TRD) [1]. However, the assessment of treatment outcomes predominantly relies on clinician’s judgment and data integrating patient’s perspectives are still limited [2, 3]. Aims & Objectives Exploring the subjective experience with ESK-NS might allow for a comprehensive understanding of the multidimensional effect",crossref,pmc|unpaywall|crossref,False,True,verified_title_only,,89. EXPLORING THE SUBJECTIVE EXPERIENCE OF PATIENTS WITH TREATMENT-RESISTANT DEPRESSION ON THE EFFECTS OF ESKETAMINE NASAL SPRAY,0.9922,False,False,5,acquired file does not reliably isolate the target item from the larger container,"The DOI has a terminal abstract number after the supplement/article code; the title names a specific contribution; and metadata supplies an individual abstract. The whole-proceedings problem belongs to the downloaded artifact, not the search record.",,"Class A means only that this is not a container search record. Study design, publication type, relevance, and extractability still require ordinary screening."
10.1093/ijnp/pyaf052.202,A,A_individual_record_with_container_artifact,retain_search_record_and_reacquire_or_slice_exact_item_text,False,high,individual_conference_abstract,oxford_ijnp_item,terminal abstract number after the supplement/article code,247. DOES EXCITATORY/INHIBITORY BALANCE PREDICT KETAMINE RESPONSE IN TREATMENT-RESISTANT DEPRESSION? A DOUBLE-BLIND RANDOMIZED CONTROLLED TRIAL WITH 1H-MRS,2025,International Journal of Neuropsychopharmacology,journal-article,Y Ohtani; H Tani; S Honda; K Nomoto-Takahashi; T Yatomi; K Yonezawa; S Tomiyama; N Nagai; K Kusudo; S Moriyama,True,3358,"Abstract Background Only 18-45% of individuals with treatment-resistant depression (TRD) respond to intravenous ketamine therapy. Although some neurobiological predictors of response to ketamine have been reported, none have been consistently replicated across multiple studies. The imbalance between glutamatergic excitatory and GABAergic inhibitory neurotransmissions is implicated in the mechanism of action of ketamine treatment in TRD. However, existing evidence on the association between neuro",crossref,pmc|unpaywall|crossref,False,True,verified_title_only,,247. DOES EXCITATORY/INHIBITORY BALANCE PREDICT KETAMINE RESPONSE IN TREATMENT-RESISTANT DEPRESSION? A DOUBLE-BLIND RANDOMIZED CONTROLLED TRIAL WITH 1H-MRS,1.0,True,False,13,"container text includes the target title, but document-level DOI identity is not isolated","The DOI has a terminal abstract number after the supplement/article code; the title names a specific contribution; and metadata supplies an individual abstract. The whole-proceedings problem belongs to the downloaded artifact, not the search record.",,"Class A means only that this is not a container search record. Study design, publication type, relevance, and extractability still require ordinary screening."
10.1093/ijnp/pyaf052.234,A,A_individual_record_with_container_artifact,retain_search_record_and_reacquire_or_slice_exact_item_text,False,high,individual_conference_abstract,oxford_ijnp_item,terminal abstract number after the supplement/article code,327. 5-HT2B RECEPTORS MODULATE THE ANTIDEPRESSANT-LIKE RESPONSE OF THE PSYCHEDELIC LSD IN RAT BUT NOT IN MICE.,2025,International Journal of Neuropsychopharmacology,journal-article,A Bouloufa; S Delcourte; R Rovera; L Mouledous; B Guiard; N Haddjeri,True,2831,"Abstract Background Recent clinical trials show that serotonergic psychedelics, including the prototypical hallucinogen lysergic acid diethylamide (LSD), present a great promise for treating affective disorders. While the hallucinogenic activities of LSD are commonly attributed to stimulation of 5-HT2A receptors, their role in LSD’s antidepressant response is still in debate. Interestingly, LSD is a potent 5-HT receptors ligand endowed with high affinity for most of all 5-HT subtypes (Ki between",crossref,pmc|unpaywall|crossref,False,True,verified_title_only,,327. 5-HT2B RECEPTORS MODULATE THE ANTIDEPRESSANT-LIKE RESPONSE OF THE PSYCHEDELIC LSD IN RAT BUT NOT IN MICE,1.0,True,False,6,"container text includes the target title, but document-level DOI identity is not isolated","The DOI has a terminal abstract number after the supplement/article code; the title names a specific contribution; and metadata supplies an individual abstract. The whole-proceedings problem belongs to the downloaded artifact, not the search record.",,"Class A means only that this is not a container search record. Study design, publication type, relevance, and extractability still require ordinary screening."
10.1093/ijnp/pyaf052.265,A,A_individual_record_with_container_artifact,retain_search_record_and_reacquire_or_slice_exact_item_text,False,high,individual_conference_abstract,oxford_ijnp_item,terminal abstract number after the supplement/article code,"413. CLINICAL EXPERIENCES WITH ESKETAMINE TREATMENT AT THE DEPARTMENT OF PSYCHIATRY AND PSYCHOLOGICAL MEDICINE, UNIVERSITY HOSPITAL CENTRE ZAGREB, DURING THE PERIOD FROM 2022 TO 2024.",2025,International Journal of Neuropsychopharmacology,journal-article,M Živković; M Škaro; P Šimara; I Stefanović; A Mihaljević-Peleš; D Degmečić,True,2380,Abstract Background Treatment-resistant depression (TRD) occurs in about 30% of patients with major depressive disorder who have not achieved an adequate therapeutic response after two or more lines of treatment with antidepressants during a sufficient period of time and at the appropriate dose. Esketamine in combination with an oral antidepressant is the first antidepressant approved for TRD. Aims & Objectives The aim of this study is to present the clinical experience of esketamine treatment a,crossref,pmc|unpaywall|crossref,False,True,verified_title_only,,"413. CLINICAL EXPERIENCES WITH ESKETAMINE TREATMENT AT THE DEPARTMENT OF PSYCHIATRY AND PSYCHOLOGICAL MEDICINE, UNIVERSITY HOSPITAL CENTRE ZAGREB, DURING THE PERIOD FROM 2022 TO 2024",1.0,True,False,7,"container text includes the target title, but document-level DOI identity is not isolated","The DOI has a terminal abstract number after the supplement/article code; the title names a specific contribution; and metadata supplies an individual abstract. The whole-proceedings problem belongs to the downloaded artifact, not the search record.",,"Class A means only that this is not a container search record. Study design, publication type, relevance, and extractability still require ordinary screening."
10.1093/ijnp/pyaf052.304,A,A_individual_record_with_container_artifact,retain_search_record_and_reacquire_or_slice_exact_item_text,False,high,individual_conference_abstract,oxford_ijnp_item,terminal abstract number after the supplement/article code,520. INCREASE OF THE AMPA-EVOKED RESPONSE IN PREFRONTAL CORTEX PYRAMIDAL NEURONS FOLLOWING ACUTE ADMINISTRATION OF KETAMINE AND S-KETAMINE IN RATS.,2025,International Journal of Neuropsychopharmacology,journal-article,P Blier; M El Mansari,True,2950,"Abstract Background Low dose ketamine has been shown, in animal studies, to enhance firing activity of norepinephrine neurons in the locus coeruleus, and burst as well as population activity of dopamine neurons in the ventral tegmental area [1]. These brainstem monoamine nuclei densely innervate the PFC, where clinical studies have shown a facilitation of glutamatergic neurotransmission in the PFC by a single injection of ketamine [2]. Aims & Objectives Due to reciprocal interactions between PFC",crossref,pmc|unpaywall|crossref,False,True,verified_title_only,,520. INCREASE OF THE AMPA-EVOKED RESPONSE IN PREFRONTAL CORTEX PYRAMIDAL NEURONS FOLLOWING ACUTE ADMINISTRATION OF KETAMINE AND S-KETAMINE IN RATS,1.0,True,False,7,"container text includes the target title, but document-level DOI identity is not isolated","The DOI has a terminal abstract number after the supplement/article code; the title names a specific contribution; and metadata supplies an individual abstract. The whole-proceedings problem belongs to the downloaded artifact, not the search record.",,"Class A means only that this is not a container search record. Study design, publication type, relevance, and extractability still require ordinary screening."
10.1093/ijnp/pyaf052.363,A,A_individual_record_with_container_artifact,retain_search_record_and_reacquire_or_slice_exact_item_text,False,high,individual_conference_abstract,oxford_ijnp_item,terminal abstract number after the supplement/article code,544. MOLECULAR AND CELLULAR MECHANISMS OF THE LONG-LASTING EFFECTS OF PSYCHEDELICS AND THEIR NON-HALLUCINOGENIC DERIVATIVES.,2025,International Journal of Neuropsychopharmacology,journal-article,A Aguilar-Valles; D Kot; V Lewis; G Coppola,True,3448,"Abstract Background Major depressive disorder (MDD) is a multifactorial and heterogeneous disorder that affects around 280 million individuals worldwide, with approximately 80 million experiencing treatment-resistant depression (TRD). Neuronal hypotrophy and axon hypomyelination in the prefrontal cortex (PFC) are hallmark features of MDD, highlighting the need for treatments that address these deficits to treat MDD and TRD. Psychedelics, such as psilocybin, have shown rapid and robust therapeuti",crossref,pmc|unpaywall|crossref,False,True,verified_title_only,,544. MOLECULAR AND CELLULAR MECHANISMS OF THE LONG-LASTING EFFECTS OF PSYCHEDELICS AND THEIR NON-HALLUCINOGENIC DERIVATIVES,1.0,True,False,7,"container text includes the target title, but document-level DOI identity is not isolated","The DOI has a terminal abstract number after the supplement/article code; the title names a specific contribution; and metadata supplies an individual abstract. The whole-proceedings problem belongs to the downloaded artifact, not the search record.",,"Class A means only that this is not a container search record. Study design, publication type, relevance, and extractability still require ordinary screening."
10.1093/ijnp/pyaf052.368,A,A_individual_record_with_container_artifact,retain_search_record_and_reacquire_or_slice_exact_item_text,False,high,individual_conference_abstract,oxford_ijnp_item,terminal abstract number after the supplement/article code,551. PSYCHEDELICS AND OCD: TRANSLATIONAL APPROACHES.,2025,International Journal of Neuropsychopharmacology,journal-article,B Lerer; M Brownstien; M Lazar; P Goldstein; A Botvinnik; A Kozikowski; T Lifschytz,True,2384,"Abstract Background Obsessive-compulsive disorder (OCD) is associated with significant personal suffering and functional impairment. At least a third of OCD patients do not respond to conventional treatments. There is a substantial anecdotal literature suggesting that psychedelic agents, specifically psilocybin and psilocybin-containing psychedelic mushroom extract (PME), may be therapeutic in patients with OCD. Several preclinical studies in mice employing the marble burying test (MBT) support ",crossref,pmc|unpaywall|crossref,False,True,verified_title_only,,551. PSYCHEDELICS AND OCD: TRANSLATIONAL APPROACHES,1.0,True,False,2,"container text includes the target title, but document-level DOI identity is not isolated","The DOI has a terminal abstract number after the supplement/article code; the title names a specific contribution; and metadata supplies an individual abstract. The whole-proceedings problem belongs to the downloaded artifact, not the search record.",,"Class A means only that this is not a container search record. Study design, publication type, relevance, and extractability still require ordinary screening."
10.1093/ijnp/pyaf052.372,A,A_individual_record_with_container_artifact,retain_search_record_and_reacquire_or_slice_exact_item_text,False,high,individual_conference_abstract,oxford_ijnp_item,terminal abstract number after the supplement/article code,564. TOWARD AN UNDERSTANDING OF THE THERAPEUTICALLY RELEVANT MECHANISMS OF PSILOCYBIN FOR ANOREXIA NERVOSA.,2025,International Journal of Neuropsychopharmacology,journal-article,C Foldi,True,1927,"Abstract Background Psilocybin, the psychoactive compound produced by so-called “magic” mushrooms has shown promise in alleviating symptoms of a range of psychiatric conditions including depression, anxiety and substance use disorder. Recently, a small Phase 1 trial showed psilocybin to be safe and tolerable for individuals with anorexia nervosa (AN), with 4/10 participants experiencing long-lasting improvements in eating disorder symptoms. Aims & Objectives A major challenge in understanding th",crossref,pmc|unpaywall|crossref,False,True,verified_title_only,,564. TOWARD AN UNDERSTANDING OF THE THERAPEUTICALLY RELEVANT MECHANISMS OF PSILOCYBIN FOR ANOREXIA NERVOSA,1.0,True,False,6,"container text includes the target title, but document-level DOI identity is not isolated","The DOI has a terminal abstract number after the supplement/article code; the title names a specific contribution; and metadata supplies an individual abstract. The whole-proceedings problem belongs to the downloaded artifact, not the search record.",,"Class A means only that this is not a container search record. Study design, publication type, relevance, and extractability still require ordinary screening."
10.1093/ijnp/pyaf052.377,A,A_individual_record_with_container_artifact,retain_search_record_and_reacquire_or_slice_exact_item_text,False,high,individual_conference_abstract,oxford_ijnp_item,terminal abstract number after the supplement/article code,577. CLINICAL EVIDENCE AND APPLICATIONS OF PSYCHEDELICS FOR MENTAL ILLNESSES.,2025,International Journal of Neuropsychopharmacology,journal-article,H Tani,True,2626,"Abstract Background Psychedelics have long been explored as potential treatments for mental illnesses. Since the mid-20th century, clinical trials of psychedelics such as LSD for depression and anxiety in terminally ill patients have been conducted. In the 21st century, revived and accelerated efforts to promote the proper use of psychedelics in the medical field have led to increasingly rigorous trials investigating their use for depression, terminal illness, addiction, obsessive-compulsive dis",crossref,pmc|unpaywall|crossref,False,True,verified_title_only,,577. CLINICAL EVIDENCE AND APPLICATIONS OF PSYCHEDELICS FOR MENTAL ILLNESSES,1.0,True,False,3,"container text includes the target title, but document-level DOI identity is not isolated","The DOI has a terminal abstract number after the supplement/article code; the title names a specific contribution; and metadata supplies an individual abstract. The whole-proceedings problem belongs to the downloaded artifact, not the search record.",,"Class A means only that this is not a container search record. Study design, publication type, relevance, and extractability still require ordinary screening."
10.1093/ijnp/pyaf052.395,A,A_individual_record_with_container_artifact,retain_search_record_and_reacquire_or_slice_exact_item_text,False,high,individual_conference_abstract,oxford_ijnp_item,terminal abstract number after the supplement/article code,651. DISCOVERY OF OMICS-BIOMARKERS OF KETAMINE FOR TREATMENT RESPONSE IN DEPRESSION,2025,International Journal of Neuropsychopharmacology,journal-article,B Baune; E van Assche; KADS Study Group Australia,True,3624,"Abstract Background DNA methylation is a biomarker suited to investigate dynamic processes, such as treatment response. For this analysis we focus on DNA methylation changes during a randomised controlled trial (RCT) in treatment resistant depressed patients comparing racemic ketamine (s.c.) versus midazolam (s.c.) (the Ketamine for Adult Depression Study - KADS). This clinical trial showed a stronger clinical response for patients in the response-guided dosing paradigm. We investigated epigenom",crossref,pmc|unpaywall|crossref,False,True,verified_title_only,,651. DISCOVERY OF OMICS-BIOMARKERS OF KETAMINE FOR TREATMENT RESPONSE IN DEPRESSION,1.0,True,False,3,"container text includes the target title, but document-level DOI identity is not isolated","The DOI has a terminal abstract number after the supplement/article code; the title names a specific contribution; and metadata supplies an individual abstract. The whole-proceedings problem belongs to the downloaded artifact, not the search record.",,"Class A means only that this is not a container search record. Study design, publication type, relevance, and extractability still require ordinary screening."
10.1093/ijnp/pyaf052.397,A,A_individual_record_with_container_artifact,retain_search_record_and_reacquire_or_slice_exact_item_text,False,high,individual_conference_abstract,oxford_ijnp_item,terminal abstract number after the supplement/article code,655. EXPANDING ACCESS TO KETAMINE THROUGH REFORMULATION,2025,International Journal of Neuropsychopharmacology,journal-article,P Glue,True,2144,"Abstract Background Ketamine, a rapidly acting antidepressant, requires dosing in clinic because of strong symptoms of dissociation and sedation after IV/IN dosing. This need for dosing in clinic limits capacity to treat patients with Treatment Resistant depression (TRD). We hypothesize that ketamine formulations that maximize ketamine’s first pass metabolism and delay absorption will have improved tolerance 1 and could permit dosing at home. Aims & Objectives To evaluate the safety, tolerabilit",crossref,pmc|unpaywall|crossref,False,True,verified_title_only,,655. EXPANDING ACCESS TO KETAMINE THROUGH REFORMULATION,1.0,True,False,11,"container text includes the target title, but document-level DOI identity is not isolated","The DOI has a terminal abstract number after the supplement/article code; the title names a specific contribution; and metadata supplies an individual abstract. The whole-proceedings problem belongs to the downloaded artifact, not the search record.",,"Class A means only that this is not a container search record. Study design, publication type, relevance, and extractability still require ordinary screening."
10.1093/ijnp/pyaf052.399,A,A_individual_record_with_container_artifact,retain_search_record_and_reacquire_or_slice_exact_item_text,False,high,individual_conference_abstract,oxford_ijnp_item,terminal abstract number after the supplement/article code,657. ECONOMIC EVALUATIONS OF EMERGING PHARMACOLOGICAL THERAPIES FOR TREATMENT RESISTANT DEPRESSION.,2025,International Journal of Neuropsychopharmacology,journal-article,M L Chatterton,True,2463,"Abstract Background Treatment resistant depression (TRD) affects approximately 30% of people with major depressive disorder (MDD) and is associated with significant individual and societal burden. Emerging pharmacological therapies (i.e.ketamine, esketamine, psilocybin) have evidence of efficacy in TRD; however, there is less data on their cost-effectiveness which is important for funding through governments and insurers. Without being subsidised, access to these treatments will likely be limite",crossref,pmc|unpaywall|crossref,False,True,verified_title_only,,657. ECONOMIC EVALUATIONS OF EMERGING PHARMACOLOGICAL THERAPIES FOR TREATMENT RESISTANT DEPRESSION,1.0,True,False,4,"container text includes the target title, but document-level DOI identity is not isolated","The DOI has a terminal abstract number after the supplement/article code; the title names a specific contribution; and metadata supplies an individual abstract. The whole-proceedings problem belongs to the downloaded artifact, not the search record.",,"Class A means only that this is not a container search record. Study design, publication type, relevance, and extractability still require ordinary screening."
10.1093/ijnp/pyaf052.401,A,A_individual_record_with_container_artifact,retain_search_record_and_reacquire_or_slice_exact_item_text,False,high,individual_conference_abstract,oxford_ijnp_item,terminal abstract number after the supplement/article code,661. A SINGLE DOSE OF LYSERGIC ACID DIETHYLAMIDE (LSD) REDUCES ALCOHOL CONSUMPTION AND REVERTS DOPAMINERGIC (DA) DISFUNCTION IN MALE MICE.,2025,International Journal of Neuropsychopharmacology,journal-article,I Esquivel; I Soliman; F Ruto; D De Gregorio,True,2651,"Abstract Background Alcohol use disorder (AUD) presents significant health and societal issues. The disorder is characterized by locomotor impairments and disruption of the dopaminergic neurotransmission in the ventral tegmental area (VTA). Current AUD treatments are limited, necessitating the exploration of novel drugs. The potential therapeutic use of psychedelics, particularly lysergic acid diethylamide (LSD), has gained attention in psychiatry and addiction. However, our understanding of the",crossref,pmc|unpaywall|crossref,False,True,verified_title_only,,661. A SINGLE DOSE OF LYSERGIC ACID DIETHYLAMIDE (LSD) REDUCES ALCOHOL CONSUMPTION AND REVERTS DOPAMINERGIC (DA) DISFUNCTION IN MALE MICE,1.0,True,False,3,"container text includes the target title, but document-level DOI identity is not isolated","The DOI has a terminal abstract number after the supplement/article code; the title names a specific contribution; and metadata supplies an individual abstract. The whole-proceedings problem belongs to the downloaded artifact, not the search record.",,"Class A means only that this is not a container search record. Study design, publication type, relevance, and extractability still require ordinary screening."
10.1093/ijnp/pyw041.503,A,A_individual_record_with_container_artifact,retain_search_record_and_reacquire_or_slice_exact_item_text,False,high,individual_conference_abstract,oxford_ijnp_item,terminal abstract number after the supplement/article code,PM503. Spatial components of magnetic mismatch negativity and the cortical thickness of its structural correlates in schizophrenia,2016,The International Journal of Neuropsychopharmacology,article,Jiyoon Jasmine Seol; Kang Ik K. Cho; Chun Kee Chung; Minah Kim; Sung Nyun Kim; Jun Soo Kwon; Je‐Yeon Yun,True,964,"Psilocybin, a classical tryptamine hallucinogen, serves as a model of acute psychosis in humans. Intoxication with this compound induces significant alterations in perception, thought disturbance and emotional processing, effects that mimic psychotic symptoms. The neurochemical basis of its effects is related to the stimulation of serotonin 5-HT 1A a 5-HT 2A/C receptors. Disconnection is one of the core neurobiological features underlying psychosis with altered connectivity of resting state (def",openalex,pmc|unpaywall|crossref|openalex,False,True,verified_title_only,,Effect of psilocybin on EEG brain connectivity in healthy volunteers -preliminary report,0.2202,True,False,0,"container text includes the target title, but document-level DOI identity is not isolated","The DOI has a terminal abstract number after the supplement/article code; the title names a specific contribution; and metadata supplies an individual abstract. The whole-proceedings problem belongs to the downloaded artifact, not the search record.",,"Class A means only that this is not a container search record. Study design, publication type, relevance, and extractability still require ordinary screening."
10.1093/ijnp/pyw041.504,A,A_individual_record_with_container_artifact,retain_search_record_and_reacquire_or_slice_exact_item_text,False,high,individual_conference_abstract,oxford_ijnp_item,terminal abstract number after the supplement/article code,PM504. Theory of Mind in Clinical high risk as trait marker of conversion to psychosis: review,2016,The International Journal of Neuropsychopharmacology,article,Jee-Hyung Suh; Tae Young Lee; Jun Soo Kwon,True,964,"Psilocybin, a classical tryptamine hallucinogen, serves as a model of acute psychosis in humans. Intoxication with this compound induces significant alterations in perception, thought disturbance and emotional processing, effects that mimic psychotic symptoms. The neurochemical basis of its effects is related to the stimulation of serotonin 5-HT 1A a 5-HT 2A/C receptors. Disconnection is one of the core neurobiological features underlying psychosis with altered connectivity of resting state (def",openalex,pmc|unpaywall|crossref|openalex,False,True,verified_title_only,,Effect of psilocybin on EEG brain connectivity in healthy volunteers -preliminary report,0.2747,True,False,0,"container text includes the target title, but document-level DOI identity is not isolated","The DOI has a terminal abstract number after the supplement/article code; the title names a specific contribution; and metadata supplies an individual abstract. The whole-proceedings problem belongs to the downloaded artifact, not the search record.",,"Class A means only that this is not a container search record. Study design, publication type, relevance, and extractability still require ordinary screening."
10.1093/ijnp/pyw042.062,A,A_individual_record_with_container_artifact,retain_search_record_and_reacquire_or_slice_exact_item_text,False,medium,individual_symposium_contribution,oxford_ijnp_item,terminal abstract number after the supplement/article code,"Speaker 1: Barbara Sahakian, UK",2016,The International Journal of Neuropsychopharmacology,article,Barbara J. Sahakian; J Beddington; C Cooper; J Field; U Goswami; F Huppert; R Jenkins; H Jones; T Kirkwood; B Sahakian,True,704,"forced swimming test, and antidepressant effects were attenuated by local injection of NBQX into the mPFC, indicating that both an mGlu2/3 receptor antagonist and ketamine exert the effects through AMPA receptor stimulation in the mPFC. In addition, we found that depletion of serotonin blocked antidepressant effects induced by local injection of LY341495 or ketamine into the mPFC. We also found that both compounds increased the c-Fos expression in the serotonin neurons in the dorsal raphe nucleu",openalex,pmc|openalex,False,True,identity_unverified,,"4.45 -16.30 S15: Cognitive Dysfunction in Depression: Enabling discovery and Treatment development Chair: Barbara Sahakian, UK Co-Chair: Si Tianmei, China Speaker 1: Barbara Sahakian, UK",0.2857,True,False,3,"container text includes the target title, but document-level DOI identity is not isolated","The DOI has a terminal abstract number after the supplement/article code; the title names a specific contribution; and metadata supplies an individual abstract. The whole-proceedings problem belongs to the downloaded artifact, not the search record.",This is an individual speaker/session contribution rather than a conventional research paper.,"Class A means only that this is not a container search record. Study design, publication type, relevance, and extractability still require ordinary screening."
10.1093/ijnp/pyw043.101,A,A_individual_record_with_container_artifact,retain_search_record_and_reacquire_or_slice_exact_item_text,False,high,individual_conference_abstract,oxford_ijnp_item,terminal abstract number after the supplement/article code,PS101. Oral Ketamine for Treatment Resistant Major Depression – A double blind randomized controlled trial,2016,The International Journal of Neuropsychopharmacology,article,Yoav Domany; Maya Bleich‐Cohen; Nadav Stoppelman; Talma Hendler; Ricardo Tarrasch; Shaul Schreiber; Roi Meidan; Haggai Sharon,True,1140,"35administered at baseline, weeks 1, 2, 4, and week 8.The dose of desvenlafaxine was fixed (50mg/day) until week 4, after which it was flexible up to 100mg/day, based on response and tolerability.Results: Montgomery Asberg Depression Scale scores significantly decreased from baseline (M=23.61,SD=5.51) to end of treatment (M=12.29,SD=8.41), p<.0001.Severity of illness, as measured by the Clinical Global Impression scale, as well as selfreported depressive symptom scores, significantly decreased f",openalex,pmc|unpaywall|crossref|openalex,False,True,verified_title_only,,Oral Ketamine for Treatment Resistant Major Depression -A double blind randomized controlled trial,0.951,False,False,0,acquired file does not reliably isolate the target item from the larger container,"The DOI has a terminal abstract number after the supplement/article code; the title names a specific contribution; and metadata supplies an individual abstract. The whole-proceedings problem belongs to the downloaded artifact, not the search record.",,"Class A means only that this is not a container search record. Study design, publication type, relevance, and extractability still require ordinary screening."
10.1093/ijnp/pyw043.142,A,A_individual_record_with_container_artifact,retain_search_record_and_reacquire_or_slice_exact_item_text,False,high,individual_conference_abstract,oxford_ijnp_item,terminal abstract number after the supplement/article code,PS142. Ketamine is effective in an animal model of treatment resistant depression,2016,International Journal of Neuropsychopharmacology,article,V. Pereira; S. Joca; G. Wegener,True,2794,"One of the main symptoms of major depressive disorder is an inability to experience pleasure, anhedonia. Dopaminergic neurons projecting from the ventral tegmental area (VTA) to the nucleus accumbens (NAc) constitute the brain reward system. Various kinds of rewards and drugs of abuse elevate the dopamine (DA) release in the NAc, which is considered to be important to generate pleasant emotion. In the animal models of depression, sucrose preference is reported to be reduced, and this reduction i",semantic_scholar,pmc|unpaywall|crossref|openalex|semantic_scholar,False,True,verified_title_only,,Suppression of reward-induced dopamine release in the nucleus accumbens of the chronic mild stress model rats,0.0947,True,False,0,"container text includes the target title, but document-level DOI identity is not isolated","The DOI has a terminal abstract number after the supplement/article code; the title names a specific contribution; and metadata supplies an individual abstract. The whole-proceedings problem belongs to the downloaded artifact, not the search record.",,"Class A means only that this is not a container search record. Study design, publication type, relevance, and extractability still require ordinary screening."
10.1093/ijnp/pyw043.222,A,A_individual_record_with_container_artifact,retain_search_record_and_reacquire_or_slice_exact_item_text,False,high,individual_conference_abstract,oxford_ijnp_item,terminal abstract number after the supplement/article code,PS222. Ketamine Exerts a Prolonged Reduction in Suicidal Ideation Independent of its Antidepressant Effects,2016,International Journal of Neuropsychopharmacology,journal-article,Jennifer L. Phillips; Sandhaya Norris; Jeanne Talbot; Olabisi Owoeye; Pierre Blier,True,275,s | 81 of 10000 lux would have much less impact on Indian subjects. 2. Ethnicity – in both studies the subjects were born and spent considerable time in their own respective country. 3. Cultural variations in the food consumed usually by the subjects in respective countries.,pmc,pmc|openalex|crossref,False,True,identity_unverified,,Major depressive disorder and initial insulin hyposecretion in oral glucose tolerance test,0.3147,True,True,6,"container includes the target item, while its header or opening item identifies another contribution","The DOI has a terminal abstract number after the supplement/article code; the title names a specific contribution; and metadata supplies an individual abstract. The whole-proceedings problem belongs to the downloaded artifact, not the search record.",,"Class A means only that this is not a container search record. Study design, publication type, relevance, and extractability still require ordinary screening."
10.1093/schbul/13.4.643,A,A_individual_record_with_container_artifact,retain_search_record_and_reacquire_or_slice_exact_item_text,False,high,individual_conference_or_journal_item,oxford_schizophrenia_bulletin_item,terminal abstract number or volume-issue-page locator,Startle Habituation and Sensorimotor Gating in Schizophrenia and Related Animal Models,1987,Schizophrenia Bulletin,"Journal Article | Research Support, U.S. Gov't, P.H.S.",Mark A. Geyer; David Braff,True,1807,Studies of the habituation and sensorimotor gating of startle responses to strong exteroceptive stimuli provide some unique opportunities for cross-species explorations into information processing and attentional deficits in schizophrenia. The behavioral plasticity of startle paradigms greatly facilitates the development of animal models of specifiable behavioral abnormalities in schizophrenic patients. This article reviews the promising findings of studies in which measures of startle have been,pubmed,pubmed|unpaywall,False,True,verified_title_only,,Startle Habituation and Sensorimotor Gating in Schizophrenia and Related Animal Models,1.0,True,False,0,"container text includes the target title, but document-level DOI identity is not isolated","The DOI has a terminal abstract number or volume-issue-page locator; the title names a specific contribution; and metadata supplies an individual abstract. The whole-proceedings problem belongs to the downloaded artifact, not the search record.",,"Class A means only that this is not a container search record. Study design, publication type, relevance, and extractability still require ordinary screening."
10.1093/schbul/16.1.31,A,A_individual_record_with_container_artifact,retain_search_record_and_reacquire_or_slice_exact_item_text,False,high,individual_conference_or_journal_item,oxford_schizophrenia_bulletin_item,terminal abstract number or volume-issue-page locator,Prevalence of Substance Abuse in Schizophrenia: Demographic and Clinical Correlates,1990,Schizophrenia Bulletin,journal-article,K. T. Mueser; P. R. Yarnold; D. F. Levinson; H. Singh; A. S. Bellack; K. Kee; R. L. Morisson; K. G. Yadalam,True,1587,"Methodological issues involved in assessing the prevalence of substance abuse in schizophrenia are discussed, and previous research in this area is comprehensively reviewed. Many studies suffer from methodological shortcomings, including the lack of diagnostic rigor, adequate sample sizes, and simultaneous assessment of different types of substance abuse (e.g., stimulants, sedatives). In general, the evidence suggests that the prevalence of substance abuse in schizophrenia is comparable to that ",unpaywall,unpaywall,False,True,verified_title_only,,Prevalence of Substance Abuse in Schizophrenia: Demographic and Clinical Correlates 31,1.0,True,False,0,"container text includes the target title, but document-level DOI identity is not isolated","The DOI has a terminal abstract number or volume-issue-page locator; the title names a specific contribution; and metadata supplies an individual abstract. The whole-proceedings problem belongs to the downloaded artifact, not the search record.",,"Class A means only that this is not a container search record. Study design, publication type, relevance, and extractability still require ordinary screening."
10.1093/schbul/9.1.73,A,A_individual_record_with_container_artifact,retain_search_record_and_reacquire_or_slice_exact_item_text,False,high,individual_conference_or_journal_item,oxford_schizophrenia_bulletin_item,terminal abstract number or volume-issue-page locator,"Dreams, Hallucinogenic Drug States, and Schizophrenia: A Psychological and Biological Comparison",1983,Schizophrenia Bulletin,Journal Article,L. G. Fischman,True,1146,"Many observers have noted similarities between dreams, hallucinogenic drug states, and schizophrenia. In the present article, certain fundamental areas of convergence between the three states are described. Consideration is given to the hallucinogenic drug model of psychosis: the reasons for its initial attractiveness, and the reasons for its current disfavor. The concept of ego boundaries is defined, examined, and applied to the three states. In these states, the ego's capacity to average or sy",unpaywall,unpaywall,False,True,verified_title_only,,"Dreams, Hallucinogenic Drug States, and Schizophrenia: A Psychological and Biological Comparison 73",1.0,True,False,0,"container text includes the target title, but document-level DOI identity is not isolated","The DOI has a terminal abstract number or volume-issue-page locator; the title names a specific contribution; and metadata supplies an individual abstract. The whole-proceedings problem belongs to the downloaded artifact, not the search record.",,"Class A means only that this is not a container search record. Study design, publication type, relevance, and extractability still require ordinary screening."
10.1093/schbul/sby015.230,A,A_individual_record_with_container_artifact,retain_search_record_and_reacquire_or_slice_exact_item_text,False,high,individual_conference_or_journal_item,oxford_schizophrenia_bulletin_item,terminal abstract number or volume-issue-page locator,O7.1. MIDBRAIN DOPAMINE NEURON ACTIVITY CONTROLS THE EFFECTS OF REPEATED KETAMINE ON STRIATAL DOPAMINERGIC FUNCTION.,2018,Schizophrenia Bulletin,journal-article,Michelle Kokkinou; Oliver Howes,True,3577,"Schizophrenia is a chronic debilitating disorder which affects about 21 million people worldwide (WHO 2017). Elevated pre-synaptic striatal dopamine synthesis capacity is a robust neurochemical alteration seen in patients with schizophrenia compared to controls, with a large effect size Cohen’s d=0.79 (Howes et al., 2012). Ketamine, a non-competitive N-methyl-D-aspartate receptor (NMDAR) antagonist induces psychotomimetic effects in healthy human (Krystal et al., 1994, Stone et al., 2007) and ex",pmc,pmc|unpaywall|crossref,False,True,verified_title_only,,O7. Oral Session: Pharmacology O7.1. MIDBRAIN DOPAMINE NEURON ACTIVITY CONTROLS THE EFFECTS OF REPEATED KETAMINE ON STRIATAL DOPAMINERGIC FUNCTION,0.8779,True,False,5,"container text includes the target title, but document-level DOI identity is not isolated","The DOI has a terminal abstract number or volume-issue-page locator; the title names a specific contribution; and metadata supplies an individual abstract. The whole-proceedings problem belongs to the downloaded artifact, not the search record.",,"Class A means only that this is not a container search record. Study design, publication type, relevance, and extractability still require ordinary screening."
10.1093/schbul/sby017.677,A,A_individual_record_with_container_artifact,retain_search_record_and_reacquire_or_slice_exact_item_text,False,high,individual_conference_or_journal_item,oxford_schizophrenia_bulletin_item,terminal abstract number or volume-issue-page locator,F146. S-KETAMINE-INDUCED NMDA RECEPTOR BLOCKADE DURING NATURAL SPEECH PRODUCTION AND ITS IMPLICATIONS FOR FORMAL THOUGHT DISORDER IN SCHIZOPHRENIA: A PHARMACO-FMRI STUDY,2018,Schizophrenia Bulletin,article,Tilo Kircher; Arne Nagels,True,2461,"FTD is a dimensional, phenomenologically defined construct, which can clinically be subdivided into positive (pFTD) versus negative (nFTD) as well as objective versus subjective symptom clusters. Structural and functional changes in the lateral temporal language areas have been related to formal thought disorder (FTD) in schizophrenia. Continuous, natural speech production activates the right lateral temporal lobe in schizophrenia, as opposed to the left in healthy subjects. Positive and negativ",openalex,pmc|openalex,False,True,target_text_with_conflicting_doi,10.1038/npp.2017.270,,,True,True,2,"container includes the target item, while its header or opening item identifies another contribution","The DOI has a terminal abstract number or volume-issue-page locator; the title names a specific contribution; and metadata supplies an individual abstract. The whole-proceedings problem belongs to the downloaded artifact, not the search record.",,"Class A means only that this is not a container search record. Study design, publication type, relevance, and extractability still require ordinary screening."
10.1093/schbul/sby017.688,A,A_individual_record_with_container_artifact,retain_search_record_and_reacquire_or_slice_exact_item_text,False,high,individual_conference_or_journal_item,oxford_schizophrenia_bulletin_item,terminal abstract number or volume-issue-page locator,F157. HIERARCHICAL PREDICTION ERRORS DURING AUDITORY MISMATCH UNDER PHARMACOLOGICAL MANIPULATIONS: A COMPUTATIONAL SINGLE-TRIAL EEG ANALYSIS.,2018,Schizophrenia Bulletin,journal-article,Lilian Weber; Andreea Diaconescu; Sara Tomiello; Dario Schöbi; Sandra Iglesias; Christoph Mathys; Helene Haker; Gabor Stefanics; André Schmidt; Michael Kometer,True,2203,"A central theme of contemporary neuroscience is the notion that the brain embodies a generative model of its sensory inputs to infer on the underlying environmental causes, and that it uses hierarchical prediction errors (PEs) to continuously update this model. In two pharmacological EEG studies, we investigate trial-wise hierarchical PEs during the auditory mismatch negativity (MMN), an electrophysiological response to unexpected events, which depends on NMDA-receptor mediated plasticity and ha",pmc,pmc|unpaywall|crossref,False,True,verified_title_only,,Poster Session II S281,0.1472,True,False,0,"container text includes the target title, but document-level DOI identity is not isolated","The DOI has a terminal abstract number or volume-issue-page locator; the title names a specific contribution; and metadata supplies an individual abstract. The whole-proceedings problem belongs to the downloaded artifact, not the search record.",,"Class A means only that this is not a container search record. Study design, publication type, relevance, and extractability still require ordinary screening."
10.1093/sleep/32.11.1513,A,A_individual_record_with_container_artifact,retain_search_record_and_reacquire_or_slice_exact_item_text,False,high,individual_conference_or_journal_item,oxford_sleep_item,terminal abstract number or volume-issue-page locator,"Effects of Acute 3, 4-Methylenedioxymethamphetamine on Sleep and Daytime Sleepiness in MDMA Users: A Preliminary Study",2009,SLEEP,article,Surilla Randall; Chris‐Ellyn Johanson; Manuel E. Tancer; Timothy Roehrs,True,2294,"STUDY OBJECTIVE: 3,4-Methylenedioxymethamphetamine (MDMA) affects monoamine neurotransmitters that play a critical role in sleep and daytime alertness. However, the acute effects of MDMA on sleep and daytime sleepiness have not been studied under placebo-controlled conditions. This study was designed to establish the effects of acute MDMA or placebo administration and sleep restriction on sleep and daytime sleepiness. DESIGN: Participants with a history of MDMA use were studied on 3 sessions of ",openalex,pubmed|openalex,False,True,identity_unverified,,EFFECtS OF ACUtE MDMA ON SLEEP AND SLEEPINESS,0.5521,False,False,5,acquired file does not reliably isolate the target item from the larger container,"The DOI has a terminal abstract number or volume-issue-page locator; the title names a specific contribution; and metadata supplies an individual abstract. The whole-proceedings problem belongs to the downloaded artifact, not the search record.",,"Class A means only that this is not a container search record. Study design, publication type, relevance, and extractability still require ordinary screening."
10.1093/sleep/zsaf090.0414,A,A_individual_record_with_container_artifact,retain_search_record_and_reacquire_or_slice_exact_item_text,False,high,individual_conference_or_journal_item,oxford_sleep_item,terminal abstract number or volume-issue-page locator,0414 The Interaction of Historical Psychedelic Use and Time Spent in Bed on Sleep Architecture,2025,SLEEP,article,April Roper; Chase A. Stratton; Janeese Brownlow,True,2333,"Abstract Introduction Approximately 12% of U.S. adults report having used any type of psychedelic at some point in their lives, making it one of the most widely used recreational drugs. There exists a need for a better understanding of the consequences of use on objective sleep habits. Research on psychedelics effects on sleep indicate increased sleep duration, increased REM latency, and decreased slow wave sleep occur during and immediately after the post trip phase. The purpose of this study w",openalex,openalex,False,True,identity_unverified,,EFFECT OF TRANSCUTANEOUS VAGAL NERVE STIMULATION (TVNS) ADMINISTERED DURING THE FIRST AND SECOND HALF OF THE NIGHT ON SLEEP STAGE ARCHITECTURE,0.3475,False,False,0,acquired file does not reliably isolate the target item from the larger container,"The DOI has a terminal abstract number or volume-issue-page locator; the title names a specific contribution; and metadata supplies an individual abstract. The whole-proceedings problem belongs to the downloaded artifact, not the search record.",,"Class A means only that this is not a container search record. Study design, publication type, relevance, and extractability still require ordinary screening."
10.1136/rapm-2023-esra.669,A,A_individual_record_with_container_artifact,retain_search_record_and_reacquire_or_slice_exact_item_text,False,high,individual_expert_session_contribution,bmj_esra_item,terminal ESRA contribution number,#36946 Ketamine in acute and chronic pain,2023,Ask the expert session,article,Evmorfia Stavropoulou,True,13515,<h3></h3> Acute and chronic pain remains a significant health problem worldwide. The aging of the population has led to an increased number of individuals experiencing both acute injuries and chronic diseases that cause pain. Ketamine was originally developed by Craig Newlands and later synthesized by Calvin Stevens in 1962. It is a derivative of phenylcyclidine in order to produce a safer and more manageable drug. Recently there has been an increased interest about it especially in emergency me,openalex,unpaywall|crossref|openalex,False,True,verified_title_only,,,,True,True,0,"container includes the target item, while its header or opening item identifies another contribution","The DOI has a terminal ESRA contribution number; the title names a specific contribution; and metadata supplies an individual abstract. The whole-proceedings problem belongs to the downloaded artifact, not the search record.",This is an individually DOI-registered expert-session contribution; its evidence type still needs separate review.,"Class A means only that this is not a container search record. Study design, publication type, relevance, and extractability still require ordinary screening."
10.1136/rapm-2024-esra.582,A,A_individual_record_with_container_artifact,retain_search_record_and_reacquire_or_slice_exact_item_text,False,high,individual_expert_session_contribution,bmj_esra_item,terminal ESRA contribution number,G33 Psychedelic drugs for the treatment of chronic pain: is ketamine included?,2024,Ask the expert – Psychedelic substances,article,Amany E. Ayad,True,8508,"<h3></h3> One of the main causes of misery and incapacity is chronic pain, which is frequently linked to psychological issues. Psychedelic substances are drugs that can exert a psychological effect on patients. Psychedelic drugs like lysergic acid diethylamide (LSD) and psilocybin, exert their action mainly via activation of the serotonin-2A (5-HT2A).<sup>1</sup> In a trial to understand the actual mode of action of psychedelics in chronic pain setting; Joel Castellanos et al<sup>2</sup> elabora",openalex,openalex,False,True,identity_mismatch,10.1016/j.pain.2005.03.025,Networking session -Complications in obstetric anaesthesia G30 AMNIOTIC FLUID EMBOLISM,0.2927,False,True,0,acquired file does not reliably isolate the target item from the larger container,"The DOI has a terminal ESRA contribution number; the title names a specific contribution; and metadata supplies an individual abstract. The whole-proceedings problem belongs to the downloaded artifact, not the search record.",This is an individually DOI-registered expert-session contribution; its evidence type still needs separate review.,"Class A means only that this is not a container search record. Study design, publication type, relevance, and extractability still require ordinary screening."
10.1192/j.eurpsy.2021.1112,A,A_individual_record_with_container_artifact,retain_search_record_and_reacquire_or_slice_exact_item_text,False,high,individual_conference_or_journal_item,cambridge_european_psychiatry_item,terminal year-and-item number,Lysergic acid diethylamide (LSD) promotes social behaviour through 5-HT <sub>2A</sub> and ampa in the medial prefrontal cortex (MPFC),2021,European Psychiatry,article,Athanasios Markopoulos; Antonio Inserra; Danilo De Gregorio; Gabriella Gobbi,True,1751,"Introduction Autism Spectrum Disorder and Social Anxiety Disorder are mental illnesses characterized by a dysfunction in social behavior (SB); a phenomenon largely mediated by the medial prefrontal cortex (mPFC). Clinical studies have demonstrated that lysergic acid diethylamide (LSD), a partial agonist of the 5-HT 2A receptor, can promote SB. However, its mechanism of action on SB is unknown. Objectives To assess the effects of repeated LSD administration on social behavior in mice and to ident",openalex,pmc|openalex,False,True,identity_mismatch,10.1192/j.eurpsy.2021.1110,Functional connectivity between brain regions underlying executive control and language in schizophrenia patients with history of auditory verbal hallucinations,0.2624,False,True,7,acquired file does not reliably isolate the target item from the larger container,"The DOI has a terminal year-and-item number; the title names a specific contribution; and metadata supplies an individual abstract. The whole-proceedings problem belongs to the downloaded artifact, not the search record.",,"Class A means only that this is not a container search record. Study design, publication type, relevance, and extractability still require ordinary screening."
10.1192/j.eurpsy.2021.1114,A,A_individual_record_with_container_artifact,retain_search_record_and_reacquire_or_slice_exact_item_text,False,high,individual_conference_or_journal_item,cambridge_european_psychiatry_item,terminal year-and-item number,Psilocybin in the treatment of obsessive-compulsive disorder: What do we know so far?,2021,European Psychiatry,article,Nelson Descalço; Ana Beatriz Medeiros; Cátia Fernandes Santos; Guilherme Borges,True,1707,"Introduction Psilocybin is a naturally occurring plant alkaloid in mushrooms and a prodrug of psilocin. It is a serotonin receptor (5-HT2A) agonist and known psychedelic, with similar hallucinatory properties to lysergic acid diethylamide (LSD). It has been identified as a safe and effective option in treatment-resistant depression. Literature focus mainly on its use on depressive but its interest in other psychiatric disorders such as obsessive-compulsive disorder (OCD) has grown. Objectives To",openalex,pmc|openalex,False,True,identity_mismatch,10.1192/j.eurpsy.2021.1113,Comorbidity and therapeutic response of body dysmorphic disorder (BDD) in autism spectrum disorder (ASD),0.4021,True,True,0,"container includes the target item, while its header or opening item identifies another contribution","The DOI has a terminal year-and-item number; the title names a specific contribution; and metadata supplies an individual abstract. The whole-proceedings problem belongs to the downloaded artifact, not the search record.",,"Class A means only that this is not a container search record. Study design, publication type, relevance, and extractability still require ordinary screening."
10.1192/j.eurpsy.2021.1209,A,A_individual_record_with_container_artifact,retain_search_record_and_reacquire_or_slice_exact_item_text,False,high,individual_conference_or_journal_item,cambridge_european_psychiatry_item,terminal year-and-item number,Therapeutic interventions for PTSD – current evidence on the the role of psychedelics,2021,European Psychiatry,article,I. Figueiredo; Filipa Viegas; F. Ferreira; Ana Catarina Santos; J. Sousa Ramos; João Victor Oliveira Miranda,True,1803,"Introduction Post-traumatic stress disorder (PTSD) is often a chronic condition, despite the existence of evidence-based treatment options. Psychotherapy is the designated first line treatment for PTSD, although high rates of psychiatric and medical comorbidity are observed among patients who have undergone treatment. The psychoactive properties of psychedelics may be of particular interest within a substance-assisted psychotherapy approach, offering new treatment opportunities for this debilita",openalex,pmc|openalex,False,True,identity_mismatch,10.1192/j.eurpsy.2021.1207,Tokophobia or post-traumatic stress disorder ? about a tunisian case,0.2338,True,True,0,"container includes the target item, while its header or opening item identifies another contribution","The DOI has a terminal year-and-item number; the title names a specific contribution; and metadata supplies an individual abstract. The whole-proceedings problem belongs to the downloaded artifact, not the search record.",,"Class A means only that this is not a container search record. Study design, publication type, relevance, and extractability still require ordinary screening."
10.1192/j.eurpsy.2021.1278,A,A_individual_record_with_container_artifact,retain_search_record_and_reacquire_or_slice_exact_item_text,False,high,individual_conference_or_journal_item,cambridge_european_psychiatry_item,terminal year-and-item number,The role of intranasal esketamine in treatment-resistant depression,2021,European Psychiatry,article,A. Fraga; Daniel Esteves-Sousa; João Facucho-Oliveira; Margarida Albuquerque; María Dolores Costa; P. Espada-Santos; A. Moutinho,True,1953,"Introduction Major depressive disorder (MDD) is a highly prevalent clinical condition with a leading cause of disability worldwide. Unfortunately, about 1/3 of patients with MDD fail to achieve remission despite treatment with multiple antidepressants and are considered to have treatment-resistant depression (TRD). Research showed abnormalities in glutamatergic transmission in neural circuits and antidepressant efficacy with the N-methyl-D-aspartate (NMDA) receptor antagonist, ketamine. Objectiv",openalex,pmc|openalex,False,True,identity_mismatch,10.1192/j.eurpsy.2021.1276,"Clinical features, effectiveness of therapy and quality of life of patients with type 2 diabetes and comorbid schizophrenia",0.2094,True,True,1,"container includes the target item, while its header or opening item identifies another contribution","The DOI has a terminal year-and-item number; the title names a specific contribution; and metadata supplies an individual abstract. The whole-proceedings problem belongs to the downloaded artifact, not the search record.",,"Class A means only that this is not a container search record. Study design, publication type, relevance, and extractability still require ordinary screening."
10.1192/j.eurpsy.2021.1290,A,A_individual_record_with_container_artifact,retain_search_record_and_reacquire_or_slice_exact_item_text,False,high,individual_conference_or_journal_item,cambridge_european_psychiatry_item,terminal year-and-item number,Psychedelics: A new era of treatment?,2021,European Psychiatry,journal-article,S. Torres,True,2064,"Introduction Psychedelics - including LSD (lysergic acid diethylamide), psilocybin, DMT (N, N-dimethyltryptamine), ayahuasca and mescaline - have an ancient history across various civilizations. In 1950, after LSD’s discovery by Hofmann, psychedelics enjoyed a short-lived relationship with psychiatry, before prohibitive legislature emerging in response to the recreational use in the mid-1960s. However, the last decade has witnessed a renewed scientific interest in psychedelics - a phenomenon ref",crossref,pmc|unpaywall|crossref,False,True,verified_exact_doi,10.1192/j.eurpsy.2021.1290,Psychedelics: A new era of treatment?,1.0,True,True,0,"target item is present, but the acquired file was identified as a multi-item container","The DOI has a terminal year-and-item number; the title names a specific contribution; and metadata supplies an individual abstract. The whole-proceedings problem belongs to the downloaded artifact, not the search record.",,"Class A means only that this is not a container search record. Study design, publication type, relevance, and extractability still require ordinary screening."
10.1192/j.eurpsy.2021.1536,A,A_individual_record_with_container_artifact,retain_search_record_and_reacquire_or_slice_exact_item_text,False,high,individual_conference_or_journal_item,cambridge_european_psychiatry_item,terminal year-and-item number,Treating addiction with psychedelics - are we waking up?,2021,European Psychiatry,article,Jackelyne Gabrielle Jesus de Miranda; Mario Barbosa; I. Figueiredo; Pedro Mota; A. Tarelho,True,1804,"Introduction Classic psychedelics have been administered in sacramental contexts since ancient times. They were of prominent interest within psychiatry and neuroscience in the 1950s to 1960s, but the association between classic psychedelics and the emerging counterculture put an end to their research. Modern research with classic psychedelics has reinitiated interest in the treatment of both cancer-related distress and addiction, with really promising results. Objectives We aim to provide a revi",openalex,pmc|openalex,False,True,target_text_with_conflicting_doi,10.1192/j.eurpsy.2021.1534,Co-use of tobacco and cannabis: Complicated partnerships,0.3214,True,True,0,"container includes the target item, while its header or opening item identifies another contribution","The DOI has a terminal year-and-item number; the title names a specific contribution; and metadata supplies an individual abstract. The whole-proceedings problem belongs to the downloaded artifact, not the search record.",,"Class A means only that this is not a container search record. Study design, publication type, relevance, and extractability still require ordinary screening."
10.1192/j.eurpsy.2021.1836,A,A_individual_record_with_container_artifact,retain_search_record_and_reacquire_or_slice_exact_item_text,False,high,individual_conference_or_journal_item,cambridge_european_psychiatry_item,terminal year-and-item number,Effects of psilocybin-assisted therapy on treatment-resistant depression,2021,European Psychiatry,article,A. Fraga; Daniel Esteves-Sousa; João Facucho-Oliveira; Margarida Albuquerque; M. Costa; Paulo Santos; Nuno Moura; A. Moutinho,True,1891,"Introduction Major depressive disorder is a highly prevalent clinical condition, affecting more than 300 million individuals worldwide. About 1/3 of patients with MDD fail to achieve remission despite treatment with multiple antidepressants and are considered to have treatment-resistant depression (TRD). Novel antidepressants with rapid and sustained effects on mood and cognition could represent a breakthrough in the TRD and may potentially improve or save lives. Psilocybin, a classic hallucinog",openalex,pmc|openalex,False,True,identity_mismatch,10.1192/j.eurpsy.2021.1835,"Lifetime depression and age-related changes in body composition, cardiovascular measures, grip strength and lung function",0.1762,True,True,0,"container includes the target item, while its header or opening item identifies another contribution","The DOI has a terminal year-and-item number; the title names a specific contribution; and metadata supplies an individual abstract. The whole-proceedings problem belongs to the downloaded artifact, not the search record.",,"Class A means only that this is not a container search record. Study design, publication type, relevance, and extractability still require ordinary screening."
10.1192/j.eurpsy.2021.2043,A,A_individual_record_with_container_artifact,retain_search_record_and_reacquire_or_slice_exact_item_text,False,high,individual_conference_or_journal_item,cambridge_european_psychiatry_item,terminal year-and-item number,Ayahuasca potential benefits,2021,European Psychiatry,article,R. Pinilla; Carmen Rocamora Rodriguez; D. Batet-Sanchez; B. Ordoñez,True,1876,"Introduction Ayahusca has potential therapeutic beneffits. Objectives Expose the potential beneffits of ayahuasca from neuropharmacology and clinical existing evidence. Methods A literature review was carried out in the databases pubmed, clinical key and texts of scientific dissemination. Results There´s scientific literature about the potential therapeutic use of ayahuasca in dependencies, anxiety symtoms and depression, near death experiences and terminal illnesses. Possible benefit is postula",openalex,pmc|openalex,False,True,target_text_with_conflicting_doi,10.1192/j.eurpsy.2021.2042,Ayahuasca potential benefits,1.0,True,False,0,"container text includes the target title, but document-level DOI identity is not isolated","The DOI has a terminal year-and-item number; the title names a specific contribution; and metadata supplies an individual abstract. The whole-proceedings problem belongs to the downloaded artifact, not the search record.",,"Class A means only that this is not a container search record. Study design, publication type, relevance, and extractability still require ordinary screening."
10.1192/j.eurpsy.2021.2054,A,A_individual_record_with_container_artifact,retain_search_record_and_reacquire_or_slice_exact_item_text,False,high,individual_conference_or_journal_item,cambridge_european_psychiatry_item,terminal year-and-item number,Psychedelics and psychiatric disorders: A emerging role,2021,European Psychiatry,article,Clayton Peixoto; Fabiano Santos; Daianne Cardinalli Rêgo; Helena Medeiros,True,1858,"Introduction Recently there has been renewal in interest of psychedelic research. Classic psychedelics such as lysergic acid diethylamide (LSD), psilocybin and mescaline act pharmacologically as agonists at the 5-HT2A receptor. The entactogens like methylenedioxymethamphetamine (MDMA), acts as a serotonin, dopamine and noradrenaline agonist. All of these drugs are potential candidates in the treatment of multiple psychiatric illnesses. Objectives The authors intend to review the literature on th",openalex,pmc|openalex,False,True,identity_mismatch,10.1192/j.eurpsy.2021.2053,Clozapine in severe psychotic disorders: Balancing safety with efficacy,0.4882,True,True,0,"container includes the target item, while its header or opening item identifies another contribution","The DOI has a terminal year-and-item number; the title names a specific contribution; and metadata supplies an individual abstract. The whole-proceedings problem belongs to the downloaded artifact, not the search record.",,"Class A means only that this is not a container search record. Study design, publication type, relevance, and extractability still require ordinary screening."
10.1192/j.eurpsy.2021.2062,A,A_individual_record_with_container_artifact,retain_search_record_and_reacquire_or_slice_exact_item_text,False,high,individual_conference_or_journal_item,cambridge_european_psychiatry_item,terminal year-and-item number,Therapeutic use of psychedelic drugs in depression disorders,2021,European Psychiatry,article,Miguel Trigo,True,1875,"Introduction Depression is one of the most prevalent mental illnesses, leading to important personal distress and economic consequences. Treatment is long, often involving psychotherapy and pharmacological treatment, and relapses are frequent. Used mostly for treatment of mood disorders and alcohol dependence, drugs such as lysergic acid diethylamide (LSD) were studied in the 1950’s and showed therapeutic promise in attenuating depressive symptoms. However, in the 1960s all major psychedelic res",openalex,pmc|openalex,False,True,identity_mismatch,10.1192/j.eurpsy.2021.2061,The sublingual use of atropine in the treatment of clozapine-induced sialorrhea,0.3714,True,True,0,"container includes the target item, while its header or opening item identifies another contribution","The DOI has a terminal year-and-item number; the title names a specific contribution; and metadata supplies an individual abstract. The whole-proceedings problem belongs to the downloaded artifact, not the search record.",,"Class A means only that this is not a container search record. Study design, publication type, relevance, and extractability still require ordinary screening."
10.1192/j.eurpsy.2021.389,A,A_individual_record_with_container_artifact,retain_search_record_and_reacquire_or_slice_exact_item_text,False,high,individual_conference_or_journal_item,cambridge_european_psychiatry_item,terminal year-and-item number,A comparison of mdma-assisted psychotherapy to non-assisted psychotherapy in treatment-resistant PTSD: A systematic review and meta-analysis,2021,European Psychiatry,review,B. Illingworth; David Lewis; Andrew Lambarth; Katie Stocking; J. Duffy; Luke A. Jelen; James Rucker,True,1901,"Introduction Novel, evidence-based treatments are required for treatment-resistant post-traumatic stress disorder (PTSD). 3,4-Methylenedioxymethamphetamine (MDMA) has beneficially augmented psychotherapy in several small clinical trials. Objectives To review the use of MDMA-assisted psychotherapy in treatment-resistant PTSD. Methods Systematic searches of four databases were conducted from inception to February 2020. A meta-analysis was performed on trials which were double-blinded, randomised, ",openalex,pmc|openalex,False,True,target_text_with_conflicting_doi,10.1192/j.eurpsy.2021.387,The psychiatric impact of the 2020 beirut port explosion on civilians and relief workers,0.2707,True,True,0,"container includes the target item, while its header or opening item identifies another contribution","The DOI has a terminal year-and-item number; the title names a specific contribution; and metadata supplies an individual abstract. The whole-proceedings problem belongs to the downloaded artifact, not the search record.",,"Class A means only that this is not a container search record. Study design, publication type, relevance, and extractability still require ordinary screening."
10.1192/j.eurpsy.2021.391,A,A_individual_record_with_container_artifact,retain_search_record_and_reacquire_or_slice_exact_item_text,False,high,individual_conference_or_journal_item,cambridge_european_psychiatry_item,terminal year-and-item number,Efficacy and safety results from the first pivotal phase 3 randomized controlled trial of mdma-assisted psychotherapy for treatment of severe chronic PTSD,2021,European Psychiatry,article,Bessel van der Kolk,True,1852,"Introduction Posttraumatic stress disorder is a prevalent mental health condition with substantial impact on daily functioning that lacks sufficient treatment options. Previous research has led to the designation of 3,4-methylenedioxymethamphetamine (MDMA) as a Breakthrough Therapy for treatment of post-traumatic stress disorder (PTSD) when administered as an adjunct to psychotherapy. Objectives Here we report the findings of the first randomized, double-blind, Phase 3 trial assessing the effica",openalex,pmc|openalex,False,True,identity_mismatch,10.1192/j.eurpsy.2021.390,Suicidality in post-traumatic stress disorder (PTSD) and complex PTSD (CPTSD),0.1645,True,True,8,"container includes the target item, while its header or opening item identifies another contribution","The DOI has a terminal year-and-item number; the title names a specific contribution; and metadata supplies an individual abstract. The whole-proceedings problem belongs to the downloaded artifact, not the search record.",,"Class A means only that this is not a container search record. Study design, publication type, relevance, and extractability still require ordinary screening."
10.1192/j.eurpsy.2021.886,A,A_individual_record_with_container_artifact,retain_search_record_and_reacquire_or_slice_exact_item_text,False,high,individual_conference_or_journal_item,cambridge_european_psychiatry_item,terminal year-and-item number,How effective are ketamine or esketamine in treatment-resistant depression?,2021,European Psychiatry,journal-article,N. Veluri; Z. Mansuri,True,1892,"Introduction Globally, depression affects millions of individuals. A third of depression patients meet the criteria for treatment-resistant depression (TRD). The N-methyl-D-aspartate receptor antagonist, ketamine, improved depressive symptoms in a span of 24-hours. Recently, the FDA approved esketamine, an enantiomer of ketamine for TRD. Objectives To determine the effectiveness of ketamine and esketamine in TRD, and observe their role in suicidality. Methods Individual systematic searches were ",crossref,pmc|unpaywall|crossref,False,True,verified_exact_doi,10.1192/j.eurpsy.2021.886,How effective are ketamine or esketamine in treatment-resistant depression?,1.0,True,True,0,"target item is present, but the acquired file was identified as a multi-item container","The DOI has a terminal year-and-item number; the title names a specific contribution; and metadata supplies an individual abstract. The whole-proceedings problem belongs to the downloaded artifact, not the search record.",,"Class A means only that this is not a container search record. Study design, publication type, relevance, and extractability still require ordinary screening."
10.1192/j.eurpsy.2021.897,A,A_individual_record_with_container_artifact,retain_search_record_and_reacquire_or_slice_exact_item_text,False,high,individual_conference_or_journal_item,cambridge_european_psychiatry_item,terminal year-and-item number,"Efficacy and safety of mij821 in patients with treatment-resistant depression: Results from a randomized, placebo-controlled, proof-of-concept study",2021,European Psychiatry,article,S. Nassir Ghaemi; Alex Sverdlov; Richard C. Shelton; Robert E. Litman,True,1406,"Introduction MIJ821 is a novel N-methyl-D-aspartate (NMDA) receptor antagonist, with a potentially low rate of the psychotomimetic side effects that limit the therapeutic utility of ketamine in treatment-refractory depression (TRD). Objectives To assess efficacy and safety of MIJ821. Methods Adults with TRD (&gt;2 prior treatment failures; Montgomery-Asberg Depression Rating Scale [MADRS], &gt;24) were eligible and were randomized (n=70) to low versus high doses of MIJ821, with two dosing regime",openalex,pmc|openalex,False,True,identity_mismatch,10.1192/j.eurpsy.2021.895,"Improvements in mood symptoms, cognitive symptoms and functioning in outpatients with mdd in greece treated with vortioxetine: A patient-rated evaluation",0.3046,True,True,3,"container includes the target item, while its header or opening item identifies another contribution","The DOI has a terminal year-and-item number; the title names a specific contribution; and metadata supplies an individual abstract. The whole-proceedings problem belongs to the downloaded artifact, not the search record.",,"Class A means only that this is not a container search record. Study design, publication type, relevance, and extractability still require ordinary screening."
10.1192/j.eurpsy.2022.1058,A,A_individual_record_with_container_artifact,retain_search_record_and_reacquire_or_slice_exact_item_text,False,high,individual_conference_or_journal_item,cambridge_european_psychiatry_item,terminal year-and-item number,Use of Electro-Convulsive Therapy as a Bipolar Disorder Treatment: A Systematic Review.,2022,European Psychiatry,journal-article,E. Miranda Ruiz; E. Marimón Muñoz; A. Stoppa Montserrat; I. Fernandez; M.I. Arroyo; N. Borras; S. Ferreiro; J. Ramirez,True,1525,"Introduction Electro-convulsive Therapy (ECT) has been considered a useful for the treatment of depression and other affective disorders, however it is considered as a last resort given the risks and possible adverse effects. Objectives The objective of this review is to assess the use of ECT (in terms of efficacy and tolerability) for patients diagnosed with bipolar disorder and how it can be compared with other treatments more commonly used to treat this disorder. Methods A search was carried ",crossref,pmc|unpaywall|crossref,False,True,verified_exact_doi,10.1192/j.eurpsy.2022.1058,Use of Electro-Convulsive Therapy as a Bipolar Disorder Treatment: A Systematic Review,1.0,True,True,0,"target item is present, but the acquired file was identified as a multi-item container","The DOI has a terminal year-and-item number; the title names a specific contribution; and metadata supplies an individual abstract. The whole-proceedings problem belongs to the downloaded artifact, not the search record.",,"Class A means only that this is not a container search record. Study design, publication type, relevance, and extractability still require ordinary screening."
10.1192/j.eurpsy.2022.1422,A,A_individual_record_with_container_artifact,retain_search_record_and_reacquire_or_slice_exact_item_text,False,high,individual_conference_or_journal_item,cambridge_european_psychiatry_item,terminal year-and-item number,Treatment-Resistant Depression – What is the Effective Maintenance Treatment,2022,European Psychiatry,article,D. Kolar,True,1885,"Introduction Treatment-resistant depression (TRD) presents a significant challenge in clinical practice. Besides antidepressant medications, neurostimulation methods (ECT, rTMS) and ketamine are viable treatment options. Objectives To objectively evaluate the real effectiveness of treatments within interventional psychiatry in the maintenance treatment. Methods The extensive literature review of the efficacy of ECT, rTMS, and ketamine treatment in the maintenance treatment of TRD and the author’",openalex,pmc|openalex,False,True,identity_mismatch,10.1192/j.eurpsy.2022.1420,"Conclusions: Major depressive disorder was associated with vitamin D deficiency but no statistical significant correlation could be established neither between levels of vitamin D and severity of depression nor between levels of vitamin D and cognitive dysfunction. Vitamin D level was statistically correlated with decreased concentration, decreased libido and menstrual disturbances",0.0564,True,True,0,"container includes the target item, while its header or opening item identifies another contribution","The DOI has a terminal year-and-item number; the title names a specific contribution; and metadata supplies an individual abstract. The whole-proceedings problem belongs to the downloaded artifact, not the search record.",,"Class A means only that this is not a container search record. Study design, publication type, relevance, and extractability still require ordinary screening."
10.1192/j.eurpsy.2022.143,A,A_individual_record_with_container_artifact,retain_search_record_and_reacquire_or_slice_exact_item_text,False,high,individual_conference_or_journal_item,cambridge_european_psychiatry_item,terminal year-and-item number,Treating Catatonia: a Blind Spot of Psychiatry?,2022,European Psychiatry,article,Pavel Mohr,True,1865,"Catatonia is a syndrome of primarily psychomotor disturbances associated with typical abnormalities of muscle tone. It is characterized by the co-occurrence of several symptoms of decreased, increased, or abnormal psychomotor activity. Catatonia is a neuropsychiatric syndrome, not an independent nosological entity. Historically associated mainly with schizophrenia (e.g., catatonic subtype), ICD-11, similarly to DSM-5, now recognizes catatonia under a separate classification category, apart from ",openalex,pmc|openalex,False,True,identity_mismatch,10.1192/j.eurpsy.2022.141,Clinical characteristics of treatment-resistant depression in adults in Hungary: Real-world evidence from a 7-year-longz retrospective data analysis,0.1846,True,True,0,"container includes the target item, while its header or opening item identifies another contribution","The DOI has a terminal year-and-item number; the title names a specific contribution; and metadata supplies an individual abstract. The whole-proceedings problem belongs to the downloaded artifact, not the search record.",,"Class A means only that this is not a container search record. Study design, publication type, relevance, and extractability still require ordinary screening."
10.1192/j.eurpsy.2022.1431,A,A_individual_record_with_container_artifact,retain_search_record_and_reacquire_or_slice_exact_item_text,False,high,individual_conference_or_journal_item,cambridge_european_psychiatry_item,terminal year-and-item number,Intranasal Esketamine + CBT: a 6 months follow-up of a resistant depression complicated case,2022,European Psychiatry,article,Vassilis Martiadis; F. Raffone; R. Cerlino; F. Mistico; M. Russo,True,1820,"Introduction TRD is a highly disabling condition, often responsible for chronic clinical course, high number of relapses and elevated suicide risk. Intranasal esketamine is currently the only available pharmacological therapy specifically indicated for TRD, as add-on therapy to antidepressant treatment with SSRI or SNRI. Objectives The purpose of the study was to evaluate the safety and efficacy of intranasal esketamine associated with CBT in a complex clinical case of TRD, over a six-month foll",openalex,pmc|openalex,False,True,identity_mismatch,10.1192/j.eurpsy.2022.1430,Do malignant self-regard and depressive personality account for appearance evaluation? Preliminary results,0.2727,True,True,9,"container includes the target item, while its header or opening item identifies another contribution","The DOI has a terminal year-and-item number; the title names a specific contribution; and metadata supplies an individual abstract. The whole-proceedings problem belongs to the downloaded artifact, not the search record.",,"Class A means only that this is not a container search record. Study design, publication type, relevance, and extractability still require ordinary screening."
10.1192/j.eurpsy.2022.1445,A,A_individual_record_with_container_artifact,retain_search_record_and_reacquire_or_slice_exact_item_text,False,high,individual_conference_or_journal_item,cambridge_european_psychiatry_item,terminal year-and-item number,Ketamine and Electroconvulsive Therapy: Better Together?,2022,European Psychiatry,article,A. Fraga; B. Mesquita; João Facucho-Oliveira; P. Espada-Santos; Margarida Albuquerque; Rita Neves; A. Moutinho,True,1930,"Introduction Major depressive disorder (MDD) is a highly prevalent clinical condition with a leading cause of disability worldwide. The currently available therapeutic agents have important limitations regarding side effects, partial or non-responsiveness. Patients are considered to have treatment-resistant depression (TRD) if there is no effect or minimal effectiveness after receiving adequate dose-duration use of antidepressants from two different categories. For this patients, electroconvulsi",openalex,pmc|openalex,False,True,identity_mismatch,10.1192/j.eurpsy.2022.1443,EPV0637 Psychopathological features of hysterical disorders arising as part of affective disorders and schizophrenia,0.1744,True,True,1,"container includes the target item, while its header or opening item identifies another contribution","The DOI has a terminal year-and-item number; the title names a specific contribution; and metadata supplies an individual abstract. The whole-proceedings problem belongs to the downloaded artifact, not the search record.",,"Class A means only that this is not a container search record. Study design, publication type, relevance, and extractability still require ordinary screening."
10.1192/j.eurpsy.2022.1446,A,A_individual_record_with_container_artifact,retain_search_record_and_reacquire_or_slice_exact_item_text,False,high,individual_conference_or_journal_item,cambridge_european_psychiatry_item,terminal year-and-item number,S-Ketamine in the treatment of depressive emergencies: a cases series of patients in a suicidal crisis.,2022,European Psychiatry,journal-article,B. Baune; Z. Susam; V. Falcone; C. Knümann; P. Sarkheil; E. Kavakbasi,True,1974,"Introduction Psychiatric emergencies in Major Depressive Disorder (MDD) are characterised by multiple types of symptoms including risk of self-harm and suicidal ideation. S-ketamine intranasally (Spravato) has recently been shown to help alleviate symptoms during depressive emergencies. In this case-series, we detail the clinical effects and usability of S-ketamine applied intranasally in a psychiatric emergency setting. Objectives To describe the effects of S-Ketamine on depressive crises assoc",crossref,pmc|unpaywall|crossref,False,True,verified_exact_doi,10.1192/j.eurpsy.2022.1446,S-Ketamine in the treatment of depressive emergencies: a cases series of patients in a suicidal crisis,1.0,True,True,9,"target item is present, but the acquired file was identified as a multi-item container","The DOI has a terminal year-and-item number; the title names a specific contribution; and metadata supplies an individual abstract. The whole-proceedings problem belongs to the downloaded artifact, not the search record.",,"Class A means only that this is not a container search record. Study design, publication type, relevance, and extractability still require ordinary screening."
10.1192/j.eurpsy.2022.1659,A,A_individual_record_with_container_artifact,retain_search_record_and_reacquire_or_slice_exact_item_text,False,high,individual_conference_or_journal_item,cambridge_european_psychiatry_item,terminal year-and-item number,Therapeutic potential of serotoninergic psychedelic substances in the treatment of Obsessive Compulsive Disorder.,2022,European Psychiatry,journal-article,J. Rodrigues; O. Nombora; L. Ribeiro,True,1819,"Introduction Obsessive Compulsive Disorder (OCD) is a psychiatric disorder associated with suffering and disability. The serotoninergic system is implicated in the neurobiological processes of OCD and serotonin reuptake inhibitors (SRIs) are the first-line treatment. However, clinical improvement after starting SRIs can take long and patients may not fully recover. Meanwhile, recent data suggests that activation of 5-HT receptors may exert a therapeutic action in obsessional symptoms. Some psych",crossref,pmc|unpaywall|crossref,False,True,verified_exact_doi,10.1192/j.eurpsy.2022.1659,EPV0920 Therapeutic potential of serotoninergic psychedelic substances in the treatment of Obsessive Compulsive Disorder,0.9614,True,True,0,"target item is present, but the acquired file was identified as a multi-item container","The DOI has a terminal year-and-item number; the title names a specific contribution; and metadata supplies an individual abstract. The whole-proceedings problem belongs to the downloaded artifact, not the search record.",,"Class A means only that this is not a container search record. Study design, publication type, relevance, and extractability still require ordinary screening."
10.1192/j.eurpsy.2022.1730,A,A_individual_record_with_container_artifact,retain_search_record_and_reacquire_or_slice_exact_item_text,False,high,individual_conference_or_journal_item,cambridge_european_psychiatry_item,terminal year-and-item number,Methylenedioxymethamphetamine-assisted Psychotherapy For Posttraumatic Stress Disorder: A Review,2022,European Psychiatry,review,J. Sá Couto; B. Da Luz; J. Rodrigues; Miguel Trigo; T. Ventura Gil,True,1858,"Introduction Posttraumatic stress disorder (PTSD) is a psychiatric condition which can be developed following traumatic experience. Treatment guidelines have long considered psychotherapy as a first line treatment. Despite that, PTSD remains an illness with high rates of comorbidity. Therefore, exploring novel therapies is of utmost importance. Objectives Clarifying methylenedioxymethamphetamine (MDMA)-assisted psychotherapy efficacy in symptom relief in people with PTSD. Explaining clinical MDM",openalex,pmc|openalex,False,True,identity_mismatch,10.1192/j.eurpsy.2022.1728,Prevalence of Late Onset Stress Symptomatology (LOSS) in geriatric combat veterans and its relation with dementia: A Pilot Study,0.24,True,True,0,"container includes the target item, while its header or opening item identifies another contribution","The DOI has a terminal year-and-item number; the title names a specific contribution; and metadata supplies an individual abstract. The whole-proceedings problem belongs to the downloaded artifact, not the search record.",,"Class A means only that this is not a container search record. Study design, publication type, relevance, and extractability still require ordinary screening."
10.1192/j.eurpsy.2022.1731,A,A_individual_record_with_container_artifact,retain_search_record_and_reacquire_or_slice_exact_item_text,False,high,individual_conference_or_journal_item,cambridge_european_psychiatry_item,terminal year-and-item number,MDMA-Assisted Therapy for Treatment-Resistant Posttraumatic Stress Disorder (PTSD) – One step further toward a patient-centered treatment pathway,2022,European Psychiatry,journal-article,S. Pratas Penedos; M.J. Freire; I. Fonseca; A. Franco; N. Ribeiro; L. Moreno; M.M. Magalhães; P.A. Afonso; I.M. Alves; L. Paulino,True,2089,"Introduction PTSD is a chronic, debilitating condition with limited treatment efficacy. Accessing traumatic memories often leads to overwhelming distress, impacting treatment process. Current approved pharmacological treatments have exhibited small to moderate effects when compared with placebo. Evidence suggests 3,4,-methylene-dioxymethamphetamine(MDMA)-assisted psychotherapy as a viable option for refractory PTSD. Objectives Comprehensive review of early clinical research, proposed mechanisms,",crossref,pmc|unpaywall|crossref,False,True,verified_exact_doi,10.1192/j.eurpsy.2022.1731,MDMA-Assisted Therapy for Treatment-Resistant Posttraumatic Stress Disorder (PTSD) -One step further toward a patient-centered treatment pathway,1.0,True,True,7,"target item is present, but the acquired file was identified as a multi-item container","The DOI has a terminal year-and-item number; the title names a specific contribution; and metadata supplies an individual abstract. The whole-proceedings problem belongs to the downloaded artifact, not the search record.",,"Class A means only that this is not a container search record. Study design, publication type, relevance, and extractability still require ordinary screening."
10.1192/j.eurpsy.2022.1820,A,A_individual_record_with_container_artifact,retain_search_record_and_reacquire_or_slice_exact_item_text,False,high,individual_conference_or_journal_item,cambridge_european_psychiatry_item,terminal year-and-item number,Psychopathological descriptive model of hallucinogenic/psychedelic drugs effect in the treatment of depression and addictions,2022,European Psychiatry,article,N. Girala,True,1566,"Introduction There is a growing and renewed interest in the use of hallucinogenic drugs in the treatment of psychiatric disorders, especially since the FDA approval of ketamine treatment for resistant depression. The response to hallucinogenic psychedelic substances (ayahuasca, psilocybin, LSD, ketamine) in the treatment of depression and addictions calls for a theoretical explanatory model. Objectives Provide a descriptive / explanatory psychopathological model of the response to treatment with",openalex,pmc|openalex,False,True,identity_mismatch,10.1192/j.eurpsy.2022.1818,Delusion of pregnancy : The role of prolactin,0.3509,True,True,0,"container includes the target item, while its header or opening item identifies another contribution","The DOI has a terminal year-and-item number; the title names a specific contribution; and metadata supplies an individual abstract. The whole-proceedings problem belongs to the downloaded artifact, not the search record.",,"Class A means only that this is not a container search record. Study design, publication type, relevance, and extractability still require ordinary screening."
10.1192/j.eurpsy.2022.1843,A,A_individual_record_with_container_artifact,retain_search_record_and_reacquire_or_slice_exact_item_text,False,high,individual_conference_or_journal_item,cambridge_european_psychiatry_item,terminal year-and-item number,Therapeutic use of ayahuasca: a review of the evidence of its use in approaching depressive disorders.,2022,European Psychiatry,journal-article,G. Simões; S. Jesus; R. Silva,True,1864,"Introduction Ayahuasca (AYA) is a psychotropic plant from South America used for religious purposes by indigenous people of the Amazon. Increasing evidence indicates that AYA may have therapeutic potential in the treatment of mental health disorders like depression – a common life-disrupting, highly recurrent disorder – that is among the leading causes of disability worldwide. Objectives The aim of this exploratory study is to gather and assess scientific evidence about clinical effects of AYA i",crossref,pmc|unpaywall|crossref,False,True,verified_exact_doi,10.1192/j.eurpsy.2022.1843,Therapeutic use of ayahuasca: a review of the evidence of its use in approaching depressive disorders,1.0,True,True,0,"target item is present, but the acquired file was identified as a multi-item container","The DOI has a terminal year-and-item number; the title names a specific contribution; and metadata supplies an individual abstract. The whole-proceedings problem belongs to the downloaded artifact, not the search record.",,"Class A means only that this is not a container search record. Study design, publication type, relevance, and extractability still require ordinary screening."
10.1192/j.eurpsy.2022.1846,A,A_individual_record_with_container_artifact,retain_search_record_and_reacquire_or_slice_exact_item_text,False,high,individual_conference_or_journal_item,cambridge_european_psychiatry_item,terminal year-and-item number,"A Phase 1, Dose-Ranging Study to Assess Safety and Psychoactive Effects of a Vaporized 5-Methoxy-N,N-Dimethyltryptamine Formulation (GH001) in Healthy Volunteers.",2022,European Psychiatry,journal-article,J. Reckweg; N. Mason; C. Van Leeuwen; S. Tönnes; T. Terwey; J. Ramaekers,True,1893,"Introduction 5-Methoxy-N,N-Dimethyltryptamine (5-MeO-DMT) is a tryptamine with ultra-rapid onset and short duration of psychedelic effects. Prospective studies for other tryptamines have suggested beneficial effects on mental health outcomes. Objectives In preparation for a study in patients with depression, the present study GH001-HV-101 aimed to assess the impact of four different dose levels of a novel vaporized 5-MeO-DMT formulation (GH001) administered via inhalation as single doses, and in",crossref,pmc|unpaywall|crossref,False,True,verified_exact_doi,10.1192/j.eurpsy.2022.1846,"Ranging Study to Assess Safety and Psychoactive Effects of a Vaporized 5-Methoxy-N,N-Dimethyltryptamine Formulation (GH001) in Healthy Volunteers",0.9446,False,True,6,"target item is present, but the acquired file was identified as a multi-item container","The DOI has a terminal year-and-item number; the title names a specific contribution; and metadata supplies an individual abstract. The whole-proceedings problem belongs to the downloaded artifact, not the search record.",,"Class A means only that this is not a container search record. Study design, publication type, relevance, and extractability still require ordinary screening."
10.1192/j.eurpsy.2022.1879,A,A_individual_record_with_container_artifact,retain_search_record_and_reacquire_or_slice_exact_item_text,False,high,individual_conference_or_journal_item,cambridge_european_psychiatry_item,terminal year-and-item number,The cognitive effects of esketamine: what do we know so far?,2022,European Psychiatry,journal-article,M. Barbosa; R. Guedes,True,1814,"Introduction Esketamine is an S-enantiomer of ketamine approved by the EMA for treatment-resistant depression (TRD). As an NMDA receptor antagonist, its administration results in increase of glutamate release and AMPA receptor activation, supporting both rapid-onset and long-term antidepressant effects. Short-term tolerability seems acceptable but major concerns remain regarding long-term safety, specifically regarding potential neurocognitive toxicity. Objectives To clarify the potential short ",crossref,pmc|unpaywall|crossref,False,True,verified_exact_doi,10.1192/j.eurpsy.2022.1879,The cognitive effects of esketamine: what do we know so far?,1.0,True,True,0,"target item is present, but the acquired file was identified as a multi-item container","The DOI has a terminal year-and-item number; the title names a specific contribution; and metadata supplies an individual abstract. The whole-proceedings problem belongs to the downloaded artifact, not the search record.",,"Class A means only that this is not a container search record. Study design, publication type, relevance, and extractability still require ordinary screening."
10.1192/j.eurpsy.2022.2157,A,A_individual_record_with_container_artifact,retain_search_record_and_reacquire_or_slice_exact_item_text,False,high,individual_conference_or_journal_item,cambridge_european_psychiatry_item,terminal year-and-item number,Psychiatric comorbidity among patients attending an addiction treatment center in Morocco.,2022,European Psychiatry,journal-article,A. Jelti; F. Kennab; F. N’Sabi; B. Oneib; F. Elghazouani,True,1836,"Introduction The comorbidity between psychiatric disorders and substance use disorders is more and more common in daily clinical practice. However, only few studies have adressed this subject in north african patients. Objectives The main objective of our study was the estimation of the prevalence and patterns of psychiatric co-morbidities in substance users seeking care. Methods Our work consisted of a cross-sectional study of a sample of patients attending outpatient substance use treatment at",crossref,pmc|unpaywall|crossref,False,True,verified_exact_doi,10.1192/j.eurpsy.2022.2157,Psychiatric comorbidity among patients attending an addiction treatment center in Morocco,1.0,True,True,0,"target item is present, but the acquired file was identified as a multi-item container","The DOI has a terminal year-and-item number; the title names a specific contribution; and metadata supplies an individual abstract. The whole-proceedings problem belongs to the downloaded artifact, not the search record.",,"Class A means only that this is not a container search record. Study design, publication type, relevance, and extractability still require ordinary screening."
10.1192/j.eurpsy.2022.2260,A,A_individual_record_with_container_artifact,retain_search_record_and_reacquire_or_slice_exact_item_text,False,high,individual_conference_or_journal_item,cambridge_european_psychiatry_item,terminal year-and-item number,"Possible Therapeutics Effects of Ayahuasca, a Psychedelic Compound",2022,European Psychiatry,article,L. Silva; L. Bravo,True,1783,"Introduction Ayahuasca is an hallucinogenic tea prepared from the Amazonian vine Banisteriopsis caapi and the leaves of the plant Psychotria Viridis. Banisteriopsis caapi contains monoamine oxidase inhibitors (MAO) that render the N, N-dimethyltryptamine (DMT) of Psychotria Viridis active. This brew is being used as a sacrament in syncretic religions in urban areas of Brazil and worldwide with the purpose of enabling a spiritual experience as well as healing for a variety of conditions such as d",openalex,pmc|openalex,False,True,identity_mismatch,10.1192/j.eurpsy.2022.2258,Stigma and Discrimination During the Covid-19 Pandemic,0.1983,True,True,0,"container includes the target item, while its header or opening item identifies another contribution","The DOI has a terminal year-and-item number; the title names a specific contribution; and metadata supplies an individual abstract. The whole-proceedings problem belongs to the downloaded artifact, not the search record.",,"Class A means only that this is not a container search record. Study design, publication type, relevance, and extractability still require ordinary screening."
10.1192/j.eurpsy.2022.2272,A,A_individual_record_with_container_artifact,retain_search_record_and_reacquire_or_slice_exact_item_text,False,high,individual_conference_or_journal_item,cambridge_european_psychiatry_item,terminal year-and-item number,Does LSD Have Any Therapeutical Value In Mental Disorders? A Non-Systemic Review.,2022,European Psychiatry,journal-article,L. Silva; L. Bravo,True,1733,"Introduction Lysergic acid diethylamide (LSD) a semi synthetic hallucinogen, was first synthetized by Albert Hofmann in 1938 and its psychological properties were not discovered until 1943. There was a brief renaissance of its use in psychiatry, specifically in assisted psychotherapy for the treatment of alcoholism, neurosis and psychosomatic disorders. However, research with LSD and others psychedelics substances rapidly came to an end with its broad international prohibition in the 1970´s. Obj",crossref,pmc|unpaywall|crossref,False,True,verified_exact_doi,10.1192/j.eurpsy.2022.2272,Does LSD Have Any Therapeutical Value In Mental Disorders? A Non-Systemic Review,1.0,True,True,0,"target item is present, but the acquired file was identified as a multi-item container","The DOI has a terminal year-and-item number; the title names a specific contribution; and metadata supplies an individual abstract. The whole-proceedings problem belongs to the downloaded artifact, not the search record.",,"Class A means only that this is not a container search record. Study design, publication type, relevance, and extractability still require ordinary screening."
10.1192/j.eurpsy.2022.2277,A,A_individual_record_with_container_artifact,retain_search_record_and_reacquire_or_slice_exact_item_text,False,high,individual_conference_or_journal_item,cambridge_european_psychiatry_item,terminal year-and-item number,Ketamine As A New Therapeutic Option For The Management Of Mental Disorders,2022,European Psychiatry,article,M. Turki; O. Abidi; S. Ellouze; R. Ben Jmeaa; J. Nasri; N. Halouani; J. Aloulou,True,1975,"Introduction Ketamine is routinely used for anesthetic induction because of its dissociative properties. Recently, it has attracted attention as a rapid-acting anti-depressant, but other studies have also reported its efficacy in the management of diverse psychiatric pathologies previously resistant to treatment. Objectives We aimed to review the efficacity of ketamine in the management of mental disorders. Methods We conducted a litterature review through pubmed database, using the following ke",openalex,pmc|openalex,False,True,identity_mismatch,10.1192/j.eurpsy.2022.2275,Apathy -where do we find it and how to treat,0.25,True,True,0,"container includes the target item, while its header or opening item identifies another contribution","The DOI has a terminal year-and-item number; the title names a specific contribution; and metadata supplies an individual abstract. The whole-proceedings problem belongs to the downloaded artifact, not the search record.",,"Class A means only that this is not a container search record. Study design, publication type, relevance, and extractability still require ordinary screening."
10.1192/j.eurpsy.2022.2294,A,A_individual_record_with_container_artifact,retain_search_record_and_reacquire_or_slice_exact_item_text,False,high,individual_conference_or_journal_item,cambridge_european_psychiatry_item,terminal year-and-item number,Clinical efficacy and tolerability of Esketamine: a case series.,2022,European Psychiatry,journal-article,C. Passani; N. Ragone; C.M. Congedo; B. Barbini; R. Zanardi; M.C. Cavallini; C. Colombo,True,1644,"Introduction Esketamine is a novel antidepressant approved by the FDA in 2019 in the form of an intranasal spray, recommended for Treatment-Resistant Depression (TRD). The intranasal spray system appears to be more manageable than intravenous ketamine infusion. It contains ketamine’s S- isomer which is four-fold more potent for the NMDA receptor. Objectives The aim of this case series is to describe our clinical experience in the use of Esketamine. Methods 6 TRD patients (3 men; 3 women) were re",crossref,pmc|unpaywall|crossref,False,True,verified_exact_doi,10.1192/j.eurpsy.2022.2294,EPV1735 Clinical efficacy and tolerability of Esketamine: a case series,0.9333,True,True,4,"target item is present, but the acquired file was identified as a multi-item container","The DOI has a terminal year-and-item number; the title names a specific contribution; and metadata supplies an individual abstract. The whole-proceedings problem belongs to the downloaded artifact, not the search record.",,"Class A means only that this is not a container search record. Study design, publication type, relevance, and extractability still require ordinary screening."
10.1192/j.eurpsy.2022.2297,A,A_individual_record_with_container_artifact,retain_search_record_and_reacquire_or_slice_exact_item_text,False,high,individual_conference_or_journal_item,cambridge_european_psychiatry_item,terminal year-and-item number,A Review of Aeruginascin and Potential Entourage Effect in Hallucinogenic Mushrooms.,2022,European Psychiatry,journal-article,P. Chue; A. Andreiev; E. Bucuci; C. Els; J. Chue,True,2099,"Introduction The 5-HT 2A agonist classic psychedelic, psilocybin (O-phosphoryl-4-hydroxy-N,N-dimethyltryptamine) is a tryptophan, indole-based alkaloid present in up to 2% of certain hallucinogenic “magic” mushroom species; typically Psilocybe azurescens, semilanceata, and cyanescens,. In addition, mushrooms may contain psilocin (4-hydroxy-N,N-dimethyltryptamine). Both are indolylalkylamines (tryptamines); other naturally occurring tryptamine compounds include norbaeocystin, baeocystin, norpsilo",crossref,pmc|unpaywall|crossref,False,True,verified_exact_doi,10.1192/j.eurpsy.2022.2297,A Review of Aeruginascin and Potential Entourage Effect in Hallucinogenic Mushrooms,1.0,True,True,0,"target item is present, but the acquired file was identified as a multi-item container","The DOI has a terminal year-and-item number; the title names a specific contribution; and metadata supplies an individual abstract. The whole-proceedings problem belongs to the downloaded artifact, not the search record.",,"Class A means only that this is not a container search record. Study design, publication type, relevance, and extractability still require ordinary screening."
10.1192/j.eurpsy.2022.238,A,A_individual_record_with_container_artifact,retain_search_record_and_reacquire_or_slice_exact_item_text,False,high,individual_conference_or_journal_item,cambridge_european_psychiatry_item,terminal year-and-item number,N-Methyl-D-Aspartate Receptor availability in First-Episode Psychosis: a multi-modal PET-MR brain imaging study,2022,European Psychiatry,article,K. Beck; A. Arumuham; S. Brugger; R. Mccutcheon; M. Veronese; S. Kaar; Toby Pillinger; James Stone; O. Howes,True,1656,"Introduction N-Methyl-D-Aspartate Receptor (NMDAR) hypofunction is hypothesised to underlie psychosis but this has not been tested early in illness. Objectives Our aim was to determine if NMDAR availability was lower in patients with first episode psychosis compared to healthy controls. Methods To address this, we studied 40 volunteers (21 patients with first episode psychosis and 19 matched healthy controls) using PET imaging with an NMDAR selective ligand, [ 18 F]GE179, that binds to the ketam",openalex,pmc|openalex,False,True,target_text_with_conflicting_doi,10.1192/j.eurpsy.2022.237,White matter changes following electroconvulsive therapy for depression: a mega-analysis,0.27,True,True,0,"container includes the target item, while its header or opening item identifies another contribution","The DOI has a terminal year-and-item number; the title names a specific contribution; and metadata supplies an individual abstract. The whole-proceedings problem belongs to the downloaded artifact, not the search record.",,"Class A means only that this is not a container search record. Study design, publication type, relevance, and extractability still require ordinary screening."
10.1192/j.eurpsy.2022.36,A,A_individual_record_with_container_artifact,retain_search_record_and_reacquire_or_slice_exact_item_text,False,high,individual_conference_or_journal_item,cambridge_european_psychiatry_item,terminal year-and-item number,Psychedelic Psychiatry,2022,European Psychiatry,article,David Nutt,True,1649,The last decade has seen a remarkable resurgence of interest in psychedelic drugs such as psilocybin (from magic mushrooms) LSD and DMT (dimethyl tryptamine – the active ingredient of ayahuasca). This has been driven by the discovery that these psychedelics all act agonists of 5-HT2A receptors. Human imaging studies have revealed this action leads to profound alterations in brain measures of activity particularly in terms of increased entropy of EEG MEG and fMRI signals and reduced within-networ,openalex,pmc|openalex,False,True,identity_mismatch,10.1192/j.eurpsy.2022.35,Mental Health Policy,0.2791,True,True,0,"container includes the target item, while its header or opening item identifies another contribution","The DOI has a terminal year-and-item number; the title names a specific contribution; and metadata supplies an individual abstract. The whole-proceedings problem belongs to the downloaded artifact, not the search record.",,"Class A means only that this is not a container search record. Study design, publication type, relevance, and extractability still require ordinary screening."
10.1192/j.eurpsy.2022.762,A,A_individual_record_with_container_artifact,retain_search_record_and_reacquire_or_slice_exact_item_text,False,high,individual_conference_or_journal_item,cambridge_european_psychiatry_item,terminal year-and-item number,Clinical stability after compassionate use of intranasal esketamine in treatment-resistant depression,2022,European Psychiatry,article,Daniel Hernández Huerta; A. De Santiago Diaz; Carlos Rodríguez Gómez-Carreño; M.A. Abril Garcia; F. Toledo Romero; A. Guerrero Morcillo; C.J. Martinez Pastor; M. Vega Piñero,True,1773,"Introduction The compassionate use of intranasal esketamine is approved in Spain for treatment-resistant depression (TRD). Objectives The objective of the study is to assess the clinical stability in the medium-term follow-up of patients with TRD after esketamine use. Methods Descriptive, retrospective and multicenter study carried out in Spain. Patients with TRD who had received esketamine treatment, and for whom there were clinical data of subsequent evolution, were included. The scores on the",openalex,pmc|openalex,False,True,identity_mismatch,10.1192/j.eurpsy.2022.760,"The DiSCoVeR trialfirst look at patient training and their expectations regarding a new, innovative treatment",0.2762,True,True,0,"container includes the target item, while its header or opening item identifies another contribution","The DOI has a terminal year-and-item number; the title names a specific contribution; and metadata supplies an individual abstract. The whole-proceedings problem belongs to the downloaded artifact, not the search record.",,"Class A means only that this is not a container search record. Study design, publication type, relevance, and extractability still require ordinary screening."
10.1192/j.eurpsy.2022.837,A,A_individual_record_with_container_artifact,retain_search_record_and_reacquire_or_slice_exact_item_text,False,high,individual_conference_or_journal_item,cambridge_european_psychiatry_item,terminal year-and-item number,Association of Psilocybin Use in Adolescents with Major Depressive Episode,2022,European Psychiatry,journal-article,K. Shah; C. Trivedi; D. Kamrai; M. Akbar; W. Tankersley,True,1787,"Introduction Psilocybin is a psychedelic drug found in mushrooms, often referred to as magic mushrooms due to its visual and auditory hallucinations effects upon ingestion. It is a Schedule I drug per DEA, and the FDA has not approved psilocybin for medicinal purposes. However, recent studies have shown promising therapeutic use to treat depression. Objectives To identify current use, prevalence, and its association with depression in adolescents. Methods The National Survey on Drug Use and Heal",unpaywall,unpaywall,False,True,verified_exact_doi,10.1192/j.eurpsy.2022.837,Association of Psilocybin Use in Adolescents with Major Depressive Episode,1.0,True,True,3,"target item is present, but the acquired file was identified as a multi-item container","The DOI has a terminal year-and-item number; the title names a specific contribution; and metadata supplies an individual abstract. The whole-proceedings problem belongs to the downloaded artifact, not the search record.",,"Class A means only that this is not a container search record. Study design, publication type, relevance, and extractability still require ordinary screening."
10.1192/j.eurpsy.2023.1286,A,A_individual_record_with_container_artifact,retain_search_record_and_reacquire_or_slice_exact_item_text,False,high,individual_conference_or_journal_item,cambridge_european_psychiatry_item,terminal year-and-item number,A systematic review to assess the use of psilocybin in the treatment of headaches,2023,European Psychiatry,review,Saundarai Bhanot; Michelle CQ Lin; S. Bains; Anne K. Monroe; Vivian W. L. Tsang,True,2841,"Introduction Psilocybin is a naturally occurring psychedelic compound whose effects have been seen in studies for treatment of depression, anxiety and pain management. Given its structural similarities to 5-hydroxytryptamine, a monoamine controlling brain modulation of pain input, preliminary studies sought to test serotonergic interactions of psilocybin with headaches. Objectives Explore efficacy of psilocybin as treatment for individuals with headaches, including migraines, essential headaches",openalex,pmc|openalex,False,True,identity_mismatch,10.1192/j.eurpsy.2023.1285,The Pain of Unjust Losing. The feeling of injustice and the perception of pain,0.2516,True,True,0,"container includes the target item, while its header or opening item identifies another contribution","The DOI has a terminal year-and-item number; the title names a specific contribution; and metadata supplies an individual abstract. The whole-proceedings problem belongs to the downloaded artifact, not the search record.",,"Class A means only that this is not a container search record. Study design, publication type, relevance, and extractability still require ordinary screening."
10.1192/j.eurpsy.2023.1745,A,A_individual_record_with_container_artifact,retain_search_record_and_reacquire_or_slice_exact_item_text,False,high,individual_conference_or_journal_item,cambridge_european_psychiatry_item,terminal year-and-item number,Effectiveness and Tolerability of Intranasal Esketamine in Treatment-Resistant Depression: Report of Two Clinical Cases.,2023,European Psychiatry,journal-article,A. Mercado-Rodríguez; C. Martín Requena; A. Cano Baena; I. Zorrilla Martínez; A. González-Pinto Arrillaga; L. Mar-Barrutia,True,2972,"Introduction Major depressive disorder (MDD) is a mental health disorder characterised by persistently low mood; anhedonia; feelings of worthlessness and guilt; altered appetite, weight and sleep and suicidal ideation. About one-third of patients do not respond to available antidepressants (AD). Treatment-resistant depression (TRD) is a clinical term used to define a lack of response to two or more AD in patients with MDD that do not respond to other lines of treatment either. TRD is associated ",crossref,pmc|unpaywall|crossref,False,True,verified_exact_doi,10.1192/j.eurpsy.2023.1745,,,False,True,7,"target item is present, but the acquired file was identified as a multi-item container","The DOI has a terminal year-and-item number; the title names a specific contribution; and metadata supplies an individual abstract. The whole-proceedings problem belongs to the downloaded artifact, not the search record.",,"Class A means only that this is not a container search record. Study design, publication type, relevance, and extractability still require ordinary screening."
10.1192/j.eurpsy.2023.1759,A,A_individual_record_with_container_artifact,retain_search_record_and_reacquire_or_slice_exact_item_text,False,high,individual_conference_or_journal_item,cambridge_european_psychiatry_item,terminal year-and-item number,The antidepressant properties of ketamine (literature review).,2023,,,Chamsi FZ; Abrebak H; essafi AZ; radi SZ; el ammouri A,True,2993,"Introduction Major depression is a common condition. Despite significant advances in psychopharmacology since the 1950s, the onset of action and drug resistance remain therapeutic challenges for traditional antidepressant agents, such as serotonin reuptake blockers. The recent discovery of the rapid antidepressant effect of ketamine, receptor antagonist, has revolutionized research in this field. Objectives demonstration of the antidepressant properties of ketamine Methods For this purpose, majo",pmc,pmc,False,True,verified_exact_doi,10.1192/j.eurpsy.2023.1759,The antidepressant properties of ketamine (literature review),1.0,True,True,0,"target item is present, but the acquired file was identified as a multi-item container","The DOI has a terminal year-and-item number; the title names a specific contribution; and metadata supplies an individual abstract. The whole-proceedings problem belongs to the downloaded artifact, not the search record.",,"Class A means only that this is not a container search record. Study design, publication type, relevance, and extractability still require ordinary screening."
10.1192/j.eurpsy.2023.1771,A,A_individual_record_with_container_artifact,retain_search_record_and_reacquire_or_slice_exact_item_text,False,high,individual_conference_or_journal_item,cambridge_european_psychiatry_item,terminal year-and-item number,Electroconvulsive therapy vs Esketamine among patients with Major Depressive Episode,2023,European Psychiatry,article,M.D.R.D.R.F.D. Basto; Odete Nombora; L. Santa Marinha; J. L. Simães; A. Horta,True,2995,"Introduction Major depressive disorder is one of the most common and disabling mental disorders. More than 30% of individuals do not achieve remission after several trials of antidepressants and treatment-resistant depression (TRD) is associated with premature mortality. Electroconvulsive therapy (ECT) is considered the gold-standard for TRD treatment,unfortunately it´s underused due to health care barriers and association with adverse cognitive impairment. So, scientists have sought to identify",openalex,pmc|openalex,False,True,target_text_with_conflicting_doi,10.1192/j.eurpsy.2023.1770,Measurement-based care vs. standard care for major depressive disorder in Pakistan: protocol for a randomized control trial,0.375,True,True,0,"container includes the target item, while its header or opening item identifies another contribution","The DOI has a terminal year-and-item number; the title names a specific contribution; and metadata supplies an individual abstract. The whole-proceedings problem belongs to the downloaded artifact, not the search record.",,"Class A means only that this is not a container search record. Study design, publication type, relevance, and extractability still require ordinary screening."
10.1192/j.eurpsy.2023.1779,A,A_individual_record_with_container_artifact,retain_search_record_and_reacquire_or_slice_exact_item_text,False,high,individual_conference_or_journal_item,cambridge_european_psychiatry_item,terminal year-and-item number,Good Practice for Treatment-Resistant Depression during SARS CoV – 2 outbreak: are ketamine infusions an effective alternative for TRD patients? A case series.,2023,European Psychiatry,,N. Ragone; B. Barbini; G. Perrozzi; C. Colombo,True,2915,"Introduction The Mood Disorder ward, in San Raffaele Turro Hospital, is one of the reference centers for the cure of Treatment-Resistant Depression (TRD), mainly due to the use of Electroconvulsive Therapy (ECT). During the pandemic period, in particular, in 2020, such a procedure was discontinued because it is considered aerosolizing. For this reason, we enhanced already available treatments for TRD; among those one of the most effective is the use of endovenous (EV) ketamine. It’s been more th",semantic_scholar,pmc|semantic_scholar,False,True,verified_exact_doi,10.1192/j.eurpsy.2023.1779,Good Practice for Treatment-Resistant Depression during SARS CoV -2 outbreak: are ketamine infusions an effective alternative for TRD patients? A case series,1.0,True,True,8,"target item is present, but the acquired file was identified as a multi-item container","The DOI has a terminal year-and-item number; the title names a specific contribution; and metadata supplies an individual abstract. The whole-proceedings problem belongs to the downloaded artifact, not the search record.",,"Class A means only that this is not a container search record. Study design, publication type, relevance, and extractability still require ordinary screening."
10.1192/j.eurpsy.2023.1792,A,A_individual_record_with_container_artifact,retain_search_record_and_reacquire_or_slice_exact_item_text,False,high,individual_conference_or_journal_item,cambridge_european_psychiatry_item,terminal year-and-item number,Intranasal esketamine + Intensive CBT: a 12 months follow-up of two complicated cases of Treatment Resistant Depression at high suicidal risk,2023,European Psychiatry,journal-article,V. Martiadis; F. Raffone; R. Cerlino; S. Testa; M. Russo,True,2933,"Introduction Treatment Resistant Depression (TRD) is a complex, heterogeneous and multifactorial clinical condition that affects patients’ quality of life, their psychosocial functioning as well as suicidal risk. Intranasal esketamine is a new add-on treatment specifically approved for TRD. Objectives The aim of the study was to evaluate the efficacy and safety of intranasal esketamine treatment combined with intensive Cognitive Behavioral psychotherapy (CBT), together with treatment satisfactio",crossref,pmc|unpaywall|crossref,False,True,verified_exact_doi,10.1192/j.eurpsy.2023.1792,Intranasal esketamine þ Intensive CBT: a 12 months follow-up of two complicated cases of Treatment Resistant Depression at high suicidal risk,1.0,True,True,9,"target item is present, but the acquired file was identified as a multi-item container","The DOI has a terminal year-and-item number; the title names a specific contribution; and metadata supplies an individual abstract. The whole-proceedings problem belongs to the downloaded artifact, not the search record.",,"Class A means only that this is not a container search record. Study design, publication type, relevance, and extractability still require ordinary screening."
10.1192/j.eurpsy.2023.19,A,A_individual_record_with_container_artifact,retain_search_record_and_reacquire_or_slice_exact_item_text,False,high,individual_conference_or_journal_item,cambridge_european_psychiatry_item,terminal year-and-item number,Pre-treatment functional connectivity of the cingulate cortex predicts anti-suicidal effects of serial ketamine infusions.,2023,European Psychiatry,journal-article,Xiaoyu Chen; Bin Zhang; Shiqi Yuan; Xin Luo; Mingqia Wang; Yiru Hu; Yanling Zhou; Yuping Ning,True,1705,"BACKGROUND: Although ketamine can rapidly decrease suicidal ideation (SI), its neurobiological mechanism of action remains unclear. Several areas of the cingulate cortex have been implicated in SI; therefore, we aimed to explore the neural correlates of the anti-suicidal effect of ketamine with cingulate cortex functional connectivity (FC) in depression. METHODS: Forty patients with unipolar or bipolar depression with SI underwent six infusions of ketamine over 2 weeks. Clinical symptoms and res",pubmed,pubmed|pmc|unpaywall,False,True,verified_exact_doi,10.1192/j.eurpsy.2023.19,Pre-treatment functional connectivity of the cingulate cortex predicts anti-suicidal effects of serial ketamine infusions,1.0,True,True,5,"target item is present, but the acquired file was identified as a multi-item container","The DOI has a terminal year-and-item number; the title names a specific contribution; and metadata supplies an individual abstract. The whole-proceedings problem belongs to the downloaded artifact, not the search record.",,"Class A means only that this is not a container search record. Study design, publication type, relevance, and extractability still require ordinary screening."
10.1192/j.eurpsy.2023.1948,A,A_individual_record_with_container_artifact,retain_search_record_and_reacquire_or_slice_exact_item_text,False,high,individual_conference_or_journal_item,cambridge_european_psychiatry_item,terminal year-and-item number,The Effects of Serotonergic Psychedelics on Neural Activity: A Meta-Analysis of Task-Based Functional Neuroimaging Studies,2023,European Psychiatry,article,J. H. Shepherd; C.T.M. Baten; A. C. Klassen; G. Zamora; Sarah Saravia; Elizabeth Pritchard; Ziad A. Ali; S. K. Kahlon; Kyla Whitelock; F. A. Reyes,True,1776,"Introduction Curiosity toward the effects of psychedelic drugs on neural activation has increased due to their potential therapeutic benefits, particularly serotonergic psychedelics that act as 5-HT2A receptor agonists such as LSD, psilocybin, and MDMA. However, the pattern of their effects on neural activity in various brain regions in both clinical and healthy populations is still not well understood, and primary studies addressing this issue have sometimes generated inconsistent results. Obje",openalex,pmc|openalex,False,True,target_text_with_conflicting_doi,10.1192/j.eurpsy.2023.1947,Diagnostic Challenges of Functional Cognitive Disorders,0.3034,True,True,0,"container includes the target item, while its header or opening item identifies another contribution","The DOI has a terminal year-and-item number; the title names a specific contribution; and metadata supplies an individual abstract. The whole-proceedings problem belongs to the downloaded artifact, not the search record.",,"Class A means only that this is not a container search record. Study design, publication type, relevance, and extractability still require ordinary screening."
10.1192/j.eurpsy.2023.2,A,A_individual_record_with_container_artifact,retain_search_record_and_reacquire_or_slice_exact_item_text,False,high,individual_conference_or_journal_item,cambridge_european_psychiatry_item,terminal year-and-item number,A randomized controlled trial of a 14-day mindfulness ecological momentary intervention (MEMI) for generalized anxiety disorder,2023,European Psychiatry,"Randomized Controlled Trial | Journal Article | Research Support, N.I.H., Extramural | Research Support, Non-U.S. Gov't",Nur Hani Zainal; Michelle G. Newman,True,1989,"BACKGROUND: Little is known about whether brief mindfulness ecological momentary interventions (MEMIs) yield clinically beneficial effects. This gap exists despite the rapid growth of smartphone mindfulness applications. Specifically, no prior brief MEMI has targeted generalized anxiety disorder (GAD). Moreover, although theories propose that MEMIs can boost executive functioning (EF), they have largely gone untested. Thus, this randomized controlled trial (RCT) aimed to address these gaps by as",pubmed,pubmed|pmc|unpaywall,False,True,verified_exact_doi,10.1192/j.eurpsy.2023.2,A randomized controlled trial of a 14-day mindfulness ecological momentary intervention (MEMI) for generalized anxiety disorder,1.0,True,True,0,"target item is present, but the acquired file was identified as a multi-item container","The DOI has a terminal year-and-item number; the title names a specific contribution; and metadata supplies an individual abstract. The whole-proceedings problem belongs to the downloaded artifact, not the search record.",,"Class A means only that this is not a container search record. Study design, publication type, relevance, and extractability still require ordinary screening."
10.1192/j.eurpsy.2023.2028,A,A_individual_record_with_container_artifact,retain_search_record_and_reacquire_or_slice_exact_item_text,False,high,individual_conference_or_journal_item,cambridge_european_psychiatry_item,terminal year-and-item number,Intranasal Esketamine administration in catatonia: a case report.,2023,European Psychiatry,journal-article,J. Romay; C. Sevilla; P. Hernandez; I. Lastra; G. Isidro; L. Cayon; G. Cortez; O. Anabitarte; P. Ijalba; M. Gomez Revuelta,True,1870,"Introduction Catatonia is a complex psychomotor syndrome that often goes unrecognized and, consequently, untreated. Prompt and correct identification of catatonia allows for highly effective treatment and prevention of possible complications. Benzodiazepines and electroconvulsive therapy (ECT) are the most widely studied treatment methods. However, no uniform treatment method has yet been brought forward and no previous attempts to treat catatonia on a patient suffering concomitant major depress",crossref,pmc|unpaywall|crossref,False,True,verified_exact_doi,10.1192/j.eurpsy.2023.2028,Intranasal Esketamine administration in catatonia: a case report,1.0,True,True,2,"target item is present, but the acquired file was identified as a multi-item container","The DOI has a terminal year-and-item number; the title names a specific contribution; and metadata supplies an individual abstract. The whole-proceedings problem belongs to the downloaded artifact, not the search record.",,"Class A means only that this is not a container search record. Study design, publication type, relevance, and extractability still require ordinary screening."
10.1192/j.eurpsy.2023.2145,A,A_individual_record_with_container_artifact,retain_search_record_and_reacquire_or_slice_exact_item_text,False,high,individual_conference_or_journal_item,cambridge_european_psychiatry_item,terminal year-and-item number,Subcutaneous ketamine in the treatment of depression and suicide risk: case report.,2023,European Psychiatry,article,Marco Aurélio Cigognini; Denise van de Meene,True,1315,"Introduction Several studies have shown that ketamine, an NMDA receptor antagonist, represents a promising alternative in treating depression and suicide. The intranasal or intravenous use of ketamine, currently used, has limitations in terms of cost and complexity. The subcutaneous (SC) route may be an affordable alternative for the treatment of depression and suicidality. Objectives To evaluate the response of SC ketamine (0,5 mg/kg) applications on depressive, anxiety, and suicide symptoms. M",openalex,pmc|openalex,False,True,target_text_with_conflicting_doi,10.1192/j.eurpsy.2023.2144,Metformin as a tool to control antipsychotic-induced metabolic syndrome -case report,0.2874,True,True,5,"container includes the target item, while its header or opening item identifies another contribution","The DOI has a terminal year-and-item number; the title names a specific contribution; and metadata supplies an individual abstract. The whole-proceedings problem belongs to the downloaded artifact, not the search record.",,"Class A means only that this is not a container search record. Study design, publication type, relevance, and extractability still require ordinary screening."
10.1192/j.eurpsy.2023.269,A,A_individual_record_with_container_artifact,retain_search_record_and_reacquire_or_slice_exact_item_text,False,high,individual_conference_or_journal_item,cambridge_european_psychiatry_item,terminal year-and-item number,A Pilot Study Comparing a Community of Practice Group Therapy Program with and without Concurrent Ketamine-assisted Therapy,2023,European Psychiatry,article,Vivian W. L. Tsang; R. Moyer; Pamela Kryskow; Zach Walsh; Shannon Dames,True,2636,"Introduction Healthcare practitioners (HCPs) are facing a mental health crisis. Group therapies have long been used to treat symptoms associated with PTSD, anxiety and/or depression, however no studies have investigated the role of implementing group therapy with and without ketamine-assisted therapies (KaT). Objectives The current study investigated the effects of the Roots to Thrive (RTT) group therapy intervention both with and without adjunctive KaT. Methods In the present study we conduct a",openalex,pmc|openalex,False,True,verified_exact_doi,10.1192/j.eurpsy.2023.269,A Pilot Study Comparing a Community of Practice Group Therapy Program with and without Concurrent Ketamine-assisted Therapy,1.0,True,True,6,"target item is present, but the acquired file was identified as a multi-item container","The DOI has a terminal year-and-item number; the title names a specific contribution; and metadata supplies an individual abstract. The whole-proceedings problem belongs to the downloaded artifact, not the search record.",,"Class A means only that this is not a container search record. Study design, publication type, relevance, and extractability still require ordinary screening."
10.1192/j.eurpsy.2023.271,A,A_individual_record_with_container_artifact,retain_search_record_and_reacquire_or_slice_exact_item_text,False,high,individual_conference_or_journal_item,cambridge_european_psychiatry_item,terminal year-and-item number,"ESKALE study, a French real-world study describing TRD patients with Esketamine nasal spray: final analysis.",2023,European Psychiatry,,L. Samalin; L. Mekaoui; M. Rotharmel; P. de Maricourt; M. Codet; E. Gaudre Wattinne,True,2978,"Introduction Treatment resistant depression (TRD) affects a substantial proportion of patients with depression and carries a large unmet need. Esketamine nasal spray (NS), in combination with a selective serotonin reuptake inhibitor (SSRI) or serotonin norepinephrine reuptake inhibitor (SNRI), has been shown to reduce depressive symptoms and risk of relapse, in patients with TRD (Popova, V., et al. 2019. Am J Psychiatry; Daly, E.J., et al. 2019. JAMA Psychiatry). Esketamine NS has been authorise",semantic_scholar,pmc|semantic_scholar,False,True,verified_exact_doi,10.1192/j.eurpsy.2023.271,"ESKALE study, a French real-world study describing TRD patients with Esketamine nasal spray: final analysis",1.0,True,True,8,"target item is present, but the acquired file was identified as a multi-item container","The DOI has a terminal year-and-item number; the title names a specific contribution; and metadata supplies an individual abstract. The whole-proceedings problem belongs to the downloaded artifact, not the search record.",,"Class A means only that this is not a container search record. Study design, publication type, relevance, and extractability still require ordinary screening."
10.1192/j.eurpsy.2023.272,A,A_individual_record_with_container_artifact,retain_search_record_and_reacquire_or_slice_exact_item_text,False,high,individual_conference_or_journal_item,cambridge_european_psychiatry_item,terminal year-and-item number,"Esketamine nasal spray shows higher remission and response rates over 32 weeks of treatment compared with quetiapine extended-release in patients with treatment resistant depression: Results from ESCAPE-TRD, a randomised, phase IIIb clinical trial",2023,PubMed Central,article,A. Reif; A. Elif Anıl Yağcıoğlu; Alain Luts; T. Messer; René Ernst Nielsen; Jozefien Buyze; Ito T; Y. Kambarov; S. Mulhern Haughey; B. Rive,True,4545,"INTRODUCTION: Treatment resistant depression (TRD) is estimated to affect 10–30% of patients with major depressive disorder (Al‑Harbi et al. Patient Prefer Adherence 2012; 6 369–88). Esketamine nasal spray (NS), in combination with a selective serotonin reuptake inhibitor (SSRI) or serotonin norepinephrine reuptake inhibitor (SNRI), increases remission and response rates in patients with TRD compared with placebo plus SSRI/SNRI (Popova et al. Am J Psychiatry 2019; 176 428–38). ESCAPE-TRD (NCT043",openalex,pmc|openalex,False,True,target_text_with_conflicting_doi,10.1192/j.eurpsy.2023.271,"ESKALE study, a French real-world study describing TRD patients with Esketamine nasal spray: final analysis",0.1923,True,True,10,"container includes the target item, while its header or opening item identifies another contribution","The DOI has a terminal year-and-item number; the title names a specific contribution; and metadata supplies an individual abstract. The whole-proceedings problem belongs to the downloaded artifact, not the search record.",,"Class A means only that this is not a container search record. Study design, publication type, relevance, and extractability still require ordinary screening."
10.1192/j.eurpsy.2023.273,A,A_individual_record_with_container_artifact,retain_search_record_and_reacquire_or_slice_exact_item_text,False,high,individual_conference_or_journal_item,cambridge_european_psychiatry_item,terminal year-and-item number,Improvement in Depression Symptoms Measured by Montgomery-Åsberg Depression Rating Scale and Quick Inventory of Depressive Symptomatology-Self Rated Items after Randomised Double-blind COMP360 Psilocybin Therapy for Treatment-resistant Depression,2023,European Psychiatry,journal-article,G. M. Goodwin; L. Marwood; S. Mistry; A. Nowakowska; H. Simmons; J. Tsai; S. Williams; M. B. Young; E. Malievskaia,True,2979,"Introduction COMP360 is a synthetic, proprietary, purified form of psilocybin in development for treatment-resistant depression (TRD) with FDA Breakthrough Therapy designation. In a recent phase IIb study, COMP360 psilocybin 25mg was superior to 1mg on change from baseline (CFB) to Week 3 on the Montgomery-Åsberg Depression Rating Scale (MADRS) total score (primary efficacy endpoint), when administered alongside psychological support. Quick Inventory of Depressive Symptomatology-Self Rated (QIDS",crossref,pmc|unpaywall|crossref,False,True,verified_exact_doi,10.1192/j.eurpsy.2023.273,Improvement in Depression Symptoms Measured by Montgomery-Åsberg Depression Rating Scale and Quick Inventory of Depressive Symptomatology-Self Rated Items after Randomised Double-blind COMP360 Psilocybin Therapy for Treatment-resistant Depression,1.0,True,True,7,"target item is present, but the acquired file was identified as a multi-item container","The DOI has a terminal year-and-item number; the title names a specific contribution; and metadata supplies an individual abstract. The whole-proceedings problem belongs to the downloaded artifact, not the search record.",,"Class A means only that this is not a container search record. Study design, publication type, relevance, and extractability still require ordinary screening."
10.1192/j.eurpsy.2023.385,A,A_individual_record_with_container_artifact,retain_search_record_and_reacquire_or_slice_exact_item_text,False,high,individual_conference_or_journal_item,cambridge_european_psychiatry_item,terminal year-and-item number,Gender differences in response and remission rates among patients receiving esketamine.,2023,European Psychiatry,journal-article,A. T. Guterman; K. Feffer; A. Z. Gershi,True,1918,"Introduction Depressive disorders are among the leading causes of disability. The lifetime risk for developing clinically significant depression is estimated around 15%. Multiple studies have found female-male ratio of 2:1 across nations and cultures. The reason for this marked difference is still not clear, although several theories addressing social, biological, and environmental contributors have been suggested. Respond to anti-depressant treatment is considerably similar in both genders. How",crossref,pmc|unpaywall|crossref,False,True,verified_exact_doi,10.1192/j.eurpsy.2023.385,Depressive Disorders 01 EPP0042 Gender differences in response and remission rates among patients receiving esketamine,0.839,True,True,3,"target item is present, but the acquired file was identified as a multi-item container","The DOI has a terminal year-and-item number; the title names a specific contribution; and metadata supplies an individual abstract. The whole-proceedings problem belongs to the downloaded artifact, not the search record.",,"Class A means only that this is not a container search record. Study design, publication type, relevance, and extractability still require ordinary screening."
10.1192/j.eurpsy.2023.572,A,A_individual_record_with_container_artifact,retain_search_record_and_reacquire_or_slice_exact_item_text,False,high,individual_conference_or_journal_item,cambridge_european_psychiatry_item,terminal year-and-item number,Adjunctive short- and long-term combination treatment of esketamine and VNS in difficult to treat depression (DTD),2023,European Psychiatry,article,Erhan Kavakbasi; Bernhard T. Baune,True,1827,"Introduction NMDA-Receptor antagonists have rapid antidepressant and antisuicidal properties. However, the antidepressant effect is short lasting raising the question of best maintenance strategy, which is unanswered so far. Invasive vagus nerve stimulation (VNS) as a treatment option for refractory and chronic major depression was shown to reduce the need of maintenance treatment sessions in electroconvulsive therapy (ECT) patients. Objectives There are no published data on the combination of V",openalex,pmc|openalex,False,True,target_text_with_conflicting_doi,10.1192/j.eurpsy.2023.571,DTMS Combined with a Pain-directed Psychotherapeutic Intervention in Fibromyalgia -A Randomized Double-blind Sham-controlled Study,0.2694,True,True,6,"container includes the target item, while its header or opening item identifies another contribution","The DOI has a terminal year-and-item number; the title names a specific contribution; and metadata supplies an individual abstract. The whole-proceedings problem belongs to the downloaded artifact, not the search record.",,"Class A means only that this is not a container search record. Study design, publication type, relevance, and extractability still require ordinary screening."
10.1192/j.eurpsy.2023.613,A,A_individual_record_with_container_artifact,retain_search_record_and_reacquire_or_slice_exact_item_text,False,high,individual_conference_or_journal_item,cambridge_european_psychiatry_item,terminal year-and-item number,Knocking on the Doors of Perception: the role of psilocybin in substance use disorder treatment.,2023,European Psychiatry,journal-article,R. Sousa; L. Costa; J. Brás; R. Vaz; J. Martins; J. Abreu; E. Almeida; N. Castro; R. Andrade; N. Cunha,True,2994,"Introduction Substance use disorders(SUDs) are a major health concern and current treatment interventions have proven only limited success. Despite increasing effectiveness, still about 50–60% relapse within 6–12 months after treatment [Cornelius et al ., Addict Behav. 2003;28 381-386]. SUDs are defined as chronic disorders of brain reward system, motivation, and memory processes that have gone awry. Medication reducing craving and substance use is mainly available for alcohol dependence and to ",crossref,pmc|unpaywall|crossref,False,True,verified_exact_doi,10.1192/j.eurpsy.2023.613,Knocking on the Doors of Perception: the role of psilocybin in substance use disorder treatment,1.0,True,True,0,"target item is present, but the acquired file was identified as a multi-item container","The DOI has a terminal year-and-item number; the title names a specific contribution; and metadata supplies an individual abstract. The whole-proceedings problem belongs to the downloaded artifact, not the search record.",,"Class A means only that this is not a container search record. Study design, publication type, relevance, and extractability still require ordinary screening."
10.1192/j.eurpsy.2023.74,A,A_individual_record_with_container_artifact,retain_search_record_and_reacquire_or_slice_exact_item_text,False,high,individual_conference_or_journal_item,cambridge_european_psychiatry_item,terminal year-and-item number,Psychedelics for depression: from neurobiology to treatment.,2023,European Psychiatry,journal-article,K. P. Kuypers,True,1298,"Abstract Decades ago, the classical psychedelics psilocybin and LSD entered the therapeutic setting and already then showed their therapeutic potential in the treatment of psychiatric disorders. For thousands of years another psychedelic, ayahuasca, is being used by tribes in western Amazonia for healing and divination, and in recent years its use has expanded worldwide. Research into the therapeutic potential of these substances has re-emerged and (preliminary) findings are promising, showing t",crossref,pmc|unpaywall|crossref,False,True,verified_exact_doi,10.1192/j.eurpsy.2023.74,Psychedelics for depression: from neurobiology to treatment,1.0,True,True,0,"target item is present, but the acquired file was identified as a multi-item container","The DOI has a terminal year-and-item number; the title names a specific contribution; and metadata supplies an individual abstract. The whole-proceedings problem belongs to the downloaded artifact, not the search record.",,"Class A means only that this is not a container search record. Study design, publication type, relevance, and extractability still require ordinary screening."
10.1192/j.eurpsy.2023.898,A,A_individual_record_with_container_artifact,retain_search_record_and_reacquire_or_slice_exact_item_text,False,high,individual_conference_or_journal_item,cambridge_european_psychiatry_item,terminal year-and-item number,Systematic Review on the Mechanisms of Action of Psilocybin in the Treatment of Depression.,2023,European Psychiatry,Review,M. C. Q. Lin; H. Lee; V. Tsang; B. Chai; A. Howard; C. Uy; J. Elefante,True,2787,"Introduction Despite emerging evidence suggesting the efficacy of psilocybin in the treatment of mood disorders such as depression, the exact mechanisms by which psilocybin is able to elicit these antidepressant effects remains unknown. Objectives As the use of psilocybin as a treatment modality for depression has garnered increasing interest, this study aims to summarize the existing evidence of the mechanism of action with which psilocybin alleviates depressive symptoms, focusing specifically ",pmc,pmc,False,True,verified_exact_doi,10.1192/j.eurpsy.2023.898,Systematic Review on the Mechanisms of Action of Psilocybin in the Treatment of Depression,1.0,True,True,0,"target item is present, but the acquired file was identified as a multi-item container","The DOI has a terminal year-and-item number; the title names a specific contribution; and metadata supplies an individual abstract. The whole-proceedings problem belongs to the downloaded artifact, not the search record.",,"Class A means only that this is not a container search record. Study design, publication type, relevance, and extractability still require ordinary screening."
10.1192/j.eurpsy.2023.903,A,A_individual_record_with_container_artifact,retain_search_record_and_reacquire_or_slice_exact_item_text,False,high,individual_conference_or_journal_item,cambridge_european_psychiatry_item,terminal year-and-item number,"A 28-Day, Randomized, Controlled, Single-Blind, Phase 2 Study in Treatment-Resistant Major Depressive Disorder (TRD) Patients Receiving Intranasal Esketamine Comparing Addition of Almond Therapy TM with Treatment-as-Usual (TAU)",2023,European Psychiatry,article,Pierre Chue; Peter H. Silverstone; Tom Hillier; Sakina J. Rizvi; Shannon Phillips; L.-A. Langkaas; K. Davidson; Milton Z. Brown; James Chue,True,2576,Introduction Treatment Resistant Depression (TRD) occurs in up to 30% of patients with Major Depressive Disorder (MDD). New treatments are clearly needed and there is a burgeoning interest in novel agents including ketamine. While ketamine in various formulations has been demonstrated to have a robust antidepressant effect there is a lack of evidence-based psychotherapies specifically designed for combination use. Objectives We hypothesize that the combination of “Almond TherapyTM” with intranas,openalex,pmc|openalex,False,True,target_text_with_conflicting_doi,10.1192/j.eurpsy.2023.902,Comparison of Machine Learning Algorithms For Beck Depression Inventory Measured Depression Status Classification,0.217,False,True,0,acquired file does not reliably isolate the target item from the larger container,"The DOI has a terminal year-and-item number; the title names a specific contribution; and metadata supplies an individual abstract. The whole-proceedings problem belongs to the downloaded artifact, not the search record.",,"Class A means only that this is not a container search record. Study design, publication type, relevance, and extractability still require ordinary screening."
10.1192/j.eurpsy.2024.1103,A,A_individual_record_with_container_artifact,retain_search_record_and_reacquire_or_slice_exact_item_text,False,high,individual_conference_or_journal_item,cambridge_european_psychiatry_item,terminal year-and-item number,Esketamine for resistant depression in older people with cognitive impairment: a case report.,2024,European Psychiatry,journal-article,F. Mazzoni; V. Arienti; S. C. Civardi; G. Carnevale Miacca; P. Leali; F. Santilli; A. Guffanti; N. Brondino; M. Olivola,True,2912,"Introduction Depression represents a significant challenge in terms of disability among the elderly population and its responsiveness to conventional treatment approaches tends to diminish in this population group. Esketamine has shown both effectiveness and safety in addressing treatment-resistant depression in older patients. Objectives Currently, there is a lack of available literature regarding the use of esketamine in the treatment of patients experiencing both cognitive decline and treatme",crossref,pmc|unpaywall|crossref,False,True,verified_exact_doi,10.1192/j.eurpsy.2024.1103,Esketamine for resistant depression in older people with cognitive impairment: a case report,1.0,True,True,12,"target item is present, but the acquired file was identified as a multi-item container","The DOI has a terminal year-and-item number; the title names a specific contribution; and metadata supplies an individual abstract. The whole-proceedings problem belongs to the downloaded artifact, not the search record.",,"Class A means only that this is not a container search record. Study design, publication type, relevance, and extractability still require ordinary screening."
10.1192/j.eurpsy.2024.1108,A,A_individual_record_with_container_artifact,retain_search_record_and_reacquire_or_slice_exact_item_text,False,high,individual_conference_or_journal_item,cambridge_european_psychiatry_item,terminal year-and-item number,Esketamine new tool for resistant depressive disorder. About a case,2024,European Psychiatry,article,M. Valverde Barea; C. Mata Castro; P. Vargas Melero; A. España Osuna,True,2389,"Introduction Depressive disorders represent the main cause of disability in the world, due to its prevalence, its impact on the patient’s quality of life and its role as one of the main risk factors for suicide. Current antidepressant treatments can take weeks to take effect and months to achieve response and remission.It is estimated that up to 30% of patients with major depressive disorder (MDD) are resistant to antidepressant treatment, in addition, approximately 30-45% of patients with depre",openalex,pmc|openalex,False,True,identity_mismatch,10.1192/j.eurpsy.2024.1107,Effects of light therapy in the anxious-depressive clinic,0.368,True,True,10,"container includes the target item, while its header or opening item identifies another contribution","The DOI has a terminal year-and-item number; the title names a specific contribution; and metadata supplies an individual abstract. The whole-proceedings problem belongs to the downloaded artifact, not the search record.",,"Class A means only that this is not a container search record. Study design, publication type, relevance, and extractability still require ordinary screening."
10.1192/j.eurpsy.2024.1307,A,A_individual_record_with_container_artifact,retain_search_record_and_reacquire_or_slice_exact_item_text,False,high,individual_conference_or_journal_item,cambridge_european_psychiatry_item,terminal year-and-item number,Ketamine in the treatment of obsessive-compulsive disorder – a case report and literature review,2024,European Psychiatry,journal-article,I. Mangas Palma; I. da Fonseca Pinto; J. Tavares Coelho; R. Moreira,True,2993,"Introduction Obsessive-compulsive disorder (OCD) is a chronic condition characterized by time-consuming and distressing obsessions and/or compulsions, often accompanied by avoidance behaviours. It is a highly prevalent and incident disorder that results in considerable disability and quality of life reduction. Current pharmacological treatments are hindered by their delayed onset and the limited evidence on how to approach first and second line treatment-resistant patients. Recent research showc",crossref,pmc|unpaywall|crossref,False,True,verified_exact_doi,10.1192/j.eurpsy.2024.1307,Ketamine in the treatment of obsessive-compulsive disordera case report and literature review,0.9841,False,True,3,"target item is present, but the acquired file was identified as a multi-item container","The DOI has a terminal year-and-item number; the title names a specific contribution; and metadata supplies an individual abstract. The whole-proceedings problem belongs to the downloaded artifact, not the search record.",,"Class A means only that this is not a container search record. Study design, publication type, relevance, and extractability still require ordinary screening."
10.1192/j.eurpsy.2024.1356,A,A_individual_record_with_container_artifact,retain_search_record_and_reacquire_or_slice_exact_item_text,False,high,individual_conference_or_journal_item,cambridge_european_psychiatry_item,terminal year-and-item number,“Esketamine” in Borderline Personality Disorder: focud on suicide ideation,2024,European Psychiatry,article,Miriam Olivola; F. Mazzoni; Vincenzo Arienti; S. C. Civardi; G. Carnevale Miacca; P. Leali; Francesca Santilli; A. Guffanti; Natascia Brondino,True,2783,"Introduction Borderline personality disorder is often associated with comorbid conditions such as eating disorders, mood disorders, and substance use disorders. The prevalence of BPD and major depressive disorder (MDD) are about 5.9% and 8%, respectively, but up to 80% of patients with BPD experience one or more episodes of MDD in their lifetime. BPD is associated with suicidal behaviors and self-harm, thei are also fifty times more likely than the general population to attempt or die by suicide",openalex,pmc|openalex,False,True,target_text_with_conflicting_doi,10.1192/j.eurpsy.2024.1355,BUT WHO LOOKS AT ME? About a daily clinical case in treatment in a mental health center,0.1975,True,True,10,"container includes the target item, while its header or opening item identifies another contribution","The DOI has a terminal year-and-item number; the title names a specific contribution; and metadata supplies an individual abstract. The whole-proceedings problem belongs to the downloaded artifact, not the search record.",,"Class A means only that this is not a container search record. Study design, publication type, relevance, and extractability still require ordinary screening."
10.1192/j.eurpsy.2024.1440,A,A_individual_record_with_container_artifact,retain_search_record_and_reacquire_or_slice_exact_item_text,False,high,individual_conference_or_journal_item,cambridge_european_psychiatry_item,terminal year-and-item number,"Intranasal esketamine efficacy as a treatment for treatment-resistant depression, case series",2024,European Psychiatry,journal-article,C. Delgado Marmisa; I. Álvarez Correa; H. Vizcaíno Herrezuelo; L. Egüen Recuero; E. Garrido Dobrito; L. Gayubo Moreo; B. Sanz-Aranguez; L. Delgado Tellez; L. Caballero Martínez; R. De Arce Cordón,True,2525,"Introduction Intranasal esketamine has been approved as a treatment for patients with treatment-resistant depression. We analyzed the results of its efficacy in 15 patients. Objectives To evaluate the efficacy of intranasal Esketamine as a treatment in patients with treatment-resistant depression Methods Case series Results For the last 8 months, since the treatment with intranasal esketamine was approved for resistant depression, we have treated 14 patients with this drug. Through this process,",crossref,pmc|unpaywall|crossref,False,True,verified_exact_doi,10.1192/j.eurpsy.2024.1440,,,True,True,13,"target item is present, but the acquired file was identified as a multi-item container","The DOI has a terminal year-and-item number; the title names a specific contribution; and metadata supplies an individual abstract. The whole-proceedings problem belongs to the downloaded artifact, not the search record.",,"Class A means only that this is not a container search record. Study design, publication type, relevance, and extractability still require ordinary screening."
10.1192/j.eurpsy.2024.1444,A,A_individual_record_with_container_artifact,retain_search_record_and_reacquire_or_slice_exact_item_text,False,high,individual_conference_or_journal_item,cambridge_european_psychiatry_item,terminal year-and-item number,False-Positive Urine Drug Screening in a Patient on Quetiapine.,2024,European Psychiatry,journal-article,J. Ying; M. Y. G. Tan,True,2772,"Introduction Urine drug tests are commonly used in psychiatry settings, mainly for the purpose of screening for substance abuse and excluding drug-induced psychiatric disorders. When carefully interpreted, these tests offer critical information for clinical judgement. However, certain psychotropic medications can trigger false-positive results in common urine drug screenings. For example, aripiprazole has been reported to cause false-positive urine amphetamine test results, and haloperidol has b",crossref,pmc|unpaywall|crossref,False,True,verified_exact_doi,10.1192/j.eurpsy.2024.1444,False-Positive Urine Drug Screening in a Patient on Quetiapine,1.0,True,True,0,"target item is present, but the acquired file was identified as a multi-item container","The DOI has a terminal year-and-item number; the title names a specific contribution; and metadata supplies an individual abstract. The whole-proceedings problem belongs to the downloaded artifact, not the search record.",,"Class A means only that this is not a container search record. Study design, publication type, relevance, and extractability still require ordinary screening."
10.1192/j.eurpsy.2024.1480,A,A_individual_record_with_container_artifact,retain_search_record_and_reacquire_or_slice_exact_item_text,False,high,individual_conference_or_journal_item,cambridge_european_psychiatry_item,terminal year-and-item number,The effect of music type in ketamine-assisted group therapy on treatment-resistant mental health conditions: a prospective observational study.,2024,European Psychiatry,journal-article,K. E. Sattler; T. Walia; V. Tsang,True,2487,"Introduction Currently, Ketamine is the only safe, effective, and widely used psychedelic-like medicine in Canada. It has demonstrated notably efficacy in providing relief to those experiencing treatment resistant mental health conditions. Pairing Ketamine treatment with psychotherapy, known as Ketamine Assisted Therapy (KAT), has been shown to yield more enduring outcomes. Work by Greenway et al. has demonstrated that playing music following ketamine administration for patients with bipolar dis",crossref,pmc|unpaywall|crossref,False,True,verified_title_only,,,,True,True,0,"container includes the target item, while its header or opening item identifies another contribution","The DOI has a terminal year-and-item number; the title names a specific contribution; and metadata supplies an individual abstract. The whole-proceedings problem belongs to the downloaded artifact, not the search record.",,"Class A means only that this is not a container search record. Study design, publication type, relevance, and extractability still require ordinary screening."
10.1192/j.eurpsy.2024.1695,A,A_individual_record_with_container_artifact,retain_search_record_and_reacquire_or_slice_exact_item_text,False,high,individual_conference_or_journal_item,cambridge_european_psychiatry_item,terminal year-and-item number,Current situation regarding psychedelics and magic mushroom in Korea.,2024,European Psychiatry,journal-article,J. S. Seo,True,2435,"Introduction Recently, the pros and cons have been debating in Korea even before the approval of use of medical marijuana with very strict limitations. And the next controversial topic is psychedelics. In 1890, when mescaline was first isolated from peyote cactus, clinical researches began, but due to its harmful effects, it was thereafter legally prohibited in 1970 in USA. However, a pernicious debate over the medical efficacy of psychedelic drugs has begun again with the release of a study tha",crossref,pmc|unpaywall|crossref,False,True,verified_exact_doi,10.1192/j.eurpsy.2024.1695,Current situation regarding psychedelics and magic mushroom in Korea,1.0,True,True,0,"target item is present, but the acquired file was identified as a multi-item container","The DOI has a terminal year-and-item number; the title names a specific contribution; and metadata supplies an individual abstract. The whole-proceedings problem belongs to the downloaded artifact, not the search record.",,"Class A means only that this is not a container search record. Study design, publication type, relevance, and extractability still require ordinary screening."
10.1192/j.eurpsy.2024.1744,A,A_individual_record_with_container_artifact,retain_search_record_and_reacquire_or_slice_exact_item_text,False,high,individual_conference_or_journal_item,cambridge_european_psychiatry_item,terminal year-and-item number,Functional connectivity of the amygdala subregions and the antidepressant effects of repeated ketamine infusions in major depressive disorder,2024,European Psychiatry,journal-article,Haiyan Liu; Chengyu Wang; Xiaofeng Lan; Weicheng Li; Fan Zhang; Zhibo Hu; Yanxiang Ye; Yuping Ning; Yanling Zhou,True,1772,BACKGROUND: Amygdala subregion-based network dysfunction has been determined to be centrally implicated in major depressive disorder (MDD). Little is known about whether ketamine modulates amygdala subarea-related networks. We aimed to investigate the relationships between changes in the resting-state functional connectivity (RSFC) of amygdala subregions and ketamine treatment and to identify important neuroimaging predictors of treatment outcomes. METHODS: Thirty-nine MDD patients received six ,pubmed,pubmed|pmc|unpaywall,False,True,verified_exact_doi,10.1192/j.eurpsy.2024.1744,Functional connectivity of the amygdala subregions and the antidepressant effects of repeated ketamine infusions in major depressive disorder,1.0,True,True,9,"target item is present, but the acquired file was identified as a multi-item container","The DOI has a terminal year-and-item number; the title names a specific contribution; and metadata supplies an individual abstract. The whole-proceedings problem belongs to the downloaded artifact, not the search record.",,"Class A means only that this is not a container search record. Study design, publication type, relevance, and extractability still require ordinary screening."
10.1192/j.eurpsy.2024.1806,A,A_individual_record_with_container_artifact,retain_search_record_and_reacquire_or_slice_exact_item_text,False,high,individual_conference_or_journal_item,cambridge_european_psychiatry_item,terminal year-and-item number,Use of psychedelic treatments in psychiatric clinical practice: an EPA policy paper.,2025,European Psychiatry,journal-article,M. Destoop; P. Mohr; F. Butlen; P. Kéri; J. Samochowiec; L. De Picker; A. Fiorillo; K.P.C. Kuypers; G. Dom,True,1497,"BACKGROUND: Recent years show an exponential increased interest (""renaissance"") in the use of psychedelics for the treatment of mental disorders and broader. Some of these treatments, such as psilocybin for depression, are in the process of formal regulation by regulatory bodies in the US (FDA) and Europe (EMA), and as such on the brink of real-world implementation. In the slipstream of these developments increasing commercial initiatives are taking shape. The European Psychiatric Association (E",pubmed,pubmed|pmc|unpaywall,False,True,verified_exact_doi,10.1192/j.eurpsy.2024.1806,Use of psychedelic treatments in psychiatric clinical practice: an EPA policy paper,1.0,True,True,0,"target item is present, but the acquired file was identified as a multi-item container","The DOI has a terminal year-and-item number; the title names a specific contribution; and metadata supplies an individual abstract. The whole-proceedings problem belongs to the downloaded artifact, not the search record.",,"Class A means only that this is not a container search record. Study design, publication type, relevance, and extractability still require ordinary screening."
10.1192/j.eurpsy.2024.198,A,A_individual_record_with_container_artifact,retain_search_record_and_reacquire_or_slice_exact_item_text,False,high,individual_conference_or_journal_item,cambridge_european_psychiatry_item,terminal year-and-item number,A Meta-Analysis of fMRI Activation Studies of Ketamine in Healthy Participants.,2024,European Psychiatry,journal-article,J. H. Shepherd; A. Hickman; C. Baten; A. M. Klassen; G. Zamora; E. Johnson-Venegas; S. S. Madugula; E. Woo; J. A. Miller; M. D. Sacchet,True,2345,"Introduction There has been rapidly growing interest in understanding the pharmaceutical and clinical properties of psychedelic and dissociative drugs, with a particular focus on ketamine. This compound, long known for its anesthetic and dissociative properties, has garnered attention due to its potential to rapidly alleviate symptoms of depression, especially in individuals with treatment-resistant depression (TRD) or acute suicidal ideation or behavior. However, while ketamine’s psychopharmaco",crossref,pmc|unpaywall|crossref,False,True,verified_exact_doi,10.1192/j.eurpsy.2024.198,A Meta-Analysis of fMRI Activation Studies of Ketamine in Healthy Participants,1.0,True,True,0,"target item is present, but the acquired file was identified as a multi-item container","The DOI has a terminal year-and-item number; the title names a specific contribution; and metadata supplies an individual abstract. The whole-proceedings problem belongs to the downloaded artifact, not the search record.",,"Class A means only that this is not a container search record. Study design, publication type, relevance, and extractability still require ordinary screening."
10.1192/j.eurpsy.2024.220,A,A_individual_record_with_container_artifact,retain_search_record_and_reacquire_or_slice_exact_item_text,False,high,individual_conference_or_journal_item,cambridge_european_psychiatry_item,terminal year-and-item number,Rapid reduction of depressive symptoms with minimal dissociation: results from the KET01-02 and KET01-03 trials with oral prolonged-release (PR) ketamine KET01,2024,European Psychiatry,article,Christine zu Eulenburg; E. Papanastasiou; Kendra K. Schmid; A. Damyanova; Adrian Glas; C. Strote; Lars Arvastson; H. Å. Eriksson,True,3027,"Introduction Current ketamine-based therapies for treatment-resistant depression (TRD) often induce dissociative effects. A novel oral PR ketamine formulation (KET01) results in a low and delayed peak concentration of ketamine, high hydroxynorketamine concentration, and is associated with limited dissociative properties. Objectives To investigate efficacy, safety, and pharmacokinetics of KET01 in TRD. Methods KET01-02 was a randomized, double-blind phase 2 trial in outpatients with TRD comparing",openalex,pmc|openalex,False,True,target_text_with_conflicting_doi,10.1192/j.eurpsy.2024.219,Brain magnetic resonance imaging outperforms clinical severity ratings in the prediction of treatment outcomes in major depressive disorder,0.2207,True,True,18,"container includes the target item, while its header or opening item identifies another contribution","The DOI has a terminal year-and-item number; the title names a specific contribution; and metadata supplies an individual abstract. The whole-proceedings problem belongs to the downloaded artifact, not the search record.",,"Class A means only that this is not a container search record. Study design, publication type, relevance, and extractability still require ordinary screening."
10.1192/j.eurpsy.2024.222,A,A_individual_record_with_container_artifact,retain_search_record_and_reacquire_or_slice_exact_item_text,False,high,individual_conference_or_journal_item,cambridge_european_psychiatry_item,terminal year-and-item number,An Umbrella Review of Effectiveness of Intravenous Ketamine in Treatment-Resistant Depression,2024,European Psychiatry,article,A. M. Klassen; C.T.M. Baten; J. H. Shepherd; G. Lastenia Hernández Zamora; E. Johnson-Venegas; Sasidhar Madugula; Ellen Woo; Julie Ann Miller; Matthew D. Sacchet; D. W. Hedges,True,2592,"Introduction Major depressive disorder (MDD) is a tremendous global disease burden and the leading cause of disability worldwide. Unfortunately, individuals diagnosed with MDD typically experience a delayed response to traditional antidepressants and many do not adequately respond to pharmacotherapy, even after multiple trials. The critical need for novel antidepressant treatments has led to a recent resurgence in the clinical application of psychedelics, and intravenous ketamine, which has been",openalex,pmc|openalex,False,True,target_text_with_conflicting_doi,10.1192/j.eurpsy.2024.221,Working mechanisms of Cognitive Behavioral Therapy and Acceptance and Commitment Therapy: a dynamic network approach,0.3143,True,True,0,"container includes the target item, while its header or opening item identifies another contribution","The DOI has a terminal year-and-item number; the title names a specific contribution; and metadata supplies an individual abstract. The whole-proceedings problem belongs to the downloaded artifact, not the search record.",,"Class A means only that this is not a container search record. Study design, publication type, relevance, and extractability still require ordinary screening."
10.1192/j.eurpsy.2024.253,A,A_individual_record_with_container_artifact,retain_search_record_and_reacquire_or_slice_exact_item_text,False,high,individual_conference_or_journal_item,cambridge_european_psychiatry_item,terminal year-and-item number,How adults with treatment resistant depression experience their first esketamine nasal spray treatment? Preliminary results from a French qualitative study.,2024,European Psychiatry,journal-article,E. Manolios; J. Mathé; J. Sibeoni; M. Rotharmel; B. Astruc; B. Falissard; L. Mekaoui; A. Laurin; E. Gaudre-Wattinne; J. Dupin,True,2691,"Introduction Spravato® (esketamine nasal spray- ENS) is a new adjunctive drug for Treatment Resistant Depression (TRD), i.e. patients with major depressive disorder that failed to adequately respond despite the use of two different antidepressants. In France, a real world non-interventional post-commercialization cohort study is being conducted aiming to describe the conditions of use of the esketamine, and to observe the outcomes. Objectives To in-depth explore the lived experience of first adm",crossref,pmc|unpaywall|crossref,False,True,verified_exact_doi,10.1192/j.eurpsy.2024.253,How adults with treatment resistant depression experience their first esketamine nasal spray treatment? Preliminary results from a French qualitative study,1.0,True,True,4,"target item is present, but the acquired file was identified as a multi-item container","The DOI has a terminal year-and-item number; the title names a specific contribution; and metadata supplies an individual abstract. The whole-proceedings problem belongs to the downloaded artifact, not the search record.",,"Class A means only that this is not a container search record. Study design, publication type, relevance, and extractability still require ordinary screening."
10.1192/j.eurpsy.2024.44,A,A_individual_record_with_container_artifact,retain_search_record_and_reacquire_or_slice_exact_item_text,False,high,individual_conference_or_journal_item,cambridge_european_psychiatry_item,terminal year-and-item number,Microdosing psychedelics in the treatment of ADHD and comorbid disorders,2024,European Psychiatry,article,Kim P. C. Kuypers,True,2112,"Abstract Microdosing psychedelics has garnered considerable attention within both nonprofessional circles and the scientific community in recent years. This method involves taking small, non-hallucinogenic doses of substances like LSD or psilocybin over weeks or months, purportedly to enhance specific behaviors, emotions, or address psychiatric conditions. Exploring these assertions is crucial given the potential therapeutic value of microdosing, especially in conditions that respond positively ",openalex,pmc|openalex,False,True,target_text_with_conflicting_doi,10.1192/j.eurpsy.2024.42,Community mental health services in Europe: the state of art,0.3459,True,True,0,"container includes the target item, while its header or opening item identifies another contribution","The DOI has a terminal year-and-item number; the title names a specific contribution; and metadata supplies an individual abstract. The whole-proceedings problem belongs to the downloaded artifact, not the search record.",,"Class A means only that this is not a container search record. Study design, publication type, relevance, and extractability still require ordinary screening."
10.1192/j.eurpsy.2024.480,A,A_individual_record_with_container_artifact,retain_search_record_and_reacquire_or_slice_exact_item_text,False,high,individual_conference_or_journal_item,cambridge_european_psychiatry_item,terminal year-and-item number,Ketamine enhanced ECT in refractory recurrent depression.,2024,European Psychiatry,article,B. Arribas-Simón; P. Martínez Gimeno; M. Calvo-Valcarcel; C. Alario-Ruiz; O. Martin-Santiago,True,2248,"Introduction Recurrent Depressive Disorder is a chronic condition that significantly impacts the quality of life. Despite various treatment options, some patients face severe and treatment-resistant relapses. This case is related to research on ketamine in Electroconvulsive Therapy (ECT) for RDD. One study highlighted the efficacy and safety of ketamine compared to other anaesthetic agents in ECT for major depression. Additionally, another study explored subanesthetic doses of ketamine before ea",openalex,pmc|openalex,False,True,identity_unverified,,,,False,True,2,acquired file does not reliably isolate the target item from the larger container,"The DOI has a terminal year-and-item number; the title names a specific contribution; and metadata supplies an individual abstract. The whole-proceedings problem belongs to the downloaded artifact, not the search record.",,"Class A means only that this is not a container search record. Study design, publication type, relevance, and extractability still require ordinary screening."
10.1192/j.eurpsy.2024.493,A,A_individual_record_with_container_artifact,retain_search_record_and_reacquire_or_slice_exact_item_text,False,high,individual_conference_or_journal_item,cambridge_european_psychiatry_item,terminal year-and-item number,Older Adults in Psychedelic-Assisted Therapy Trials: A Systematic Review.,2024,European Psychiatry,journal-article,L. Bouchet; Z. Sager; A. Yrondi; N. Kabir; B. Anderson; S. Ross; P. Petridis; Y. Beaussant,True,1812,"Introduction Growing clinical interest in psychedelic-assisted therapies has led to a second wave of research involving psilocybin, LSD, MDMA and other substances. Data suggests that these compounds have the potential to treat mental health conditions that are especially prevalent in older adults such as depression, anxiety, existential distress and post-traumatic stress disorder. Objectives The goal of this study was to quantify the prevalence of older adults enrolled in psychedelic clinical tr",crossref,pmc|unpaywall|crossref,False,True,verified_exact_doi,10.1192/j.eurpsy.2024.493,Older Adults in Psychedelic-Assisted Therapy Trials: A Systematic Review,1.0,True,True,0,"target item is present, but the acquired file was identified as a multi-item container","The DOI has a terminal year-and-item number; the title names a specific contribution; and metadata supplies an individual abstract. The whole-proceedings problem belongs to the downloaded artifact, not the search record.",,"Class A means only that this is not a container search record. Study design, publication type, relevance, and extractability still require ordinary screening."
10.1192/j.eurpsy.2024.539,A,A_individual_record_with_container_artifact,retain_search_record_and_reacquire_or_slice_exact_item_text,False,high,individual_conference_or_journal_item,cambridge_european_psychiatry_item,terminal year-and-item number,Real-world effectiveness and safety of esketamine intranasal spray combined with treatment-as-usual in psychiatric inpatients,2024,European Psychiatry,article,Erhan Kavakbasi; Mehmet Yılmaz; Okun Bulut; H Berndt; Bernhard T. Baune,True,2625,Introduction Esketamine intranasal spray has been approved in both the USA and EU as a novel treatment in patients with treatment-resistant major depression (TRD) and for the management of acute depressive emergencies during the course of major depressive disorder (MDD). Real-world data on the effectiveness and safety of esketamine nasal spray in clinical use are limited. Objectives To investigate the clinical effects and safety of esketamine nasal spray on depression severity and suicidal ideat,openalex,pmc|openalex,False,True,target_text_with_conflicting_doi,10.1192/j.eurpsy.2024.538,"The Impact of Severe Wildfires on Mental Health: Prevalence of Major Depressive Disorder and Related Factors among Residents in Alberta and Nova Scotia, Canada",0.2947,True,True,12,"container includes the target item, while its header or opening item identifies another contribution","The DOI has a terminal year-and-item number; the title names a specific contribution; and metadata supplies an individual abstract. The whole-proceedings problem belongs to the downloaded artifact, not the search record.",,"Class A means only that this is not a container search record. Study design, publication type, relevance, and extractability still require ordinary screening."
10.1192/j.eurpsy.2024.626,A,A_individual_record_with_container_artifact,retain_search_record_and_reacquire_or_slice_exact_item_text,False,high,individual_conference_or_journal_item,cambridge_european_psychiatry_item,terminal year-and-item number,Weight changes in esketamine nasal spray and quetiapine extended-release treated patients with treatment resistant depression: Results from ESCAPE-TRD study,2024,European Psychiatry,article,Andreas Reif; Andrea Fagiolini; E. Buntinx; H. Ruggeri; Y. Godinov; Jozefien Buyze; Siobhán Mulhern-Haughey; István Bitter,True,2422,"Introduction In ESCAPE-TRD, esketamine nasal spray (ESK-NS) significantly increased the probability of remission at Week (Wk)8 and being relapse‑free through Wk32 after remission at Wk8 versus (vs) quetiapine extended-release (QTP-XR), in patients (pts) with treatment resistant depression (TRD). Safety data were consistent with established profiles of each treatment, with no new safety signals identified (Reif et al. DGPPN 2022; P-01-04). Objectives To explore weight changes and their impact on ",openalex,pmc|openalex,False,True,target_text_with_conflicting_doi,10.1192/j.eurpsy.2024.625,Clinical features of suicidal behaviouг in youth with borderline personality disorder,0.1901,True,True,5,"container includes the target item, while its header or opening item identifies another contribution","The DOI has a terminal year-and-item number; the title names a specific contribution; and metadata supplies an individual abstract. The whole-proceedings problem belongs to the downloaded artifact, not the search record.",,"Class A means only that this is not a container search record. Study design, publication type, relevance, and extractability still require ordinary screening."
10.1192/j.eurpsy.2024.717,A,A_individual_record_with_container_artifact,retain_search_record_and_reacquire_or_slice_exact_item_text,False,high,individual_conference_or_journal_item,cambridge_european_psychiatry_item,terminal year-and-item number,Half a Decade of Intravenous Ketamine Administration: Our Observation Results and Insights regarding its safety.,2024,European Psychiatry,journal-article,P. Argitis; A. Karampas; M. Peyioti; T. Koukouras; S. Karavia; Z. Chaviaras,True,3010,"Introduction Ketamine, originally an anesthetic, has emerged as a potent tool in the fight against treatment-resistant depression and suicide. Clinical trials have demonstrated its ability to induce remission of severe depressive symptoms, with effects that can extend over several weeks.Furthermore, research highlights Ketamine’s potential to rapidly reduce suicidal ideation. This suggests Ketamine’s role as an intervention in suicide prevention, especially when conventional treatments prove ine",crossref,pmc|unpaywall|crossref,False,True,verified_exact_doi,10.1192/j.eurpsy.2024.717,Half a Decade of Intravenous Ketamine Administration: Our Observation Results and Insights regarding its safety,1.0,True,True,6,"target item is present, but the acquired file was identified as a multi-item container","The DOI has a terminal year-and-item number; the title names a specific contribution; and metadata supplies an individual abstract. The whole-proceedings problem belongs to the downloaded artifact, not the search record.",,"Class A means only that this is not a container search record. Study design, publication type, relevance, and extractability still require ordinary screening."
10.1192/j.eurpsy.2024.749,A,A_individual_record_with_container_artifact,retain_search_record_and_reacquire_or_slice_exact_item_text,False,high,individual_conference_or_journal_item,cambridge_european_psychiatry_item,terminal year-and-item number,Esketamine nasal spray shows greater improvement in health-related quality of life over 32 weeks versus quetiapine extended release in patients with treatment resistant depression,2024,European Psychiatry,article,Allan H. Young; Bernhard T. Baune; Narcı́s Cardoner; R Frey; Ito T; Y. Kambarov; Acioly L.T. Lacerda; B. Rive; C. von Holt; Albino J. Oliveira‐Maia,True,7000,Introduction In ESCAPE-TRD esketamine nasal spray (ESK-NS) significantly increased the probability of achieving remission at Week (Wk) 8 and being relapse‑free through Wk32 after remission at Wk8 versus (vs) quetiapine extended release (Q-XR) in patients (pts) with treatment resistant depression (TRD) (Reif et al. DGPPN 2022; P-01-04). We report ESK-NS vs Q-XR effects on pt-reported health-related quality of life (HRQoL) over 32 wks. Objectives Evaluate pt-reported HRQoL using the generic 36-ite,openalex,pmc|openalex,False,True,identity_mismatch,10.1192/j.eurpsy.2024.747,The association between depressive symptoms and medication adherence among polypharmacy older adults,0.1362,True,True,2,"container includes the target item, while its header or opening item identifies another contribution","The DOI has a terminal year-and-item number; the title names a specific contribution; and metadata supplies an individual abstract. The whole-proceedings problem belongs to the downloaded artifact, not the search record.",,"Class A means only that this is not a container search record. Study design, publication type, relevance, and extractability still require ordinary screening."
10.1192/j.eurpsy.2024.8,A,A_individual_record_with_container_artifact,retain_search_record_and_reacquire_or_slice_exact_item_text,False,high,individual_conference_or_journal_item,cambridge_european_psychiatry_item,terminal year-and-item number,"Effects of psychedelic microdosing versus conventional ADHD medication use on emotion regulation, empathy, and ADHD symptoms in adults with severe ADHD symptoms: A naturalistic prospective comparison study",2024,European Psychiatry,journal-article,Eline C.H.M. Haijen; Petra P.M. Hurks; Kim P.C. Kuypers,True,1283,"Adults with attention-deficit hyperactivity disorder (ADHD) often struggle with emotion regulation (ER), impacting their empathic skills and relationships. ADHD medication might not be as effective for ER issues as for ADHD symptoms. Microdosing (MD) psychedelics has shown promise for ADHD treatment and previous studies reported social-emotional benefits. Two online prospective studies investigated MD effects on ER and empathy in adults with severe ADHD symptoms across three assessments: baselin",pubmed,pubmed|pmc|unpaywall,False,True,verified_exact_doi,10.1192/j.eurpsy.2024.8,"Effects of psychedelic microdosing versus conventional ADHD medication use on emotion regulation, empathy, and ADHD symptoms in adults with severe ADHD symptoms: A naturalistic prospective comparison study",1.0,True,True,0,"target item is present, but the acquired file was identified as a multi-item container","The DOI has a terminal year-and-item number; the title names a specific contribution; and metadata supplies an individual abstract. The whole-proceedings problem belongs to the downloaded artifact, not the search record.",,"Class A means only that this is not a container search record. Study design, publication type, relevance, and extractability still require ordinary screening."
10.1192/j.eurpsy.2024.864,A,A_individual_record_with_container_artifact,retain_search_record_and_reacquire_or_slice_exact_item_text,False,high,individual_conference_or_journal_item,cambridge_european_psychiatry_item,terminal year-and-item number,Motives for MDMA Use: A Comparative Study with Alcohol and Cannabis,2024,European Psychiatry,article,Daniele Zullino; Louise Penzenstadler; Stéphane Rothen; F. Seragnnoli; Alexis Girardet; Gérard Calzada; Gabriel Thorens,True,2374,"Introduction While research on drug use motives has primarily focused on widely used substances like alcohol, tobacco, and cannabis, understanding the motivations behind MDMA use is crucial for developing targeted therapeutic, preventive, and harm reduction strategies. Objectives The objective of this study is to present the findings of an online survey that evaluates the motives behind the use of 3,4-methylenedioxymethamphetamine (MDMA) and draws comparisons between these motives and those for ",openalex,pmc|openalex,False,True,target_text_with_conflicting_doi,10.1192/j.eurpsy.2024.863,Cortisol Levels Chorelated with Exposure to Alcohol Related Visual Stimuli in Patients with Alcohol Use Disorder,0.4556,True,True,3,"container includes the target item, while its header or opening item identifies another contribution","The DOI has a terminal year-and-item number; the title names a specific contribution; and metadata supplies an individual abstract. The whole-proceedings problem belongs to the downloaded artifact, not the search record.",,"Class A means only that this is not a container search record. Study design, publication type, relevance, and extractability still require ordinary screening."
10.1192/j.eurpsy.2024.875,A,A_individual_record_with_container_artifact,retain_search_record_and_reacquire_or_slice_exact_item_text,False,high,individual_conference_or_journal_item,cambridge_european_psychiatry_item,terminal year-and-item number,The Effect of the Apollo Neuro Device on Anxiety Among Participants who Underwent Ketamine Assisted Therapy,2024,European Psychiatry,journal-article,V. Tsang,True,2116,"Introduction The study aimed to evaluate the effectiveness of a device called “Apollo” in reducing anxiety, as compared to a control group. Participants were divided into two groups: the intervention group (receiving the “Apollo” device) and the control group (receiving no intervention). Objectives The primary outcome measure was the change in Generalized Anxiety Disorder 7-item (GAD-7) scores, calculated as the difference between post-GAD-7 and pre-GAD-7 scores. Methods Participants were recrui",crossref,pmc|unpaywall|crossref,False,True,verified_exact_doi,10.1192/j.eurpsy.2024.875,The Effect of the Apollo Neuro Device on Anxiety Among Participants who Underwent Ketamine Assisted Therapy,1.0,True,True,3,"target item is present, but the acquired file was identified as a multi-item container","The DOI has a terminal year-and-item number; the title names a specific contribution; and metadata supplies an individual abstract. The whole-proceedings problem belongs to the downloaded artifact, not the search record.",,"Class A means only that this is not a container search record. Study design, publication type, relevance, and extractability still require ordinary screening."
10.1192/j.eurpsy.2024.93,A,A_individual_record_with_container_artifact,retain_search_record_and_reacquire_or_slice_exact_item_text,False,high,individual_conference_or_journal_item,cambridge_european_psychiatry_item,terminal year-and-item number,Diagnosis &amp; Treatment Options in Depression with comorbid Dementia,2024,European Psychiatry,article,Andrew J. Young,True,3023,"Abstract Depression and Dementia Professor Allan H Young, Head of Academic Psychiatry, Maudsley Hospital and King’s College London UK. allan.young@kcl.ac.uk Mood Disorders are common, encompass cognitive impairments and occur in later life including first onset after the age of 50 years of age. There is a considerable overlap between depression and dementia. The relationship between depression and dementia will be reviewed and the implications for diagnosis and treatment will be discussed. Novel",openalex,pmc|openalex,False,True,target_text_with_conflicting_doi,10.1192/j.eurpsy.2024.92,Women with internet related disorders- illustration of an in-depth clinical assessment and personnalized treatment approach,0.2421,False,True,0,acquired file does not reliably isolate the target item from the larger container,"The DOI has a terminal year-and-item number; the title names a specific contribution; and metadata supplies an individual abstract. The whole-proceedings problem belongs to the downloaded artifact, not the search record.",,"Class A means only that this is not a container search record. Study design, publication type, relevance, and extractability still require ordinary screening."
10.1192/j.eurpsy.2024.988,A,A_individual_record_with_container_artifact,retain_search_record_and_reacquire_or_slice_exact_item_text,False,high,individual_conference_or_journal_item,cambridge_european_psychiatry_item,terminal year-and-item number,"Substance use, anxiety and depression among Tunisian college students.",2024,European Psychiatry,journal-article,E. Bergaoui; A. Bouallagui; M. Moalla; M. Zrelli; G. Amri; R. Ghachem,True,2059,"Introduction Substance use and mental health symptoms are frequent among college students worldwide. Objectives This study examined the prevalence of substance use, anxiety and depression among college students and their associated factors. Methods A total of 115 college students aged between 19 and 30 years from different universities completed a self-reported online survey during March 2023. The questionnaire included items on demographic information, substance use and the Hospital Anxiety and",crossref,pmc|unpaywall|crossref,False,True,verified_exact_doi,10.1192/j.eurpsy.2024.988,"Substance use, anxiety and depression among Tunisian college students",1.0,True,True,2,"target item is present, but the acquired file was identified as a multi-item container","The DOI has a terminal year-and-item number; the title names a specific contribution; and metadata supplies an individual abstract. The whole-proceedings problem belongs to the downloaded artifact, not the search record.",,"Class A means only that this is not a container search record. Study design, publication type, relevance, and extractability still require ordinary screening."
10.1192/j.eurpsy.2025.10096,A,A_individual_record_with_container_artifact,retain_search_record_and_reacquire_or_slice_exact_item_text,False,high,individual_conference_or_journal_item,cambridge_european_psychiatry_item,terminal year-and-item number,Esketamine use in real-world clinical practice in patients with treatment-resistant depression.,2025,European Psychiatry,Journal Article | Multicenter Study,Ismael Conejero; Raquel Alvarez García; Alejandro Porras-Segovia; Ana María De Granda Beltrán; Sergio Benavente López; Ezequiel Di Stasio; Lucía Albarracín-García; Jorge Lopez-Castroman; Philippe Courtet; Enrique Baca-Garcia,True,1693,"BACKGROUND: Esketamine has been shown to produce a major antidepressant response in patients with treatment-resistant depression (TRD). We evaluated the factors associated with achieving remission in these individuals. METHODS: The study was carried out across four psychiatry departments in Madrid, Spain. Patients aged over 18 years were included if they received esketamine as an augmentation treatment for TRD. Standard esketamine protocol included an induction phase (4 weeks) and a maintenance ",pubmed,pubmed|pmc|unpaywall,False,True,verified_exact_doi,10.1192/j.eurpsy.2025.10096,Esketamine use in real-world clinical practice in patients with treatment-resistant depression,1.0,True,True,13,"target item is present, but the acquired file was identified as a multi-item container","The DOI has a terminal year-and-item number; the title names a specific contribution; and metadata supplies an individual abstract. The whole-proceedings problem belongs to the downloaded artifact, not the search record.",,"Class A means only that this is not a container search record. Study design, publication type, relevance, and extractability still require ordinary screening."
10.1192/j.eurpsy.2025.10123,A,A_individual_record_with_container_artifact,retain_search_record_and_reacquire_or_slice_exact_item_text,False,high,individual_conference_or_journal_item,cambridge_european_psychiatry_item,terminal year-and-item number,Improvements in health-related quality of life with esketamine nasal spray versus quetiapine extended release.,2025,European Psychiatry,journal-article,Andreas Reif; Bernhard T. Baune; Jozefien Buyze; Anthony J. Cleare; Shaun Johnson; Yerkebulan Kambarov; Nigel Olisa; Falk Schuster; Christian von Holt; Tamara Werner-Kiechle,True,1880,"BACKGROUND: Clinical response and remission may not fully reflect patient priorities in treatment-resistant depression (TRD). Health-related quality-of-life (HRQoL) outcomes should be assessed to comprehensively capture treatment benefits. METHODS: ESCAPE-TRD (NCT04338321) was a 32-week randomized, phase IIIb trial comparing esketamine nasal spray (NS) versus quetiapine extended release (XR), both alongside an ongoing selective serotonin reuptake inhibitor/serotonin-norepinephrine reuptake inhib",pubmed,pubmed|pmc|unpaywall,False,True,verified_exact_doi,10.1192/j.eurpsy.2025.10123,Improvements in health-related quality of life with esketamine nasal spray versus quetiapine extended release,1.0,True,True,6,"target item is present, but the acquired file was identified as a multi-item container","The DOI has a terminal year-and-item number; the title names a specific contribution; and metadata supplies an individual abstract. The whole-proceedings problem belongs to the downloaded artifact, not the search record.",,"Class A means only that this is not a container search record. Study design, publication type, relevance, and extractability still require ordinary screening."
10.1192/j.eurpsy.2025.1046,A,A_individual_record_with_container_artifact,retain_search_record_and_reacquire_or_slice_exact_item_text,False,high,individual_conference_or_journal_item,cambridge_european_psychiatry_item,terminal year-and-item number,Real clinical experience of inhaled esketamine in bipolar depression. A retrospective study,2025,European Psychiatry,journal-article,S. Benavente López; A. Lara Fernández; E. Toro Carrasco; I. Pedrero Torrejon; A. Parra González; M. Mejia Quiterio; A. Viñas Arboleda; E. Losantos Ucha; E. Baca García,True,2445,"Introduction Bipolar depression is a severe type of depression that poses a clinical challenge when treating it, as it can often be resistant to treatment and there is also the possibility that when treated with antidepressants the patient may switch to a manic episode. In addition, there are few medications indicated for the depressive phase of bipolar depression, which reduces the therapeutic possibilities and makes the treatment of these patients even more complicated. Bipolar depression is a",crossref,pmc|unpaywall|crossref,False,True,verified_exact_doi,10.1192/j.eurpsy.2025.1046,EPV0198 Real clinical experience of inhaled esketamine in bipolar depression. A retrospective study,0.9579,True,True,7,"target item is present, but the acquired file was identified as a multi-item container","The DOI has a terminal year-and-item number; the title names a specific contribution; and metadata supplies an individual abstract. The whole-proceedings problem belongs to the downloaded artifact, not the search record.",,"Class A means only that this is not a container search record. Study design, publication type, relevance, and extractability still require ordinary screening."
10.1192/j.eurpsy.2025.1204,A,A_individual_record_with_container_artifact,retain_search_record_and_reacquire_or_slice_exact_item_text,False,high,individual_conference_or_journal_item,cambridge_european_psychiatry_item,terminal year-and-item number,Depression and suicidal risk in autism spectrum disorder: efficacy of intranasal esketamine. Clinical experience from a public mental health service in Italy.,2025,European Psychiatry,journal-article,A. Guffanti; F. Mazzoni; A. Silva; F. Calorio; P. Politi; N. Brondino; M. Olivola,True,2772,"Introduction Depressive disorders and anxiety disorders are typical comorbidities in autism spectrum disorder (ASD), with a reported prevalence of 20% and 9%, respectively (Lai, 2019). Autistic subjects are more at risk for suicidal thoughts and behaviors compared to typically developing peers; moreover, depressive symptoms are often resistant to both pharmacological and psychotherapeutic treatments. In 2019 intranasal esketamine was approved in Italy for treatment-resistent depression (TRD). We",crossref,pmc|unpaywall|crossref,False,True,verified_exact_doi,10.1192/j.eurpsy.2025.1204,Depression and suicidal risk in autism spectrum disorder: efficacy of intranasal esketamine. Clinical experience from a public mental health service in Italy,1.0,True,True,6,"target item is present, but the acquired file was identified as a multi-item container","The DOI has a terminal year-and-item number; the title names a specific contribution; and metadata supplies an individual abstract. The whole-proceedings problem belongs to the downloaded artifact, not the search record.",,"Class A means only that this is not a container search record. Study design, publication type, relevance, and extractability still require ordinary screening."
10.1192/j.eurpsy.2025.1211,A,A_individual_record_with_container_artifact,retain_search_record_and_reacquire_or_slice_exact_item_text,False,high,individual_conference_or_journal_item,cambridge_european_psychiatry_item,terminal year-and-item number,From NMDA Receptor Antagonism to Cerebrovascular Effects: The Dual Facets of Nitrous Oxide in Bipolar Depression.,2025,European Psychiatry,journal-article,C. Pinheiro Ramos; A. F. Reis; C. Batista; M. J. Freire; S. Mendes,True,1753,"Introduction Nitrous oxide (N2O) was first discovered in 1772 by Joseph Priestley. Since its anesthetic properties were realized in 1844, it has been used in the medical and dental fields. Nitrous oxide is also known as “laughing gas” or “nos”. Recent literature suggests that studying N2O is important, not only for understanding the pathophysiology of bipolar depression but also for exploring its potential as a treatment. N2O is often used recreationally for its euphoric, anxiolytic, and dissoci",crossref,pmc|unpaywall|crossref,False,True,verified_exact_doi,10.1192/j.eurpsy.2025.1211,From NMDA Receptor Antagonism to Cerebrovascular Effects: The Dual Facets of Nitrous Oxide in Bipolar Depression,1.0,True,True,1,"target item is present, but the acquired file was identified as a multi-item container","The DOI has a terminal year-and-item number; the title names a specific contribution; and metadata supplies an individual abstract. The whole-proceedings problem belongs to the downloaded artifact, not the search record.",,"Class A means only that this is not a container search record. Study design, publication type, relevance, and extractability still require ordinary screening."
10.1192/j.eurpsy.2025.1297,A,A_individual_record_with_container_artifact,retain_search_record_and_reacquire_or_slice_exact_item_text,False,high,individual_conference_or_journal_item,cambridge_european_psychiatry_item,terminal year-and-item number,Intranasal esketamine in treatment-resistant depression: Descriptive study of our clinical experience.,2025,European Psychiatry,journal-article,E. Abalde García; E. Lanchares Balboa; L. C. Ortega Sandoval; J. A. Campos Pérez; J. M. Olivares Diez,True,2443,"Introduction Major Depressive Disorder (MDD) represents a significant challenge for global public health, profoundly affecting social and economic well-being. It is estimated that around 30% of patients do not respond to standard therapies, being classified as Treatment-Resistant Depression (TRD) patients. Intranasal ketamine emerges as a promising therapeutic option for these patients. Objectives The objective of this study is to analyze the actual clinical use of intranasal esketamine in a sam",crossref,pmc|unpaywall|crossref,False,True,verified_exact_doi,10.1192/j.eurpsy.2025.1297,Intranasal esketamine in treatment-resistant depression: Descriptive study of our clinical experience,1.0,True,True,6,"target item is present, but the acquired file was identified as a multi-item container","The DOI has a terminal year-and-item number; the title names a specific contribution; and metadata supplies an individual abstract. The whole-proceedings problem belongs to the downloaded artifact, not the search record.",,"Class A means only that this is not a container search record. Study design, publication type, relevance, and extractability still require ordinary screening."
10.1192/j.eurpsy.2025.1299,A,A_individual_record_with_container_artifact,retain_search_record_and_reacquire_or_slice_exact_item_text,False,high,individual_conference_or_journal_item,cambridge_european_psychiatry_item,terminal year-and-item number,Esketamine Nasal Spray in the Treatment of Depression: A Comprehensive Analysis of its Efficacy and Safety in 107 Patients of Sulwan Psychiatric Hospital in Kingdom of Bahrain.,2025,European Psychiatry,journal-article,A. M. Al Hamada,True,2243,"Introduction Depression is one of the most disabling diseases worldwide, but despite numerous attempts to investigate novel drugs, no significant step forward has been taken so far. Traditional antidepressants, including selective serotonin reuptake inhibitors and serotonin and norepinephrine reuptake inhibitors, have been shown to have a slow onset of action and require assessing these drugs for up to eight weeks to determine their effectiveness. As a result, there is an urgent medical need for",crossref,pmc|unpaywall|crossref,False,True,verified_exact_doi,10.1192/j.eurpsy.2025.1299,Esketamine Nasal Spray in the Treatment of Depression: A Comprehensive Analysis of its Efficacy and Safety in 107 Patients of Sulwan Psychiatric Hospital in Kingdom of Bahrain,1.0,True,True,4,"target item is present, but the acquired file was identified as a multi-item container","The DOI has a terminal year-and-item number; the title names a specific contribution; and metadata supplies an individual abstract. The whole-proceedings problem belongs to the downloaded artifact, not the search record.",,"Class A means only that this is not a container search record. Study design, publication type, relevance, and extractability still require ordinary screening."
10.1192/j.eurpsy.2025.1303,A,A_individual_record_with_container_artifact,retain_search_record_and_reacquire_or_slice_exact_item_text,False,high,individual_conference_or_journal_item,cambridge_european_psychiatry_item,terminal year-and-item number,Real clinical experience of inhaled esketamine in depression and chronic pain. A retrospective study,2025,European Psychiatry,article,S. Benavente López; I. Pedrero Torrejón; Eduardo Carrasco; A. Lara Fernández; A. Parra González; M. Mejia Quiterio; Alejandra Arboleda Ramírez; E. Baca García,True,2844,"Introduction Chronic pain is very prevalent in the population, with an estimated prevalence of 20.5% of the adult population experiencing pain every day or most days. Chronic pain is one of the main factors that generate dysfunctionality in patients, and it can even lead to dependence in activities of daily living. Chronic pain is strongly associated with depression, and can induce a major depression which, due to its characteristics, will become chronic. Several studies have shown that intraven",openalex,pmc|openalex,False,True,identity_mismatch,10.1192/j.eurpsy.2025.1301,Cognitive-Behavioral Therapy Versus Traditional Approaches in Treating Anxiety-Depression Among International Medical Students,0.3612,True,True,8,"container includes the target item, while its header or opening item identifies another contribution","The DOI has a terminal year-and-item number; the title names a specific contribution; and metadata supplies an individual abstract. The whole-proceedings problem belongs to the downloaded artifact, not the search record.",,"Class A means only that this is not a container search record. Study design, publication type, relevance, and extractability still require ordinary screening."
10.1192/j.eurpsy.2025.1310,A,A_individual_record_with_container_artifact,retain_search_record_and_reacquire_or_slice_exact_item_text,False,high,individual_conference_or_journal_item,cambridge_european_psychiatry_item,terminal year-and-item number,Esketamine and Ketamine use in the Adolescent Population for Treatment Resistent Depression: A Systematic Review,2025,European Psychiatry,article,Gang Chen; Yuqing Li,True,2423,"Introduction Ketamine is widely recognized for its dissociative anesthetic properties, particularly in procedural sedation and severe pain management among children, adolescents, and young adults. Despite its noted applications, research investigating ketamine’s impact on mood and suicidality within this specific demographic remains limited. This retrospective review seeks to address this gap by characterizing ketamine usage and psychiatric comorbidities in Treatment-resistant depression (TRD). ",openalex,pmc|openalex,False,True,target_text_with_conflicting_doi,10.1192/j.eurpsy.2025.1309,EPV0599 Depression and Suicide Risks Among Nurses at Sahloul University Hospital in Sousse (Tunisia),0.2347,True,True,0,"container includes the target item, while its header or opening item identifies another contribution","The DOI has a terminal year-and-item number; the title names a specific contribution; and metadata supplies an individual abstract. The whole-proceedings problem belongs to the downloaded artifact, not the search record.",,"Class A means only that this is not a container search record. Study design, publication type, relevance, and extractability still require ordinary screening."
10.1192/j.eurpsy.2025.1342,A,A_individual_record_with_container_artifact,retain_search_record_and_reacquire_or_slice_exact_item_text,False,high,individual_conference_or_journal_item,cambridge_european_psychiatry_item,terminal year-and-item number,Exploring the Influence of Personality Traits on Response to Esketamine nasal spray in Treatment-Resistant Depression: A Real-World Study,2025,European Psychiatry,article,Maria Marino; Elisa Briasco; Riccardo Guglielmo; E. Cavanna; Francesco Schiavon; Gabriele Giacomini; Daniela Malagamba; Giovanni Martinotti; Mario Amore; Gianluca Serafini,True,3314,"Introduction Treatment-resistant depression (TRD) is a severe condition with substantial economic and social impacts, defined by a lack of response to two or more adequate antidepressant treatments. Esketamine, an NMDA receptor antagonist, acts as an antidepressant by modulating glutamatergic transmission. Some studies suggest that dopaminergic system activation is crucial for the antidepressant effect of (S)-Ketamine ( Jelen LA et al. J Psychopharmacol. 2021 Feb;35(2):109-123 ). Recently, nasal",openalex,pmc|openalex,False,True,identity_mismatch,10.1192/j.eurpsy.2025.1341,EPV0640 Using computational psychiatry for identifying risk factors for depressive disorder,0.3406,True,True,6,"container includes the target item, while its header or opening item identifies another contribution","The DOI has a terminal year-and-item number; the title names a specific contribution; and metadata supplies an individual abstract. The whole-proceedings problem belongs to the downloaded artifact, not the search record.",,"Class A means only that this is not a container search record. Study design, publication type, relevance, and extractability still require ordinary screening."
10.1192/j.eurpsy.2025.1344,A,A_individual_record_with_container_artifact,retain_search_record_and_reacquire_or_slice_exact_item_text,False,high,individual_conference_or_journal_item,cambridge_european_psychiatry_item,terminal year-and-item number,Resistant depressive disorder: electroconvulsive therapy versus esketamine.,2025,European Psychiatry,journal-article,M. P. Pando Fernández; P. Martínez Gimeno; M. A. Andreo Vidal; M. Calvo Valcárcel; M. D. L. Á. Guillén Soto; O. Martin Santiago; G. Medina Ojeda; A. Rodríguez Campos; L. Rodríguez Andrés; N. Navarro Barriga,True,2757,"Introduction Electroconvulsive therapy (ECT) has long been regarded as highly effective in the treatment of Treatment-Resistant Depression (TRD), with remission rates ranging from 50% to 70%. In recent years, esketamine, an N-methyl-D-aspartate (NMDA) receptor antagonist, has emerged as a novel treatment option for TRD due to its rapid and potent antidepressant effects (1). Objectives This case aims to reflect on the comparative use of esketamine versus ECT in the management of TRD, considering ",crossref,pmc|unpaywall|crossref,False,True,verified_exact_doi,10.1192/j.eurpsy.2025.1344,,,True,True,5,"target item is present, but the acquired file was identified as a multi-item container","The DOI has a terminal year-and-item number; the title names a specific contribution; and metadata supplies an individual abstract. The whole-proceedings problem belongs to the downloaded artifact, not the search record.",,"Class A means only that this is not a container search record. Study design, publication type, relevance, and extractability still require ordinary screening."
10.1192/j.eurpsy.2025.1353,A,A_individual_record_with_container_artifact,retain_search_record_and_reacquire_or_slice_exact_item_text,False,high,individual_conference_or_journal_item,cambridge_european_psychiatry_item,terminal year-and-item number,Can Esketamine Become a Viable Alternative for Treating Treatment-Resistant Depression in Ecuador?,2025,European Psychiatry,article,E. Pazmiño; K. Armas,True,2342,"Introduction Treatment-resistant Depression (TRD) nowadays it is consider a public health problem. Studies had demonstrate that TRD has higher prevalence of psychiatric comorbid conditions, twice the utilization of outpatient health care resources, 3 times the number of inpatient bed-days, and 23% higher all-cause mortality. Esketamine , the S -enantiomer of ketamine , has been recently approved for depression that has failed to respond to two or more antidepressants 2 . Nevertheless, considerin",openalex,pmc|openalex,False,True,target_text_with_conflicting_doi,10.1192/j.eurpsy.2025.1352,Depression and Acute Myocardial Infarction: What's New in Their Association?,0.2184,True,True,12,"container includes the target item, while its header or opening item identifies another contribution","The DOI has a terminal year-and-item number; the title names a specific contribution; and metadata supplies an individual abstract. The whole-proceedings problem belongs to the downloaded artifact, not the search record.",,"Class A means only that this is not a container search record. Study design, publication type, relevance, and extractability still require ordinary screening."
10.1192/j.eurpsy.2025.1360,A,A_individual_record_with_container_artifact,retain_search_record_and_reacquire_or_slice_exact_item_text,False,high,individual_conference_or_journal_item,cambridge_european_psychiatry_item,terminal year-and-item number,Metacogntive training add-on to esketamine treatment in TRD patients: effects on depressive rumination.,2025,European Psychiatry,journal-article,F. Raffone; D. Atripaldi; S. Testa; R. Cerlino; V. Martiadis,True,2920,"Introduction Depressive rumination has been the subject of increasing clinical and research interest in recent years. Numerous studies have demonstrated its central role in the etiopathogenesis and maintenance of depressive disorders. It refers to the struggle to control repetitive and passive thoughts with a hyper-focus on depressive symptoms, their causes, meanings and consequences. It is, therefore, a process that is often active in people with depressive mood and that can exacerbate and prol",crossref,pmc|unpaywall|crossref,False,True,verified_exact_doi,10.1192/j.eurpsy.2025.1360,EPV0661 Metacogntive training add-on to esketamine treatment in TRD patients: effects on depressive rumination,0.9577,True,True,4,"target item is present, but the acquired file was identified as a multi-item container","The DOI has a terminal year-and-item number; the title names a specific contribution; and metadata supplies an individual abstract. The whole-proceedings problem belongs to the downloaded artifact, not the search record.",,"Class A means only that this is not a container search record. Study design, publication type, relevance, and extractability still require ordinary screening."
10.1192/j.eurpsy.2025.1380,A,A_individual_record_with_container_artifact,retain_search_record_and_reacquire_or_slice_exact_item_text,False,high,individual_conference_or_journal_item,cambridge_european_psychiatry_item,terminal year-and-item number,Improvements in Functioning with Esketamine Nasal Spray versus Quetiapine Extended Release in Patients with Treatment Resistant Depression,2025,European Psychiatry,article,Eduard Vieta; N. Ahmed; C. Arango; Anthony J. Cleare; Koen Demyttenaere; Markus Dold; Tetsuro Ito; Y. Kambarov; Stephanie Krüger; Pierre‐Michel Llorca,True,2186,"Introduction In the ESCAPE-TRD study, esketamine nasal spray (ESK-NS) significantly increased chance of remission at Week 8 versus (vs) quetiapine extended release (Q-XR) in patients (pts) with treatment resistant depression (TRD; Reif et al . NEJM 2023; 389:1298–309). Changes in disability and functional impairment due to depressive symptoms assessed with the Sheehan Disability Scale (SDS) are reported. Objectives To assess the effect of ESK-NS vs Q-XR on pts’ daily functioning using SDS, consi",openalex,pmc|openalex,False,True,target_text_with_conflicting_doi,10.1192/j.eurpsy.2025.1379,Pharmacological management of late-onset major depression -Evidence-based approaches from the first episode to treatment-resistant cases,0.2308,True,True,8,"container includes the target item, while its header or opening item identifies another contribution","The DOI has a terminal year-and-item number; the title names a specific contribution; and metadata supplies an individual abstract. The whole-proceedings problem belongs to the downloaded artifact, not the search record.",,"Class A means only that this is not a container search record. Study design, publication type, relevance, and extractability still require ordinary screening."
10.1192/j.eurpsy.2025.1396,A,A_individual_record_with_container_artifact,retain_search_record_and_reacquire_or_slice_exact_item_text,False,high,individual_conference_or_journal_item,cambridge_european_psychiatry_item,terminal year-and-item number,"Dying to be Thin: The complex relationship between Eating Disorders, Epilepsy and Treatment Resistant Depression",2025,European Psychiatry,article,D. J. K. Fones; Haur Yueh Lee,True,2938,"Introduction Depression is a common comorbidity in patients with eating disorders. Epilepsy significantly impacts mood and personality, with up to one-third of epilepsy patients experiencing psychiatric comorbidities. The coexistence of eating disorders, epilepsy, and depression presents a clinical challenge due to complex neurological, psychiatric, and psychosocial interactions. Despite well-established links between these conditions, little literature explores their convergence in a single pat",openalex,pmc|openalex,False,True,target_text_with_conflicting_doi,10.3109/01460862.2013.779764,"Dying to be Thin: The complex relationship between Eating Disorders, Epilepsy and Treatment Resistant Depression",1.0,True,False,3,"container text includes the target title, but document-level DOI identity is not isolated","The DOI has a terminal year-and-item number; the title names a specific contribution; and metadata supplies an individual abstract. The whole-proceedings problem belongs to the downloaded artifact, not the search record.",,"Class A means only that this is not a container search record. Study design, publication type, relevance, and extractability still require ordinary screening."
10.1192/j.eurpsy.2025.14,A,A_individual_record_with_container_artifact,retain_search_record_and_reacquire_or_slice_exact_item_text,False,high,individual_conference_or_journal_item,cambridge_european_psychiatry_item,terminal year-and-item number,Sleep-administered ketamine/psychedelics: A streamlined strategy to address two challenges in research on ketamine and psychedelics.,2025,European Psychiatry,Journal Article,Arjmand S; Lindström MB; Sellgren CM; Wegener G,True,577,"The dissociative effects of ketamine and psychedelics might be associated with their rapid antidepressant properties, raising questions about whether these effects are necessary for their therapeutic action. Additionally, the distinct dissociative experiences often reported by patients in clinical trials may reveal whether they receive an active treatment or a placebo, potentially introducing bias into the results. In this viewpoint, we propose administering ketamine/psychedelics to patients dur",pubmed,pubmed|pmc|unpaywall,False,True,verified_title_only,,Sleep-administered ketamine/psychedelics: A streamlined strategy to address two challenges in research on ketamine and psychedelics,1.0,True,False,0,"container text includes the target title, but document-level DOI identity is not isolated","The DOI has a terminal year-and-item number; the title names a specific contribution; and metadata supplies an individual abstract. The whole-proceedings problem belongs to the downloaded artifact, not the search record.",,"Class A means only that this is not a container search record. Study design, publication type, relevance, and extractability still require ordinary screening."
10.1192/j.eurpsy.2025.1415,A,A_individual_record_with_container_artifact,retain_search_record_and_reacquire_or_slice_exact_item_text,False,high,individual_conference_or_journal_item,cambridge_european_psychiatry_item,terminal year-and-item number,Pharmacological treatments for eating disorders – How far are we from new solutions?,2025,European Psychiatry,journal-article,V. A. Voicu; O. Vasiliu,True,2491,"Introduction Eating disorders (EDs) are an important and highly prevalent class of disorders worldwide, with the global lifetime prevalence reaching more than 8% in females and 2% in males. Also, EDs associate high rates of mortality, comorbidity, organic and psychiatric complications, and years lived with disability (YLD), low quality of life and increased healthcare costs. Yet, the pharmacological armamentarium available to treat EDs is quite reduced, a phenomenon that creates difficult challe",crossref,pmc|unpaywall|crossref,False,True,verified_exact_doi,10.1192/j.eurpsy.2025.1415,Pharmacological treatments for eating disorders -How far are we from new solutions?,1.0,True,True,0,"target item is present, but the acquired file was identified as a multi-item container","The DOI has a terminal year-and-item number; the title names a specific contribution; and metadata supplies an individual abstract. The whole-proceedings problem belongs to the downloaded artifact, not the search record.",,"Class A means only that this is not a container search record. Study design, publication type, relevance, and extractability still require ordinary screening."
10.1192/j.eurpsy.2025.2101,A,A_individual_record_with_container_artifact,retain_search_record_and_reacquire_or_slice_exact_item_text,False,high,individual_conference_or_journal_item,cambridge_european_psychiatry_item,terminal year-and-item number,MM120 demonstrates no evidence of abuse potential in rodent preclinical studies.,2025,European Psychiatry,journal-article,J. Tripp; G. N. Smagin,True,2926,"Introduction Generalized anxiety disorder (GAD) is a chronic and disabling disorder with an estimated lifetime prevalence of up to 7.8% in the US. MM120 (lysergide D-tartrate), a tartrate salt of D-lysergic acid diethylamide (LSD), is currently under development as a potential treatment for GAD. The mechanism of action (MOA) by which MM120 may elicit profound lasting psychological changes is not fully understood. Studies suggest that it has significant effects on functional brain activity across",crossref,pmc|unpaywall|crossref,False,True,verified_exact_doi,10.1192/j.eurpsy.2025.2101,MM120 demonstrates no evidence of abuse potential in rodent preclinical studies,1.0,True,True,5,"target item is present, but the acquired file was identified as a multi-item container","The DOI has a terminal year-and-item number; the title names a specific contribution; and metadata supplies an individual abstract. The whole-proceedings problem belongs to the downloaded artifact, not the search record.",,"Class A means only that this is not a container search record. Study design, publication type, relevance, and extractability still require ordinary screening."
10.1192/j.eurpsy.2025.2107,A,A_individual_record_with_container_artifact,retain_search_record_and_reacquire_or_slice_exact_item_text,False,high,individual_conference_or_journal_item,cambridge_european_psychiatry_item,terminal year-and-item number,Psychoplastogens – a risk-benefit analysis and perspectives for future research,2025,European Psychiatry,article,Victor Voicu; Octavian Vasiliu; Amelia Ciobanu,True,2982,"Introduction The continuous exploration of new treatments in the field of psychopharmacology has brought a new light on psychedelics, raising the provocative question of how these drugs of abuse (DOA) may become useful in clinical practice. Psychedelics are included in the category of “psychoplastogens”, substances that are known for their effects of enhancing neuroplasticity in the nervous central system via the modulation of Brain-derived Neurotrophic Factor (BDNF) signaling. However, psychede",openalex,pmc|openalex,False,True,identity_mismatch,10.1192/j.eurpsy.2025.2106,A case of dysphagia associated with an increase in antipsychotic dosage,0.1192,False,True,0,acquired file does not reliably isolate the target item from the larger container,"The DOI has a terminal year-and-item number; the title names a specific contribution; and metadata supplies an individual abstract. The whole-proceedings problem belongs to the downloaded artifact, not the search record.",,"Class A means only that this is not a container search record. Study design, publication type, relevance, and extractability still require ordinary screening."
10.1192/j.eurpsy.2025.2110,A,A_individual_record_with_container_artifact,retain_search_record_and_reacquire_or_slice_exact_item_text,False,high,individual_conference_or_journal_item,cambridge_european_psychiatry_item,terminal year-and-item number,Salivary Oxytocin as a Biomarker in Psychedelic Assisted Psychotherapy,2025,European Psychiatry,article,Laurie Cazorla; Sylvie Alaux; Cédric Mabilais; Caroline Amberger; Albert Buchard; Gabriel Thorens; P. Louise; Zullino Daniele; Tatiana Aboulafia Brakha,True,3010,"Introduction One of the main mechanisms of action of LSD in psychedelic-assisted psychotherapy (PAP) is the activation of 5HT2A receptors. This triggers a cascade of neurochemical processes with the release of neurotransmitters and neurohormonal substances. The release of oxytocin in this process is well documented in pre-clinical studies, with recent evidence in healthy subjects. We have no data on oxytocin reactivity during LSD treatment in patients with psychiatric problems. It would be of gr",openalex,pmc|openalex,False,True,target_text_with_conflicting_doi,10.1192/j.eurpsy.2025.2109,Oculogyric Crisis and Suicidal Ideations in a Patient with Schizophrenia: A Case Report with Pharmacogenetic Findings,0.2553,True,True,2,"container includes the target item, while its header or opening item identifies another contribution","The DOI has a terminal year-and-item number; the title names a specific contribution; and metadata supplies an individual abstract. The whole-proceedings problem belongs to the downloaded artifact, not the search record.",,"Class A means only that this is not a container search record. Study design, publication type, relevance, and extractability still require ordinary screening."
10.1192/j.eurpsy.2025.273,A,A_individual_record_with_container_artifact,retain_search_record_and_reacquire_or_slice_exact_item_text,False,high,individual_conference_or_journal_item,cambridge_european_psychiatry_item,terminal year-and-item number,Effectiveness of Repeated Ketamine Infusions in Treatment Non-Responding Obsessive Compulsive Disorder: a Randomised Controlled Trial,2025,European Psychiatry,journal-article,L. Hauhnar; V. S. Mehta,True,2948,"Introduction Though glutamate modulators have been increasingly used with some success in cases of OCD resistant to SRIs, there is limited data on the use of ketamine in OCD. There is one study on the use of multiple ketamine infusions in SRI-resistant OCD, but no studies have yet compared the effectiveness of multiple infusions of ketamine with multiple infusions of an active comparator agent. Benzodiazepines are commonly prescribed for OCD despite the lack of recommendations. The current study",crossref,pmc|unpaywall|crossref,False,True,verified_exact_doi,10.1192/j.eurpsy.2025.273,Obsessive-Compulsive Disorder O005 Effectiveness of Repeated Ketamine Infusions in Treatment Non-Responding Obsessive Compulsive Disorder: a Randomised Controlled Trial,0.9286,True,True,5,"target item is present, but the acquired file was identified as a multi-item container","The DOI has a terminal year-and-item number; the title names a specific contribution; and metadata supplies an individual abstract. The whole-proceedings problem belongs to the downloaded artifact, not the search record.",,"Class A means only that this is not a container search record. Study design, publication type, relevance, and extractability still require ordinary screening."
10.1192/j.eurpsy.2025.289,A,A_individual_record_with_container_artifact,retain_search_record_and_reacquire_or_slice_exact_item_text,False,high,individual_conference_or_journal_item,cambridge_european_psychiatry_item,terminal year-and-item number,MM120 (lysergide) in a controlled clinical setting: treatment of generalized anxiety disorder without co-occurring psychotherapeutic intervention,2025,European Psychiatry,article,Sarah M. Karas; Robert E. Barrow; C. Conant; Jenna Freedman; Paula L. Jacobsen; Jamileh Jemison; Daniel R. Karlin; Todd M. Solomon,True,3288,"Introduction Generalized anxiety disorder (GAD) is among the most common psychiatric disorders and has significant impairment on patients’ daily life. Effective and well-tolerated pharmacotherapies are needed. The FDA has noted that the inclusion of psychotherapy within trials complicates assessment of psychedelic drug efficacy, although to date many psychedelic trials have included co-occurring psychotherapy. 1 Co-occurring psychotherapy confounds the evaluation of efficacy and may complicate c",openalex,pmc|openalex,False,True,target_text_with_conflicting_doi,10.1192/j.eurpsy.2025.288,"Affective Go/NoGo fMRI study of adults living with ADHD reveals differential BOLD activation in ACC, insula, and secondary visual cortex",0.1352,True,True,4,"container includes the target item, while its header or opening item identifies another contribution","The DOI has a terminal year-and-item number; the title names a specific contribution; and metadata supplies an individual abstract. The whole-proceedings problem belongs to the downloaded artifact, not the search record.",,"Class A means only that this is not a container search record. Study design, publication type, relevance, and extractability still require ordinary screening."
10.1192/j.eurpsy.2025.347,A,A_individual_record_with_container_artifact,retain_search_record_and_reacquire_or_slice_exact_item_text,False,high,individual_conference_or_journal_item,cambridge_european_psychiatry_item,terminal year-and-item number,"Difficult-to-Treat Depression: Effectiveness, Functionality, and Quality of Life—Preliminary Results from a Real-World Prospective Cohort under Esketamine Treatment in Spain after 3-Month Follow-Up",2025,European Psychiatry,article,M. Gomez Revuelta; Germán Astudillo; Julián Yáñez; D. Gutiérrez Hormaechea; Pedro J. Caravaca Pérez; Claudia Ovejas Catalán; John Barcia; Mabel Rodríguez; N. Vargas Berni,True,2877,"Introduction Major depressive disorder (MDD) is one of the most prevalent and disabling mental health conditions globally. Approximately one-third to half of MDD patients, suffer from difficult-to-treat depression (DTD), a condition marked by persistent symptoms that do not respond to multiple standard treatments. DTD is often associated with comorbid physical and psychiatric conditions leading to chronic disability and a reduced quality of life. The complexity of DTD poses a considerable challe",openalex,pmc|openalex,False,True,identity_mismatch,10.1192/j.eurpsy.2025.346,"Maternal antenatal depression is associated with metabolic alterations that predict birth outcomes, neurodevelopment and mental health of the child",0.2558,False,False,11,acquired file does not reliably isolate the target item from the larger container,"The DOI has a terminal year-and-item number; the title names a specific contribution; and metadata supplies an individual abstract. The whole-proceedings problem belongs to the downloaded artifact, not the search record.",,"Class A means only that this is not a container search record. Study design, publication type, relevance, and extractability still require ordinary screening."
10.1192/j.eurpsy.2025.350,A,A_individual_record_with_container_artifact,retain_search_record_and_reacquire_or_slice_exact_item_text,False,high,individual_conference_or_journal_item,cambridge_european_psychiatry_item,terminal year-and-item number,Response to Ketamine Therapy in Anxious and Non-Anxious Major Depressive Disorder: A Meta-Analysis of Clinical Trials.,2025,European Psychiatry,journal-article,I. Borja De Oliveira; A. L. Stephany; M. L. Geremias; D. Xavier; F. Wagner; A. L. Balduino de Souza; M. O. Pozzolo Pedro; D. Soler Lopes; M. C. Carbajal Tamez; J. Quevedo,True,3428,"Introduction Anxious depression (AxD) as an independent diagnostic has been controversial, with many suggesting it as a transient state and others highlighting evidence of a worse outcome, severity, and increased suicide risk. The International Classification of Diseases (ICD-11) lists a related concept under 6A73, Mixed depressive and anxiety disorder. Previous literature on ketamine’s efficacy has mainly focused on either anxiety or depression, with limited comparison of both groups. Given the",crossref,pmc|unpaywall|crossref,False,True,verified_exact_doi,10.1192/j.eurpsy.2025.350,Response to Ketamine Therapy in Anxious and Non-Anxious Major Depressive Disorder: A Meta-Analysis of Clinical Trials,1.0,True,True,0,"target item is present, but the acquired file was identified as a multi-item container","The DOI has a terminal year-and-item number; the title names a specific contribution; and metadata supplies an individual abstract. The whole-proceedings problem belongs to the downloaded artifact, not the search record.",,"Class A means only that this is not a container search record. Study design, publication type, relevance, and extractability still require ordinary screening."
10.1192/j.eurpsy.2025.466,A,A_individual_record_with_container_artifact,retain_search_record_and_reacquire_or_slice_exact_item_text,False,high,individual_conference_or_journal_item,cambridge_european_psychiatry_item,terminal year-and-item number,Is there a risk of addiction to ketamine during the treatment of depression? A systematic review of available literature,2025,European Psychiatry,article,Gianmarco Ingrosso; A. Cleare; Mário F. Juruena,True,2320,"Introduction Depression is a leading cause of disability globally, and while conventional treatments, such as antidepressants and psychological therapy, benefit many patients, a significant proportion fail to achieve symptom relief. Ketamine has demonstrated both rapid and sustained efficacy in treating depression, especially in treatment-resistant cases. However, concerns regarding the addictive potential of ketamine during long-term depression treatment persist among clinicians. Objectives The",openalex,pmc|openalex,False,True,identity_mismatch,10.1192/j.eurpsy.2025.465,Investigating amygdala habituation in major depressive disorder: an fMRI study in UK Biobank,0.3113,True,False,0,"container text includes the target title, but document-level DOI identity is not isolated","The DOI has a terminal year-and-item number; the title names a specific contribution; and metadata supplies an individual abstract. The whole-proceedings problem belongs to the downloaded artifact, not the search record.",,"Class A means only that this is not a container search record. Study design, publication type, relevance, and extractability still require ordinary screening."
10.1192/j.eurpsy.2025.471,A,A_individual_record_with_container_artifact,retain_search_record_and_reacquire_or_slice_exact_item_text,False,high,individual_conference_or_journal_item,cambridge_european_psychiatry_item,terminal year-and-item number,Antidepressant effect of ketamine unrelated to dissociation: Results from an exploratory mediation analysis of the KET01-02 study,2025,European Psychiatry,journal-article,L. Arvastson; E. Papanastasiou; K. Schmid; A. Damyanova; A. Glas; C. Strote; C. Eulenburg; D. Gehrlach; K. Maiboe; H. Eriksson,True,2609,"Introduction Current ketamine-based therapies for treatment-resistant depression (TRD) can induce dissociative symptoms. A novel oral prolonged-release ketamine formulation (KET01) results in a lower and delayed peak concentration of ketamine, and a higher concentration of the metabolites norketamine and hydroxynorketamine than after intravenous administration. KET01 has limited dissociative properties, compared to other ketamine formulations. Objectives To explore the relation between dissociat",crossref,pmc|unpaywall|crossref,False,True,verified_exact_doi,10.1192/j.eurpsy.2025.471,Antidepressant effect of ketamine unrelated to dissociation: Results from an exploratory mediation analysis of the KET01-02 study,1.0,True,True,11,"target item is present, but the acquired file was identified as a multi-item container","The DOI has a terminal year-and-item number; the title names a specific contribution; and metadata supplies an individual abstract. The whole-proceedings problem belongs to the downloaded artifact, not the search record.",,"Class A means only that this is not a container search record. Study design, publication type, relevance, and extractability still require ordinary screening."
10.1192/j.eurpsy.2025.525,A,A_individual_record_with_container_artifact,retain_search_record_and_reacquire_or_slice_exact_item_text,False,high,individual_conference_or_journal_item,cambridge_european_psychiatry_item,terminal year-and-item number,"Altered resting-state functional connectivity of the salience network in patients with schizophrenia, with or without cannabis use disorder.",2025,European Psychiatry,journal-article,M. Matrone; G. Moltoni; A. Romano; G. Kotzalidis; A. Romano; P. Motta; F. Nicoletti; S. De Persis; A. Bozzao,True,2958,"Introduction Schizophrenia (SCZ) is a mental disorder with as yet undefined aetiology and pathogenesis. It is currently considered as a neurodevelopmental disorder and one of the main causes of disability globally, with a prevalence of approximately 1%. About one in four individuals with SCZ is diagnosed with comorbid Cannabis Use Disorder (CUD). Aberrations in brain connectivity have been identified as contributing to the pathophysiology of SCZ. Objectives To our knowledge, no resting-state fun",crossref,pmc|unpaywall|crossref,False,True,verified_exact_doi,10.1192/j.eurpsy.2025.525,"Altered resting-state functional connectivity of the salience network in patients with schizophrenia, with or without cannabis use disorder",1.0,True,True,0,"target item is present, but the acquired file was identified as a multi-item container","The DOI has a terminal year-and-item number; the title names a specific contribution; and metadata supplies an individual abstract. The whole-proceedings problem belongs to the downloaded artifact, not the search record.",,"Class A means only that this is not a container search record. Study design, publication type, relevance, and extractability still require ordinary screening."
10.1192/j.eurpsy.2025.678,A,A_individual_record_with_container_artifact,retain_search_record_and_reacquire_or_slice_exact_item_text,False,high,individual_conference_or_journal_item,cambridge_european_psychiatry_item,terminal year-and-item number,Impact of history of esketamine treatment in the current depressive episode on response to iTBS,2025,European Psychiatry,article,M. Tonkul; Bernhard T. Baune; E. Kavakbasi,True,2236,"Introduction An increasing number of patients with treatment-resistant depression (TRD) are treated with a novel form of transcranial magnetic stimulation (TMS): the intermittent theta burst stimulation (iTBS). In this retrospective naturalistic study, we analyzed the outcome of iTBS treatment in patients with treatment-resistant depression. Objectives To investigate the impact of history of esketamine treatment in the current depressive episode on response to iTBS. Methods In this study, we inc",openalex,pmc|openalex,False,True,target_text_with_conflicting_doi,10.1192/j.eurpsy.2025.677,"Examining the Relationship Between Depression, Rumination, and Anxiety: Insights from the DiSCoVeR Trial",0.31,True,True,1,"container includes the target item, while its header or opening item identifies another contribution","The DOI has a terminal year-and-item number; the title names a specific contribution; and metadata supplies an individual abstract. The whole-proceedings problem belongs to the downloaded artifact, not the search record.",,"Class A means only that this is not a container search record. Study design, publication type, relevance, and extractability still require ordinary screening."
10.1192/j.eurpsy.2025.684,A,A_individual_record_with_container_artifact,retain_search_record_and_reacquire_or_slice_exact_item_text,False,high,individual_conference_or_journal_item,cambridge_european_psychiatry_item,terminal year-and-item number,"Efficacy of Esketamine nasal spray in treatment-resistant depression: impact on depressive symptoms,hopelessness and suicide risk: A real-world evidence study.",2025,European Psychiatry,journal-article,M. Pompili; M. A. Trocchia; L. Longhini; E. Dispenza; C. Di Legge; S. Sarubbi; D. Erbuto; I. Berardelli,True,3377,"Introduction Treatment-resistant depression (TRD) is a condition associated with multiple severe implications and high suicide risk. Esketamine is a pharmacological agent approved by the FDA and EMA recommended for adults diagnosed with TRD. The glutamatergic mechanisms of depression are currently the subject of numerous studies. Esketamine has glutamatergic neuromodulatory properties to enhance the effects of selective serotonin and norepinephrine reuptake inhibitors. Furthermore, the anti-suic",crossref,pmc|unpaywall|crossref,False,True,verified_exact_doi,10.1192/j.eurpsy.2025.684,"Efficacy of Esketamine nasal spray in treatmentresistant depression: impact on depressive symptoms,hopelessness and suicide risk: A real-world evidence study",0.9937,False,True,15,"target item is present, but the acquired file was identified as a multi-item container","The DOI has a terminal year-and-item number; the title names a specific contribution; and metadata supplies an individual abstract. The whole-proceedings problem belongs to the downloaded artifact, not the search record.",,"Class A means only that this is not a container search record. Study design, publication type, relevance, and extractability still require ordinary screening."
10.1192/j.eurpsy.2025.710,A,A_individual_record_with_container_artifact,retain_search_record_and_reacquire_or_slice_exact_item_text,False,high,individual_conference_or_journal_item,cambridge_european_psychiatry_item,terminal year-and-item number,"Reconsidering evidence for psychedelic-induced psychosis: An overview of reviews, a systematic review, and meta-analysis of human studies.",2025,European Psychiatry,journal-article,M. Sabé,True,2449,"Introduction Persons with schizophrenia are currently excluded from psychedelic-assisted therapy due to concerns about psychedelic-induced acute or persistent psychotic symptoms. However, meta-analytic evidence of the precise risk for psychedelic-induced de novo and exacerbation of psychosis in people with pre-existing psychotic disorders is lacking. Objectives We conducted an overview of reviews, systematic review, and meta-analysis to examine the incidence of psychedelic-induced psychosis and ",crossref,pmc|unpaywall|crossref,False,True,verified_exact_doi,10.1192/j.eurpsy.2025.710,"Reconsidering evidence for psychedelic-induced psychosis: An overview of reviews, a systematic review, and meta-analysis of human studies",1.0,True,True,0,"target item is present, but the acquired file was identified as a multi-item container","The DOI has a terminal year-and-item number; the title names a specific contribution; and metadata supplies an individual abstract. The whole-proceedings problem belongs to the downloaded artifact, not the search record.",,"Class A means only that this is not a container search record. Study design, publication type, relevance, and extractability still require ordinary screening."
10.1192/j.eurpsy.2025.857,A,A_individual_record_with_container_artifact,retain_search_record_and_reacquire_or_slice_exact_item_text,False,high,individual_conference_or_journal_item,cambridge_european_psychiatry_item,terminal year-and-item number,Top-line Results from ESCAPE-LTE: An Open-Label Extension Study to Assess Long-term Safety of Esketamine Nasal Spray in Treatment Resistant Depression.,2025,European Psychiatry,journal-article,Y. Godinov; D. J. Fu; C. von Holt; J. Buyze; R. Mehta; A. Reif; T. Messer; I. Bitter; R. Frey; L. Häggström,True,2942,"Introduction ESCAPE-LTE was a phase 4, long-term, open-label extension (OLE) study for patients (pts) with treatment resistant depression (TRD) who were continuing esketamine nasal spray (ESK-NS) treatment following ESCAPE-TRD. ESCAPE-TRD was a randomised, phase IIIb trial comparing the efficacy and safety of ESK-NS versus quetiapine extended release (Q-XR), when both were flexibly dosed alongside an ongoing selective serotonin/serotonin-norepinephrine reuptake inhibitor (SSRI/SNRI), in pts with",crossref,pmc|unpaywall|crossref,False,True,verified_exact_doi,10.1192/j.eurpsy.2025.857,Top-line Results from ESCAPE-LTE: An Open-Label Extension Study to Assess Long-term Safety of Esketamine Nasal Spray in Treatment Resistant Depression,1.0,True,True,0,"target item is present, but the acquired file was identified as a multi-item container","The DOI has a terminal year-and-item number; the title names a specific contribution; and metadata supplies an individual abstract. The whole-proceedings problem belongs to the downloaded artifact, not the search record.",,"Class A means only that this is not a container search record. Study design, publication type, relevance, and extractability still require ordinary screening."
10.1192/j.eurpsy.2025.861,A,A_individual_record_with_container_artifact,retain_search_record_and_reacquire_or_slice_exact_item_text,False,high,individual_conference_or_journal_item,cambridge_european_psychiatry_item,terminal year-and-item number,Outcomes with esketamine nasal spray in patients with or without earlier partial or full response: post hoc analyses of ESCAPE TRD.,2025,European Psychiatry,journal-article,A. H. Young; Y. Godinov; B. Rive; T. Ito; J. Buyze; A. J. Oliveira-Maia; A. Fagiolini; N. Cardoner; P. Gorwood; R. S. McIntyre,True,2049,"Introduction There are limited data to guide treatment continuation decisions for clinicians caring for patients with treatment resistant depression (TRD). Identifying the magnitude of early improvement (at Weeks 4 and 8) as a predictor of long-term outcomes for TRD can guide treatment continuation decisions. Objectives To evaluate the probability of achieving response or remission by Week 32 in patients with TRD after 4 or 8 weeks of esketamine nasal spray (ESK-NS) treatment, flexibly dosed in ",crossref,pmc|unpaywall|crossref,False,True,verified_exact_doi,10.1192/j.eurpsy.2025.861,EPP654 Outcomes with esketamine nasal spray in patients with or without earlier partial or full response: post hoc analyses of ESCAPE TRD,0.9701,True,True,6,"target item is present, but the acquired file was identified as a multi-item container","The DOI has a terminal year-and-item number; the title names a specific contribution; and metadata supplies an individual abstract. The whole-proceedings problem belongs to the downloaded artifact, not the search record.",,"Class A means only that this is not a container search record. Study design, publication type, relevance, and extractability still require ordinary screening."
10.1192/j.eurpsy.2025.864,A,A_individual_record_with_container_artifact,retain_search_record_and_reacquire_or_slice_exact_item_text,False,high,individual_conference_or_journal_item,cambridge_european_psychiatry_item,terminal year-and-item number,Outpatient Intravenous Ketamine Protocol for Psychiatric Care at the General Hospital of Corfu,2025,European Psychiatry,article,M. Demetriou; P. Argitis; M. Peyioti; V. Anagnostopoulou; Z. Chaviaras,True,2958,"Introduction Intravenous (IV) ketamine has garnered increasing attention as a rapid-acting treatment for severe psychiatric conditions such as major depressive disorder (MDD) and suicidal ideation, particularly in treatment-resistant cases. Unlike traditional antidepressants, which often take weeks to exhibit therapeutic effects, IV ketamine can provide relief within hours. While the nasal spray form of ketamine has been approved for clinical use, it remains costly and may not be accessible to a",openalex,pmc|openalex,False,True,target_text_with_conflicting_doi,10.1192/j.eurpsy.2025.863,Depression in multiple sclerosis and associated factors,0.2933,True,True,0,"container includes the target item, while its header or opening item identifies another contribution","The DOI has a terminal year-and-item number; the title names a specific contribution; and metadata supplies an individual abstract. The whole-proceedings problem belongs to the downloaded artifact, not the search record.",,"Class A means only that this is not a container search record. Study design, publication type, relevance, and extractability still require ordinary screening."
10.1192/j.eurpsy.2025.926,A,A_individual_record_with_container_artifact,retain_search_record_and_reacquire_or_slice_exact_item_text,False,high,individual_conference_or_journal_item,cambridge_european_psychiatry_item,terminal year-and-item number,Psilocybin: Systematic review of its use in the treatment of depression.,2025,European Psychiatry,journal-article,P. Andres-Olivera; J. de la Iglesia; E. Dominguez-Alvarez; P. Soto’Gonzalez; C. P. Rodriguez; C. Munaiz-Cossio; R. K. Gonzalez-Bolaños; R. Brito-Rey; C. Marín-Lorenzo; B. Arribas-Simon,True,1265,"Introduction Psilocybin, a psychedelic compound, has shown potential in treating depression, especially in cases resistant to conventional treatments. This study systematically reviews the scientific literature to assess its efficacy and safety. Objectives The main objective of this study is to evaluate the therapeutic effects of psilocybin for the treatment of depressive disorder through a systematic review of the current scientific literature Methods An exhaustive search was conducted in datab",crossref,pmc|unpaywall|crossref,False,True,verified_exact_doi,10.1192/j.eurpsy.2025.926,Psilocybin: Systematic review of its use in the treatment of depression,1.0,True,True,0,"target item is present, but the acquired file was identified as a multi-item container","The DOI has a terminal year-and-item number; the title names a specific contribution; and metadata supplies an individual abstract. The whole-proceedings problem belongs to the downloaded artifact, not the search record.",,"Class A means only that this is not a container search record. Study design, publication type, relevance, and extractability still require ordinary screening."
10.1192/j.eurpsy.2025.969,A,A_individual_record_with_container_artifact,retain_search_record_and_reacquire_or_slice_exact_item_text,False,high,individual_conference_or_journal_item,cambridge_european_psychiatry_item,terminal year-and-item number,Efficacy of Topiramate in Treating Methamphetamine Use Disorder: A Systematic Review and Meta-Analysis of Randomized Controlled Trials,2025,European Psychiatry,journal-article,M. L. Geremias; I. Borja De Oliveira; A. L. Balduino de Souza; F. Bandeira de Melo Guimarães; D. Soler Lopes,True,2620,"Introduction Methamphetamine use disorder poses a significant public health challenge, with few effective pharmacological treatments. Topiramate, an anticonvulsant, shows potential for treating various substance use disorders. This meta-analysis evaluates topiramate’s efficacy in treating methamphetamine use disorder, focusing on abstinence rates and depressive symptoms. Objectives This review aims to assess the efficacy of topiramate in treating methamphetamine use disorder, specifically its im",crossref,pmc|unpaywall|crossref,False,True,verified_exact_doi,10.1192/j.eurpsy.2025.969,Efficacy of Topiramate in Treating Methamphetamine Use Disorder: A Systematic Review and Meta-Analysis of Randomized Controlled Trials,1.0,True,True,0,"target item is present, but the acquired file was identified as a multi-item container","The DOI has a terminal year-and-item number; the title names a specific contribution; and metadata supplies an individual abstract. The whole-proceedings problem belongs to the downloaded artifact, not the search record.",,"Class A means only that this is not a container search record. Study design, publication type, relevance, and extractability still require ordinary screening."
10.1192/j.eurpsy.2025.976,A,A_individual_record_with_container_artifact,retain_search_record_and_reacquire_or_slice_exact_item_text,False,high,individual_conference_or_journal_item,cambridge_european_psychiatry_item,terminal year-and-item number,Ketamine Treatment for Alcohol Use Disorder: A Review,2025,European Psychiatry,article,B. Peixoto; M. Cruz; V. Ustares,True,1596,"Introduction Alcohol Use Disorder (AUD) is a pervasive condition with substantial psychological, social, and physical consequences. Traditional treatment approaches often struggle with high relapse rates, highlighting the need for more effective interventions. Recently, ketamine, an N-methyl-D-aspartate (NMDA) receptor antagonist, has emerged as a potential treatment for AUD due to its unique pharmacological properties. Objectives The aim of this study is to evaluate the current evidence of keta",openalex,pmc|openalex,False,True,identity_mismatch,10.1192/j.eurpsy.2025.975,EPV0086 Internet Addiction among Students: cross-sectional study,0.2906,True,True,0,"container includes the target item, while its header or opening item identifies another contribution","The DOI has a terminal year-and-item number; the title names a specific contribution; and metadata supplies an individual abstract. The whole-proceedings problem belongs to the downloaded artifact, not the search record.",,"Class A means only that this is not a container search record. Study design, publication type, relevance, and extractability still require ordinary screening."
10.1192/j.eurpsy.2025.989,A,A_individual_record_with_container_artifact,retain_search_record_and_reacquire_or_slice_exact_item_text,False,high,individual_conference_or_journal_item,cambridge_european_psychiatry_item,terminal year-and-item number,Characteristics of Stimulant-Induced Psychoses and Schizophrenia Symptoms: A Comparative Analysis Using the PANSS,2025,European Psychiatry,article,N. Sakels,True,2927,"Introduction The use of stimulants such as amphetamines, cocaine, and methylenedioxymethamphetamine is associated with various mental disorders, including psychoses. These psychotic states can closely resemble the symptoms of schizophrenia, leading to potential misdiagnosis, incorrect treatment, and the assignment of disability status for perceived schizophrenia. Research indicates that stimulant use can trigger psychoses with characteristics similar to those seen in schizophrenia, including hal",openalex,pmc|openalex,False,True,target_text_with_conflicting_doi,10.1192/j.eurpsy.2025.987,"Conclusions: Given the potential negative impacts on mental and physical health, it is crucial for healthcare institutions to implement strategies that promote balanced technology use and raise awareness about the risks associated with addiction. Addressing these issues can ultimately enhance the well-being of medical professionals, fostering a healthier work environment conducive to effective patient care",0.0115,True,True,4,"container includes the target item, while its header or opening item identifies another contribution","The DOI has a terminal year-and-item number; the title names a specific contribution; and metadata supplies an individual abstract. The whole-proceedings problem belongs to the downloaded artifact, not the search record.",,"Class A means only that this is not a container search record. Study design, publication type, relevance, and extractability still require ordinary screening."
10.1192/j.eurpsy.2026.10157,A,A_individual_record_with_container_artifact,retain_search_record_and_reacquire_or_slice_exact_item_text,False,high,individual_conference_or_journal_item,cambridge_european_psychiatry_item,terminal year-and-item number,Is the antidepressant efficacy of ketamine and esketamine mediated via opioid mechanisms?,2026,European Psychiatry,Journal Article | Systematic Review | Review,Andy Lu; Heidi Xu; Gia Han Le; Christine E. Dri; Sabrina Wong; Roger Ho; Bing Cao; Heidi Ka Ying Lo; Taeho Greg Rhee; Liyang Yin,True,1898,"BACKGROUND: Ketamine and esketamine produce rapid and sustained antidepressant effects in persons with treatment-resistant depression (TRD). Although it is posited that these effects are largely attributed to N -methyl-D-aspartate receptor antagonism, the potential involvement of the opioid system remains unclear. This systematic review investigates whether ketamine and esketamine antidepressant efficacy is mediated through the opioid system. METHODS: We conducted a systematic search of preclini",pubmed,pubmed|pmc|unpaywall,False,True,verified_exact_doi,10.1192/j.eurpsy.2026.10157,Is the antidepressant efficacy of ketamine and esketamine mediated via opioid mechanisms?,1.0,True,True,0,"target item is present, but the acquired file was identified as a multi-item container","The DOI has a terminal year-and-item number; the title names a specific contribution; and metadata supplies an individual abstract. The whole-proceedings problem belongs to the downloaded artifact, not the search record.",,"Class A means only that this is not a container search record. Study design, publication type, relevance, and extractability still require ordinary screening."
10.1192/j.eurpsy.2026.10164,A,A_individual_record_with_container_artifact,retain_search_record_and_reacquire_or_slice_exact_item_text,False,high,individual_conference_or_journal_item,cambridge_european_psychiatry_item,terminal year-and-item number,Network localization of brain functional effects of ketamine treatment for major depression.,2026,European Psychiatry,Journal Article,Ma H; Liu H; Zhang W; Zhao X; Zhang D; An K; Qian Y; Zhu J,True,1552,"BACKGROUND: Considerable effort has been devoted to investigate the neuroimaging correlates and predictors of antidepressant response to ketamine, yet inconsistency in the location and nature of the regional brain effects makes it difficult to unify this research. Despite the revolutionary notion that psychiatric therapeutics show network-level brain representations, investigations into network localization of brain functional effects of ketamine treatment are still lacking. METHODS: We initiall",pubmed,pubmed|pmc|unpaywall,False,True,verified_exact_doi,10.1192/j.eurpsy.2026.10164,Network localization of brain functional effects of ketamine treatment for major depression,1.0,True,True,0,"target item is present, but the acquired file was identified as a multi-item container","The DOI has a terminal year-and-item number; the title names a specific contribution; and metadata supplies an individual abstract. The whole-proceedings problem belongs to the downloaded artifact, not the search record.",,"Class A means only that this is not a container search record. Study design, publication type, relevance, and extractability still require ordinary screening."
10.1210/jendso/bvaf149.1527,A,A_individual_record_with_container_artifact,retain_search_record_and_reacquire_or_slice_exact_item_text,False,high,individual_conference_abstract,endocrine_society_item,terminal presentation number after the supplement code,"SAT-044 Neurophysin I: A Reliable, Novel, and Robust Biomarker for OxytocinAn Analysis of a Double-Blind Placebo-Controlled Cross-Over Trial",2025,Journal of the Endocrine Society,article,Cihan Atila; Andi Nikaj; Svenja Leibnitz; Matthias E. Liechti; Mirjam Christ‐Crain,True,2803,"Abstract Disclosure: C. Atila: None. A. Nikaj: None. S. Leibnitz: None. M. Liechti: None. M. Christ-Crain: None. Background: Oxytocin (OXT) deficiency is a recently identified new neuroendocrine entity associated with anxiety and reduced prosocial behavior. However, diagnosis and clinical progress have been hindered by challenges in reliably measuring OXT due to its instability and short half-life. Neurophysin I (NP-I), an equimolarly co-released cleavage product of the OXT precursor peptide, of",openalex,pmc|openalex,False,True,target_text_with_conflicting_doi,10.1210/jendso/bvaf149,"Neuroendocrinology and Pituitary SAT-044 Neurophysin I: A Reliable, Novel, and Robust Biomarker for OxytocinAn Analysis of a Double-Blind Placebo-Controlled Cross-Over Trial",0.8917,True,False,7,"container text includes the target title, but document-level DOI identity is not isolated","The DOI has a terminal presentation number after the supplement code; the title names a specific contribution; and metadata supplies an individual abstract. The whole-proceedings problem belongs to the downloaded artifact, not the search record.",,"Class A means only that this is not a container search record. Study design, publication type, relevance, and extractability still require ordinary screening."
10.17579/abstractbookdualdisorders-co-032,A,A_individual_record_with_container_artifact,retain_search_record_and_reacquire_or_slice_exact_item_text,False,medium,individual_abstract_book_entry,dual_disorders_abstract_item,explicit oral/poster/case item code and number,EFFECTIVENESS AND TOLERABILITY OF INTRANASAL ESKETAMINE IN TREATMENT-RESISTANT DEPRESSION AND SUBSTANCE USE DISORDERS: SERIAL OF CLINICAL CASES,2024,Dual Disorders Abstracts Book,article,Poorvanshi Alag; Ediz Eypolu; Propsito De; Un Caso; Garcia Rodriguez; Teresa Burguete-Uriol; Eva Faure; Sira Diaz Moran; Nuria Planet; Manuela Rubio,True,2949,"1. OBJECTIVES 1) To explore the diagnostic challenges associated with dual-diagnosis.2) To enhance clinicians' understanding of the clinical features related to dual-diagnosis.3) Discussing effective treatments and interventions to help better understand dual-diagnosis for improving patient outcomes. MATERIALS AND METHODSThe presented case involves a 28-year-old male with a complex history of substance use disorders, psychiatric comorbidities, and recent onset psychotic symptoms.The patient repo",openalex,openalex,False,True,identity_mismatch,10.17579/abstractbookdualdisorders-co-021,CLINICAL CASE REPORTS CASOS CLÍNICOS COMPLICADOS CR-001 NAVIGATING THE COMPLEXITIES OF DUAL-DIAGNOSIS: A CASE DISCUSSION,0.1065,False,True,10,acquired file does not reliably isolate the target item from the larger container,"The DOI has a explicit oral/poster/case item code and number; the title names a specific contribution; and metadata supplies an individual abstract. The whole-proceedings problem belongs to the downloaded artifact, not the search record.",OpenAlex abstract/author metadata appears copied from a neighboring abstract; classification relies on the distinct registered title and explicit per-item CO/P code.,"Class A means only that this is not a container search record. Study design, publication type, relevance, and extractability still require ordinary screening."
10.17579/abstractbookdualdisorders-p-278,A,A_individual_record_with_container_artifact,retain_search_record_and_reacquire_or_slice_exact_item_text,False,medium,individual_abstract_book_entry,dual_disorders_abstract_item,explicit oral/poster/case item code and number,PSILOCIBINA ¿SOLUCIÓN AL TRASTORNO POR ABUSO DE ALCOHOL?,2024,Dual Disorders Abstracts Book,article,Poorvanshi Alag; Ediz Eypolu; Propsito De; Un Caso; Garcia Rodriguez; Teresa Burguete-Uriol; Eva Faure; Sira Diaz Moran; Nuria Planet; Manuela Rubio,True,85,1. OBJECTIVES 1) To explore the diagnostic challenges associated with dual-diagnosis.,openalex,openalex,False,True,identity_mismatch,10.17579/abstractbookdualdisorders-co-021,CLINICAL CASE REPORTS CASOS CLÍNICOS COMPLICADOS CR-001 NAVIGATING THE COMPLEXITIES OF DUAL-DIAGNOSIS: A CASE DISCUSSION,0.2045,True,True,0,"container includes the target item, while its header or opening item identifies another contribution","The DOI has a explicit oral/poster/case item code and number; the title names a specific contribution; and metadata supplies an individual abstract. The whole-proceedings problem belongs to the downloaded artifact, not the search record.",OpenAlex abstract/author metadata appears copied from a neighboring abstract; classification relies on the distinct registered title and explicit per-item CO/P code. The available abstract metadata is unusually short or incomplete.,"Class A means only that this is not a container search record. Study design, publication type, relevance, and extractability still require ordinary screening."
10.17579/abstractbookdualdisorders-p-284,A,A_individual_record_with_container_artifact,retain_search_record_and_reacquire_or_slice_exact_item_text,False,medium,individual_abstract_book_entry,dual_disorders_abstract_item,explicit oral/poster/case item code and number,USO DE KETAMINA IV PARA REDUCIR EL USO DE OPIOIDES EN SÍNDROME DEL MIEMBRO FANTASMA: REVISIÓN A PROPÓSITO DE UN CASO,2024,Dual Disorders Abstracts Book,article,Poorvanshi Alag; Ediz Eypolu; Propsito De; Un Caso; Garcia Rodriguez; Teresa Burguete-Uriol; Eva Faure; Sira Diaz Moran; Nuria Planet; Manuela Rubio,True,2949,"1. OBJECTIVES 1) To explore the diagnostic challenges associated with dual-diagnosis.2) To enhance clinicians' understanding of the clinical features related to dual-diagnosis.3) Discussing effective treatments and interventions to help better understand dual-diagnosis for improving patient outcomes. MATERIALS AND METHODSThe presented case involves a 28-year-old male with a complex history of substance use disorders, psychiatric comorbidities, and recent onset psychotic symptoms.The patient repo",openalex,openalex,False,True,identity_mismatch,10.17579/abstractbookdualdisorders-cr-001,DUAL DISORDERS: ADDICTION AND OTHER MENTAL DISORDERS,0.25,True,False,0,"container text includes the target title, but document-level DOI identity is not isolated","The DOI has a explicit oral/poster/case item code and number; the title names a specific contribution; and metadata supplies an individual abstract. The whole-proceedings problem belongs to the downloaded artifact, not the search record.",OpenAlex abstract/author metadata appears copied from a neighboring abstract; classification relies on the distinct registered title and explicit per-item CO/P code.,"Class A means only that this is not a container search record. Study design, publication type, relevance, and extractability still require ordinary screening."
10.31986/issn.2689-0690_rdw.stratford_research_day.149_2024,A,A_individual_record_with_container_artifact,retain_search_record_and_reacquire_or_slice_exact_item_text,False,high,individual_research_day_item,rowan_research_day_item,terminal repository item number and year,Efficacy of Psilocybin in the Treatment of Substance and Alcohol Use Disorders,2024,Rowan Digitals Works (Rowan University),article,Hanna Brancaccio,True,1832,"Introduction: Substance use disorder (SUD) and alcohol use disorder (AUD) are major public health crises, affecting millions of Americans. Current treatment options include behavioral therapies and medications. In this review, we explored psilocybin’s efficacy in treating SUD and AUD. Methods: Key terms were used to search databases to identify articles that addressed psilocybin in the treatment of SUD. Included in the review were indexed, peer-reviewed, primary sources that were published withi",openalex,openalex,False,True,identity_unverified,,Rowan Digital Works Rowan Digital Works,0.188,False,False,0,acquired file does not reliably isolate the target item from the larger container,"The DOI has a terminal repository item number and year; the title names a specific contribution; and metadata supplies an individual abstract. The whole-proceedings problem belongs to the downloaded artifact, not the search record.",,"Class A means only that this is not a container search record. Study design, publication type, relevance, and extractability still require ordinary screening."
10.56126/75.s1.22,A,A_individual_record_with_container_artifact,retain_search_record_and_reacquire_or_slice_exact_item_text,False,high,individual_supplement_article,acta_supplement_article,terminal article number within the supplement,Ketamine Infusion Therapy in chronic pain,2023,Acta Anaesthesiologica Belgica,journal-article,A.L.G. Vallé; W Swinnen; R.B.M.C. Bruyndonckx; J Pauwels; A.L.M. Callewaert,True,1932,"Background: Ketamine has been used for several years in the treatment of therapy-resistant chronic pain. The effects on multiple receptors that participate in the perception of pain are shown both in vivo and in vitro. Nevertheless, only a few clinical studies, often in relatively small populations, support the efficacy of ketamine in chronic pain. Objectives: This study aimed to investigate the efficacy of ketamine infusion therapy in a relatively large population at our center. Furthermore, we",crossref,unpaywall|crossref,False,True,verified_title_only,,Master thesis | Original study,0.2535,True,True,8,"container includes the target item, while its header or opening item identifies another contribution","The DOI has a terminal article number within the supplement; the title names a specific contribution; and metadata supplies an individual abstract. The whole-proceedings problem belongs to the downloaded artifact, not the search record.",,"Class A means only that this is not a container search record. Study design, publication type, relevance, and extractability still require ordinary screening."
