doi,repair_groups,current_state,current_canonical_path,current_backend,current_identity_status,backup_artifact_path,old_artifact_backend,old_artifact_pdf_local_path,old_artifact_pdf_path_exists,old_artifact_pdf_basename_matches_active,active_pdf_path,active_pdf_sha256,active_pdf_bytes,canonical_reference_dois,candidate_references,cross_doi_candidate_references,quarantine_reasons,quarantine_classification,inventory_identity_class,inventory_artifact_header_doi,inventory_artifact_header_title,inventory_title_similarity,correct_acquisition_method,action,same_hash_quarantined_pdf_paths
10.1001/jama.2023.6454,"[""quarantined""]",quarantined_no_canonical_artifact,,,,/Users/frank/Library/CloudStorage/Dropbox/projects/psychedelics_knowledge_graph/data/processed/fulltext/source_identity_quarantine_20260710/quarantined_artifacts/10_1001_jama_2023_6454.json,grobid,/Users/frank/Library/CloudStorage/Dropbox/projects/psychedelics_knowledge_graph/data/raw/papers/disorder/pdfs/10.1001_jama.2023.6454__3e2fd8f3be.pdf,False,True,/Users/frank/Library/CloudStorage/Dropbox/projects/psychedelics_knowledge_graph/data/raw/papers/pdfs/10.1001_jama.2023.6454__3e2fd8f3be.pdf,2c8d7d0c1c28e0517194dd5454ed656a62304afb6a1f5ce2beb8f03a3d338462,537254,[],"[{""row_index"": 147, ""doi"": ""10.1001/jama.2023.6454"", ""pdf_download_status"": ""source_identity_quarantined"", ""flag_has_local_pdf"": false, ""has_converted_full_text"": false, ""fulltext_artifact_paths"": """", ""fields"": [""local_pdf_paths""]}]",[],"[""identity_unverified""]",,unresolved,,A group-based educational intervention to reduce opioid use for chronic pain: a randomized clinical trial,0.5385,no_reusable_direct_xml:validated_publisher_or_pmc_pdf_else_abstract,quarantine_candidate_clear_candidate_references,[]
10.1001/jamanetworkopen.2023.9321,"[""replaced""]",replaced_by_verified_exact_jats,/Users/frank/Library/CloudStorage/Dropbox/projects/psychedelics_knowledge_graph/data/processed/fulltext/articles/10_1001_jamanetworkopen_2023_9321.json,europepmc_fulltext_xml,verified_exact_doi,/Users/frank/Library/CloudStorage/Dropbox/projects/psychedelics_knowledge_graph/data/processed/fulltext/source_identity_quarantine_20260710/replaced_artifacts/10_1001_jamanetworkopen_2023_9321.json,docling,/Users/frank/Library/CloudStorage/Dropbox/projects/psychedelics_knowledge_graph/data/raw/papers/disorder/pdfs/10.1001_jamanetworkopen.2023.9321__01dd9d5ee8.pdf,False,True,/Users/frank/Library/CloudStorage/Dropbox/projects/psychedelics_knowledge_graph/data/raw/papers/pdfs/10.1001_jamanetworkopen.2023.9321__01dd9d5ee8.pdf,f6767cefcdaef9f018d0d575d53cc821c17ee69b4b26b412b19b9de9d4172aa2,985566,[],"[{""row_index"": 274, ""doi"": ""10.1001/jamanetworkopen.2023.9321"", ""pdf_download_status"": ""already_present"", ""flag_has_local_pdf"": true, ""has_converted_full_text"": false, ""fulltext_artifact_paths"": """", ""fields"": [""local_pdf_paths"", ""pdf_local_path""]}]",[],[],,unresolved,,,,refetch_europepmc_jats:10122167,quarantine_candidate_clear_candidate_references,[]
10.1001/jamaoncol.2023.0351,"[""quarantined""]",quarantined_no_canonical_artifact,,,,/Users/frank/Library/CloudStorage/Dropbox/projects/psychedelics_knowledge_graph/data/processed/fulltext/source_identity_quarantine_20260710/quarantined_artifacts/10_1001_jamaoncol_2023_0351.json,grobid,/Users/frank/Library/CloudStorage/Dropbox/projects/psychedelics_knowledge_graph/data/raw/papers/disorder/pdfs/10.1001_jamaoncol.2023.0351__336a7481e3.pdf,False,True,/Users/frank/Library/CloudStorage/Dropbox/projects/psychedelics_knowledge_graph/data/raw/papers/pdfs/10.1001_jamaoncol.2023.0351__336a7481e3.pdf,7f3c7467eb606f354c8028d73a2234edf302dfac776cd180540609a208d40c2c,136012,[],"[{""row_index"": 373, ""doi"": ""10.1001/jamaoncol.2023.0351"", ""pdf_download_status"": ""source_identity_quarantined"", ""flag_has_local_pdf"": false, ""has_converted_full_text"": false, ""fulltext_artifact_paths"": """", ""fields"": [""local_pdf_paths""]}]",[],"[""target_text_with_conflicting_doi""]",,container,10.1001/jamaoncol.2023.0248,,,no_reusable_direct_xml:validated_publisher_or_pmc_pdf_else_abstract,quarantine_candidate_clear_candidate_references,[]
10.1002/advs.202500805,"[""replaced""]",replaced_by_verified_exact_jats,/Users/frank/Library/CloudStorage/Dropbox/projects/psychedelics_knowledge_graph/data/processed/fulltext/articles/10_1002_advs_202500805.json,europepmc_fulltext_xml,verified_exact_doi,/Users/frank/Library/CloudStorage/Dropbox/projects/psychedelics_knowledge_graph/data/processed/fulltext/source_identity_quarantine_20260710/replaced_artifacts/10_1002_advs_202500805.json,docling,/Users/frank/Library/CloudStorage/Dropbox/projects/psychedelics_knowledge_graph/data/raw/papers/disorder/pdfs/10.1002_advs.202500805__cc7ed282a1.pdf,False,True,/Users/frank/Library/CloudStorage/Dropbox/projects/psychedelics_knowledge_graph/data/raw/papers/pdfs/10.1002_advs.202500805__cc7ed282a1.pdf,8248eb7bd40c958281f60ac6c43bbd3269e74e5cd1af9aa3f485cfaf2d6ddd9e,8844400,[],"[{""row_index"": 990, ""doi"": ""10.1002/advs.202500805"", ""pdf_download_status"": ""downloaded"", ""flag_has_local_pdf"": true, ""has_converted_full_text"": true, ""fulltext_artifact_paths"": ""/Users/frank/Library/CloudStorage/Dropbox/projects/psychedelics_knowledge_graph/data/processed/fulltext/articles/10_1002_advs_202500805.json"", ""fields"": [""local_pdf_paths"", ""pdf_local_path""]}]",[],[],,unresolved,,,,refetch_europepmc_jats:12697765,quarantine_candidate_clear_candidate_references,[]
10.1002/dta.2613,"[""replaced""]",replaced_by_verified_exact_jats,/Users/frank/Library/CloudStorage/Dropbox/projects/psychedelics_knowledge_graph/data/processed/fulltext/articles/10_1002_dta_2613.json,pmc_oai_xml,verified_exact_doi,/Users/frank/Library/CloudStorage/Dropbox/projects/psychedelics_knowledge_graph/data/processed/fulltext/source_identity_quarantine_20260710/replaced_artifacts/10_1002_dta_2613.json,grobid,/Users/frank/Library/CloudStorage/Dropbox/projects/psychedelics_knowledge_graph/data/raw/papers/mechanistic/pdfs/10.1002_dta.2613__690ef5eb60.pdf,False,True,/Users/frank/Library/CloudStorage/Dropbox/projects/psychedelics_knowledge_graph/data/raw/papers/pdfs/10.1002_dta.2613__690ef5eb60.pdf,d1dc807a317562d55affb5584fe7c3eb57cf111f638edcbdaf469da3a562302b,5604186,[],"[{""row_index"": 1696, ""doi"": ""10.1002/dta.2613"", ""pdf_download_status"": ""already_present"", ""flag_has_local_pdf"": true, ""has_converted_full_text"": true, ""fulltext_artifact_paths"": ""/Users/frank/Library/CloudStorage/Dropbox/projects/psychedelics_knowledge_graph/data/processed/fulltext/articles/10_1002_dta_2613.json"", ""fields"": [""local_pdf_paths"", ""pdf_local_path""]}]",[],[],,,,,,refetch_pmc_oai_jats:PMC6899222,quarantine_candidate_clear_candidate_references,[]
10.1002/hup.1270,"[""quarantined"", ""replaced""]",quarantined_no_canonical_artifact,,,,/Users/frank/Library/CloudStorage/Dropbox/projects/psychedelics_knowledge_graph/data/processed/fulltext/source_identity_quarantine_20260710/quarantined_artifacts/10_1002_hup_1270.json,grobid,/Users/frank/Library/CloudStorage/Dropbox/projects/psychedelics_knowledge_graph/data/raw/papers/pdfs/10.1002_hup.1270__f66634b465.pdf,False,,,,0,[],[],[],"[""identity_unverified""]",,,,,,,no_active_pdf,
10.1002/wps.20555,"[""quarantined""]",quarantined_no_canonical_artifact,,,,/Users/frank/Library/CloudStorage/Dropbox/projects/psychedelics_knowledge_graph/data/processed/fulltext/source_identity_quarantine_20260710/quarantined_artifacts/10_1002_wps_20555.json,grobid,/Users/frank/Library/CloudStorage/Dropbox/projects/psychedelics_knowledge_graph/data/raw/papers/disorder/pdfs/10.1002_wps.20555__cb04e87ee3.pdf,False,True,/Users/frank/Library/CloudStorage/Dropbox/projects/psychedelics_knowledge_graph/data/raw/papers/pdfs/10.1002_wps.20555__cb04e87ee3.pdf,8d0f23066de6cfd323a19988ed218cee39135b107722f3feecda4139ada31385,46085,[],"[{""row_index"": 2937, ""doi"": ""10.1002/wps.20555"", ""pdf_download_status"": ""source_identity_quarantined"", ""flag_has_local_pdf"": false, ""has_converted_full_text"": false, ""fulltext_artifact_paths"": """", ""fields"": [""local_pdf_paths""]}]",[],"[""identity_unverified""]",,valid_exact,,,,keep_current_artifact,quarantine_candidate_clear_candidate_references,[]
10.1007/7854_2020_167,"[""quarantined""]",quarantined_no_canonical_artifact,,,,/Users/frank/Library/CloudStorage/Dropbox/projects/psychedelics_knowledge_graph/data/processed/fulltext/source_identity_quarantine_20260710/quarantined_artifacts/10_1007_7854_2020_167.json,europepmc_fulltext_xml,,False,,,,0,[],[],[],"[""identity_mismatch""]",,wrong_cited_reference_pmcid,10.1186/s13063-018-2843-9,"The effectiveness of different singly administered high doses of buprenorphine in reducing suicidal ideation in acutely depressed people with co-morbid opiate dependence: a randomized, double-blind, clinical trial",0.0385,no_correct_pmc_xml:validated_publisher_or_repository_pdf_else_abstract,no_active_pdf,
10.1007/7854_2020_202,"[""quarantined""]",quarantined_no_canonical_artifact,,,,/Users/frank/Library/CloudStorage/Dropbox/projects/psychedelics_knowledge_graph/data/processed/fulltext/source_identity_quarantine_20260710/quarantined_artifacts/10_1007_7854_2020_202.json,grobid,/Users/frank/Library/CloudStorage/Dropbox/projects/psychedelics_knowledge_graph/data/raw/papers/disorder/pdfs/10.1007_7854_2020_202__6b67ff9cbc.pdf,False,True,/Users/frank/Library/CloudStorage/Dropbox/projects/psychedelics_knowledge_graph/data/raw/papers/pdfs/10.1007_7854_2020_202__6b67ff9cbc.pdf,a77d86f024fd4294a81f182063e64333d76e8f837414ce0ef6d8b9fa779ddd9c,132694,[],"[{""row_index"": 3155, ""doi"": ""10.1007/7854/2020/202"", ""pdf_download_status"": """", ""flag_has_local_pdf"": true, ""has_converted_full_text"": true, ""fulltext_artifact_paths"": ""/Users/frank/Library/CloudStorage/Dropbox/projects/psychedelics_knowledge_graph/data/processed/fulltext/articles/10_1007_7854_2020_202.json"", ""fields"": [""local_pdf_paths"", ""pdf_local_path""]}, {""row_index"": 3199, ""doi"": ""10.1007/7854_2020_202"", ""pdf_download_status"": ""source_identity_quarantined"", ""flag_has_local_pdf"": false, ""has_converted_full_text"": false, ""fulltext_artifact_paths"": """", ""fields"": [""local_pdf_paths""]}]","[""10.1007/7854/2020/202""]","[""identity_mismatch""]",,wrong_cited_reference_pmcid,10.1017/s0033291712000244,Internet-based cognitive behaviour therapy for obsessive-compulsive disorder: a randomized controlled trial,0.4608,no_correct_pmc_xml:validated_publisher_or_repository_pdf_else_abstract,manual_review_cross_doi_candidate_reference,[]
10.1007/7854_2021_266,"[""quarantined""]",quarantined_no_canonical_artifact,,,,/Users/frank/Library/CloudStorage/Dropbox/projects/psychedelics_knowledge_graph/data/processed/fulltext/source_identity_quarantine_20260710/quarantined_artifacts/10_1007_7854_2021_266.json,grobid,/Users/frank/Library/CloudStorage/Dropbox/projects/psychedelics_knowledge_graph/data/raw/papers/pdfs/10.1007_7854_2021_266__aaa1f36a95.pdf,False,,,,0,[],[],[],"[""identity_mismatch""]",,,,,,,no_active_pdf,
10.1007/7854_2021_267,"[""quarantined""]",quarantined_no_canonical_artifact,,,,/Users/frank/Library/CloudStorage/Dropbox/projects/psychedelics_knowledge_graph/data/processed/fulltext/source_identity_quarantine_20260710/quarantined_artifacts/10_1007_7854_2021_267.json,pmc_oai_xml,,False,,,,0,[],[],[],"[""identity_mismatch""]",,wrong_cited_reference_pmcid,10.1007/s00213-018-4981-x,Double-blind comparison of the two hallucinogens psilocybin and dextromethorphan: Effects on cognition,0.2959,no_correct_pmc_xml:validated_publisher_or_repository_pdf_else_abstract,no_active_pdf,
10.1007/7854_2021_268,"[""quarantined""]",quarantined_no_canonical_artifact,,,,/Users/frank/Library/CloudStorage/Dropbox/projects/psychedelics_knowledge_graph/data/processed/fulltext/source_identity_quarantine_20260710/quarantined_artifacts/10_1007_7854_2021_268.json,pmc_oai_xml,,False,,,,0,[],[],[],"[""identity_mismatch""]",,wrong_cited_reference_pmcid,10.1080/02791072.2019.1593559,Psychedelic-Assisted Group Therapy: A Systematic Review,0.625,no_correct_pmc_xml:validated_publisher_or_repository_pdf_else_abstract,no_active_pdf,
10.1007/7854_2021_269,"[""quarantined""]",quarantined_no_canonical_artifact,,,,/Users/frank/Library/CloudStorage/Dropbox/projects/psychedelics_knowledge_graph/data/processed/fulltext/source_identity_quarantine_20260710/quarantined_artifacts/10_1007_7854_2021_269.json,europepmc_fulltext_xml,,False,,,,0,[],[],[],"[""identity_mismatch""]",,wrong_cited_reference_pmcid,10.1177/1362361320922640,Making sense of the perceptual capacities in autistic and non-autistic adults,0.4832,no_correct_pmc_xml:validated_publisher_or_repository_pdf_else_abstract,no_active_pdf,
10.1007/7854_2021_270,"[""quarantined""]",quarantined_no_canonical_artifact,,,,/Users/frank/Library/CloudStorage/Dropbox/projects/psychedelics_knowledge_graph/data/processed/fulltext/source_identity_quarantine_20260710/quarantined_artifacts/10_1007_7854_2021_270.json,pmc_oai_xml,,False,,,,0,[],[],[],"[""identity_mismatch""]",,wrong_cited_reference_pmcid,10.1177/0269881116678781,The Challenging Experience Questionnaire: Characterization of challenging experiences with psilocybin mushrooms,0.1714,no_correct_pmc_xml:validated_publisher_or_repository_pdf_else_abstract,no_active_pdf,
10.1007/7854_2021_278,"[""quarantined""]",quarantined_no_canonical_artifact,,,,/Users/frank/Library/CloudStorage/Dropbox/projects/psychedelics_knowledge_graph/data/processed/fulltext/source_identity_quarantine_20260710/quarantined_artifacts/10_1007_7854_2021_278.json,grobid,/Users/frank/Library/CloudStorage/Dropbox/projects/psychedelics_knowledge_graph/data/raw/papers/disorder/pdfs/10.1007_7854_2021_278__33b7f6e55c.pdf,False,True,/Users/frank/Library/CloudStorage/Dropbox/projects/psychedelics_knowledge_graph/data/raw/papers/pdfs/10.1007_7854_2021_278__33b7f6e55c.pdf,bf9d0230c31fa193caa6eee53fe8731aafc09dd61ef35b0311f7a6716f85ca0b,869330,[],"[{""row_index"": 3157, ""doi"": ""10.1007/7854/2021/278"", ""pdf_download_status"": """", ""flag_has_local_pdf"": true, ""has_converted_full_text"": true, ""fulltext_artifact_paths"": ""/Users/frank/Library/CloudStorage/Dropbox/projects/psychedelics_knowledge_graph/data/processed/fulltext/articles/10_1007_7854_2021_278.json"", ""fields"": [""local_pdf_paths"", ""pdf_local_path""]}, {""row_index"": 3207, ""doi"": ""10.1007/7854_2021_278"", ""pdf_download_status"": ""source_identity_quarantined"", ""flag_has_local_pdf"": false, ""has_converted_full_text"": false, ""fulltext_artifact_paths"": """", ""fields"": [""local_pdf_paths""]}]","[""10.1007/7854/2021/278""]","[""identity_mismatch""]",,wrong_cited_reference_pmcid,10.1016/j.eclinm.2020.100538,Psilocybin-assisted group therapy for demoralized older long-term AIDS survivor men: An open-label safety and feasibility pilot study,0.3015,no_correct_pmc_xml:validated_publisher_or_repository_pdf_else_abstract,manual_review_cross_doi_candidate_reference,"[""/Users/frank/Library/CloudStorage/Dropbox/projects/psychedelics_knowledge_graph/data/processed/fulltext/source_identity_quarantine_20260710/quarantined_pdfs/10.1007_7854_2021_266__aaa1f36a95.pdf"", ""/Users/frank/Library/CloudStorage/Dropbox/projects/psychedelics_knowledge_graph/data/processed/fulltext/source_identity_quarantine_20260710/replaced_pdfs/10.1007_s00213-021-06027-y__f15c4b8447.pdf""]"
10.1007/7854_2021_284,"[""quarantined""]",quarantined_no_canonical_artifact,,,,/Users/frank/Library/CloudStorage/Dropbox/projects/psychedelics_knowledge_graph/data/processed/fulltext/source_identity_quarantine_20260710/quarantined_artifacts/10_1007_7854_2021_284.json,grobid,/Users/frank/Library/CloudStorage/Dropbox/projects/psychedelics_knowledge_graph/data/raw/papers/disorder/pdfs/10.1007_7854_2021_284__9dcdc242c0.pdf,False,True,/Users/frank/Library/CloudStorage/Dropbox/projects/psychedelics_knowledge_graph/data/raw/papers/pdfs/10.1007_7854_2021_284__9dcdc242c0.pdf,16f50aaad5009c59d6b8165f77eb87d28f169e51f6829a2906b85bd9a023e0e6,173837,[],"[{""row_index"": 3158, ""doi"": ""10.1007/7854/2021/284"", ""pdf_download_status"": """", ""flag_has_local_pdf"": true, ""has_converted_full_text"": true, ""fulltext_artifact_paths"": ""/Users/frank/Library/CloudStorage/Dropbox/projects/psychedelics_knowledge_graph/data/processed/fulltext/articles/10_1007_7854_2021_284.json"", ""fields"": [""local_pdf_paths"", ""pdf_local_path""]}, {""row_index"": 3210, ""doi"": ""10.1007/7854_2021_284"", ""pdf_download_status"": ""source_identity_quarantined"", ""flag_has_local_pdf"": false, ""has_converted_full_text"": false, ""fulltext_artifact_paths"": """", ""fields"": [""local_pdf_paths""]}]","[""10.1007/7854/2021/284""]","[""identity_mismatch""]",,wrong_cited_reference_pmcid,10.3233/bpl-150022,Serotonergic Neuroplasticity in Alcohol Addiction,0.2979,no_correct_pmc_xml:validated_publisher_or_repository_pdf_else_abstract,manual_review_cross_doi_candidate_reference,[]
10.1007/7854_2021_298,"[""quarantined""]",quarantined_no_canonical_artifact,,,,/Users/frank/Library/CloudStorage/Dropbox/projects/psychedelics_knowledge_graph/data/processed/fulltext/source_identity_quarantine_20260710/quarantined_artifacts/10_1007_7854_2021_298.json,pmc_oai_xml,,False,,,,0,[],[],[],"[""identity_mismatch""]",,wrong_cited_reference_pmcid,10.1177/0269881116662634,Survey study of challenging experiences after ingesting psilocybin mushrooms: Acute and enduring positive and negative consequences,0.3951,no_correct_pmc_xml:validated_publisher_or_repository_pdf_else_abstract,no_active_pdf,
10.1007/7854_2022_327,"[""quarantined""]",quarantined_no_canonical_artifact,,,,/Users/frank/Library/CloudStorage/Dropbox/projects/psychedelics_knowledge_graph/data/processed/fulltext/source_identity_quarantine_20260710/quarantined_artifacts/10_1007_7854_2022_327.json,pmc_oai_xml,,False,,,,0,[],[],[],"[""identity_mismatch""]",,wrong_cited_reference_pmcid,10.1177/0269881116662634,Survey study of challenging experiences after ingesting psilocybin mushrooms: Acute and enduring positive and negative consequences,0.3406,no_correct_pmc_xml:validated_publisher_or_repository_pdf_else_abstract,no_active_pdf,
10.1007/7854_2022_357,"[""quarantined""]",quarantined_no_canonical_artifact,,,,/Users/frank/Library/CloudStorage/Dropbox/projects/psychedelics_knowledge_graph/data/processed/fulltext/source_identity_quarantine_20260710/quarantined_artifacts/10_1007_7854_2022_357.json,europepmc_fulltext_xml,,False,,,,0,[],[],[],"[""identity_mismatch""]",,wrong_cited_reference_pmcid,10.1016/j.neuron.2018.11.021,Fractionating Blunted Reward Processing Characteristic of Anhedonia by Over-Activating Primate Subgenual Anterior Cingulate Cortex,0.2353,no_correct_pmc_xml:validated_publisher_or_repository_pdf_else_abstract,no_active_pdf,
10.1007/7854_2022_365,"[""quarantined""]",quarantined_no_canonical_artifact,,,,/Users/frank/Library/CloudStorage/Dropbox/projects/psychedelics_knowledge_graph/data/processed/fulltext/source_identity_quarantine_20260710/quarantined_artifacts/10_1007_7854_2022_365.json,grobid,/Users/frank/Library/CloudStorage/Dropbox/projects/psychedelics_knowledge_graph/data/raw/papers/disorder/pdfs/10.1007_7854_2022_365__71d06fc043.pdf,False,True,/Users/frank/Library/CloudStorage/Dropbox/projects/psychedelics_knowledge_graph/data/raw/papers/pdfs/10.1007_7854_2022_365__71d06fc043.pdf,9bcf1a86b40fbaf36cc25f08febb017028ca44f5ef23bc6e36af2b2202be7def,2324706,[],"[{""row_index"": 3159, ""doi"": ""10.1007/7854/2022/365"", ""pdf_download_status"": """", ""flag_has_local_pdf"": true, ""has_converted_full_text"": true, ""fulltext_artifact_paths"": ""/Users/frank/Library/CloudStorage/Dropbox/projects/psychedelics_knowledge_graph/data/processed/fulltext/articles/10_1007_7854_2022_365.json"", ""fields"": [""local_pdf_paths"", ""pdf_local_path""]}, {""row_index"": 3217, ""doi"": ""10.1007/7854_2022_365"", ""pdf_download_status"": ""source_identity_quarantined"", ""flag_has_local_pdf"": false, ""has_converted_full_text"": false, ""fulltext_artifact_paths"": """", ""fields"": [""local_pdf_paths""]}]","[""10.1007/7854/2022/365""]","[""identity_mismatch""]",,wrong_cited_reference_pmcid,10.2147/jpr.s315585,The American Society of Pain and Neuroscience (ASPN) Best Practices and Guidelines for the Interventional Management of Cancer-Associated Pain,0.3223,no_correct_pmc_xml:validated_publisher_or_repository_pdf_else_abstract,manual_review_cross_doi_candidate_reference,[]
10.1007/7854_2022_366,"[""quarantined""]",quarantined_no_canonical_artifact,,,,/Users/frank/Library/CloudStorage/Dropbox/projects/psychedelics_knowledge_graph/data/processed/fulltext/source_identity_quarantine_20260710/quarantined_artifacts/10_1007_7854_2022_366.json,pmc_oai_xml,,False,,,,0,[],[],[],"[""identity_mismatch""]",,wrong_cited_reference_pmcid,10.1007/s11920-017-0840-4,A Network-Based Neurobiological Model of PTSD: Evidence from Structural and Functional Neuroimaging Studies,0.1361,no_correct_pmc_xml:validated_publisher_or_repository_pdf_else_abstract,no_active_pdf,
10.1007/7854_2023_443,"[""quarantined""]",quarantined_no_canonical_artifact,,,,/Users/frank/Library/CloudStorage/Dropbox/projects/psychedelics_knowledge_graph/data/processed/fulltext/source_identity_quarantine_20260710/quarantined_artifacts/10_1007_7854_2023_443.json,europepmc_fulltext_xml,,False,,,,0,[],[],[],"[""identity_mismatch""]",,wrong_cited_reference_pmcid,10.1038/s41386-022-01266-9,"Dose-related effects of ketamine for antidepressant-resistant symptoms of posttraumatic stress disorder in veterans and active duty military: a double-blind, randomized, placebo-controlled multi-center clinical trial",0.0149,no_correct_pmc_xml:validated_publisher_or_repository_pdf_else_abstract,no_active_pdf,
10.1007/7854_2023_453,"[""quarantined""]",quarantined_no_canonical_artifact,,,,/Users/frank/Library/CloudStorage/Dropbox/projects/psychedelics_knowledge_graph/data/processed/fulltext/source_identity_quarantine_20260710/quarantined_artifacts/10_1007_7854_2023_453.json,grobid,/Users/frank/Library/CloudStorage/Dropbox/projects/psychedelics_knowledge_graph/data/raw/papers/mechanistic/pdfs/10.1007_7854_2023_453__d743b1d663.pdf,False,True,/Users/frank/Library/CloudStorage/Dropbox/projects/psychedelics_knowledge_graph/data/raw/papers/pdfs/10.1007_7854_2023_453__d743b1d663.pdf,1f794e4de4d2d348fa405e343834d9fccffda9db43496f9a5fe81c0745dde5ce,5335594,[],"[{""row_index"": 3160, ""doi"": ""10.1007/7854/2023/453"", ""pdf_download_status"": """", ""flag_has_local_pdf"": true, ""has_converted_full_text"": true, ""fulltext_artifact_paths"": ""/Users/frank/Library/CloudStorage/Dropbox/projects/psychedelics_knowledge_graph/data/processed/fulltext/articles/10_1007_7854_2023_453.json"", ""fields"": [""local_pdf_paths"", ""pdf_local_path""]}, {""row_index"": 3222, ""doi"": ""10.1007/7854_2023_453"", ""pdf_download_status"": ""source_identity_quarantined"", ""flag_has_local_pdf"": false, ""has_converted_full_text"": false, ""fulltext_artifact_paths"": """", ""fields"": [""local_pdf_paths""]}]","[""10.1007/7854/2023/453""]","[""identity_mismatch""]",,wrong_cited_reference_pmcid,10.1002/cpt.2640,,,no_correct_pmc_xml:validated_publisher_or_repository_pdf_else_abstract,manual_review_cross_doi_candidate_reference,[]
10.1007/7854_2024_510,"[""quarantined""]",quarantined_no_canonical_artifact,,,,/Users/frank/Library/CloudStorage/Dropbox/projects/psychedelics_knowledge_graph/data/processed/fulltext/source_identity_quarantine_20260710/quarantined_artifacts/10_1007_7854_2024_510.json,pmc_oai_xml,,False,,,,0,[],[],[],"[""identity_mismatch""]",,wrong_cited_reference_pmcid,10.1177/0269881116678781,The Challenging Experience Questionnaire: Characterization of challenging experiences with psilocybin mushrooms,0.3938,no_correct_pmc_xml:validated_publisher_or_repository_pdf_else_abstract,no_active_pdf,
10.1007/7854_2024_531,"[""quarantined""]",quarantined_no_canonical_artifact,,,,/Users/frank/Library/CloudStorage/Dropbox/projects/psychedelics_knowledge_graph/data/processed/fulltext/source_identity_quarantine_20260710/quarantined_artifacts/10_1007_7854_2024_531.json,grobid,/Users/frank/Library/CloudStorage/Dropbox/projects/psychedelics_knowledge_graph/data/raw/papers/pdfs/10.1007_7854_2024_531__bc7a03f1cc.pdf,False,,,,0,[],[],[],"[""identity_mismatch""]",,,,,,,no_active_pdf,
10.1007/7854_2024_532,"[""quarantined""]",quarantined_no_canonical_artifact,,,,/Users/frank/Library/CloudStorage/Dropbox/projects/psychedelics_knowledge_graph/data/processed/fulltext/source_identity_quarantine_20260710/quarantined_artifacts/10_1007_7854_2024_532.json,europepmc_fulltext_xml,,False,,,,0,[],[],[],"[""identity_mismatch""]",,wrong_cited_reference_pmcid,10.3389/fpsyg.2021.730031,"Psychedelics as Tools for Belief Transmission. Set, Setting, Suggestibility, and Persuasion in the Ritual Use of Hallucinogens",0.4219,no_correct_pmc_xml:validated_publisher_or_repository_pdf_else_abstract,no_active_pdf,
10.1007/7854_2024_534,"[""quarantined""]",quarantined_no_canonical_artifact,,,,/Users/frank/Library/CloudStorage/Dropbox/projects/psychedelics_knowledge_graph/data/processed/fulltext/source_identity_quarantine_20260710/quarantined_artifacts/10_1007_7854_2024_534.json,pmc_oai_xml,,False,,,,0,[],[],[],"[""identity_mismatch""]",,wrong_cited_reference_pmcid,10.1177/0269881116678781,The Challenging Experience Questionnaire: Characterization of challenging experiences with psilocybin mushrooms,0.2049,no_correct_pmc_xml:validated_publisher_or_repository_pdf_else_abstract,no_active_pdf,
10.1007/7854_2025_600,"[""quarantined""]",quarantined_no_canonical_artifact,,,,/Users/frank/Library/CloudStorage/Dropbox/projects/psychedelics_knowledge_graph/data/processed/fulltext/source_identity_quarantine_20260710/quarantined_artifacts/10_1007_7854_2025_600.json,pmc_oai_xml,,False,,,,0,[],[],[],"[""identity_mismatch""]",,wrong_cited_reference_pmcid,10.1007/s00213-018-4981-x,Double-blind comparison of the two hallucinogens psilocybin and dextromethorphan: Effects on cognition,0.2105,no_correct_pmc_xml:validated_publisher_or_repository_pdf_else_abstract,no_active_pdf,
10.1007/7854_2025_606,"[""quarantined""]",quarantined_no_canonical_artifact,,,,/Users/frank/Library/CloudStorage/Dropbox/projects/psychedelics_knowledge_graph/data/processed/fulltext/source_identity_quarantine_20260710/quarantined_artifacts/10_1007_7854_2025_606.json,grobid,/Users/frank/Library/CloudStorage/Dropbox/projects/psychedelics_knowledge_graph/data/raw/papers/pdfs/10.1007_7854_2025_606__6067acc17a.pdf,False,,,,0,[],[],[],"[""identity_mismatch""]",,,,,,,no_active_pdf,
10.1007/7854_2025_609,"[""quarantined""]",quarantined_no_canonical_artifact,,,,/Users/frank/Library/CloudStorage/Dropbox/projects/psychedelics_knowledge_graph/data/processed/fulltext/source_identity_quarantine_20260710/quarantined_artifacts/10_1007_7854_2025_609.json,europepmc_fulltext_xml,,False,,,,0,[],[],[],"[""identity_mismatch""]",,wrong_cited_reference_pmcid,10.1371/journal.pone.0322501,Navigating groundlessness: An interview study on dealing with ontological shock and existential distress following psychedelic experiences,0.3644,no_correct_pmc_xml:validated_publisher_or_repository_pdf_else_abstract,no_active_pdf,
10.1007/7854_2025_610,"[""quarantined""]",quarantined_no_canonical_artifact,,,,/Users/frank/Library/CloudStorage/Dropbox/projects/psychedelics_knowledge_graph/data/processed/fulltext/source_identity_quarantine_20260710/quarantined_artifacts/10_1007_7854_2025_610.json,pmc_oai_xml,,False,,,,0,[],[],[],"[""identity_mismatch""]",,wrong_cited_reference_pmcid,10.1177/0269881118769063,"The epidemiology of 5-Methoxy-N,N-Dimethyltryptamine (5-MeO-DMT) use: Benefits, consequences, patterns of use, subjective effects, and reasons for consumption",0.2901,no_correct_pmc_xml:validated_publisher_or_repository_pdf_else_abstract,no_active_pdf,
10.1007/7854_2025_612,"[""quarantined""]",quarantined_no_canonical_artifact,,,,/Users/frank/Library/CloudStorage/Dropbox/projects/psychedelics_knowledge_graph/data/processed/fulltext/source_identity_quarantine_20260710/quarantined_artifacts/10_1007_7854_2025_612.json,pmc_oai_xml,,False,,,,0,[],[],[],"[""identity_mismatch""]",,wrong_cited_reference_pmcid,10.1038/s41598-024-65391-9,Cognitive functioning associated with acute and subacute effects of classic psychedelics and MDMA - a systematic review and meta-analysis,0.4068,no_correct_pmc_xml:validated_publisher_or_repository_pdf_else_abstract,no_active_pdf,
10.1007/7854_2026_613,"[""quarantined""]",quarantined_no_canonical_artifact,,,,/Users/frank/Library/CloudStorage/Dropbox/projects/psychedelics_knowledge_graph/data/processed/fulltext/source_identity_quarantine_20260710/quarantined_artifacts/10_1007_7854_2026_613.json,europepmc_fulltext_xml,,False,,,,0,[],[],[],"[""identity_mismatch""]",,wrong_cited_reference_pmcid,10.3389/fpsyt.2023.1229113,Mentalizing in the context of Mentzos’ dilemma–on the use of implicit work in the treatment of non-affective psychosis,0.2366,no_correct_pmc_xml:validated_publisher_or_repository_pdf_else_abstract,no_active_pdf,
10.1007/978-981-19-7376-5_21,"[""quarantined""]",quarantined_no_canonical_artifact,,,,/Users/frank/Library/CloudStorage/Dropbox/projects/psychedelics_knowledge_graph/data/processed/fulltext/source_identity_quarantine_20260710/quarantined_artifacts/10_1007_978_981_19_7376_5_21.json,grobid,/Users/frank/Library/CloudStorage/Dropbox/projects/psychedelics_knowledge_graph/data/raw/papers/disorder/pdfs/10.1007_978-981-19-7376-5_21__9fd8069593.pdf,False,True,/Users/frank/Library/CloudStorage/Dropbox/projects/psychedelics_knowledge_graph/data/raw/papers/pdfs/10.1007_978-981-19-7376-5_21__9fd8069593.pdf,de9e0f392fc779e2b1af94039d827f8c9c9d2fac04870553a99f23833e538778,2164047,[],"[{""row_index"": 3937, ""doi"": ""10.1007/978-981-19-7376-5/21"", ""pdf_download_status"": """", ""flag_has_local_pdf"": true, ""has_converted_full_text"": true, ""fulltext_artifact_paths"": ""/Users/frank/Library/CloudStorage/Dropbox/projects/psychedelics_knowledge_graph/data/processed/fulltext/articles/10_1007_978_981_19_7376_5_21.json"", ""fields"": [""local_pdf_paths"", ""pdf_local_path""]}, {""row_index"": 3938, ""doi"": ""10.1007/978-981-19-7376-5_21"", ""pdf_download_status"": ""source_identity_quarantined"", ""flag_has_local_pdf"": false, ""has_converted_full_text"": false, ""fulltext_artifact_paths"": """", ""fields"": [""local_pdf_paths""]}]","[""10.1007/978-981-19-7376-5/21""]","[""identity_unverified""]",,wrong_cited_reference_pmcid,,Beyond Monoamines-Novel Targets for Treatment-Resistant Depression: A Comprehensive Review,0.4649,no_correct_pmc_xml:validated_publisher_or_repository_pdf_else_abstract,manual_review_cross_doi_candidate_reference,[]
10.1007/978-981-95-6872-7_23,"[""quarantined""]",quarantined_no_canonical_artifact,,,,/Users/frank/Library/CloudStorage/Dropbox/projects/psychedelics_knowledge_graph/data/processed/fulltext/source_identity_quarantine_20260710/quarantined_artifacts/10_1007_978_981_95_6872_7_23.json,grobid,/Users/frank/Library/CloudStorage/Dropbox/projects/psychedelics_knowledge_graph/data/raw/papers/disorder/pdfs/10.1007_978-981-95-6872-7_23__65d894c572.pdf,False,True,/Users/frank/Library/CloudStorage/Dropbox/projects/psychedelics_knowledge_graph/data/raw/papers/pdfs/10.1007_978-981-95-6872-7_23__65d894c572.pdf,848a1b89c3ee9dd3babcd5f5164e23e6af4628ea47f440777527776485958019,3417947,[],"[{""row_index"": 3952, ""doi"": ""10.1007/978-981-95-6872-7/23"", ""pdf_download_status"": """", ""flag_has_local_pdf"": true, ""has_converted_full_text"": true, ""fulltext_artifact_paths"": ""/Users/frank/Library/CloudStorage/Dropbox/projects/psychedelics_knowledge_graph/data/processed/fulltext/articles/10_1007_978_981_95_6872_7_23.json"", ""fields"": [""local_pdf_paths"", ""pdf_local_path""]}, {""row_index"": 3954, ""doi"": ""10.1007/978-981-95-6872-7_23"", ""pdf_download_status"": ""source_identity_quarantined"", ""flag_has_local_pdf"": false, ""has_converted_full_text"": false, ""fulltext_artifact_paths"": """", ""fields"": [""local_pdf_paths""]}]","[""10.1007/978-981-95-6872-7/23""]","[""identity_mismatch""]",,wrong_cited_reference_pmcid,10.2174/1570159x17666191001142934,An Overview of the Heterogeneity of Major Depressive Disorder: Current Knowledge and Future Prospective,0.3515,no_correct_pmc_xml:validated_publisher_or_repository_pdf_else_abstract,manual_review_cross_doi_candidate_reference,"[""/Users/frank/Library/CloudStorage/Dropbox/projects/psychedelics_knowledge_graph/data/processed/fulltext/source_identity_quarantine_20260710/quarantined_pdfs/10.1007_s40263-024-01099-8__8e01e84a2c.pdf""]"
10.1007/978-981-95-6872-7_25,"[""quarantined""]",quarantined_no_canonical_artifact,,,,/Users/frank/Library/CloudStorage/Dropbox/projects/psychedelics_knowledge_graph/data/processed/fulltext/source_identity_quarantine_20260710/quarantined_artifacts/10_1007_978_981_95_6872_7_25.json,europepmc_fulltext_xml,,False,,,,0,[],[],[],"[""identity_mismatch""]",,wrong_cited_reference_pmcid,10.1001/jamanetworkopen.2024.49026,Psilocybin Therapy for Clinicians With Symptoms of Depression From Frontline Care During the COVID-19 Pandemic,0.3659,no_correct_pmc_xml:validated_publisher_or_repository_pdf_else_abstract,no_active_pdf,
10.1007/978-981-95-6872-7_5,"[""quarantined""]",quarantined_no_canonical_artifact,,,,/Users/frank/Library/CloudStorage/Dropbox/projects/psychedelics_knowledge_graph/data/processed/fulltext/source_identity_quarantine_20260710/quarantined_artifacts/10_1007_978_981_95_6872_7_5.json,europepmc_fulltext_xml,,False,,,,0,[],[],[],"[""target_text_with_conflicting_doi""]",,wrong_cited_reference_pmcid,10.1192/j.eurpsy.2022.2353,Rethinking treatment-resistant depression to quasi-tenacious depression,0.7069,no_correct_pmc_xml:validated_publisher_or_repository_pdf_else_abstract,no_active_pdf,
10.1007/978-981-97-4402-2_3,"[""quarantined""]",quarantined_no_canonical_artifact,,,,/Users/frank/Library/CloudStorage/Dropbox/projects/psychedelics_knowledge_graph/data/processed/fulltext/source_identity_quarantine_20260710/quarantined_artifacts/10_1007_978_981_97_4402_2_3.json,pmc_oai_xml,,False,,,,0,[],[],[],"[""identity_mismatch""]",,wrong_cited_reference_pmcid,10.1016/j.brainresbull.2016.04.016,"Neuropharmacology of N,N-Dimethyltryptamine",0.209,no_correct_pmc_xml:validated_publisher_or_repository_pdf_else_abstract,no_active_pdf,
10.1007/bf03016530,"[""quarantined""]",quarantined_no_canonical_artifact,,,,/Users/frank/Library/CloudStorage/Dropbox/projects/psychedelics_knowledge_graph/data/processed/fulltext/source_identity_quarantine_20260710/quarantined_artifacts/10_1007_bf03016530.json,grobid,/Users/frank/Library/CloudStorage/Dropbox/projects/psychedelics_knowledge_graph/data/raw/papers/disorder/pdfs/10.1007_bf03016530__717f5b7c78.pdf,False,True,/Users/frank/Library/CloudStorage/Dropbox/projects/psychedelics_knowledge_graph/data/raw/papers/pdfs/10.1007_bf03016530__717f5b7c78.pdf,4c47d075923d61cfeff2ab6a432f2bfefe3841ec24db7f6444a16915ef292911,160849,[],"[{""row_index"": 4173, ""doi"": ""10.1007/bf03016530"", ""pdf_download_status"": ""source_identity_quarantined"", ""flag_has_local_pdf"": false, ""has_converted_full_text"": false, ""fulltext_artifact_paths"": """", ""fields"": [""local_pdf_paths""]}]",[],"[""identity_unverified""]",,,,,,,quarantine_candidate_clear_candidate_references,[]
10.1007/s00115-021-01225-7,"[""quarantined""]",quarantined_no_canonical_artifact,,,,/Users/frank/Library/CloudStorage/Dropbox/projects/psychedelics_knowledge_graph/data/processed/fulltext/source_identity_quarantine_20260710/quarantined_artifacts/10_1007_s00115_021_01225_7.json,europepmc_fulltext_xml,,False,,,,0,[],[],[],"[""identity_mismatch""]",,wrong_cited_reference_pmcid,10.1038/nature10130,NMDA Receptor Blockade at Rest Triggers Rapid Behavioural Antidepressant Responses,0.3333,no_correct_pmc_xml:validated_publisher_or_repository_pdf_else_abstract,no_active_pdf,
10.1007/s00115-021-01260-4,"[""quarantined""]",quarantined_no_canonical_artifact,,,,/Users/frank/Library/CloudStorage/Dropbox/projects/psychedelics_knowledge_graph/data/processed/fulltext/source_identity_quarantine_20260710/quarantined_artifacts/10_1007_s00115_021_01260_4.json,pmc_oai_xml,,False,,,,0,[],[],[],"[""identity_mismatch""]",,wrong_cited_reference_pmcid,10.1038/s41380-021-01093-2,Pharmacological and behavioral divergence of ketamine enantiomers: implications for abuse liability,0.3505,no_correct_pmc_xml:validated_publisher_or_repository_pdf_else_abstract,no_active_pdf,
10.1007/s00115-023-01466-8,"[""quarantined""]",quarantined_no_canonical_artifact,,,,/Users/frank/Library/CloudStorage/Dropbox/projects/psychedelics_knowledge_graph/data/processed/fulltext/source_identity_quarantine_20260710/quarantined_artifacts/10_1007_s00115_023_01466_8.json,europepmc_fulltext_xml,,False,,,,0,[],[],[],"[""main_article_points_to_correction""]",,wrong_cited_reference_pmcid,10.25646/7683,Corrigendum: Migraine and tension-type headache in Germany. Prevalence and disease severity from the BURDEN 2020 Burden of Disease Study,0.2694,no_correct_pmc_xml:validated_publisher_or_repository_pdf_else_abstract,no_active_pdf,
10.1007/s00115-024-01647-z,"[""quarantined""]",quarantined_no_canonical_artifact,,,,/Users/frank/Library/CloudStorage/Dropbox/projects/psychedelics_knowledge_graph/data/processed/fulltext/source_identity_quarantine_20260710/quarantined_artifacts/10_1007_s00115_024_01647_z.json,pmc_oai_xml,,False,,,,0,[],[],[],"[""identity_mismatch""]",,wrong_cited_reference_pmcid,10.1016/j.neuron.2020.06.002,The Bidirectional Relationship of Depression and Inflammation: Double Trouble,0.2857,no_correct_pmc_xml:validated_publisher_or_repository_pdf_else_abstract,no_active_pdf,
10.1007/s00127-023-02448-6,"[""quarantined""]",quarantined_no_canonical_artifact,,,,/Users/frank/Library/CloudStorage/Dropbox/projects/psychedelics_knowledge_graph/data/processed/fulltext/source_identity_quarantine_20260710/quarantined_artifacts/10_1007_s00127_023_02448_6.json,europepmc_fulltext_xml,,False,,,,0,[],[],[],"[""identity_unverified""]",no_header_wrong_or_ancillary,wrong_cited_reference_pmcid,,Psychiatric Drug Development: Diagnosing a Crisis,0.1333,no_correct_pmc_xml:validated_publisher_or_repository_pdf_else_abstract,no_active_pdf,
10.1007/s00204-025-04208-8,"[""quarantined""]",quarantined_no_canonical_artifact,,,,/Users/frank/Library/CloudStorage/Dropbox/projects/psychedelics_knowledge_graph/data/processed/fulltext/source_identity_quarantine_20260710/quarantined_artifacts/10_1007_s00204_025_04208_8.json,europepmc_fulltext_xml,,False,,,,0,[],[],[],"[""identity_mismatch""]",,wrong_cited_reference_pmcid,10.1155/2014/878935,Dopamine Cytotoxicity Involves Both Oxidative and Nonoxidative Pathways in SH-SY5Y Cells: Potential Role of Alpha-Synuclein Overexpression and Proteasomal Inhibition in the Etiopathogenesis of Parkinson's Disease,0.069,no_correct_pmc_xml:validated_publisher_or_repository_pdf_else_abstract,no_active_pdf,
10.1007/s00204-025-04255-1,"[""replaced""]",replaced_by_verified_exact_jats,/Users/frank/Library/CloudStorage/Dropbox/projects/psychedelics_knowledge_graph/data/processed/fulltext/articles/10_1007_s00204_025_04255_1.json,pmc_oai_xml,verified_exact_doi,/Users/frank/Library/CloudStorage/Dropbox/projects/psychedelics_knowledge_graph/data/processed/fulltext/source_identity_quarantine_20260710/replaced_artifacts/10_1007_s00204_025_04255_1.json,grobid,/Users/frank/Library/CloudStorage/Dropbox/projects/psychedelics_knowledge_graph/data/raw/papers/pdfs/10.1007_s00204-025-04255-1__0ad2900d3d.pdf,True,True,/Users/frank/Library/CloudStorage/Dropbox/projects/psychedelics_knowledge_graph/data/raw/papers/pdfs/10.1007_s00204-025-04255-1__0ad2900d3d.pdf,dde77fc46c671f70fbc5b49b5fc454595fbbd0829e43ebe3dd5622cb006705f2,507014,[],"[{""row_index"": 4391, ""doi"": ""10.1007/s00204-025-04255-1"", ""pdf_download_status"": ""skipped"", ""flag_has_local_pdf"": true, ""has_converted_full_text"": true, ""fulltext_artifact_paths"": ""/Users/frank/Library/CloudStorage/Dropbox/projects/psychedelics_knowledge_graph/data/processed/fulltext/articles/10_1007_s00204_025_04255_1.json"", ""fields"": [""local_pdf_paths"", ""pdf_local_path""]}]",[],[],,stale_pmcid_now_correct,10.1093/nar/gky318,ProTox-II: a webserver for the prediction of toxicity of chemicals,0.1602,refetch_pmc_oai_jats:13309470,quarantine_candidate_clear_candidate_references,[]
10.1007/s00204-026-04365-4,"[""quarantined""]",quarantined_no_canonical_artifact,,,,/Users/frank/Library/CloudStorage/Dropbox/projects/psychedelics_knowledge_graph/data/processed/fulltext/source_identity_quarantine_20260710/quarantined_artifacts/10_1007_s00204_026_04365_4.json,pmc_oai_xml,,False,,,,0,[],[],[],"[""identity_mismatch""]",,wrong_cited_reference_pmcid,10.1007/s00213-024-06526-8,"Pharmaco-toxicological effects of the novel tryptamine hallucinogen 5-MeO-MiPT on motor, sensorimotor, physiological, and cardiorespiratory parameters in mice—from a human poisoning case to the preclinical evidence",0.0678,no_correct_pmc_xml:validated_publisher_or_repository_pdf_else_abstract,no_active_pdf,
10.1007/s00210-025-04019-9,"[""quarantined""]",quarantined_no_canonical_artifact,,,,/Users/frank/Library/CloudStorage/Dropbox/projects/psychedelics_knowledge_graph/data/processed/fulltext/source_identity_quarantine_20260710/quarantined_artifacts/10_1007_s00210_025_04019_9.json,europepmc_fulltext_xml,,False,,,,0,[],[],[],"[""identity_mismatch""]",,wrong_cited_reference_pmcid,10.1186/s12954-021-00566-5,The impact of Taiwan’s implementation of a nationwide harm reduction program in 2006 on the use of various illicit drugs: trend analysis of first-time offenders from 2001 to 2017,0.2543,no_correct_pmc_xml:validated_publisher_or_repository_pdf_else_abstract,no_active_pdf,
10.1007/s00210-025-04152-5,"[""quarantined""]",quarantined_no_canonical_artifact,,,,/Users/frank/Library/CloudStorage/Dropbox/projects/psychedelics_knowledge_graph/data/processed/fulltext/source_identity_quarantine_20260710/quarantined_artifacts/10_1007_s00210_025_04152_5.json,pmc_oai_xml,,False,,,,0,[],[],[],"[""identity_mismatch""]",,wrong_cited_reference_pmcid,10.1007/7854_2016_6,Role of the kynurenine metabolism pathway in inflammation-induced depression – Preclinical approaches,0.2732,no_correct_pmc_xml:validated_publisher_or_repository_pdf_else_abstract,no_active_pdf,
10.1007/s00210-025-04945-8,"[""quarantined""]",quarantined_no_canonical_artifact,,,,/Users/frank/Library/CloudStorage/Dropbox/projects/psychedelics_knowledge_graph/data/processed/fulltext/source_identity_quarantine_20260710/quarantined_artifacts/10_1007_s00210_025_04945_8.json,grobid,/Users/frank/Library/CloudStorage/Dropbox/projects/psychedelics_knowledge_graph/data/raw/papers/pdfs/10.1007_s00210-025-04945-8__15720c1ffe.pdf,False,,,,0,[],[],[],"[""identity_mismatch""]",,wrong_cited_reference_pmcid,10.1016/j.ebiom.2018.10.021,"Surgery, neuroinflammation and cognitive impairment",0.2589,no_correct_pmc_xml:validated_publisher_or_repository_pdf_else_abstract,no_active_pdf,
10.1007/s00210-026-05108-z,"[""quarantined""]",quarantined_no_canonical_artifact,,,,/Users/frank/Library/CloudStorage/Dropbox/projects/psychedelics_knowledge_graph/data/processed/fulltext/source_identity_quarantine_20260710/quarantined_artifacts/10_1007_s00210_026_05108_z.json,pmc_oai_xml,,False,,,,0,[],[],[],"[""identity_mismatch""]",,wrong_cited_reference_pmcid,10.1176/appi.ajp.2011.11020215,Nonsuicidal Self-Injury as a Predictor of Suicidal Behavior in Depressed Adolescents,0.0615,no_correct_pmc_xml:validated_publisher_or_repository_pdf_else_abstract,no_active_pdf,
10.1007/s00213-019-05279-z,"[""quarantined""]",quarantined_no_canonical_artifact,,,,/Users/frank/Library/CloudStorage/Dropbox/projects/psychedelics_knowledge_graph/data/processed/fulltext/source_identity_quarantine_20260710/quarantined_artifacts/10_1007_s00213_019_05279_z.json,pmc_oai_xml,,False,,,,0,[],[],[],"[""identity_mismatch""]",,wrong_cited_reference_pmcid,10.1177/0269881115609019,Validation of the revised Mystical Experience Questionnaire in experimental sessions with psilocybin,0.3882,no_correct_pmc_xml:validated_publisher_or_repository_pdf_else_abstract,no_active_pdf,
10.1007/s00213-020-05490-3,"[""quarantined""]",quarantined_no_canonical_artifact,,,,/Users/frank/Library/CloudStorage/Dropbox/projects/psychedelics_knowledge_graph/data/processed/fulltext/source_identity_quarantine_20260710/quarantined_artifacts/10_1007_s00213_020_05490_3.json,europepmc_fulltext_xml,,False,,,,0,[],[],[],"[""identity_mismatch""]",,wrong_cited_reference_pmcid,10.14814/phy2.12741,Ketamine decreases inflammatory and immune pathways after transient hypoxia in late gestation fetal cerebral cortex,0.2979,no_correct_pmc_xml:validated_publisher_or_repository_pdf_else_abstract,no_active_pdf,
10.1007/s00213-020-05692-9,"[""quarantined""]",quarantined_no_canonical_artifact,,,,/Users/frank/Library/CloudStorage/Dropbox/projects/psychedelics_knowledge_graph/data/processed/fulltext/source_identity_quarantine_20260710/quarantined_artifacts/10_1007_s00213_020_05692_9.json,grobid,/Users/frank/Library/CloudStorage/Dropbox/projects/psychedelics_knowledge_graph/data/raw/papers/disorder/pdfs/10.1007_s00213-020-05692-9__227a05bc0d.pdf,False,True,/Users/frank/Library/CloudStorage/Dropbox/projects/psychedelics_knowledge_graph/data/raw/papers/pdfs/10.1007_s00213-020-05692-9__227a05bc0d.pdf,b20faa62b671ff6001ada330ca68d37cafe83357dee32e26e3b31449dd75a30e,341148,[],"[{""row_index"": 4941, ""doi"": ""10.1007/s00213-020-05692-9"", ""pdf_download_status"": ""source_identity_quarantined"", ""flag_has_local_pdf"": false, ""has_converted_full_text"": false, ""fulltext_artifact_paths"": """", ""fields"": [""local_pdf_paths""]}]",[],"[""identity_mismatch""]",,wrong_cited_reference_pmcid,10.1136/bmjopen-2017-016025,Does psychedelic drug use reduce risk of suicidality? Evidence from a longitudinal community-based cohort of marginalised women in a Canadian setting,0.2415,no_correct_pmc_xml:validated_publisher_or_repository_pdf_else_abstract,quarantine_candidate_clear_candidate_references,[]
10.1007/s00213-020-05756-w,"[""quarantined""]",quarantined_no_canonical_artifact,,,,/Users/frank/Library/CloudStorage/Dropbox/projects/psychedelics_knowledge_graph/data/processed/fulltext/source_identity_quarantine_20260710/quarantined_artifacts/10_1007_s00213_020_05756_w.json,pmc_oai_xml,,False,,,,0,[],[],[],"[""identity_mismatch""]",,wrong_cited_reference_pmcid,10.1007/7854_2017_474,Classic Hallucinogens and Mystical Experiences: Phenomenology and Neural Correlates,0.2222,no_correct_pmc_xml:validated_publisher_or_repository_pdf_else_abstract,no_active_pdf,
10.1007/s00213-021-05767-1,"[""quarantined""]",quarantined_no_canonical_artifact,,,,/Users/frank/Library/CloudStorage/Dropbox/projects/psychedelics_knowledge_graph/data/processed/fulltext/source_identity_quarantine_20260710/quarantined_artifacts/10_1007_s00213_021_05767_1.json,europepmc_fulltext_xml,,False,,,,0,[],[],[],"[""identity_mismatch""]",,wrong_cited_reference_pmcid,10.1186/2051-5960-1-64,Nerve hyperplasia: a unique feature of ketamine cystitis,0.2632,no_correct_pmc_xml:validated_publisher_or_repository_pdf_else_abstract,no_active_pdf,
10.1007/s00213-021-05825-8,"[""quarantined""]",quarantined_no_canonical_artifact,,,,/Users/frank/Library/CloudStorage/Dropbox/projects/psychedelics_knowledge_graph/data/processed/fulltext/source_identity_quarantine_20260710/quarantined_artifacts/10_1007_s00213_021_05825_8.json,pmc_oai_xml,,False,,,,0,[],[],[],"[""identity_mismatch""]",,wrong_cited_reference_pmcid,10.1002/da.22501,Ketamine’s Mechanism of Action: A Path to Rapid-Acting Antidepressants,0.2759,no_correct_pmc_xml:validated_publisher_or_repository_pdf_else_abstract,no_active_pdf,
10.1007/s00213-021-05876-x,"[""quarantined""]",quarantined_no_canonical_artifact,,,,/Users/frank/Library/CloudStorage/Dropbox/projects/psychedelics_knowledge_graph/data/processed/fulltext/source_identity_quarantine_20260710/quarantined_artifacts/10_1007_s00213_021_05876_x.json,pmc_oai_xml,,False,,,,0,[],[],[],"[""identity_mismatch""]",,wrong_cited_reference_pmcid,10.1016/j.pbb.2020.172912,"High ambient temperature increases the toxicity and lethality of 3,4-methylenedioxymethamphetamine and methcathinone",0.2699,no_correct_pmc_xml:validated_publisher_or_repository_pdf_else_abstract,no_active_pdf,
10.1007/s00213-021-05879-8,"[""quarantined""]",quarantined_no_canonical_artifact,,,,/Users/frank/Library/CloudStorage/Dropbox/projects/psychedelics_knowledge_graph/data/processed/fulltext/source_identity_quarantine_20260710/quarantined_artifacts/10_1007_s00213_021_05879_8.json,europepmc_fulltext_xml,,False,,,,0,[],[],[],"[""identity_mismatch""]",,wrong_cited_reference_pmcid,10.1038/s41598-020-65300-w,Guanosine fast onset antidepressant-like effects in the olfactory bulbectomy mice model,0.3482,no_correct_pmc_xml:validated_publisher_or_repository_pdf_else_abstract,no_active_pdf,
10.1007/s00213-021-05889-6,"[""quarantined""]",quarantined_no_canonical_artifact,,,,/Users/frank/Library/CloudStorage/Dropbox/projects/psychedelics_knowledge_graph/data/processed/fulltext/source_identity_quarantine_20260710/quarantined_artifacts/10_1007_s00213_021_05889_6.json,europepmc_fulltext_xml,,False,,,,0,[],[],[],"[""identity_mismatch""]",,wrong_cited_reference_pmcid,10.1155/2020/3193725,Coadministration of Ketamine and Perampanel Improves Behavioral Function and Reduces Inflammation in Acute Traumatic Brain Injury Mouse Model,0.321,no_correct_pmc_xml:validated_publisher_or_repository_pdf_else_abstract,no_active_pdf,
10.1007/s00213-021-05964-y,"[""quarantined""]",quarantined_no_canonical_artifact,,,,/Users/frank/Library/CloudStorage/Dropbox/projects/psychedelics_knowledge_graph/data/processed/fulltext/source_identity_quarantine_20260710/quarantined_artifacts/10_1007_s00213_021_05964_y.json,europepmc_fulltext_xml,,False,,,,0,[],[],[],"[""identity_mismatch""]",,wrong_cited_reference_pmcid,10.1038/tp.2016.71,"Ibogaine and addiction in the animal model, a systematic review and meta-analysis",0.4641,no_correct_pmc_xml:validated_publisher_or_repository_pdf_else_abstract,no_active_pdf,
10.1007/s00213-021-06021-4,"[""quarantined""]",quarantined_no_canonical_artifact,,,,/Users/frank/Library/CloudStorage/Dropbox/projects/psychedelics_knowledge_graph/data/processed/fulltext/source_identity_quarantine_20260710/quarantined_artifacts/10_1007_s00213_021_06021_4.json,grobid,/Users/frank/Library/CloudStorage/Dropbox/projects/psychedelics_knowledge_graph/data/raw/papers/pdfs/10.1007_s00213-021-06021-4__47ca0175d6.pdf,False,,,,0,[],[],[],"[""identity_mismatch""]",,wrong_cited_reference_pmcid,10.2147/dddt.s221437,Ketamine and depression: a narrative review,0.2722,no_correct_pmc_xml:validated_publisher_or_repository_pdf_else_abstract,no_active_pdf,
10.1007/s00213-021-06027-y,"[""replaced""]",retained_verified_canonical_artifact,/Users/frank/Library/CloudStorage/Dropbox/projects/psychedelics_knowledge_graph/data/processed/fulltext/articles/10_1007_s00213_021_06027_y.json,grobid,verified_exact_doi,/Users/frank/Library/CloudStorage/Dropbox/projects/psychedelics_knowledge_graph/data/processed/fulltext/source_identity_quarantine_20260710/replaced_artifacts/10_1007_s00213_021_06027_y.json,grobid,/Users/frank/Library/CloudStorage/Dropbox/projects/psychedelics_knowledge_graph/data/raw/papers/disorder/pdfs/10.1007_s00213-021-06027-y__f15c4b8447.pdf,False,True,/Users/frank/Library/CloudStorage/Dropbox/projects/psychedelics_knowledge_graph/data/raw/papers/pdfs/10.1007_s00213-021-06027-y__f15c4b8447.pdf,ea3cdc64f5a8a06c7c813c20d9fcea4477b6bada9499f7a6b8f4cb9e60d392bb,880833,"[""10.1007/s00213-021-06027-y""]","[{""row_index"": 4971, ""doi"": ""10.1007/s00213-021-06027-y"", ""pdf_download_status"": ""already_present"", ""flag_has_local_pdf"": true, ""has_converted_full_text"": true, ""fulltext_artifact_paths"": ""/Users/frank/Library/CloudStorage/Dropbox/projects/psychedelics_knowledge_graph/data/processed/fulltext/articles/10_1007_s00213_021_06027_y.json"", ""fields"": [""local_pdf_paths"", ""pdf_local_path""]}]",[],[],,wrong_cited_reference_pmcid,10.1016/j.eclinm.2020.100538,Psilocybin-assisted group therapy for demoralized older long-term AIDS survivor men: An open-label safety and feasibility pilot study,0.2528,no_correct_pmc_xml:validated_publisher_or_repository_pdf_else_abstract,retain_validated_pdf,
10.1007/s00213-021-06049-6,"[""quarantined""]",quarantined_no_canonical_artifact,,,,/Users/frank/Library/CloudStorage/Dropbox/projects/psychedelics_knowledge_graph/data/processed/fulltext/source_identity_quarantine_20260710/quarantined_artifacts/10_1007_s00213_021_06049_6.json,grobid,/Users/frank/Library/CloudStorage/Dropbox/projects/psychedelics_knowledge_graph/data/raw/papers/disorder/pdfs/10.1007_s00213-021-06049-6__bad1cb6e10.pdf,False,True,/Users/frank/Library/CloudStorage/Dropbox/projects/psychedelics_knowledge_graph/data/raw/papers/pdfs/10.1007_s00213-021-06049-6__bad1cb6e10.pdf,677aada1b1a81f26c389876cdbd1c68146569473d65f965cf4e33490fcf0848c,59053,[],"[{""row_index"": 4974, ""doi"": ""10.1007/s00213-021-06049-6"", ""pdf_download_status"": ""source_identity_quarantined"", ""flag_has_local_pdf"": false, ""has_converted_full_text"": false, ""fulltext_artifact_paths"": """", ""fields"": [""local_pdf_paths""]}]",[],"[""identity_mismatch""]",,wrong_cited_reference_pmcid,10.1093/jat/bkaa145,Severe Neurological Sequelae after a Recreational Dose of LSD,0.2147,no_correct_pmc_xml:validated_publisher_or_repository_pdf_else_abstract,quarantine_candidate_clear_candidate_references,[]
10.1007/s00213-022-06063-2,"[""quarantined""]",quarantined_no_canonical_artifact,,,,/Users/frank/Library/CloudStorage/Dropbox/projects/psychedelics_knowledge_graph/data/processed/fulltext/source_identity_quarantine_20260710/quarantined_artifacts/10_1007_s00213_022_06063_2.json,pmc_oai_xml,,False,,,,0,[],[],[],"[""identity_mismatch""]",,wrong_cited_reference_pmcid,10.1007/7854_2017_474,Classic Hallucinogens and Mystical Experiences: Phenomenology and Neural Correlates,0.3926,no_correct_pmc_xml:validated_publisher_or_repository_pdf_else_abstract,no_active_pdf,
10.1007/s00213-022-06090-z,"[""quarantined""]",quarantined_no_canonical_artifact,,,,/Users/frank/Library/CloudStorage/Dropbox/projects/psychedelics_knowledge_graph/data/processed/fulltext/source_identity_quarantine_20260710/quarantined_artifacts/10_1007_s00213_022_06090_z.json,pmc_oai_xml,,False,,,,0,[],[],[],"[""identity_mismatch""]",,wrong_cited_reference_pmcid,10.1016/j.nbd.2009.05.012,Chronic ketamine impairs fear conditioning and produces long-lasting reductions in auditory evoked potentials,0.3733,no_correct_pmc_xml:validated_publisher_or_repository_pdf_else_abstract,no_active_pdf,
10.1007/s00213-022-06098-5,"[""quarantined""]",quarantined_no_canonical_artifact,,,,/Users/frank/Library/CloudStorage/Dropbox/projects/psychedelics_knowledge_graph/data/processed/fulltext/source_identity_quarantine_20260710/quarantined_artifacts/10_1007_s00213_022_06098_5.json,grobid,/Users/frank/Library/CloudStorage/Dropbox/projects/psychedelics_knowledge_graph/data/raw/papers/mechanistic/pdfs/10.1007_s00213-022-06098-5__afb425f04c.pdf,False,True,/Users/frank/Library/CloudStorage/Dropbox/projects/psychedelics_knowledge_graph/data/raw/papers/pdfs/10.1007_s00213-022-06098-5__afb425f04c.pdf,462a852e176fc44ed727fc06aad47a0fc4de826526c10cd5a0ef1869a4bf5593,1972815,[],"[{""row_index"": 4984, ""doi"": ""10.1007/s00213-022-06098-5"", ""pdf_download_status"": ""source_identity_quarantined"", ""flag_has_local_pdf"": false, ""has_converted_full_text"": false, ""fulltext_artifact_paths"": """", ""fields"": [""local_pdf_paths""]}]",[],"[""identity_mismatch""]",,wrong_cited_reference_pmcid,10.1093/ijnp/pyz041,(R)-Ketamine Induces a Greater Increase in Prefrontal 5-HT Release Than (S)-Ketamine and Ketamine Metabolites via an AMPA Receptor-Independent Mechanism,0.2691,no_correct_pmc_xml:validated_publisher_or_repository_pdf_else_abstract,quarantine_candidate_clear_candidate_references,"[""/Users/frank/Library/CloudStorage/Dropbox/projects/psychedelics_knowledge_graph/data/processed/fulltext/source_identity_quarantine_20260710/quarantined_pdfs/10.1007_s00406-023-01629-3__940f356c46.pdf""]"
10.1007/s00213-022-06118-4,"[""quarantined""]",quarantined_no_canonical_artifact,,,,/Users/frank/Library/CloudStorage/Dropbox/projects/psychedelics_knowledge_graph/data/processed/fulltext/source_identity_quarantine_20260710/quarantined_artifacts/10_1007_s00213_022_06118_4.json,pmc_oai_xml,,False,,,,0,[],[],[],"[""identity_mismatch""]",,wrong_cited_reference_pmcid,10.1016/j.pharmthera.2019.04.009,Targeting opioid dysregulation in depression for the development of novel therapeutics,0.1919,no_correct_pmc_xml:validated_publisher_or_repository_pdf_else_abstract,no_active_pdf,
10.1007/s00213-022-06170-0,"[""quarantined""]",quarantined_no_canonical_artifact,,,,/Users/frank/Library/CloudStorage/Dropbox/projects/psychedelics_knowledge_graph/data/processed/fulltext/source_identity_quarantine_20260710/quarantined_artifacts/10_1007_s00213_022_06170_0.json,europepmc_fulltext_xml,,False,,,,0,[],[],[],"[""identity_mismatch""]",,wrong_cited_reference_pmcid,10.1038/s41386-020-0620-4,"Detection of acute 3,4-methylenedioxymethamphetamine (MDMA) effects across protocols using automated natural language processing",0.2652,no_correct_pmc_xml:validated_publisher_or_repository_pdf_else_abstract,no_active_pdf,
10.1007/s00213-022-06217-2,"[""quarantined""]",quarantined_no_canonical_artifact,,,,/Users/frank/Library/CloudStorage/Dropbox/projects/psychedelics_knowledge_graph/data/processed/fulltext/source_identity_quarantine_20260710/quarantined_artifacts/10_1007_s00213_022_06217_2.json,pmc_oai_xml,,False,,,,0,[],[],[],"[""identity_mismatch""]",,wrong_cited_reference_pmcid,10.1016/j.brainresbull.2016.04.016,"Neuropharmacology of N,N-Dimethyltryptamine",0.2333,no_correct_pmc_xml:validated_publisher_or_repository_pdf_else_abstract,no_active_pdf,
10.1007/s00213-022-06229-y,"[""quarantined""]",quarantined_no_canonical_artifact,,,,/Users/frank/Library/CloudStorage/Dropbox/projects/psychedelics_knowledge_graph/data/processed/fulltext/source_identity_quarantine_20260710/quarantined_artifacts/10_1007_s00213_022_06229_y.json,pmc_oai_xml,,False,,,,0,[],[],[],"[""identity_mismatch""]",,wrong_cited_reference_pmcid,10.1097/fbp.0b013e328345f90d,THE SEROTONIN (5-HT) 5-HT 2A RECEPTOR: ASSOCIATION WITH INHERENT AND COCAINE-EVOKED BEHAVIORAL DISINHIBITION IN RATS,0.2844,no_correct_pmc_xml:validated_publisher_or_repository_pdf_else_abstract,no_active_pdf,
10.1007/s00213-022-06249-8,"[""quarantined""]",quarantined_no_canonical_artifact,,,,/Users/frank/Library/CloudStorage/Dropbox/projects/psychedelics_knowledge_graph/data/processed/fulltext/source_identity_quarantine_20260710/quarantined_artifacts/10_1007_s00213_022_06249_8.json,europepmc_fulltext_xml,,False,,,,0,[],[],[],"[""identity_mismatch""]",,wrong_cited_reference_pmcid,10.1186/s12954-019-0308-4,Psychedelic microdosing benefits and challenges: an empirical codebook,0.4186,no_correct_pmc_xml:validated_publisher_or_repository_pdf_else_abstract,no_active_pdf,
10.1007/s00213-023-06366-y,"[""quarantined""]",quarantined_no_canonical_artifact,,,,/Users/frank/Library/CloudStorage/Dropbox/projects/psychedelics_knowledge_graph/data/processed/fulltext/source_identity_quarantine_20260710/quarantined_artifacts/10_1007_s00213_023_06366_y.json,europepmc_fulltext_xml,,False,,,,0,[],[],[],"[""identity_mismatch""]",,wrong_cited_reference_pmcid,10.7554/elife.31991,Serotonin enhances excitability and gamma frequency temporal integration in mouse prefrontal fast-spiking interneurons,0.344,no_correct_pmc_xml:validated_publisher_or_repository_pdf_else_abstract,no_active_pdf,
10.1007/s00213-023-06474-9,"[""quarantined""]",quarantined_no_canonical_artifact,,,,/Users/frank/Library/CloudStorage/Dropbox/projects/psychedelics_knowledge_graph/data/processed/fulltext/source_identity_quarantine_20260710/quarantined_artifacts/10_1007_s00213_023_06474_9.json,grobid,/Users/frank/Library/CloudStorage/Dropbox/projects/psychedelics_knowledge_graph/data/raw/papers/pdfs/10.1007_s00213-023-06474-9__347187b4aa.pdf,False,,,,0,[],[],[],"[""identity_mismatch""]",,wrong_cited_reference_pmcid,10.3389/fphar.2022.1074633,Psilocybin sex-dependently reduces alcohol consumption in C57BL/6J mice,0.3033,no_correct_pmc_xml:validated_publisher_or_repository_pdf_else_abstract,no_active_pdf,
10.1007/s00213-023-06482-9,"[""quarantined""]",quarantined_no_canonical_artifact,,,,/Users/frank/Library/CloudStorage/Dropbox/projects/psychedelics_knowledge_graph/data/processed/fulltext/source_identity_quarantine_20260710/quarantined_artifacts/10_1007_s00213_023_06482_9.json,europepmc_fulltext_xml,,False,,,,0,[],[],[],"[""identity_mismatch""]",,wrong_cited_reference_pmcid,10.1371/journal.pone.0014097,Evidence of Neurotoxicity of Ecstasy: Sustained Effects on Electroencephalographic Activity in Polydrug Users,0.3175,no_correct_pmc_xml:validated_publisher_or_repository_pdf_else_abstract,no_active_pdf,
10.1007/s00213-023-06514-4,"[""quarantined""]",quarantined_no_canonical_artifact,,,,/Users/frank/Library/CloudStorage/Dropbox/projects/psychedelics_knowledge_graph/data/processed/fulltext/source_identity_quarantine_20260710/quarantined_artifacts/10_1007_s00213_023_06514_4.json,europepmc_fulltext_xml,,False,,,,0,[],[],[],"[""identity_mismatch""]",,wrong_cited_reference_pmcid,10.1038/nature10130,NMDA Receptor Blockade at Rest Triggers Rapid Behavioural Antidepressant Responses,0.2222,no_correct_pmc_xml:validated_publisher_or_repository_pdf_else_abstract,no_active_pdf,
10.1007/s00213-023-06517-1,"[""quarantined""]",quarantined_no_canonical_artifact,,,,/Users/frank/Library/CloudStorage/Dropbox/projects/psychedelics_knowledge_graph/data/processed/fulltext/source_identity_quarantine_20260710/quarantined_artifacts/10_1007_s00213_023_06517_1.json,europepmc_fulltext_xml,,False,,,,0,[],[],[],"[""identity_mismatch""]",,wrong_cited_reference_pmcid,10.3389/fpsyg.2018.02459,Intensity of Mystical Experiences Occasioned by 5-MeO-DMT and Comparison With a Prior Psilocybin Study,0.337,no_correct_pmc_xml:validated_publisher_or_repository_pdf_else_abstract,no_active_pdf,
10.1007/s00213-024-06572-2,"[""quarantined""]",quarantined_no_canonical_artifact,,,,/Users/frank/Library/CloudStorage/Dropbox/projects/psychedelics_knowledge_graph/data/processed/fulltext/source_identity_quarantine_20260710/quarantined_artifacts/10_1007_s00213_024_06572_2.json,europepmc_fulltext_xml,,False,,,,0,[],[],[],"[""identity_mismatch""]",,wrong_cited_reference_pmcid,10.1038/tp.2016.71,"Ibogaine and addiction in the animal model, a systematic review and meta-analysis",0.4167,no_correct_pmc_xml:validated_publisher_or_repository_pdf_else_abstract,no_active_pdf,
10.1007/s00213-024-06573-1,"[""quarantined""]",quarantined_no_canonical_artifact,,,,/Users/frank/Library/CloudStorage/Dropbox/projects/psychedelics_knowledge_graph/data/processed/fulltext/source_identity_quarantine_20260710/quarantined_artifacts/10_1007_s00213_024_06573_1.json,grobid,/Users/frank/Library/CloudStorage/Dropbox/projects/psychedelics_knowledge_graph/data/raw/papers/disorder/pdfs/10.1007_s00213-024-06573-1__0971039213.pdf,False,True,/Users/frank/Library/CloudStorage/Dropbox/projects/psychedelics_knowledge_graph/data/raw/papers/pdfs/10.1007_s00213-024-06573-1__0971039213.pdf,05fc427acdaaf5bec6ba10c7cabc0eafa956d831998577653678d3c7e71800fb,353744,[],"[{""row_index"": 5039, ""doi"": ""10.1007/s00213-024-06573-1"", ""pdf_download_status"": ""source_identity_quarantined"", ""flag_has_local_pdf"": false, ""has_converted_full_text"": false, ""fulltext_artifact_paths"": """", ""fields"": [""local_pdf_paths""]}]",[],"[""identity_mismatch""]",,wrong_cited_reference_pmcid,10.1016/j.heliyon.2019.e02187,Combination therapy with transcranial magnetic stimulation and ketamine for treatment-resistant depression: A long-term retrospective review of clinical use,0.4242,no_correct_pmc_xml:validated_publisher_or_repository_pdf_else_abstract,quarantine_candidate_clear_candidate_references,[]
10.1007/s00213-024-06620-x,"[""quarantined""]",quarantined_no_canonical_artifact,,,,/Users/frank/Library/CloudStorage/Dropbox/projects/psychedelics_knowledge_graph/data/processed/fulltext/source_identity_quarantine_20260710/quarantined_artifacts/10_1007_s00213_024_06620_x.json,grobid,/Users/frank/Library/CloudStorage/Dropbox/projects/psychedelics_knowledge_graph/data/raw/papers/disorder/pdfs/10.1007_s00213-024-06620-x__3316ee255b.pdf,False,True,/Users/frank/Library/CloudStorage/Dropbox/projects/psychedelics_knowledge_graph/data/raw/papers/pdfs/10.1007_s00213-024-06620-x__3316ee255b.pdf,65ff48307beb5355a8e4a314421642667983b94dacb3585936ca9ecd71efb4f5,515419,[],"[{""row_index"": 5047, ""doi"": ""10.1007/s00213-024-06620-x"", ""pdf_download_status"": ""source_identity_quarantined"", ""flag_has_local_pdf"": false, ""has_converted_full_text"": false, ""fulltext_artifact_paths"": """", ""fields"": [""local_pdf_paths""]}]",[],"[""identity_mismatch""]",,wrong_cited_reference_pmcid,10.1177/2045125320948356,Psychedelics and virtual reality: parallels and applications,0.4091,no_correct_pmc_xml:validated_publisher_or_repository_pdf_else_abstract,quarantine_candidate_clear_candidate_references,[]
10.1007/s00213-024-06635-4,"[""quarantined""]",quarantined_no_canonical_artifact,,,,/Users/frank/Library/CloudStorage/Dropbox/projects/psychedelics_knowledge_graph/data/processed/fulltext/source_identity_quarantine_20260710/quarantined_artifacts/10_1007_s00213_024_06635_4.json,grobid,/Users/frank/Library/CloudStorage/Dropbox/projects/psychedelics_knowledge_graph/data/raw/papers/mechanistic/pdfs/10.1007_s00213-024-06635-4__b3c2d52cff.pdf,False,True,/Users/frank/Library/CloudStorage/Dropbox/projects/psychedelics_knowledge_graph/data/raw/papers/pdfs/10.1007_s00213-024-06635-4__b3c2d52cff.pdf,9af81a0269e6944835d5d44ca0c6d8f3442a150f310c9a09675dea9bdce5a124,2052611,[],"[{""row_index"": 5048, ""doi"": ""10.1007/s00213-024-06635-4"", ""pdf_download_status"": ""source_identity_quarantined"", ""flag_has_local_pdf"": false, ""has_converted_full_text"": false, ""fulltext_artifact_paths"": """", ""fields"": [""local_pdf_paths""]}]",[],"[""identity_mismatch""]",,wrong_cited_reference_pmcid,10.1124/molpharm.123.000722,Ga Protein Signaling Bias at Serotonin 1A Receptor S,0.1919,no_correct_pmc_xml:validated_publisher_or_repository_pdf_else_abstract,quarantine_candidate_clear_candidate_references,[]
10.1007/s00213-024-06720-8,"[""quarantined""]",quarantined_no_canonical_artifact,,,,/Users/frank/Library/CloudStorage/Dropbox/projects/psychedelics_knowledge_graph/data/processed/fulltext/source_identity_quarantine_20260710/quarantined_artifacts/10_1007_s00213_024_06720_8.json,europepmc_fulltext_xml,,False,,,,0,[],[],[],"[""identity_mismatch""]",,wrong_cited_reference_pmcid,10.1038/nature10130,NMDA Receptor Blockade at Rest Triggers Rapid Behavioural Antidepressant Responses,0.2625,no_correct_pmc_xml:validated_publisher_or_repository_pdf_else_abstract,no_active_pdf,
10.1007/s00213-025-06888-7,"[""quarantined""]",quarantined_no_canonical_artifact,,,,/Users/frank/Library/CloudStorage/Dropbox/projects/psychedelics_knowledge_graph/data/processed/fulltext/source_identity_quarantine_20260710/quarantined_artifacts/10_1007_s00213_025_06888_7.json,pmc_oai_xml,,False,,,,0,[],[],[],"[""identity_mismatch""]",,wrong_cited_reference_pmcid,10.1016/j.biopsych.2010.08.003,Is ecstasy an ‘empathogen’? Effects of MDMA on prosocial feelings and identification of emotional states in others,0.3622,no_correct_pmc_xml:validated_publisher_or_repository_pdf_else_abstract,no_active_pdf,
10.1007/s00213-025-06907-7,"[""quarantined""]",quarantined_no_canonical_artifact,,,,/Users/frank/Library/CloudStorage/Dropbox/projects/psychedelics_knowledge_graph/data/processed/fulltext/source_identity_quarantine_20260710/quarantined_artifacts/10_1007_s00213_025_06907_7.json,europepmc_fulltext_xml,,False,,,,0,[],[],[],"[""identity_mismatch""]",,wrong_cited_reference_pmcid,10.1038/s41598-023-41145-x,Case analysis of long-term negative psychological responses to psychedelics,0.3867,no_correct_pmc_xml:validated_publisher_or_repository_pdf_else_abstract,no_active_pdf,
10.1007/s00213-025-06913-9,"[""quarantined""]",quarantined_no_canonical_artifact,,,,/Users/frank/Library/CloudStorage/Dropbox/projects/psychedelics_knowledge_graph/data/processed/fulltext/source_identity_quarantine_20260710/quarantined_artifacts/10_1007_s00213_025_06913_9.json,europepmc_fulltext_xml,,False,,,,0,[],[],[],"[""identity_mismatch""]",,wrong_cited_reference_pmcid,10.1007/s00213-022-06221-6,"Expectancy in placebo-controlled trials of psychedelics: if so, so what?",0.2691,no_correct_pmc_xml:validated_publisher_or_repository_pdf_else_abstract,no_active_pdf,
10.1007/s00213-025-06924-6,"[""quarantined""]",quarantined_no_canonical_artifact,,,,/Users/frank/Library/CloudStorage/Dropbox/projects/psychedelics_knowledge_graph/data/processed/fulltext/source_identity_quarantine_20260710/quarantined_artifacts/10_1007_s00213_025_06924_6.json,pmc_oai_xml,,False,,,,0,[],[],[],"[""identity_mismatch""]",,wrong_cited_reference_pmcid,10.1038/s41380-022-01673-w,"Target deconvolution studies of (2R,6R)-hydroxynorketamine: an elusive search",0.4455,no_correct_pmc_xml:validated_publisher_or_repository_pdf_else_abstract,no_active_pdf,
10.1007/s00213-025-06946-0,"[""quarantined""]",quarantined_no_canonical_artifact,,,,/Users/frank/Library/CloudStorage/Dropbox/projects/psychedelics_knowledge_graph/data/processed/fulltext/source_identity_quarantine_20260710/quarantined_artifacts/10_1007_s00213_025_06946_0.json,pmc_oai_xml,,False,,,,0,[],[],[],"[""identity_mismatch""]",,wrong_cited_reference_pmcid,10.3389/fpsyt.2018.00136,Assessment of Alcohol and Tobacco Use Disorders Among Religious Users of Ayahuasca,0.1047,no_correct_pmc_xml:validated_publisher_or_repository_pdf_else_abstract,no_active_pdf,
10.1007/s00213-025-06948-y,"[""quarantined""]",quarantined_no_canonical_artifact,,,,/Users/frank/Library/CloudStorage/Dropbox/projects/psychedelics_knowledge_graph/data/processed/fulltext/source_identity_quarantine_20260710/quarantined_artifacts/10_1007_s00213_025_06948_y.json,pmc_oai_xml,,False,,,,0,[],[],[],"[""identity_mismatch""]",,wrong_cited_reference_pmcid,10.1016/j.psychres.2011.10.022,Symptom overlap in posttraumatic stress disorder and major depression,0.3333,no_correct_pmc_xml:validated_publisher_or_repository_pdf_else_abstract,no_active_pdf,
10.1007/s00213-025-06952-2,"[""quarantined""]",quarantined_no_canonical_artifact,,,,/Users/frank/Library/CloudStorage/Dropbox/projects/psychedelics_knowledge_graph/data/processed/fulltext/source_identity_quarantine_20260710/quarantined_artifacts/10_1007_s00213_025_06952_2.json,europepmc_fulltext_xml,,False,,,,0,[],[],[],"[""identity_mismatch""]",,wrong_cited_reference_pmcid,10.1093/ijnp/pyad006,Spectral Changes of EEG Following a 6-Week Low-Dose Oral Ketamine Treatment in Adults With Major Depressive Disorder and Chronic Suicidality,0.3226,no_correct_pmc_xml:validated_publisher_or_repository_pdf_else_abstract,no_active_pdf,
10.1007/s00213-025-06974-w,"[""quarantined""]",quarantined_no_canonical_artifact,,,,/Users/frank/Library/CloudStorage/Dropbox/projects/psychedelics_knowledge_graph/data/processed/fulltext/source_identity_quarantine_20260710/quarantined_artifacts/10_1007_s00213_025_06974_w.json,grobid,/Users/frank/Library/CloudStorage/Dropbox/projects/psychedelics_knowledge_graph/data/raw/papers/disorder/pdfs/10.1007_s00213-025-06974-w__acb5348ea7.pdf,False,True,/Users/frank/Library/CloudStorage/Dropbox/projects/psychedelics_knowledge_graph/data/raw/papers/pdfs/10.1007_s00213-025-06974-w__acb5348ea7.pdf,462a852e176fc44ed727fc06aad47a0fc4de826526c10cd5a0ef1869a4bf5593,1972815,[],"[{""row_index"": 5093, ""doi"": ""10.1007/s00213-025-06974-w"", ""pdf_download_status"": ""source_identity_quarantined"", ""flag_has_local_pdf"": false, ""has_converted_full_text"": false, ""fulltext_artifact_paths"": """", ""fields"": [""local_pdf_paths""]}]",[],"[""identity_mismatch""]",,wrong_cited_reference_pmcid,10.1093/ijnp/pyz041,(R)-Ketamine Induces a Greater Increase in Prefrontal 5-HT Release Than (S)-Ketamine and Ketamine Metabolites via an AMPA Receptor-Independent Mechanism,0.2098,no_correct_pmc_xml:validated_publisher_or_repository_pdf_else_abstract,quarantine_candidate_clear_candidate_references,"[""/Users/frank/Library/CloudStorage/Dropbox/projects/psychedelics_knowledge_graph/data/processed/fulltext/source_identity_quarantine_20260710/quarantined_pdfs/10.1007_s00406-023-01629-3__940f356c46.pdf""]"
10.1007/s00213-026-07010-1,"[""quarantined""]",quarantined_no_canonical_artifact,,,,/Users/frank/Library/CloudStorage/Dropbox/projects/psychedelics_knowledge_graph/data/processed/fulltext/source_identity_quarantine_20260710/quarantined_artifacts/10_1007_s00213_026_07010_1.json,pmc_oai_xml,,False,,,,0,[],[],[],"[""identity_mismatch""]",,wrong_cited_reference_pmcid,10.3390/ijms24109086,Modulation of Gut Microbiome in Ecstasy/MDMA-Induced Behavioral and Biochemical Impairment in Rats and Potential of Post-Treatment with Anacyclus pyrethrum L. Aqueous Extract to Mitigate Adverse Effects,0.0526,no_correct_pmc_xml:validated_publisher_or_repository_pdf_else_abstract,no_active_pdf,
10.1007/s00213-026-07016-9,"[""quarantined""]",quarantined_no_canonical_artifact,,,,/Users/frank/Library/CloudStorage/Dropbox/projects/psychedelics_knowledge_graph/data/processed/fulltext/source_identity_quarantine_20260710/quarantined_artifacts/10_1007_s00213_026_07016_9.json,europepmc_fulltext_xml,,False,,,,0,[],[],[],"[""identity_mismatch""]",,wrong_cited_reference_pmcid,10.1186/s12888-018-1679-x,Standardisation framework for the Maudsley staging method for treatment resistance in depression,0.2625,no_correct_pmc_xml:validated_publisher_or_repository_pdf_else_abstract,no_active_pdf,
10.1007/s00213-026-07058-z,"[""quarantined""]",quarantined_no_canonical_artifact,,,,/Users/frank/Library/CloudStorage/Dropbox/projects/psychedelics_knowledge_graph/data/processed/fulltext/source_identity_quarantine_20260710/quarantined_artifacts/10_1007_s00213_026_07058_z.json,europepmc_fulltext_xml,,False,,,,0,[],[],[],"[""identity_mismatch""]",,wrong_cited_reference_pmcid,10.1038/s41380-023-02391-7,High-resolution tracking of unconfined zebrafish behavior reveals stimulatory and anxiolytic effects of psilocybin,0.3103,no_correct_pmc_xml:validated_publisher_or_repository_pdf_else_abstract,no_active_pdf,
10.1007/s00213-026-07089-6,"[""quarantined""]",quarantined_no_canonical_artifact,,,,/Users/frank/Library/CloudStorage/Dropbox/projects/psychedelics_knowledge_graph/data/processed/fulltext/source_identity_quarantine_20260710/quarantined_artifacts/10_1007_s00213_026_07089_6.json,europepmc_fulltext_xml,,False,,,,0,[],[],[],"[""identity_mismatch""]",,wrong_cited_reference_pmcid,10.1186/s13244-021-00993-9,Investigating the sub-regions of the superior parietal cortex using functional magnetic resonance imaging connectivity,0.318,no_correct_pmc_xml:validated_publisher_or_repository_pdf_else_abstract,no_active_pdf,
10.1007/s002130050856,"[""quarantined""]",quarantined_no_canonical_artifact,,,,/Users/frank/Library/CloudStorage/Dropbox/projects/psychedelics_knowledge_graph/data/processed/fulltext/source_identity_quarantine_20260710/quarantined_artifacts/10_1007_s002130050856.json,grobid,/Users/frank/Library/CloudStorage/Dropbox/projects/psychedelics_knowledge_graph/data/raw/papers/pdfs/10.1007_s002130050856__27f8db93dc.pdf,False,,,,0,[],[],[],"[""identity_unverified""]",no_header_wrong_or_ancillary,,,,,,no_active_pdf,
10.1007/s00216-023-04556-3,"[""quarantined""]",quarantined_no_canonical_artifact,,,,/Users/frank/Library/CloudStorage/Dropbox/projects/psychedelics_knowledge_graph/data/processed/fulltext/source_identity_quarantine_20260710/quarantined_artifacts/10_1007_s00216_023_04556_3.json,europepmc_fulltext_xml,,False,,,,0,[],[],[],"[""identity_mismatch""]",,wrong_cited_reference_pmcid,10.1007/s00018-019-03430-9,Metabolic regulation of neurodifferentiation in the adult brain,0.153,no_correct_pmc_xml:validated_publisher_or_repository_pdf_else_abstract,no_active_pdf,
10.1007/s00221-025-07085-w,"[""quarantined""]",quarantined_no_canonical_artifact,,,,/Users/frank/Library/CloudStorage/Dropbox/projects/psychedelics_knowledge_graph/data/processed/fulltext/source_identity_quarantine_20260710/quarantined_artifacts/10_1007_s00221_025_07085_w.json,europepmc_fulltext_xml,,False,,,,0,[],[],[],"[""identity_mismatch""]",,wrong_cited_reference_pmcid,10.1038/nature10130,NMDA Receptor Blockade at Rest Triggers Rapid Behavioural Antidepressant Responses,0.4,no_correct_pmc_xml:validated_publisher_or_repository_pdf_else_abstract,no_active_pdf,
10.1007/s00228-020-03047-z,"[""quarantined""]",quarantined_no_canonical_artifact,,,,/Users/frank/Library/CloudStorage/Dropbox/projects/psychedelics_knowledge_graph/data/processed/fulltext/source_identity_quarantine_20260710/quarantined_artifacts/10_1007_s00228_020_03047_z.json,europepmc_fulltext_xml,,False,,,,0,[],[],[],"[""identity_mismatch""]",,wrong_cited_reference_pmcid,10.3389/fphar.2018.00733,Psychedelic-Assisted Psychotherapy: A Paradigm Shift in Psychiatric Research and Development,0.1493,no_correct_pmc_xml:validated_publisher_or_repository_pdf_else_abstract,no_active_pdf,
10.1007/s00228-021-03216-8,"[""quarantined""]",quarantined_no_canonical_artifact,,,,/Users/frank/Library/CloudStorage/Dropbox/projects/psychedelics_knowledge_graph/data/processed/fulltext/source_identity_quarantine_20260710/quarantined_artifacts/10_1007_s00228_021_03216_8.json,grobid,/Users/frank/Library/CloudStorage/Dropbox/projects/psychedelics_knowledge_graph/data/raw/papers/disorder/pdfs/10.1007_s00228-021-03216-8__b595ef5697.pdf,False,True,/Users/frank/Library/CloudStorage/Dropbox/projects/psychedelics_knowledge_graph/data/raw/papers/pdfs/10.1007_s00228-021-03216-8__b595ef5697.pdf,9e919c044f9470605ef097d0ba15c3b2f0f0e59435826547982cf5b1f41f632b,354232,[],"[{""row_index"": 5221, ""doi"": ""10.1007/s00228-021-03216-8"", ""pdf_download_status"": ""source_identity_quarantined"", ""flag_has_local_pdf"": false, ""has_converted_full_text"": false, ""fulltext_artifact_paths"": """", ""fields"": [""local_pdf_paths""]}]",[],"[""identity_unverified""]",no_header_wrong_or_ancillary,wrong_cited_reference_pmcid,,Pathophysiology of depression and mechanisms of treatment,0.4076,no_correct_pmc_xml:validated_publisher_or_repository_pdf_else_abstract,quarantine_candidate_clear_candidate_references,[]
10.1007/s00228-023-03605-1,"[""quarantined""]",quarantined_no_canonical_artifact,,,,/Users/frank/Library/CloudStorage/Dropbox/projects/psychedelics_knowledge_graph/data/processed/fulltext/source_identity_quarantine_20260710/quarantined_artifacts/10_1007_s00228_023_03605_1.json,pmc_oai_xml,,False,,,,0,[],[],[],"[""identity_mismatch""]",,wrong_cited_reference_pmcid,10.1007/s40263-021-00816-x,Novel Glutamatergic Modulators for the Treatment of Mood Disorders: Current Status,0.2936,no_correct_pmc_xml:validated_publisher_or_repository_pdf_else_abstract,no_active_pdf,
10.1007/s00284-025-04379-8,"[""quarantined""]",quarantined_no_canonical_artifact,,,,/Users/frank/Library/CloudStorage/Dropbox/projects/psychedelics_knowledge_graph/data/processed/fulltext/source_identity_quarantine_20260710/quarantined_artifacts/10_1007_s00284_025_04379_8.json,europepmc_fulltext_xml,,False,,,,0,[],[],[],"[""identity_mismatch""]",,wrong_cited_reference_pmcid,10.3390/molecules26102948,The Therapeutic Potential of Psilocybin,0.2293,no_correct_pmc_xml:validated_publisher_or_repository_pdf_else_abstract,no_active_pdf,
10.1007/s00406-020-01110-5,"[""quarantined""]",quarantined_no_canonical_artifact,,,,/Users/frank/Library/CloudStorage/Dropbox/projects/psychedelics_knowledge_graph/data/processed/fulltext/source_identity_quarantine_20260710/quarantined_artifacts/10_1007_s00406_020_01110_5.json,grobid,/Users/frank/Library/CloudStorage/Dropbox/projects/psychedelics_knowledge_graph/data/raw/papers/disorder/pdfs/10.1007_s00406-020-01110-5__71c3aa936d.pdf,False,True,/Users/frank/Library/CloudStorage/Dropbox/projects/psychedelics_knowledge_graph/data/raw/papers/pdfs/10.1007_s00406-020-01110-5__71c3aa936d.pdf,ff70bc4a30b213fa8e267a95afe4adadff0b65a9306c546c51ea1ddd162241c8,5970380,[],"[{""row_index"": 5342, ""doi"": ""10.1007/s00406-020-01110-5"", ""pdf_download_status"": ""source_identity_quarantined"", ""flag_has_local_pdf"": false, ""has_converted_full_text"": false, ""fulltext_artifact_paths"": """", ""fields"": [""local_pdf_paths""]}]",[],"[""identity_mismatch""]",,wrong_cited_reference_pmcid,10.1093/ijnp/pyw088,BDNF-GSK-3β-β-Catenin Pathway in the mPFC Is Involved in Antidepressant-Like Effects of Morinda officinalis Oligosaccharides in Rats,0.2629,no_correct_pmc_xml:validated_publisher_or_repository_pdf_else_abstract,quarantine_candidate_clear_candidate_references,[]
10.1007/s00406-021-01267-7,"[""quarantined""]",quarantined_no_canonical_artifact,,,,/Users/frank/Library/CloudStorage/Dropbox/projects/psychedelics_knowledge_graph/data/processed/fulltext/source_identity_quarantine_20260710/quarantined_artifacts/10_1007_s00406_021_01267_7.json,europepmc_fulltext_xml,,False,,,,0,[],[],[],"[""identity_mismatch""]",,wrong_cited_reference_pmcid,10.3390/ijerph17072610,Substance Abuse and Public Health: A Multilevel Perspective and Multiple Responses,0.2422,no_correct_pmc_xml:validated_publisher_or_repository_pdf_else_abstract,no_active_pdf,
10.1007/s00406-023-01561-6,"[""quarantined""]",quarantined_no_canonical_artifact,,,,/Users/frank/Library/CloudStorage/Dropbox/projects/psychedelics_knowledge_graph/data/processed/fulltext/source_identity_quarantine_20260710/quarantined_artifacts/10_1007_s00406_023_01561_6.json,pmc_oai_xml,,False,,,,0,[],[],[],"[""identity_mismatch""]",,wrong_cited_reference_pmcid,10.1016/j.drudis.2016.01.016,Emerging Treatment Mechanisms for Depression: Focus on Glutamate and Synaptic Plasticity,0.4817,no_correct_pmc_xml:validated_publisher_or_repository_pdf_else_abstract,no_active_pdf,
10.1007/s00406-023-01629-3,"[""quarantined""]",quarantined_no_canonical_artifact,,,,/Users/frank/Library/CloudStorage/Dropbox/projects/psychedelics_knowledge_graph/data/processed/fulltext/source_identity_quarantine_20260710/quarantined_artifacts/10_1007_s00406_023_01629_3.json,grobid,/Users/frank/Library/CloudStorage/Dropbox/projects/psychedelics_knowledge_graph/data/raw/papers/pdfs/10.1007_s00406-023-01629-3__940f356c46.pdf,False,,,,0,[],[],[],"[""identity_mismatch""]",,wrong_cited_reference_pmcid,10.1093/ijnp/pyz041,(R)-Ketamine Induces a Greater Increase in Prefrontal 5-HT Release Than (S)-Ketamine and Ketamine Metabolites via an AMPA Receptor-Independent Mechanism,0.3569,no_correct_pmc_xml:validated_publisher_or_repository_pdf_else_abstract,no_active_pdf,
10.1007/s00406-023-01732-5,"[""quarantined""]",quarantined_no_canonical_artifact,,,,/Users/frank/Library/CloudStorage/Dropbox/projects/psychedelics_knowledge_graph/data/processed/fulltext/source_identity_quarantine_20260710/quarantined_artifacts/10_1007_s00406_023_01732_5.json,grobid,/Users/frank/Library/CloudStorage/Dropbox/projects/psychedelics_knowledge_graph/data/raw/papers/pdfs/10.1007_s00406-023-01732-5__71116bfb49.pdf,False,,,,0,[],[],[],"[""identity_mismatch""]",,wrong_cited_reference_pmcid,10.1007/s40273-021-01019-4,The Economic Burden of Adults with Major Depressive Disorder in the United States (2010 and 2018),0.4375,no_correct_pmc_xml:validated_publisher_or_repository_pdf_else_abstract,no_active_pdf,
10.1007/s00406-023-01735-2,"[""quarantined""]",quarantined_no_canonical_artifact,,,,/Users/frank/Library/CloudStorage/Dropbox/projects/psychedelics_knowledge_graph/data/processed/fulltext/source_identity_quarantine_20260710/quarantined_artifacts/10_1007_s00406_023_01735_2.json,europepmc_fulltext_xml,,False,,,,0,[],[],[],"[""identity_mismatch""]",,wrong_cited_reference_pmcid,10.1136/bmj-2021-067194,"Ketamine for the acute treatment of severe suicidal ideation: double blind, randomised placebo controlled trial",0.3067,no_correct_pmc_xml:validated_publisher_or_repository_pdf_else_abstract,no_active_pdf,
10.1007/s00406-024-01809-9,"[""quarantined""]",quarantined_no_canonical_artifact,,,,/Users/frank/Library/CloudStorage/Dropbox/projects/psychedelics_knowledge_graph/data/processed/fulltext/source_identity_quarantine_20260710/quarantined_artifacts/10_1007_s00406_024_01809_9.json,grobid,/Users/frank/Library/CloudStorage/Dropbox/projects/psychedelics_knowledge_graph/data/raw/papers/disorder/pdfs/10.1007_s00406-024-01809-9__713159b99c.pdf,False,True,/Users/frank/Library/CloudStorage/Dropbox/projects/psychedelics_knowledge_graph/data/raw/papers/pdfs/10.1007_s00406-024-01809-9__713159b99c.pdf,a2001de2aa924adbfd4eeb5b9ca4720920eafb96c37f9b551427e1b0d3180dea,510458,[],"[{""row_index"": 5380, ""doi"": ""10.1007/s00406-024-01809-9"", ""pdf_download_status"": ""source_identity_quarantined"", ""flag_has_local_pdf"": false, ""has_converted_full_text"": false, ""fulltext_artifact_paths"": """", ""fields"": [""local_pdf_paths""]}]",[],"[""identity_mismatch""]",,wrong_cited_reference_pmcid,10.1111/pcn.12902/full,"Rapid-acting antidepressant ketamine, its metabolites and other candidates: A historical overview and future perspective",0.3575,no_correct_pmc_xml:validated_publisher_or_repository_pdf_else_abstract,quarantine_candidate_clear_candidate_references,[]
10.1007/s00406-024-01913-w,"[""quarantined""]",quarantined_no_canonical_artifact,,,,/Users/frank/Library/CloudStorage/Dropbox/projects/psychedelics_knowledge_graph/data/processed/fulltext/source_identity_quarantine_20260710/quarantined_artifacts/10_1007_s00406_024_01913_w.json,europepmc_fulltext_xml,,False,,,,0,[],[],[],"[""identity_mismatch""]",,wrong_cited_reference_pmcid,10.3389/fpsyt.2024.1334293,Anhedonia and depression severity measures during ketamine administration in treatment-resistant depression,0.3937,no_correct_pmc_xml:validated_publisher_or_repository_pdf_else_abstract,no_active_pdf,
10.1007/s00406-024-01920-x,"[""quarantined""]",quarantined_no_canonical_artifact,,,,/Users/frank/Library/CloudStorage/Dropbox/projects/psychedelics_knowledge_graph/data/processed/fulltext/source_identity_quarantine_20260710/quarantined_artifacts/10_1007_s00406_024_01920_x.json,europepmc_fulltext_xml,,False,,,,0,[],[],[],"[""identity_mismatch""]",,wrong_cited_reference_pmcid,10.1111/acps.13351,Increased C‐reactive protein concentration and suicidal behavior in people with psychiatric disorders: A systematic review and meta‐analysis,0.5288,no_correct_pmc_xml:validated_publisher_or_repository_pdf_else_abstract,no_active_pdf,
10.1007/s00406-024-01925-6,"[""quarantined""]",quarantined_no_canonical_artifact,,,,/Users/frank/Library/CloudStorage/Dropbox/projects/psychedelics_knowledge_graph/data/processed/fulltext/source_identity_quarantine_20260710/quarantined_artifacts/10_1007_s00406_024_01925_6.json,grobid,/Users/frank/Library/CloudStorage/Dropbox/projects/psychedelics_knowledge_graph/data/raw/papers/disorder/pdfs/10.1007_s00406-024-01925-6__fea98eaea0.pdf,False,True,/Users/frank/Library/CloudStorage/Dropbox/projects/psychedelics_knowledge_graph/data/raw/papers/pdfs/10.1007_s00406-024-01925-6__fea98eaea0.pdf,1823d2f4448ba3fc0303a51515a3e064b7e48746d3875c5f842465b83f9b1770,1772457,[],"[{""row_index"": 5391, ""doi"": ""10.1007/s00406-024-01925-6"", ""pdf_download_status"": ""source_identity_quarantined"", ""flag_has_local_pdf"": false, ""has_converted_full_text"": false, ""fulltext_artifact_paths"": """", ""fields"": [""local_pdf_paths""]}]",[],"[""identity_mismatch""]",,wrong_cited_reference_pmcid,10.1093/ijnp/pyz039,"Efficacy and Safety of Fixed-Dose Esketamine Nasal Spray Combined With a New Oral Antidepressant in Treatment-Resistant Depression: Results of a Randomized, Double-Blind, Active-Controlled Study (TRANSFORM-1)",0.0758,no_correct_pmc_xml:validated_publisher_or_repository_pdf_else_abstract,quarantine_candidate_clear_candidate_references,[]
10.1007/s00406-024-01945-2,"[""quarantined""]",quarantined_no_canonical_artifact,,,,/Users/frank/Library/CloudStorage/Dropbox/projects/psychedelics_knowledge_graph/data/processed/fulltext/source_identity_quarantine_20260710/quarantined_artifacts/10_1007_s00406_024_01945_2.json,europepmc_fulltext_xml,,False,,,,0,[],[],[],"[""identity_mismatch""]",,wrong_cited_reference_pmcid,10.1038/tp.2015.136,R -ketamine: a rapid-onset and sustained antidepressant without psychotomimetic side effects,0.3972,no_correct_pmc_xml:validated_publisher_or_repository_pdf_else_abstract,no_active_pdf,
10.1007/s00414-022-02850-w,"[""quarantined""]",quarantined_no_canonical_artifact,,,,/Users/frank/Library/CloudStorage/Dropbox/projects/psychedelics_knowledge_graph/data/processed/fulltext/source_identity_quarantine_20260710/quarantined_artifacts/10_1007_s00414_022_02850_w.json,europepmc_fulltext_xml,,False,,,,0,[],[],[],"[""identity_mismatch""]",,wrong_cited_reference_pmcid,10.3390/ph14050432,The Interest of a Systematic Toxicological Analysis Combined with Forensic Advice to Improve the Judicial Investigation and Final Judgment in Drug Facilitated Sexual Assault Cases,0.2847,no_correct_pmc_xml:validated_publisher_or_repository_pdf_else_abstract,no_active_pdf,
10.1007/s00429-023-02740-w,"[""quarantined""]",quarantined_no_canonical_artifact,,,,/Users/frank/Library/CloudStorage/Dropbox/projects/psychedelics_knowledge_graph/data/processed/fulltext/source_identity_quarantine_20260710/quarantined_artifacts/10_1007_s00429_023_02740_w.json,pmc_oai_xml,,False,,,,0,[],[],[],"[""identity_mismatch""]",,wrong_cited_reference_pmcid,10.1016/j.neuron.2009.12.002,Synchronized activity between the ventral hippocampus and the medial prefrontal cortex during anxiety,0.2642,no_correct_pmc_xml:validated_publisher_or_repository_pdf_else_abstract,no_active_pdf,
10.1007/s00702-024-02793-z,"[""quarantined""]",quarantined_no_canonical_artifact,,,,/Users/frank/Library/CloudStorage/Dropbox/projects/psychedelics_knowledge_graph/data/processed/fulltext/source_identity_quarantine_20260710/quarantined_artifacts/10_1007_s00702_024_02793_z.json,pmc_oai_xml,,False,,,,0,[],[],[],"[""identity_mismatch""]",,wrong_cited_reference_pmcid,10.1002/cbic.201300754,Resveratrol and its metabolites bind to PPARs,0.4054,no_correct_pmc_xml:validated_publisher_or_repository_pdf_else_abstract,no_active_pdf,
10.1007/s10072-024-07635-0,"[""quarantined""]",quarantined_no_canonical_artifact,,,,/Users/frank/Library/CloudStorage/Dropbox/projects/psychedelics_knowledge_graph/data/processed/fulltext/source_identity_quarantine_20260710/quarantined_artifacts/10_1007_s10072_024_07635_0.json,grobid,/Users/frank/Library/CloudStorage/Dropbox/projects/psychedelics_knowledge_graph/data/raw/papers/disorder/pdfs/10.1007_s10072-024-07635-0__eee8c783d0.pdf,False,True,/Users/frank/Library/CloudStorage/Dropbox/projects/psychedelics_knowledge_graph/data/raw/papers/pdfs/10.1007_s10072-024-07635-0__eee8c783d0.pdf,81c47f00dd117595c475c67151e44cc44c765b149e92fcd47bf2bc75903a3246,819599,[],"[{""row_index"": 5700, ""doi"": ""10.1007/s10072-024-07635-0"", ""pdf_download_status"": ""source_identity_quarantined"", ""flag_has_local_pdf"": false, ""has_converted_full_text"": false, ""fulltext_artifact_paths"": """", ""fields"": [""local_pdf_paths""]}]",[],"[""identity_mismatch""]",,wrong_cited_reference_pmcid,10.1177/1535759720928269,Treatment of Refractory Convulsive Status Epilepticus: A Comprehensive Review by the American Epilepsy Society Treatments Committee,0.3857,no_correct_pmc_xml:validated_publisher_or_repository_pdf_else_abstract,quarantine_candidate_clear_candidate_references,[]
10.1007/s10552-026-02172-x,"[""quarantined""]",quarantined_no_canonical_artifact,,,,/Users/frank/Library/CloudStorage/Dropbox/projects/psychedelics_knowledge_graph/data/processed/fulltext/source_identity_quarantine_20260710/quarantined_artifacts/10_1007_s10552_026_02172_x.json,grobid,/Users/frank/Library/CloudStorage/Dropbox/projects/psychedelics_knowledge_graph/data/raw/papers/pdfs/10.1007_s10552-026-02172-x__6a678496cf.pdf,False,,,,0,[],[],[],"[""identity_mismatch""]",,,,,,,no_active_pdf,
10.1007/s10803-020-04542-z,"[""quarantined""]",quarantined_no_canonical_artifact,,,,/Users/frank/Library/CloudStorage/Dropbox/projects/psychedelics_knowledge_graph/data/processed/fulltext/source_identity_quarantine_20260710/quarantined_artifacts/10_1007_s10803_020_04542_z.json,pmc_oai_xml,,False,,,,0,[],[],[],"[""identity_mismatch""]",,wrong_cited_reference_pmcid,10.1016/j.biopsych.2012.05.003,Ketamine for Depression: Where Do We Go from Here?,0.2817,no_correct_pmc_xml:validated_publisher_or_repository_pdf_else_abstract,no_active_pdf,
10.1007/s10974-025-09720-z,"[""quarantined""]",quarantined_no_canonical_artifact,,,,/Users/frank/Library/CloudStorage/Dropbox/projects/psychedelics_knowledge_graph/data/processed/fulltext/source_identity_quarantine_20260710/quarantined_artifacts/10_1007_s10974_025_09720_z.json,grobid,/Users/frank/Library/CloudStorage/Dropbox/projects/psychedelics_knowledge_graph/data/raw/papers/mechanistic/pdfs/10.1007_s10974-025-09720-z__f78d948dce.pdf,False,True,/Users/frank/Library/CloudStorage/Dropbox/projects/psychedelics_knowledge_graph/data/raw/papers/pdfs/10.1007_s10974-025-09720-z__f78d948dce.pdf,7ce0c2b2425597ff1d885d8a7f13dc888d769f07c29371363c5e351bf47e5885,33170915,[],"[{""row_index"": 6002, ""doi"": ""10.1007/s10974-025-09720-z"", ""pdf_download_status"": ""source_identity_quarantined"", ""flag_has_local_pdf"": false, ""has_converted_full_text"": false, ""fulltext_artifact_paths"": """", ""fields"": [""local_pdf_paths""]}]",[],"[""identity_mismatch""]",,wrong_cited_reference_pmcid,10.1093/ijnp/pyad016,Sex and Estrous Cycle Are Not Mediators of S-Ketamine's Rapid-Antidepressant Behavioral Effects in a Genetic Rat Model of Depression,0.3062,no_correct_pmc_xml:validated_publisher_or_repository_pdf_else_abstract,quarantine_candidate_clear_candidate_references,[]
10.1007/s11011-020-00547-w,"[""quarantined""]",quarantined_no_canonical_artifact,,,,/Users/frank/Library/CloudStorage/Dropbox/projects/psychedelics_knowledge_graph/data/processed/fulltext/source_identity_quarantine_20260710/quarantined_artifacts/10_1007_s11011_020_00547_w.json,europepmc_fulltext_xml,,False,,,,0,[],[],[],"[""identity_mismatch""]",,wrong_cited_reference_pmcid,10.3390/ijms25116054,Breast Cancer Plasticity after Chemotherapy Highlights the Need for Re-Evaluation of Subtyping in Residual Cancer and Metastatic Tissues,0.2979,no_correct_pmc_xml:validated_publisher_or_repository_pdf_else_abstract,no_active_pdf,
10.1007/s11011-023-01236-0,"[""quarantined""]",quarantined_no_canonical_artifact,,,,/Users/frank/Library/CloudStorage/Dropbox/projects/psychedelics_knowledge_graph/data/processed/fulltext/source_identity_quarantine_20260710/quarantined_artifacts/10_1007_s11011_023_01236_0.json,pmc_oai_xml,,False,,,,0,[],[],[],"[""identity_mismatch""]",,wrong_cited_reference_pmcid,10.1097/ccm.0b013e318253563c,Ketamine alters the neurogenesis of rat cortical neural stem progenitor cells,0.5027,no_correct_pmc_xml:validated_publisher_or_repository_pdf_else_abstract,no_active_pdf,
10.1007/s11064-022-03772-0,"[""quarantined""]",quarantined_no_canonical_artifact,,,,/Users/frank/Library/CloudStorage/Dropbox/projects/psychedelics_knowledge_graph/data/processed/fulltext/source_identity_quarantine_20260710/quarantined_artifacts/10_1007_s11064_022_03772_0.json,europepmc_fulltext_xml,,False,,,,0,[],[],[],"[""identity_mismatch""]",,wrong_cited_reference_pmcid,10.3389/fpsyg.2017.02099,Back to the Future of Quantitative Psychology and Measurement: Psychometrics in the Twenty-First Century,0.3231,no_correct_pmc_xml:validated_publisher_or_repository_pdf_else_abstract,no_active_pdf,
10.1007/s11064-023-04055-y,"[""quarantined""]",quarantined_no_canonical_artifact,,,,/Users/frank/Library/CloudStorage/Dropbox/projects/psychedelics_knowledge_graph/data/processed/fulltext/source_identity_quarantine_20260710/quarantined_artifacts/10_1007_s11064_023_04055_y.json,europepmc_fulltext_xml,,False,,,,0,[],[],[],"[""identity_mismatch""]",,wrong_cited_reference_pmcid,10.3390/ijms20061270,Role of Serotonergic System in the Antidepressant Actions of mGlu2/3 Receptor Antagonists: Similarity to Ketamine,0.248,no_correct_pmc_xml:validated_publisher_or_repository_pdf_else_abstract,no_active_pdf,
10.1007/s11064-025-04562-0,"[""quarantined""]",quarantined_no_canonical_artifact,,,,/Users/frank/Library/CloudStorage/Dropbox/projects/psychedelics_knowledge_graph/data/processed/fulltext/source_identity_quarantine_20260710/quarantined_artifacts/10_1007_s11064_025_04562_0.json,europepmc_fulltext_xml,,False,,,,0,[],[],[],"[""identity_mismatch""]",,wrong_cited_reference_pmcid,10.3390/ijms20092283,The Role of Chemokines in the Pathophysiology of Major Depressive Disorder,0.224,no_correct_pmc_xml:validated_publisher_or_repository_pdf_else_abstract,no_active_pdf,
10.1007/s11064-026-04764-0,"[""quarantined""]",quarantined_no_canonical_artifact,,,,/Users/frank/Library/CloudStorage/Dropbox/projects/psychedelics_knowledge_graph/data/processed/fulltext/source_identity_quarantine_20260710/quarantined_artifacts/10_1007_s11064_026_04764_0.json,pmc_oai_xml,,False,,,,0,[],[],[],"[""identity_mismatch""]",,wrong_cited_reference_pmcid,10.2174/138920110791591436,"Mechanisms of MDMA (Ecstasy)-Induced Oxidative Stress, Mitochondrial Dysfunction, and Organ Damage",0.4716,no_correct_pmc_xml:validated_publisher_or_repository_pdf_else_abstract,no_active_pdf,
10.1007/s11655-024-3906-2,"[""quarantined""]",quarantined_no_canonical_artifact,,,,/Users/frank/Library/CloudStorage/Dropbox/projects/psychedelics_knowledge_graph/data/processed/fulltext/source_identity_quarantine_20260710/quarantined_artifacts/10_1007_s11655_024_3906_2.json,europepmc_fulltext_xml,,False,,,,0,[],[],[],"[""identity_mismatch""]",,wrong_cited_reference_pmcid,10.3389/fpsyt.2021.678709,Multimodal Investigations of Reward Circuitry and Anhedonia in Adolescent Depression,0.1412,no_correct_pmc_xml:validated_publisher_or_repository_pdf_else_abstract,no_active_pdf,
10.1007/s11910-025-01446-2,"[""quarantined""]",quarantined_no_canonical_artifact,,,,/Users/frank/Library/CloudStorage/Dropbox/projects/psychedelics_knowledge_graph/data/processed/fulltext/source_identity_quarantine_20260710/quarantined_artifacts/10_1007_s11910_025_01446_2.json,europepmc_fulltext_xml,,False,,,,0,[],[],[],"[""identity_mismatch""]",,wrong_cited_reference_pmcid,10.1186/s10194-023-01660-8,Current treatment options for cluster headache: limitations and the unmet need for better and specific treatments—a consensus article,0.2778,no_correct_pmc_xml:validated_publisher_or_repository_pdf_else_abstract,no_active_pdf,
10.1007/s11912-023-01373-w,"[""quarantined""]",quarantined_no_canonical_artifact,,,,/Users/frank/Library/CloudStorage/Dropbox/projects/psychedelics_knowledge_graph/data/processed/fulltext/source_identity_quarantine_20260710/quarantined_artifacts/10_1007_s11912_023_01373_w.json,grobid,/Users/frank/Library/CloudStorage/Dropbox/projects/psychedelics_knowledge_graph/data/raw/papers/disorder/pdfs/10.1007_s11912-023-01373-w__a984c4c70b.pdf,False,True,/Users/frank/Library/CloudStorage/Dropbox/projects/psychedelics_knowledge_graph/data/raw/papers/pdfs/10.1007_s11912-023-01373-w__a984c4c70b.pdf,01d0d2019e6a4c5d901cef9cb8560f5f190579d3f026577a45ba2f3563fb8422,325833,[],"[{""row_index"": 6343, ""doi"": ""10.1007/s11912-023-01373-w"", ""pdf_download_status"": ""source_identity_quarantined"", ""flag_has_local_pdf"": false, ""has_converted_full_text"": false, ""fulltext_artifact_paths"": """", ""fields"": [""local_pdf_paths""]}]",[],"[""identity_mismatch""]",,wrong_cited_reference_pmcid,10.1177/1534735418762496,Cancer and Complementary Therapies: Current Trends in Survivors' Interest and Use,0.3582,no_correct_pmc_xml:validated_publisher_or_repository_pdf_else_abstract,quarantine_candidate_clear_candidate_references,[]
10.1007/s11916-023-01150-1,"[""quarantined""]",quarantined_no_canonical_artifact,,,,/Users/frank/Library/CloudStorage/Dropbox/projects/psychedelics_knowledge_graph/data/processed/fulltext/source_identity_quarantine_20260710/quarantined_artifacts/10_1007_s11916_023_01150_1.json,europepmc_fulltext_xml,,False,,,,0,[],[],[],"[""identity_mismatch""]",,wrong_cited_reference_pmcid,10.1097/aap.0000000000000806,"Consensus Guidelines on the Use of Intravenous Ketamine Infusions for Acute Pain Management From the American Society of Regional Anesthesia and Pain Medicine, the American Academy of Pain Medicine, and the American Society of Anesthesiologists",0.1089,no_correct_pmc_xml:validated_publisher_or_repository_pdf_else_abstract,no_active_pdf,
10.1007/s11916-023-01161-y,"[""quarantined""]",quarantined_no_canonical_artifact,,,,/Users/frank/Library/CloudStorage/Dropbox/projects/psychedelics_knowledge_graph/data/processed/fulltext/source_identity_quarantine_20260710/quarantined_artifacts/10_1007_s11916_023_01161_y.json,grobid,/Users/frank/Library/CloudStorage/Dropbox/projects/psychedelics_knowledge_graph/data/raw/papers/disorder/pdfs/10.1007_s11916-023-01161-y__29d4ffe831.pdf,False,True,/Users/frank/Library/CloudStorage/Dropbox/projects/psychedelics_knowledge_graph/data/raw/papers/pdfs/10.1007_s11916-023-01161-y__29d4ffe831.pdf,ee60a519bee2211f50c846f09adc3401d301b083ff764a3301b1309ed7d06cd6,365205,[],"[{""row_index"": 6378, ""doi"": ""10.1007/s11916-023-01161-y"", ""pdf_download_status"": ""source_identity_quarantined"", ""flag_has_local_pdf"": false, ""has_converted_full_text"": false, ""fulltext_artifact_paths"": """", ""fields"": [""local_pdf_paths""]}]",[],"[""identity_mismatch""]",,wrong_cited_reference_pmcid,10.4103/0972-2327.100011,New daily persistent headache,0.4143,no_correct_pmc_xml:validated_publisher_or_repository_pdf_else_abstract,quarantine_candidate_clear_candidate_references,[]
10.1007/s11916-024-01321-8,"[""quarantined""]",quarantined_no_canonical_artifact,,,,/Users/frank/Library/CloudStorage/Dropbox/projects/psychedelics_knowledge_graph/data/processed/fulltext/source_identity_quarantine_20260710/quarantined_artifacts/10_1007_s11916_024_01321_8.json,pmc_oai_xml,,False,,,,0,[],[],[],"[""identity_mismatch""]",,wrong_cited_reference_pmcid,10.1037/pha0000084,Clinical Applications of Hallucinogens: A Review,0.2599,no_correct_pmc_xml:validated_publisher_or_repository_pdf_else_abstract,no_active_pdf,
10.1007/s11916-024-01353-0,"[""quarantined""]",quarantined_no_canonical_artifact,,,,/Users/frank/Library/CloudStorage/Dropbox/projects/psychedelics_knowledge_graph/data/processed/fulltext/source_identity_quarantine_20260710/quarantined_artifacts/10_1007_s11916_024_01353_0.json,europepmc_fulltext_xml,,False,,,,0,[],[],[],"[""identity_mismatch""]",,wrong_cited_reference_pmcid,10.1155/2019/1389296,The Role of Descending Pain Modulation in Chronic Primary Pain: Potential Application of Drugs Targeting Serotonergic System,0.2703,no_correct_pmc_xml:validated_publisher_or_repository_pdf_else_abstract,no_active_pdf,
10.1007/s11916-025-01360-9,"[""quarantined""]",quarantined_no_canonical_artifact,,,,/Users/frank/Library/CloudStorage/Dropbox/projects/psychedelics_knowledge_graph/data/processed/fulltext/source_identity_quarantine_20260710/quarantined_artifacts/10_1007_s11916_025_01360_9.json,europepmc_fulltext_xml,,False,,,,0,[],[],[],"[""identity_mismatch""]",,wrong_cited_reference_pmcid,10.3389/fimmu.2021.786511,Senso-Immunologic Prospects for Complex Regional Pain Syndrome Treatment,0.6234,no_correct_pmc_xml:validated_publisher_or_repository_pdf_else_abstract,no_active_pdf,
10.1007/s11916-025-01437-5,"[""quarantined""]",quarantined_no_canonical_artifact,,,,/Users/frank/Library/CloudStorage/Dropbox/projects/psychedelics_knowledge_graph/data/processed/fulltext/source_identity_quarantine_20260710/quarantined_artifacts/10_1007_s11916_025_01437_5.json,europepmc_fulltext_xml,,False,,,,0,[],[],[],"[""identity_mismatch""]",,wrong_cited_reference_pmcid,10.3389/fpsyt.2018.00277,Efficacy of Ketamine in the Treatment of Substance Use Disorders: A Systematic Review,0.6535,no_correct_pmc_xml:validated_publisher_or_repository_pdf_else_abstract,no_active_pdf,
10.1007/s11920-023-01432-w,"[""quarantined""]",quarantined_no_canonical_artifact,,,,/Users/frank/Library/CloudStorage/Dropbox/projects/psychedelics_knowledge_graph/data/processed/fulltext/source_identity_quarantine_20260710/quarantined_artifacts/10_1007_s11920_023_01432_w.json,europepmc_fulltext_xml,,False,,,,0,[],[],[],"[""identity_mismatch""]",,wrong_cited_reference_pmcid,10.15585/mmwr.su7103a5,"Disruptions to School and Home Life Among High School Students During the COVID-19 Pandemic — Adolescent Behaviors and Experiences Survey, United States, January–June 2021",0.2436,no_correct_pmc_xml:validated_publisher_or_repository_pdf_else_abstract,no_active_pdf,
10.1007/s11920-024-01577-2,"[""quarantined""]",quarantined_no_canonical_artifact,,,,/Users/frank/Library/CloudStorage/Dropbox/projects/psychedelics_knowledge_graph/data/processed/fulltext/source_identity_quarantine_20260710/quarantined_artifacts/10_1007_s11920_024_01577_2.json,europepmc_fulltext_xml,,False,,,,0,[],[],[],"[""identity_mismatch""]",,wrong_cited_reference_pmcid,10.1186/s13034-020-00329-3,Challenges and burden of the Coronavirus 2019 (COVID-19) pandemic for child and adolescent mental health: a narrative review to highlight clinical and research needs in the acute phase and the long return to normality,0.0357,no_correct_pmc_xml:validated_publisher_or_repository_pdf_else_abstract,no_active_pdf,
10.1007/s12013-024-01499-z,"[""quarantined""]",quarantined_no_canonical_artifact,,,,/Users/frank/Library/CloudStorage/Dropbox/projects/psychedelics_knowledge_graph/data/processed/fulltext/source_identity_quarantine_20260710/quarantined_artifacts/10_1007_s12013_024_01499_z.json,grobid,/Users/frank/Library/CloudStorage/Dropbox/projects/psychedelics_knowledge_graph/data/raw/papers/pdfs/10.1007_s12013-024-01499-z__62bc479932.pdf,False,,,,0,[],[],[],"[""identity_mismatch""]",,wrong_cited_reference_pmcid,10.1038/s42003-022-03626-z,The NMDA receptor antagonist ketamine impairs and delays context-dependent decision making in the parietal cortex,0.3953,no_correct_pmc_xml:validated_publisher_or_repository_pdf_else_abstract,no_active_pdf,
10.1007/s12031-022-02046-2,"[""quarantined""]",quarantined_no_canonical_artifact,,,,/Users/frank/Library/CloudStorage/Dropbox/projects/psychedelics_knowledge_graph/data/processed/fulltext/source_identity_quarantine_20260710/quarantined_artifacts/10_1007_s12031_022_02046_2.json,pmc_oai_xml,,False,,,,0,[],[],[],"[""identity_mismatch""]",,wrong_cited_reference_pmcid,10.1016/bs.apha.2016.01.006,The NMDA Receptor and Schizophrenia: From Pathophysiology to Treatment,0.2941,no_correct_pmc_xml:validated_publisher_or_repository_pdf_else_abstract,no_active_pdf,
10.1007/s12031-022-02077-9,"[""quarantined""]",quarantined_no_canonical_artifact,,,,/Users/frank/Library/CloudStorage/Dropbox/projects/psychedelics_knowledge_graph/data/processed/fulltext/source_identity_quarantine_20260710/quarantined_artifacts/10_1007_s12031_022_02077_9.json,grobid,/Users/frank/Library/CloudStorage/Dropbox/projects/psychedelics_knowledge_graph/data/raw/papers/mechanistic/pdfs/10.1007_s12031-022-02077-9__10195468ff.pdf,False,True,/Users/frank/Library/CloudStorage/Dropbox/projects/psychedelics_knowledge_graph/data/raw/papers/pdfs/10.1007_s12031-022-02077-9__10195468ff.pdf,5168da58ef66efe147e5b67161a6a55240f1981215ea412ba7f0214f16a0171c,1966461,[],"[{""row_index"": 6493, ""doi"": ""10.1007/s12031-022-02077-9"", ""pdf_download_status"": ""source_identity_quarantined"", ""flag_has_local_pdf"": false, ""has_converted_full_text"": false, ""fulltext_artifact_paths"": """", ""fields"": [""local_pdf_paths""]}]",[],"[""identity_mismatch""]",,wrong_cited_reference_pmcid,10.1016/j.sjbs.2021.04.030,Protective effect of diosmin against doxorubicin-induced nephrotoxicity,0.2411,no_correct_pmc_xml:validated_publisher_or_repository_pdf_else_abstract,quarantine_candidate_clear_candidate_references,[]
10.1007/s12033-023-00994-7,"[""quarantined""]",quarantined_no_canonical_artifact,,,,/Users/frank/Library/CloudStorage/Dropbox/projects/psychedelics_knowledge_graph/data/processed/fulltext/source_identity_quarantine_20260710/quarantined_artifacts/10_1007_s12033_023_00994_7.json,grobid,/Users/frank/Library/CloudStorage/Dropbox/projects/psychedelics_knowledge_graph/data/raw/papers/disorder/pdfs/10.1007_s12033-023-00994-7__ba6f956575.pdf,False,True,/Users/frank/Library/CloudStorage/Dropbox/projects/psychedelics_knowledge_graph/data/raw/papers/pdfs/10.1007_s12033-023-00994-7__ba6f956575.pdf,12bb0db11be6e36fb7c9ed30953c0f8c90a9914a1cdd5d8ee6c8e98471d96a3d,388633,[],"[{""row_index"": 6500, ""doi"": ""10.1007/s12033-023-00994-7"", ""pdf_download_status"": ""source_identity_quarantined"", ""flag_has_local_pdf"": false, ""has_converted_full_text"": false, ""fulltext_artifact_paths"": """", ""fields"": [""local_pdf_paths""]}]",[],"[""identity_mismatch""]",,wrong_cited_reference_pmcid,10.1177/2398212818799269,The neuroscience of depressive disorders: A brief review of the past and some considerations about the future,0.2705,no_correct_pmc_xml:validated_publisher_or_repository_pdf_else_abstract,quarantine_candidate_clear_candidate_references,[]
10.1007/s12035-021-02718-x,"[""quarantined""]",quarantined_no_canonical_artifact,,,,/Users/frank/Library/CloudStorage/Dropbox/projects/psychedelics_knowledge_graph/data/processed/fulltext/source_identity_quarantine_20260710/quarantined_artifacts/10_1007_s12035_021_02718_x.json,pmc_oai_xml,,False,,,,0,[],[],[],"[""identity_mismatch""]",,wrong_cited_reference_pmcid,10.1016/j.neuron.2020.06.002,The Bidirectional Relationship of Depression and Inflammation: Double Trouble,0.3107,no_correct_pmc_xml:validated_publisher_or_repository_pdf_else_abstract,no_active_pdf,
10.1007/s12035-023-03474-w,"[""quarantined""]",quarantined_no_canonical_artifact,,,,/Users/frank/Library/CloudStorage/Dropbox/projects/psychedelics_knowledge_graph/data/processed/fulltext/source_identity_quarantine_20260710/quarantined_artifacts/10_1007_s12035_023_03474_w.json,pmc_oai_xml,,False,,,,0,[],[],[],"[""identity_mismatch""]",,wrong_cited_reference_pmcid,10.3109/15622975.2016.1142607,Ninety-six hour ketamine infusion with co-administered clonidine for treatment-resistant depression: a pilot randomized controlled trial,0.3014,no_correct_pmc_xml:validated_publisher_or_repository_pdf_else_abstract,no_active_pdf,
10.1007/s12035-023-03669-1,"[""quarantined""]",quarantined_no_canonical_artifact,,,,/Users/frank/Library/CloudStorage/Dropbox/projects/psychedelics_knowledge_graph/data/processed/fulltext/source_identity_quarantine_20260710/quarantined_artifacts/10_1007_s12035_023_03669_1.json,europepmc_fulltext_xml,,False,,,,0,[],[],[],"[""identity_mismatch""]",,wrong_cited_reference_pmcid,10.3389/fpsyt.2021.718539,Treatment-Specific Hippocampal Subfield Volume Changes With Antidepressant Medication or Cognitive-Behavior Therapy in Treatment-Naive Depression,0.2386,no_correct_pmc_xml:validated_publisher_or_repository_pdf_else_abstract,no_active_pdf,
10.1007/s12035-025-04789-6,"[""quarantined""]",quarantined_no_canonical_artifact,,,,/Users/frank/Library/CloudStorage/Dropbox/projects/psychedelics_knowledge_graph/data/processed/fulltext/source_identity_quarantine_20260710/quarantined_artifacts/10_1007_s12035_025_04789_6.json,europepmc_fulltext_xml,,False,,,,0,[],[],[],"[""identity_mismatch""]",,wrong_cited_reference_pmcid,10.1038/s41467-018-08168-9,Optogenetic stimulation of medial prefrontal cortex Drd1 neurons produces rapid and long-lasting antidepressant effects,0.1265,no_correct_pmc_xml:validated_publisher_or_repository_pdf_else_abstract,no_active_pdf,
10.1007/s12035-025-05114-x,"[""quarantined""]",quarantined_no_canonical_artifact,,,,/Users/frank/Library/CloudStorage/Dropbox/projects/psychedelics_knowledge_graph/data/processed/fulltext/source_identity_quarantine_20260710/quarantined_artifacts/10_1007_s12035_025_05114_x.json,pmc_oai_xml,,False,,,,0,[],[],[],"[""identity_mismatch""]",,wrong_cited_reference_pmcid,10.1001/jamapsychiatry.2014.2502,Mortality in Mental Disorders and Global Disease Burden Implications,0.2201,no_correct_pmc_xml:validated_publisher_or_repository_pdf_else_abstract,no_active_pdf,
10.1007/s12272-024-01491-4,"[""quarantined""]",quarantined_no_canonical_artifact,,,,/Users/frank/Library/CloudStorage/Dropbox/projects/psychedelics_knowledge_graph/data/processed/fulltext/source_identity_quarantine_20260710/quarantined_artifacts/10_1007_s12272_024_01491_4.json,pmc_oai_xml,,False,,,,0,[],[],[],"[""identity_mismatch""]",,wrong_cited_reference_pmcid,10.1038/nn.2153,Cell-type specific regulation of DARPP-32 phosphorylation by psychostimulant and antipsychotic drugs,0.2467,no_correct_pmc_xml:validated_publisher_or_repository_pdf_else_abstract,no_active_pdf,
10.1007/s12325-025-03149-z,"[""quarantined""]",quarantined_no_canonical_artifact,,,,/Users/frank/Library/CloudStorage/Dropbox/projects/psychedelics_knowledge_graph/data/processed/fulltext/source_identity_quarantine_20260710/quarantined_artifacts/10_1007_s12325_025_03149_z.json,europepmc_fulltext_xml,,False,,,,0,[],[],[],"[""identity_mismatch""]",,wrong_cited_reference_pmcid,10.1016/s0140-6736(17)32802-7,Comparative efficacy and acceptability of 21 antidepressant drugs for the acute treatment of adults with major depressive disorder: a systematic review and network meta-analysis,0.3631,no_correct_pmc_xml:validated_publisher_or_repository_pdf_else_abstract,no_active_pdf,
10.1007/s12630-025-03031-0,"[""quarantined""]",quarantined_no_canonical_artifact,,,,/Users/frank/Library/CloudStorage/Dropbox/projects/psychedelics_knowledge_graph/data/processed/fulltext/source_identity_quarantine_20260710/quarantined_artifacts/10_1007_s12630_025_03031_0.json,grobid,/Users/frank/Library/CloudStorage/Dropbox/projects/psychedelics_knowledge_graph/data/raw/papers/disorder/pdfs/10.1007_s12630-025-03031-0__e0861bc0a4.pdf,False,True,/Users/frank/Library/CloudStorage/Dropbox/projects/psychedelics_knowledge_graph/data/raw/papers/pdfs/10.1007_s12630-025-03031-0__e0861bc0a4.pdf,6b8e01a44767e6e9d89d3f314c9f16ef42460122cdb43577ace6b13423358f1a,709575,[],"[{""row_index"": 6680, ""doi"": ""10.1007/s12630-025-03031-0"", ""pdf_download_status"": ""source_identity_quarantined"", ""flag_has_local_pdf"": false, ""has_converted_full_text"": false, ""fulltext_artifact_paths"": """", ""fields"": [""local_pdf_paths""]}]",[],"[""identity_mismatch""]",,wrong_cited_reference_pmcid,10.2147/ceor.s63323,ClinicoEconomics and Outcomes Research Dovepress,0.1341,no_correct_pmc_xml:validated_publisher_or_repository_pdf_else_abstract,quarantine_candidate_clear_candidate_references,[]
10.1007/s12640-024-00727-x,"[""quarantined""]",quarantined_no_canonical_artifact,,,,/Users/frank/Library/CloudStorage/Dropbox/projects/psychedelics_knowledge_graph/data/processed/fulltext/source_identity_quarantine_20260710/quarantined_artifacts/10_1007_s12640_024_00727_x.json,europepmc_fulltext_xml,,False,,,,0,[],[],[],"[""identity_mismatch""]",,wrong_cited_reference_pmcid,10.4161/oxim.3.6.13446,A Rodent Model of Schizophrenia Reveals Increase in Creatine Kinase Activity with Associated Behavior Changes,0.0849,no_correct_pmc_xml:validated_publisher_or_repository_pdf_else_abstract,no_active_pdf,
10.1007/s13346-017-0476-2,"[""quarantined""]",quarantined_no_canonical_artifact,,,,/Users/frank/Library/CloudStorage/Dropbox/projects/psychedelics_knowledge_graph/data/processed/fulltext/source_identity_quarantine_20260710/quarantined_artifacts/10_1007_s13346_017_0476_2.json,pmc_oai_xml,,False,,,,0,[],[],[],"[""identity_mismatch""]",,wrong_cited_reference_pmcid,10.1001/archgenpsychiatry.2010.90,A Randomized Add-on Trial of an N -methyl- d -aspartate Antagonist in Treatment-Resistant Bipolar Depression,0.2731,no_correct_pmc_xml:validated_publisher_or_repository_pdf_else_abstract,no_active_pdf,
10.1007/s40261-022-01169-z,"[""quarantined""]",quarantined_no_canonical_artifact,,,,/Users/frank/Library/CloudStorage/Dropbox/projects/psychedelics_knowledge_graph/data/processed/fulltext/source_identity_quarantine_20260710/quarantined_artifacts/10_1007_s40261_022_01169_z.json,pmc_oai_xml,,False,,,,0,[],[],[],"[""identity_mismatch""]",,wrong_cited_reference_pmcid,10.1176/appi.ajp.2013.13030392,Antidepressant Efficacy of Ketamine in Treatment-Resistant Major Depression: A Two-Site Randomized Controlled Trial,0.3562,no_correct_pmc_xml:validated_publisher_or_repository_pdf_else_abstract,no_active_pdf,
10.1007/s40261-022-01193-z,"[""quarantined""]",quarantined_no_canonical_artifact,,,,/Users/frank/Library/CloudStorage/Dropbox/projects/psychedelics_knowledge_graph/data/processed/fulltext/source_identity_quarantine_20260710/quarantined_artifacts/10_1007_s40261_022_01193_z.json,pmc_oai_xml,,False,,,,0,[],[],[],"[""identity_mismatch""]",,wrong_cited_reference_pmcid,10.1176/appi.ajp.2011.11010163,Treatment of Suicide Attempters With Bipolar Disorder: A Randomized Clinical Trial Comparing Lithium and Valproate in the Prevention of Suicidal Behavior,0.2746,no_correct_pmc_xml:validated_publisher_or_repository_pdf_else_abstract,no_active_pdf,
10.1007/s40262-020-00953-4,"[""quarantined""]",quarantined_no_canonical_artifact,,,,/Users/frank/Library/CloudStorage/Dropbox/projects/psychedelics_knowledge_graph/data/processed/fulltext/source_identity_quarantine_20260710/quarantined_artifacts/10_1007_s40262_020_00953_4.json,pmc_oai_xml,,False,,,,0,[],[],[],"[""identity_mismatch""]",,wrong_cited_reference_pmcid,10.1001/jamapsychiatry.2014.2502,Mortality in Mental Disorders and Global Disease Burden Implications,0.2601,no_correct_pmc_xml:validated_publisher_or_repository_pdf_else_abstract,no_active_pdf,
10.1007/s40263-021-00846-5,"[""quarantined""]",quarantined_no_canonical_artifact,,,,/Users/frank/Library/CloudStorage/Dropbox/projects/psychedelics_knowledge_graph/data/processed/fulltext/source_identity_quarantine_20260710/quarantined_artifacts/10_1007_s40263_021_00846_5.json,pmc_oai_xml,,False,,,,0,[],[],[],"[""identity_mismatch""]",,wrong_cited_reference_pmcid,10.1017/s0033291716000064,"Single-dose infusion ketamine and non-ketamine N -methyl-D-aspartate receptor antagonists for unipolar and bipolar depression: a meta-analysis of efficacy, safety and time trajectories",0.3322,no_correct_pmc_xml:validated_publisher_or_repository_pdf_else_abstract,no_active_pdf,
10.1007/s40263-021-00851-8,"[""quarantined""]",quarantined_no_canonical_artifact,,,,/Users/frank/Library/CloudStorage/Dropbox/projects/psychedelics_knowledge_graph/data/processed/fulltext/source_identity_quarantine_20260710/quarantined_artifacts/10_1007_s40263_021_00851_8.json,pmc_oai_xml,,False,,,,0,[],[],[],"[""identity_mismatch""]",,wrong_cited_reference_pmcid,10.1038/s41586-022-04789-9,A pan-cancer compendium of chromosomal instability,0.1899,no_correct_pmc_xml:validated_publisher_or_repository_pdf_else_abstract,no_active_pdf,
10.1007/s40263-021-00877-y,"[""quarantined""]",quarantined_no_canonical_artifact,,,,/Users/frank/Library/CloudStorage/Dropbox/projects/psychedelics_knowledge_graph/data/processed/fulltext/source_identity_quarantine_20260710/quarantined_artifacts/10_1007_s40263_021_00877_y.json,europepmc_fulltext_xml,,False,,,,0,[],[],[],"[""identity_mismatch""]",,wrong_cited_reference_pmcid,10.1177/070674371405900702,Treatment-Resistant Depression in Primary Care Across Canada,0.2778,no_correct_pmc_xml:validated_publisher_or_repository_pdf_else_abstract,no_active_pdf,
10.1007/s40263-022-00929-x,"[""quarantined""]",quarantined_no_canonical_artifact,,,,/Users/frank/Library/CloudStorage/Dropbox/projects/psychedelics_knowledge_graph/data/processed/fulltext/source_identity_quarantine_20260710/quarantined_artifacts/10_1007_s40263_022_00929_x.json,pmc_oai_xml,,False,,,,0,[],[],[],"[""identity_mismatch""]",,wrong_cited_reference_pmcid,10.1016/j.cpr.2012.06.002,"A Meta-analysis of Imagery Rehearsal for Post-trauma Nightmares: Effects on Nightmare Frequency, Sleep Quality, and Posttraumatic Stress",0.3874,no_correct_pmc_xml:validated_publisher_or_repository_pdf_else_abstract,no_active_pdf,
10.1007/s40263-023-01008-5,"[""quarantined""]",quarantined_no_canonical_artifact,,,,/Users/frank/Library/CloudStorage/Dropbox/projects/psychedelics_knowledge_graph/data/processed/fulltext/source_identity_quarantine_20260710/quarantined_artifacts/10_1007_s40263_023_01008_5.json,grobid,/Users/frank/Library/CloudStorage/Dropbox/projects/psychedelics_knowledge_graph/data/raw/papers/disorder/pdfs/10.1007_s40263-023-01008-5__68e9ea2721.pdf,False,True,/Users/frank/Library/CloudStorage/Dropbox/projects/psychedelics_knowledge_graph/data/raw/papers/pdfs/10.1007_s40263-023-01008-5__68e9ea2721.pdf,7beeb8f75775d6c7c5dd8d537da5b04474a56ba6c83ccf7887573bdda24842bf,3376056,[],"[{""row_index"": 6976, ""doi"": ""10.1007/s40263-023-01008-5"", ""pdf_download_status"": ""source_identity_quarantined"", ""flag_has_local_pdf"": false, ""has_converted_full_text"": false, ""fulltext_artifact_paths"": """", ""fields"": [""local_pdf_paths""]}]",[],"[""identity_unverified""]",no_header_wrong_or_ancillary,wrong_cited_reference_pmcid,,Epidemiology of anxiety disorders: from surveys to nosology and back,0.4368,no_correct_pmc_xml:validated_publisher_or_repository_pdf_else_abstract,quarantine_candidate_clear_candidate_references,[]
10.1007/s40263-024-01099-8,"[""quarantined""]",quarantined_no_canonical_artifact,,,,/Users/frank/Library/CloudStorage/Dropbox/projects/psychedelics_knowledge_graph/data/processed/fulltext/source_identity_quarantine_20260710/quarantined_artifacts/10_1007_s40263_024_01099_8.json,grobid,/Users/frank/Library/CloudStorage/Dropbox/projects/psychedelics_knowledge_graph/data/raw/papers/pdfs/10.1007_s40263-024-01099-8__8e01e84a2c.pdf,False,,,,0,[],[],[],"[""identity_mismatch""]",,wrong_cited_reference_pmcid,10.2174/1570159x17666191001142934,An Overview of the Heterogeneity of Major Depressive Disorder: Current Knowledge and Future Prospective,0.3832,no_correct_pmc_xml:validated_publisher_or_repository_pdf_else_abstract,no_active_pdf,
10.1007/s40263-024-01123-x,"[""quarantined""]",quarantined_no_canonical_artifact,,,,/Users/frank/Library/CloudStorage/Dropbox/projects/psychedelics_knowledge_graph/data/processed/fulltext/source_identity_quarantine_20260710/quarantined_artifacts/10_1007_s40263_024_01123_x.json,pmc_oai_xml,,False,,,,0,[],[],[],"[""identity_mismatch""]",,wrong_cited_reference_pmcid,10.1146/annurev-clinpsy-050718-095557,"Estrogen, Stress, and Depression: Cognitive and Biological Interactions",0.3636,no_correct_pmc_xml:validated_publisher_or_repository_pdf_else_abstract,no_active_pdf,
10.1007/s40263-025-01199-z,"[""quarantined""]",quarantined_no_canonical_artifact,,,,/Users/frank/Library/CloudStorage/Dropbox/projects/psychedelics_knowledge_graph/data/processed/fulltext/source_identity_quarantine_20260710/quarantined_artifacts/10_1007_s40263_025_01199_z.json,pmc_oai_xml,,False,,,,0,[],[],[],"[""identity_mismatch""]",,stale_pmcid_now_correct,10.15585/mmwr.mm7308a1,"Deaths from Excessive Alcohol Use — United States, 2016–2021",0.366,no_reusable_direct_xml:validated_publisher_or_pmc_pdf_else_abstract,no_active_pdf,
10.1007/s40263-025-01256-7,"[""quarantined""]",quarantined_no_canonical_artifact,,,,/Users/frank/Library/CloudStorage/Dropbox/projects/psychedelics_knowledge_graph/data/processed/fulltext/source_identity_quarantine_20260710/quarantined_artifacts/10_1007_s40263_025_01256_7.json,pmc_oai_xml,,False,,,,0,[],[],[],"[""identity_mismatch""]",,wrong_cited_reference_pmcid,10.1001/archgenpsychiatry.2010.11,"A Placebo-Controlled Trial of Phenelzine, Cognitive Behavioral Group Therapy and their Combination for Social Anxiety Disorder",0.2867,no_correct_pmc_xml:validated_publisher_or_repository_pdf_else_abstract,no_active_pdf,
10.1007/s40263-026-01296-7,"[""quarantined""]",quarantined_no_canonical_artifact,,,,/Users/frank/Library/CloudStorage/Dropbox/projects/psychedelics_knowledge_graph/data/processed/fulltext/source_identity_quarantine_20260710/quarantined_artifacts/10_1007_s40263_026_01296_7.json,europepmc_fulltext_xml,,False,,,,0,[],[],[],"[""identity_mismatch""]",,wrong_cited_reference_pmcid,10.1038/s41392-024-01738-y,"Major depressive disorder: hypothesis, mechanism, prevention and treatment",0.2703,no_correct_pmc_xml:validated_publisher_or_repository_pdf_else_abstract,no_active_pdf,
10.1007/s40264-025-01530-z,"[""quarantined""]",quarantined_no_canonical_artifact,,,,/Users/frank/Library/CloudStorage/Dropbox/projects/psychedelics_knowledge_graph/data/processed/fulltext/source_identity_quarantine_20260710/quarantined_artifacts/10_1007_s40264_025_01530_z.json,grobid,/Users/frank/Library/CloudStorage/Dropbox/projects/psychedelics_knowledge_graph/data/raw/papers/pdfs/10.1007_s40264-025-01530-z__42cdd4dc7d.pdf,False,,,,0,[],[],[],"[""identity_mismatch""]",,,,,,,no_active_pdf,
10.1007/s40265-023-01872-x,"[""quarantined""]",quarantined_no_canonical_artifact,,,,/Users/frank/Library/CloudStorage/Dropbox/projects/psychedelics_knowledge_graph/data/processed/fulltext/source_identity_quarantine_20260710/quarantined_artifacts/10_1007_s40265_023_01872_x.json,grobid,/Users/frank/Library/CloudStorage/Dropbox/projects/psychedelics_knowledge_graph/data/raw/papers/disorder/pdfs/10.1007_s40265-023-01872-x__ba088007c4.pdf,False,True,/Users/frank/Library/CloudStorage/Dropbox/projects/psychedelics_knowledge_graph/data/raw/papers/pdfs/10.1007_s40265-023-01872-x__ba088007c4.pdf,ec97dd550aefd8e2c6bd75ab325ab5270840304787a402dcbf3e68ac6acf9ba3,3590211,[],"[{""row_index"": 7027, ""doi"": ""10.1007/s40265-023-01872-x"", ""pdf_download_status"": ""source_identity_quarantined"", ""flag_has_local_pdf"": false, ""has_converted_full_text"": false, ""fulltext_artifact_paths"": """", ""fields"": [""local_pdf_paths""]}]",[],"[""identity_mismatch""]",,wrong_cited_reference_pmcid,10.1111/bdi.12609,Canadian Network for Mood and Anxiety Treatments (CANMAT) and International Society for Bipolar Disorders (ISBD) 2018 guidelines for the management of patients with bipolar disorder,0.3454,no_correct_pmc_xml:validated_publisher_or_repository_pdf_else_abstract,quarantine_candidate_clear_candidate_references,[]
10.1007/s40265-023-01983-5,"[""quarantined""]",quarantined_no_canonical_artifact,,,,/Users/frank/Library/CloudStorage/Dropbox/projects/psychedelics_knowledge_graph/data/processed/fulltext/source_identity_quarantine_20260710/quarantined_artifacts/10_1007_s40265_023_01983_5.json,europepmc_fulltext_xml,,False,,,,0,[],[],[],"[""identity_mismatch""]",,wrong_cited_reference_pmcid,10.3389/fpsyt.2014.00037,Posttraumatic Stress Disorder: A Theoretical Model of the Hyperarousal Subtype,0.2736,no_correct_pmc_xml:validated_publisher_or_repository_pdf_else_abstract,no_active_pdf,
10.1007/s40265-024-02106-4,"[""quarantined""]",quarantined_no_canonical_artifact,,,,/Users/frank/Library/CloudStorage/Dropbox/projects/psychedelics_knowledge_graph/data/processed/fulltext/source_identity_quarantine_20260710/quarantined_artifacts/10_1007_s40265_024_02106_4.json,pmc_oai_xml,,False,,,,0,[],[],[],"[""identity_mismatch""]",,wrong_cited_reference_pmcid,10.1002/da.22279,DSM-5 AND ICD-11 DEFINITIONS OF POSTTRAUMATIC STRESS DISORDER: INVESTIGATING “NARROW” AND “BROAD” APPROACHES,0.3938,no_correct_pmc_xml:validated_publisher_or_repository_pdf_else_abstract,no_active_pdf,
10.1007/s40265-025-02172-2,"[""quarantined""]",quarantined_no_canonical_artifact,,,,/Users/frank/Library/CloudStorage/Dropbox/projects/psychedelics_knowledge_graph/data/processed/fulltext/source_identity_quarantine_20260710/quarantined_artifacts/10_1007_s40265_025_02172_2.json,grobid,/Users/frank/Library/CloudStorage/Dropbox/projects/psychedelics_knowledge_graph/data/raw/papers/disorder/pdfs/10.1007_s40265-025-02172-2__c72a59fa69.pdf,False,True,/Users/frank/Library/CloudStorage/Dropbox/projects/psychedelics_knowledge_graph/data/raw/papers/pdfs/10.1007_s40265-025-02172-2__c72a59fa69.pdf,f8dfbec3c1bc167d2ec645904cd591931338bde3b31dda2675e1575430cd5804,452697,[],"[{""row_index"": 7033, ""doi"": ""10.1007/s40265-025-02172-2"", ""pdf_download_status"": ""source_identity_quarantined"", ""flag_has_local_pdf"": false, ""has_converted_full_text"": false, ""fulltext_artifact_paths"": """", ""fields"": [""local_pdf_paths""]}]",[],"[""identity_mismatch""]",,wrong_cited_reference_pmcid,10.5056/jnm14116,The Effect of Emotional Stress and Depression on the Prevalence of Digestive Diseases,0.3584,no_correct_pmc_xml:validated_publisher_or_repository_pdf_else_abstract,quarantine_candidate_clear_candidate_references,[]
10.1007/s40272-024-00639-5,"[""quarantined""]",quarantined_no_canonical_artifact,,,,/Users/frank/Library/CloudStorage/Dropbox/projects/psychedelics_knowledge_graph/data/processed/fulltext/source_identity_quarantine_20260710/quarantined_artifacts/10_1007_s40272_024_00639_5.json,europepmc_fulltext_xml,,False,,,,0,[],[],[],"[""identity_mismatch""]",,wrong_cited_reference_pmcid,10.1371/journal.pone.0274330,Incidence rate of psychiatric disorders in 2020: The pivotal role played by SARS-CoV-2 infection,0.2963,no_correct_pmc_xml:validated_publisher_or_repository_pdf_else_abstract,no_active_pdf,
10.1007/s40519-020-01000-8,"[""quarantined""]",quarantined_no_canonical_artifact,,,,/Users/frank/Library/CloudStorage/Dropbox/projects/psychedelics_knowledge_graph/data/processed/fulltext/source_identity_quarantine_20260710/quarantined_artifacts/10_1007_s40519_020_01000_8.json,europepmc_fulltext_xml,,False,,,,0,[],[],[],"[""identity_mismatch""]",,wrong_cited_reference_pmcid,10.12688/f1000research.19997.2,The use of electron microscopy in the diagnosis of focal segmental glomerulosclerosis: are current pathological techniques missing important abnormalities in the glomerular basement membrane?,0.2318,no_correct_pmc_xml:validated_publisher_or_repository_pdf_else_abstract,no_active_pdf,
10.1007/s43440-021-00342-z,"[""quarantined""]",quarantined_no_canonical_artifact,,,,/Users/frank/Library/CloudStorage/Dropbox/projects/psychedelics_knowledge_graph/data/processed/fulltext/source_identity_quarantine_20260710/quarantined_artifacts/10_1007_s43440_021_00342_z.json,pmc_oai_xml,,False,,,,0,[],[],[],"[""identity_mismatch""]",,wrong_cited_reference_pmcid,10.1016/j.molcel.2010.09.026,"Regulation of the mTOR complex 1 pathway by nutrients, growth factors, and stress",0.2732,no_correct_pmc_xml:validated_publisher_or_repository_pdf_else_abstract,no_active_pdf,
10.1007/s43440-024-00588-3,"[""quarantined""]",quarantined_no_canonical_artifact,,,,/Users/frank/Library/CloudStorage/Dropbox/projects/psychedelics_knowledge_graph/data/processed/fulltext/source_identity_quarantine_20260710/quarantined_artifacts/10_1007_s43440_024_00588_3.json,pmc_oai_xml,,False,,,,0,[],[],[],"[""identity_mismatch""]",,wrong_cited_reference_pmcid,10.3389/fnins.2021.700822,Partial mGlu 5 Negative Allosteric Modulator M-5MPEP Demonstrates Antidepressant-Like Effects on Sleep Without Affecting Cognition or Quantitative EEG,0.4698,no_correct_pmc_xml:validated_publisher_or_repository_pdf_else_abstract,no_active_pdf,
10.1007/s43440-025-00808-4,"[""quarantined""]",quarantined_no_canonical_artifact,,,,/Users/frank/Library/CloudStorage/Dropbox/projects/psychedelics_knowledge_graph/data/processed/fulltext/source_identity_quarantine_20260710/quarantined_artifacts/10_1007_s43440_025_00808_4.json,europepmc_fulltext_xml,,False,,,,0,[],[],[],"[""identity_mismatch""]",,wrong_cited_reference_pmcid,10.1038/s41398-018-0161-3,mGluR5 mediates post-radiotherapy fatigue development in cancer patients,0.3164,no_correct_pmc_xml:validated_publisher_or_repository_pdf_else_abstract,no_active_pdf,
10.1016/j.annemergmed.2006.09.018,"[""quarantined""]",quarantined_no_canonical_artifact,,,,/Users/frank/Library/CloudStorage/Dropbox/projects/psychedelics_knowledge_graph/data/processed/fulltext/source_identity_quarantine_20260710/quarantined_artifacts/10_1016_j_annemergmed_2006_09_018.json,grobid,/Users/frank/Library/CloudStorage/Dropbox/projects/psychedelics_knowledge_graph/data/raw/papers/pdfs/10.1016_j.annemergmed.2006.09.018__2ebea80ced.pdf,False,,,,0,[],[],[],"[""identity_unverified""]",,,,,,,no_active_pdf,
10.1016/j.banm.2020.09.039,"[""replaced""]",replaced_by_verified_exact_jats,/Users/frank/Library/CloudStorage/Dropbox/projects/psychedelics_knowledge_graph/data/processed/fulltext/articles/10_1016_j_banm_2020_09_039.json,europepmc_fulltext_xml,verified_exact_doi,/Users/frank/Library/CloudStorage/Dropbox/projects/psychedelics_knowledge_graph/data/processed/fulltext/source_identity_quarantine_20260710/replaced_artifacts/10_1016_j_banm_2020_09_039.json,grobid,/Users/frank/Library/CloudStorage/Dropbox/projects/psychedelics_knowledge_graph/data/raw/papers/disorder/pdfs/10.1016_j.banm.2020.09.039__0993c7f693.pdf,False,True,/Users/frank/Library/CloudStorage/Dropbox/projects/psychedelics_knowledge_graph/data/raw/papers/pdfs/10.1016_j.banm.2020.09.039__0993c7f693.pdf,6d0e54578c831338d7a964bf75a53977d4264b7452a6829e4110e6ba83d215b0,1177814,[],"[{""row_index"": 9099, ""doi"": ""10.1016/j.banm.2020.09.039"", ""pdf_download_status"": ""downloaded"", ""flag_has_local_pdf"": true, ""has_converted_full_text"": true, ""fulltext_artifact_paths"": ""/Users/frank/Library/CloudStorage/Dropbox/projects/psychedelics_knowledge_graph/data/processed/fulltext/articles/10_1016_j_banm_2020_09_039.json"", ""fields"": [""local_pdf_paths"", ""pdf_local_path""]}]",[],[],,unresolved,10.1016/j.banm.2020.09.038,Disponible en ligne sur,0.2278,refetch_europepmc_jats:9977542,quarantine_candidate_clear_candidate_references,[]
10.1016/j.bpsc.2021.10.005,"[""quarantined"", ""replaced""]",quarantined_no_canonical_artifact,,,,/Users/frank/Library/CloudStorage/Dropbox/projects/psychedelics_knowledge_graph/data/processed/fulltext/source_identity_quarantine_20260710/quarantined_artifacts/10_1016_j_bpsc_2021_10_005.json,grobid,/Users/frank/Library/CloudStorage/Dropbox/projects/psychedelics_knowledge_graph/data/raw/papers/pdfs/10.1016_j.bpsc.2021.10.005__8644f73b31.pdf,False,,,,0,[],[],[],"[""identity_unverified""]",,,,,,,no_active_pdf,
10.1016/j.cub.2012.02.033,"[""quarantined""]",quarantined_no_canonical_artifact,,,,/Users/frank/Library/CloudStorage/Dropbox/projects/psychedelics_knowledge_graph/data/processed/fulltext/source_identity_quarantine_20260710/quarantined_artifacts/10_1016_j_cub_2012_02_033.json,grobid,/Users/frank/Library/CloudStorage/Dropbox/projects/psychedelics_knowledge_graph/data/raw/papers/pdfs/10.1016_j.cub.2012.02.033__171fb11607.pdf,False,,,,0,[],[],[],"[""identity_mismatch""]",repository_or_nested_document,,,,,,no_active_pdf,
10.1016/j.drugpo.2014.07.004,"[""quarantined""]",quarantined_no_canonical_artifact,,,,/Users/frank/Library/CloudStorage/Dropbox/projects/psychedelics_knowledge_graph/data/processed/fulltext/source_identity_quarantine_20260710/quarantined_artifacts/10_1016_j_drugpo_2014_07_004.json,grobid,/Users/frank/Library/CloudStorage/Dropbox/projects/psychedelics_knowledge_graph/data/raw/papers/pdfs/10.1016_j.drugpo.2014.07.004__1949d90567.pdf,False,,,,0,[],[],[],"[""identity_unverified""]",no_header_wrong_or_ancillary,,,,,,no_active_pdf,
10.1016/j.eurpsy.2016.01.1060,"[""quarantined""]",quarantined_no_canonical_artifact,,,,/Users/frank/Library/CloudStorage/Dropbox/projects/psychedelics_knowledge_graph/data/processed/fulltext/source_identity_quarantine_20260710/quarantined_artifacts/10_1016_j_eurpsy_2016_01_1060.json,grobid,/Users/frank/Library/CloudStorage/Dropbox/projects/psychedelics_knowledge_graph/data/raw/papers/pdfs/10.1016_j.eurpsy.2016.01.1060__c8bc54a4f1.pdf,False,,,,0,[],[],[],"[""target_text_with_conflicting_doi"", ""unsegmented_proceedings_container""]",proceedings_container,,,,,,no_active_pdf,
10.1016/j.eurpsy.2017.11.007,"[""quarantined""]",quarantined_no_canonical_artifact,,,,/Users/frank/Library/CloudStorage/Dropbox/projects/psychedelics_knowledge_graph/data/processed/fulltext/source_identity_quarantine_20260710/quarantined_artifacts/10_1016_j_eurpsy_2017_11_007.json,grobid,/Users/frank/Library/CloudStorage/Dropbox/projects/psychedelics_knowledge_graph/data/raw/papers/mechanistic/pdfs/10.1016_j.eurpsy.2017.11.007__f6ffd1539b.pdf,False,True,/Users/frank/Library/CloudStorage/Dropbox/projects/psychedelics_knowledge_graph/data/raw/papers/pdfs/10.1016_j.eurpsy.2017.11.007__f6ffd1539b.pdf,cd005b28aa6f1ccb45a2630ad1c48c1c870481817bb749d71e9b4f4dbf46cd43,3464442,[],"[{""row_index"": 11753, ""doi"": ""10.1016/j.eurpsy.2017.11.007"", ""pdf_download_status"": ""source_identity_quarantined"", ""flag_has_local_pdf"": false, ""has_converted_full_text"": false, ""fulltext_artifact_paths"": """", ""fields"": [""local_pdf_paths""]}]",[],"[""unsegmented_proceedings_container""]",proceedings_container,,,,,,quarantine_candidate_clear_candidate_references,[]
10.1016/j.forsciint.2005.04.019,"[""quarantined""]",quarantined_no_canonical_artifact,,,,/Users/frank/Library/CloudStorage/Dropbox/projects/psychedelics_knowledge_graph/data/processed/fulltext/source_identity_quarantine_20260710/quarantined_artifacts/10_1016_j_forsciint_2005_04_019.json,grobid,/Users/frank/Library/CloudStorage/Dropbox/projects/psychedelics_knowledge_graph/data/raw/papers/pdfs/10.1016_j.forsciint.2005.04.019__b6312f684d.pdf,False,,,,0,[],[],[],"[""identity_unverified""]",no_header_wrong_or_ancillary,,,,,,no_active_pdf,
10.1016/j.jpain.2016.01.394,"[""quarantined""]",quarantined_no_canonical_artifact,,,,/Users/frank/Library/CloudStorage/Dropbox/projects/psychedelics_knowledge_graph/data/processed/fulltext/source_identity_quarantine_20260710/quarantined_artifacts/10_1016_j_jpain_2016_01_394.json,grobid,/Users/frank/Library/CloudStorage/Dropbox/projects/psychedelics_knowledge_graph/data/raw/papers/pdfs/10.1016_j.jpain.2016.01.394__dfd7734bfd.pdf,False,,,,0,[],[],[],"[""identity_unverified""]",,,,,,,no_active_pdf,
10.1016/j.neuropharm.2015.09.004,"[""quarantined"", ""replaced""]",quarantined_no_canonical_artifact,,,,/Users/frank/Library/CloudStorage/Dropbox/projects/psychedelics_knowledge_graph/data/processed/fulltext/source_identity_quarantine_20260710/quarantined_artifacts/10_1016_j_neuropharm_2015_09_004.json,grobid,/Users/frank/Library/CloudStorage/Dropbox/projects/psychedelics_knowledge_graph/data/raw/papers/pdfs/10.1016_j.neuropharm.2015.09.004__94d8c9c2b8.pdf,False,,,,0,[],[],[],"[""identity_unverified""]",,,,,,,no_active_pdf,
10.1016/j.neuropharm.2016.08.004,"[""replaced""]",replaced_by_verified_exact_jats,/Users/frank/Library/CloudStorage/Dropbox/projects/psychedelics_knowledge_graph/data/processed/fulltext/articles/10_1016_j_neuropharm_2016_08_004.json,europepmc_fulltext_xml,verified_exact_doi,/Users/frank/Library/CloudStorage/Dropbox/projects/psychedelics_knowledge_graph/data/processed/fulltext/source_identity_quarantine_20260710/replaced_artifacts/10_1016_j_neuropharm_2016_08_004.json,grobid,/Users/frank/Library/CloudStorage/Dropbox/projects/psychedelics_knowledge_graph/data/raw/papers/mechanistic/pdfs/10.1016_j.neuropharm.2016.08.004__f6400810c0.pdf,False,True,/Users/frank/Library/CloudStorage/Dropbox/projects/psychedelics_knowledge_graph/data/raw/papers/pdfs/10.1016_j.neuropharm.2016.08.004__f6400810c0.pdf,71d6c2ef085cb4997a0d9e16be4bda7add2825bb09acb17c015d7ee4df705ab8,2034082,[],"[{""row_index"": 14301, ""doi"": ""10.1016/j.neuropharm.2016.08.004"", ""pdf_download_status"": ""already_present"", ""flag_has_local_pdf"": true, ""has_converted_full_text"": true, ""fulltext_artifact_paths"": ""/Users/frank/Library/CloudStorage/Dropbox/projects/psychedelics_knowledge_graph/data/processed/fulltext/articles/10_1016_j_neuropharm_2016_08_004.json"", ""fields"": [""local_pdf_paths"", ""pdf_local_path""]}]",[],[],,unresolved,,Elsevier Editorial System(tm) for Neuropharmacology Manuscript Draft,0.1887,refetch_europepmc_jats:5084681,quarantine_candidate_clear_candidate_references,[]
10.1016/s0893-133x(99)00006-8,"[""quarantined""]",quarantined_no_canonical_artifact,,,,/Users/frank/Library/CloudStorage/Dropbox/projects/psychedelics_knowledge_graph/data/processed/fulltext/source_identity_quarantine_20260710/quarantined_artifacts/10_1016_s0893_133x_99_00006_8.json,grobid,/Users/frank/Library/CloudStorage/Dropbox/projects/psychedelics_knowledge_graph/data/raw/papers/pdfs/10.1016_s0893-133x_99_00006-8__527b1b1c95.pdf,False,,,,0,[],[],[],"[""identity_unverified""]",no_header_wrong_or_ancillary,,,,,,no_active_pdf,
10.1016/s0924-9338(09)70667-4,"[""quarantined""]",quarantined_no_canonical_artifact,,,,/Users/frank/Library/CloudStorage/Dropbox/projects/psychedelics_knowledge_graph/data/processed/fulltext/source_identity_quarantine_20260710/quarantined_artifacts/10_1016_s0924_9338_09_70667_4.json,grobid,/Users/frank/Library/CloudStorage/Dropbox/projects/psychedelics_knowledge_graph/data/raw/papers/mechanistic/pdfs/10.1016_s0924-9338_09_70667-4__f758bed462.pdf,False,True,/Users/frank/Library/CloudStorage/Dropbox/projects/psychedelics_knowledge_graph/data/raw/papers/pdfs/10.1016_s0924-9338_09_70667-4__f758bed462.pdf,62676490e828697256ddb56acd17551a6892853610230e3a8c1e86ab07451655,40733,[],"[{""row_index"": 17890, ""doi"": ""10.1016/s0924-9338(09)70667-4"", ""pdf_download_status"": ""source_identity_quarantined"", ""flag_has_local_pdf"": false, ""has_converted_full_text"": false, ""fulltext_artifact_paths"": """", ""fields"": [""local_pdf_paths""]}, {""row_index"": 17903, ""doi"": ""10.1016/s0924-9338/09/70667-4"", ""pdf_download_status"": """", ""flag_has_local_pdf"": true, ""has_converted_full_text"": false, ""fulltext_artifact_paths"": """", ""fields"": [""local_pdf_paths"", ""pdf_local_path""]}]","[""10.1016/s0924-9338/09/70667-4""]","[""unsegmented_proceedings_container""]",proceedings_container,,,,,,manual_review_cross_doi_candidate_reference,[]
10.1016/s0924-9338(15)30573-3,"[""quarantined""]",quarantined_no_canonical_artifact,,,,/Users/frank/Library/CloudStorage/Dropbox/projects/psychedelics_knowledge_graph/data/processed/fulltext/source_identity_quarantine_20260710/quarantined_artifacts/10_1016_s0924_9338_15_30573_3.json,grobid,/Users/frank/Library/CloudStorage/Dropbox/projects/psychedelics_knowledge_graph/data/raw/papers/pdfs/10.1016_s0924-9338_15_30573-3__c30e1994fb.pdf,False,,,,0,[],[],[],"[""target_text_with_conflicting_doi"", ""unsegmented_proceedings_container""]",proceedings_container,valid_known_alias,10.1038/npp.2016.184,Temporal Dynamics of Antidepressant Ketamine Effects on Glutamine Cycling Follow Regional Fingerprints of AMPA and NMDA Receptor Densities,1.0,keep_current_artifact,no_active_pdf,
10.1016/s2215-0366(18)30170-6,"[""quarantined""]",quarantined_no_canonical_artifact,,,,/Users/frank/Library/CloudStorage/Dropbox/projects/psychedelics_knowledge_graph/data/processed/fulltext/source_identity_quarantine_20260710/quarantined_artifacts/10_1016_s2215_0366_18_30170_6.json,grobid,/Users/frank/Library/CloudStorage/Dropbox/projects/psychedelics_knowledge_graph/data/raw/papers/disorder/pdfs/10.1016_s2215-0366_18_30170-6__cb34e02700.pdf,False,True,/Users/frank/Library/CloudStorage/Dropbox/projects/psychedelics_knowledge_graph/data/raw/papers/pdfs/10.1016_s2215-0366_18_30170-6__cb34e02700.pdf,693116e03177626944cb3adfd94b1b8b657a7e4840d51e9198188ba4e8e8a2cc,149869,[],"[{""row_index"": 18240, ""doi"": ""10.1016/s2215-0366(18)30170-6"", ""pdf_download_status"": ""source_identity_quarantined"", ""flag_has_local_pdf"": false, ""has_converted_full_text"": false, ""fulltext_artifact_paths"": """", ""fields"": [""local_pdf_paths""]}, {""row_index"": 18279, ""doi"": ""10.1016/s2215-0366/18/30170-6"", ""pdf_download_status"": """", ""flag_has_local_pdf"": true, ""has_converted_full_text"": false, ""fulltext_artifact_paths"": """", ""fields"": [""local_pdf_paths"", ""pdf_local_path""]}]","[""10.1016/s2215-0366/18/30170-6""]","[""identity_unverified""]",,,,,,,manual_review_cross_doi_candidate_reference,[]
10.1017/cts.2019.110,"[""quarantined""]",quarantined_no_canonical_artifact,,,,/Users/frank/Library/CloudStorage/Dropbox/projects/psychedelics_knowledge_graph/data/processed/fulltext/source_identity_quarantine_20260710/quarantined_artifacts/10_1017_cts_2019_110.json,grobid,/Users/frank/Library/CloudStorage/Dropbox/projects/psychedelics_knowledge_graph/data/raw/papers/disorder/pdfs/10.1017_cts.2019.110__344177d856.pdf,False,True,/Users/frank/Library/CloudStorage/Dropbox/projects/psychedelics_knowledge_graph/data/raw/papers/pdfs/10.1017_cts.2019.110__344177d856.pdf,cf71eab7bedc63490675dc65294247b88fe93802a1463db8a6325136d5a54237,44387,[],"[{""row_index"": 18417, ""doi"": ""10.1017/cts.2019.110"", ""pdf_download_status"": ""source_identity_quarantined"", ""flag_has_local_pdf"": false, ""has_converted_full_text"": false, ""fulltext_artifact_paths"": """", ""fields"": [""local_pdf_paths""]}]",[],"[""unsegmented_proceedings_container""]",proceedings_container,valid_exact,,Heart Rate Variability as a Predictor of Post-Operative Cognitive Dysfunction in Older Adults,0.3398,keep_current_artifact,quarantine_candidate_clear_candidate_references,[]
10.1017/cts.2019.99,"[""quarantined""]",quarantined_no_canonical_artifact,,,,/Users/frank/Library/CloudStorage/Dropbox/projects/psychedelics_knowledge_graph/data/processed/fulltext/source_identity_quarantine_20260710/quarantined_artifacts/10_1017_cts_2019_99.json,grobid,/Users/frank/Library/CloudStorage/Dropbox/projects/psychedelics_knowledge_graph/data/raw/papers/disorder/pdfs/10.1017_cts.2019.99__fbcc59f6e2.pdf,False,True,/Users/frank/Library/CloudStorage/Dropbox/projects/psychedelics_knowledge_graph/data/raw/papers/pdfs/10.1017_cts.2019.99__fbcc59f6e2.pdf,a23b5af20a655960ae01b42b572e2fe46b4264b71b4cb395e1978d034e811b81,78601,[],"[{""row_index"": 18418, ""doi"": ""10.1017/cts.2019.99"", ""pdf_download_status"": ""source_identity_quarantined"", ""flag_has_local_pdf"": false, ""has_converted_full_text"": false, ""fulltext_artifact_paths"": """", ""fields"": [""local_pdf_paths""]}]",[],"[""unsegmented_proceedings_container""]",proceedings_container,,,,,,quarantine_candidate_clear_candidate_references,[]
10.1017/cts.2024.274,"[""quarantined""]",quarantined_no_canonical_artifact,,,,/Users/frank/Library/CloudStorage/Dropbox/projects/psychedelics_knowledge_graph/data/processed/fulltext/source_identity_quarantine_20260710/quarantined_artifacts/10_1017_cts_2024_274.json,grobid,/Users/frank/Library/CloudStorage/Dropbox/projects/psychedelics_knowledge_graph/data/raw/papers/disorder/pdfs/10.1017_cts.2024.274__177d30c403.pdf,False,True,/Users/frank/Library/CloudStorage/Dropbox/projects/psychedelics_knowledge_graph/data/raw/papers/pdfs/10.1017_cts.2024.274__177d30c403.pdf,393d2533e4a7ed55a011f40ab9b770b17c075d839d892b49b783b0cad736a36d,65581,[],"[{""row_index"": 18422, ""doi"": ""10.1017/cts.2024.274"", ""pdf_download_status"": ""source_identity_quarantined"", ""flag_has_local_pdf"": false, ""has_converted_full_text"": false, ""fulltext_artifact_paths"": """", ""fields"": [""local_pdf_paths""]}]",[],"[""unsegmented_proceedings_container""]",proceedings_container,valid_exact,10.1017/cts.2024.274,Informatics and Data Science 298 Improving AI Assessment of Cutaneous Chronic Graft-Versus-Host Disease using Unlabeled Patient Photographs †,0.242,keep_current_artifact,quarantine_candidate_clear_candidate_references,[]
10.1017/cts.2024.387,"[""replaced""]",replaced_by_verified_exact_jats,/Users/frank/Library/CloudStorage/Dropbox/projects/psychedelics_knowledge_graph/data/processed/fulltext/articles/10_1017_cts_2024_387.json,europepmc_fulltext_xml,verified_exact_doi,/Users/frank/Library/CloudStorage/Dropbox/projects/psychedelics_knowledge_graph/data/processed/fulltext/source_identity_quarantine_20260710/replaced_artifacts/10_1017_cts_2024_387.json,grobid,/Users/frank/Library/CloudStorage/Dropbox/projects/psychedelics_knowledge_graph/data/raw/papers/pdfs/10.1017_cts.2024.387__14c7545e1f.pdf,True,True,/Users/frank/Library/CloudStorage/Dropbox/projects/psychedelics_knowledge_graph/data/raw/papers/pdfs/10.1017_cts.2024.387__14c7545e1f.pdf,6e47b8edc5466680abb6b99be2d790065c02d1e243be32dad3eb1a8d1a8ac4f6,34432,[],"[{""row_index"": 18423, ""doi"": ""10.1017/cts.2024.387"", ""pdf_download_status"": ""skipped"", ""flag_has_local_pdf"": true, ""has_converted_full_text"": false, ""fulltext_artifact_paths"": """", ""fields"": [""local_pdf_paths"", ""pdf_local_path""]}]",[],[],,unresolved,,Identification of candidate sudden arrhythmic deathcausing variants in a spontaneous animal model,0.3284,refetch_europepmc_jats:11035185,quarantine_candidate_clear_candidate_references,[]
10.1038/mp.2017.219,"[""quarantined""]",quarantined_no_canonical_artifact,,,,/Users/frank/Library/CloudStorage/Dropbox/projects/psychedelics_knowledge_graph/data/processed/fulltext/source_identity_quarantine_20260710/quarantined_artifacts/10_1038_mp_2017_219.json,pmc_oai_xml,,False,,,,0,[],[],[],"[""identity_mismatch""]",,wrong_cited_reference_pmcid,10.1001/jama.2015.15845,Prevalence of Depression and Depressive Symptoms Among Resident Physicians A Systematic Review and Meta-analysis,0.3288,no_correct_pmc_xml:validated_publisher_or_repository_pdf_else_abstract,no_active_pdf,
10.1038/s41380-018-0256-5,"[""quarantined""]",quarantined_no_canonical_artifact,,,,/Users/frank/Library/CloudStorage/Dropbox/projects/psychedelics_knowledge_graph/data/processed/fulltext/source_identity_quarantine_20260710/quarantined_artifacts/10_1038_s41380_018_0256_5.json,grobid,/Users/frank/Library/CloudStorage/Dropbox/projects/psychedelics_knowledge_graph/data/raw/papers/disorder/pdfs/10.1038_s41380-018-0256-5__c39e79da12.pdf,False,True,/Users/frank/Library/CloudStorage/Dropbox/projects/psychedelics_knowledge_graph/data/raw/papers/pdfs/10.1038_s41380-018-0256-5__c39e79da12.pdf,e39e6c797ef7cb0aeb2d18a5dd9918aa709384ec301592a2beaeefc427d87f19,234705,[],"[{""row_index"": 21417, ""doi"": ""10.1038/s41380-018-0256-5"", ""pdf_download_status"": ""source_identity_quarantined"", ""flag_has_local_pdf"": false, ""has_converted_full_text"": false, ""fulltext_artifact_paths"": """", ""fields"": [""local_pdf_paths""]}]",[],"[""main_article_points_to_correction""]",correction_or_erratum,valid_known_alias,10.1038/s41380-018-0311-2,"Correction: Double-blind, placebo-controlled, dose-ranging trial of intravenous ketamine as adjunctive therapy in treatment-resistant depression (TRD)",0.9583,keep_current_artifact,quarantine_candidate_clear_candidate_references,[]
10.1038/s41380-020-0793-6,"[""quarantined""]",quarantined_no_canonical_artifact,,,,/Users/frank/Library/CloudStorage/Dropbox/projects/psychedelics_knowledge_graph/data/processed/fulltext/source_identity_quarantine_20260710/quarantined_artifacts/10_1038_s41380_020_0793_6.json,europepmc_fulltext_xml,,False,,,,0,[],[],[],"[""identity_mismatch""]",,wrong_cited_reference_pmcid,10.3389/fpsyt.2014.00149,Long-Term Heavy Ketamine Use is Associated with Spatial Memory Impairment and Altered Hippocampal Activation,0.2692,no_correct_pmc_xml:validated_publisher_or_repository_pdf_else_abstract,no_active_pdf,
10.1038/s41380-023-02008-z,"[""quarantined""]",quarantined_no_canonical_artifact,,,,/Users/frank/Library/CloudStorage/Dropbox/projects/psychedelics_knowledge_graph/data/processed/fulltext/source_identity_quarantine_20260710/quarantined_artifacts/10_1038_s41380_023_02008_z.json,europepmc_fulltext_xml,,False,,,,0,[],[],[],"[""identity_mismatch""]",,wrong_cited_reference_pmcid,10.1038/nature14659,Sparse whole genome sequencing identifies two loci for major depressive disorder,0.2353,no_correct_pmc_xml:validated_publisher_or_repository_pdf_else_abstract,no_active_pdf,
10.1038/s41380-023-02280-z,"[""replaced""]",retained_verified_canonical_artifact,/Users/frank/Library/CloudStorage/Dropbox/projects/psychedelics_knowledge_graph/data/processed/fulltext/articles/10_1038_s41380_023_02280_z.json,grobid,verified_exact_doi,/Users/frank/Library/CloudStorage/Dropbox/projects/psychedelics_knowledge_graph/data/processed/fulltext/source_identity_quarantine_20260710/replaced_artifacts/10_1038_s41380_023_02280_z.json,grobid,/Users/frank/Library/CloudStorage/Dropbox/projects/psychedelics_knowledge_graph/data/raw/papers/disorder/pdfs/10.1038_s41380-023-02280-z__b2130b1a67.pdf,False,True,/Users/frank/Library/CloudStorage/Dropbox/projects/psychedelics_knowledge_graph/data/raw/papers/pdfs/10.1038_s41380-023-02280-z__b2130b1a67.pdf,eb3c0d8492ad34860350b9af2f7fd9ce0e5b08657c1f12a0c77842ceb21ac2a7,1016110,"[""10.1038/s41380-023-02280-z""]","[{""row_index"": 21498, ""doi"": ""10.1038/s41380-023-02280-z"", ""pdf_download_status"": ""downloaded"", ""flag_has_local_pdf"": true, ""has_converted_full_text"": true, ""fulltext_artifact_paths"": ""/Users/frank/Library/CloudStorage/Dropbox/projects/psychedelics_knowledge_graph/data/processed/fulltext/articles/10_1038_s41380_023_02280_z.json"", ""fields"": [""local_pdf_paths"", ""pdf_local_path""]}]",[],[],,wrong_cited_reference_pmcid,10.1177/02698811211073759,Efficacy and safety of psilocybin-assisted treatment for major depressive disorder: Prospective 12-month follow-up,0.3484,no_correct_pmc_xml:validated_publisher_or_repository_pdf_else_abstract,retain_validated_pdf,
10.1038/s41380-023-02312-8,"[""quarantined""]",quarantined_no_canonical_artifact,,,,/Users/frank/Library/CloudStorage/Dropbox/projects/psychedelics_knowledge_graph/data/processed/fulltext/source_identity_quarantine_20260710/quarantined_artifacts/10_1038_s41380_023_02312_8.json,pmc_oai_xml,,False,,,,0,[],[],[],"[""identity_mismatch""]",,wrong_cited_reference_pmcid,10.1016/j.conb.2012.01.007,Synaptic plasticity of NMDA receptors: mechanisms and functional implications,0.3396,no_correct_pmc_xml:validated_publisher_or_repository_pdf_else_abstract,no_active_pdf,
10.1038/s41380-023-02360-0,"[""quarantined""]",quarantined_no_canonical_artifact,,,,/Users/frank/Library/CloudStorage/Dropbox/projects/psychedelics_knowledge_graph/data/processed/fulltext/source_identity_quarantine_20260710/quarantined_artifacts/10_1038_s41380_023_02360_0.json,grobid,/Users/frank/Library/CloudStorage/Dropbox/projects/psychedelics_knowledge_graph/data/raw/papers/mechanistic/pdfs/10.1038_s41380-023-02360-0__4684440d6a.pdf,False,True,/Users/frank/Library/CloudStorage/Dropbox/projects/psychedelics_knowledge_graph/data/raw/papers/pdfs/10.1038_s41380-023-02360-0__4684440d6a.pdf,4c92417709c1d2c238ddee32f3566472352ba5c3731bd0114cea0dc8cbd0cc4f,608454,[],"[{""row_index"": 21505, ""doi"": ""10.1038/s41380-023-02360-0"", ""pdf_download_status"": ""source_identity_quarantined"", ""flag_has_local_pdf"": false, ""has_converted_full_text"": false, ""fulltext_artifact_paths"": """", ""fields"": [""local_pdf_paths""]}]",[],"[""identity_mismatch""]",,wrong_cited_reference_pmcid,10.1055/a-1721-2914,,,no_correct_pmc_xml:validated_publisher_or_repository_pdf_else_abstract,quarantine_candidate_clear_candidate_references,[]
10.1038/s41380-023-02380-w,"[""quarantined""]",quarantined_no_canonical_artifact,,,,/Users/frank/Library/CloudStorage/Dropbox/projects/psychedelics_knowledge_graph/data/processed/fulltext/source_identity_quarantine_20260710/quarantined_artifacts/10_1038_s41380_023_02380_w.json,europepmc_fulltext_xml,,False,,,,0,[],[],[],"[""identity_mismatch""]",,wrong_cited_reference_pmcid,10.1007/s00429-023-02644-9,"Emotion, motivation, decision-making, the orbitofrontal cortex, anterior cingulate cortex, and the amygdala",0.4646,no_correct_pmc_xml:validated_publisher_or_repository_pdf_else_abstract,no_active_pdf,
10.1038/s41380-024-02655-w,"[""quarantined""]",quarantined_no_canonical_artifact,,,,/Users/frank/Library/CloudStorage/Dropbox/projects/psychedelics_knowledge_graph/data/processed/fulltext/source_identity_quarantine_20260710/quarantined_artifacts/10_1038_s41380_024_02655_w.json,europepmc_fulltext_xml,,False,,,,0,[],[],[],"[""identity_mismatch""]",,wrong_cited_reference_pmcid,10.1017/s0033291718001356,Rapid antidepressant effects of the psychedelic ayahuasca in treatment-resistant depression: a randomized placebo-controlled trial,0.3516,no_correct_pmc_xml:validated_publisher_or_repository_pdf_else_abstract,no_active_pdf,
10.1038/s41380-025-03100-2,"[""quarantined""]",quarantined_no_canonical_artifact,,,,/Users/frank/Library/CloudStorage/Dropbox/projects/psychedelics_knowledge_graph/data/processed/fulltext/source_identity_quarantine_20260710/quarantined_artifacts/10_1038_s41380_025_03100_2.json,europepmc_fulltext_xml,,False,,,,0,[],[],[],"[""identity_mismatch""]",,wrong_cited_reference_pmcid,10.1186/s12913-020-05153-1,Cost analysis of depression using the national insurance system in South Korea: a comparison of depression and treatment-resistant depression,0.25,no_correct_pmc_xml:validated_publisher_or_repository_pdf_else_abstract,no_active_pdf,
10.1038/s41380-025-03168-w,"[""quarantined""]",quarantined_no_canonical_artifact,,,,/Users/frank/Library/CloudStorage/Dropbox/projects/psychedelics_knowledge_graph/data/processed/fulltext/source_identity_quarantine_20260710/quarantined_artifacts/10_1038_s41380_025_03168_w.json,pmc_oai_xml,,False,,,,0,[],[],[],"[""identity_mismatch""]",,wrong_cited_reference_pmcid,10.1176/appi.ajp.2013.12060782,DSM-5 Criteria for Substance Use Disorders: Recommendations and Rationale,0.3354,no_correct_pmc_xml:validated_publisher_or_repository_pdf_else_abstract,no_active_pdf,
10.1038/s41380-025-03320-6,"[""quarantined""]",quarantined_no_canonical_artifact,,,,/Users/frank/Library/CloudStorage/Dropbox/projects/psychedelics_knowledge_graph/data/processed/fulltext/source_identity_quarantine_20260710/quarantined_artifacts/10_1038_s41380_025_03320_6.json,grobid,/Users/frank/Library/CloudStorage/Dropbox/projects/psychedelics_knowledge_graph/data/raw/papers/disorder/pdfs/10.1038_s41380-025-03320-6__427c3950a1.pdf,False,True,/Users/frank/Library/CloudStorage/Dropbox/projects/psychedelics_knowledge_graph/data/raw/papers/pdfs/10.1038_s41380-025-03320-6__427c3950a1.pdf,ea5d2b34f9be33c17345a12d06ff4f5ba3f8261f935f96ec77fa47ecee80616b,5925564,[],"[{""row_index"": 21585, ""doi"": ""10.1038/s41380-025-03320-6"", ""pdf_download_status"": ""source_identity_quarantined"", ""flag_has_local_pdf"": false, ""has_converted_full_text"": false, ""fulltext_artifact_paths"": """", ""fields"": [""local_pdf_paths""]}]",[],"[""identity_mismatch""]",,wrong_cited_reference_pmcid,10.1093/ijnp/pyad050,(S)-Ketamine but Not (R)-Ketamine Shows Acute Effects on Depression-Like Behavior and Sleep-Wake Architecture in Rats,0.313,no_correct_pmc_xml:validated_publisher_or_repository_pdf_else_abstract,quarantine_candidate_clear_candidate_references,[]
10.1038/s41380-025-03329-x,"[""quarantined""]",quarantined_no_canonical_artifact,,,,/Users/frank/Library/CloudStorage/Dropbox/projects/psychedelics_knowledge_graph/data/processed/fulltext/source_identity_quarantine_20260710/quarantined_artifacts/10_1038_s41380_025_03329_x.json,pmc_oai_xml,,False,,,,0,[],[],[],"[""identity_mismatch""]",,wrong_cited_reference_pmcid,10.1007/s11682-020-00417-0,A global collaboration to study intimate partner violence-related head trauma: The ENIGMA consortium IPV working group,0.4453,no_correct_pmc_xml:validated_publisher_or_repository_pdf_else_abstract,no_active_pdf,
10.1038/s41380-025-03338-w,"[""quarantined""]",quarantined_no_canonical_artifact,,,,/Users/frank/Library/CloudStorage/Dropbox/projects/psychedelics_knowledge_graph/data/processed/fulltext/source_identity_quarantine_20260710/quarantined_artifacts/10_1038_s41380_025_03338_w.json,europepmc_fulltext_xml,,False,,,,0,[],[],[],"[""identity_mismatch""]",,wrong_cited_reference_pmcid,10.1016/s0140-6736(17)32802-7,Comparative efficacy and acceptability of 21 antidepressant drugs for the acute treatment of adults with major depressive disorder: a systematic review and network meta-analysis,0.3003,no_correct_pmc_xml:validated_publisher_or_repository_pdf_else_abstract,no_active_pdf,
10.1038/s41380-026-03493-8,"[""replaced""]",replaced_by_verified_exact_jats,/Users/frank/Library/CloudStorage/Dropbox/projects/psychedelics_knowledge_graph/data/processed/fulltext/articles/10_1038_s41380_026_03493_8.json,europepmc_fulltext_xml,verified_exact_doi,/Users/frank/Library/CloudStorage/Dropbox/projects/psychedelics_knowledge_graph/data/processed/fulltext/source_identity_quarantine_20260710/replaced_artifacts/10_1038_s41380_026_03493_8.json,grobid,/Users/frank/Library/CloudStorage/Dropbox/projects/psychedelics_knowledge_graph/data/raw/papers/disorder/pdfs/10.1038_s41380-026-03493-8__ee744885ee.pdf,False,True,/Users/frank/Library/CloudStorage/Dropbox/projects/psychedelics_knowledge_graph/data/raw/papers/pdfs/10.1038_s41380-026-03493-8__ee744885ee.pdf,1be058cade1f5b0181f6a79051b29ee1e02226350baedfd2d0c94383e520c271,5543335,[],"[{""row_index"": 21597, ""doi"": ""10.1038/s41380-026-03493-8"", ""pdf_download_status"": ""downloaded"", ""flag_has_local_pdf"": true, ""has_converted_full_text"": true, ""fulltext_artifact_paths"": ""/Users/frank/Library/CloudStorage/Dropbox/projects/psychedelics_knowledge_graph/data/processed/fulltext/articles/10_1038_s41380_026_03493_8.json"", ""fields"": [""local_pdf_paths"", ""pdf_local_path""]}]",[],[],,stale_pmcid_now_correct,10.1111/bph.15753,Novel drug developmental strategies for treatment-resistant depression,0.5109,refetch_europepmc_jats:13269132,quarantine_candidate_clear_candidate_references,[]
10.1038/s41380-026-03575-7,"[""quarantined""]",quarantined_no_canonical_artifact,,,,/Users/frank/Library/CloudStorage/Dropbox/projects/psychedelics_knowledge_graph/data/processed/fulltext/source_identity_quarantine_20260710/quarantined_artifacts/10_1038_s41380_026_03575_7.json,europepmc_fulltext_xml,,False,,,,0,[],[],[],"[""identity_mismatch""]",,wrong_cited_reference_pmcid,10.1016/j.amepre.2022.05.014,Trends in U.S. Depression Prevalence From 2015 to 2020: The Widening Treatment Gap,0.2328,no_correct_pmc_xml:validated_publisher_or_repository_pdf_else_abstract,no_active_pdf,
10.1038/s41386-022-01485-0,"[""replaced""]",replaced_by_verified_exact_jats,/Users/frank/Library/CloudStorage/Dropbox/projects/psychedelics_knowledge_graph/data/processed/fulltext/articles/10_1038_s41386_022_01485_0.json,europepmc_fulltext_xml,verified_exact_doi,/Users/frank/Library/CloudStorage/Dropbox/projects/psychedelics_knowledge_graph/data/processed/fulltext/source_identity_quarantine_20260710/replaced_artifacts/10_1038_s41386_022_01485_0.json,docling,/Users/frank/Library/CloudStorage/Dropbox/projects/psychedelics_knowledge_graph/data/raw/papers/mechanistic/pdfs/10.1038_s41386-022-01485-0__ebbcd68ff9.pdf,False,True,/Users/frank/Library/CloudStorage/Dropbox/projects/psychedelics_knowledge_graph/data/raw/papers/pdfs/10.1038_s41386-022-01485-0__ebbcd68ff9.pdf,4b9f5d8f7f82031e68c063ddb5cba0bb09c6c5a595fc2d13f3b1d3cdc0c25ea9,4465031,[],"[{""row_index"": 21765, ""doi"": ""10.1038/s41386-022-01485-0"", ""pdf_download_status"": ""already_present"", ""flag_has_local_pdf"": true, ""has_converted_full_text"": false, ""fulltext_artifact_paths"": """", ""fields"": [""local_pdf_paths"", ""pdf_local_path""]}]",[],[],,unresolved,,,,refetch_europepmc_jats:9714399,quarantine_candidate_clear_candidate_references,[]
10.1038/s41386-026-02356-8,"[""replaced""]",replaced_by_verified_exact_jats,/Users/frank/Library/CloudStorage/Dropbox/projects/psychedelics_knowledge_graph/data/processed/fulltext/articles/10_1038_s41386_026_02356_8.json,europepmc_fulltext_xml,verified_exact_doi,/Users/frank/Library/CloudStorage/Dropbox/projects/psychedelics_knowledge_graph/data/processed/fulltext/source_identity_quarantine_20260710/replaced_artifacts/10_1038_s41386_026_02356_8.json,europepmc_fulltext_xml,,False,,,,0,[],[],[],[],,stale_pmcid_now_correct,10.1177/0269881116675513,Psilocybin produces substantial and sustained decreases in depression and anxiety in patients with life-threatening cancer: A randomized double-blind trial,0.1371,refetch_europepmc_jats:13212770,no_active_pdf,
10.1038/s41386-026-02371-9,"[""quarantined""]",quarantined_no_canonical_artifact,,,,/Users/frank/Library/CloudStorage/Dropbox/projects/psychedelics_knowledge_graph/data/processed/fulltext/source_identity_quarantine_20260710/quarantined_artifacts/10_1038_s41386_026_02371_9.json,pmc_oai_xml,,False,,,,0,[],[],[],"[""identity_mismatch""]",,stale_pmcid_now_correct,10.1007/s00127-016-1208-5,The Epidemiology of DSM-5 Posttraumatic Stress Disorder in the United States: Results from the National Epidemiologic Survey on Alcohol and Related Conditions-III,0.2083,no_reusable_direct_xml:validated_publisher_or_pmc_pdf_else_abstract,no_active_pdf,
10.1038/s41386-026-02428-9,"[""replaced""]",replaced_by_verified_exact_jats,/Users/frank/Library/CloudStorage/Dropbox/projects/psychedelics_knowledge_graph/data/processed/fulltext/articles/10_1038_s41386_026_02428_9.json,europepmc_fulltext_xml,verified_exact_doi,/Users/frank/Library/CloudStorage/Dropbox/projects/psychedelics_knowledge_graph/data/processed/fulltext/source_identity_quarantine_20260710/replaced_artifacts/10_1038_s41386_026_02428_9.json,europepmc_fulltext_xml,,False,,,,0,[],[],[],[],,stale_pmcid_now_correct,10.1038/s41591-021-01336-3,"MDMA-assisted therapy for severe PTSD: a randomized, double-blind, placebo-controlled phase 3 study",0.3087,refetch_europepmc_jats:13291353,no_active_pdf,
10.1038/s41386-026-02450-x,"[""quarantined""]",quarantined_no_canonical_artifact,,,,/Users/frank/Library/CloudStorage/Dropbox/projects/psychedelics_knowledge_graph/data/processed/fulltext/source_identity_quarantine_20260710/quarantined_artifacts/10_1038_s41386_026_02450_x.json,pmc_oai_xml,,False,,,,0,[],[],[],"[""identity_mismatch""]",,wrong_cited_reference_pmcid,10.1016/j.tics.2012.09.006,The social brain in psychiatric and neurological disorders,0.4247,no_correct_pmc_xml:validated_publisher_or_repository_pdf_else_abstract,no_active_pdf,
10.1038/s41397-026-00405-5,"[""quarantined""]",quarantined_no_canonical_artifact,,,,/Users/frank/Library/CloudStorage/Dropbox/projects/psychedelics_knowledge_graph/data/processed/fulltext/source_identity_quarantine_20260710/quarantined_artifacts/10_1038_s41397_026_00405_5.json,europepmc_fulltext_xml,,False,,,,0,[],[],[],"[""identity_mismatch""]",,wrong_cited_reference_pmcid,10.1186/1741-7015-9-90,Cross-national epidemiology of DSM-IV major depressive episode,0.2177,no_correct_pmc_xml:validated_publisher_or_repository_pdf_else_abstract,no_active_pdf,
10.1038/s41586-020-03047-0,"[""quarantined""]",quarantined_no_canonical_artifact,,,,/Users/frank/Library/CloudStorage/Dropbox/projects/psychedelics_knowledge_graph/data/processed/fulltext/source_identity_quarantine_20260710/quarantined_artifacts/10_1038_s41586_020_03047_0.json,pmc_oai_xml,,False,,,,0,[],[],[],"[""identity_mismatch""]",,wrong_cited_reference_pmcid,10.1126/science.aat8078,Sustained rescue of prefrontal circuit dysfunction by antidepressant-induced spine formation,0.3195,no_correct_pmc_xml:validated_publisher_or_repository_pdf_else_abstract,no_active_pdf,
10.1038/s41586-021-03769-9,"[""quarantined""]",quarantined_no_canonical_artifact,,,,/Users/frank/Library/CloudStorage/Dropbox/projects/psychedelics_knowledge_graph/data/processed/fulltext/source_identity_quarantine_20260710/quarantined_artifacts/10_1038_s41586_021_03769_9.json,europepmc_fulltext_xml,,False,,,,0,[],[],[],"[""identity_mismatch""]",,wrong_cited_reference_pmcid,10.1038/nature10130,NMDA Receptor Blockade at Rest Triggers Rapid Behavioural Antidepressant Responses,0.1972,no_correct_pmc_xml:validated_publisher_or_repository_pdf_else_abstract,no_active_pdf,
10.1038/s41586-022-04993-7,"[""quarantined""]",quarantined_no_canonical_artifact,,,,/Users/frank/Library/CloudStorage/Dropbox/projects/psychedelics_knowledge_graph/data/processed/fulltext/source_identity_quarantine_20260710/quarantined_artifacts/10_1038_s41586_022_04993_7.json,pmc_oai_xml,,False,,,,0,[],[],[],"[""identity_mismatch""]",,wrong_cited_reference_pmcid,10.1038/s41583-020-0289-z,The transition to compulsion in addiction,0.4894,no_correct_pmc_xml:validated_publisher_or_repository_pdf_else_abstract,no_active_pdf,
10.1038/s41586-025-10061-7,"[""quarantined""]",quarantined_no_canonical_artifact,,,,/Users/frank/Library/CloudStorage/Dropbox/projects/psychedelics_knowledge_graph/data/processed/fulltext/source_identity_quarantine_20260710/quarantined_artifacts/10_1038_s41586_025_10061_7.json,europepmc_fulltext_xml,,False,,,,0,[],[],[],"[""identity_mismatch""]",,wrong_cited_reference_pmcid,10.1038/s41586-024-07624-5,Psilocybin desynchronizes the human brain,0.281,no_correct_pmc_xml:validated_publisher_or_repository_pdf_else_abstract,no_active_pdf,
10.1038/s41591-022-01744-z,"[""quarantined""]",quarantined_no_canonical_artifact,,,,/Users/frank/Library/CloudStorage/Dropbox/projects/psychedelics_knowledge_graph/data/processed/fulltext/source_identity_quarantine_20260710/quarantined_artifacts/10_1038_s41591_022_01744_z.json,pmc_oai_xml,,False,,,,0,[],[],[],"[""identity_mismatch""]",,wrong_cited_reference_pmcid,10.1080/16506073.2017.1304445,Effect of Treatments for Depression on Quality of Life: A Meta-Analysis,0.3026,no_correct_pmc_xml:validated_publisher_or_repository_pdf_else_abstract,no_active_pdf,
10.1038/s41593-023-01436-y,"[""quarantined""]",quarantined_no_canonical_artifact,,,,/Users/frank/Library/CloudStorage/Dropbox/projects/psychedelics_knowledge_graph/data/processed/fulltext/source_identity_quarantine_20260710/quarantined_artifacts/10_1038_s41593_023_01436_y.json,europepmc_fulltext_xml,,False,,,,0,[],[],[],"[""identity_mismatch""]",,wrong_cited_reference_pmcid,10.2147/ppa.s29716,"Treatment-resistant depression: therapeutic trends, challenges, and future directions",0.3529,no_correct_pmc_xml:validated_publisher_or_repository_pdf_else_abstract,no_active_pdf,
10.1038/s41593-025-01964-9,"[""quarantined""]",quarantined_no_canonical_artifact,,,,/Users/frank/Library/CloudStorage/Dropbox/projects/psychedelics_knowledge_graph/data/processed/fulltext/source_identity_quarantine_20260710/quarantined_artifacts/10_1038_s41593_025_01964_9.json,pmc_oai_xml,,False,,,,0,[],[],[],"[""identity_mismatch""]",,wrong_cited_reference_pmcid,10.1007/s00213-011-2358-5,Psilocybin occasioned mystical-type experiences: Immediate and persisting dose-related effects,0.3011,no_correct_pmc_xml:validated_publisher_or_repository_pdf_else_abstract,no_active_pdf,
10.1038/s44161-025-00608-2,"[""quarantined""]",quarantined_no_canonical_artifact,,,,/Users/frank/Library/CloudStorage/Dropbox/projects/psychedelics_knowledge_graph/data/processed/fulltext/source_identity_quarantine_20260710/quarantined_artifacts/10_1038_s44161_025_00608_2.json,europepmc_fulltext_xml,,False,,,,0,[],[],[],"[""identity_mismatch""]",,wrong_cited_reference_pmcid,10.1177/0269881116675512,Rapid and sustained symptom reduction following psilocybin treatment for anxiety and depression in patients with life-threatening cancer: a randomized controlled trial,0.2321,no_correct_pmc_xml:validated_publisher_or_repository_pdf_else_abstract,no_active_pdf,
10.1056/nejmc2313230,"[""quarantined"", ""replaced""]",quarantined_no_canonical_artifact,,,,/Users/frank/Library/CloudStorage/Dropbox/projects/psychedelics_knowledge_graph/data/processed/fulltext/source_identity_quarantine_20260710/quarantined_artifacts/10_1056_nejmc2313230.json,grobid,/Users/frank/Library/CloudStorage/Dropbox/projects/psychedelics_knowledge_graph/data/raw/papers/pdfs/10.1056_nejmc2313230__a5b2248132.pdf,False,,,,0,[],[],[],"[""identity_unverified""]",,,,,,,no_active_pdf,
10.1074/jbc.271.25.14672,"[""quarantined""]",quarantined_no_canonical_artifact,,,,/Users/frank/Library/CloudStorage/Dropbox/projects/psychedelics_knowledge_graph/data/processed/fulltext/source_identity_quarantine_20260710/quarantined_artifacts/10_1074_jbc_271_25_14672.json,grobid,/Users/frank/Library/CloudStorage/Dropbox/projects/psychedelics_knowledge_graph/data/raw/papers/pdfs/10.1074_jbc.271.25.14672__5979a89ac3.pdf,False,,,,0,[],[],[],"[""identity_unverified""]",,,,,,,no_active_pdf,
10.1093/ijnp/pyae059.031,"[""replaced""]",replaced_by_verified_exact_jats,/Users/frank/Library/CloudStorage/Dropbox/projects/psychedelics_knowledge_graph/data/processed/fulltext/articles/10_1093_ijnp_pyae059_031.json,europepmc_fulltext_xml,verified_exact_doi,/Users/frank/Library/CloudStorage/Dropbox/projects/psychedelics_knowledge_graph/data/processed/fulltext/source_identity_quarantine_20260710/replaced_artifacts/10_1093_ijnp_pyae059_031.json,grobid,/Users/frank/Library/CloudStorage/Dropbox/projects/psychedelics_knowledge_graph/data/raw/papers/disorder/pdfs/10.1093_ijnp_pyae059.031__f91f9c5973.pdf,False,True,/Users/frank/Library/CloudStorage/Dropbox/projects/psychedelics_knowledge_graph/data/raw/papers/pdfs/10.1093_ijnp_pyae059.031__f91f9c5973.pdf,ae76ee2c0fb965c51040d0bc15ef92e677ca99863b03044f541d017fa0e6b51a,1393900,[],"[{""row_index"": 27341, ""doi"": ""10.1093/ijnp/pyae059.031"", ""pdf_download_status"": ""already_present"", ""flag_has_local_pdf"": true, ""has_converted_full_text"": true, ""fulltext_artifact_paths"": ""/Users/frank/Library/CloudStorage/Dropbox/projects/psychedelics_knowledge_graph/data/processed/fulltext/articles/10_1093_ijnp_pyae059_031.json"", ""fields"": [""local_pdf_paths"", ""pdf_local_path""]}]",[],[],,unresolved,,"STRIATAL FUNCTIONAL CONNECTIVITY PATTERN ASSOCIATED WITH EMOTIONAL SYMPTOMS AND COGNITIVE PERFORMANCE IN MANIC/HYPOMANIC, EUTHYMIC AND DEPRESSIVE STATES OF BIPOLAR DISORDER",0.2412,refetch_europepmc_jats:11814807,quarantine_candidate_clear_candidate_references,[]
10.1093/ijnp/pyae059.036,"[""replaced""]",replaced_by_verified_exact_jats,/Users/frank/Library/CloudStorage/Dropbox/projects/psychedelics_knowledge_graph/data/processed/fulltext/articles/10_1093_ijnp_pyae059_036.json,europepmc_fulltext_xml,verified_exact_doi,/Users/frank/Library/CloudStorage/Dropbox/projects/psychedelics_knowledge_graph/data/processed/fulltext/source_identity_quarantine_20260710/replaced_artifacts/10_1093_ijnp_pyae059_036.json,grobid,/Users/frank/Library/CloudStorage/Dropbox/projects/psychedelics_knowledge_graph/data/raw/papers/disorder/pdfs/10.1093_ijnp_pyae059.036__b67ab260f4.pdf,False,True,/Users/frank/Library/CloudStorage/Dropbox/projects/psychedelics_knowledge_graph/data/raw/papers/pdfs/10.1093_ijnp_pyae059.036__b67ab260f4.pdf,9780e5c02aae86fc3d541729ff0f9bf4f0e78b2c25138daca27833778b624037,1391009,[],"[{""row_index"": 27342, ""doi"": ""10.1093/ijnp/pyae059.036"", ""pdf_download_status"": ""already_present"", ""flag_has_local_pdf"": true, ""has_converted_full_text"": false, ""fulltext_artifact_paths"": """", ""fields"": [""local_pdf_paths"", ""pdf_local_path""]}]",[],[],,unresolved,10.1002/hup.1019,CLINICAL AND ECONOMIC BURDEN OF MAJOR AND TREATMENT-RESISTANT DEPRESSION IN A POPULATION-BASED STUDY COHORT OF 110.000 PATIENTS,0.3676,refetch_europepmc_jats:11814930,quarantine_candidate_clear_candidate_references,[]
10.1093/ijnp/pyae059.037,"[""quarantined""]",quarantined_no_canonical_artifact,,,,/Users/frank/Library/CloudStorage/Dropbox/projects/psychedelics_knowledge_graph/data/processed/fulltext/source_identity_quarantine_20260710/quarantined_artifacts/10_1093_ijnp_pyae059_037.json,grobid,/Users/frank/Library/CloudStorage/Dropbox/projects/psychedelics_knowledge_graph/data/raw/papers/disorder/pdfs/10.1093_ijnp_pyae059.037__e2f06a70a3.pdf,False,True,/Users/frank/Library/CloudStorage/Dropbox/projects/psychedelics_knowledge_graph/data/raw/papers/pdfs/10.1093_ijnp_pyae059.037__e2f06a70a3.pdf,13f6c3a5fb51413426d93aebc17a3ad055c993d2dbf64b5e9797416f1a24cc2e,1354215,[],"[{""row_index"": 27343, ""doi"": ""10.1093/ijnp/pyae059.037"", ""pdf_download_status"": ""source_identity_quarantined"", ""flag_has_local_pdf"": false, ""has_converted_full_text"": false, ""fulltext_artifact_paths"": """", ""fields"": [""local_pdf_paths""]}]",[],"[""target_text_with_conflicting_doi"", ""unsegmented_proceedings_container""]",proceedings_container,valid_known_alias,10.1002/hup.1019,ROLE OF KLOTHO ON ANTIDEPRESSANT AND ANTISUICIDAL EFFECTS OF LOW-DOSE KETAMINE INFUSION AMONG PATIENTS WITH TREATMENT-RESISTANT DEPRESSION AND SUICIDAL IDEATION,1.0,keep_current_artifact,quarantine_candidate_clear_candidate_references,[]
10.1093/ijnp/pyae059.084,"[""quarantined""]",quarantined_no_canonical_artifact,,,,/Users/frank/Library/CloudStorage/Dropbox/projects/psychedelics_knowledge_graph/data/processed/fulltext/source_identity_quarantine_20260710/quarantined_artifacts/10_1093_ijnp_pyae059_084.json,grobid,/Users/frank/Library/CloudStorage/Dropbox/projects/psychedelics_knowledge_graph/data/raw/papers/disorder/pdfs/10.1093_ijnp_pyae059.084__99012f8163.pdf,False,True,/Users/frank/Library/CloudStorage/Dropbox/projects/psychedelics_knowledge_graph/data/raw/papers/pdfs/10.1093_ijnp_pyae059.084__99012f8163.pdf,7f6e73d240ec4e366376ecb92c64e72b086c80f4cc3eabb4c3be05ad12d2645d,1352315,[],"[{""row_index"": 27345, ""doi"": ""10.1093/ijnp/pyae059.084"", ""pdf_download_status"": ""source_identity_quarantined"", ""flag_has_local_pdf"": false, ""has_converted_full_text"": false, ""fulltext_artifact_paths"": """", ""fields"": [""local_pdf_paths""]}]",[],"[""unsegmented_proceedings_container""]",proceedings_container,valid_exact,,"SLOW BUT STEADY: ORAL KETAMINE AS AN EFFECTIVE ADJUNCT IN DEPRESSION, ANXIETY AND PTSD",1.0,keep_current_artifact,quarantine_candidate_clear_candidate_references,[]
10.1093/ijnp/pyae059.087,"[""quarantined""]",quarantined_no_canonical_artifact,,,,/Users/frank/Library/CloudStorage/Dropbox/projects/psychedelics_knowledge_graph/data/processed/fulltext/source_identity_quarantine_20260710/quarantined_artifacts/10_1093_ijnp_pyae059_087.json,grobid,/Users/frank/Library/CloudStorage/Dropbox/projects/psychedelics_knowledge_graph/data/raw/papers/disorder/pdfs/10.1093_ijnp_pyae059.087__148c93128b.pdf,False,True,/Users/frank/Library/CloudStorage/Dropbox/projects/psychedelics_knowledge_graph/data/raw/papers/pdfs/10.1093_ijnp_pyae059.087__148c93128b.pdf,9d9e377f7f9fcfc8c7864d3d32838e51f96299751e7fe6c91b149e222e466060,1358477,[],"[{""row_index"": 27348, ""doi"": ""10.1093/ijnp/pyae059.087"", ""pdf_download_status"": ""source_identity_quarantined"", ""flag_has_local_pdf"": false, ""has_converted_full_text"": false, ""fulltext_artifact_paths"": """", ""fields"": [""local_pdf_paths""]}]",[],"[""target_text_with_conflicting_doi"", ""unsegmented_proceedings_container""]",proceedings_container,valid_exact,,NEW DEVELOPMENTS IN THE MULTI-OMICS PREDICTION OF TREATMENT RESPONSE PREDICTION IN PSYCHIATRY,1.0,keep_current_artifact,quarantine_candidate_clear_candidate_references,[]
10.1093/ijnp/pyae059.125,"[""quarantined""]",quarantined_no_canonical_artifact,,,,/Users/frank/Library/CloudStorage/Dropbox/projects/psychedelics_knowledge_graph/data/processed/fulltext/source_identity_quarantine_20260710/quarantined_artifacts/10_1093_ijnp_pyae059_125.json,grobid,/Users/frank/Library/CloudStorage/Dropbox/projects/psychedelics_knowledge_graph/data/raw/papers/disorder/pdfs/10.1093_ijnp_pyae059.125__36894ff4a0.pdf,False,True,/Users/frank/Library/CloudStorage/Dropbox/projects/psychedelics_knowledge_graph/data/raw/papers/pdfs/10.1093_ijnp_pyae059.125__36894ff4a0.pdf,fd959b30920e5f02ac2f43efa3a4e409aa13b724e2252babd2dd53bc3d306de1,2857677,[],"[{""row_index"": 27349, ""doi"": ""10.1093/ijnp/pyae059.125"", ""pdf_download_status"": ""source_identity_quarantined"", ""flag_has_local_pdf"": false, ""has_converted_full_text"": false, ""fulltext_artifact_paths"": """", ""fields"": [""local_pdf_paths""]}]",[],"[""unsegmented_proceedings_container""]",proceedings_container,valid_exact,,BEHAVIORAL AND ELECTROPHYSIOLOGICAL EFFECTS OF LYSERGIC ACID DIETHYLAMIDE (LSD) IN A MOUSE MODEL OF ALCOHOL USE DISORDER (AUD),1.0,keep_current_artifact,quarantine_candidate_clear_candidate_references,[]
10.1093/ijnp/pyae059.134,"[""quarantined""]",quarantined_no_canonical_artifact,,,,/Users/frank/Library/CloudStorage/Dropbox/projects/psychedelics_knowledge_graph/data/processed/fulltext/source_identity_quarantine_20260710/quarantined_artifacts/10_1093_ijnp_pyae059_134.json,grobid,/Users/frank/Library/CloudStorage/Dropbox/projects/psychedelics_knowledge_graph/data/raw/papers/disorder/pdfs/10.1093_ijnp_pyae059.134__2f4c59025c.pdf,False,True,/Users/frank/Library/CloudStorage/Dropbox/projects/psychedelics_knowledge_graph/data/raw/papers/pdfs/10.1093_ijnp_pyae059.134__2f4c59025c.pdf,491893f474114430fc229ea189145c52e2eaf0305ca2c38ffedeeb7aec986dea,1465713,[],"[{""row_index"": 27350, ""doi"": ""10.1093/ijnp/pyae059.134"", ""pdf_download_status"": ""source_identity_quarantined"", ""flag_has_local_pdf"": false, ""has_converted_full_text"": false, ""fulltext_artifact_paths"": """", ""fields"": [""local_pdf_paths""]}]",[],"[""unsegmented_proceedings_container""]",proceedings_container,valid_exact,,PSILOCYBIN MITIGATES BEHAVIORAL DESPAIR AND COGNITIVE RECOGNITION IMPAIRMENTS BY REGULATING THE HYPOTHALAMIC-PITUITARY-ADRENAL (HPA) AXIS VIA THE BRAIN-DERIVED NEUROTROPHIC FACTOR (BDNF) SIGNALING PATHWAY MEDIATED BY THE ENDOCANNABINOID SYSTEM (ECS),1.0,keep_current_artifact,quarantine_candidate_clear_candidate_references,[]
10.1093/ijnp/pyae059.135,"[""quarantined""]",quarantined_no_canonical_artifact,,,,/Users/frank/Library/CloudStorage/Dropbox/projects/psychedelics_knowledge_graph/data/processed/fulltext/source_identity_quarantine_20260710/quarantined_artifacts/10_1093_ijnp_pyae059_135.json,grobid,/Users/frank/Library/CloudStorage/Dropbox/projects/psychedelics_knowledge_graph/data/raw/papers/disorder/pdfs/10.1093_ijnp_pyae059.135__dc28666e79.pdf,False,True,/Users/frank/Library/CloudStorage/Dropbox/projects/psychedelics_knowledge_graph/data/raw/papers/pdfs/10.1093_ijnp_pyae059.135__dc28666e79.pdf,8f325d57a2c1d27a0554d87b7a20c3337c359de3300f1142f00232bfac9852e1,1473317,[],"[{""row_index"": 27351, ""doi"": ""10.1093/ijnp/pyae059.135"", ""pdf_download_status"": ""source_identity_quarantined"", ""flag_has_local_pdf"": false, ""has_converted_full_text"": false, ""fulltext_artifact_paths"": """", ""fields"": [""local_pdf_paths""]}]",[],"[""target_text_with_conflicting_doi"", ""unsegmented_proceedings_container""]",proceedings_container,valid_known_alias,10.1007/s12035-019-01644-3,ADIPONECTIN ELICITS RAPID-ANTIDEPRESSANT EFFECTS IN CHRONICALLY STRESSED MICE IN ASSOCIATION WITH INCREASED GLUTAMATERGIC ACTIVITY IN THE MPFC,1.0,keep_current_artifact,quarantine_candidate_clear_candidate_references,[]
10.1093/ijnp/pyae059.161,"[""replaced""]",replaced_by_verified_exact_jats,/Users/frank/Library/CloudStorage/Dropbox/projects/psychedelics_knowledge_graph/data/processed/fulltext/articles/10_1093_ijnp_pyae059_161.json,europepmc_fulltext_xml,verified_exact_doi,/Users/frank/Library/CloudStorage/Dropbox/projects/psychedelics_knowledge_graph/data/processed/fulltext/source_identity_quarantine_20260710/replaced_artifacts/10_1093_ijnp_pyae059_161.json,grobid,/Users/frank/Library/CloudStorage/Dropbox/projects/psychedelics_knowledge_graph/data/raw/papers/disorder/pdfs/10.1093_ijnp_pyae059.161__a571712b32.pdf,False,True,/Users/frank/Library/CloudStorage/Dropbox/projects/psychedelics_knowledge_graph/data/raw/papers/pdfs/10.1093_ijnp_pyae059.161__a571712b32.pdf,c91f34afbc509abf35ed4593a1f0e56224e5a196dc1c91e29e4fccb25f8ca8ac,1477182,[],"[{""row_index"": 27354, ""doi"": ""10.1093/ijnp/pyae059.161"", ""pdf_download_status"": ""already_present"", ""flag_has_local_pdf"": true, ""has_converted_full_text"": true, ""fulltext_artifact_paths"": ""/Users/frank/Library/CloudStorage/Dropbox/projects/psychedelics_knowledge_graph/data/processed/fulltext/articles/10_1093_ijnp_pyae059_161.json"", ""fields"": [""local_pdf_paths"", ""pdf_local_path""]}]",[],[],,unresolved,,THE NEURAL BASIS OF GAMING DISORDER AND THEIR COMORBIDITIES,0.2759,refetch_europepmc_jats:11815259,quarantine_candidate_clear_candidate_references,[]
10.1093/ijnp/pyae059.183,"[""replaced""]",replaced_by_verified_exact_jats,/Users/frank/Library/CloudStorage/Dropbox/projects/psychedelics_knowledge_graph/data/processed/fulltext/articles/10_1093_ijnp_pyae059_183.json,europepmc_fulltext_xml,verified_exact_doi,/Users/frank/Library/CloudStorage/Dropbox/projects/psychedelics_knowledge_graph/data/processed/fulltext/source_identity_quarantine_20260710/replaced_artifacts/10_1093_ijnp_pyae059_183.json,grobid,/Users/frank/Library/CloudStorage/Dropbox/projects/psychedelics_knowledge_graph/data/raw/papers/mechanistic/pdfs/10.1093_ijnp_pyae059.183__c3fc0682f9.pdf,False,True,/Users/frank/Library/CloudStorage/Dropbox/projects/psychedelics_knowledge_graph/data/raw/papers/pdfs/10.1093_ijnp_pyae059.183__c3fc0682f9.pdf,9b2c505ea4d9c1f86aa22e2981d75c650b729c6c2b96ab74ddabc2e3db041d6f,1485193,[],"[{""row_index"": 27357, ""doi"": ""10.1093/ijnp/pyae059.183"", ""pdf_download_status"": ""already_present"", ""flag_has_local_pdf"": true, ""has_converted_full_text"": false, ""fulltext_artifact_paths"": """", ""fields"": [""local_pdf_paths"", ""pdf_local_path""]}]",[],[],,unresolved,,NEUROPSYCHOLOGICAL FEATURES AS MEDIATORS BETWEEN PSYCHOPATHOLOGIES AND HEART RATE VARIABILITY: THE SEX DEFFERENCES,0.2842,refetch_europepmc_jats:11814644,quarantine_candidate_clear_candidate_references,[]
10.1093/ijnp/pyae059.237,"[""replaced""]",replaced_by_verified_exact_jats,/Users/frank/Library/CloudStorage/Dropbox/projects/psychedelics_knowledge_graph/data/processed/fulltext/articles/10_1093_ijnp_pyae059_237.json,europepmc_fulltext_xml,verified_exact_doi,/Users/frank/Library/CloudStorage/Dropbox/projects/psychedelics_knowledge_graph/data/processed/fulltext/source_identity_quarantine_20260710/replaced_artifacts/10_1093_ijnp_pyae059_237.json,grobid,/Users/frank/Library/CloudStorage/Dropbox/projects/psychedelics_knowledge_graph/data/raw/papers/disorder/pdfs/10.1093_ijnp_pyae059.237__e7cc417fca.pdf,False,True,/Users/frank/Library/CloudStorage/Dropbox/projects/psychedelics_knowledge_graph/data/raw/papers/pdfs/10.1093_ijnp_pyae059.237__e7cc417fca.pdf,a4c979779a3c35769d2b8e622fec0b405971fec04dd1fb67414e64ea5fa11fc1,1484298,[],"[{""row_index"": 27362, ""doi"": ""10.1093/ijnp/pyae059.237"", ""pdf_download_status"": ""already_present"", ""flag_has_local_pdf"": true, ""has_converted_full_text"": true, ""fulltext_artifact_paths"": ""/Users/frank/Library/CloudStorage/Dropbox/projects/psychedelics_knowledge_graph/data/processed/fulltext/articles/10_1093_ijnp_pyae059_237.json"", ""fields"": [""local_pdf_paths"", ""pdf_local_path""]}]",[],[],,unresolved,10.1038/s41380-022-01661-0,HISTORY OF PERIPARTUM DEPRESSION MODERATES THE ASSOCIATION BETWEEN ESTRADIOL PRS AND BASAL GANGLIA VOLUMES IN MAJOR DEPRESSIVE DISORDER,0.5149,refetch_europepmc_jats:11814992,quarantine_candidate_clear_candidate_references,[]
10.1093/ijnp/pyae059.238,"[""quarantined""]",quarantined_no_canonical_artifact,,,,/Users/frank/Library/CloudStorage/Dropbox/projects/psychedelics_knowledge_graph/data/processed/fulltext/source_identity_quarantine_20260710/quarantined_artifacts/10_1093_ijnp_pyae059_238.json,grobid,/Users/frank/Library/CloudStorage/Dropbox/projects/psychedelics_knowledge_graph/data/raw/papers/disorder/pdfs/10.1093_ijnp_pyae059.238__04a755074c.pdf,False,True,/Users/frank/Library/CloudStorage/Dropbox/projects/psychedelics_knowledge_graph/data/raw/papers/pdfs/10.1093_ijnp_pyae059.238__04a755074c.pdf,ab6c4f56e1aa438d719490fb4f6ef06935771e85c0bd83ebbc4cdc97c9a6c391,1481780,[],"[{""row_index"": 27363, ""doi"": ""10.1093/ijnp/pyae059.238"", ""pdf_download_status"": ""source_identity_quarantined"", ""flag_has_local_pdf"": false, ""has_converted_full_text"": false, ""fulltext_artifact_paths"": """", ""fields"": [""local_pdf_paths""]}]",[],"[""target_text_with_conflicting_doi"", ""unsegmented_proceedings_container""]",proceedings_container,valid_known_alias,10.1016/j.bbi.2019.06.015,ALTERED PATTERNS OF ASSOCIATION BETWEEN TSPO BINDING AND MGLUR5 AVAILABILITY IN VIVO IN DRUG-NAIVE PATIENTS WITH MAJOR DEPRESSIVE DISORDER: A PRELIMINARY DUAL-TRACER PET STUDY,1.0,keep_current_artifact,quarantine_candidate_clear_candidate_references,[]
10.1093/ijnp/pyae059.240,"[""replaced""]",replaced_by_verified_exact_jats,/Users/frank/Library/CloudStorage/Dropbox/projects/psychedelics_knowledge_graph/data/processed/fulltext/articles/10_1093_ijnp_pyae059_240.json,europepmc_fulltext_xml,verified_exact_doi,/Users/frank/Library/CloudStorage/Dropbox/projects/psychedelics_knowledge_graph/data/processed/fulltext/source_identity_quarantine_20260710/replaced_artifacts/10_1093_ijnp_pyae059_240.json,grobid,/Users/frank/Library/CloudStorage/Dropbox/projects/psychedelics_knowledge_graph/data/raw/papers/disorder/pdfs/10.1093_ijnp_pyae059.240__8013cf765f.pdf,False,True,/Users/frank/Library/CloudStorage/Dropbox/projects/psychedelics_knowledge_graph/data/raw/papers/pdfs/10.1093_ijnp_pyae059.240__8013cf765f.pdf,44d43fcf54d2bcf9b2ded48155a2a494ae283780142ee8dfba5ff94ed9b9ea6c,1490259,[],"[{""row_index"": 27364, ""doi"": ""10.1093/ijnp/pyae059.240"", ""pdf_download_status"": ""already_present"", ""flag_has_local_pdf"": true, ""has_converted_full_text"": true, ""fulltext_artifact_paths"": ""/Users/frank/Library/CloudStorage/Dropbox/projects/psychedelics_knowledge_graph/data/processed/fulltext/articles/10_1093_ijnp_pyae059_240.json"", ""fields"": [""local_pdf_paths"", ""pdf_local_path""]}]",[],[],,unresolved,10.1016/j.bbi.2019.06.015,REGIONAL HOMOGENEITY CHANGES IN CEREBRAL AND CEREBELLAR REGIONS ASSOCIATED WITH DEFAULT-MODE NETWORK FOLLOWING PROLONGED INTERMITTENT THETA-BURST STIMULATION,0.3205,refetch_europepmc_jats:11814717,quarantine_candidate_clear_candidate_references,[]
10.1093/ijnp/pyae059.247,"[""quarantined""]",quarantined_no_canonical_artifact,,,,/Users/frank/Library/CloudStorage/Dropbox/projects/psychedelics_knowledge_graph/data/processed/fulltext/source_identity_quarantine_20260710/quarantined_artifacts/10_1093_ijnp_pyae059_247.json,grobid,/Users/frank/Library/CloudStorage/Dropbox/projects/psychedelics_knowledge_graph/data/raw/papers/disorder/pdfs/10.1093_ijnp_pyae059.247__d8d5fb3e23.pdf,False,True,/Users/frank/Library/CloudStorage/Dropbox/projects/psychedelics_knowledge_graph/data/raw/papers/pdfs/10.1093_ijnp_pyae059.247__d8d5fb3e23.pdf,50fd15cd1e21bc129dc897dee3e4e30971988d18243267e839d342f003eb6a97,1451153,[],"[{""row_index"": 27367, ""doi"": ""10.1093/ijnp/pyae059.247"", ""pdf_download_status"": ""source_identity_quarantined"", ""flag_has_local_pdf"": false, ""has_converted_full_text"": false, ""fulltext_artifact_paths"": """", ""fields"": [""local_pdf_paths""]}]",[],"[""unsegmented_proceedings_container""]",proceedings_container,valid_exact,,CURRENT POST-TRAUMATIC STRESS-RELATED SYMPTOMS AND DEPRESSION OUTCOMES FROM REPETITIVE TRANSCRANIAL MAGNETIC STIMULATION IN CIVILIANS,1.0,keep_current_artifact,quarantine_candidate_clear_candidate_references,[]
10.1093/ijnp/pyae059.262,"[""quarantined""]",quarantined_no_canonical_artifact,,,,/Users/frank/Library/CloudStorage/Dropbox/projects/psychedelics_knowledge_graph/data/processed/fulltext/source_identity_quarantine_20260710/quarantined_artifacts/10_1093_ijnp_pyae059_262.json,grobid,/Users/frank/Library/CloudStorage/Dropbox/projects/psychedelics_knowledge_graph/data/raw/papers/mechanistic/pdfs/10.1093_ijnp_pyae059.262__6b4afd0727.pdf,False,True,/Users/frank/Library/CloudStorage/Dropbox/projects/psychedelics_knowledge_graph/data/raw/papers/pdfs/10.1093_ijnp_pyae059.262__6b4afd0727.pdf,c0555e1af39d099e01f545520220907b34cd1c61dd5bede31f8b052781b80d86,1352740,[],"[{""row_index"": 27369, ""doi"": ""10.1093/ijnp/pyae059.262"", ""pdf_download_status"": ""source_identity_quarantined"", ""flag_has_local_pdf"": false, ""has_converted_full_text"": false, ""fulltext_artifact_paths"": """", ""fields"": [""local_pdf_paths""]}]",[],"[""unsegmented_proceedings_container""]",proceedings_container,valid_exact,,CONTRIBUTION OF 5-HT2AR TO THE ANTI-ANHEDONIC AND NEUROPLASTICITY EFFECTS OF PSYCHEDELICS,1.0,keep_current_artifact,quarantine_candidate_clear_candidate_references,[]
10.1093/ijnp/pyae059.263,"[""replaced""]",replaced_by_verified_exact_jats,/Users/frank/Library/CloudStorage/Dropbox/projects/psychedelics_knowledge_graph/data/processed/fulltext/articles/10_1093_ijnp_pyae059_263.json,europepmc_fulltext_xml,verified_exact_doi,/Users/frank/Library/CloudStorage/Dropbox/projects/psychedelics_knowledge_graph/data/processed/fulltext/source_identity_quarantine_20260710/replaced_artifacts/10_1093_ijnp_pyae059_263.json,grobid,/Users/frank/Library/CloudStorage/Dropbox/projects/psychedelics_knowledge_graph/data/raw/papers/mechanistic/pdfs/10.1093_ijnp_pyae059.263__0f2855e79f.pdf,False,True,/Users/frank/Library/CloudStorage/Dropbox/projects/psychedelics_knowledge_graph/data/raw/papers/pdfs/10.1093_ijnp_pyae059.263__0f2855e79f.pdf,ed5034176a79b39ccc0282c549c9ee7535c1b08bbe4488c2d71e13b6b2775fdf,1352703,[],"[{""row_index"": 27370, ""doi"": ""10.1093/ijnp/pyae059.263"", ""pdf_download_status"": ""already_present"", ""flag_has_local_pdf"": true, ""has_converted_full_text"": true, ""fulltext_artifact_paths"": ""/Users/frank/Library/CloudStorage/Dropbox/projects/psychedelics_knowledge_graph/data/processed/fulltext/articles/10_1093_ijnp_pyae059_263.json"", ""fields"": [""local_pdf_paths"", ""pdf_local_path""]}]",[],[],,unresolved,,CONTRIBUTION OF 5-HT2AR TO THE ANTI-ANHEDONIC AND NEUROPLASTICITY EFFECTS OF PSYCHEDELICS,0.1608,refetch_europepmc_jats:11814720,quarantine_candidate_clear_candidate_references,[]
10.1093/ijnp/pyae059.264,"[""replaced""]",replaced_by_verified_exact_jats,/Users/frank/Library/CloudStorage/Dropbox/projects/psychedelics_knowledge_graph/data/processed/fulltext/articles/10_1093_ijnp_pyae059_264.json,europepmc_fulltext_xml,verified_exact_doi,/Users/frank/Library/CloudStorage/Dropbox/projects/psychedelics_knowledge_graph/data/processed/fulltext/source_identity_quarantine_20260710/replaced_artifacts/10_1093_ijnp_pyae059_264.json,grobid,/Users/frank/Library/CloudStorage/Dropbox/projects/psychedelics_knowledge_graph/data/raw/papers/disorder/pdfs/10.1093_ijnp_pyae059.264__6d4dc219f1.pdf,False,True,/Users/frank/Library/CloudStorage/Dropbox/projects/psychedelics_knowledge_graph/data/raw/papers/pdfs/10.1093_ijnp_pyae059.264__6d4dc219f1.pdf,38bad0bc2c53d75b1846c63ac32047a9451e50bb69ffd9544be56dbd7f461dbd,1392895,[],"[{""row_index"": 27371, ""doi"": ""10.1093/ijnp/pyae059.264"", ""pdf_download_status"": ""already_present"", ""flag_has_local_pdf"": true, ""has_converted_full_text"": true, ""fulltext_artifact_paths"": ""/Users/frank/Library/CloudStorage/Dropbox/projects/psychedelics_knowledge_graph/data/processed/fulltext/articles/10_1093_ijnp_pyae059_264.json"", ""fields"": [""local_pdf_paths"", ""pdf_local_path""]}]",[],[],,unresolved,,CONTRIBUTION OF 5-HT2AR TO THE ANTI-ANHEDONIC AND NEUROPLASTICITY EFFECTS OF PSYCHEDELICS,0.2347,refetch_europepmc_jats:11814874,quarantine_candidate_clear_candidate_references,[]
10.1093/ijnp/pyae059.305,"[""quarantined""]",quarantined_no_canonical_artifact,,,,/Users/frank/Library/CloudStorage/Dropbox/projects/psychedelics_knowledge_graph/data/processed/fulltext/source_identity_quarantine_20260710/quarantined_artifacts/10_1093_ijnp_pyae059_305.json,grobid,/Users/frank/Library/CloudStorage/Dropbox/projects/psychedelics_knowledge_graph/data/raw/papers/mechanistic/pdfs/10.1093_ijnp_pyae059.305__30e3386261.pdf,False,True,/Users/frank/Library/CloudStorage/Dropbox/projects/psychedelics_knowledge_graph/data/raw/papers/pdfs/10.1093_ijnp_pyae059.305__30e3386261.pdf,c169436e293c88f3be123c21dd63f72534dcd7c9d10aecf2d0877d30bd9f5544,1389333,[],"[{""row_index"": 27372, ""doi"": ""10.1093/ijnp/pyae059.305"", ""pdf_download_status"": ""source_identity_quarantined"", ""flag_has_local_pdf"": false, ""has_converted_full_text"": false, ""fulltext_artifact_paths"": """", ""fields"": [""local_pdf_paths""]}]",[],"[""unsegmented_proceedings_container""]",proceedings_container,valid_exact,,ARIPIPRAZOLE'S POTENTIAL ROLE IN SKIN CANCER: INVESTIGATING PYROPTOSIS AND IMMUNE PATHWAYS,1.0,keep_current_artifact,quarantine_candidate_clear_candidate_references,[]
10.1093/ijnp/pyae059.322,"[""quarantined""]",quarantined_no_canonical_artifact,,,,/Users/frank/Library/CloudStorage/Dropbox/projects/psychedelics_knowledge_graph/data/processed/fulltext/source_identity_quarantine_20260710/quarantined_artifacts/10_1093_ijnp_pyae059_322.json,grobid,/Users/frank/Library/CloudStorage/Dropbox/projects/psychedelics_knowledge_graph/data/raw/papers/disorder/pdfs/10.1093_ijnp_pyae059.322__426266ff3e.pdf,False,True,/Users/frank/Library/CloudStorage/Dropbox/projects/psychedelics_knowledge_graph/data/raw/papers/pdfs/10.1093_ijnp_pyae059.322__426266ff3e.pdf,6197788b35bdd4c6d9d89cde421c44b1a80a237d210d797dc628ebffb9cdf7b9,1385350,[],"[{""row_index"": 27373, ""doi"": ""10.1093/ijnp/pyae059.322"", ""pdf_download_status"": ""source_identity_quarantined"", ""flag_has_local_pdf"": false, ""has_converted_full_text"": false, ""fulltext_artifact_paths"": """", ""fields"": [""local_pdf_paths""]}]",[],"[""target_text_with_conflicting_doi"", ""unsegmented_proceedings_container""]",proceedings_container,valid_exact,,DRUG CONCENTRATIONS IN BLOOD AND BREAST MILK WHILE TAKING PSYCHOTROPIC DRUGS-PRELIMINARY STUDY,0.1925,keep_current_artifact,quarantine_candidate_clear_candidate_references,[]
10.1093/ijnp/pyae059.336,"[""quarantined""]",quarantined_no_canonical_artifact,,,,/Users/frank/Library/CloudStorage/Dropbox/projects/psychedelics_knowledge_graph/data/processed/fulltext/source_identity_quarantine_20260710/quarantined_artifacts/10_1093_ijnp_pyae059_336.json,grobid,/Users/frank/Library/CloudStorage/Dropbox/projects/psychedelics_knowledge_graph/data/raw/papers/disorder/pdfs/10.1093_ijnp_pyae059.336__9b1fc0ff66.pdf,False,True,/Users/frank/Library/CloudStorage/Dropbox/projects/psychedelics_knowledge_graph/data/raw/papers/pdfs/10.1093_ijnp_pyae059.336__9b1fc0ff66.pdf,6aefc03b8788a7a182520a50801c40af3bddcfa1cf8a6666d5902259f483a590,1392775,[],"[{""row_index"": 27374, ""doi"": ""10.1093/ijnp/pyae059.336"", ""pdf_download_status"": ""source_identity_quarantined"", ""flag_has_local_pdf"": false, ""has_converted_full_text"": false, ""fulltext_artifact_paths"": """", ""fields"": [""local_pdf_paths""]}]",[],"[""target_text_with_conflicting_doi"", ""unsegmented_proceedings_container""]",proceedings_container,valid_exact,,A SURVEY OF PATIENT-PHYSICIAN COMMUNICATION REGARDING TREATMENT PROSPECTS AND GOAL SETTING IN THE TREATMENT OF MAJOR DEPRESSIVE DISORDER IN JAPAN,0.4105,keep_current_artifact,quarantine_candidate_clear_candidate_references,[]
10.1093/ijnp/pyae059.442,"[""replaced""]",replaced_by_verified_exact_jats,/Users/frank/Library/CloudStorage/Dropbox/projects/psychedelics_knowledge_graph/data/processed/fulltext/articles/10_1093_ijnp_pyae059_442.json,europepmc_fulltext_xml,verified_exact_doi,/Users/frank/Library/CloudStorage/Dropbox/projects/psychedelics_knowledge_graph/data/processed/fulltext/source_identity_quarantine_20260710/replaced_artifacts/10_1093_ijnp_pyae059_442.json,grobid,/Users/frank/Library/CloudStorage/Dropbox/projects/psychedelics_knowledge_graph/data/raw/papers/disorder/pdfs/10.1093_ijnp_pyae059.442__09b5cad64a.pdf,False,True,/Users/frank/Library/CloudStorage/Dropbox/projects/psychedelics_knowledge_graph/data/raw/papers/pdfs/10.1093_ijnp_pyae059.442__09b5cad64a.pdf,aaa4b5145f4b6a83656a0b5e3045bb00cf3323274149c491d3c28d3f301c1836,1429054,[],"[{""row_index"": 27376, ""doi"": ""10.1093/ijnp/pyae059.442"", ""pdf_download_status"": ""already_present"", ""flag_has_local_pdf"": true, ""has_converted_full_text"": false, ""fulltext_artifact_paths"": """", ""fields"": [""local_pdf_paths"", ""pdf_local_path""]}]",[],[],,unresolved,,A BRIEF SELF-COMPASSION AND SELF-ESTEEM INTERVENTION FOR SUICIDAL UNIVERSITY STUDENTS: A FEASIBILITY STUDY,0.3505,refetch_europepmc_jats:11815036,quarantine_candidate_clear_candidate_references,[]
10.1093/ijnp/pyae059.504,"[""replaced""]",replaced_by_verified_exact_jats,/Users/frank/Library/CloudStorage/Dropbox/projects/psychedelics_knowledge_graph/data/processed/fulltext/articles/10_1093_ijnp_pyae059_504.json,europepmc_fulltext_xml,verified_exact_doi,/Users/frank/Library/CloudStorage/Dropbox/projects/psychedelics_knowledge_graph/data/processed/fulltext/source_identity_quarantine_20260710/replaced_artifacts/10_1093_ijnp_pyae059_504.json,grobid,/Users/frank/Library/CloudStorage/Dropbox/projects/psychedelics_knowledge_graph/data/raw/papers/disorder/pdfs/10.1093_ijnp_pyae059.504__1b27c09d28.pdf,False,True,/Users/frank/Library/CloudStorage/Dropbox/projects/psychedelics_knowledge_graph/data/raw/papers/pdfs/10.1093_ijnp_pyae059.504__1b27c09d28.pdf,270a9cdd5b476873cb0ea470ba98c361469d39eaf4e7f7c0dbe9aa4d9bafb4e3,1439254,[],"[{""row_index"": 27379, ""doi"": ""10.1093/ijnp/pyae059.504"", ""pdf_download_status"": ""downloaded"", ""flag_has_local_pdf"": true, ""has_converted_full_text"": false, ""fulltext_artifact_paths"": """", ""fields"": [""local_pdf_paths"", ""pdf_local_path""]}]",[],[],,unresolved,,THE ASSOCIATION BETWEEN SOCIAL COGNITION AND QUALITY OF LIFE ADAPTION IN PATIENTS WITH MAJOR MENTAL DISORDERS,0.3212,refetch_europepmc_jats:11814574,quarantine_candidate_clear_candidate_references,[]
10.1093/ijnp/pyae059.518,"[""quarantined""]",quarantined_no_canonical_artifact,,,,/Users/frank/Library/CloudStorage/Dropbox/projects/psychedelics_knowledge_graph/data/processed/fulltext/source_identity_quarantine_20260710/quarantined_artifacts/10_1093_ijnp_pyae059_518.json,grobid,/Users/frank/Library/CloudStorage/Dropbox/projects/psychedelics_knowledge_graph/data/raw/papers/mechanistic/pdfs/10.1093_ijnp_pyae059.518__f85e9317cb.pdf,False,True,/Users/frank/Library/CloudStorage/Dropbox/projects/psychedelics_knowledge_graph/data/raw/papers/pdfs/10.1093_ijnp_pyae059.518__f85e9317cb.pdf,07aa30a84c4568c955b267fd6c1dd3b39f5a1245ea412695ec766c1847ac2a4e,1438295,[],"[{""row_index"": 27380, ""doi"": ""10.1093/ijnp/pyae059.518"", ""pdf_download_status"": ""source_identity_quarantined"", ""flag_has_local_pdf"": false, ""has_converted_full_text"": false, ""fulltext_artifact_paths"": """", ""fields"": [""local_pdf_paths""]}]",[],"[""unsegmented_proceedings_container""]",proceedings_container,valid_exact,,OVEREXPRESSION OF SHATI/NAT8L IN THE HIPPOCAMPUS AMELIORATES COGNITIVE DYSFUNCTION IN MODEL MICE WITH ALZHEIMER' S DISEASE,0.2838,keep_current_artifact,quarantine_candidate_clear_candidate_references,[]
10.1093/ijnp/pyae059.560,"[""replaced""]",replaced_by_verified_exact_jats,/Users/frank/Library/CloudStorage/Dropbox/projects/psychedelics_knowledge_graph/data/processed/fulltext/articles/10_1093_ijnp_pyae059_560.json,europepmc_fulltext_xml,verified_exact_doi,/Users/frank/Library/CloudStorage/Dropbox/projects/psychedelics_knowledge_graph/data/processed/fulltext/source_identity_quarantine_20260710/replaced_artifacts/10_1093_ijnp_pyae059_560.json,grobid,/Users/frank/Library/CloudStorage/Dropbox/projects/psychedelics_knowledge_graph/data/raw/papers/disorder/pdfs/10.1093_ijnp_pyae059.560__9b973f2616.pdf,False,True,/Users/frank/Library/CloudStorage/Dropbox/projects/psychedelics_knowledge_graph/data/raw/papers/pdfs/10.1093_ijnp_pyae059.560__9b973f2616.pdf,59b5b07c390eb87aef52cdc8ee175e57587d2b7f20e551150906aa840bc5d404,1533820,[],"[{""row_index"": 27384, ""doi"": ""10.1093/ijnp/pyae059.560"", ""pdf_download_status"": ""downloaded"", ""flag_has_local_pdf"": true, ""has_converted_full_text"": true, ""fulltext_artifact_paths"": ""/Users/frank/Library/CloudStorage/Dropbox/projects/psychedelics_knowledge_graph/data/processed/fulltext/articles/10_1093_ijnp_pyae059_560.json"", ""fields"": [""local_pdf_paths"", ""pdf_local_path""]}]",[],[],,unresolved,,GENOMIC AND IMMUNOLOGICAL BIOMARKERS FOR PREDICTING TREATMENT OUTCOME IN DEPRESSION,0.3475,refetch_europepmc_jats:11815272,quarantine_candidate_clear_candidate_references,[]
10.1093/ijnp/pyae059.561,"[""quarantined""]",quarantined_no_canonical_artifact,,,,/Users/frank/Library/CloudStorage/Dropbox/projects/psychedelics_knowledge_graph/data/processed/fulltext/source_identity_quarantine_20260710/quarantined_artifacts/10_1093_ijnp_pyae059_561.json,grobid,/Users/frank/Library/CloudStorage/Dropbox/projects/psychedelics_knowledge_graph/data/raw/papers/disorder/pdfs/10.1093_ijnp_pyae059.561__ae54afd570.pdf,False,True,/Users/frank/Library/CloudStorage/Dropbox/projects/psychedelics_knowledge_graph/data/raw/papers/pdfs/10.1093_ijnp_pyae059.561__ae54afd570.pdf,6e18d7048d1eadf6ea5392063ca5a5ebfd5f6b6e183f6e53c80597fadcb83196,1493629,[],"[{""row_index"": 27385, ""doi"": ""10.1093/ijnp/pyae059.561"", ""pdf_download_status"": ""source_identity_quarantined"", ""flag_has_local_pdf"": false, ""has_converted_full_text"": false, ""fulltext_artifact_paths"": """", ""fields"": [""local_pdf_paths""]}]",[],"[""unsegmented_proceedings_container""]",proceedings_container,valid_exact,,"MODULATION OF THE ANTIDEPRESSANT RESPONSE OF KETAMINE BY AN IMMUNOSUPPRESSANT RAPAMYCIN: A PROSPECTIVE RANDOMIZED, DOUBLE-BLIND, PLACEBO CONTROLLED STUDY IN THE PATIENTS WITH REFRACTORY DEPRESSION",1.0,keep_current_artifact,quarantine_candidate_clear_candidate_references,[]
10.1093/ijnp/pyae059.566,"[""replaced""]",replaced_by_verified_exact_jats,/Users/frank/Library/CloudStorage/Dropbox/projects/psychedelics_knowledge_graph/data/processed/fulltext/articles/10_1093_ijnp_pyae059_566.json,europepmc_fulltext_xml,verified_exact_doi,/Users/frank/Library/CloudStorage/Dropbox/projects/psychedelics_knowledge_graph/data/processed/fulltext/source_identity_quarantine_20260710/replaced_artifacts/10_1093_ijnp_pyae059_566.json,grobid,/Users/frank/Library/CloudStorage/Dropbox/projects/psychedelics_knowledge_graph/data/raw/papers/disorder/pdfs/10.1093_ijnp_pyae059.566__559bdc3e0e.pdf,False,True,/Users/frank/Library/CloudStorage/Dropbox/projects/psychedelics_knowledge_graph/data/raw/papers/pdfs/10.1093_ijnp_pyae059.566__559bdc3e0e.pdf,3d0d18cdae9ba58bc9cdf2c32eb01e9717f0093767ba14813c07ff50f02e54e5,1537064,[],"[{""row_index"": 27386, ""doi"": ""10.1093/ijnp/pyae059.566"", ""pdf_download_status"": ""downloaded"", ""flag_has_local_pdf"": true, ""has_converted_full_text"": true, ""fulltext_artifact_paths"": ""/Users/frank/Library/CloudStorage/Dropbox/projects/psychedelics_knowledge_graph/data/processed/fulltext/articles/10_1093_ijnp_pyae059_566.json"", ""fields"": [""local_pdf_paths"", ""pdf_local_path""]}]",[],[],,unresolved,10.1016/j.jad.2022.09.043,EFFECTS OF ANTIDEPRESSANTS ON DECELERATION CAPACITY AND ITS RELATION TO QT INTERVAL IN PATIENTS WITH MOOD DISORDER,0.1935,refetch_europepmc_jats:11814820,quarantine_candidate_clear_candidate_references,[]
10.1093/ijnp/pyae059.567,"[""quarantined""]",quarantined_no_canonical_artifact,,,,/Users/frank/Library/CloudStorage/Dropbox/projects/psychedelics_knowledge_graph/data/processed/fulltext/source_identity_quarantine_20260710/quarantined_artifacts/10_1093_ijnp_pyae059_567.json,grobid,/Users/frank/Library/CloudStorage/Dropbox/projects/psychedelics_knowledge_graph/data/raw/papers/disorder/pdfs/10.1093_ijnp_pyae059.567__7070ad11b8.pdf,False,True,/Users/frank/Library/CloudStorage/Dropbox/projects/psychedelics_knowledge_graph/data/raw/papers/pdfs/10.1093_ijnp_pyae059.567__7070ad11b8.pdf,78050da5d613c14c77619e6c522596a97bd30f515b185015596cb13e6d25fb6f,1534111,[],"[{""row_index"": 27387, ""doi"": ""10.1093/ijnp/pyae059.567"", ""pdf_download_status"": ""source_identity_quarantined"", ""flag_has_local_pdf"": false, ""has_converted_full_text"": false, ""fulltext_artifact_paths"": """", ""fields"": [""local_pdf_paths""]}]",[],"[""target_text_with_conflicting_doi"", ""unsegmented_proceedings_container""]",proceedings_container,valid_known_alias,10.4088/jcp.8133su1c.02,"EFFICACY AND SAFETY OF INTRAVENOUS KETAMINE TREATMENT IN JAPANESE PATIENTS WITH TREATMENT-RESISTANT DEPRESSION: A DOUBLE-BLIND, RANDOMIZED, PLACEBO-CONTROLLED TRIAL",1.0,keep_current_artifact,quarantine_candidate_clear_candidate_references,[]
10.1093/ijnp/pyae059.583,"[""quarantined""]",quarantined_no_canonical_artifact,,,,/Users/frank/Library/CloudStorage/Dropbox/projects/psychedelics_knowledge_graph/data/processed/fulltext/source_identity_quarantine_20260710/quarantined_artifacts/10_1093_ijnp_pyae059_583.json,grobid,/Users/frank/Library/CloudStorage/Dropbox/projects/psychedelics_knowledge_graph/data/raw/papers/disorder/pdfs/10.1093_ijnp_pyae059.583__2d8a7c6d2b.pdf,False,True,/Users/frank/Library/CloudStorage/Dropbox/projects/psychedelics_knowledge_graph/data/raw/papers/pdfs/10.1093_ijnp_pyae059.583__2d8a7c6d2b.pdf,48664e34395cebaf9558929cad4fab9220dc2dfb4243faf99d84f3ef267c9ca1,1496745,[],"[{""row_index"": 27389, ""doi"": ""10.1093/ijnp/pyae059.583"", ""pdf_download_status"": ""source_identity_quarantined"", ""flag_has_local_pdf"": false, ""has_converted_full_text"": false, ""fulltext_artifact_paths"": """", ""fields"": [""local_pdf_paths""]}]",[],"[""unsegmented_proceedings_container""]",proceedings_container,valid_exact,,"DIFFERENCE IN TREATMENT-RESPONSE OF IPSC-DERIVED NEURONS TO REELIN AND (2R,6R)-HNK FROM PARTICIPANTS WITH TREATMENT-RESISTANT DEPRESSION",1.0,keep_current_artifact,quarantine_candidate_clear_candidate_references,[]
10.1093/ijnp/pyae059.584,"[""replaced""]",replaced_by_verified_exact_jats,/Users/frank/Library/CloudStorage/Dropbox/projects/psychedelics_knowledge_graph/data/processed/fulltext/articles/10_1093_ijnp_pyae059_584.json,europepmc_fulltext_xml,verified_exact_doi,/Users/frank/Library/CloudStorage/Dropbox/projects/psychedelics_knowledge_graph/data/processed/fulltext/source_identity_quarantine_20260710/replaced_artifacts/10_1093_ijnp_pyae059_584.json,grobid,/Users/frank/Library/CloudStorage/Dropbox/projects/psychedelics_knowledge_graph/data/raw/papers/disorder/pdfs/10.1093_ijnp_pyae059.584__02f7209b3b.pdf,False,True,/Users/frank/Library/CloudStorage/Dropbox/projects/psychedelics_knowledge_graph/data/raw/papers/pdfs/10.1093_ijnp_pyae059.584__02f7209b3b.pdf,179ea92f334a5ee0383198e90aca9498db0119406c6923e080a15ae6ee75354f,1539232,[],"[{""row_index"": 27390, ""doi"": ""10.1093/ijnp/pyae059.584"", ""pdf_download_status"": ""already_present"", ""flag_has_local_pdf"": true, ""has_converted_full_text"": true, ""fulltext_artifact_paths"": ""/Users/frank/Library/CloudStorage/Dropbox/projects/psychedelics_knowledge_graph/data/processed/fulltext/articles/10_1093_ijnp_pyae059_584.json"", ""fields"": [""local_pdf_paths"", ""pdf_local_path""]}]",[],[],,unresolved,,"DIFFERENCE IN TREATMENT-RESPONSE OF IPSC-DERIVED NEURONS TO REELIN AND (2R,6R)-HNK FROM PARTICIPANTS WITH TREATMENT-RESISTANT DEPRESSION",0.2162,refetch_europepmc_jats:11814762,quarantine_candidate_clear_candidate_references,[]
10.1093/ijnp/pyae059.595,"[""replaced""]",replaced_by_verified_exact_jats,/Users/frank/Library/CloudStorage/Dropbox/projects/psychedelics_knowledge_graph/data/processed/fulltext/articles/10_1093_ijnp_pyae059_595.json,europepmc_fulltext_xml,verified_exact_doi,/Users/frank/Library/CloudStorage/Dropbox/projects/psychedelics_knowledge_graph/data/processed/fulltext/source_identity_quarantine_20260710/replaced_artifacts/10_1093_ijnp_pyae059_595.json,grobid,/Users/frank/Library/CloudStorage/Dropbox/projects/psychedelics_knowledge_graph/data/raw/papers/disorder/pdfs/10.1093_ijnp_pyae059.595__91fb9e4b0d.pdf,False,True,/Users/frank/Library/CloudStorage/Dropbox/projects/psychedelics_knowledge_graph/data/raw/papers/pdfs/10.1093_ijnp_pyae059.595__91fb9e4b0d.pdf,375cec3e87399165e91ad4d94cf4441e51feed9020e579f616069d39db7abac2,1527289,[],"[{""row_index"": 27391, ""doi"": ""10.1093/ijnp/pyae059.595"", ""pdf_download_status"": ""already_present"", ""flag_has_local_pdf"": true, ""has_converted_full_text"": true, ""fulltext_artifact_paths"": ""/Users/frank/Library/CloudStorage/Dropbox/projects/psychedelics_knowledge_graph/data/processed/fulltext/articles/10_1093_ijnp_pyae059_595.json"", ""fields"": [""local_pdf_paths"", ""pdf_local_path""]}]",[],[],,unresolved,,INCIDENCE OF DEPRESSIVE AND ANXIETY SYMPTOMS AMONG ELDERLY FILIPINOS DURING THE COVID-19 PANDEMIC: A DESCRIPTIVE CROSS-SECTIONAL STUDY,0.3333,refetch_europepmc_jats:11814561,quarantine_candidate_clear_candidate_references,[]
10.1093/ijnp/pyae059.605,"[""quarantined""]",quarantined_no_canonical_artifact,,,,/Users/frank/Library/CloudStorage/Dropbox/projects/psychedelics_knowledge_graph/data/processed/fulltext/source_identity_quarantine_20260710/quarantined_artifacts/10_1093_ijnp_pyae059_605.json,grobid,/Users/frank/Library/CloudStorage/Dropbox/projects/psychedelics_knowledge_graph/data/raw/papers/disorder/pdfs/10.1093_ijnp_pyae059.605__88c9d138f5.pdf,False,True,/Users/frank/Library/CloudStorage/Dropbox/projects/psychedelics_knowledge_graph/data/raw/papers/pdfs/10.1093_ijnp_pyae059.605__88c9d138f5.pdf,e424ed5acf4c5e5a4d68e4982f633c7954f1be2033a6ba16a3d4d7ddaf91ec84,1511368,[],"[{""row_index"": 27392, ""doi"": ""10.1093/ijnp/pyae059.605"", ""pdf_download_status"": ""source_identity_quarantined"", ""flag_has_local_pdf"": false, ""has_converted_full_text"": false, ""fulltext_artifact_paths"": """", ""fields"": [""local_pdf_paths""]}]",[],"[""unsegmented_proceedings_container""]",proceedings_container,valid_exact,,A SIGNIFICANT EFFECT OF INVOLVEMENT BEHAVIORS ON LONG-TERM TREATMENT OUTCOMES IN JAPANESE PATIENTS WITH OBSESSIVE COMPULSIVE DISORDER (OCD),0.4639,keep_current_artifact,quarantine_candidate_clear_candidate_references,[]
10.1093/ijnp/pyae059.625,"[""replaced""]",replaced_by_verified_exact_jats,/Users/frank/Library/CloudStorage/Dropbox/projects/psychedelics_knowledge_graph/data/processed/fulltext/articles/10_1093_ijnp_pyae059_625.json,europepmc_fulltext_xml,verified_exact_doi,/Users/frank/Library/CloudStorage/Dropbox/projects/psychedelics_knowledge_graph/data/processed/fulltext/source_identity_quarantine_20260710/replaced_artifacts/10_1093_ijnp_pyae059_625.json,grobid,/Users/frank/Library/CloudStorage/Dropbox/projects/psychedelics_knowledge_graph/data/raw/papers/disorder/pdfs/10.1093_ijnp_pyae059.625__be5eaeddf2.pdf,False,True,/Users/frank/Library/CloudStorage/Dropbox/projects/psychedelics_knowledge_graph/data/raw/papers/pdfs/10.1093_ijnp_pyae059.625__be5eaeddf2.pdf,b5208b6c41c0a277e020ee1521900acb9df0c3c879710c3463ed9d00807d1d83,1518022,[],"[{""row_index"": 27395, ""doi"": ""10.1093/ijnp/pyae059.625"", ""pdf_download_status"": ""already_present"", ""flag_has_local_pdf"": true, ""has_converted_full_text"": false, ""fulltext_artifact_paths"": """", ""fields"": [""local_pdf_paths"", ""pdf_local_path""]}]",[],[],,unresolved,10.1177/10600280221113572,A NATURALISTIC RETROSPECTIVE STUDY OF ARIPIPRAZOLE ONCE-MONTHLY 400 MG USED FOR SCHIZOPHRENIA,0.1792,refetch_europepmc_jats:11814629,quarantine_candidate_clear_candidate_references,[]
10.1093/ijnp/pyae059.626,"[""quarantined""]",quarantined_no_canonical_artifact,,,,/Users/frank/Library/CloudStorage/Dropbox/projects/psychedelics_knowledge_graph/data/processed/fulltext/source_identity_quarantine_20260710/quarantined_artifacts/10_1093_ijnp_pyae059_626.json,grobid,/Users/frank/Library/CloudStorage/Dropbox/projects/psychedelics_knowledge_graph/data/raw/papers/disorder/pdfs/10.1093_ijnp_pyae059.626__76fae611f9.pdf,False,True,/Users/frank/Library/CloudStorage/Dropbox/projects/psychedelics_knowledge_graph/data/raw/papers/pdfs/10.1093_ijnp_pyae059.626__76fae611f9.pdf,e5260a8d2936e74f2a0b4e0e7db499095c0e60e8820c64c894265ffb1e2dbd56,1517047,[],"[{""row_index"": 27396, ""doi"": ""10.1093/ijnp/pyae059.626"", ""pdf_download_status"": ""source_identity_quarantined"", ""flag_has_local_pdf"": false, ""has_converted_full_text"": false, ""fulltext_artifact_paths"": """", ""fields"": [""local_pdf_paths""]}]",[],"[""unsegmented_proceedings_container""]",proceedings_container,valid_exact,,"EVENAMIDE, AS AN ADD-ON TO ANTIPSYCHOTICS, PRODUCES LONG-LASTING CLINICALLY MEANINGFUL BENEFIT AND CONVERTS TREATMENT-RESISTANT SCHIZOPHRENIA (TRS) PATIENTS INTO A RESPONSIVE STATE: 6-MONTH RESULTS FROM AN ONGOING INTERNATIONAL RANDOMIZED STUDY",0.303,keep_current_artifact,quarantine_candidate_clear_candidate_references,[]
10.1093/ijnp/pyaf052.011,"[""quarantined""]",quarantined_no_canonical_artifact,,,,/Users/frank/Library/CloudStorage/Dropbox/projects/psychedelics_knowledge_graph/data/processed/fulltext/source_identity_quarantine_20260710/quarantined_artifacts/10_1093_ijnp_pyaf052_011.json,grobid,/Users/frank/Library/CloudStorage/Dropbox/projects/psychedelics_knowledge_graph/data/raw/papers/disorder/pdfs/10.1093_ijnp_pyaf052.011__17a19e47f0.pdf,False,True,/Users/frank/Library/CloudStorage/Dropbox/projects/psychedelics_knowledge_graph/data/raw/papers/pdfs/10.1093_ijnp_pyaf052.011__17a19e47f0.pdf,cf34521904f01ed2aa5d2bd9498ac4ce8ad3314fcd9d4dc5e42c96d9dbe8aadc,34932,[],"[{""row_index"": 27412, ""doi"": ""10.1093/ijnp/pyaf052.011"", ""pdf_download_status"": ""source_identity_quarantined"", ""flag_has_local_pdf"": false, ""has_converted_full_text"": false, ""fulltext_artifact_paths"": """", ""fields"": [""local_pdf_paths""]}]",[],"[""unsegmented_proceedings_container""]",proceedings_container,valid_exact,,69. THERAPEUTIC MEMORY RECONSOLIDATION AS A TREATMENT FOR SUBSTANCE USE DISORDERS AND HOW PSYCHEDELICS ARE FACILITATING THIS INTERVENTION: THE UNITY STUDY,0.9968,keep_current_artifact,quarantine_candidate_clear_candidate_references,[]
10.1093/ijnp/pyaf052.015,"[""quarantined""]",quarantined_no_canonical_artifact,,,,/Users/frank/Library/CloudStorage/Dropbox/projects/psychedelics_knowledge_graph/data/processed/fulltext/source_identity_quarantine_20260710/quarantined_artifacts/10_1093_ijnp_pyaf052_015.json,grobid,/Users/frank/Library/CloudStorage/Dropbox/projects/psychedelics_knowledge_graph/data/raw/papers/disorder/pdfs/10.1093_ijnp_pyaf052.015__60ad55f237.pdf,False,True,/Users/frank/Library/CloudStorage/Dropbox/projects/psychedelics_knowledge_graph/data/raw/papers/pdfs/10.1093_ijnp_pyaf052.015__60ad55f237.pdf,26691d331d9988455de9b1a7f795cb93d0c92c4b0a6c0cf24b0b675dda91dcc7,42427,[],"[{""row_index"": 27414, ""doi"": ""10.1093/ijnp/pyaf052.015"", ""pdf_download_status"": ""source_identity_quarantined"", ""flag_has_local_pdf"": false, ""has_converted_full_text"": false, ""fulltext_artifact_paths"": """", ""fields"": [""local_pdf_paths""]}]",[],"[""unsegmented_proceedings_container""]",proceedings_container,valid_exact,,82. ELUCIDATING NMDA RECEPTOR HYPOFUNCTION USING SIMULTANEOUS EEG-FMRI MEASURES OF KETAMINE-INDUCED NEURAL DYNAMICS,0.9957,keep_current_artifact,quarantine_candidate_clear_candidate_references,[]
10.1093/ijnp/pyaf052.019,"[""quarantined""]",quarantined_no_canonical_artifact,,,,/Users/frank/Library/CloudStorage/Dropbox/projects/psychedelics_knowledge_graph/data/processed/fulltext/source_identity_quarantine_20260710/quarantined_artifacts/10_1093_ijnp_pyaf052_019.json,grobid,/Users/frank/Library/CloudStorage/Dropbox/projects/psychedelics_knowledge_graph/data/raw/papers/disorder/pdfs/10.1093_ijnp_pyaf052.019__8c42b6936e.pdf,False,True,/Users/frank/Library/CloudStorage/Dropbox/projects/psychedelics_knowledge_graph/data/raw/papers/pdfs/10.1093_ijnp_pyaf052.019__8c42b6936e.pdf,72f35bf27e0b6bf452d05cba1ecdbc4fd8d535dd5ce7ba3b6894d6f8a80004c5,36863,[],"[{""row_index"": 27415, ""doi"": ""10.1093/ijnp/pyaf052.019"", ""pdf_download_status"": ""source_identity_quarantined"", ""flag_has_local_pdf"": false, ""has_converted_full_text"": false, ""fulltext_artifact_paths"": """", ""fields"": [""local_pdf_paths""]}]",[],"[""unsegmented_proceedings_container""]",proceedings_container,valid_exact,,"204. A NOVEL, NON-HALLUCINOGENIC PSYCHEDELIC FOR THE TREATMENT OF OCD AND TIC DISORDER",1.0,keep_current_artifact,quarantine_candidate_clear_candidate_references,[]
10.1093/ijnp/pyaf052.026,"[""quarantined""]",quarantined_no_canonical_artifact,,,,/Users/frank/Library/CloudStorage/Dropbox/projects/psychedelics_knowledge_graph/data/processed/fulltext/source_identity_quarantine_20260710/quarantined_artifacts/10_1093_ijnp_pyaf052_026.json,grobid,/Users/frank/Library/CloudStorage/Dropbox/projects/psychedelics_knowledge_graph/data/raw/papers/disorder/pdfs/10.1093_ijnp_pyaf052.026__962e814630.pdf,False,True,/Users/frank/Library/CloudStorage/Dropbox/projects/psychedelics_knowledge_graph/data/raw/papers/pdfs/10.1093_ijnp_pyaf052.026__962e814630.pdf,0e7f73432e7bbb4b8d4f5e2f7ef92b1903209caa43f77ca811e49426dbc9524e,109971,[],"[{""row_index"": 27416, ""doi"": ""10.1093/ijnp/pyaf052.026"", ""pdf_download_status"": ""source_identity_quarantined"", ""flag_has_local_pdf"": false, ""has_converted_full_text"": false, ""fulltext_artifact_paths"": """", ""fields"": [""local_pdf_paths""]}]",[],"[""unsegmented_proceedings_container""]",proceedings_container,valid_exact,,229. PSILOCYBIN WITH PSYCHOTHERAPEUTIC SUPPORT FOR TREATMENT-RESISTANT DEPRESSION: A PILOT CLINICAL TRIAL,1.0,keep_current_artifact,quarantine_candidate_clear_candidate_references,[]
10.1093/ijnp/pyaf052.032,"[""quarantined""]",quarantined_no_canonical_artifact,,,,/Users/frank/Library/CloudStorage/Dropbox/projects/psychedelics_knowledge_graph/data/processed/fulltext/source_identity_quarantine_20260710/quarantined_artifacts/10_1093_ijnp_pyaf052_032.json,grobid,/Users/frank/Library/CloudStorage/Dropbox/projects/psychedelics_knowledge_graph/data/raw/papers/disorder/pdfs/10.1093_ijnp_pyaf052.032__836e59c3cd.pdf,False,True,/Users/frank/Library/CloudStorage/Dropbox/projects/psychedelics_knowledge_graph/data/raw/papers/pdfs/10.1093_ijnp_pyaf052.032__836e59c3cd.pdf,a849f41bbf5660b26c43303a0535996b0729b5b331cafae46f8a1bc63b793fff,143717,[],"[{""row_index"": 27417, ""doi"": ""10.1093/ijnp/pyaf052.032"", ""pdf_download_status"": ""source_identity_quarantined"", ""flag_has_local_pdf"": false, ""has_converted_full_text"": false, ""fulltext_artifact_paths"": """", ""fields"": [""local_pdf_paths""]}]",[],"[""unsegmented_proceedings_container""]",proceedings_container,valid_exact,,245. USING CLASSIFICATION AND REGRESSION TREE MODELLING TO INVESTIGATE LOW-DOSE KETAMINE'S EFFECT ON REMISSION OF SUICIDAL SYMPTOMS AMONG PATIENTS WITH TREATMENT-RESISTANT DEPRESSION AND STRONG SUICIDAL THOUGHT,1.0,keep_current_artifact,quarantine_candidate_clear_candidate_references,[]
10.1093/ijnp/pyaf052.075,"[""quarantined""]",quarantined_no_canonical_artifact,,,,/Users/frank/Library/CloudStorage/Dropbox/projects/psychedelics_knowledge_graph/data/processed/fulltext/source_identity_quarantine_20260710/quarantined_artifacts/10_1093_ijnp_pyaf052_075.json,grobid,/Users/frank/Library/CloudStorage/Dropbox/projects/psychedelics_knowledge_graph/data/raw/papers/disorder/pdfs/10.1093_ijnp_pyaf052.075__f463a9c54e.pdf,False,True,/Users/frank/Library/CloudStorage/Dropbox/projects/psychedelics_knowledge_graph/data/raw/papers/pdfs/10.1093_ijnp_pyaf052.075__f463a9c54e.pdf,1fefeeb8eb112c021a2891616f8a9ec6e3d8e86284758257d915b5fbbcf42be6,47782,[],"[{""row_index"": 27420, ""doi"": ""10.1093/ijnp/pyaf052.075"", ""pdf_download_status"": ""source_identity_quarantined"", ""flag_has_local_pdf"": false, ""has_converted_full_text"": false, ""fulltext_artifact_paths"": """", ""fields"": [""local_pdf_paths""]}]",[],"[""unsegmented_proceedings_container""]",proceedings_container,valid_exact,,476. ACUTE AND CHRONIC PSILOCYBIN IN MOUSE MODELS OF PSYCHIATRIC DISORDERS,1.0,keep_current_artifact,quarantine_candidate_clear_candidate_references,[]
10.1093/ijnp/pyaf052.084,"[""quarantined""]",quarantined_no_canonical_artifact,,,,/Users/frank/Library/CloudStorage/Dropbox/projects/psychedelics_knowledge_graph/data/processed/fulltext/source_identity_quarantine_20260710/quarantined_artifacts/10_1093_ijnp_pyaf052_084.json,grobid,/Users/frank/Library/CloudStorage/Dropbox/projects/psychedelics_knowledge_graph/data/raw/papers/disorder/pdfs/10.1093_ijnp_pyaf052.084__dbf1298c1f.pdf,False,True,/Users/frank/Library/CloudStorage/Dropbox/projects/psychedelics_knowledge_graph/data/raw/papers/pdfs/10.1093_ijnp_pyaf052.084__dbf1298c1f.pdf,15be172f1d7ca94b9d9e91ae719a79c07634b77792539302fd3230a29734a52c,37287,[],"[{""row_index"": 27421, ""doi"": ""10.1093/ijnp/pyaf052.084"", ""pdf_download_status"": ""source_identity_quarantined"", ""flag_has_local_pdf"": false, ""has_converted_full_text"": false, ""fulltext_artifact_paths"": """", ""fields"": [""local_pdf_paths""]}]",[],"[""unsegmented_proceedings_container""]",proceedings_container,valid_exact,,"519. PSILOCYBIN ASSISTED PSYCHOTHERAPY FOR OBSESSIVE COMPULSIVE DISORDER, BODY DYSMORPHIC DISORDER, AND ANOREXIA NERVOSA: STUDY PROTOCOL",1.0,keep_current_artifact,quarantine_candidate_clear_candidate_references,[]
10.1093/ijnp/pyaf052.093,"[""quarantined""]",quarantined_no_canonical_artifact,,,,/Users/frank/Library/CloudStorage/Dropbox/projects/psychedelics_knowledge_graph/data/processed/fulltext/source_identity_quarantine_20260710/quarantined_artifacts/10_1093_ijnp_pyaf052_093.json,grobid,/Users/frank/Library/CloudStorage/Dropbox/projects/psychedelics_knowledge_graph/data/raw/papers/disorder/pdfs/10.1093_ijnp_pyaf052.093__7fe05381b2.pdf,False,True,/Users/frank/Library/CloudStorage/Dropbox/projects/psychedelics_knowledge_graph/data/raw/papers/pdfs/10.1093_ijnp_pyaf052.093__7fe05381b2.pdf,001c8f12dc4be2c718d27cc5c7c3a8d2d782a4baf3c55faf50572f7e6d9b3101,106448,[],"[{""row_index"": 27422, ""doi"": ""10.1093/ijnp/pyaf052.093"", ""pdf_download_status"": ""source_identity_quarantined"", ""flag_has_local_pdf"": false, ""has_converted_full_text"": false, ""fulltext_artifact_paths"": """", ""fields"": [""local_pdf_paths""]}]",[],"[""unsegmented_proceedings_container""]",proceedings_container,valid_exact,,631. PSILOCYBIN AND KETANSERIN VS RTMS IN TREATMENT-RESISTANT DEPRESSION: ENHANCING TOLERABILITY BY MITIGATING PSYCHEDELIC EFFECTS,1.0,keep_current_artifact,quarantine_candidate_clear_candidate_references,[]
10.1093/ijnp/pyaf052.111,"[""quarantined""]",quarantined_no_canonical_artifact,,,,/Users/frank/Library/CloudStorage/Dropbox/projects/psychedelics_knowledge_graph/data/processed/fulltext/source_identity_quarantine_20260710/quarantined_artifacts/10_1093_ijnp_pyaf052_111.json,grobid,/Users/frank/Library/CloudStorage/Dropbox/projects/psychedelics_knowledge_graph/data/raw/papers/disorder/pdfs/10.1093_ijnp_pyaf052.111__d6a1d6853c.pdf,False,True,/Users/frank/Library/CloudStorage/Dropbox/projects/psychedelics_knowledge_graph/data/raw/papers/pdfs/10.1093_ijnp_pyaf052.111__d6a1d6853c.pdf,3acb2d1c55f6b5a52b6209a6bf63ade8d9a7348c708ae51b931d87fcc1b2d633,42300,[],"[{""row_index"": 27423, ""doi"": ""10.1093/ijnp/pyaf052.111"", ""pdf_download_status"": ""source_identity_quarantined"", ""flag_has_local_pdf"": false, ""has_converted_full_text"": false, ""fulltext_artifact_paths"": """", ""fields"": [""local_pdf_paths""]}]",[],"[""unsegmented_proceedings_container""]",proceedings_container,valid_exact,,694. INVESTIGATING THE POTENTIAL OF PSILOCYBIN FOR COMPULSIVE EATING IN A RAT MODEL OF BINGE EATING,1.0,keep_current_artifact,quarantine_candidate_clear_candidate_references,[]
10.1093/ijnp/pyaf052.124,"[""quarantined""]",quarantined_no_canonical_artifact,,,,/Users/frank/Library/CloudStorage/Dropbox/projects/psychedelics_knowledge_graph/data/processed/fulltext/source_identity_quarantine_20260710/quarantined_artifacts/10_1093_ijnp_pyaf052_124.json,grobid,/Users/frank/Library/CloudStorage/Dropbox/projects/psychedelics_knowledge_graph/data/raw/papers/disorder/pdfs/10.1093_ijnp_pyaf052.124__537128c1cb.pdf,False,True,/Users/frank/Library/CloudStorage/Dropbox/projects/psychedelics_knowledge_graph/data/raw/papers/pdfs/10.1093_ijnp_pyaf052.124__537128c1cb.pdf,9565cdace0999927ee19020befed60ff14d49352584ffe3428c44dbee7bb7c04,37784,[],"[{""row_index"": 27424, ""doi"": ""10.1093/ijnp/pyaf052.124"", ""pdf_download_status"": ""source_identity_quarantined"", ""flag_has_local_pdf"": false, ""has_converted_full_text"": false, ""fulltext_artifact_paths"": """", ""fields"": [""local_pdf_paths""]}]",[],"[""unsegmented_proceedings_container""]",proceedings_container,valid_exact,,64. PSILOCYBIN DURING THE POSTPARTUM PERIOD INDUCES LONG-LASTING ADVERSE EFFECTS IN BOTH MOTHERS AND OFFSPRING,0.9955,keep_current_artifact,quarantine_candidate_clear_candidate_references,[]
10.1093/ijnp/pyaf052.154,"[""quarantined""]",quarantined_no_canonical_artifact,,,,/Users/frank/Library/CloudStorage/Dropbox/projects/psychedelics_knowledge_graph/data/processed/fulltext/source_identity_quarantine_20260710/quarantined_artifacts/10_1093_ijnp_pyaf052_154.json,grobid,/Users/frank/Library/CloudStorage/Dropbox/projects/psychedelics_knowledge_graph/data/raw/papers/disorder/pdfs/10.1093_ijnp_pyaf052.154__b7083e9869.pdf,False,True,/Users/frank/Library/CloudStorage/Dropbox/projects/psychedelics_knowledge_graph/data/raw/papers/pdfs/10.1093_ijnp_pyaf052.154__b7083e9869.pdf,ef8a74aa04c26126fa5da8c8a3498ef37eee4154b99c05a41d53f9a99055a2b7,41785,[],"[{""row_index"": 27428, ""doi"": ""10.1093/ijnp/pyaf052.154"", ""pdf_download_status"": ""source_identity_quarantined"", ""flag_has_local_pdf"": false, ""has_converted_full_text"": false, ""fulltext_artifact_paths"": """", ""fields"": [""local_pdf_paths""]}]",[],"[""unsegmented_proceedings_container""]",proceedings_container,valid_exact,,620. IDENTIFICATION OF BLOOD BIOMARKERS OF PSILOCYBIN-ASSISTED THERAPY TREATMENT RESPONSE FOR GENERALISED ANXIETY DISORDER,1.0,keep_current_artifact,quarantine_candidate_clear_candidate_references,[]
10.1093/ijnp/pyaf052.159,"[""quarantined""]",quarantined_no_canonical_artifact,,,,/Users/frank/Library/CloudStorage/Dropbox/projects/psychedelics_knowledge_graph/data/processed/fulltext/source_identity_quarantine_20260710/quarantined_artifacts/10_1093_ijnp_pyaf052_159.json,grobid,/Users/frank/Library/CloudStorage/Dropbox/projects/psychedelics_knowledge_graph/data/raw/papers/disorder/pdfs/10.1093_ijnp_pyaf052.159__dcb52ab694.pdf,False,True,/Users/frank/Library/CloudStorage/Dropbox/projects/psychedelics_knowledge_graph/data/raw/papers/pdfs/10.1093_ijnp_pyaf052.159__dcb52ab694.pdf,74072ea03cd81e24803448a3ecd44643b1817b2c31ffaf73a8156a90b8fb6eae,36842,[],"[{""row_index"": 27429, ""doi"": ""10.1093/ijnp/pyaf052.159"", ""pdf_download_status"": ""source_identity_quarantined"", ""flag_has_local_pdf"": false, ""has_converted_full_text"": false, ""fulltext_artifact_paths"": """", ""fields"": [""local_pdf_paths""]}]",[],"[""unsegmented_proceedings_container""]",proceedings_container,valid_exact,,670. CAN WE RE-MEDICALISE THE PSYCHEDELIC EXPERIENCE?,1.0,keep_current_artifact,quarantine_candidate_clear_candidate_references,[]
10.1093/ijnp/pyaf052.163,"[""quarantined""]",quarantined_no_canonical_artifact,,,,/Users/frank/Library/CloudStorage/Dropbox/projects/psychedelics_knowledge_graph/data/processed/fulltext/source_identity_quarantine_20260710/quarantined_artifacts/10_1093_ijnp_pyaf052_163.json,grobid,/Users/frank/Library/CloudStorage/Dropbox/projects/psychedelics_knowledge_graph/data/raw/papers/mechanistic/pdfs/10.1093_ijnp_pyaf052.163__1c6bee2221.pdf,False,True,/Users/frank/Library/CloudStorage/Dropbox/projects/psychedelics_knowledge_graph/data/raw/papers/pdfs/10.1093_ijnp_pyaf052.163__1c6bee2221.pdf,cef38071a28202a1f7931296fa2ff22510fd7cf1fff34a57505b4c8bba9312a4,50377,[],"[{""row_index"": 27430, ""doi"": ""10.1093/ijnp/pyaf052.163"", ""pdf_download_status"": ""source_identity_quarantined"", ""flag_has_local_pdf"": false, ""has_converted_full_text"": false, ""fulltext_artifact_paths"": """", ""fields"": [""local_pdf_paths""]}]",[],"[""unsegmented_proceedings_container""]",proceedings_container,valid_exact,,97. NEURAL AND BEHAVIORAL EVIDENCE FROM REINFORCEMENT LEARNING CONVERGE IN SUPPORT OF RELAXED BELIEFS UNDER LSD,1.0,keep_current_artifact,quarantine_candidate_clear_candidate_references,[]
10.1093/ijnp/pyaf052.166,"[""quarantined""]",quarantined_no_canonical_artifact,,,,/Users/frank/Library/CloudStorage/Dropbox/projects/psychedelics_knowledge_graph/data/processed/fulltext/source_identity_quarantine_20260710/quarantined_artifacts/10_1093_ijnp_pyaf052_166.json,grobid,/Users/frank/Library/CloudStorage/Dropbox/projects/psychedelics_knowledge_graph/data/raw/papers/disorder/pdfs/10.1093_ijnp_pyaf052.166__a46f750b7a.pdf,False,True,/Users/frank/Library/CloudStorage/Dropbox/projects/psychedelics_knowledge_graph/data/raw/papers/pdfs/10.1093_ijnp_pyaf052.166__a46f750b7a.pdf,e789fcd95bcdb7bbf32c6d8e03cef103cfb81bdc4be10e1715ef9a290f5ffa39,40080,[],"[{""row_index"": 27431, ""doi"": ""10.1093/ijnp/pyaf052.166"", ""pdf_download_status"": ""source_identity_quarantined"", ""flag_has_local_pdf"": false, ""has_converted_full_text"": false, ""fulltext_artifact_paths"": """", ""fields"": [""local_pdf_paths""]}]",[],"[""unsegmented_proceedings_container""]",proceedings_container,valid_exact,,"55. EXPLORING LSD MICRODOSING IN AN OPEN-LABEL PILOT FOR MAJOR DEPRESSIVE DISORDER: THE INTERPLAY OF BEHAVIORAL ACTIVATION, MOOD IMPROVEMENT, AND CONNECTEDNESS",0.9969,keep_current_artifact,quarantine_candidate_clear_candidate_references,[]
10.1093/ijnp/pyaf052.175,"[""quarantined""]",quarantined_no_canonical_artifact,,,,/Users/frank/Library/CloudStorage/Dropbox/projects/psychedelics_knowledge_graph/data/processed/fulltext/source_identity_quarantine_20260710/quarantined_artifacts/10_1093_ijnp_pyaf052_175.json,grobid,/Users/frank/Library/CloudStorage/Dropbox/projects/psychedelics_knowledge_graph/data/raw/papers/pdfs/10.1093_ijnp_pyaf052.175__20867ce829.pdf,False,,,,0,[],[],[],"[""unsegmented_proceedings_container""]",proceedings_container,valid_exact,,89. EXPLORING THE SUBJECTIVE EXPERIENCE OF PATIENTS WITH TREATMENT-RESISTANT DEPRESSION ON THE EFFECTS OF ESKETAMINE NASAL SPRAY,0.9922,keep_current_artifact,no_active_pdf,
10.1093/ijnp/pyaf052.202,"[""quarantined""]",quarantined_no_canonical_artifact,,,,/Users/frank/Library/CloudStorage/Dropbox/projects/psychedelics_knowledge_graph/data/processed/fulltext/source_identity_quarantine_20260710/quarantined_artifacts/10_1093_ijnp_pyaf052_202.json,grobid,/Users/frank/Library/CloudStorage/Dropbox/projects/psychedelics_knowledge_graph/data/raw/papers/disorder/pdfs/10.1093_ijnp_pyaf052.202__06a6f50711.pdf,False,True,/Users/frank/Library/CloudStorage/Dropbox/projects/psychedelics_knowledge_graph/data/raw/papers/pdfs/10.1093_ijnp_pyaf052.202__06a6f50711.pdf,c02219190f48e2ef9c052aa952e85fdc05025089f5860542288a6b6cd405615f,56597,[],"[{""row_index"": 27433, ""doi"": ""10.1093/ijnp/pyaf052.202"", ""pdf_download_status"": ""source_identity_quarantined"", ""flag_has_local_pdf"": false, ""has_converted_full_text"": false, ""fulltext_artifact_paths"": """", ""fields"": [""local_pdf_paths""]}]",[],"[""unsegmented_proceedings_container""]",proceedings_container,valid_exact,,247. DOES EXCITATORY/INHIBITORY BALANCE PREDICT KETAMINE RESPONSE IN TREATMENT-RESISTANT DEPRESSION? A DOUBLE-BLIND RANDOMIZED CONTROLLED TRIAL WITH 1H-MRS,1.0,keep_current_artifact,quarantine_candidate_clear_candidate_references,[]
10.1093/ijnp/pyaf052.234,"[""quarantined""]",quarantined_no_canonical_artifact,,,,/Users/frank/Library/CloudStorage/Dropbox/projects/psychedelics_knowledge_graph/data/processed/fulltext/source_identity_quarantine_20260710/quarantined_artifacts/10_1093_ijnp_pyaf052_234.json,grobid,/Users/frank/Library/CloudStorage/Dropbox/projects/psychedelics_knowledge_graph/data/raw/papers/mechanistic/pdfs/10.1093_ijnp_pyaf052.234__5ed0c7665f.pdf,False,True,/Users/frank/Library/CloudStorage/Dropbox/projects/psychedelics_knowledge_graph/data/raw/papers/pdfs/10.1093_ijnp_pyaf052.234__5ed0c7665f.pdf,ace4f594d91ba24eeac0b1dcdcc5459b487507312f33ebcdb5aa773d0c522868,55334,[],"[{""row_index"": 27435, ""doi"": ""10.1093/ijnp/pyaf052.234"", ""pdf_download_status"": ""source_identity_quarantined"", ""flag_has_local_pdf"": false, ""has_converted_full_text"": false, ""fulltext_artifact_paths"": """", ""fields"": [""local_pdf_paths""]}]",[],"[""unsegmented_proceedings_container""]",proceedings_container,valid_exact,,327. 5-HT2B RECEPTORS MODULATE THE ANTIDEPRESSANT-LIKE RESPONSE OF THE PSYCHEDELIC LSD IN RAT BUT NOT IN MICE,1.0,keep_current_artifact,quarantine_candidate_clear_candidate_references,[]
10.1093/ijnp/pyaf052.265,"[""quarantined""]",quarantined_no_canonical_artifact,,,,/Users/frank/Library/CloudStorage/Dropbox/projects/psychedelics_knowledge_graph/data/processed/fulltext/source_identity_quarantine_20260710/quarantined_artifacts/10_1093_ijnp_pyaf052_265.json,grobid,/Users/frank/Library/CloudStorage/Dropbox/projects/psychedelics_knowledge_graph/data/raw/papers/disorder/pdfs/10.1093_ijnp_pyaf052.265__e2b7a41f58.pdf,False,True,/Users/frank/Library/CloudStorage/Dropbox/projects/psychedelics_knowledge_graph/data/raw/papers/pdfs/10.1093_ijnp_pyaf052.265__e2b7a41f58.pdf,2f30da9be002cd38502938978246ae83aef7d590d76c61e98faac9e9caec7341,88432,[],"[{""row_index"": 27437, ""doi"": ""10.1093/ijnp/pyaf052.265"", ""pdf_download_status"": ""source_identity_quarantined"", ""flag_has_local_pdf"": false, ""has_converted_full_text"": false, ""fulltext_artifact_paths"": """", ""fields"": [""local_pdf_paths""]}]",[],"[""unsegmented_proceedings_container""]",proceedings_container,valid_exact,,"413. CLINICAL EXPERIENCES WITH ESKETAMINE TREATMENT AT THE DEPARTMENT OF PSYCHIATRY AND PSYCHOLOGICAL MEDICINE, UNIVERSITY HOSPITAL CENTRE ZAGREB, DURING THE PERIOD FROM 2022 TO 2024",1.0,keep_current_artifact,quarantine_candidate_clear_candidate_references,[]
10.1093/ijnp/pyaf052.304,"[""quarantined""]",quarantined_no_canonical_artifact,,,,/Users/frank/Library/CloudStorage/Dropbox/projects/psychedelics_knowledge_graph/data/processed/fulltext/source_identity_quarantine_20260710/quarantined_artifacts/10_1093_ijnp_pyaf052_304.json,grobid,/Users/frank/Library/CloudStorage/Dropbox/projects/psychedelics_knowledge_graph/data/raw/papers/mechanistic/pdfs/10.1093_ijnp_pyaf052.304__ea0375afe3.pdf,False,True,/Users/frank/Library/CloudStorage/Dropbox/projects/psychedelics_knowledge_graph/data/raw/papers/pdfs/10.1093_ijnp_pyaf052.304__ea0375afe3.pdf,14df142b4dc9e02a3446401701946a22e8874bcbb320996ccdca3af3de9f62e2,42447,[],"[{""row_index"": 27438, ""doi"": ""10.1093/ijnp/pyaf052.304"", ""pdf_download_status"": ""source_identity_quarantined"", ""flag_has_local_pdf"": false, ""has_converted_full_text"": false, ""fulltext_artifact_paths"": """", ""fields"": [""local_pdf_paths""]}]",[],"[""unsegmented_proceedings_container""]",proceedings_container,valid_exact,,520. INCREASE OF THE AMPA-EVOKED RESPONSE IN PREFRONTAL CORTEX PYRAMIDAL NEURONS FOLLOWING ACUTE ADMINISTRATION OF KETAMINE AND S-KETAMINE IN RATS,1.0,keep_current_artifact,quarantine_candidate_clear_candidate_references,[]
10.1093/ijnp/pyaf052.363,"[""quarantined""]",quarantined_no_canonical_artifact,,,,/Users/frank/Library/CloudStorage/Dropbox/projects/psychedelics_knowledge_graph/data/processed/fulltext/source_identity_quarantine_20260710/quarantined_artifacts/10_1093_ijnp_pyaf052_363.json,grobid,/Users/frank/Library/CloudStorage/Dropbox/projects/psychedelics_knowledge_graph/data/raw/papers/disorder/pdfs/10.1093_ijnp_pyaf052.363__782d3acccd.pdf,False,True,/Users/frank/Library/CloudStorage/Dropbox/projects/psychedelics_knowledge_graph/data/raw/papers/pdfs/10.1093_ijnp_pyaf052.363__782d3acccd.pdf,aeed8063173fbc805a6d5c6d1eb7c3f1d82e152e77440ee4d4313908e7529dfb,49792,[],"[{""row_index"": 27441, ""doi"": ""10.1093/ijnp/pyaf052.363"", ""pdf_download_status"": ""source_identity_quarantined"", ""flag_has_local_pdf"": false, ""has_converted_full_text"": false, ""fulltext_artifact_paths"": """", ""fields"": [""local_pdf_paths""]}]",[],"[""unsegmented_proceedings_container""]",proceedings_container,valid_exact,,544. MOLECULAR AND CELLULAR MECHANISMS OF THE LONG-LASTING EFFECTS OF PSYCHEDELICS AND THEIR NON-HALLUCINOGENIC DERIVATIVES,1.0,keep_current_artifact,quarantine_candidate_clear_candidate_references,[]
10.1093/ijnp/pyaf052.368,"[""quarantined""]",quarantined_no_canonical_artifact,,,,/Users/frank/Library/CloudStorage/Dropbox/projects/psychedelics_knowledge_graph/data/processed/fulltext/source_identity_quarantine_20260710/quarantined_artifacts/10_1093_ijnp_pyaf052_368.json,grobid,/Users/frank/Library/CloudStorage/Dropbox/projects/psychedelics_knowledge_graph/data/raw/papers/disorder/pdfs/10.1093_ijnp_pyaf052.368__39774e602a.pdf,False,True,/Users/frank/Library/CloudStorage/Dropbox/projects/psychedelics_knowledge_graph/data/raw/papers/pdfs/10.1093_ijnp_pyaf052.368__39774e602a.pdf,afcd669339150b301a27a52401760c85cde4389c6c378be57ada78ae94ff60a5,47957,[],"[{""row_index"": 27442, ""doi"": ""10.1093/ijnp/pyaf052.368"", ""pdf_download_status"": ""source_identity_quarantined"", ""flag_has_local_pdf"": false, ""has_converted_full_text"": false, ""fulltext_artifact_paths"": """", ""fields"": [""local_pdf_paths""]}]",[],"[""unsegmented_proceedings_container""]",proceedings_container,valid_exact,,551. PSYCHEDELICS AND OCD: TRANSLATIONAL APPROACHES,1.0,keep_current_artifact,quarantine_candidate_clear_candidate_references,[]
10.1093/ijnp/pyaf052.372,"[""quarantined""]",quarantined_no_canonical_artifact,,,,/Users/frank/Library/CloudStorage/Dropbox/projects/psychedelics_knowledge_graph/data/processed/fulltext/source_identity_quarantine_20260710/quarantined_artifacts/10_1093_ijnp_pyaf052_372.json,grobid,/Users/frank/Library/CloudStorage/Dropbox/projects/psychedelics_knowledge_graph/data/raw/papers/disorder/pdfs/10.1093_ijnp_pyaf052.372__7a0c1127bb.pdf,False,True,/Users/frank/Library/CloudStorage/Dropbox/projects/psychedelics_knowledge_graph/data/raw/papers/pdfs/10.1093_ijnp_pyaf052.372__7a0c1127bb.pdf,c6df2022d66e774480c8c752bf1c324e04cf0a8d62fb3f4b94e649e45242f8ab,45284,[],"[{""row_index"": 27443, ""doi"": ""10.1093/ijnp/pyaf052.372"", ""pdf_download_status"": ""source_identity_quarantined"", ""flag_has_local_pdf"": false, ""has_converted_full_text"": false, ""fulltext_artifact_paths"": """", ""fields"": [""local_pdf_paths""]}]",[],"[""unsegmented_proceedings_container""]",proceedings_container,valid_exact,,564. TOWARD AN UNDERSTANDING OF THE THERAPEUTICALLY RELEVANT MECHANISMS OF PSILOCYBIN FOR ANOREXIA NERVOSA,1.0,keep_current_artifact,quarantine_candidate_clear_candidate_references,[]
10.1093/ijnp/pyaf052.377,"[""quarantined""]",quarantined_no_canonical_artifact,,,,/Users/frank/Library/CloudStorage/Dropbox/projects/psychedelics_knowledge_graph/data/processed/fulltext/source_identity_quarantine_20260710/quarantined_artifacts/10_1093_ijnp_pyaf052_377.json,grobid,/Users/frank/Library/CloudStorage/Dropbox/projects/psychedelics_knowledge_graph/data/raw/papers/disorder/pdfs/10.1093_ijnp_pyaf052.377__dca6c0c30f.pdf,False,True,/Users/frank/Library/CloudStorage/Dropbox/projects/psychedelics_knowledge_graph/data/raw/papers/pdfs/10.1093_ijnp_pyaf052.377__dca6c0c30f.pdf,4e71b205c1aa08a7d394b8cfc8c03c89cb0b5af6a02c86a3e3c138cb983ab4a5,30551,[],"[{""row_index"": 27444, ""doi"": ""10.1093/ijnp/pyaf052.377"", ""pdf_download_status"": ""source_identity_quarantined"", ""flag_has_local_pdf"": false, ""has_converted_full_text"": false, ""fulltext_artifact_paths"": """", ""fields"": [""local_pdf_paths""]}]",[],"[""unsegmented_proceedings_container""]",proceedings_container,valid_exact,,577. CLINICAL EVIDENCE AND APPLICATIONS OF PSYCHEDELICS FOR MENTAL ILLNESSES,1.0,keep_current_artifact,quarantine_candidate_clear_candidate_references,[]
10.1093/ijnp/pyaf052.395,"[""quarantined""]",quarantined_no_canonical_artifact,,,,/Users/frank/Library/CloudStorage/Dropbox/projects/psychedelics_knowledge_graph/data/processed/fulltext/source_identity_quarantine_20260710/quarantined_artifacts/10_1093_ijnp_pyaf052_395.json,grobid,/Users/frank/Library/CloudStorage/Dropbox/projects/psychedelics_knowledge_graph/data/raw/papers/disorder/pdfs/10.1093_ijnp_pyaf052.395__9504d43f38.pdf,False,True,/Users/frank/Library/CloudStorage/Dropbox/projects/psychedelics_knowledge_graph/data/raw/papers/pdfs/10.1093_ijnp_pyaf052.395__9504d43f38.pdf,4dd9cf1c193acb3b2b290a1b2210f504d0cfc1b7a70d73f63bc0423b6b7397a2,39367,[],"[{""row_index"": 27445, ""doi"": ""10.1093/ijnp/pyaf052.395"", ""pdf_download_status"": ""source_identity_quarantined"", ""flag_has_local_pdf"": false, ""has_converted_full_text"": false, ""fulltext_artifact_paths"": """", ""fields"": [""local_pdf_paths""]}]",[],"[""unsegmented_proceedings_container""]",proceedings_container,valid_exact,,651. DISCOVERY OF OMICS-BIOMARKERS OF KETAMINE FOR TREATMENT RESPONSE IN DEPRESSION,1.0,keep_current_artifact,quarantine_candidate_clear_candidate_references,[]
10.1093/ijnp/pyaf052.397,"[""quarantined""]",quarantined_no_canonical_artifact,,,,/Users/frank/Library/CloudStorage/Dropbox/projects/psychedelics_knowledge_graph/data/processed/fulltext/source_identity_quarantine_20260710/quarantined_artifacts/10_1093_ijnp_pyaf052_397.json,grobid,/Users/frank/Library/CloudStorage/Dropbox/projects/psychedelics_knowledge_graph/data/raw/papers/disorder/pdfs/10.1093_ijnp_pyaf052.397__43db41f87c.pdf,False,True,/Users/frank/Library/CloudStorage/Dropbox/projects/psychedelics_knowledge_graph/data/raw/papers/pdfs/10.1093_ijnp_pyaf052.397__43db41f87c.pdf,206cf1671efb8bbf4627c8c11c4bfc04bcaed7bfbda0e78c450de64ffa72b1d1,32957,[],"[{""row_index"": 27446, ""doi"": ""10.1093/ijnp/pyaf052.397"", ""pdf_download_status"": ""source_identity_quarantined"", ""flag_has_local_pdf"": false, ""has_converted_full_text"": false, ""fulltext_artifact_paths"": """", ""fields"": [""local_pdf_paths""]}]",[],"[""unsegmented_proceedings_container""]",proceedings_container,valid_exact,,655. EXPANDING ACCESS TO KETAMINE THROUGH REFORMULATION,1.0,keep_current_artifact,quarantine_candidate_clear_candidate_references,[]
10.1093/ijnp/pyaf052.399,"[""quarantined""]",quarantined_no_canonical_artifact,,,,/Users/frank/Library/CloudStorage/Dropbox/projects/psychedelics_knowledge_graph/data/processed/fulltext/source_identity_quarantine_20260710/quarantined_artifacts/10_1093_ijnp_pyaf052_399.json,grobid,/Users/frank/Library/CloudStorage/Dropbox/projects/psychedelics_knowledge_graph/data/raw/papers/disorder/pdfs/10.1093_ijnp_pyaf052.399__85f8ba1c7e.pdf,False,True,/Users/frank/Library/CloudStorage/Dropbox/projects/psychedelics_knowledge_graph/data/raw/papers/pdfs/10.1093_ijnp_pyaf052.399__85f8ba1c7e.pdf,422a71bfc836d956af475e68c952520bec58808e8358185e173e9d1340ad4460,35175,[],"[{""row_index"": 27447, ""doi"": ""10.1093/ijnp/pyaf052.399"", ""pdf_download_status"": ""source_identity_quarantined"", ""flag_has_local_pdf"": false, ""has_converted_full_text"": false, ""fulltext_artifact_paths"": """", ""fields"": [""local_pdf_paths""]}]",[],"[""unsegmented_proceedings_container""]",proceedings_container,valid_exact,,657. ECONOMIC EVALUATIONS OF EMERGING PHARMACOLOGICAL THERAPIES FOR TREATMENT RESISTANT DEPRESSION,1.0,keep_current_artifact,quarantine_candidate_clear_candidate_references,[]
10.1093/ijnp/pyaf052.401,"[""quarantined""]",quarantined_no_canonical_artifact,,,,/Users/frank/Library/CloudStorage/Dropbox/projects/psychedelics_knowledge_graph/data/processed/fulltext/source_identity_quarantine_20260710/quarantined_artifacts/10_1093_ijnp_pyaf052_401.json,grobid,/Users/frank/Library/CloudStorage/Dropbox/projects/psychedelics_knowledge_graph/data/raw/papers/disorder/pdfs/10.1093_ijnp_pyaf052.401__1ce1781575.pdf,False,True,/Users/frank/Library/CloudStorage/Dropbox/projects/psychedelics_knowledge_graph/data/raw/papers/pdfs/10.1093_ijnp_pyaf052.401__1ce1781575.pdf,a3ec5ee2d8386a6477210cbf154954e7b0723f0343dd70b7d62b0eac93c5e761,41355,[],"[{""row_index"": 27448, ""doi"": ""10.1093/ijnp/pyaf052.401"", ""pdf_download_status"": ""source_identity_quarantined"", ""flag_has_local_pdf"": false, ""has_converted_full_text"": false, ""fulltext_artifact_paths"": """", ""fields"": [""local_pdf_paths""]}]",[],"[""unsegmented_proceedings_container""]",proceedings_container,valid_exact,,661. A SINGLE DOSE OF LYSERGIC ACID DIETHYLAMIDE (LSD) REDUCES ALCOHOL CONSUMPTION AND REVERTS DOPAMINERGIC (DA) DISFUNCTION IN MALE MICE,1.0,keep_current_artifact,quarantine_candidate_clear_candidate_references,[]
10.1093/ijnp/pyw041.503,"[""quarantined""]",quarantined_no_canonical_artifact,,,,/Users/frank/Library/CloudStorage/Dropbox/projects/psychedelics_knowledge_graph/data/processed/fulltext/source_identity_quarantine_20260710/quarantined_artifacts/10_1093_ijnp_pyw041_503.json,grobid,/Users/frank/Library/CloudStorage/Dropbox/projects/psychedelics_knowledge_graph/data/raw/papers/pdfs/10.1093_ijnp_pyw041.503__6d5c286b67.pdf,False,,,,0,[],[],[],"[""unsegmented_proceedings_container""]",proceedings_container,,,,,,no_active_pdf,
10.1093/ijnp/pyw041.504,"[""quarantined""]",quarantined_no_canonical_artifact,,,,/Users/frank/Library/CloudStorage/Dropbox/projects/psychedelics_knowledge_graph/data/processed/fulltext/source_identity_quarantine_20260710/quarantined_artifacts/10_1093_ijnp_pyw041_504.json,grobid,/Users/frank/Library/CloudStorage/Dropbox/projects/psychedelics_knowledge_graph/data/raw/papers/pdfs/10.1093_ijnp_pyw041.504__8c268a866b.pdf,False,,,,0,[],[],[],"[""unsegmented_proceedings_container""]",proceedings_container,,,,,,no_active_pdf,
10.1093/ijnp/pyw042.062,"[""quarantined""]",quarantined_no_canonical_artifact,,,,/Users/frank/Library/CloudStorage/Dropbox/projects/psychedelics_knowledge_graph/data/processed/fulltext/source_identity_quarantine_20260710/quarantined_artifacts/10_1093_ijnp_pyw042_062.json,grobid,/Users/frank/Library/CloudStorage/Dropbox/projects/psychedelics_knowledge_graph/data/raw/papers/pdfs/10.1093_ijnp_pyw042.062__274a89fe38.pdf,False,,,,0,[],[],[],"[""identity_unverified"", ""unsegmented_proceedings_container""]",proceedings_container,,,,,,no_active_pdf,
10.1093/ijnp/pyw043.101,"[""quarantined""]",quarantined_no_canonical_artifact,,,,/Users/frank/Library/CloudStorage/Dropbox/projects/psychedelics_knowledge_graph/data/processed/fulltext/source_identity_quarantine_20260710/quarantined_artifacts/10_1093_ijnp_pyw043_101.json,grobid,/Users/frank/Library/CloudStorage/Dropbox/projects/psychedelics_knowledge_graph/data/raw/papers/disorder/pdfs/10.1093_ijnp_pyw043.101__e73b802b80.pdf,False,True,/Users/frank/Library/CloudStorage/Dropbox/projects/psychedelics_knowledge_graph/data/raw/papers/pdfs/10.1093_ijnp_pyw043.101__e73b802b80.pdf,d402c8903fa89ff64007bd4d12d1c2be93b6dbfd2ce3371127dae2c1fcc88449,699463,[],"[{""row_index"": 27491, ""doi"": ""10.1093/ijnp/pyw043.101"", ""pdf_download_status"": ""source_identity_quarantined"", ""flag_has_local_pdf"": false, ""has_converted_full_text"": false, ""fulltext_artifact_paths"": """", ""fields"": [""local_pdf_paths""]}]",[],"[""unsegmented_proceedings_container""]",proceedings_container,valid_exact,,Oral Ketamine for Treatment Resistant Major Depression -A double blind randomized controlled trial,0.951,keep_current_artifact,quarantine_candidate_clear_candidate_references,[]
10.1093/ijnp/pyw043.142,"[""quarantined""]",quarantined_no_canonical_artifact,,,,/Users/frank/Library/CloudStorage/Dropbox/projects/psychedelics_knowledge_graph/data/processed/fulltext/source_identity_quarantine_20260710/quarantined_artifacts/10_1093_ijnp_pyw043_142.json,grobid,/Users/frank/Library/CloudStorage/Dropbox/projects/psychedelics_knowledge_graph/data/raw/papers/disorder/pdfs/10.1093_ijnp_pyw043.142__c5c1ac6e90.pdf,False,True,/Users/frank/Library/CloudStorage/Dropbox/projects/psychedelics_knowledge_graph/data/raw/papers/pdfs/10.1093_ijnp_pyw043.142__c5c1ac6e90.pdf,e8f289c8c069fa5310b18c12f9485c0cf77b74a922a1692c658d9ae665fd72a2,708946,[],"[{""row_index"": 27492, ""doi"": ""10.1093/ijnp/pyw043.142"", ""pdf_download_status"": ""source_identity_quarantined"", ""flag_has_local_pdf"": false, ""has_converted_full_text"": false, ""fulltext_artifact_paths"": """", ""fields"": [""local_pdf_paths""]}]",[],"[""unsegmented_proceedings_container""]",proceedings_container,valid_exact,,Suppression of reward-induced dopamine release in the nucleus accumbens of the chronic mild stress model rats,0.0947,keep_current_artifact,quarantine_candidate_clear_candidate_references,[]
10.1093/ijnp/pyw043.222,"[""replaced""]",replaced_by_verified_exact_jats,/Users/frank/Library/CloudStorage/Dropbox/projects/psychedelics_knowledge_graph/data/processed/fulltext/articles/10_1093_ijnp_pyw043_222.json,europepmc_fulltext_xml,verified_exact_doi,/Users/frank/Library/CloudStorage/Dropbox/projects/psychedelics_knowledge_graph/data/processed/fulltext/source_identity_quarantine_20260710/replaced_artifacts/10_1093_ijnp_pyw043_222.json,grobid,/Users/frank/Library/CloudStorage/Dropbox/projects/psychedelics_knowledge_graph/data/raw/papers/disorder/pdfs/10.1093_ijnp_pyw043.222__040cbd8332.pdf,False,True,/Users/frank/Library/CloudStorage/Dropbox/projects/psychedelics_knowledge_graph/data/raw/papers/pdfs/10.1093_ijnp_pyw043.222__040cbd8332.pdf,b2d357c2081375ba6b12d8b8908694937e2d432a9889bf3c19cd0a5df95bbbe3,697843,[],"[{""row_index"": 27493, ""doi"": ""10.1093/ijnp/pyw043.222"", ""pdf_download_status"": ""already_present"", ""flag_has_local_pdf"": true, ""has_converted_full_text"": true, ""fulltext_artifact_paths"": ""/Users/frank/Library/CloudStorage/Dropbox/projects/psychedelics_knowledge_graph/data/processed/fulltext/articles/10_1093_ijnp_pyw043_222.json"", ""fields"": [""local_pdf_paths"", ""pdf_local_path""]}]",[],[],,unresolved,,Major depressive disorder and initial insulin hyposecretion in oral glucose tolerance test,0.3147,refetch_europepmc_jats:5616817,quarantine_candidate_clear_candidate_references,[]
10.1093/schbul/13.4.643,"[""quarantined""]",quarantined_no_canonical_artifact,,,,/Users/frank/Library/CloudStorage/Dropbox/projects/psychedelics_knowledge_graph/data/processed/fulltext/source_identity_quarantine_20260710/quarantined_artifacts/10_1093_schbul_13_4_643.json,grobid,/Users/frank/Library/CloudStorage/Dropbox/projects/psychedelics_knowledge_graph/data/raw/papers/pdfs/10.1093_schbul_13.4.643__ff816300f4.pdf,False,,,,0,[],[],[],"[""unsegmented_proceedings_container""]",proceedings_container,,,,,,no_active_pdf,
10.1093/schbul/16.1.31,"[""quarantined""]",quarantined_no_canonical_artifact,,,,/Users/frank/Library/CloudStorage/Dropbox/projects/psychedelics_knowledge_graph/data/processed/fulltext/source_identity_quarantine_20260710/quarantined_artifacts/10_1093_schbul_16_1_31.json,grobid,/Users/frank/Library/CloudStorage/Dropbox/projects/psychedelics_knowledge_graph/data/raw/papers/pdfs/10.1093_schbul_16.1.31__a836692f0c.pdf,False,,,,0,[],[],[],"[""unsegmented_proceedings_container""]",proceedings_container,,,,,,no_active_pdf,
10.1093/schbul/9.1.73,"[""quarantined""]",quarantined_no_canonical_artifact,,,,/Users/frank/Library/CloudStorage/Dropbox/projects/psychedelics_knowledge_graph/data/processed/fulltext/source_identity_quarantine_20260710/quarantined_artifacts/10_1093_schbul_9_1_73.json,grobid,/Users/frank/Library/CloudStorage/Dropbox/projects/psychedelics_knowledge_graph/data/raw/papers/pdfs/10.1093_schbul_9.1.73__c63f03f41c.pdf,False,,,,0,[],[],[],"[""unsegmented_proceedings_container""]",proceedings_container,,,,,,no_active_pdf,
10.1093/schbul/sby015.230,"[""quarantined""]",quarantined_no_canonical_artifact,,,,/Users/frank/Library/CloudStorage/Dropbox/projects/psychedelics_knowledge_graph/data/processed/fulltext/source_identity_quarantine_20260710/quarantined_artifacts/10_1093_schbul_sby015_230.json,grobid,/Users/frank/Library/CloudStorage/Dropbox/projects/psychedelics_knowledge_graph/data/raw/papers/mechanistic/pdfs/10.1093_schbul_sby015.230__0f74058000.pdf,False,True,/Users/frank/Library/CloudStorage/Dropbox/projects/psychedelics_knowledge_graph/data/raw/papers/pdfs/10.1093_schbul_sby015.230__0f74058000.pdf,fb40cc93c72feec5224d4489a583f65e8aeffcea20bc0637f64d6750e1e12494,41230,[],"[{""row_index"": 28335, ""doi"": ""10.1093/schbul/sby015.230"", ""pdf_download_status"": ""source_identity_quarantined"", ""flag_has_local_pdf"": false, ""has_converted_full_text"": false, ""fulltext_artifact_paths"": """", ""fields"": [""local_pdf_paths""]}]",[],"[""unsegmented_proceedings_container""]",proceedings_container,valid_exact,,O7. Oral Session: Pharmacology O7.1. MIDBRAIN DOPAMINE NEURON ACTIVITY CONTROLS THE EFFECTS OF REPEATED KETAMINE ON STRIATAL DOPAMINERGIC FUNCTION,0.8812,keep_current_artifact,quarantine_candidate_clear_candidate_references,[]
10.1093/schbul/sby017.677,"[""replaced""]",replaced_by_verified_exact_jats,/Users/frank/Library/CloudStorage/Dropbox/projects/psychedelics_knowledge_graph/data/processed/fulltext/articles/10_1093_schbul_sby017_677.json,europepmc_fulltext_xml,verified_exact_doi,/Users/frank/Library/CloudStorage/Dropbox/projects/psychedelics_knowledge_graph/data/processed/fulltext/source_identity_quarantine_20260710/replaced_artifacts/10_1093_schbul_sby017_677.json,grobid,/Users/frank/Library/CloudStorage/Dropbox/projects/psychedelics_knowledge_graph/data/raw/papers/mechanistic/pdfs/10.1093_schbul_sby017.677__3c7c08de4a.pdf,False,True,/Users/frank/Library/CloudStorage/Dropbox/projects/psychedelics_knowledge_graph/data/raw/papers/pdfs/10.1093_schbul_sby017.677__3c7c08de4a.pdf,668ed6c5a09d3ce1080d51c85495363cbc8835c890bcebb3c8433d4621459e59,56772,[],"[{""row_index"": 28337, ""doi"": ""10.1093/schbul/sby017.677"", ""pdf_download_status"": ""already_present"", ""flag_has_local_pdf"": true, ""has_converted_full_text"": true, ""fulltext_artifact_paths"": ""/Users/frank/Library/CloudStorage/Dropbox/projects/psychedelics_knowledge_graph/data/processed/fulltext/articles/10_1093_schbul_sby017_677.json"", ""fields"": [""local_pdf_paths"", ""pdf_local_path""]}]",[],[],,container,10.1038/npp.2017.270,,,refetch_europepmc_jats:5888649,quarantine_candidate_clear_candidate_references,[]
10.1093/schbul/sby017.688,"[""quarantined""]",quarantined_no_canonical_artifact,,,,/Users/frank/Library/CloudStorage/Dropbox/projects/psychedelics_knowledge_graph/data/processed/fulltext/source_identity_quarantine_20260710/quarantined_artifacts/10_1093_schbul_sby017_688.json,grobid,/Users/frank/Library/CloudStorage/Dropbox/projects/psychedelics_knowledge_graph/data/raw/papers/mechanistic/pdfs/10.1093_schbul_sby017.688__d3b06973cd.pdf,False,True,/Users/frank/Library/CloudStorage/Dropbox/projects/psychedelics_knowledge_graph/data/raw/papers/pdfs/10.1093_schbul_sby017.688__d3b06973cd.pdf,039aef0e1bad4043bb8f41ac1c6ead8427f0505275f37c803742442e101ec7db,55522,[],"[{""row_index"": 28338, ""doi"": ""10.1093/schbul/sby017.688"", ""pdf_download_status"": ""source_identity_quarantined"", ""flag_has_local_pdf"": false, ""has_converted_full_text"": false, ""fulltext_artifact_paths"": """", ""fields"": [""local_pdf_paths""]}]",[],"[""unsegmented_proceedings_container""]",proceedings_container,valid_exact,,Poster Session II S281,0.1481,keep_current_artifact,quarantine_candidate_clear_candidate_references,[]
10.1093/sleep/32.11.1513,"[""quarantined""]",quarantined_no_canonical_artifact,,,,/Users/frank/Library/CloudStorage/Dropbox/projects/psychedelics_knowledge_graph/data/processed/fulltext/source_identity_quarantine_20260710/quarantined_artifacts/10_1093_sleep_32_11_1513.json,grobid,/Users/frank/Library/CloudStorage/Dropbox/projects/psychedelics_knowledge_graph/data/raw/papers/pdfs/10.1093_sleep_32.11.1513__51b3f37b58.pdf,False,,,,0,[],[],[],"[""identity_unverified"", ""unsegmented_proceedings_container""]",proceedings_container,unresolved,,EFFECtS OF ACUtE MDMA ON SLEEP AND SLEEPINESS,0.5521,no_reusable_direct_xml:validated_publisher_or_pmc_pdf_else_abstract,no_active_pdf,
10.1093/sleep/zsaf090.0414,"[""quarantined""]",quarantined_no_canonical_artifact,,,,/Users/frank/Library/CloudStorage/Dropbox/projects/psychedelics_knowledge_graph/data/processed/fulltext/source_identity_quarantine_20260710/quarantined_artifacts/10_1093_sleep_zsaf090_0414.json,grobid,/Users/frank/Library/CloudStorage/Dropbox/projects/psychedelics_knowledge_graph/data/raw/papers/pdfs/10.1093_sleep_zsaf090.0414__201fb0ba0f.pdf,False,,,,0,[],[],[],"[""identity_unverified"", ""unsegmented_proceedings_container""]",proceedings_container,,,,,,no_active_pdf,
10.1097/aap.0000000000000806,"[""quarantined""]",quarantined_no_canonical_artifact,,,,/Users/frank/Library/CloudStorage/Dropbox/projects/psychedelics_knowledge_graph/data/processed/fulltext/source_identity_quarantine_20260710/quarantined_artifacts/10_1097_aap_0000000000000806.json,grobid,/Users/frank/Library/CloudStorage/Dropbox/projects/psychedelics_knowledge_graph/data/raw/papers/disorder/pdfs/10.1097_aap.0000000000000806__9025e91e99.pdf,False,False,/Users/frank/Library/CloudStorage/Dropbox/projects/psychedelics_knowledge_graph/data/raw/papers/pdfs/10.1097_aap.0000000000000806__b51c44a2b7.pdf,340b8271e841bbbda2096b84de206a175f69b7920d3caae939ef2a865773189b,453197,[],"[{""row_index"": 28959, ""doi"": ""10.1097/aap.0000000000000806"", ""pdf_download_status"": ""source_identity_quarantined"", ""flag_has_local_pdf"": false, ""has_converted_full_text"": false, ""fulltext_artifact_paths"": """", ""fields"": [""local_pdf_paths""]}]",[],"[""target_text_with_conflicting_doi""]",,valid_known_alias,10.1097/aap.0000000000000808,"Consensus Guidelines on the Use of Intravenous Ketamine Infusions for Chronic Pain From the American Society of Regional Anesthesia and Pain Medicine, the American Academy of Pain Medicine, and the American Society of Anesthesiologists",0.8235,keep_current_artifact,quarantine_candidate_clear_candidate_references,[]
10.1101/2021.05.14.444193,"[""replaced""]",retained_verified_canonical_artifact,/Users/frank/Library/CloudStorage/Dropbox/projects/psychedelics_knowledge_graph/data/processed/fulltext/articles/10_1101_2021_05_14_444193.json,grobid,verified_exact_doi,/Users/frank/Library/CloudStorage/Dropbox/projects/psychedelics_knowledge_graph/data/processed/fulltext/source_identity_quarantine_20260710/replaced_artifacts/10_1101_2021_05_14_444193.json,grobid,/Users/frank/Library/CloudStorage/Dropbox/projects/psychedelics_knowledge_graph/data/raw/papers/mechanistic/pdfs/10.1101_2021.05.14.444193__24e1fce5a3.pdf,False,True,/Users/frank/Library/CloudStorage/Dropbox/projects/psychedelics_knowledge_graph/data/raw/papers/pdfs/10.1101_2021.05.14.444193__24e1fce5a3.pdf,393674d7792632c6c9cd58fd43df918ae11e3d83ad8978a0ec2dd35835164676,1612288,"[""10.1101/2021.05.14.444193""]","[{""row_index"": 30020, ""doi"": ""10.1101/2021.05.14.444193"", ""pdf_download_status"": ""downloaded"", ""flag_has_local_pdf"": true, ""has_converted_full_text"": false, ""fulltext_artifact_paths"": """", ""fields"": [""local_pdf_paths"", ""pdf_local_path""]}]",[],[],,,,,,,retain_validated_pdf,
10.1101/2022.05.25.22275473,"[""quarantined"", ""replaced""]",quarantined_no_canonical_artifact,,,,/Users/frank/Library/CloudStorage/Dropbox/projects/psychedelics_knowledge_graph/data/processed/fulltext/source_identity_quarantine_20260710/quarantined_artifacts/10_1101_2022_05_25_22275473.json,grobid,/Users/frank/Library/CloudStorage/Dropbox/projects/psychedelics_knowledge_graph/data/raw/papers/pdfs/10.1101_2022.05.25.22275473__2950c0a441.pdf,False,,,,0,[],[],[],"[""target_text_with_conflicting_doi""]",ambiguous_non_pmc_conflict,,,,,,no_active_pdf,
10.1111/bph.12692,"[""quarantined""]",quarantined_no_canonical_artifact,,,,/Users/frank/Library/CloudStorage/Dropbox/projects/psychedelics_knowledge_graph/data/processed/fulltext/source_identity_quarantine_20260710/quarantined_artifacts/10_1111_bph_12692.json,grobid,/Users/frank/Library/CloudStorage/Dropbox/projects/psychedelics_knowledge_graph/data/raw/papers/mechanistic/pdfs/10.1111_bph.12692__53fa2a84be.pdf,False,True,/Users/frank/Library/CloudStorage/Dropbox/projects/psychedelics_knowledge_graph/data/raw/papers/pdfs/10.1111_bph.12692__53fa2a84be.pdf,d1e2111d6a52b58b91c3256d96b39ba5f17190545e434acfe1c10451916a4afa,1550332,[],"[{""row_index"": 31392, ""doi"": ""10.1111/bph.12692"", ""pdf_download_status"": ""source_identity_quarantined"", ""flag_has_local_pdf"": false, ""has_converted_full_text"": false, ""fulltext_artifact_paths"": """", ""fields"": [""local_pdf_paths""]}]",[],"[""identity_mismatch""]",,unresolved,10.1111/bph.2015.172.issue-2,Themed Section: Opioids: New Pathways to Functional Selectivity,0.2787,no_reusable_direct_xml:validated_publisher_or_pmc_pdf_else_abstract,quarantine_candidate_clear_candidate_references,[]
10.1111/bph.13919,"[""quarantined""]",quarantined_no_canonical_artifact,,,,/Users/frank/Library/CloudStorage/Dropbox/projects/psychedelics_knowledge_graph/data/processed/fulltext/source_identity_quarantine_20260710/quarantined_artifacts/10_1111_bph_13919.json,grobid,/Users/frank/Library/CloudStorage/Dropbox/projects/psychedelics_knowledge_graph/data/raw/papers/mechanistic/pdfs/10.1111_bph.13919__958570d771.pdf,False,True,/Users/frank/Library/CloudStorage/Dropbox/projects/psychedelics_knowledge_graph/data/raw/papers/pdfs/10.1111_bph.13919__958570d771.pdf,19f8236d8982b0c63a370e52351baa7ff3fdbaf6bf60c557807db8e89ad519cd,369546,[],"[{""row_index"": 31434, ""doi"": ""10.1111/bph.13919"", ""pdf_download_status"": ""source_identity_quarantined"", ""flag_has_local_pdf"": false, ""has_converted_full_text"": false, ""fulltext_artifact_paths"": """", ""fields"": [""local_pdf_paths""]}]",[],"[""identity_unverified""]",,,,,,,quarantine_candidate_clear_candidate_references,[]
10.1111/bph.15596,"[""quarantined""]",quarantined_no_canonical_artifact,,,,/Users/frank/Library/CloudStorage/Dropbox/projects/psychedelics_knowledge_graph/data/processed/fulltext/source_identity_quarantine_20260710/quarantined_artifacts/10_1111_bph_15596.json,grobid,/Users/frank/Library/CloudStorage/Dropbox/projects/psychedelics_knowledge_graph/data/raw/papers/pdfs/10.1111_bph.15596__8b7050683d.pdf,False,,,,0,[],[],[],"[""identity_mismatch""]",repository_or_nested_document,,,,,,no_active_pdf,
10.1111/jnc.14056,"[""replaced""]",replaced_by_verified_exact_jats,/Users/frank/Library/CloudStorage/Dropbox/projects/psychedelics_knowledge_graph/data/processed/fulltext/articles/10_1111_jnc_14056.json,europepmc_fulltext_xml,verified_exact_doi,/Users/frank/Library/CloudStorage/Dropbox/projects/psychedelics_knowledge_graph/data/processed/fulltext/source_identity_quarantine_20260710/replaced_artifacts/10_1111_jnc_14056.json,grobid,/Users/frank/Library/CloudStorage/Dropbox/projects/psychedelics_knowledge_graph/data/raw/papers/mechanistic/pdfs/10.1111_jnc.14056__e32f95e7f4.pdf,False,True,/Users/frank/Library/CloudStorage/Dropbox/projects/psychedelics_knowledge_graph/data/raw/papers/pdfs/10.1111_jnc.14056__e32f95e7f4.pdf,df495f7289b1bd60d57d04f2cf62e495174031303d99d30de41e4d9bde6fb1bb,971524,[],"[{""row_index"": 33005, ""doi"": ""10.1111/jnc.14056"", ""pdf_download_status"": ""already_present"", ""flag_has_local_pdf"": true, ""has_converted_full_text"": false, ""fulltext_artifact_paths"": """", ""fields"": [""local_pdf_paths"", ""pdf_local_path""]}]",[],[],,unresolved,10.1111/jnc.13811,,,refetch_europepmc_jats:5601282,quarantine_candidate_clear_candidate_references,[]
10.1111/pcn.13379,"[""quarantined""]",quarantined_no_canonical_artifact,,,,/Users/frank/Library/CloudStorage/Dropbox/projects/psychedelics_knowledge_graph/data/processed/fulltext/source_identity_quarantine_20260710/quarantined_artifacts/10_1111_pcn_13379.json,grobid,/Users/frank/Library/CloudStorage/Dropbox/projects/psychedelics_knowledge_graph/data/raw/papers/pdfs/10.1111_pcn.13379__b7aeb6b24f.pdf,False,,,,0,[],[],[],"[""target_text_with_conflicting_doi""]",,,,,,,no_active_pdf,
10.1111/pcn.13572,"[""quarantined""]",quarantined_no_canonical_artifact,,,,/Users/frank/Library/CloudStorage/Dropbox/projects/psychedelics_knowledge_graph/data/processed/fulltext/source_identity_quarantine_20260710/quarantined_artifacts/10_1111_pcn_13572.json,grobid,/Users/frank/Library/CloudStorage/Dropbox/projects/psychedelics_knowledge_graph/data/raw/papers/pdfs/10.1111_pcn.13572__2ec62bcf9c.pdf,False,,,,0,[],[],[],"[""target_text_with_conflicting_doi""]",,,,,,,no_active_pdf,
10.1124/pr.115.011478,"[""quarantined""]",quarantined_no_canonical_artifact,,,,/Users/frank/Library/CloudStorage/Dropbox/projects/psychedelics_knowledge_graph/data/processed/fulltext/source_identity_quarantine_20260710/quarantined_artifacts/10_1124_pr_115_011478.json,docling,/Users/frank/Library/CloudStorage/Dropbox/projects/psychedelics_knowledge_graph/data/raw/papers/mechanistic/pdfs/10.1124_pr.115.011478__73d6cba334.pdf,False,True,/Users/frank/Library/CloudStorage/Dropbox/projects/psychedelics_knowledge_graph/data/raw/papers/pdfs/10.1124_pr.115.011478__73d6cba334.pdf,1043c646e2184cdc43d88468d916e5a81af948bdbd116296fbf39226f702ee84,1432569,[],"[{""row_index"": 33799, ""doi"": ""10.1124/pr.115.011478"", ""pdf_download_status"": ""source_identity_quarantined"", ""flag_has_local_pdf"": false, ""has_converted_full_text"": false, ""fulltext_artifact_paths"": """", ""fields"": [""local_pdf_paths""]}]",[],"[""identity_unverified""]",,unresolved,,,,no_reusable_direct_xml:validated_publisher_or_pmc_pdf_else_abstract,quarantine_candidate_clear_candidate_references,[]
10.1128/mbio.01697-24,"[""quarantined""]",quarantined_no_canonical_artifact,,,,/Users/frank/Library/CloudStorage/Dropbox/projects/psychedelics_knowledge_graph/data/processed/fulltext/source_identity_quarantine_20260710/quarantined_artifacts/10_1128_mbio_01697_24.json,docling,/Users/frank/Library/CloudStorage/Dropbox/projects/psychedelics_knowledge_graph/data/raw/papers/mechanistic/pdfs/10.1128_mbio.01697-24__c7c386896a.pdf,False,True,/Users/frank/Library/CloudStorage/Dropbox/projects/psychedelics_knowledge_graph/data/raw/papers/pdfs/10.1128_mbio.01697-24__c7c386896a.pdf,2fa8393f4e61176296fd75afd6a8f4d13e9c8c889ea317acabc2127145913928,124484,[],"[{""row_index"": 33960, ""doi"": ""10.1128/mbio.01697-24"", ""pdf_download_status"": ""source_identity_quarantined"", ""flag_has_local_pdf"": false, ""has_converted_full_text"": false, ""fulltext_artifact_paths"": """", ""fields"": [""local_pdf_paths""]}]",[],"[""target_text_with_conflicting_doi""]",,valid_exact,,,,keep_current_artifact,quarantine_candidate_clear_candidate_references,[]
10.1136/jnnp-2011-301779,"[""quarantined""]",quarantined_no_canonical_artifact,,,,/Users/frank/Library/CloudStorage/Dropbox/projects/psychedelics_knowledge_graph/data/processed/fulltext/source_identity_quarantine_20260710/quarantined_artifacts/10_1136_jnnp_2011_301779.json,docling,/Users/frank/Library/CloudStorage/Dropbox/projects/psychedelics_knowledge_graph/data/raw/papers/mechanistic/pdfs/10.1136_jnnp-2011-301779__8b5bd6b287.pdf,False,True,/Users/frank/Library/CloudStorage/Dropbox/projects/psychedelics_knowledge_graph/data/raw/papers/pdfs/10.1136_jnnp-2011-301779__8b5bd6b287.pdf,6b2acd7a4168627c292881b2cd53bdebef1a8810c80f5ac2ff4f736d576c866e,345221,[],"[{""row_index"": 34467, ""doi"": ""10.1136/jnnp-2011-301779"", ""pdf_download_status"": ""source_identity_quarantined"", ""flag_has_local_pdf"": false, ""has_converted_full_text"": false, ""fulltext_artifact_paths"": """", ""fields"": [""local_pdf_paths""]}]",[],"[""identity_unverified""]",,,,,,,quarantine_candidate_clear_candidate_references,[]
10.1136/rapm-2023-esra.669,"[""quarantined""]",quarantined_no_canonical_artifact,,,,/Users/frank/Library/CloudStorage/Dropbox/projects/psychedelics_knowledge_graph/data/processed/fulltext/source_identity_quarantine_20260710/quarantined_artifacts/10_1136_rapm_2023_esra_669.json,grobid,/Users/frank/Library/CloudStorage/Dropbox/projects/psychedelics_knowledge_graph/data/raw/papers/disorder/pdfs/10.1136_rapm-2023-esra.669__9029add1e4.pdf,False,True,/Users/frank/Library/CloudStorage/Dropbox/projects/psychedelics_knowledge_graph/data/raw/papers/pdfs/10.1136_rapm-2023-esra.669__9029add1e4.pdf,6361495ec917cda443a2054f96a0d6a5962b8f7b90f5f5117f8938dab96a6de1,80901,[],"[{""row_index"": 34526, ""doi"": ""10.1136/rapm-2023-esra.669"", ""pdf_download_status"": ""source_identity_quarantined"", ""flag_has_local_pdf"": false, ""has_converted_full_text"": false, ""fulltext_artifact_paths"": """", ""fields"": [""local_pdf_paths""]}]",[],"[""unsegmented_proceedings_container""]",proceedings_container,,,,,,quarantine_candidate_clear_candidate_references,[]
10.1136/rapm-2024-esra.582,"[""quarantined""]",quarantined_no_canonical_artifact,,,,/Users/frank/Library/CloudStorage/Dropbox/projects/psychedelics_knowledge_graph/data/processed/fulltext/source_identity_quarantine_20260710/quarantined_artifacts/10_1136_rapm_2024_esra_582.json,grobid,/Users/frank/Library/CloudStorage/Dropbox/projects/psychedelics_knowledge_graph/data/raw/papers/pdfs/10.1136_rapm-2024-esra.582__fe684e798a.pdf,False,,,,0,[],[],[],"[""identity_mismatch"", ""unsegmented_proceedings_container""]",proceedings_container,,,,,,no_active_pdf,
10.1146/annurev-lawsocsci-120621-012645,"[""quarantined"", ""replaced""]",quarantined_no_canonical_artifact,,,,/Users/frank/Library/CloudStorage/Dropbox/projects/psychedelics_knowledge_graph/data/processed/fulltext/source_identity_quarantine_20260710/quarantined_artifacts/10_1146_annurev_lawsocsci_120621_012645.json,grobid,/Users/frank/Library/CloudStorage/Dropbox/projects/psychedelics_knowledge_graph/data/raw/papers/pdfs/10.1146_annurev-lawsocsci-120621-012645__fe5d2c588d.pdf,False,,,,0,[],[],[],"[""identity_mismatch""]",ambiguous_non_pmc_conflict,,,,,,no_active_pdf,
10.1152/jn.00296.2024,"[""replaced""]",replaced_by_verified_exact_jats,/Users/frank/Library/CloudStorage/Dropbox/projects/psychedelics_knowledge_graph/data/processed/fulltext/articles/10_1152_jn_00296_2024.json,pmc_oai_xml,verified_exact_doi,/Users/frank/Library/CloudStorage/Dropbox/projects/psychedelics_knowledge_graph/data/processed/fulltext/source_identity_quarantine_20260710/replaced_artifacts/10_1152_jn_00296_2024.json,docling,/Users/frank/Library/CloudStorage/Dropbox/projects/psychedelics_knowledge_graph/data/raw/papers/mechanistic/pdfs/10.1152_jn.00296.2024__51b6bbe4c8.pdf,False,True,/Users/frank/Library/CloudStorage/Dropbox/projects/psychedelics_knowledge_graph/data/raw/papers/pdfs/10.1152_jn.00296.2024__51b6bbe4c8.pdf,a8e0c22570dcae82b45b19a662db5afa88826aef00f0eff692bc92a760a3bbbd,3051136,[],"[{""row_index"": 34732, ""doi"": ""10.1152/jn.00296.2024"", ""pdf_download_status"": ""already_present"", ""flag_has_local_pdf"": true, ""has_converted_full_text"": true, ""fulltext_artifact_paths"": ""/Users/frank/Library/CloudStorage/Dropbox/projects/psychedelics_knowledge_graph/data/processed/fulltext/articles/10_1152_jn_00296_2024.json"", ""fields"": [""local_pdf_paths"", ""pdf_local_path""]}]",[],[],,unresolved,,,,refetch_pmc_oai_jats:12446419,quarantine_candidate_clear_candidate_references,[]
10.11588/heidok.00038014,"[""quarantined""]",quarantined_no_canonical_artifact,,,,/Users/frank/Library/CloudStorage/Dropbox/projects/psychedelics_knowledge_graph/data/processed/fulltext/source_identity_quarantine_20260710/quarantined_artifacts/10_11588_heidok_00038014.json,grobid,/Users/frank/Library/CloudStorage/Dropbox/projects/psychedelics_knowledge_graph/data/raw/papers/pdfs/10.11588_heidok.00038014__35494c849b.pdf,False,,,,0,[],[],[],"[""identity_unverified""]",,,,,,,no_active_pdf,
10.11606/issn.1806-6976.smad.2022.183132,"[""quarantined""]",quarantined_no_canonical_artifact,,,,/Users/frank/Library/CloudStorage/Dropbox/projects/psychedelics_knowledge_graph/data/processed/fulltext/source_identity_quarantine_20260710/quarantined_artifacts/10_11606_issn_1806_6976_smad_2022_183132.json,grobid,/Users/frank/Library/CloudStorage/Dropbox/projects/psychedelics_knowledge_graph/data/raw/papers/disorder/pdfs/10.11606_issn.1806-6976.smad.2022.183132__b2743ce8e2.pdf,False,True,/Users/frank/Library/CloudStorage/Dropbox/projects/psychedelics_knowledge_graph/data/raw/papers/pdfs/10.11606_issn.1806-6976.smad.2022.183132__b2743ce8e2.pdf,4251a682abcbba3e8a7256801ba00dab476a205c9b3e06d7dcb61e738154d530,465012,[],"[{""row_index"": 35452, ""doi"": ""10.11606/issn.1806-6976.smad.2022.183132"", ""pdf_download_status"": ""source_identity_quarantined"", ""flag_has_local_pdf"": false, ""has_converted_full_text"": false, ""fulltext_artifact_paths"": """", ""fields"": [""local_pdf_paths""]}]",[],"[""identity_mismatch""]",ambiguous_non_pmc_conflict,,,,,,quarantine_candidate_clear_candidate_references,[]
10.1177/2045125314559539,"[""quarantined""]",quarantined_no_canonical_artifact,,,,/Users/frank/Library/CloudStorage/Dropbox/projects/psychedelics_knowledge_graph/data/processed/fulltext/source_identity_quarantine_20260710/quarantined_artifacts/10_1177_2045125314559539.json,grobid,/Users/frank/Library/CloudStorage/Dropbox/projects/psychedelics_knowledge_graph/data/raw/papers/pdfs/10.1177_2045125314559539__4dffdbcc23.pdf,False,,,,0,[],[],[],"[""target_text_with_conflicting_doi""]",,,,,,,no_active_pdf,
10.1177/2045125316675578,"[""quarantined""]",quarantined_no_canonical_artifact,,,,/Users/frank/Library/CloudStorage/Dropbox/projects/psychedelics_knowledge_graph/data/processed/fulltext/source_identity_quarantine_20260710/quarantined_artifacts/10_1177_2045125316675578.json,grobid,/Users/frank/Library/CloudStorage/Dropbox/projects/psychedelics_knowledge_graph/data/raw/papers/pdfs/10.1177_2045125316675578__4406281193.pdf,False,,,,0,[],[],[],"[""target_text_with_conflicting_doi""]",,,,,,,no_active_pdf,
10.1186/1477-7517-1-3,"[""replaced""]",replaced_by_verified_exact_jats,/Users/frank/Library/CloudStorage/Dropbox/projects/psychedelics_knowledge_graph/data/processed/fulltext/articles/10_1186_1477_7517_1_3.json,europepmc_fulltext_xml,verified_exact_doi,/Users/frank/Library/CloudStorage/Dropbox/projects/psychedelics_knowledge_graph/data/processed/fulltext/source_identity_quarantine_20260710/replaced_artifacts/10_1186_1477_7517_1_3.json,grobid,/Users/frank/Library/CloudStorage/Dropbox/projects/psychedelics_knowledge_graph/data/raw/papers/disorder/pdfs/10.1186_1477-7517-1-3__9cedaf4ff7.pdf,False,True,/Users/frank/Library/CloudStorage/Dropbox/projects/psychedelics_knowledge_graph/data/raw/papers/pdfs/10.1186_1477-7517-1-3__9cedaf4ff7.pdf,6120f703261299a080859b2e08ed61cf69567b94805ddcd9495a1883ca24fde4,341294,[],"[{""row_index"": 37745, ""doi"": ""10.1186/1477-7517-1-3"", ""pdf_download_status"": ""downloaded"", ""flag_has_local_pdf"": true, ""has_converted_full_text"": true, ""fulltext_artifact_paths"": ""/Users/frank/Library/CloudStorage/Dropbox/projects/psychedelics_knowledge_graph/data/processed/fulltext/articles/10_1186_1477_7517_1_3.json"", ""fields"": [""local_pdf_paths"", ""pdf_local_path""]}]",[],[],,unresolved,,Harm Reduction Journal,0.2059,refetch_europepmc_jats:419978,quarantine_candidate_clear_candidate_references,[]
10.1186/s13054-016-1208-6,"[""quarantined""]",quarantined_no_canonical_artifact,,,,/Users/frank/Library/CloudStorage/Dropbox/projects/psychedelics_knowledge_graph/data/processed/fulltext/source_identity_quarantine_20260710/quarantined_artifacts/10_1186_s13054_016_1208_6.json,docling,/Users/frank/Library/CloudStorage/Dropbox/projects/psychedelics_knowledge_graph/data/raw/papers/disorder/pdfs/10.1186_s13054-016-1208-6__478e87082e.pdf,False,True,/Users/frank/Library/CloudStorage/Dropbox/projects/psychedelics_knowledge_graph/data/raw/papers/pdfs/10.1186_s13054-016-1208-6__478e87082e.pdf,c3f415416dee0214aa3a35c9973441335642f4945f1d1456fbf623ff7a59d7b1,417552,[],"[{""row_index"": 38886, ""doi"": ""10.1186/s13054-016-1208-6"", ""pdf_download_status"": ""source_identity_quarantined"", ""flag_has_local_pdf"": false, ""has_converted_full_text"": false, ""fulltext_artifact_paths"": """", ""fields"": [""local_pdf_paths""]}]",[],"[""main_article_points_to_correction""]",,valid_exact,,,,keep_current_artifact,quarantine_candidate_clear_candidate_references,[]
10.1186/s42358-024-00393-9,"[""quarantined""]",quarantined_no_canonical_artifact,,,,/Users/frank/Library/CloudStorage/Dropbox/projects/psychedelics_knowledge_graph/data/processed/fulltext/source_identity_quarantine_20260710/quarantined_artifacts/10_1186_s42358_024_00393_9.json,grobid,/Users/frank/Library/CloudStorage/Dropbox/projects/psychedelics_knowledge_graph/data/raw/papers/disorder/pdfs/10.1186_s42358-024-00393-9__aef67069e2.pdf,False,True,/Users/frank/Library/CloudStorage/Dropbox/projects/psychedelics_knowledge_graph/data/raw/papers/pdfs/10.1186_s42358-024-00393-9__aef67069e2.pdf,ecc61d584e629f2f9f222cca3bb96d8db36067e1bf8105ecb26ca18f38536af2,188179,[],"[{""row_index"": 39547, ""doi"": ""10.1186/s42358-024-00393-9"", ""pdf_download_status"": ""source_identity_quarantined"", ""flag_has_local_pdf"": false, ""has_converted_full_text"": false, ""fulltext_artifact_paths"": """", ""fields"": [""local_pdf_paths""]}]",[],"[""identity_mismatch""]",,wrong_cited_reference_pmcid,10.1002/14651858.cd010585.pub2,Is combination pharmacotherapy effective for management of fibromyalgia in adults? -A Cochrane Review summary with commentary,0.3529,no_correct_pmc_xml:validated_publisher_or_repository_pdf_else_abstract,quarantine_candidate_clear_candidate_references,[]
10.1192/bjo.2021.697,"[""replaced""]",replaced_by_verified_exact_jats,/Users/frank/Library/CloudStorage/Dropbox/projects/psychedelics_knowledge_graph/data/processed/fulltext/articles/10_1192_bjo_2021_697.json,europepmc_fulltext_xml,verified_exact_doi,/Users/frank/Library/CloudStorage/Dropbox/projects/psychedelics_knowledge_graph/data/processed/fulltext/source_identity_quarantine_20260710/replaced_artifacts/10_1192_bjo_2021_697.json,grobid,/Users/frank/Library/CloudStorage/Dropbox/projects/psychedelics_knowledge_graph/data/raw/papers/disorder/pdfs/10.1192_bjo.2021.697__78f2d70f1d.pdf,False,True,/Users/frank/Library/CloudStorage/Dropbox/projects/psychedelics_knowledge_graph/data/raw/papers/pdfs/10.1192_bjo.2021.697__78f2d70f1d.pdf,feaab7f656d23ff3fc627245319098ceb93466d7026e81b2681392b3a2e449de,47429,[],"[{""row_index"": 39610, ""doi"": ""10.1192/bjo.2021.697"", ""pdf_download_status"": ""downloaded"", ""flag_has_local_pdf"": true, ""has_converted_full_text"": true, ""fulltext_artifact_paths"": ""/Users/frank/Library/CloudStorage/Dropbox/projects/psychedelics_knowledge_graph/data/processed/fulltext/articles/10_1192_bjo_2021_697.json"", ""fields"": [""local_pdf_paths"", ""pdf_local_path""]}]",[],[],,container,10.1192/bjo.2021.696,Mental disorder and PTSD in Syria during wartime: a nationwide crisis,0.2408,refetch_europepmc_jats:8771424,quarantine_candidate_clear_candidate_references,[]
10.1192/bjo.2021.79,"[""replaced""]",replaced_by_verified_exact_jats,/Users/frank/Library/CloudStorage/Dropbox/projects/psychedelics_knowledge_graph/data/processed/fulltext/articles/10_1192_bjo_2021_79.json,europepmc_fulltext_xml,verified_exact_doi,/Users/frank/Library/CloudStorage/Dropbox/projects/psychedelics_knowledge_graph/data/processed/fulltext/source_identity_quarantine_20260710/replaced_artifacts/10_1192_bjo_2021_79.json,grobid,/Users/frank/Library/CloudStorage/Dropbox/projects/psychedelics_knowledge_graph/data/raw/papers/mechanistic/pdfs/10.1192_bjo.2021.79__e17d5e23c7.pdf,False,True,/Users/frank/Library/CloudStorage/Dropbox/projects/psychedelics_knowledge_graph/data/raw/papers/pdfs/10.1192_bjo.2021.79__e17d5e23c7.pdf,366d1fb7d839b97613294fead4a804f2fb2a45ebd928d3d3153fe26a7e7172d2,35875,[],"[{""row_index"": 39611, ""doi"": ""10.1192/bjo.2021.79"", ""pdf_download_status"": ""already_present"", ""flag_has_local_pdf"": true, ""has_converted_full_text"": true, ""fulltext_artifact_paths"": ""/Users/frank/Library/CloudStorage/Dropbox/projects/psychedelics_knowledge_graph/data/processed/fulltext/articles/10_1192_bjo_2021_79.json"", ""fields"": [""local_pdf_paths"", ""pdf_local_path""]}]",[],[],,unresolved,10.1192/bjo.2021.78,How can automated linguistic analysis help to discern functional cognitive disorder from healthy controls and mild cognitive impairment?,0.1938,refetch_europepmc_jats:8772038,quarantine_candidate_clear_candidate_references,[]
10.1192/bjo.2024.173,"[""replaced""]",replaced_by_verified_exact_jats,/Users/frank/Library/CloudStorage/Dropbox/projects/psychedelics_knowledge_graph/data/processed/fulltext/articles/10_1192_bjo_2024_173.json,europepmc_fulltext_xml,verified_exact_doi,/Users/frank/Library/CloudStorage/Dropbox/projects/psychedelics_knowledge_graph/data/processed/fulltext/source_identity_quarantine_20260710/replaced_artifacts/10_1192_bjo_2024_173.json,grobid,/Users/frank/Library/CloudStorage/Dropbox/projects/psychedelics_knowledge_graph/data/raw/papers/disorder/pdfs/10.1192_bjo.2024.173__952a87f067.pdf,False,True,/Users/frank/Library/CloudStorage/Dropbox/projects/psychedelics_knowledge_graph/data/raw/papers/pdfs/10.1192_bjo.2024.173__952a87f067.pdf,26c3549cbe1a8bdb6043b6f18abbd8bfc8a4395c5522e9825423037c0c43ad54,49877,[],"[{""row_index"": 39630, ""doi"": ""10.1192/bjo.2024.173"", ""pdf_download_status"": ""already_present"", ""flag_has_local_pdf"": true, ""has_converted_full_text"": true, ""fulltext_artifact_paths"": ""/Users/frank/Library/CloudStorage/Dropbox/projects/psychedelics_knowledge_graph/data/processed/fulltext/articles/10_1192_bjo_2024_173.json"", ""fields"": [""local_pdf_paths"", ""pdf_local_path""]}]",[],[],,unresolved,10.1192/bjo.2024.171,Admissions to the National Forensic Mental Health Service Anteceding and Succeeding Its Relocation: A Dundrum Forensic Redevelopment Evaluation Study (D-FOREST),0.3026,refetch_europepmc_jats:11738687,quarantine_candidate_clear_candidate_references,[]
10.1192/bjo.2025.10211,"[""replaced""]",replaced_by_verified_exact_jats,/Users/frank/Library/CloudStorage/Dropbox/projects/psychedelics_knowledge_graph/data/processed/fulltext/articles/10_1192_bjo_2025_10211.json,europepmc_fulltext_xml,verified_exact_doi,/Users/frank/Library/CloudStorage/Dropbox/projects/psychedelics_knowledge_graph/data/processed/fulltext/source_identity_quarantine_20260710/replaced_artifacts/10_1192_bjo_2025_10211.json,grobid,/Users/frank/Library/CloudStorage/Dropbox/projects/psychedelics_knowledge_graph/data/raw/papers/disorder/pdfs/10.1192_bjo.2025.10211__3087d0f10f.pdf,False,True,/Users/frank/Library/CloudStorage/Dropbox/projects/psychedelics_knowledge_graph/data/raw/papers/pdfs/10.1192_bjo.2025.10211__3087d0f10f.pdf,bf99a6697003420e401b15e6a1021a82ae41ba150d84520d726d5e9c93a144f4,73344,[],"[{""row_index"": 39635, ""doi"": ""10.1192/bjo.2025.10211"", ""pdf_download_status"": ""already_present"", ""flag_has_local_pdf"": true, ""has_converted_full_text"": true, ""fulltext_artifact_paths"": ""/Users/frank/Library/CloudStorage/Dropbox/projects/psychedelics_knowledge_graph/data/processed/fulltext/articles/10_1192_bjo_2025_10211.json"", ""fields"": [""local_pdf_paths"", ""pdf_local_path""]}]",[],[],,container,10.1192/bjo.2025.10210,How Do Individuals With Bipolar Disorder Experience Ecological Momentary Assessment and Mood Monitoring? A Systematic Review and Qualitative Meta-Synthesis,0.1732,refetch_europepmc_jats:12241959,quarantine_candidate_clear_candidate_references,[]
10.1192/bjo.2025.10798,"[""replaced""]",replaced_by_verified_exact_jats,/Users/frank/Library/CloudStorage/Dropbox/projects/psychedelics_knowledge_graph/data/processed/fulltext/articles/10_1192_bjo_2025_10798.json,europepmc_fulltext_xml,verified_exact_doi,/Users/frank/Library/CloudStorage/Dropbox/projects/psychedelics_knowledge_graph/data/processed/fulltext/source_identity_quarantine_20260710/replaced_artifacts/10_1192_bjo_2025_10798.json,grobid,/Users/frank/Library/CloudStorage/Dropbox/projects/psychedelics_knowledge_graph/data/raw/papers/disorder/pdfs/10.1192_bjo.2025.10798__30447240f1.pdf,False,True,/Users/frank/Library/CloudStorage/Dropbox/projects/psychedelics_knowledge_graph/data/raw/papers/pdfs/10.1192_bjo.2025.10798__30447240f1.pdf,7b899d77addf32cbc6e47152389f4cc119f44defba8263bc65168159a03a3a95,46763,[],"[{""row_index"": 39640, ""doi"": ""10.1192/bjo.2025.10798"", ""pdf_download_status"": ""already_present"", ""flag_has_local_pdf"": true, ""has_converted_full_text"": true, ""fulltext_artifact_paths"": ""/Users/frank/Library/CloudStorage/Dropbox/projects/psychedelics_knowledge_graph/data/processed/fulltext/articles/10_1192_bjo_2025_10798.json"", ""fields"": [""local_pdf_paths"", ""pdf_local_path""]}]",[],[],,unresolved,10.1192/bjo.2025.10797,Celecoxib as an Adjunctive Therapy in Patients With Bipolar Mania and Its Correlation With Interleukin 6: An Open Label Case Control Study,0.3148,refetch_europepmc_jats:12260763,quarantine_candidate_clear_candidate_references,[]
10.1192/j.eurpsy.2021.1112,"[""replaced""]",replaced_by_verified_exact_jats,/Users/frank/Library/CloudStorage/Dropbox/projects/psychedelics_knowledge_graph/data/processed/fulltext/articles/10_1192_j_eurpsy_2021_1112.json,europepmc_fulltext_xml,verified_exact_doi,/Users/frank/Library/CloudStorage/Dropbox/projects/psychedelics_knowledge_graph/data/processed/fulltext/source_identity_quarantine_20260710/replaced_artifacts/10_1192_j_eurpsy_2021_1112.json,grobid,/Users/frank/Library/CloudStorage/Dropbox/projects/psychedelics_knowledge_graph/data/raw/papers/disorder/pdfs/10.1192_j.eurpsy.2021.1112__da3e8ae0ca.pdf,False,True,/Users/frank/Library/CloudStorage/Dropbox/projects/psychedelics_knowledge_graph/data/raw/papers/pdfs/10.1192_j.eurpsy.2021.1112__da3e8ae0ca.pdf,44c70bc3d6c7798406761cebde4fadc859615face01fadd85d42c2f2c2ece2a6,54488,[],"[{""row_index"": 39730, ""doi"": ""10.1192/j.eurpsy.2021.1112"", ""pdf_download_status"": ""downloaded"", ""flag_has_local_pdf"": true, ""has_converted_full_text"": true, ""fulltext_artifact_paths"": ""/Users/frank/Library/CloudStorage/Dropbox/projects/psychedelics_knowledge_graph/data/processed/fulltext/articles/10_1192_j_eurpsy_2021_1112.json"", ""fields"": [""local_pdf_paths"", ""pdf_local_path""]}]",[],[],,unresolved,10.1192/j.eurpsy.2021.1110,Functional connectivity between brain regions underlying executive control and language in schizophrenia patients with history of auditory verbal hallucinations,0.2534,refetch_europepmc_jats:9475753,quarantine_candidate_clear_candidate_references,[]
10.1192/j.eurpsy.2021.1114,"[""replaced""]",replaced_by_verified_exact_jats,/Users/frank/Library/CloudStorage/Dropbox/projects/psychedelics_knowledge_graph/data/processed/fulltext/articles/10_1192_j_eurpsy_2021_1114.json,europepmc_fulltext_xml,verified_exact_doi,/Users/frank/Library/CloudStorage/Dropbox/projects/psychedelics_knowledge_graph/data/processed/fulltext/source_identity_quarantine_20260710/replaced_artifacts/10_1192_j_eurpsy_2021_1114.json,grobid,/Users/frank/Library/CloudStorage/Dropbox/projects/psychedelics_knowledge_graph/data/raw/papers/mechanistic/pdfs/10.1192_j.eurpsy.2021.1114__ddd1dc1f00.pdf,False,True,/Users/frank/Library/CloudStorage/Dropbox/projects/psychedelics_knowledge_graph/data/raw/papers/pdfs/10.1192_j.eurpsy.2021.1114__ddd1dc1f00.pdf,f390c7fcaf1c6fa0dc18acc30e3ecc51a82778d9411c4c7bc2c5c26c432abda0,39524,[],"[{""row_index"": 39731, ""doi"": ""10.1192/j.eurpsy.2021.1114"", ""pdf_download_status"": ""already_present"", ""flag_has_local_pdf"": true, ""has_converted_full_text"": true, ""fulltext_artifact_paths"": ""/Users/frank/Library/CloudStorage/Dropbox/projects/psychedelics_knowledge_graph/data/processed/fulltext/articles/10_1192_j_eurpsy_2021_1114.json"", ""fields"": [""local_pdf_paths"", ""pdf_local_path""]}]",[],[],,container,10.1192/j.eurpsy.2021.1113,Comorbidity and therapeutic response of body dysmorphic disorder (BDD) in autism spectrum disorder (ASD),0.4021,refetch_europepmc_jats:9476072,quarantine_candidate_clear_candidate_references,[]
10.1192/j.eurpsy.2021.1209,"[""replaced""]",replaced_by_verified_exact_jats,/Users/frank/Library/CloudStorage/Dropbox/projects/psychedelics_knowledge_graph/data/processed/fulltext/articles/10_1192_j_eurpsy_2021_1209.json,europepmc_fulltext_xml,verified_exact_doi,/Users/frank/Library/CloudStorage/Dropbox/projects/psychedelics_knowledge_graph/data/processed/fulltext/source_identity_quarantine_20260710/replaced_artifacts/10_1192_j_eurpsy_2021_1209.json,grobid,/Users/frank/Library/CloudStorage/Dropbox/projects/psychedelics_knowledge_graph/data/raw/papers/disorder/pdfs/10.1192_j.eurpsy.2021.1209__3376509eee.pdf,False,True,/Users/frank/Library/CloudStorage/Dropbox/projects/psychedelics_knowledge_graph/data/raw/papers/pdfs/10.1192_j.eurpsy.2021.1209__3376509eee.pdf,69278b058168efff47710accd6b7faf7d4ddb61a98df2e07cf04c3a1b33c82d9,50135,[],"[{""row_index"": 39732, ""doi"": ""10.1192/j.eurpsy.2021.1209"", ""pdf_download_status"": ""downloaded"", ""flag_has_local_pdf"": true, ""has_converted_full_text"": true, ""fulltext_artifact_paths"": ""/Users/frank/Library/CloudStorage/Dropbox/projects/psychedelics_knowledge_graph/data/processed/fulltext/articles/10_1192_j_eurpsy_2021_1209.json"", ""fields"": [""local_pdf_paths"", ""pdf_local_path""]}]",[],[],,unresolved,10.1192/j.eurpsy.2021.1207,Tokophobia or post-traumatic stress disorder ? about a tunisian case,0.2353,refetch_europepmc_jats:9475922,quarantine_candidate_clear_candidate_references,[]
10.1192/j.eurpsy.2021.1278,"[""replaced""]",replaced_by_verified_exact_jats,/Users/frank/Library/CloudStorage/Dropbox/projects/psychedelics_knowledge_graph/data/processed/fulltext/articles/10_1192_j_eurpsy_2021_1278.json,europepmc_fulltext_xml,verified_exact_doi,/Users/frank/Library/CloudStorage/Dropbox/projects/psychedelics_knowledge_graph/data/processed/fulltext/source_identity_quarantine_20260710/replaced_artifacts/10_1192_j_eurpsy_2021_1278.json,grobid,/Users/frank/Library/CloudStorage/Dropbox/projects/psychedelics_knowledge_graph/data/raw/papers/disorder/pdfs/10.1192_j.eurpsy.2021.1278__fa963a19a1.pdf,False,True,/Users/frank/Library/CloudStorage/Dropbox/projects/psychedelics_knowledge_graph/data/raw/papers/pdfs/10.1192_j.eurpsy.2021.1278__fa963a19a1.pdf,8fb0c8c34898705e5e15a330e544a7506b73c5e9da7edeee3152dc8b08a84676,52842,[],"[{""row_index"": 39733, ""doi"": ""10.1192/j.eurpsy.2021.1278"", ""pdf_download_status"": ""already_present"", ""flag_has_local_pdf"": true, ""has_converted_full_text"": true, ""fulltext_artifact_paths"": ""/Users/frank/Library/CloudStorage/Dropbox/projects/psychedelics_knowledge_graph/data/processed/fulltext/articles/10_1192_j_eurpsy_2021_1278.json"", ""fields"": [""local_pdf_paths"", ""pdf_local_path""]}]",[],[],,unresolved,10.1192/j.eurpsy.2021.1276,"Clinical features, effectiveness of therapy and quality of life of patients with type 2 diabetes and comorbid schizophrenia",0.2105,refetch_europepmc_jats:9475877,quarantine_candidate_clear_candidate_references,[]
10.1192/j.eurpsy.2021.1290,"[""quarantined""]",quarantined_no_canonical_artifact,,,,/Users/frank/Library/CloudStorage/Dropbox/projects/psychedelics_knowledge_graph/data/processed/fulltext/source_identity_quarantine_20260710/quarantined_artifacts/10_1192_j_eurpsy_2021_1290.json,grobid,/Users/frank/Library/CloudStorage/Dropbox/projects/psychedelics_knowledge_graph/data/raw/papers/mechanistic/pdfs/10.1192_j.eurpsy.2021.1290__1b3151c982.pdf,False,True,/Users/frank/Library/CloudStorage/Dropbox/projects/psychedelics_knowledge_graph/data/raw/papers/pdfs/10.1192_j.eurpsy.2021.1290__1b3151c982.pdf,cf41a6149821ee2c369e0ba52b8956e57491a927ebd776cd145a3f9d7f9b3663,35245,[],"[{""row_index"": 39734, ""doi"": ""10.1192/j.eurpsy.2021.1290"", ""pdf_download_status"": ""source_identity_quarantined"", ""flag_has_local_pdf"": false, ""has_converted_full_text"": false, ""fulltext_artifact_paths"": """", ""fields"": [""local_pdf_paths""]}]",[],"[""unsegmented_proceedings_container""]",proceedings_container,valid_exact,10.1192/j.eurpsy.2021.1290,Psychedelics: A new era of treatment?,1.0,keep_current_artifact,quarantine_candidate_clear_candidate_references,[]
10.1192/j.eurpsy.2021.1536,"[""replaced""]",replaced_by_verified_exact_jats,/Users/frank/Library/CloudStorage/Dropbox/projects/psychedelics_knowledge_graph/data/processed/fulltext/articles/10_1192_j_eurpsy_2021_1536.json,europepmc_fulltext_xml,verified_exact_doi,/Users/frank/Library/CloudStorage/Dropbox/projects/psychedelics_knowledge_graph/data/processed/fulltext/source_identity_quarantine_20260710/replaced_artifacts/10_1192_j_eurpsy_2021_1536.json,grobid,/Users/frank/Library/CloudStorage/Dropbox/projects/psychedelics_knowledge_graph/data/raw/papers/disorder/pdfs/10.1192_j.eurpsy.2021.1536__6428e9a3ab.pdf,False,True,/Users/frank/Library/CloudStorage/Dropbox/projects/psychedelics_knowledge_graph/data/raw/papers/pdfs/10.1192_j.eurpsy.2021.1536__6428e9a3ab.pdf,20fd7ccb9c79c751e72bcd6be809d5995a48f8ba8a6034c5f1a8fe083b8ffeb8,52603,[],"[{""row_index"": 39735, ""doi"": ""10.1192/j.eurpsy.2021.1536"", ""pdf_download_status"": ""downloaded"", ""flag_has_local_pdf"": true, ""has_converted_full_text"": true, ""fulltext_artifact_paths"": ""/Users/frank/Library/CloudStorage/Dropbox/projects/psychedelics_knowledge_graph/data/processed/fulltext/articles/10_1192_j_eurpsy_2021_1536.json"", ""fields"": [""local_pdf_paths"", ""pdf_local_path""]}]",[],[],,container,10.1192/j.eurpsy.2021.1534,Co-use of tobacco and cannabis: Complicated partnerships,0.3214,refetch_europepmc_jats:9480123,quarantine_candidate_clear_candidate_references,[]
10.1192/j.eurpsy.2021.1836,"[""replaced""]",replaced_by_verified_exact_jats,/Users/frank/Library/CloudStorage/Dropbox/projects/psychedelics_knowledge_graph/data/processed/fulltext/articles/10_1192_j_eurpsy_2021_1836.json,europepmc_fulltext_xml,verified_exact_doi,/Users/frank/Library/CloudStorage/Dropbox/projects/psychedelics_knowledge_graph/data/processed/fulltext/source_identity_quarantine_20260710/replaced_artifacts/10_1192_j_eurpsy_2021_1836.json,grobid,/Users/frank/Library/CloudStorage/Dropbox/projects/psychedelics_knowledge_graph/data/raw/papers/disorder/pdfs/10.1192_j.eurpsy.2021.1836__3960bb8c97.pdf,False,True,/Users/frank/Library/CloudStorage/Dropbox/projects/psychedelics_knowledge_graph/data/raw/papers/pdfs/10.1192_j.eurpsy.2021.1836__3960bb8c97.pdf,babc659eba798752d47f756f5c262f4a4fdf31a7096ac26e853f4ca8e57e717a,53138,[],"[{""row_index"": 39736, ""doi"": ""10.1192/j.eurpsy.2021.1836"", ""pdf_download_status"": ""already_present"", ""flag_has_local_pdf"": true, ""has_converted_full_text"": true, ""fulltext_artifact_paths"": ""/Users/frank/Library/CloudStorage/Dropbox/projects/psychedelics_knowledge_graph/data/processed/fulltext/articles/10_1192_j_eurpsy_2021_1836.json"", ""fields"": [""local_pdf_paths"", ""pdf_local_path""]}]",[],[],,container,10.1192/j.eurpsy.2021.1835,"Lifetime depression and age-related changes in body composition, cardiovascular measures, grip strength and lung function",0.1762,refetch_europepmc_jats:9480034,quarantine_candidate_clear_candidate_references,[]
10.1192/j.eurpsy.2021.2043,"[""quarantined""]",quarantined_no_canonical_artifact,,,,/Users/frank/Library/CloudStorage/Dropbox/projects/psychedelics_knowledge_graph/data/processed/fulltext/source_identity_quarantine_20260710/quarantined_artifacts/10_1192_j_eurpsy_2021_2043.json,grobid,/Users/frank/Library/CloudStorage/Dropbox/projects/psychedelics_knowledge_graph/data/raw/papers/disorder/pdfs/10.1192_j.eurpsy.2021.2043__80e564a2c9.pdf,False,True,/Users/frank/Library/CloudStorage/Dropbox/projects/psychedelics_knowledge_graph/data/raw/papers/pdfs/10.1192_j.eurpsy.2021.2043__80e564a2c9.pdf,96f4a0e3d46b3e4ed3160f0a5e0a6dd8cb2c797b0aefef87d54fb5d48868b31e,36304,[],"[{""row_index"": 39737, ""doi"": ""10.1192/j.eurpsy.2021.2043"", ""pdf_download_status"": ""source_identity_quarantined"", ""flag_has_local_pdf"": false, ""has_converted_full_text"": false, ""fulltext_artifact_paths"": """", ""fields"": [""local_pdf_paths""]}]",[],"[""target_text_with_conflicting_doi"", ""unsegmented_proceedings_container""]",proceedings_container,valid_known_alias,10.1192/j.eurpsy.2021.2042,Ayahuasca potential benefits,1.0,keep_current_artifact,quarantine_candidate_clear_candidate_references,[]
10.1192/j.eurpsy.2021.2054,"[""replaced""]",replaced_by_verified_exact_jats,/Users/frank/Library/CloudStorage/Dropbox/projects/psychedelics_knowledge_graph/data/processed/fulltext/articles/10_1192_j_eurpsy_2021_2054.json,europepmc_fulltext_xml,verified_exact_doi,/Users/frank/Library/CloudStorage/Dropbox/projects/psychedelics_knowledge_graph/data/processed/fulltext/source_identity_quarantine_20260710/replaced_artifacts/10_1192_j_eurpsy_2021_2054.json,grobid,/Users/frank/Library/CloudStorage/Dropbox/projects/psychedelics_knowledge_graph/data/raw/papers/mechanistic/pdfs/10.1192_j.eurpsy.2021.2054__f56f43d5c3.pdf,False,True,/Users/frank/Library/CloudStorage/Dropbox/projects/psychedelics_knowledge_graph/data/raw/papers/pdfs/10.1192_j.eurpsy.2021.2054__f56f43d5c3.pdf,e8851973bdb1c1c27c671089891bcf9550106412918368ad12eca6abb9456bdf,34537,[],"[{""row_index"": 39738, ""doi"": ""10.1192/j.eurpsy.2021.2054"", ""pdf_download_status"": ""downloaded"", ""flag_has_local_pdf"": true, ""has_converted_full_text"": true, ""fulltext_artifact_paths"": ""/Users/frank/Library/CloudStorage/Dropbox/projects/psychedelics_knowledge_graph/data/processed/fulltext/articles/10_1192_j_eurpsy_2021_2054.json"", ""fields"": [""local_pdf_paths"", ""pdf_local_path""]}]",[],[],,container,10.1192/j.eurpsy.2021.2053,Clozapine in severe psychotic disorders: Balancing safety with efficacy,0.4921,refetch_europepmc_jats:9470409,quarantine_candidate_clear_candidate_references,[]
10.1192/j.eurpsy.2021.2062,"[""replaced""]",replaced_by_verified_exact_jats,/Users/frank/Library/CloudStorage/Dropbox/projects/psychedelics_knowledge_graph/data/processed/fulltext/articles/10_1192_j_eurpsy_2021_2062.json,europepmc_fulltext_xml,verified_exact_doi,/Users/frank/Library/CloudStorage/Dropbox/projects/psychedelics_knowledge_graph/data/processed/fulltext/source_identity_quarantine_20260710/replaced_artifacts/10_1192_j_eurpsy_2021_2062.json,grobid,/Users/frank/Library/CloudStorage/Dropbox/projects/psychedelics_knowledge_graph/data/raw/papers/disorder/pdfs/10.1192_j.eurpsy.2021.2062__b50138d161.pdf,False,True,/Users/frank/Library/CloudStorage/Dropbox/projects/psychedelics_knowledge_graph/data/raw/papers/pdfs/10.1192_j.eurpsy.2021.2062__b50138d161.pdf,7951b30f0dda03de5a456a62a2d7fe8faefde83145719a81e513d950ee92cbfb,36324,[],"[{""row_index"": 39739, ""doi"": ""10.1192/j.eurpsy.2021.2062"", ""pdf_download_status"": ""downloaded"", ""flag_has_local_pdf"": true, ""has_converted_full_text"": true, ""fulltext_artifact_paths"": ""/Users/frank/Library/CloudStorage/Dropbox/projects/psychedelics_knowledge_graph/data/processed/fulltext/articles/10_1192_j_eurpsy_2021_2062.json"", ""fields"": [""local_pdf_paths"", ""pdf_local_path""]}]",[],[],,unresolved,10.1192/j.eurpsy.2021.2061,The sublingual use of atropine in the treatment of clozapine-induced sialorrhea,0.3741,refetch_europepmc_jats:9480193,quarantine_candidate_clear_candidate_references,[]
10.1192/j.eurpsy.2021.389,"[""replaced""]",replaced_by_verified_exact_jats,/Users/frank/Library/CloudStorage/Dropbox/projects/psychedelics_knowledge_graph/data/processed/fulltext/articles/10_1192_j_eurpsy_2021_389.json,europepmc_fulltext_xml,verified_exact_doi,/Users/frank/Library/CloudStorage/Dropbox/projects/psychedelics_knowledge_graph/data/processed/fulltext/source_identity_quarantine_20260710/replaced_artifacts/10_1192_j_eurpsy_2021_389.json,grobid,/Users/frank/Library/CloudStorage/Dropbox/projects/psychedelics_knowledge_graph/data/raw/papers/disorder/pdfs/10.1192_j.eurpsy.2021.389__ea17874605.pdf,False,True,/Users/frank/Library/CloudStorage/Dropbox/projects/psychedelics_knowledge_graph/data/raw/papers/pdfs/10.1192_j.eurpsy.2021.389__ea17874605.pdf,9078a0487dca3acbe3126d1fe2487445cc1fefa09cd180488c433b7d093fc2bb,50035,[],"[{""row_index"": 39741, ""doi"": ""10.1192/j.eurpsy.2021.389"", ""pdf_download_status"": ""already_present"", ""flag_has_local_pdf"": true, ""has_converted_full_text"": true, ""fulltext_artifact_paths"": ""/Users/frank/Library/CloudStorage/Dropbox/projects/psychedelics_knowledge_graph/data/processed/fulltext/articles/10_1192_j_eurpsy_2021_389.json"", ""fields"": [""local_pdf_paths"", ""pdf_local_path""]}]",[],[],,container,10.1192/j.eurpsy.2021.387,The psychiatric impact of the 2020 beirut port explosion on civilians and relief workers,0.2719,refetch_europepmc_jats:9471935,quarantine_candidate_clear_candidate_references,[]
10.1192/j.eurpsy.2021.391,"[""replaced""]",replaced_by_verified_exact_jats,/Users/frank/Library/CloudStorage/Dropbox/projects/psychedelics_knowledge_graph/data/processed/fulltext/articles/10_1192_j_eurpsy_2021_391.json,europepmc_fulltext_xml,verified_exact_doi,/Users/frank/Library/CloudStorage/Dropbox/projects/psychedelics_knowledge_graph/data/processed/fulltext/source_identity_quarantine_20260710/replaced_artifacts/10_1192_j_eurpsy_2021_391.json,grobid,/Users/frank/Library/CloudStorage/Dropbox/projects/psychedelics_knowledge_graph/data/raw/papers/disorder/pdfs/10.1192_j.eurpsy.2021.391__c042aeefce.pdf,False,True,/Users/frank/Library/CloudStorage/Dropbox/projects/psychedelics_knowledge_graph/data/raw/papers/pdfs/10.1192_j.eurpsy.2021.391__c042aeefce.pdf,a53e04e3678945e0e61d685806778fbf240c3bcefeb8e5112df78fa77364f122,61864,[],"[{""row_index"": 39742, ""doi"": ""10.1192/j.eurpsy.2021.391"", ""pdf_download_status"": ""already_present"", ""flag_has_local_pdf"": true, ""has_converted_full_text"": true, ""fulltext_artifact_paths"": ""/Users/frank/Library/CloudStorage/Dropbox/projects/psychedelics_knowledge_graph/data/processed/fulltext/articles/10_1192_j_eurpsy_2021_391.json"", ""fields"": [""local_pdf_paths"", ""pdf_local_path""]}]",[],[],,container,10.1192/j.eurpsy.2021.390,Suicidality in post-traumatic stress disorder (PTSD) and complex PTSD (CPTSD),0.1645,refetch_europepmc_jats:9471528,quarantine_candidate_clear_candidate_references,[]
10.1192/j.eurpsy.2021.886,"[""quarantined""]",quarantined_no_canonical_artifact,,,,/Users/frank/Library/CloudStorage/Dropbox/projects/psychedelics_knowledge_graph/data/processed/fulltext/source_identity_quarantine_20260710/quarantined_artifacts/10_1192_j_eurpsy_2021_886.json,grobid,/Users/frank/Library/CloudStorage/Dropbox/projects/psychedelics_knowledge_graph/data/raw/papers/disorder/pdfs/10.1192_j.eurpsy.2021.886__fb949a9926.pdf,False,True,/Users/frank/Library/CloudStorage/Dropbox/projects/psychedelics_knowledge_graph/data/raw/papers/pdfs/10.1192_j.eurpsy.2021.886__fb949a9926.pdf,706375927082677b5a718a8ff1b6d7bc51c3dddd3af6d8e80b64659f1c896584,527886,[],"[{""row_index"": 39743, ""doi"": ""10.1192/j.eurpsy.2021.886"", ""pdf_download_status"": ""source_identity_quarantined"", ""flag_has_local_pdf"": false, ""has_converted_full_text"": false, ""fulltext_artifact_paths"": """", ""fields"": [""local_pdf_paths""]}]",[],"[""unsegmented_proceedings_container""]",proceedings_container,valid_exact,10.1192/j.eurpsy.2021.886,How effective are ketamine or esketamine in treatment-resistant depression?,1.0,keep_current_artifact,quarantine_candidate_clear_candidate_references,[]
10.1192/j.eurpsy.2021.897,"[""replaced""]",replaced_by_verified_exact_jats,/Users/frank/Library/CloudStorage/Dropbox/projects/psychedelics_knowledge_graph/data/processed/fulltext/articles/10_1192_j_eurpsy_2021_897.json,europepmc_fulltext_xml,verified_exact_doi,/Users/frank/Library/CloudStorage/Dropbox/projects/psychedelics_knowledge_graph/data/processed/fulltext/source_identity_quarantine_20260710/replaced_artifacts/10_1192_j_eurpsy_2021_897.json,grobid,/Users/frank/Library/CloudStorage/Dropbox/projects/psychedelics_knowledge_graph/data/raw/papers/disorder/pdfs/10.1192_j.eurpsy.2021.897__b75e713be8.pdf,False,True,/Users/frank/Library/CloudStorage/Dropbox/projects/psychedelics_knowledge_graph/data/raw/papers/pdfs/10.1192_j.eurpsy.2021.897__b75e713be8.pdf,76c5db87fbd3f667f26b8d07d1914ebf7e5317b8048d58ec78d37764a9bbaee3,54613,[],"[{""row_index"": 39744, ""doi"": ""10.1192/j.eurpsy.2021.897"", ""pdf_download_status"": ""downloaded"", ""flag_has_local_pdf"": true, ""has_converted_full_text"": true, ""fulltext_artifact_paths"": ""/Users/frank/Library/CloudStorage/Dropbox/projects/psychedelics_knowledge_graph/data/processed/fulltext/articles/10_1192_j_eurpsy_2021_897.json"", ""fields"": [""local_pdf_paths"", ""pdf_local_path""]}]",[],[],,container,10.1192/j.eurpsy.2021.895,"Improvements in mood symptoms, cognitive symptoms and functioning in outpatients with mdd in greece treated with vortioxetine: A patient-rated evaluation",0.3056,refetch_europepmc_jats:9471356,quarantine_candidate_clear_candidate_references,[]
10.1192/j.eurpsy.2022.1058,"[""quarantined""]",quarantined_no_canonical_artifact,,,,/Users/frank/Library/CloudStorage/Dropbox/projects/psychedelics_knowledge_graph/data/processed/fulltext/source_identity_quarantine_20260710/quarantined_artifacts/10_1192_j_eurpsy_2022_1058.json,grobid,/Users/frank/Library/CloudStorage/Dropbox/projects/psychedelics_knowledge_graph/data/raw/papers/disorder/pdfs/10.1192_j.eurpsy.2022.1058__82df694e9a.pdf,False,True,/Users/frank/Library/CloudStorage/Dropbox/projects/psychedelics_knowledge_graph/data/raw/papers/pdfs/10.1192_j.eurpsy.2022.1058__82df694e9a.pdf,67335be58a055b37b72089d4c68cde471f042b8cbcf8a5308ee92fa3c99d5cea,40023,[],"[{""row_index"": 39745, ""doi"": ""10.1192/j.eurpsy.2022.1058"", ""pdf_download_status"": ""source_identity_quarantined"", ""flag_has_local_pdf"": false, ""has_converted_full_text"": false, ""fulltext_artifact_paths"": """", ""fields"": [""local_pdf_paths""]}]",[],"[""unsegmented_proceedings_container""]",proceedings_container,valid_exact,10.1192/j.eurpsy.2022.1058,Use of Electro-Convulsive Therapy as a Bipolar Disorder Treatment: A Systematic Review,1.0,keep_current_artifact,quarantine_candidate_clear_candidate_references,[]
10.1192/j.eurpsy.2022.1422,"[""replaced""]",replaced_by_verified_exact_jats,/Users/frank/Library/CloudStorage/Dropbox/projects/psychedelics_knowledge_graph/data/processed/fulltext/articles/10_1192_j_eurpsy_2022_1422.json,europepmc_fulltext_xml,verified_exact_doi,/Users/frank/Library/CloudStorage/Dropbox/projects/psychedelics_knowledge_graph/data/processed/fulltext/source_identity_quarantine_20260710/replaced_artifacts/10_1192_j_eurpsy_2022_1422.json,grobid,/Users/frank/Library/CloudStorage/Dropbox/projects/psychedelics_knowledge_graph/data/raw/papers/disorder/pdfs/10.1192_j.eurpsy.2022.1422__db50e8b535.pdf,False,True,/Users/frank/Library/CloudStorage/Dropbox/projects/psychedelics_knowledge_graph/data/raw/papers/pdfs/10.1192_j.eurpsy.2022.1422__db50e8b535.pdf,0d381b664e08c9c293d0d9f7c76fc12c6db9f3828b165f1b6cee519dd03aec83,53420,[],"[{""row_index"": 39746, ""doi"": ""10.1192/j.eurpsy.2022.1422"", ""pdf_download_status"": ""downloaded"", ""flag_has_local_pdf"": true, ""has_converted_full_text"": true, ""fulltext_artifact_paths"": ""/Users/frank/Library/CloudStorage/Dropbox/projects/psychedelics_knowledge_graph/data/processed/fulltext/articles/10_1192_j_eurpsy_2022_1422.json"", ""fields"": [""local_pdf_paths"", ""pdf_local_path""]}]",[],[],,unresolved,10.1192/j.eurpsy.2022.1420,"Conclusions: Major depressive disorder was associated with vitamin D deficiency but no statistical significant correlation could be established neither between levels of vitamin D and severity of depression nor between levels of vitamin D and cognitive dysfunction. Vitamin D level was statistically correlated with decreased concentration, decreased libido and menstrual disturbances",0.0522,refetch_europepmc_jats:9567018,quarantine_candidate_clear_candidate_references,[]
10.1192/j.eurpsy.2022.143,"[""replaced""]",replaced_by_verified_exact_jats,/Users/frank/Library/CloudStorage/Dropbox/projects/psychedelics_knowledge_graph/data/processed/fulltext/articles/10_1192_j_eurpsy_2022_143.json,europepmc_fulltext_xml,verified_exact_doi,/Users/frank/Library/CloudStorage/Dropbox/projects/psychedelics_knowledge_graph/data/processed/fulltext/source_identity_quarantine_20260710/replaced_artifacts/10_1192_j_eurpsy_2022_143.json,grobid,/Users/frank/Library/CloudStorage/Dropbox/projects/psychedelics_knowledge_graph/data/raw/papers/disorder/pdfs/10.1192_j.eurpsy.2022.143__00702e82da.pdf,False,True,/Users/frank/Library/CloudStorage/Dropbox/projects/psychedelics_knowledge_graph/data/raw/papers/pdfs/10.1192_j.eurpsy.2022.143__00702e82da.pdf,43b3ce96bab0a78383f23c44cc017713c277a41878da15ac04877b18d4b746fa,45716,[],"[{""row_index"": 39747, ""doi"": ""10.1192/j.eurpsy.2022.143"", ""pdf_download_status"": ""downloaded"", ""flag_has_local_pdf"": true, ""has_converted_full_text"": true, ""fulltext_artifact_paths"": ""/Users/frank/Library/CloudStorage/Dropbox/projects/psychedelics_knowledge_graph/data/processed/fulltext/articles/10_1192_j_eurpsy_2022_143.json"", ""fields"": [""local_pdf_paths"", ""pdf_local_path""]}]",[],[],,unresolved,10.1192/j.eurpsy.2022.141,Clinical characteristics of treatment-resistant depression in adults in Hungary: Real-world evidence from a 7-year-longz retrospective data analysis,0.1846,refetch_europepmc_jats:9567346,quarantine_candidate_clear_candidate_references,[]
10.1192/j.eurpsy.2022.1431,"[""replaced""]",replaced_by_verified_exact_jats,/Users/frank/Library/CloudStorage/Dropbox/projects/psychedelics_knowledge_graph/data/processed/fulltext/articles/10_1192_j_eurpsy_2022_1431.json,europepmc_fulltext_xml,verified_exact_doi,/Users/frank/Library/CloudStorage/Dropbox/projects/psychedelics_knowledge_graph/data/processed/fulltext/source_identity_quarantine_20260710/replaced_artifacts/10_1192_j_eurpsy_2022_1431.json,grobid,/Users/frank/Library/CloudStorage/Dropbox/projects/psychedelics_knowledge_graph/data/raw/papers/disorder/pdfs/10.1192_j.eurpsy.2022.1431__a3b34ac437.pdf,False,True,/Users/frank/Library/CloudStorage/Dropbox/projects/psychedelics_knowledge_graph/data/raw/papers/pdfs/10.1192_j.eurpsy.2022.1431__a3b34ac437.pdf,de3aa3a746abc0375ab6fa8687fe57b6b417f0454b6d638ba94a35ccb578d1b9,37202,[],"[{""row_index"": 39748, ""doi"": ""10.1192/j.eurpsy.2022.1431"", ""pdf_download_status"": ""already_present"", ""flag_has_local_pdf"": true, ""has_converted_full_text"": true, ""fulltext_artifact_paths"": ""/Users/frank/Library/CloudStorage/Dropbox/projects/psychedelics_knowledge_graph/data/processed/fulltext/articles/10_1192_j_eurpsy_2022_1431.json"", ""fields"": [""local_pdf_paths"", ""pdf_local_path""]}]",[],[],,unresolved,10.1192/j.eurpsy.2022.1430,Do malignant self-regard and depressive personality account for appearance evaluation? Preliminary results,0.2727,refetch_europepmc_jats:9567915,quarantine_candidate_clear_candidate_references,[]
10.1192/j.eurpsy.2022.1445,"[""replaced""]",replaced_by_verified_exact_jats,/Users/frank/Library/CloudStorage/Dropbox/projects/psychedelics_knowledge_graph/data/processed/fulltext/articles/10_1192_j_eurpsy_2022_1445.json,europepmc_fulltext_xml,verified_exact_doi,/Users/frank/Library/CloudStorage/Dropbox/projects/psychedelics_knowledge_graph/data/processed/fulltext/source_identity_quarantine_20260710/replaced_artifacts/10_1192_j_eurpsy_2022_1445.json,grobid,/Users/frank/Library/CloudStorage/Dropbox/projects/psychedelics_knowledge_graph/data/raw/papers/disorder/pdfs/10.1192_j.eurpsy.2022.1445__419054022e.pdf,False,True,/Users/frank/Library/CloudStorage/Dropbox/projects/psychedelics_knowledge_graph/data/raw/papers/pdfs/10.1192_j.eurpsy.2022.1445__419054022e.pdf,e9ba3ae8cf18063fbfae8080245d6e53b9ea65448c37e881acbb745e318ae6ca,54297,[],"[{""row_index"": 39749, ""doi"": ""10.1192/j.eurpsy.2022.1445"", ""pdf_download_status"": ""downloaded"", ""flag_has_local_pdf"": true, ""has_converted_full_text"": true, ""fulltext_artifact_paths"": ""/Users/frank/Library/CloudStorage/Dropbox/projects/psychedelics_knowledge_graph/data/processed/fulltext/articles/10_1192_j_eurpsy_2022_1445.json"", ""fields"": [""local_pdf_paths"", ""pdf_local_path""]}]",[],[],,unresolved,10.1192/j.eurpsy.2022.1443,EPV0637 Psychopathological features of hysterical disorders arising as part of affective disorders and schizophrenia,0.1744,refetch_europepmc_jats:9567259,quarantine_candidate_clear_candidate_references,[]
10.1192/j.eurpsy.2022.1446,"[""quarantined""]",quarantined_no_canonical_artifact,,,,/Users/frank/Library/CloudStorage/Dropbox/projects/psychedelics_knowledge_graph/data/processed/fulltext/source_identity_quarantine_20260710/quarantined_artifacts/10_1192_j_eurpsy_2022_1446.json,grobid,/Users/frank/Library/CloudStorage/Dropbox/projects/psychedelics_knowledge_graph/data/raw/papers/disorder/pdfs/10.1192_j.eurpsy.2022.1446__10046961c3.pdf,False,True,/Users/frank/Library/CloudStorage/Dropbox/projects/psychedelics_knowledge_graph/data/raw/papers/pdfs/10.1192_j.eurpsy.2022.1446__10046961c3.pdf,271c474c3dd699284f04947407b1528df76ba93a06f01377158866c790e8218a,40170,[],"[{""row_index"": 39750, ""doi"": ""10.1192/j.eurpsy.2022.1446"", ""pdf_download_status"": ""source_identity_quarantined"", ""flag_has_local_pdf"": false, ""has_converted_full_text"": false, ""fulltext_artifact_paths"": """", ""fields"": [""local_pdf_paths""]}]",[],"[""unsegmented_proceedings_container""]",proceedings_container,valid_exact,10.1192/j.eurpsy.2022.1446,S-Ketamine in the treatment of depressive emergencies: a cases series of patients in a suicidal crisis,1.0,keep_current_artifact,quarantine_candidate_clear_candidate_references,[]
10.1192/j.eurpsy.2022.1659,"[""quarantined""]",quarantined_no_canonical_artifact,,,,/Users/frank/Library/CloudStorage/Dropbox/projects/psychedelics_knowledge_graph/data/processed/fulltext/source_identity_quarantine_20260710/quarantined_artifacts/10_1192_j_eurpsy_2022_1659.json,grobid,/Users/frank/Library/CloudStorage/Dropbox/projects/psychedelics_knowledge_graph/data/raw/papers/disorder/pdfs/10.1192_j.eurpsy.2022.1659__cd34b54d5f.pdf,False,True,/Users/frank/Library/CloudStorage/Dropbox/projects/psychedelics_knowledge_graph/data/raw/papers/pdfs/10.1192_j.eurpsy.2022.1659__cd34b54d5f.pdf,f97761c96d1db1add372833e76e2fa264ac3ee6940289266c891932f7bcf3695,34265,[],"[{""row_index"": 39753, ""doi"": ""10.1192/j.eurpsy.2022.1659"", ""pdf_download_status"": ""source_identity_quarantined"", ""flag_has_local_pdf"": false, ""has_converted_full_text"": false, ""fulltext_artifact_paths"": """", ""fields"": [""local_pdf_paths""]}]",[],"[""unsegmented_proceedings_container""]",proceedings_container,valid_exact,10.1192/j.eurpsy.2022.1659,EPV0920 Therapeutic potential of serotoninergic psychedelic substances in the treatment of Obsessive Compulsive Disorder,0.9655,keep_current_artifact,quarantine_candidate_clear_candidate_references,[]
10.1192/j.eurpsy.2022.1730,"[""replaced""]",replaced_by_verified_exact_jats,/Users/frank/Library/CloudStorage/Dropbox/projects/psychedelics_knowledge_graph/data/processed/fulltext/articles/10_1192_j_eurpsy_2022_1730.json,europepmc_fulltext_xml,verified_exact_doi,/Users/frank/Library/CloudStorage/Dropbox/projects/psychedelics_knowledge_graph/data/processed/fulltext/source_identity_quarantine_20260710/replaced_artifacts/10_1192_j_eurpsy_2022_1730.json,grobid,/Users/frank/Library/CloudStorage/Dropbox/projects/psychedelics_knowledge_graph/data/raw/papers/disorder/pdfs/10.1192_j.eurpsy.2022.1730__ae99a7b6ee.pdf,False,True,/Users/frank/Library/CloudStorage/Dropbox/projects/psychedelics_knowledge_graph/data/raw/papers/pdfs/10.1192_j.eurpsy.2022.1730__ae99a7b6ee.pdf,c779e67b0c9a01932f1e2c67f5066d128b089e85e7461af4be4ce3a7671d9bbb,56653,[],"[{""row_index"": 39754, ""doi"": ""10.1192/j.eurpsy.2022.1730"", ""pdf_download_status"": ""downloaded"", ""flag_has_local_pdf"": true, ""has_converted_full_text"": true, ""fulltext_artifact_paths"": ""/Users/frank/Library/CloudStorage/Dropbox/projects/psychedelics_knowledge_graph/data/processed/fulltext/articles/10_1192_j_eurpsy_2022_1730.json"", ""fields"": [""local_pdf_paths"", ""pdf_local_path""]}]",[],[],,unresolved,10.1192/j.eurpsy.2022.1728,Prevalence of Late Onset Stress Symptomatology (LOSS) in geriatric combat veterans and its relation with dementia: A Pilot Study,0.2411,refetch_europepmc_jats:9567883,quarantine_candidate_clear_candidate_references,[]
10.1192/j.eurpsy.2022.1731,"[""quarantined""]",quarantined_no_canonical_artifact,,,,/Users/frank/Library/CloudStorage/Dropbox/projects/psychedelics_knowledge_graph/data/processed/fulltext/source_identity_quarantine_20260710/quarantined_artifacts/10_1192_j_eurpsy_2022_1731.json,grobid,/Users/frank/Library/CloudStorage/Dropbox/projects/psychedelics_knowledge_graph/data/raw/papers/disorder/pdfs/10.1192_j.eurpsy.2022.1731__159dff3327.pdf,False,True,/Users/frank/Library/CloudStorage/Dropbox/projects/psychedelics_knowledge_graph/data/raw/papers/pdfs/10.1192_j.eurpsy.2022.1731__159dff3327.pdf,d06bd24418610f7474800253135dd7eee011b2459e31418725bcadc8eb15932b,41085,[],"[{""row_index"": 39755, ""doi"": ""10.1192/j.eurpsy.2022.1731"", ""pdf_download_status"": ""source_identity_quarantined"", ""flag_has_local_pdf"": false, ""has_converted_full_text"": false, ""fulltext_artifact_paths"": """", ""fields"": [""local_pdf_paths""]}]",[],"[""unsegmented_proceedings_container""]",proceedings_container,valid_exact,10.1192/j.eurpsy.2022.1731,MDMA-Assisted Therapy for Treatment-Resistant Posttraumatic Stress Disorder (PTSD) -One step further toward a patient-centered treatment pathway,1.0,keep_current_artifact,quarantine_candidate_clear_candidate_references,[]
10.1192/j.eurpsy.2022.1820,"[""replaced""]",replaced_by_verified_exact_jats,/Users/frank/Library/CloudStorage/Dropbox/projects/psychedelics_knowledge_graph/data/processed/fulltext/articles/10_1192_j_eurpsy_2022_1820.json,europepmc_fulltext_xml,verified_exact_doi,/Users/frank/Library/CloudStorage/Dropbox/projects/psychedelics_knowledge_graph/data/processed/fulltext/source_identity_quarantine_20260710/replaced_artifacts/10_1192_j_eurpsy_2022_1820.json,grobid,/Users/frank/Library/CloudStorage/Dropbox/projects/psychedelics_knowledge_graph/data/raw/papers/disorder/pdfs/10.1192_j.eurpsy.2022.1820__e79bde3236.pdf,False,True,/Users/frank/Library/CloudStorage/Dropbox/projects/psychedelics_knowledge_graph/data/raw/papers/pdfs/10.1192_j.eurpsy.2022.1820__e79bde3236.pdf,453a553d36b8fe0b09a6bffa33787d1344b93c28b690d839b199ab81f532a00c,53276,[],"[{""row_index"": 39757, ""doi"": ""10.1192/j.eurpsy.2022.1820"", ""pdf_download_status"": ""downloaded"", ""flag_has_local_pdf"": true, ""has_converted_full_text"": true, ""fulltext_artifact_paths"": ""/Users/frank/Library/CloudStorage/Dropbox/projects/psychedelics_knowledge_graph/data/processed/fulltext/articles/10_1192_j_eurpsy_2022_1820.json"", ""fields"": [""local_pdf_paths"", ""pdf_local_path""]}]",[],[],,unresolved,10.1192/j.eurpsy.2022.1818,Delusion of pregnancy : The role of prolactin,0.3529,refetch_europepmc_jats:9567945,quarantine_candidate_clear_candidate_references,[]
10.1192/j.eurpsy.2022.1843,"[""quarantined""]",quarantined_no_canonical_artifact,,,,/Users/frank/Library/CloudStorage/Dropbox/projects/psychedelics_knowledge_graph/data/processed/fulltext/source_identity_quarantine_20260710/quarantined_artifacts/10_1192_j_eurpsy_2022_1843.json,grobid,/Users/frank/Library/CloudStorage/Dropbox/projects/psychedelics_knowledge_graph/data/raw/papers/disorder/pdfs/10.1192_j.eurpsy.2022.1843__abf1e61c8c.pdf,False,True,/Users/frank/Library/CloudStorage/Dropbox/projects/psychedelics_knowledge_graph/data/raw/papers/pdfs/10.1192_j.eurpsy.2022.1843__abf1e61c8c.pdf,1562b0842d93cdddfef05b17d860d8dc91c1397813bcaac2430f0846e795c543,36837,[],"[{""row_index"": 39758, ""doi"": ""10.1192/j.eurpsy.2022.1843"", ""pdf_download_status"": ""source_identity_quarantined"", ""flag_has_local_pdf"": false, ""has_converted_full_text"": false, ""fulltext_artifact_paths"": """", ""fields"": [""local_pdf_paths""]}]",[],"[""unsegmented_proceedings_container""]",proceedings_container,valid_exact,10.1192/j.eurpsy.2022.1843,Therapeutic use of ayahuasca: a review of the evidence of its use in approaching depressive disorders,1.0,keep_current_artifact,quarantine_candidate_clear_candidate_references,[]
10.1192/j.eurpsy.2022.1846,"[""quarantined""]",quarantined_no_canonical_artifact,,,,/Users/frank/Library/CloudStorage/Dropbox/projects/psychedelics_knowledge_graph/data/processed/fulltext/source_identity_quarantine_20260710/quarantined_artifacts/10_1192_j_eurpsy_2022_1846.json,grobid,/Users/frank/Library/CloudStorage/Dropbox/projects/psychedelics_knowledge_graph/data/raw/papers/disorder/pdfs/10.1192_j.eurpsy.2022.1846__38ed716118.pdf,False,True,/Users/frank/Library/CloudStorage/Dropbox/projects/psychedelics_knowledge_graph/data/raw/papers/pdfs/10.1192_j.eurpsy.2022.1846__38ed716118.pdf,08d16ddc768fe0eb9c785270ee47cfbac7fd03cbc989616dc53011425abbbc22,38792,[],"[{""row_index"": 39759, ""doi"": ""10.1192/j.eurpsy.2022.1846"", ""pdf_download_status"": ""source_identity_quarantined"", ""flag_has_local_pdf"": false, ""has_converted_full_text"": false, ""fulltext_artifact_paths"": """", ""fields"": [""local_pdf_paths""]}]",[],"[""unsegmented_proceedings_container""]",proceedings_container,valid_exact,10.1192/j.eurpsy.2022.1846,"Ranging Study to Assess Safety and Psychoactive Effects of a Vaporized 5-Methoxy-N,N-Dimethyltryptamine Formulation (GH001) in Healthy Volunteers",0.9477,keep_current_artifact,quarantine_candidate_clear_candidate_references,[]
10.1192/j.eurpsy.2022.1879,"[""quarantined""]",quarantined_no_canonical_artifact,,,,/Users/frank/Library/CloudStorage/Dropbox/projects/psychedelics_knowledge_graph/data/processed/fulltext/source_identity_quarantine_20260710/quarantined_artifacts/10_1192_j_eurpsy_2022_1879.json,grobid,/Users/frank/Library/CloudStorage/Dropbox/projects/psychedelics_knowledge_graph/data/raw/papers/disorder/pdfs/10.1192_j.eurpsy.2022.1879__b9a27dc181.pdf,False,True,/Users/frank/Library/CloudStorage/Dropbox/projects/psychedelics_knowledge_graph/data/raw/papers/pdfs/10.1192_j.eurpsy.2022.1879__b9a27dc181.pdf,5a0923b2471ce216d912358f79998f5c1b8f10d7a7200a94e225890c72de75f1,36567,[],"[{""row_index"": 39760, ""doi"": ""10.1192/j.eurpsy.2022.1879"", ""pdf_download_status"": ""source_identity_quarantined"", ""flag_has_local_pdf"": false, ""has_converted_full_text"": false, ""fulltext_artifact_paths"": """", ""fields"": [""local_pdf_paths""]}]",[],"[""unsegmented_proceedings_container""]",proceedings_container,valid_exact,10.1192/j.eurpsy.2022.1879,The cognitive effects of esketamine: what do we know so far?,1.0,keep_current_artifact,quarantine_candidate_clear_candidate_references,[]
10.1192/j.eurpsy.2022.2157,"[""quarantined""]",quarantined_no_canonical_artifact,,,,/Users/frank/Library/CloudStorage/Dropbox/projects/psychedelics_knowledge_graph/data/processed/fulltext/source_identity_quarantine_20260710/quarantined_artifacts/10_1192_j_eurpsy_2022_2157.json,grobid,/Users/frank/Library/CloudStorage/Dropbox/projects/psychedelics_knowledge_graph/data/raw/papers/disorder/pdfs/10.1192_j.eurpsy.2022.2157__c93e670ae6.pdf,False,True,/Users/frank/Library/CloudStorage/Dropbox/projects/psychedelics_knowledge_graph/data/raw/papers/pdfs/10.1192_j.eurpsy.2022.2157__c93e670ae6.pdf,d7638997fcc526973b4c083d49602519d5afe8fc0d80b975afd05f4df0f15d7d,35213,[],"[{""row_index"": 39761, ""doi"": ""10.1192/j.eurpsy.2022.2157"", ""pdf_download_status"": ""source_identity_quarantined"", ""flag_has_local_pdf"": false, ""has_converted_full_text"": false, ""fulltext_artifact_paths"": """", ""fields"": [""local_pdf_paths""]}]",[],"[""unsegmented_proceedings_container""]",proceedings_container,valid_exact,10.1192/j.eurpsy.2022.2157,Psychiatric comorbidity among patients attending an addiction treatment center in Morocco,1.0,keep_current_artifact,quarantine_candidate_clear_candidate_references,[]
10.1192/j.eurpsy.2022.2260,"[""replaced""]",replaced_by_verified_exact_jats,/Users/frank/Library/CloudStorage/Dropbox/projects/psychedelics_knowledge_graph/data/processed/fulltext/articles/10_1192_j_eurpsy_2022_2260.json,europepmc_fulltext_xml,verified_exact_doi,/Users/frank/Library/CloudStorage/Dropbox/projects/psychedelics_knowledge_graph/data/processed/fulltext/source_identity_quarantine_20260710/replaced_artifacts/10_1192_j_eurpsy_2022_2260.json,grobid,/Users/frank/Library/CloudStorage/Dropbox/projects/psychedelics_knowledge_graph/data/raw/papers/disorder/pdfs/10.1192_j.eurpsy.2022.2260__23ff28a04f.pdf,False,True,/Users/frank/Library/CloudStorage/Dropbox/projects/psychedelics_knowledge_graph/data/raw/papers/pdfs/10.1192_j.eurpsy.2022.2260__23ff28a04f.pdf,efe80da89fabbd09ecbb02704e080de3a0afd3d33988893dc07f401b4dd2e5da,55058,[],"[{""row_index"": 39762, ""doi"": ""10.1192/j.eurpsy.2022.2260"", ""pdf_download_status"": ""downloaded"", ""flag_has_local_pdf"": true, ""has_converted_full_text"": true, ""fulltext_artifact_paths"": ""/Users/frank/Library/CloudStorage/Dropbox/projects/psychedelics_knowledge_graph/data/processed/fulltext/articles/10_1192_j_eurpsy_2022_2260.json"", ""fields"": [""local_pdf_paths"", ""pdf_local_path""]}]",[],[],,unresolved,10.1192/j.eurpsy.2022.2258,Stigma and Discrimination During the Covid-19 Pandemic,0.2,refetch_europepmc_jats:9567539,quarantine_candidate_clear_candidate_references,[]
10.1192/j.eurpsy.2022.2272,"[""quarantined""]",quarantined_no_canonical_artifact,,,,/Users/frank/Library/CloudStorage/Dropbox/projects/psychedelics_knowledge_graph/data/processed/fulltext/source_identity_quarantine_20260710/quarantined_artifacts/10_1192_j_eurpsy_2022_2272.json,grobid,/Users/frank/Library/CloudStorage/Dropbox/projects/psychedelics_knowledge_graph/data/raw/papers/disorder/pdfs/10.1192_j.eurpsy.2022.2272__22e2629f10.pdf,False,True,/Users/frank/Library/CloudStorage/Dropbox/projects/psychedelics_knowledge_graph/data/raw/papers/pdfs/10.1192_j.eurpsy.2022.2272__22e2629f10.pdf,82bb2fc29ba01a4eaa810765fd63dca68228862af9973927965af9dd69d51c42,34840,[],"[{""row_index"": 39763, ""doi"": ""10.1192/j.eurpsy.2022.2272"", ""pdf_download_status"": ""source_identity_quarantined"", ""flag_has_local_pdf"": false, ""has_converted_full_text"": false, ""fulltext_artifact_paths"": """", ""fields"": [""local_pdf_paths""]}]",[],"[""unsegmented_proceedings_container""]",proceedings_container,valid_exact,10.1192/j.eurpsy.2022.2272,Does LSD Have Any Therapeutical Value In Mental Disorders? A Non-Systemic Review,1.0,keep_current_artifact,quarantine_candidate_clear_candidate_references,[]
10.1192/j.eurpsy.2022.2277,"[""replaced""]",replaced_by_verified_exact_jats,/Users/frank/Library/CloudStorage/Dropbox/projects/psychedelics_knowledge_graph/data/processed/fulltext/articles/10_1192_j_eurpsy_2022_2277.json,europepmc_fulltext_xml,verified_exact_doi,/Users/frank/Library/CloudStorage/Dropbox/projects/psychedelics_knowledge_graph/data/processed/fulltext/source_identity_quarantine_20260710/replaced_artifacts/10_1192_j_eurpsy_2022_2277.json,grobid,/Users/frank/Library/CloudStorage/Dropbox/projects/psychedelics_knowledge_graph/data/raw/papers/disorder/pdfs/10.1192_j.eurpsy.2022.2277__59e2d01d40.pdf,False,True,/Users/frank/Library/CloudStorage/Dropbox/projects/psychedelics_knowledge_graph/data/raw/papers/pdfs/10.1192_j.eurpsy.2022.2277__59e2d01d40.pdf,0f5f14f98227f5c2b47e7233e25eb33338fcdf7db7a2f3327c9182245f17cf7d,47592,[],"[{""row_index"": 39764, ""doi"": ""10.1192/j.eurpsy.2022.2277"", ""pdf_download_status"": ""downloaded"", ""flag_has_local_pdf"": true, ""has_converted_full_text"": true, ""fulltext_artifact_paths"": ""/Users/frank/Library/CloudStorage/Dropbox/projects/psychedelics_knowledge_graph/data/processed/fulltext/articles/10_1192_j_eurpsy_2022_2277.json"", ""fields"": [""local_pdf_paths"", ""pdf_local_path""]}]",[],[],,unresolved,10.1192/j.eurpsy.2022.2275,Apathy -where do we find it and how to treat,0.2521,refetch_europepmc_jats:9567721,quarantine_candidate_clear_candidate_references,[]
10.1192/j.eurpsy.2022.2294,"[""quarantined""]",quarantined_no_canonical_artifact,,,,/Users/frank/Library/CloudStorage/Dropbox/projects/psychedelics_knowledge_graph/data/processed/fulltext/source_identity_quarantine_20260710/quarantined_artifacts/10_1192_j_eurpsy_2022_2294.json,grobid,/Users/frank/Library/CloudStorage/Dropbox/projects/psychedelics_knowledge_graph/data/raw/papers/disorder/pdfs/10.1192_j.eurpsy.2022.2294__3f1f24860a.pdf,False,True,/Users/frank/Library/CloudStorage/Dropbox/projects/psychedelics_knowledge_graph/data/raw/papers/pdfs/10.1192_j.eurpsy.2022.2294__3f1f24860a.pdf,6a0dfae88ca4ef5dae824864e75d636aa7320235da13bcab7a7e28227ebc45d9,39460,[],"[{""row_index"": 39765, ""doi"": ""10.1192/j.eurpsy.2022.2294"", ""pdf_download_status"": ""source_identity_quarantined"", ""flag_has_local_pdf"": false, ""has_converted_full_text"": false, ""fulltext_artifact_paths"": """", ""fields"": [""local_pdf_paths""]}]",[],"[""unsegmented_proceedings_container""]",proceedings_container,valid_exact,10.1192/j.eurpsy.2022.2294,EPV1735 Clinical efficacy and tolerability of Esketamine: a case series,0.9403,keep_current_artifact,quarantine_candidate_clear_candidate_references,[]
10.1192/j.eurpsy.2022.2297,"[""quarantined""]",quarantined_no_canonical_artifact,,,,/Users/frank/Library/CloudStorage/Dropbox/projects/psychedelics_knowledge_graph/data/processed/fulltext/source_identity_quarantine_20260710/quarantined_artifacts/10_1192_j_eurpsy_2022_2297.json,grobid,/Users/frank/Library/CloudStorage/Dropbox/projects/psychedelics_knowledge_graph/data/raw/papers/mechanistic/pdfs/10.1192_j.eurpsy.2022.2297__47c2e8daac.pdf,False,True,/Users/frank/Library/CloudStorage/Dropbox/projects/psychedelics_knowledge_graph/data/raw/papers/pdfs/10.1192_j.eurpsy.2022.2297__47c2e8daac.pdf,b8dca38ed961d6c28d8a240fb4eb55b158f78f6e785cf4608af40011877c10d4,38999,[],"[{""row_index"": 39766, ""doi"": ""10.1192/j.eurpsy.2022.2297"", ""pdf_download_status"": ""source_identity_quarantined"", ""flag_has_local_pdf"": false, ""has_converted_full_text"": false, ""fulltext_artifact_paths"": """", ""fields"": [""local_pdf_paths""]}]",[],"[""unsegmented_proceedings_container""]",proceedings_container,valid_exact,10.1192/j.eurpsy.2022.2297,A Review of Aeruginascin and Potential Entourage Effect in Hallucinogenic Mushrooms,1.0,keep_current_artifact,quarantine_candidate_clear_candidate_references,[]
10.1192/j.eurpsy.2022.238,"[""replaced""]",replaced_by_verified_exact_jats,/Users/frank/Library/CloudStorage/Dropbox/projects/psychedelics_knowledge_graph/data/processed/fulltext/articles/10_1192_j_eurpsy_2022_238.json,europepmc_fulltext_xml,verified_exact_doi,/Users/frank/Library/CloudStorage/Dropbox/projects/psychedelics_knowledge_graph/data/processed/fulltext/source_identity_quarantine_20260710/replaced_artifacts/10_1192_j_eurpsy_2022_238.json,grobid,/Users/frank/Library/CloudStorage/Dropbox/projects/psychedelics_knowledge_graph/data/raw/papers/mechanistic/pdfs/10.1192_j.eurpsy.2022.238__2100eb8dfd.pdf,False,True,/Users/frank/Library/CloudStorage/Dropbox/projects/psychedelics_knowledge_graph/data/raw/papers/pdfs/10.1192_j.eurpsy.2022.238__2100eb8dfd.pdf,885b7a5dcdb0620c8dda0a5b20cd50e049cdd01f6ce03ffdb99dcedbee675bc3,44190,[],"[{""row_index"": 39767, ""doi"": ""10.1192/j.eurpsy.2022.238"", ""pdf_download_status"": ""downloaded"", ""flag_has_local_pdf"": true, ""has_converted_full_text"": true, ""fulltext_artifact_paths"": ""/Users/frank/Library/CloudStorage/Dropbox/projects/psychedelics_knowledge_graph/data/processed/fulltext/articles/10_1192_j_eurpsy_2022_238.json"", ""fields"": [""local_pdf_paths"", ""pdf_local_path""]}]",[],[],,container,10.1192/j.eurpsy.2022.237,O0037 White matter changes following electroconvulsive therapy for depression: a mega-analysis,0.2634,refetch_europepmc_jats:9565749,quarantine_candidate_clear_candidate_references,[]
10.1192/j.eurpsy.2022.36,"[""replaced""]",replaced_by_verified_exact_jats,/Users/frank/Library/CloudStorage/Dropbox/projects/psychedelics_knowledge_graph/data/processed/fulltext/articles/10_1192_j_eurpsy_2022_36.json,europepmc_fulltext_xml,verified_exact_doi,/Users/frank/Library/CloudStorage/Dropbox/projects/psychedelics_knowledge_graph/data/processed/fulltext/source_identity_quarantine_20260710/replaced_artifacts/10_1192_j_eurpsy_2022_36.json,grobid,/Users/frank/Library/CloudStorage/Dropbox/projects/psychedelics_knowledge_graph/data/raw/papers/disorder/pdfs/10.1192_j.eurpsy.2022.36__910586c339.pdf,False,True,/Users/frank/Library/CloudStorage/Dropbox/projects/psychedelics_knowledge_graph/data/raw/papers/pdfs/10.1192_j.eurpsy.2022.36__910586c339.pdf,07f9f10954506a4eed5fa99c122c480d4d88f86b984cf57e8ba4aa3a3f84fa8c,84180,[],"[{""row_index"": 39769, ""doi"": ""10.1192/j.eurpsy.2022.36"", ""pdf_download_status"": ""downloaded"", ""flag_has_local_pdf"": true, ""has_converted_full_text"": true, ""fulltext_artifact_paths"": ""/Users/frank/Library/CloudStorage/Dropbox/projects/psychedelics_knowledge_graph/data/processed/fulltext/articles/10_1192_j_eurpsy_2022_36.json"", ""fields"": [""local_pdf_paths"", ""pdf_local_path""]}]",[],[],,container,10.1192/j.eurpsy.2022.35,Mental Health Policy,0.2857,refetch_europepmc_jats:9565852,quarantine_candidate_clear_candidate_references,[]
10.1192/j.eurpsy.2022.762,"[""replaced""]",replaced_by_verified_exact_jats,/Users/frank/Library/CloudStorage/Dropbox/projects/psychedelics_knowledge_graph/data/processed/fulltext/articles/10_1192_j_eurpsy_2022_762.json,europepmc_fulltext_xml,verified_exact_doi,/Users/frank/Library/CloudStorage/Dropbox/projects/psychedelics_knowledge_graph/data/processed/fulltext/source_identity_quarantine_20260710/replaced_artifacts/10_1192_j_eurpsy_2022_762.json,grobid,/Users/frank/Library/CloudStorage/Dropbox/projects/psychedelics_knowledge_graph/data/raw/papers/disorder/pdfs/10.1192_j.eurpsy.2022.762__1785368e59.pdf,False,True,/Users/frank/Library/CloudStorage/Dropbox/projects/psychedelics_knowledge_graph/data/raw/papers/pdfs/10.1192_j.eurpsy.2022.762__1785368e59.pdf,b2267e3bd7072919ef4e3d4bdc4c0d685ee9aa2e6aaf4f1161a05e43ebc345d1,58627,[],"[{""row_index"": 39771, ""doi"": ""10.1192/j.eurpsy.2022.762"", ""pdf_download_status"": ""already_present"", ""flag_has_local_pdf"": true, ""has_converted_full_text"": true, ""fulltext_artifact_paths"": ""/Users/frank/Library/CloudStorage/Dropbox/projects/psychedelics_knowledge_graph/data/processed/fulltext/articles/10_1192_j_eurpsy_2022_762.json"", ""fields"": [""local_pdf_paths"", ""pdf_local_path""]}]",[],[],,unresolved,10.1192/j.eurpsy.2022.760,"The DiSCoVeR trialfirst look at patient training and their expectations regarding a new, innovative treatment",0.2762,refetch_europepmc_jats:9566242,quarantine_candidate_clear_candidate_references,[]
10.1192/j.eurpsy.2022.837,"[""quarantined""]",quarantined_no_canonical_artifact,,,,/Users/frank/Library/CloudStorage/Dropbox/projects/psychedelics_knowledge_graph/data/processed/fulltext/source_identity_quarantine_20260710/quarantined_artifacts/10_1192_j_eurpsy_2022_837.json,grobid,/Users/frank/Library/CloudStorage/Dropbox/projects/psychedelics_knowledge_graph/data/raw/papers/disorder/pdfs/10.1192_j.eurpsy.2022.837__20155cd2d0.pdf,False,True,/Users/frank/Library/CloudStorage/Dropbox/projects/psychedelics_knowledge_graph/data/raw/papers/pdfs/10.1192_j.eurpsy.2022.837__20155cd2d0.pdf,398c190423b87df7f3ceee0c00b8d7b487ddb8708f4d39e05f1159e84ca5b9f1,37104,[],"[{""row_index"": 39772, ""doi"": ""10.1192/j.eurpsy.2022.837"", ""pdf_download_status"": ""source_identity_quarantined"", ""flag_has_local_pdf"": false, ""has_converted_full_text"": false, ""fulltext_artifact_paths"": """", ""fields"": [""local_pdf_paths""]}]",[],"[""unsegmented_proceedings_container""]",proceedings_container,valid_exact,10.1192/j.eurpsy.2022.837,Association of Psilocybin Use in Adolescents with Major Depressive Episode,1.0,keep_current_artifact,quarantine_candidate_clear_candidate_references,[]
10.1192/j.eurpsy.2023.1286,"[""replaced""]",replaced_by_verified_exact_jats,/Users/frank/Library/CloudStorage/Dropbox/projects/psychedelics_knowledge_graph/data/processed/fulltext/articles/10_1192_j_eurpsy_2023_1286.json,europepmc_fulltext_xml,verified_exact_doi,/Users/frank/Library/CloudStorage/Dropbox/projects/psychedelics_knowledge_graph/data/processed/fulltext/source_identity_quarantine_20260710/replaced_artifacts/10_1192_j_eurpsy_2023_1286.json,grobid,/Users/frank/Library/CloudStorage/Dropbox/projects/psychedelics_knowledge_graph/data/raw/papers/disorder/pdfs/10.1192_j.eurpsy.2023.1286__ec00c58f37.pdf,False,True,/Users/frank/Library/CloudStorage/Dropbox/projects/psychedelics_knowledge_graph/data/raw/papers/pdfs/10.1192_j.eurpsy.2023.1286__ec00c58f37.pdf,da4de17118c79f7456276f0ad43c60d41063d5e827575afbdb278a3c5c53aeaf,84205,[],"[{""row_index"": 39780, ""doi"": ""10.1192/j.eurpsy.2023.1286"", ""pdf_download_status"": ""downloaded"", ""flag_has_local_pdf"": true, ""has_converted_full_text"": true, ""fulltext_artifact_paths"": ""/Users/frank/Library/CloudStorage/Dropbox/projects/psychedelics_knowledge_graph/data/processed/fulltext/articles/10_1192_j_eurpsy_2023_1286.json"", ""fields"": [""local_pdf_paths"", ""pdf_local_path""]}]",[],[],,unresolved,10.1192/j.eurpsy.2023.1285,The Pain of Unjust Losing. The feeling of injustice and the perception of pain,0.2516,refetch_europepmc_jats:10660046,quarantine_candidate_clear_candidate_references,[]
10.1192/j.eurpsy.2023.1745,"[""quarantined""]",quarantined_no_canonical_artifact,,,,/Users/frank/Library/CloudStorage/Dropbox/projects/psychedelics_knowledge_graph/data/processed/fulltext/source_identity_quarantine_20260710/quarantined_artifacts/10_1192_j_eurpsy_2023_1745.json,grobid,/Users/frank/Library/CloudStorage/Dropbox/projects/psychedelics_knowledge_graph/data/raw/papers/disorder/pdfs/10.1192_j.eurpsy.2023.1745__e3f1b3364d.pdf,False,True,/Users/frank/Library/CloudStorage/Dropbox/projects/psychedelics_knowledge_graph/data/raw/papers/pdfs/10.1192_j.eurpsy.2023.1745__e3f1b3364d.pdf,98b8a5a1dba76e316653a00a85e8e528d656945e8e5fb85853d70b5cfff48f2c,36695,[],"[{""row_index"": 39783, ""doi"": ""10.1192/j.eurpsy.2023.1745"", ""pdf_download_status"": ""source_identity_quarantined"", ""flag_has_local_pdf"": false, ""has_converted_full_text"": false, ""fulltext_artifact_paths"": """", ""fields"": [""local_pdf_paths""]}]",[],"[""unsegmented_proceedings_container""]",proceedings_container,,,,,,quarantine_candidate_clear_candidate_references,[]
10.1192/j.eurpsy.2023.1759,"[""quarantined""]",quarantined_no_canonical_artifact,,,,/Users/frank/Library/CloudStorage/Dropbox/projects/psychedelics_knowledge_graph/data/processed/fulltext/source_identity_quarantine_20260710/quarantined_artifacts/10_1192_j_eurpsy_2023_1759.json,europepmc_fulltext_xml,,False,,,,0,[],[],[],"[""unsegmented_proceedings_container""]",proceedings_container,valid_exact,10.1192/j.eurpsy.2023.1759,The antidepressant properties of ketamine (literature review),1.0,keep_current_artifact,no_active_pdf,
10.1192/j.eurpsy.2023.1771,"[""replaced""]",replaced_by_verified_exact_jats,/Users/frank/Library/CloudStorage/Dropbox/projects/psychedelics_knowledge_graph/data/processed/fulltext/articles/10_1192_j_eurpsy_2023_1771.json,europepmc_fulltext_xml,verified_exact_doi,/Users/frank/Library/CloudStorage/Dropbox/projects/psychedelics_knowledge_graph/data/processed/fulltext/source_identity_quarantine_20260710/replaced_artifacts/10_1192_j_eurpsy_2023_1771.json,grobid,/Users/frank/Library/CloudStorage/Dropbox/projects/psychedelics_knowledge_graph/data/raw/papers/disorder/pdfs/10.1192_j.eurpsy.2023.1771__f93d050245.pdf,False,True,/Users/frank/Library/CloudStorage/Dropbox/projects/psychedelics_knowledge_graph/data/raw/papers/pdfs/10.1192_j.eurpsy.2023.1771__f93d050245.pdf,d6bd003249a7e9d4d8d8adae318459fc9de07825a5b779b64d2f43e8b57cd7f2,130950,[],"[{""row_index"": 39786, ""doi"": ""10.1192/j.eurpsy.2023.1771"", ""pdf_download_status"": ""downloaded"", ""flag_has_local_pdf"": true, ""has_converted_full_text"": true, ""fulltext_artifact_paths"": ""/Users/frank/Library/CloudStorage/Dropbox/projects/psychedelics_knowledge_graph/data/processed/fulltext/articles/10_1192_j_eurpsy_2023_1771.json"", ""fields"": [""local_pdf_paths"", ""pdf_local_path""]}]",[],[],,container,10.1192/j.eurpsy.2023.1770,Measurement-based care vs. standard care for major depressive disorder in Pakistan: protocol for a randomized control trial,0.3768,refetch_europepmc_jats:10479796,quarantine_candidate_clear_candidate_references,[]
10.1192/j.eurpsy.2023.1779,"[""quarantined""]",quarantined_no_canonical_artifact,,,,/Users/frank/Library/CloudStorage/Dropbox/projects/psychedelics_knowledge_graph/data/processed/fulltext/source_identity_quarantine_20260710/quarantined_artifacts/10_1192_j_eurpsy_2023_1779.json,grobid,/Users/frank/Library/CloudStorage/Dropbox/projects/psychedelics_knowledge_graph/data/raw/papers/disorder/pdfs/10.1192_j.eurpsy.2023.1779__9c59551486.pdf,False,True,/Users/frank/Library/CloudStorage/Dropbox/projects/psychedelics_knowledge_graph/data/raw/papers/pdfs/10.1192_j.eurpsy.2023.1779__9c59551486.pdf,6c23209c82abfb02680f00234480d6cf82a1f9246143fc8ae30f301adc08c1b6,34768,[],"[{""row_index"": 39788, ""doi"": ""10.1192/j.eurpsy.2023.1779"", ""pdf_download_status"": ""source_identity_quarantined"", ""flag_has_local_pdf"": false, ""has_converted_full_text"": false, ""fulltext_artifact_paths"": """", ""fields"": [""local_pdf_paths""]}]",[],"[""unsegmented_proceedings_container""]",proceedings_container,valid_exact,10.1192/j.eurpsy.2023.1779,Good Practice for Treatment-Resistant Depression during SARS CoV -2 outbreak: are ketamine infusions an effective alternative for TRD patients? A case series,1.0,keep_current_artifact,quarantine_candidate_clear_candidate_references,[]
10.1192/j.eurpsy.2023.1792,"[""quarantined""]",quarantined_no_canonical_artifact,,,,/Users/frank/Library/CloudStorage/Dropbox/projects/psychedelics_knowledge_graph/data/processed/fulltext/source_identity_quarantine_20260710/quarantined_artifacts/10_1192_j_eurpsy_2023_1792.json,grobid,/Users/frank/Library/CloudStorage/Dropbox/projects/psychedelics_knowledge_graph/data/raw/papers/disorder/pdfs/10.1192_j.eurpsy.2023.1792__9f104520f1.pdf,False,True,/Users/frank/Library/CloudStorage/Dropbox/projects/psychedelics_knowledge_graph/data/raw/papers/pdfs/10.1192_j.eurpsy.2023.1792__9f104520f1.pdf,e88ee80d122cf5217878787d30e723a1b717d1f4f625b025da736c9cf319a4d2,92184,[],"[{""row_index"": 39789, ""doi"": ""10.1192/j.eurpsy.2023.1792"", ""pdf_download_status"": ""source_identity_quarantined"", ""flag_has_local_pdf"": false, ""has_converted_full_text"": false, ""fulltext_artifact_paths"": """", ""fields"": [""local_pdf_paths""]}]",[],"[""unsegmented_proceedings_container""]",proceedings_container,valid_exact,10.1192/j.eurpsy.2023.1792,Intranasal esketamine þ Intensive CBT: a 12 months follow-up of two complicated cases of Treatment Resistant Depression at high suicidal risk,1.0,keep_current_artifact,quarantine_candidate_clear_candidate_references,[]
10.1192/j.eurpsy.2023.19,"[""quarantined""]",quarantined_no_canonical_artifact,,,,/Users/frank/Library/CloudStorage/Dropbox/projects/psychedelics_knowledge_graph/data/processed/fulltext/source_identity_quarantine_20260710/quarantined_artifacts/10_1192_j_eurpsy_2023_19.json,grobid,/Users/frank/Library/CloudStorage/Dropbox/projects/psychedelics_knowledge_graph/data/raw/papers/disorder/pdfs/10.1192_j.eurpsy.2023.19__09ad145fb5.pdf,False,True,/Users/frank/Library/CloudStorage/Dropbox/projects/psychedelics_knowledge_graph/data/raw/papers/pdfs/10.1192_j.eurpsy.2023.19__09ad145fb5.pdf,e100ba63be1be313a026687d211ab835b863fb6881a131225afd59b26cd7f860,1416040,[],"[{""row_index"": 39790, ""doi"": ""10.1192/j.eurpsy.2023.19"", ""pdf_download_status"": ""source_identity_quarantined"", ""flag_has_local_pdf"": false, ""has_converted_full_text"": false, ""fulltext_artifact_paths"": """", ""fields"": [""local_pdf_paths""]}]",[],"[""unsegmented_proceedings_container""]",proceedings_container,valid_exact,10.1192/j.eurpsy.2023.19,Pre-treatment functional connectivity of the cingulate cortex predicts anti-suicidal effects of serial ketamine infusions,1.0,keep_current_artifact,quarantine_candidate_clear_candidate_references,[]
10.1192/j.eurpsy.2023.1948,"[""replaced""]",replaced_by_verified_exact_jats,/Users/frank/Library/CloudStorage/Dropbox/projects/psychedelics_knowledge_graph/data/processed/fulltext/articles/10_1192_j_eurpsy_2023_1948.json,europepmc_fulltext_xml,verified_exact_doi,/Users/frank/Library/CloudStorage/Dropbox/projects/psychedelics_knowledge_graph/data/processed/fulltext/source_identity_quarantine_20260710/replaced_artifacts/10_1192_j_eurpsy_2023_1948.json,grobid,/Users/frank/Library/CloudStorage/Dropbox/projects/psychedelics_knowledge_graph/data/raw/papers/mechanistic/pdfs/10.1192_j.eurpsy.2023.1948__cf2a282984.pdf,False,True,/Users/frank/Library/CloudStorage/Dropbox/projects/psychedelics_knowledge_graph/data/raw/papers/pdfs/10.1192_j.eurpsy.2023.1948__cf2a282984.pdf,d62c3f0b4e939d13a3fbfcf02dc0eb6882d921bfdda2fc2c8b2405256af3a93e,38857,[],"[{""row_index"": 39791, ""doi"": ""10.1192/j.eurpsy.2023.1948"", ""pdf_download_status"": ""already_present"", ""flag_has_local_pdf"": true, ""has_converted_full_text"": true, ""fulltext_artifact_paths"": ""/Users/frank/Library/CloudStorage/Dropbox/projects/psychedelics_knowledge_graph/data/processed/fulltext/articles/10_1192_j_eurpsy_2023_1948.json"", ""fields"": [""local_pdf_paths"", ""pdf_local_path""]}]",[],[],,container,10.1192/j.eurpsy.2023.1947,Diagnostic Challenges of Functional Cognitive Disorders,0.3051,refetch_europepmc_jats:10417748,quarantine_candidate_clear_candidate_references,[]
10.1192/j.eurpsy.2023.2,"[""quarantined""]",quarantined_no_canonical_artifact,,,,/Users/frank/Library/CloudStorage/Dropbox/projects/psychedelics_knowledge_graph/data/processed/fulltext/source_identity_quarantine_20260710/quarantined_artifacts/10_1192_j_eurpsy_2023_2.json,grobid,/Users/frank/Library/CloudStorage/Dropbox/projects/psychedelics_knowledge_graph/data/raw/papers/disorder/pdfs/10.1192_j.eurpsy.2023.2__f8c8646a58.pdf,False,True,/Users/frank/Library/CloudStorage/Dropbox/projects/psychedelics_knowledge_graph/data/raw/papers/pdfs/10.1192_j.eurpsy.2023.2__f8c8646a58.pdf,cf39f56318ee1983578127bc828c0d23f287a7ef62ed7ad55382a3f38b032f1a,488910,[],"[{""row_index"": 39792, ""doi"": ""10.1192/j.eurpsy.2023.2"", ""pdf_download_status"": ""source_identity_quarantined"", ""flag_has_local_pdf"": false, ""has_converted_full_text"": false, ""fulltext_artifact_paths"": """", ""fields"": [""local_pdf_paths""]}]",[],"[""unsegmented_proceedings_container""]",proceedings_container,valid_exact,10.1192/j.eurpsy.2023.2,A randomized controlled trial of a 14-day mindfulness ecological momentary intervention (MEMI) for generalized anxiety disorder,1.0,keep_current_artifact,quarantine_candidate_clear_candidate_references,[]
10.1192/j.eurpsy.2023.2028,"[""quarantined""]",quarantined_no_canonical_artifact,,,,/Users/frank/Library/CloudStorage/Dropbox/projects/psychedelics_knowledge_graph/data/processed/fulltext/source_identity_quarantine_20260710/quarantined_artifacts/10_1192_j_eurpsy_2023_2028.json,grobid,/Users/frank/Library/CloudStorage/Dropbox/projects/psychedelics_knowledge_graph/data/raw/papers/mechanistic/pdfs/10.1192_j.eurpsy.2023.2028__1187cb148e.pdf,False,True,/Users/frank/Library/CloudStorage/Dropbox/projects/psychedelics_knowledge_graph/data/raw/papers/pdfs/10.1192_j.eurpsy.2023.2028__1187cb148e.pdf,5b68cd4449005fe9f0b11df8bfb525427dad573b592ec5c3ea66fe87cdbf359f,36853,[],"[{""row_index"": 39793, ""doi"": ""10.1192/j.eurpsy.2023.2028"", ""pdf_download_status"": ""source_identity_quarantined"", ""flag_has_local_pdf"": false, ""has_converted_full_text"": false, ""fulltext_artifact_paths"": """", ""fields"": [""local_pdf_paths""]}]",[],"[""unsegmented_proceedings_container""]",proceedings_container,valid_exact,10.1192/j.eurpsy.2023.2028,Intranasal Esketamine administration in catatonia: a case report,1.0,keep_current_artifact,quarantine_candidate_clear_candidate_references,[]
10.1192/j.eurpsy.2023.2145,"[""replaced""]",replaced_by_verified_exact_jats,/Users/frank/Library/CloudStorage/Dropbox/projects/psychedelics_knowledge_graph/data/processed/fulltext/articles/10_1192_j_eurpsy_2023_2145.json,europepmc_fulltext_xml,verified_exact_doi,/Users/frank/Library/CloudStorage/Dropbox/projects/psychedelics_knowledge_graph/data/processed/fulltext/source_identity_quarantine_20260710/replaced_artifacts/10_1192_j_eurpsy_2023_2145.json,grobid,/Users/frank/Library/CloudStorage/Dropbox/projects/psychedelics_knowledge_graph/data/raw/papers/disorder/pdfs/10.1192_j.eurpsy.2023.2145__4a7f74460e.pdf,False,True,/Users/frank/Library/CloudStorage/Dropbox/projects/psychedelics_knowledge_graph/data/raw/papers/pdfs/10.1192_j.eurpsy.2023.2145__4a7f74460e.pdf,7adec3c4fadca598904b012c7b564c0057353d376d54184a92194c9bf6e52d46,50198,[],"[{""row_index"": 39796, ""doi"": ""10.1192/j.eurpsy.2023.2145"", ""pdf_download_status"": ""downloaded"", ""flag_has_local_pdf"": true, ""has_converted_full_text"": true, ""fulltext_artifact_paths"": ""/Users/frank/Library/CloudStorage/Dropbox/projects/psychedelics_knowledge_graph/data/processed/fulltext/articles/10_1192_j_eurpsy_2023_2145.json"", ""fields"": [""local_pdf_paths"", ""pdf_local_path""]}]",[],[],,container,10.1192/j.eurpsy.2023.2144,Metformin as a tool to control antipsychotic-induced metabolic syndrome -case report,0.2874,refetch_europepmc_jats:10479314,quarantine_candidate_clear_candidate_references,[]
10.1192/j.eurpsy.2023.269,"[""quarantined""]",quarantined_no_canonical_artifact,,,,/Users/frank/Library/CloudStorage/Dropbox/projects/psychedelics_knowledge_graph/data/processed/fulltext/source_identity_quarantine_20260710/quarantined_artifacts/10_1192_j_eurpsy_2023_269.json,grobid,/Users/frank/Library/CloudStorage/Dropbox/projects/psychedelics_knowledge_graph/data/raw/papers/pdfs/10.1192_j.eurpsy.2023.269__875d15fcd6.pdf,False,,,,0,[],[],[],"[""unsegmented_proceedings_container""]",proceedings_container,,,,,,no_active_pdf,
10.1192/j.eurpsy.2023.271,"[""quarantined""]",quarantined_no_canonical_artifact,,,,/Users/frank/Library/CloudStorage/Dropbox/projects/psychedelics_knowledge_graph/data/processed/fulltext/source_identity_quarantine_20260710/quarantined_artifacts/10_1192_j_eurpsy_2023_271.json,grobid,/Users/frank/Library/CloudStorage/Dropbox/projects/psychedelics_knowledge_graph/data/raw/papers/disorder/pdfs/10.1192_j.eurpsy.2023.271__16ced27219.pdf,False,True,/Users/frank/Library/CloudStorage/Dropbox/projects/psychedelics_knowledge_graph/data/raw/papers/pdfs/10.1192_j.eurpsy.2023.271__16ced27219.pdf,1adc9ecd8d859106456c61f492b2e35e36b003c6d585b662292c15930380f4e7,52158,[],"[{""row_index"": 39798, ""doi"": ""10.1192/j.eurpsy.2023.271"", ""pdf_download_status"": ""source_identity_quarantined"", ""flag_has_local_pdf"": false, ""has_converted_full_text"": false, ""fulltext_artifact_paths"": """", ""fields"": [""local_pdf_paths""]}]",[],"[""unsegmented_proceedings_container""]",proceedings_container,valid_exact,10.1192/j.eurpsy.2023.271,"ESKALE study, a French real-world study describing TRD patients with Esketamine nasal spray: final analysis",1.0,keep_current_artifact,quarantine_candidate_clear_candidate_references,[]
10.1192/j.eurpsy.2023.272,"[""replaced""]",replaced_by_verified_exact_jats,/Users/frank/Library/CloudStorage/Dropbox/projects/psychedelics_knowledge_graph/data/processed/fulltext/articles/10_1192_j_eurpsy_2023_272.json,europepmc_fulltext_xml,verified_exact_doi,/Users/frank/Library/CloudStorage/Dropbox/projects/psychedelics_knowledge_graph/data/processed/fulltext/source_identity_quarantine_20260710/replaced_artifacts/10_1192_j_eurpsy_2023_272.json,grobid,/Users/frank/Library/CloudStorage/Dropbox/projects/psychedelics_knowledge_graph/data/raw/papers/disorder/pdfs/10.1192_j.eurpsy.2023.272__88353bebeb.pdf,False,True,/Users/frank/Library/CloudStorage/Dropbox/projects/psychedelics_knowledge_graph/data/raw/papers/pdfs/10.1192_j.eurpsy.2023.272__88353bebeb.pdf,757af1b1e359994a7099ed6d83c41b056b2f5f92eb8040cf743f552d5faa8654,90207,[],"[{""row_index"": 39799, ""doi"": ""10.1192/j.eurpsy.2023.272"", ""pdf_download_status"": ""already_present"", ""flag_has_local_pdf"": true, ""has_converted_full_text"": true, ""fulltext_artifact_paths"": ""/Users/frank/Library/CloudStorage/Dropbox/projects/psychedelics_knowledge_graph/data/processed/fulltext/articles/10_1192_j_eurpsy_2023_272.json"", ""fields"": [""local_pdf_paths"", ""pdf_local_path""]}]",[],[],,container,10.1192/j.eurpsy.2023.271,"ESKALE study, a French real-world study describing TRD patients with Esketamine nasal spray: final analysis",0.1864,refetch_europepmc_jats:10596645,quarantine_candidate_clear_candidate_references,[]
10.1192/j.eurpsy.2023.273,"[""quarantined""]",quarantined_no_canonical_artifact,,,,/Users/frank/Library/CloudStorage/Dropbox/projects/psychedelics_knowledge_graph/data/processed/fulltext/source_identity_quarantine_20260710/quarantined_artifacts/10_1192_j_eurpsy_2023_273.json,grobid,/Users/frank/Library/CloudStorage/Dropbox/projects/psychedelics_knowledge_graph/data/raw/papers/disorder/pdfs/10.1192_j.eurpsy.2023.273__317fbd9b3a.pdf,False,True,/Users/frank/Library/CloudStorage/Dropbox/projects/psychedelics_knowledge_graph/data/raw/papers/pdfs/10.1192_j.eurpsy.2023.273__317fbd9b3a.pdf,b62c2706737a9a68ae53ef30ce3453b323e44c7c1a313ee90773e33e773cd630,702010,[],"[{""row_index"": 39800, ""doi"": ""10.1192/j.eurpsy.2023.273"", ""pdf_download_status"": ""source_identity_quarantined"", ""flag_has_local_pdf"": false, ""has_converted_full_text"": false, ""fulltext_artifact_paths"": """", ""fields"": [""local_pdf_paths""]}]",[],"[""unsegmented_proceedings_container""]",proceedings_container,valid_exact,10.1192/j.eurpsy.2023.273,Improvement in Depression Symptoms Measured by Montgomery-Åsberg Depression Rating Scale and Quick Inventory of Depressive Symptomatology-Self Rated Items after Randomised Double-blind COMP360 Psilocybin Therapy for Treatment-resistant Depression,1.0,keep_current_artifact,quarantine_candidate_clear_candidate_references,[]
10.1192/j.eurpsy.2023.385,"[""quarantined""]",quarantined_no_canonical_artifact,,,,/Users/frank/Library/CloudStorage/Dropbox/projects/psychedelics_knowledge_graph/data/processed/fulltext/source_identity_quarantine_20260710/quarantined_artifacts/10_1192_j_eurpsy_2023_385.json,grobid,/Users/frank/Library/CloudStorage/Dropbox/projects/psychedelics_knowledge_graph/data/raw/papers/disorder/pdfs/10.1192_j.eurpsy.2023.385__ced4292d2b.pdf,False,True,/Users/frank/Library/CloudStorage/Dropbox/projects/psychedelics_knowledge_graph/data/raw/papers/pdfs/10.1192_j.eurpsy.2023.385__ced4292d2b.pdf,87f1687328db522c74404e1177691d831edbd6d10a2caaba7e1be1ac806ef698,47970,[],"[{""row_index"": 39806, ""doi"": ""10.1192/j.eurpsy.2023.385"", ""pdf_download_status"": ""source_identity_quarantined"", ""flag_has_local_pdf"": false, ""has_converted_full_text"": false, ""fulltext_artifact_paths"": """", ""fields"": [""local_pdf_paths""]}]",[],"[""unsegmented_proceedings_container""]",proceedings_container,,,,,,quarantine_candidate_clear_candidate_references,[]
10.1192/j.eurpsy.2023.572,"[""replaced""]",replaced_by_verified_exact_jats,/Users/frank/Library/CloudStorage/Dropbox/projects/psychedelics_knowledge_graph/data/processed/fulltext/articles/10_1192_j_eurpsy_2023_572.json,europepmc_fulltext_xml,verified_exact_doi,/Users/frank/Library/CloudStorage/Dropbox/projects/psychedelics_knowledge_graph/data/processed/fulltext/source_identity_quarantine_20260710/replaced_artifacts/10_1192_j_eurpsy_2023_572.json,grobid,/Users/frank/Library/CloudStorage/Dropbox/projects/psychedelics_knowledge_graph/data/raw/papers/mechanistic/pdfs/10.1192_j.eurpsy.2023.572__51e72d95bf.pdf,False,True,/Users/frank/Library/CloudStorage/Dropbox/projects/psychedelics_knowledge_graph/data/raw/papers/pdfs/10.1192_j.eurpsy.2023.572__51e72d95bf.pdf,18ab72b1233a0a5949dc724137d9264d1c80bc06cf0c301b07d15da0d020d7e8,53858,[],"[{""row_index"": 39809, ""doi"": ""10.1192/j.eurpsy.2023.572"", ""pdf_download_status"": ""already_present"", ""flag_has_local_pdf"": true, ""has_converted_full_text"": true, ""fulltext_artifact_paths"": ""/Users/frank/Library/CloudStorage/Dropbox/projects/psychedelics_knowledge_graph/data/processed/fulltext/articles/10_1192_j_eurpsy_2023_572.json"", ""fields"": [""local_pdf_paths"", ""pdf_local_path""]}]",[],[],,container,10.1192/j.eurpsy.2023.571,DTMS Combined with a Pain-directed Psychotherapeutic Intervention in Fibromyalgia -A Randomized Double-blind Sham-controlled Study,0.2705,refetch_europepmc_jats:10596170,quarantine_candidate_clear_candidate_references,[]
10.1192/j.eurpsy.2023.613,"[""quarantined""]",quarantined_no_canonical_artifact,,,,/Users/frank/Library/CloudStorage/Dropbox/projects/psychedelics_knowledge_graph/data/processed/fulltext/source_identity_quarantine_20260710/quarantined_artifacts/10_1192_j_eurpsy_2023_613.json,grobid,/Users/frank/Library/CloudStorage/Dropbox/projects/psychedelics_knowledge_graph/data/raw/papers/disorder/pdfs/10.1192_j.eurpsy.2023.613__ab36a23639.pdf,False,True,/Users/frank/Library/CloudStorage/Dropbox/projects/psychedelics_knowledge_graph/data/raw/papers/pdfs/10.1192_j.eurpsy.2023.613__ab36a23639.pdf,8479bf303ae81e9d4ed7441b0674f2091dd0dfe1eec4f53e5f4454d2caf26377,47839,[],"[{""row_index"": 39811, ""doi"": ""10.1192/j.eurpsy.2023.613"", ""pdf_download_status"": ""source_identity_quarantined"", ""flag_has_local_pdf"": false, ""has_converted_full_text"": false, ""fulltext_artifact_paths"": """", ""fields"": [""local_pdf_paths""]}]",[],"[""unsegmented_proceedings_container""]",proceedings_container,valid_exact,10.1192/j.eurpsy.2023.613,Knocking on the Doors of Perception: the role of psilocybin in substance use disorder treatment,1.0,keep_current_artifact,quarantine_candidate_clear_candidate_references,[]
10.1192/j.eurpsy.2023.74,"[""quarantined""]",quarantined_no_canonical_artifact,,,,/Users/frank/Library/CloudStorage/Dropbox/projects/psychedelics_knowledge_graph/data/processed/fulltext/source_identity_quarantine_20260710/quarantined_artifacts/10_1192_j_eurpsy_2023_74.json,grobid,/Users/frank/Library/CloudStorage/Dropbox/projects/psychedelics_knowledge_graph/data/raw/papers/disorder/pdfs/10.1192_j.eurpsy.2023.74__f1cec0913a.pdf,False,True,/Users/frank/Library/CloudStorage/Dropbox/projects/psychedelics_knowledge_graph/data/raw/papers/pdfs/10.1192_j.eurpsy.2023.74__f1cec0913a.pdf,91c90c98cba35d9bad618615401e751b3dd05600796231abd0294b841c981c46,37252,[],"[{""row_index"": 39812, ""doi"": ""10.1192/j.eurpsy.2023.74"", ""pdf_download_status"": ""source_identity_quarantined"", ""flag_has_local_pdf"": false, ""has_converted_full_text"": false, ""fulltext_artifact_paths"": """", ""fields"": [""local_pdf_paths""]}]",[],"[""unsegmented_proceedings_container""]",proceedings_container,valid_exact,10.1192/j.eurpsy.2023.74,Psychedelics for depression: from neurobiology to treatment,1.0,keep_current_artifact,quarantine_candidate_clear_candidate_references,[]
10.1192/j.eurpsy.2023.898,"[""quarantined""]",quarantined_no_canonical_artifact,,,,/Users/frank/Library/CloudStorage/Dropbox/projects/psychedelics_knowledge_graph/data/processed/fulltext/source_identity_quarantine_20260710/quarantined_artifacts/10_1192_j_eurpsy_2023_898.json,europepmc_fulltext_xml,,False,,,,0,[],[],[],"[""unsegmented_proceedings_container""]",proceedings_container,valid_exact,10.1192/j.eurpsy.2023.898,Systematic Review on the Mechanisms of Action of Psilocybin in the Treatment of Depression,1.0,keep_current_artifact,no_active_pdf,
10.1192/j.eurpsy.2023.903,"[""quarantined""]",quarantined_no_canonical_artifact,,,,/Users/frank/Library/CloudStorage/Dropbox/projects/psychedelics_knowledge_graph/data/processed/fulltext/source_identity_quarantine_20260710/quarantined_artifacts/10_1192_j_eurpsy_2023_903.json,grobid,/Users/frank/Library/CloudStorage/Dropbox/projects/psychedelics_knowledge_graph/data/raw/papers/disorder/pdfs/10.1192_j.eurpsy.2023.903__ae2e5089de.pdf,False,True,/Users/frank/Library/CloudStorage/Dropbox/projects/psychedelics_knowledge_graph/data/raw/papers/pdfs/10.1192_j.eurpsy.2023.903__ae2e5089de.pdf,de252a2c5d21cfcb0d2ac6589947c985133047e980c56f8cd2290c02f4579ffc,97145,[],"[{""row_index"": 39815, ""doi"": ""10.1192/j.eurpsy.2023.903"", ""pdf_download_status"": ""source_identity_quarantined"", ""flag_has_local_pdf"": false, ""has_converted_full_text"": false, ""fulltext_artifact_paths"": """", ""fields"": [""local_pdf_paths""]}]",[],"[""target_text_with_conflicting_doi"", ""unsegmented_proceedings_container""]",proceedings_container,,,,,,quarantine_candidate_clear_candidate_references,[]
10.1192/j.eurpsy.2024.1103,"[""quarantined""]",quarantined_no_canonical_artifact,,,,/Users/frank/Library/CloudStorage/Dropbox/projects/psychedelics_knowledge_graph/data/processed/fulltext/source_identity_quarantine_20260710/quarantined_artifacts/10_1192_j_eurpsy_2024_1103.json,grobid,/Users/frank/Library/CloudStorage/Dropbox/projects/psychedelics_knowledge_graph/data/raw/papers/disorder/pdfs/10.1192_j.eurpsy.2024.1103__0a9389e761.pdf,False,True,/Users/frank/Library/CloudStorage/Dropbox/projects/psychedelics_knowledge_graph/data/raw/papers/pdfs/10.1192_j.eurpsy.2024.1103__0a9389e761.pdf,5c3247aafb831337b2a4f57b904a3d6799fef383f2887be35c6916af5aac69b6,30932,[],"[{""row_index"": 39817, ""doi"": ""10.1192/j.eurpsy.2024.1103"", ""pdf_download_status"": ""source_identity_quarantined"", ""flag_has_local_pdf"": false, ""has_converted_full_text"": false, ""fulltext_artifact_paths"": """", ""fields"": [""local_pdf_paths""]}]",[],"[""unsegmented_proceedings_container""]",proceedings_container,valid_exact,10.1192/j.eurpsy.2024.1103,Esketamine for resistant depression in older people with cognitive impairment: a case report,1.0,keep_current_artifact,quarantine_candidate_clear_candidate_references,[]
10.1192/j.eurpsy.2024.1108,"[""replaced""]",replaced_by_verified_exact_jats,/Users/frank/Library/CloudStorage/Dropbox/projects/psychedelics_knowledge_graph/data/processed/fulltext/articles/10_1192_j_eurpsy_2024_1108.json,europepmc_fulltext_xml,verified_exact_doi,/Users/frank/Library/CloudStorage/Dropbox/projects/psychedelics_knowledge_graph/data/processed/fulltext/source_identity_quarantine_20260710/replaced_artifacts/10_1192_j_eurpsy_2024_1108.json,grobid,/Users/frank/Library/CloudStorage/Dropbox/projects/psychedelics_knowledge_graph/data/raw/papers/mechanistic/pdfs/10.1192_j.eurpsy.2024.1108__f39431630a.pdf,False,True,/Users/frank/Library/CloudStorage/Dropbox/projects/psychedelics_knowledge_graph/data/raw/papers/pdfs/10.1192_j.eurpsy.2024.1108__f39431630a.pdf,99442671f12b6bad2999793c5fd72e84a36512cc50a04bbe7711afd2152b4e46,43441,[],"[{""row_index"": 39818, ""doi"": ""10.1192/j.eurpsy.2024.1108"", ""pdf_download_status"": ""already_present"", ""flag_has_local_pdf"": true, ""has_converted_full_text"": true, ""fulltext_artifact_paths"": ""/Users/frank/Library/CloudStorage/Dropbox/projects/psychedelics_knowledge_graph/data/processed/fulltext/articles/10_1192_j_eurpsy_2024_1108.json"", ""fields"": [""local_pdf_paths"", ""pdf_local_path""]}]",[],[],,container,10.1192/j.eurpsy.2024.1107,Effects of light therapy in the anxious-depressive clinic,0.371,refetch_europepmc_jats:11860292,quarantine_candidate_clear_candidate_references,[]
10.1192/j.eurpsy.2024.1307,"[""quarantined""]",quarantined_no_canonical_artifact,,,,/Users/frank/Library/CloudStorage/Dropbox/projects/psychedelics_knowledge_graph/data/processed/fulltext/source_identity_quarantine_20260710/quarantined_artifacts/10_1192_j_eurpsy_2024_1307.json,grobid,/Users/frank/Library/CloudStorage/Dropbox/projects/psychedelics_knowledge_graph/data/raw/papers/disorder/pdfs/10.1192_j.eurpsy.2024.1307__68153ed4b3.pdf,False,True,/Users/frank/Library/CloudStorage/Dropbox/projects/psychedelics_knowledge_graph/data/raw/papers/pdfs/10.1192_j.eurpsy.2024.1307__68153ed4b3.pdf,b9255f613b19fb30bb98d7742d8be31d0cd2e9e1ca2c624744696925bb645add,45013,[],"[{""row_index"": 39821, ""doi"": ""10.1192/j.eurpsy.2024.1307"", ""pdf_download_status"": ""source_identity_quarantined"", ""flag_has_local_pdf"": false, ""has_converted_full_text"": false, ""fulltext_artifact_paths"": """", ""fields"": [""local_pdf_paths""]}]",[],"[""unsegmented_proceedings_container""]",proceedings_container,valid_exact,10.1192/j.eurpsy.2024.1307,Ketamine in the treatment of obsessive-compulsive disordera case report and literature review,0.9841,keep_current_artifact,quarantine_candidate_clear_candidate_references,[]
10.1192/j.eurpsy.2024.1356,"[""replaced""]",replaced_by_verified_exact_jats,/Users/frank/Library/CloudStorage/Dropbox/projects/psychedelics_knowledge_graph/data/processed/fulltext/articles/10_1192_j_eurpsy_2024_1356.json,europepmc_fulltext_xml,verified_exact_doi,/Users/frank/Library/CloudStorage/Dropbox/projects/psychedelics_knowledge_graph/data/processed/fulltext/source_identity_quarantine_20260710/replaced_artifacts/10_1192_j_eurpsy_2024_1356.json,grobid,/Users/frank/Library/CloudStorage/Dropbox/projects/psychedelics_knowledge_graph/data/raw/papers/disorder/pdfs/10.1192_j.eurpsy.2024.1356__c2896bdbe1.pdf,False,True,/Users/frank/Library/CloudStorage/Dropbox/projects/psychedelics_knowledge_graph/data/raw/papers/pdfs/10.1192_j.eurpsy.2024.1356__c2896bdbe1.pdf,228c3fd1aab697ca93639edc868ee1ecc64bd6842e5c2910dceb1279e72091b2,50793,[],"[{""row_index"": 39822, ""doi"": ""10.1192/j.eurpsy.2024.1356"", ""pdf_download_status"": ""downloaded"", ""flag_has_local_pdf"": true, ""has_converted_full_text"": true, ""fulltext_artifact_paths"": ""/Users/frank/Library/CloudStorage/Dropbox/projects/psychedelics_knowledge_graph/data/processed/fulltext/articles/10_1192_j_eurpsy_2024_1356.json"", ""fields"": [""local_pdf_paths"", ""pdf_local_path""]}]",[],[],,container,10.1192/j.eurpsy.2024.1355,BUT WHO LOOKS AT ME? About a daily clinical case in treatment in a mental health center,0.1988,refetch_europepmc_jats:11862676,quarantine_candidate_clear_candidate_references,[]
10.1192/j.eurpsy.2024.1440,"[""quarantined""]",quarantined_no_canonical_artifact,,,,/Users/frank/Library/CloudStorage/Dropbox/projects/psychedelics_knowledge_graph/data/processed/fulltext/source_identity_quarantine_20260710/quarantined_artifacts/10_1192_j_eurpsy_2024_1440.json,grobid,/Users/frank/Library/CloudStorage/Dropbox/projects/psychedelics_knowledge_graph/data/raw/papers/disorder/pdfs/10.1192_j.eurpsy.2024.1440__9c1df37939.pdf,False,True,/Users/frank/Library/CloudStorage/Dropbox/projects/psychedelics_knowledge_graph/data/raw/papers/pdfs/10.1192_j.eurpsy.2024.1440__9c1df37939.pdf,8a4392a890e02bdf8f786524853c9963fdffd787ffd785d61ed5c5b71406de4c,168202,[],"[{""row_index"": 39824, ""doi"": ""10.1192/j.eurpsy.2024.1440"", ""pdf_download_status"": ""source_identity_quarantined"", ""flag_has_local_pdf"": false, ""has_converted_full_text"": false, ""fulltext_artifact_paths"": """", ""fields"": [""local_pdf_paths""]}]",[],"[""unsegmented_proceedings_container""]",proceedings_container,valid_exact,10.1192/j.eurpsy.2024.1440,,,keep_current_artifact,quarantine_candidate_clear_candidate_references,[]
10.1192/j.eurpsy.2024.1444,"[""quarantined""]",quarantined_no_canonical_artifact,,,,/Users/frank/Library/CloudStorage/Dropbox/projects/psychedelics_knowledge_graph/data/processed/fulltext/source_identity_quarantine_20260710/quarantined_artifacts/10_1192_j_eurpsy_2024_1444.json,grobid,/Users/frank/Library/CloudStorage/Dropbox/projects/psychedelics_knowledge_graph/data/raw/papers/disorder/pdfs/10.1192_j.eurpsy.2024.1444__2c8592d428.pdf,False,True,/Users/frank/Library/CloudStorage/Dropbox/projects/psychedelics_knowledge_graph/data/raw/papers/pdfs/10.1192_j.eurpsy.2024.1444__2c8592d428.pdf,a52560f364cd10a102e302159443322006fae25029ecb4f58594c900be270a2f,30047,[],"[{""row_index"": 39825, ""doi"": ""10.1192/j.eurpsy.2024.1444"", ""pdf_download_status"": ""source_identity_quarantined"", ""flag_has_local_pdf"": false, ""has_converted_full_text"": false, ""fulltext_artifact_paths"": """", ""fields"": [""local_pdf_paths""]}]",[],"[""unsegmented_proceedings_container""]",proceedings_container,valid_exact,10.1192/j.eurpsy.2024.1444,False-Positive Urine Drug Screening in a Patient on Quetiapine,1.0,keep_current_artifact,quarantine_candidate_clear_candidate_references,[]
10.1192/j.eurpsy.2024.1480,"[""quarantined""]",quarantined_no_canonical_artifact,,,,/Users/frank/Library/CloudStorage/Dropbox/projects/psychedelics_knowledge_graph/data/processed/fulltext/source_identity_quarantine_20260710/quarantined_artifacts/10_1192_j_eurpsy_2024_1480.json,grobid,/Users/frank/Library/CloudStorage/Dropbox/projects/psychedelics_knowledge_graph/data/raw/papers/disorder/pdfs/10.1192_j.eurpsy.2024.1480__3d32636321.pdf,False,True,/Users/frank/Library/CloudStorage/Dropbox/projects/psychedelics_knowledge_graph/data/raw/papers/pdfs/10.1192_j.eurpsy.2024.1480__3d32636321.pdf,589e35783d4b5ab6d573b5df063dd32523a116d21322dc0fc569da0b525e1bc7,35669,[],"[{""row_index"": 39827, ""doi"": ""10.1192/j.eurpsy.2024.1480"", ""pdf_download_status"": ""source_identity_quarantined"", ""flag_has_local_pdf"": false, ""has_converted_full_text"": false, ""fulltext_artifact_paths"": """", ""fields"": [""local_pdf_paths""]}]",[],"[""unsegmented_proceedings_container""]",proceedings_container,valid_exact,,,,keep_current_artifact,quarantine_candidate_clear_candidate_references,[]
10.1192/j.eurpsy.2024.1695,"[""quarantined""]",quarantined_no_canonical_artifact,,,,/Users/frank/Library/CloudStorage/Dropbox/projects/psychedelics_knowledge_graph/data/processed/fulltext/source_identity_quarantine_20260710/quarantined_artifacts/10_1192_j_eurpsy_2024_1695.json,grobid,/Users/frank/Library/CloudStorage/Dropbox/projects/psychedelics_knowledge_graph/data/raw/papers/disorder/pdfs/10.1192_j.eurpsy.2024.1695__b701518e8a.pdf,False,True,/Users/frank/Library/CloudStorage/Dropbox/projects/psychedelics_knowledge_graph/data/raw/papers/pdfs/10.1192_j.eurpsy.2024.1695__b701518e8a.pdf,d5b22b34ec38d9caf1103cf71900d86bf4f84cf30d04823e1155c2b81c8b2ebf,33229,[],"[{""row_index"": 39831, ""doi"": ""10.1192/j.eurpsy.2024.1695"", ""pdf_download_status"": ""source_identity_quarantined"", ""flag_has_local_pdf"": false, ""has_converted_full_text"": false, ""fulltext_artifact_paths"": """", ""fields"": [""local_pdf_paths""]}]",[],"[""unsegmented_proceedings_container""]",proceedings_container,valid_exact,10.1192/j.eurpsy.2024.1695,Current situation regarding psychedelics and magic mushroom in Korea,1.0,keep_current_artifact,quarantine_candidate_clear_candidate_references,[]
10.1192/j.eurpsy.2024.1744,"[""quarantined""]",quarantined_no_canonical_artifact,,,,/Users/frank/Library/CloudStorage/Dropbox/projects/psychedelics_knowledge_graph/data/processed/fulltext/source_identity_quarantine_20260710/quarantined_artifacts/10_1192_j_eurpsy_2024_1744.json,grobid,/Users/frank/Library/CloudStorage/Dropbox/projects/psychedelics_knowledge_graph/data/raw/papers/disorder/pdfs/10.1192_j.eurpsy.2024.1744__63041fe09c.pdf,False,True,/Users/frank/Library/CloudStorage/Dropbox/projects/psychedelics_knowledge_graph/data/raw/papers/pdfs/10.1192_j.eurpsy.2024.1744__63041fe09c.pdf,b2ed3b5e948998158a867bfa61e0100f256ac9d23b1558a82f9d8d071a34c8fd,1260032,[],"[{""row_index"": 39832, ""doi"": ""10.1192/j.eurpsy.2024.1744"", ""pdf_download_status"": ""source_identity_quarantined"", ""flag_has_local_pdf"": false, ""has_converted_full_text"": false, ""fulltext_artifact_paths"": """", ""fields"": [""local_pdf_paths""]}]",[],"[""unsegmented_proceedings_container""]",proceedings_container,valid_exact,10.1192/j.eurpsy.2024.1744,Functional connectivity of the amygdala subregions and the antidepressant effects of repeated ketamine infusions in major depressive disorder,1.0,keep_current_artifact,quarantine_candidate_clear_candidate_references,[]
10.1192/j.eurpsy.2024.1806,"[""quarantined""]",quarantined_no_canonical_artifact,,,,/Users/frank/Library/CloudStorage/Dropbox/projects/psychedelics_knowledge_graph/data/processed/fulltext/source_identity_quarantine_20260710/quarantined_artifacts/10_1192_j_eurpsy_2024_1806.json,grobid,/Users/frank/Library/CloudStorage/Dropbox/projects/psychedelics_knowledge_graph/data/raw/papers/disorder/pdfs/10.1192_j.eurpsy.2024.1806__acc26cd004.pdf,False,True,/Users/frank/Library/CloudStorage/Dropbox/projects/psychedelics_knowledge_graph/data/raw/papers/pdfs/10.1192_j.eurpsy.2024.1806__acc26cd004.pdf,d62833dcc921ee8d56ed7419d4e37af53038b66b6ac352ff47754c50dd1c7419,228942,[],"[{""row_index"": 39834, ""doi"": ""10.1192/j.eurpsy.2024.1806"", ""pdf_download_status"": ""source_identity_quarantined"", ""flag_has_local_pdf"": false, ""has_converted_full_text"": false, ""fulltext_artifact_paths"": """", ""fields"": [""local_pdf_paths""]}]",[],"[""unsegmented_proceedings_container""]",proceedings_container,,,,,,quarantine_candidate_clear_candidate_references,[]
10.1192/j.eurpsy.2024.198,"[""quarantined""]",quarantined_no_canonical_artifact,,,,/Users/frank/Library/CloudStorage/Dropbox/projects/psychedelics_knowledge_graph/data/processed/fulltext/source_identity_quarantine_20260710/quarantined_artifacts/10_1192_j_eurpsy_2024_198.json,grobid,/Users/frank/Library/CloudStorage/Dropbox/projects/psychedelics_knowledge_graph/data/raw/papers/disorder/pdfs/10.1192_j.eurpsy.2024.198__1ca851e846.pdf,False,True,/Users/frank/Library/CloudStorage/Dropbox/projects/psychedelics_knowledge_graph/data/raw/papers/pdfs/10.1192_j.eurpsy.2024.198__1ca851e846.pdf,cede14c5bd411c19115d3f06468a9947c5eefa663dcdde76a7df0df9a1291795,34085,[],"[{""row_index"": 39837, ""doi"": ""10.1192/j.eurpsy.2024.198"", ""pdf_download_status"": ""source_identity_quarantined"", ""flag_has_local_pdf"": false, ""has_converted_full_text"": false, ""fulltext_artifact_paths"": """", ""fields"": [""local_pdf_paths""]}]",[],"[""unsegmented_proceedings_container""]",proceedings_container,valid_exact,10.1192/j.eurpsy.2024.198,A Meta-Analysis of fMRI Activation Studies of Ketamine in Healthy Participants,1.0,keep_current_artifact,quarantine_candidate_clear_candidate_references,[]
10.1192/j.eurpsy.2024.220,"[""replaced""]",replaced_by_verified_exact_jats,/Users/frank/Library/CloudStorage/Dropbox/projects/psychedelics_knowledge_graph/data/processed/fulltext/articles/10_1192_j_eurpsy_2024_220.json,europepmc_fulltext_xml,verified_exact_doi,/Users/frank/Library/CloudStorage/Dropbox/projects/psychedelics_knowledge_graph/data/processed/fulltext/source_identity_quarantine_20260710/replaced_artifacts/10_1192_j_eurpsy_2024_220.json,grobid,/Users/frank/Library/CloudStorage/Dropbox/projects/psychedelics_knowledge_graph/data/raw/papers/disorder/pdfs/10.1192_j.eurpsy.2024.220__e8edcf61cc.pdf,False,True,/Users/frank/Library/CloudStorage/Dropbox/projects/psychedelics_knowledge_graph/data/raw/papers/pdfs/10.1192_j.eurpsy.2024.220__e8edcf61cc.pdf,0aed3807c1d8953e8839348fecf2cddfbecc34a4c711ab8b361201735ffa9690,48376,[],"[{""row_index"": 39839, ""doi"": ""10.1192/j.eurpsy.2024.220"", ""pdf_download_status"": ""already_present"", ""flag_has_local_pdf"": true, ""has_converted_full_text"": true, ""fulltext_artifact_paths"": ""/Users/frank/Library/CloudStorage/Dropbox/projects/psychedelics_knowledge_graph/data/processed/fulltext/articles/10_1192_j_eurpsy_2024_220.json"", ""fields"": [""local_pdf_paths"", ""pdf_local_path""]}]",[],[],,container,10.1192/j.eurpsy.2024.219,Brain magnetic resonance imaging outperforms clinical severity ratings in the prediction of treatment outcomes in major depressive disorder,0.2215,refetch_europepmc_jats:11862751,quarantine_candidate_clear_candidate_references,[]
10.1192/j.eurpsy.2024.222,"[""replaced""]",replaced_by_verified_exact_jats,/Users/frank/Library/CloudStorage/Dropbox/projects/psychedelics_knowledge_graph/data/processed/fulltext/articles/10_1192_j_eurpsy_2024_222.json,europepmc_fulltext_xml,verified_exact_doi,/Users/frank/Library/CloudStorage/Dropbox/projects/psychedelics_knowledge_graph/data/processed/fulltext/source_identity_quarantine_20260710/replaced_artifacts/10_1192_j_eurpsy_2024_222.json,grobid,/Users/frank/Library/CloudStorage/Dropbox/projects/psychedelics_knowledge_graph/data/raw/papers/disorder/pdfs/10.1192_j.eurpsy.2024.222__91e2cccfd1.pdf,False,True,/Users/frank/Library/CloudStorage/Dropbox/projects/psychedelics_knowledge_graph/data/raw/papers/pdfs/10.1192_j.eurpsy.2024.222__91e2cccfd1.pdf,daaa9ab80d3ea36a009a36276a6b2517d11dd9a6af9d793a09e8605e8dd84c70,53164,[],"[{""row_index"": 39840, ""doi"": ""10.1192/j.eurpsy.2024.222"", ""pdf_download_status"": ""already_present"", ""flag_has_local_pdf"": true, ""has_converted_full_text"": true, ""fulltext_artifact_paths"": ""/Users/frank/Library/CloudStorage/Dropbox/projects/psychedelics_knowledge_graph/data/processed/fulltext/articles/10_1192_j_eurpsy_2024_222.json"", ""fields"": [""local_pdf_paths"", ""pdf_local_path""]}]",[],[],,container,10.1192/j.eurpsy.2024.221,Working mechanisms of Cognitive Behavioral Therapy and Acceptance and Commitment Therapy: a dynamic network approach,0.3158,refetch_europepmc_jats:11859803,quarantine_candidate_clear_candidate_references,[]
10.1192/j.eurpsy.2024.253,"[""quarantined""]",quarantined_no_canonical_artifact,,,,/Users/frank/Library/CloudStorage/Dropbox/projects/psychedelics_knowledge_graph/data/processed/fulltext/source_identity_quarantine_20260710/quarantined_artifacts/10_1192_j_eurpsy_2024_253.json,grobid,/Users/frank/Library/CloudStorage/Dropbox/projects/psychedelics_knowledge_graph/data/raw/papers/disorder/pdfs/10.1192_j.eurpsy.2024.253__a518c21d8b.pdf,False,True,/Users/frank/Library/CloudStorage/Dropbox/projects/psychedelics_knowledge_graph/data/raw/papers/pdfs/10.1192_j.eurpsy.2024.253__a518c21d8b.pdf,d3cd79ce97cd582fa7eea1ba956ee7d4244c15e9fca85ff9439c12e4bbd0144d,223625,[],"[{""row_index"": 39844, ""doi"": ""10.1192/j.eurpsy.2024.253"", ""pdf_download_status"": ""source_identity_quarantined"", ""flag_has_local_pdf"": false, ""has_converted_full_text"": false, ""fulltext_artifact_paths"": """", ""fields"": [""local_pdf_paths""]}]",[],"[""unsegmented_proceedings_container""]",proceedings_container,,,,,,quarantine_candidate_clear_candidate_references,[]
10.1192/j.eurpsy.2024.44,"[""replaced""]",replaced_by_verified_exact_jats,/Users/frank/Library/CloudStorage/Dropbox/projects/psychedelics_knowledge_graph/data/processed/fulltext/articles/10_1192_j_eurpsy_2024_44.json,europepmc_fulltext_xml,verified_exact_doi,/Users/frank/Library/CloudStorage/Dropbox/projects/psychedelics_knowledge_graph/data/processed/fulltext/source_identity_quarantine_20260710/replaced_artifacts/10_1192_j_eurpsy_2024_44.json,grobid,/Users/frank/Library/CloudStorage/Dropbox/projects/psychedelics_knowledge_graph/data/raw/papers/disorder/pdfs/10.1192_j.eurpsy.2024.44__68cffd50be.pdf,False,True,/Users/frank/Library/CloudStorage/Dropbox/projects/psychedelics_knowledge_graph/data/raw/papers/pdfs/10.1192_j.eurpsy.2024.44__68cffd50be.pdf,c9afa7a27582b92680193b167f828bce106f8efc122325b7839563923db51be3,41396,[],"[{""row_index"": 39849, ""doi"": ""10.1192/j.eurpsy.2024.44"", ""pdf_download_status"": ""downloaded"", ""flag_has_local_pdf"": true, ""has_converted_full_text"": true, ""fulltext_artifact_paths"": ""/Users/frank/Library/CloudStorage/Dropbox/projects/psychedelics_knowledge_graph/data/processed/fulltext/articles/10_1192_j_eurpsy_2024_44.json"", ""fields"": [""local_pdf_paths"", ""pdf_local_path""]}]",[],[],,container,10.1192/j.eurpsy.2024.42,Community mental health services in Europe: the state of art,0.3485,refetch_europepmc_jats:11859660,quarantine_candidate_clear_candidate_references,[]
10.1192/j.eurpsy.2024.480,"[""quarantined""]",quarantined_no_canonical_artifact,,,,/Users/frank/Library/CloudStorage/Dropbox/projects/psychedelics_knowledge_graph/data/processed/fulltext/source_identity_quarantine_20260710/quarantined_artifacts/10_1192_j_eurpsy_2024_480.json,grobid,/Users/frank/Library/CloudStorage/Dropbox/projects/psychedelics_knowledge_graph/data/raw/papers/disorder/pdfs/10.1192_j.eurpsy.2024.480__81f4dc6a75.pdf,False,True,/Users/frank/Library/CloudStorage/Dropbox/projects/psychedelics_knowledge_graph/data/raw/papers/pdfs/10.1192_j.eurpsy.2024.480__81f4dc6a75.pdf,c42f87562aa91ff42072fc19a278b690fcd7f7546a07f2c1747aab041623bef7,46104,[],"[{""row_index"": 39851, ""doi"": ""10.1192/j.eurpsy.2024.480"", ""pdf_download_status"": ""source_identity_quarantined"", ""flag_has_local_pdf"": false, ""has_converted_full_text"": false, ""fulltext_artifact_paths"": """", ""fields"": [""local_pdf_paths""]}]",[],"[""identity_unverified"", ""unsegmented_proceedings_container""]",proceedings_container,,,,,,quarantine_candidate_clear_candidate_references,[]
10.1192/j.eurpsy.2024.493,"[""quarantined""]",quarantined_no_canonical_artifact,,,,/Users/frank/Library/CloudStorage/Dropbox/projects/psychedelics_knowledge_graph/data/processed/fulltext/source_identity_quarantine_20260710/quarantined_artifacts/10_1192_j_eurpsy_2024_493.json,grobid,/Users/frank/Library/CloudStorage/Dropbox/projects/psychedelics_knowledge_graph/data/raw/papers/disorder/pdfs/10.1192_j.eurpsy.2024.493__09755c5eac.pdf,False,True,/Users/frank/Library/CloudStorage/Dropbox/projects/psychedelics_knowledge_graph/data/raw/papers/pdfs/10.1192_j.eurpsy.2024.493__09755c5eac.pdf,49aea171956bfeb3d528dd72f26160490444f95ca33215c50f887293105de697,37264,[],"[{""row_index"": 39852, ""doi"": ""10.1192/j.eurpsy.2024.493"", ""pdf_download_status"": ""source_identity_quarantined"", ""flag_has_local_pdf"": false, ""has_converted_full_text"": false, ""fulltext_artifact_paths"": """", ""fields"": [""local_pdf_paths""]}]",[],"[""unsegmented_proceedings_container""]",proceedings_container,valid_exact,10.1192/j.eurpsy.2024.493,Older Adults in Psychedelic-Assisted Therapy Trials: A Systematic Review,1.0,keep_current_artifact,quarantine_candidate_clear_candidate_references,[]
10.1192/j.eurpsy.2024.539,"[""replaced""]",replaced_by_verified_exact_jats,/Users/frank/Library/CloudStorage/Dropbox/projects/psychedelics_knowledge_graph/data/processed/fulltext/articles/10_1192_j_eurpsy_2024_539.json,europepmc_fulltext_xml,verified_exact_doi,/Users/frank/Library/CloudStorage/Dropbox/projects/psychedelics_knowledge_graph/data/processed/fulltext/source_identity_quarantine_20260710/replaced_artifacts/10_1192_j_eurpsy_2024_539.json,grobid,/Users/frank/Library/CloudStorage/Dropbox/projects/psychedelics_knowledge_graph/data/raw/papers/disorder/pdfs/10.1192_j.eurpsy.2024.539__4799ed291b.pdf,False,True,/Users/frank/Library/CloudStorage/Dropbox/projects/psychedelics_knowledge_graph/data/raw/papers/pdfs/10.1192_j.eurpsy.2024.539__4799ed291b.pdf,d85e60d31f36a13ac9ea015ae8c2fed14c468535e8bd7e34ccc7e24f5643729d,344891,[],"[{""row_index"": 39854, ""doi"": ""10.1192/j.eurpsy.2024.539"", ""pdf_download_status"": ""downloaded"", ""flag_has_local_pdf"": true, ""has_converted_full_text"": true, ""fulltext_artifact_paths"": ""/Users/frank/Library/CloudStorage/Dropbox/projects/psychedelics_knowledge_graph/data/processed/fulltext/articles/10_1192_j_eurpsy_2024_539.json"", ""fields"": [""local_pdf_paths"", ""pdf_local_path""]}]",[],[],,container,10.1192/j.eurpsy.2024.538,"The Impact of Severe Wildfires on Mental Health: Prevalence of Major Depressive Disorder and Related Factors among Residents in Alberta and Nova Scotia, Canada",0.2958,refetch_europepmc_jats:11859606,quarantine_candidate_clear_candidate_references,[]
10.1192/j.eurpsy.2024.626,"[""replaced""]",replaced_by_verified_exact_jats,/Users/frank/Library/CloudStorage/Dropbox/projects/psychedelics_knowledge_graph/data/processed/fulltext/articles/10_1192_j_eurpsy_2024_626.json,europepmc_fulltext_xml,verified_exact_doi,/Users/frank/Library/CloudStorage/Dropbox/projects/psychedelics_knowledge_graph/data/processed/fulltext/source_identity_quarantine_20260710/replaced_artifacts/10_1192_j_eurpsy_2024_626.json,grobid,/Users/frank/Library/CloudStorage/Dropbox/projects/psychedelics_knowledge_graph/data/raw/papers/disorder/pdfs/10.1192_j.eurpsy.2024.626__7638b284a8.pdf,False,True,/Users/frank/Library/CloudStorage/Dropbox/projects/psychedelics_knowledge_graph/data/raw/papers/pdfs/10.1192_j.eurpsy.2024.626__7638b284a8.pdf,6787bf75c37c6da9abe8d6955c5614e5929b543c6ed3571f4a951b2bab39ab18,238687,[],"[{""row_index"": 39855, ""doi"": ""10.1192/j.eurpsy.2024.626"", ""pdf_download_status"": ""downloaded"", ""flag_has_local_pdf"": true, ""has_converted_full_text"": true, ""fulltext_artifact_paths"": ""/Users/frank/Library/CloudStorage/Dropbox/projects/psychedelics_knowledge_graph/data/processed/fulltext/articles/10_1192_j_eurpsy_2024_626.json"", ""fields"": [""local_pdf_paths"", ""pdf_local_path""]}]",[],[],,container,10.1192/j.eurpsy.2024.625,Clinical features of suicidal behaviouг in youth with borderline personality disorder,0.1909,refetch_europepmc_jats:11863030,quarantine_candidate_clear_candidate_references,[]
10.1192/j.eurpsy.2024.717,"[""quarantined""]",quarantined_no_canonical_artifact,,,,/Users/frank/Library/CloudStorage/Dropbox/projects/psychedelics_knowledge_graph/data/processed/fulltext/source_identity_quarantine_20260710/quarantined_artifacts/10_1192_j_eurpsy_2024_717.json,grobid,/Users/frank/Library/CloudStorage/Dropbox/projects/psychedelics_knowledge_graph/data/raw/papers/disorder/pdfs/10.1192_j.eurpsy.2024.717__7ce9b5d4ae.pdf,False,True,/Users/frank/Library/CloudStorage/Dropbox/projects/psychedelics_knowledge_graph/data/raw/papers/pdfs/10.1192_j.eurpsy.2024.717__7ce9b5d4ae.pdf,322af3f54b903d20fde2b5c4d080c458d578c1de1475da10d415d72894b088a8,196451,[],"[{""row_index"": 39860, ""doi"": ""10.1192/j.eurpsy.2024.717"", ""pdf_download_status"": ""source_identity_quarantined"", ""flag_has_local_pdf"": false, ""has_converted_full_text"": false, ""fulltext_artifact_paths"": """", ""fields"": [""local_pdf_paths""]}]",[],"[""unsegmented_proceedings_container""]",proceedings_container,valid_exact,10.1192/j.eurpsy.2024.717,Half a Decade of Intravenous Ketamine Administration: Our Observation Results and Insights regarding its safety,1.0,keep_current_artifact,quarantine_candidate_clear_candidate_references,[]
10.1192/j.eurpsy.2024.749,"[""replaced""]",replaced_by_verified_exact_jats,/Users/frank/Library/CloudStorage/Dropbox/projects/psychedelics_knowledge_graph/data/processed/fulltext/articles/10_1192_j_eurpsy_2024_749.json,europepmc_fulltext_xml,verified_exact_doi,/Users/frank/Library/CloudStorage/Dropbox/projects/psychedelics_knowledge_graph/data/processed/fulltext/source_identity_quarantine_20260710/replaced_artifacts/10_1192_j_eurpsy_2024_749.json,grobid,/Users/frank/Library/CloudStorage/Dropbox/projects/psychedelics_knowledge_graph/data/raw/papers/disorder/pdfs/10.1192_j.eurpsy.2024.749__9ec2143aae.pdf,False,True,/Users/frank/Library/CloudStorage/Dropbox/projects/psychedelics_knowledge_graph/data/raw/papers/pdfs/10.1192_j.eurpsy.2024.749__9ec2143aae.pdf,da51980206fdd37f8341b3ebab7c854e82a044cb3e8a295564690c1cca5d3545,211631,[],"[{""row_index"": 39862, ""doi"": ""10.1192/j.eurpsy.2024.749"", ""pdf_download_status"": ""already_present"", ""flag_has_local_pdf"": true, ""has_converted_full_text"": true, ""fulltext_artifact_paths"": ""/Users/frank/Library/CloudStorage/Dropbox/projects/psychedelics_knowledge_graph/data/processed/fulltext/articles/10_1192_j_eurpsy_2024_749.json"", ""fields"": [""local_pdf_paths"", ""pdf_local_path""]}]",[],[],,container,10.1192/j.eurpsy.2024.747,The association between depressive symptoms and medication adherence among polypharmacy older adults,0.1362,refetch_europepmc_jats:11863007,quarantine_candidate_clear_candidate_references,[]
10.1192/j.eurpsy.2024.8,"[""quarantined""]",quarantined_no_canonical_artifact,,,,/Users/frank/Library/CloudStorage/Dropbox/projects/psychedelics_knowledge_graph/data/processed/fulltext/source_identity_quarantine_20260710/quarantined_artifacts/10_1192_j_eurpsy_2024_8.json,grobid,/Users/frank/Library/CloudStorage/Dropbox/projects/psychedelics_knowledge_graph/data/raw/papers/disorder/pdfs/10.1192_j.eurpsy.2024.8__5bb337fa20.pdf,False,True,/Users/frank/Library/CloudStorage/Dropbox/projects/psychedelics_knowledge_graph/data/raw/papers/pdfs/10.1192_j.eurpsy.2024.8__5bb337fa20.pdf,4eb0f90379111cda0862a87029a616aadffc12a6cf12fd410d9f8680ccb6df29,573032,[],"[{""row_index"": 39863, ""doi"": ""10.1192/j.eurpsy.2024.8"", ""pdf_download_status"": ""source_identity_quarantined"", ""flag_has_local_pdf"": false, ""has_converted_full_text"": false, ""fulltext_artifact_paths"": """", ""fields"": [""local_pdf_paths""]}]",[],"[""unsegmented_proceedings_container""]",proceedings_container,valid_exact,10.1192/j.eurpsy.2024.8,"Effects of psychedelic microdosing versus conventional ADHD medication use on emotion regulation, empathy, and ADHD symptoms in adults with severe ADHD symptoms: A naturalistic prospective comparison study",1.0,keep_current_artifact,quarantine_candidate_clear_candidate_references,[]
10.1192/j.eurpsy.2024.864,"[""replaced""]",replaced_by_verified_exact_jats,/Users/frank/Library/CloudStorage/Dropbox/projects/psychedelics_knowledge_graph/data/processed/fulltext/articles/10_1192_j_eurpsy_2024_864.json,europepmc_fulltext_xml,verified_exact_doi,/Users/frank/Library/CloudStorage/Dropbox/projects/psychedelics_knowledge_graph/data/processed/fulltext/source_identity_quarantine_20260710/replaced_artifacts/10_1192_j_eurpsy_2024_864.json,grobid,/Users/frank/Library/CloudStorage/Dropbox/projects/psychedelics_knowledge_graph/data/raw/papers/disorder/pdfs/10.1192_j.eurpsy.2024.864__aca1b032c4.pdf,False,True,/Users/frank/Library/CloudStorage/Dropbox/projects/psychedelics_knowledge_graph/data/raw/papers/pdfs/10.1192_j.eurpsy.2024.864__aca1b032c4.pdf,51ff7a230ff36bda97c4d0e9a82a70d8fa34e6bb2fcfdb887449bf94c80086e1,50233,[],"[{""row_index"": 39866, ""doi"": ""10.1192/j.eurpsy.2024.864"", ""pdf_download_status"": ""downloaded"", ""flag_has_local_pdf"": true, ""has_converted_full_text"": true, ""fulltext_artifact_paths"": ""/Users/frank/Library/CloudStorage/Dropbox/projects/psychedelics_knowledge_graph/data/processed/fulltext/articles/10_1192_j_eurpsy_2024_864.json"", ""fields"": [""local_pdf_paths"", ""pdf_local_path""]}]",[],[],,container,10.1192/j.eurpsy.2024.863,Cortisol Levels Chorelated with Exposure to Alcohol Related Visual Stimuli in Patients with Alcohol Use Disorder,0.4581,refetch_europepmc_jats:11862753,quarantine_candidate_clear_candidate_references,[]
10.1192/j.eurpsy.2024.875,"[""quarantined""]",quarantined_no_canonical_artifact,,,,/Users/frank/Library/CloudStorage/Dropbox/projects/psychedelics_knowledge_graph/data/processed/fulltext/source_identity_quarantine_20260710/quarantined_artifacts/10_1192_j_eurpsy_2024_875.json,grobid,/Users/frank/Library/CloudStorage/Dropbox/projects/psychedelics_knowledge_graph/data/raw/papers/disorder/pdfs/10.1192_j.eurpsy.2024.875__3ed42dcb0e.pdf,False,True,/Users/frank/Library/CloudStorage/Dropbox/projects/psychedelics_knowledge_graph/data/raw/papers/pdfs/10.1192_j.eurpsy.2024.875__3ed42dcb0e.pdf,e2906300466eb5c9dbea1a2defa4e5fcfc6fb62f620ec8c952eafa6f8444971f,42641,[],"[{""row_index"": 39868, ""doi"": ""10.1192/j.eurpsy.2024.875"", ""pdf_download_status"": ""source_identity_quarantined"", ""flag_has_local_pdf"": false, ""has_converted_full_text"": false, ""fulltext_artifact_paths"": """", ""fields"": [""local_pdf_paths""]}]",[],"[""unsegmented_proceedings_container""]",proceedings_container,valid_exact,10.1192/j.eurpsy.2024.875,The Effect of the Apollo Neuro Device on Anxiety Among Participants who Underwent Ketamine Assisted Therapy,1.0,keep_current_artifact,quarantine_candidate_clear_candidate_references,[]
10.1192/j.eurpsy.2024.93,"[""replaced""]",replaced_by_verified_exact_jats,/Users/frank/Library/CloudStorage/Dropbox/projects/psychedelics_knowledge_graph/data/processed/fulltext/articles/10_1192_j_eurpsy_2024_93.json,europepmc_fulltext_xml,verified_exact_doi,/Users/frank/Library/CloudStorage/Dropbox/projects/psychedelics_knowledge_graph/data/processed/fulltext/source_identity_quarantine_20260710/replaced_artifacts/10_1192_j_eurpsy_2024_93.json,grobid,/Users/frank/Library/CloudStorage/Dropbox/projects/psychedelics_knowledge_graph/data/raw/papers/disorder/pdfs/10.1192_j.eurpsy.2024.93__64820368a3.pdf,False,True,/Users/frank/Library/CloudStorage/Dropbox/projects/psychedelics_knowledge_graph/data/raw/papers/pdfs/10.1192_j.eurpsy.2024.93__64820368a3.pdf,b0ab7556a955e7c3d6911cf07d8cf567a9ffda3e4cb7651ac3b5ae382a94efe4,31062,[],"[{""row_index"": 39869, ""doi"": ""10.1192/j.eurpsy.2024.93"", ""pdf_download_status"": ""downloaded"", ""flag_has_local_pdf"": true, ""has_converted_full_text"": true, ""fulltext_artifact_paths"": ""/Users/frank/Library/CloudStorage/Dropbox/projects/psychedelics_knowledge_graph/data/processed/fulltext/articles/10_1192_j_eurpsy_2024_93.json"", ""fields"": [""local_pdf_paths"", ""pdf_local_path""]}]",[],[],,unresolved,10.1192/j.eurpsy.2024.92,Women with internet related disorders-illustration of an in-depth clinical assessment and personnalized treatment approach,0.2447,refetch_europepmc_jats:11860549,quarantine_candidate_clear_candidate_references,[]
10.1192/j.eurpsy.2024.988,"[""quarantined""]",quarantined_no_canonical_artifact,,,,/Users/frank/Library/CloudStorage/Dropbox/projects/psychedelics_knowledge_graph/data/processed/fulltext/source_identity_quarantine_20260710/quarantined_artifacts/10_1192_j_eurpsy_2024_988.json,grobid,/Users/frank/Library/CloudStorage/Dropbox/projects/psychedelics_knowledge_graph/data/raw/papers/disorder/pdfs/10.1192_j.eurpsy.2024.988__48809e4e60.pdf,False,True,/Users/frank/Library/CloudStorage/Dropbox/projects/psychedelics_knowledge_graph/data/raw/papers/pdfs/10.1192_j.eurpsy.2024.988__48809e4e60.pdf,f6c04a9520a8f21dbf096ac50dadaf683a55ba8553e90e4ab0a169dc718329ac,30419,[],"[{""row_index"": 39870, ""doi"": ""10.1192/j.eurpsy.2024.988"", ""pdf_download_status"": ""source_identity_quarantined"", ""flag_has_local_pdf"": false, ""has_converted_full_text"": false, ""fulltext_artifact_paths"": """", ""fields"": [""local_pdf_paths""]}]",[],"[""unsegmented_proceedings_container""]",proceedings_container,valid_exact,10.1192/j.eurpsy.2024.988,"Substance use, anxiety and depression among Tunisian college students",1.0,keep_current_artifact,quarantine_candidate_clear_candidate_references,[]
10.1192/j.eurpsy.2025.10096,"[""quarantined""]",quarantined_no_canonical_artifact,,,,/Users/frank/Library/CloudStorage/Dropbox/projects/psychedelics_knowledge_graph/data/processed/fulltext/source_identity_quarantine_20260710/quarantined_artifacts/10_1192_j_eurpsy_2025_10096.json,grobid,/Users/frank/Library/CloudStorage/Dropbox/projects/psychedelics_knowledge_graph/data/raw/papers/disorder/pdfs/10.1192_j.eurpsy.2025.10096__6954617ba7.pdf,False,True,/Users/frank/Library/CloudStorage/Dropbox/projects/psychedelics_knowledge_graph/data/raw/papers/pdfs/10.1192_j.eurpsy.2025.10096__6954617ba7.pdf,5d137b394a473fa0695b57d0fd722a834cb76029a379c8192652689cd359cb37,595836,[],"[{""row_index"": 39872, ""doi"": ""10.1192/j.eurpsy.2025.10096"", ""pdf_download_status"": ""source_identity_quarantined"", ""flag_has_local_pdf"": false, ""has_converted_full_text"": false, ""fulltext_artifact_paths"": """", ""fields"": [""local_pdf_paths""]}]",[],"[""unsegmented_proceedings_container""]",proceedings_container,,,,,,quarantine_candidate_clear_candidate_references,[]
10.1192/j.eurpsy.2025.10123,"[""quarantined""]",quarantined_no_canonical_artifact,,,,/Users/frank/Library/CloudStorage/Dropbox/projects/psychedelics_knowledge_graph/data/processed/fulltext/source_identity_quarantine_20260710/quarantined_artifacts/10_1192_j_eurpsy_2025_10123.json,grobid,/Users/frank/Library/CloudStorage/Dropbox/projects/psychedelics_knowledge_graph/data/raw/papers/disorder/pdfs/10.1192_j.eurpsy.2025.10123__08d6d14c91.pdf,False,True,/Users/frank/Library/CloudStorage/Dropbox/projects/psychedelics_knowledge_graph/data/raw/papers/pdfs/10.1192_j.eurpsy.2025.10123__08d6d14c91.pdf,34293b81c31a8858363aaa14a9662edbc0e38672e38ff150e8853a6c9d17cef6,1425979,[],"[{""row_index"": 39873, ""doi"": ""10.1192/j.eurpsy.2025.10123"", ""pdf_download_status"": ""source_identity_quarantined"", ""flag_has_local_pdf"": false, ""has_converted_full_text"": false, ""fulltext_artifact_paths"": """", ""fields"": [""local_pdf_paths""]}]",[],"[""unsegmented_proceedings_container""]",proceedings_container,,,,,,quarantine_candidate_clear_candidate_references,[]
10.1192/j.eurpsy.2025.1046,"[""quarantined""]",quarantined_no_canonical_artifact,,,,/Users/frank/Library/CloudStorage/Dropbox/projects/psychedelics_knowledge_graph/data/processed/fulltext/source_identity_quarantine_20260710/quarantined_artifacts/10_1192_j_eurpsy_2025_1046.json,grobid,/Users/frank/Library/CloudStorage/Dropbox/projects/psychedelics_knowledge_graph/data/raw/papers/disorder/pdfs/10.1192_j.eurpsy.2025.1046__5cc8a5cab5.pdf,False,True,/Users/frank/Library/CloudStorage/Dropbox/projects/psychedelics_knowledge_graph/data/raw/papers/pdfs/10.1192_j.eurpsy.2025.1046__5cc8a5cab5.pdf,7d0f4ba5059641f2be966a5810fd213d03ce8ee0be0ef25b76c3ba7bc7d8f784,36555,[],"[{""row_index"": 39874, ""doi"": ""10.1192/j.eurpsy.2025.1046"", ""pdf_download_status"": ""source_identity_quarantined"", ""flag_has_local_pdf"": false, ""has_converted_full_text"": false, ""fulltext_artifact_paths"": """", ""fields"": [""local_pdf_paths""]}]",[],"[""unsegmented_proceedings_container""]",proceedings_container,,,,,,quarantine_candidate_clear_candidate_references,[]
10.1192/j.eurpsy.2025.1204,"[""quarantined""]",quarantined_no_canonical_artifact,,,,/Users/frank/Library/CloudStorage/Dropbox/projects/psychedelics_knowledge_graph/data/processed/fulltext/source_identity_quarantine_20260710/quarantined_artifacts/10_1192_j_eurpsy_2025_1204.json,grobid,/Users/frank/Library/CloudStorage/Dropbox/projects/psychedelics_knowledge_graph/data/raw/papers/disorder/pdfs/10.1192_j.eurpsy.2025.1204__706838d1fd.pdf,False,True,/Users/frank/Library/CloudStorage/Dropbox/projects/psychedelics_knowledge_graph/data/raw/papers/pdfs/10.1192_j.eurpsy.2025.1204__706838d1fd.pdf,cf4e0da985ec55325a4d456d8f7dbab5c6e8ca47555cf488353e6dcce837ea69,1233198,[],"[{""row_index"": 39885, ""doi"": ""10.1192/j.eurpsy.2025.1204"", ""pdf_download_status"": ""source_identity_quarantined"", ""flag_has_local_pdf"": false, ""has_converted_full_text"": false, ""fulltext_artifact_paths"": """", ""fields"": [""local_pdf_paths""]}]",[],"[""unsegmented_proceedings_container""]",proceedings_container,,,,,,quarantine_candidate_clear_candidate_references,[]
10.1192/j.eurpsy.2025.1211,"[""quarantined""]",quarantined_no_canonical_artifact,,,,/Users/frank/Library/CloudStorage/Dropbox/projects/psychedelics_knowledge_graph/data/processed/fulltext/source_identity_quarantine_20260710/quarantined_artifacts/10_1192_j_eurpsy_2025_1211.json,grobid,/Users/frank/Library/CloudStorage/Dropbox/projects/psychedelics_knowledge_graph/data/raw/papers/disorder/pdfs/10.1192_j.eurpsy.2025.1211__fc1e510b2f.pdf,False,True,/Users/frank/Library/CloudStorage/Dropbox/projects/psychedelics_knowledge_graph/data/raw/papers/pdfs/10.1192_j.eurpsy.2025.1211__fc1e510b2f.pdf,e74dfbd8d7dcf5bc7fe656d8ef97458c26b522d04744dccd33bcd47003dfde52,42900,[],"[{""row_index"": 39886, ""doi"": ""10.1192/j.eurpsy.2025.1211"", ""pdf_download_status"": ""source_identity_quarantined"", ""flag_has_local_pdf"": false, ""has_converted_full_text"": false, ""fulltext_artifact_paths"": """", ""fields"": [""local_pdf_paths""]}]",[],"[""unsegmented_proceedings_container""]",proceedings_container,valid_exact,10.1192/j.eurpsy.2025.1211,From NMDA Receptor Antagonism to Cerebrovascular Effects: The Dual Facets of Nitrous Oxide in Bipolar Depression,1.0,keep_current_artifact,quarantine_candidate_clear_candidate_references,[]
10.1192/j.eurpsy.2025.1297,"[""quarantined""]",quarantined_no_canonical_artifact,,,,/Users/frank/Library/CloudStorage/Dropbox/projects/psychedelics_knowledge_graph/data/processed/fulltext/source_identity_quarantine_20260710/quarantined_artifacts/10_1192_j_eurpsy_2025_1297.json,grobid,/Users/frank/Library/CloudStorage/Dropbox/projects/psychedelics_knowledge_graph/data/raw/papers/disorder/pdfs/10.1192_j.eurpsy.2025.1297__91d00cb26c.pdf,False,True,/Users/frank/Library/CloudStorage/Dropbox/projects/psychedelics_knowledge_graph/data/raw/papers/pdfs/10.1192_j.eurpsy.2025.1297__91d00cb26c.pdf,320dba1d8bbc8f77987eed8a8b069b9ca504f7e104462ef20bb2ce521c56e9e5,36568,[],"[{""row_index"": 39888, ""doi"": ""10.1192/j.eurpsy.2025.1297"", ""pdf_download_status"": ""source_identity_quarantined"", ""flag_has_local_pdf"": false, ""has_converted_full_text"": false, ""fulltext_artifact_paths"": """", ""fields"": [""local_pdf_paths""]}]",[],"[""unsegmented_proceedings_container""]",proceedings_container,valid_exact,10.1192/j.eurpsy.2025.1297,Intranasal esketamine in treatment-resistant depression: Descriptive study of our clinical experience,1.0,keep_current_artifact,quarantine_candidate_clear_candidate_references,[]
10.1192/j.eurpsy.2025.1299,"[""quarantined""]",quarantined_no_canonical_artifact,,,,/Users/frank/Library/CloudStorage/Dropbox/projects/psychedelics_knowledge_graph/data/processed/fulltext/source_identity_quarantine_20260710/quarantined_artifacts/10_1192_j_eurpsy_2025_1299.json,grobid,/Users/frank/Library/CloudStorage/Dropbox/projects/psychedelics_knowledge_graph/data/raw/papers/disorder/pdfs/10.1192_j.eurpsy.2025.1299__f3b57478a0.pdf,False,True,/Users/frank/Library/CloudStorage/Dropbox/projects/psychedelics_knowledge_graph/data/raw/papers/pdfs/10.1192_j.eurpsy.2025.1299__f3b57478a0.pdf,458200e65a8a63ebfe56697c916265667e2aaeaf0f10e24123ed3b612693dd74,39305,[],"[{""row_index"": 39889, ""doi"": ""10.1192/j.eurpsy.2025.1299"", ""pdf_download_status"": ""source_identity_quarantined"", ""flag_has_local_pdf"": false, ""has_converted_full_text"": false, ""fulltext_artifact_paths"": """", ""fields"": [""local_pdf_paths""]}]",[],"[""unsegmented_proceedings_container""]",proceedings_container,,,,,,quarantine_candidate_clear_candidate_references,[]
10.1192/j.eurpsy.2025.1303,"[""replaced""]",replaced_by_verified_exact_jats,/Users/frank/Library/CloudStorage/Dropbox/projects/psychedelics_knowledge_graph/data/processed/fulltext/articles/10_1192_j_eurpsy_2025_1303.json,europepmc_fulltext_xml,verified_exact_doi,/Users/frank/Library/CloudStorage/Dropbox/projects/psychedelics_knowledge_graph/data/processed/fulltext/source_identity_quarantine_20260710/replaced_artifacts/10_1192_j_eurpsy_2025_1303.json,grobid,/Users/frank/Library/CloudStorage/Dropbox/projects/psychedelics_knowledge_graph/data/raw/papers/disorder/pdfs/10.1192_j.eurpsy.2025.1303__36a4c6b374.pdf,False,True,/Users/frank/Library/CloudStorage/Dropbox/projects/psychedelics_knowledge_graph/data/raw/papers/pdfs/10.1192_j.eurpsy.2025.1303__36a4c6b374.pdf,c4d27d5689ddcdc0b24d774e9c802192e598e95f44db6bfedb00d09842ca4974,52307,[],"[{""row_index"": 39891, ""doi"": ""10.1192/j.eurpsy.2025.1303"", ""pdf_download_status"": ""downloaded"", ""flag_has_local_pdf"": true, ""has_converted_full_text"": true, ""fulltext_artifact_paths"": ""/Users/frank/Library/CloudStorage/Dropbox/projects/psychedelics_knowledge_graph/data/processed/fulltext/articles/10_1192_j_eurpsy_2025_1303.json"", ""fields"": [""local_pdf_paths"", ""pdf_local_path""]}]",[],[],,unresolved,10.1192/j.eurpsy.2025.1301,Cognitive-Behavioral Therapy Versus Traditional Approaches in Treating Anxiety-Depression Among International Medical Students,0.3628,refetch_europepmc_jats:12437943,quarantine_candidate_clear_candidate_references,[]
10.1192/j.eurpsy.2025.1310,"[""replaced""]",replaced_by_verified_exact_jats,/Users/frank/Library/CloudStorage/Dropbox/projects/psychedelics_knowledge_graph/data/processed/fulltext/articles/10_1192_j_eurpsy_2025_1310.json,europepmc_fulltext_xml,verified_exact_doi,/Users/frank/Library/CloudStorage/Dropbox/projects/psychedelics_knowledge_graph/data/processed/fulltext/source_identity_quarantine_20260710/replaced_artifacts/10_1192_j_eurpsy_2025_1310.json,grobid,/Users/frank/Library/CloudStorage/Dropbox/projects/psychedelics_knowledge_graph/data/raw/papers/disorder/pdfs/10.1192_j.eurpsy.2025.1310__6159ecfa3b.pdf,False,True,/Users/frank/Library/CloudStorage/Dropbox/projects/psychedelics_knowledge_graph/data/raw/papers/pdfs/10.1192_j.eurpsy.2025.1310__6159ecfa3b.pdf,95a1339f8d66d37b75b62e969607e8fb381979e4f9b95b69a69a321e12aebe08,41022,[],"[{""row_index"": 39892, ""doi"": ""10.1192/j.eurpsy.2025.1310"", ""pdf_download_status"": ""already_present"", ""flag_has_local_pdf"": true, ""has_converted_full_text"": true, ""fulltext_artifact_paths"": ""/Users/frank/Library/CloudStorage/Dropbox/projects/psychedelics_knowledge_graph/data/processed/fulltext/articles/10_1192_j_eurpsy_2025_1310.json"", ""fields"": [""local_pdf_paths"", ""pdf_local_path""]}]",[],[],,container,10.1192/j.eurpsy.2025.1309,EPV0599 Depression and Suicide Risks Among Nurses at Sahloul University Hospital in Sousse (Tunisia),0.2358,refetch_europepmc_jats:12438473,quarantine_candidate_clear_candidate_references,[]
10.1192/j.eurpsy.2025.1342,"[""replaced""]",replaced_by_verified_exact_jats,/Users/frank/Library/CloudStorage/Dropbox/projects/psychedelics_knowledge_graph/data/processed/fulltext/articles/10_1192_j_eurpsy_2025_1342.json,europepmc_fulltext_xml,verified_exact_doi,/Users/frank/Library/CloudStorage/Dropbox/projects/psychedelics_knowledge_graph/data/processed/fulltext/source_identity_quarantine_20260710/replaced_artifacts/10_1192_j_eurpsy_2025_1342.json,grobid,/Users/frank/Library/CloudStorage/Dropbox/projects/psychedelics_knowledge_graph/data/raw/papers/disorder/pdfs/10.1192_j.eurpsy.2025.1342__fbdd846caf.pdf,False,True,/Users/frank/Library/CloudStorage/Dropbox/projects/psychedelics_knowledge_graph/data/raw/papers/pdfs/10.1192_j.eurpsy.2025.1342__fbdd846caf.pdf,c6c53f580bb2763091eeb5c6ada4ae09ec792bdfc0a0d3274cfc0a8ef08659e9,48372,[],"[{""row_index"": 39894, ""doi"": ""10.1192/j.eurpsy.2025.1342"", ""pdf_download_status"": ""already_present"", ""flag_has_local_pdf"": true, ""has_converted_full_text"": true, ""fulltext_artifact_paths"": ""/Users/frank/Library/CloudStorage/Dropbox/projects/psychedelics_knowledge_graph/data/processed/fulltext/articles/10_1192_j_eurpsy_2025_1342.json"", ""fields"": [""local_pdf_paths"", ""pdf_local_path""]}]",[],[],,unresolved,10.1192/j.eurpsy.2025.1341,EPV0640 Using computational psychiatry for identifying risk factors for depressive disorder,0.3421,refetch_europepmc_jats:12437483,quarantine_candidate_clear_candidate_references,[]
10.1192/j.eurpsy.2025.1344,"[""quarantined""]",quarantined_no_canonical_artifact,,,,/Users/frank/Library/CloudStorage/Dropbox/projects/psychedelics_knowledge_graph/data/processed/fulltext/source_identity_quarantine_20260710/quarantined_artifacts/10_1192_j_eurpsy_2025_1344.json,grobid,/Users/frank/Library/CloudStorage/Dropbox/projects/psychedelics_knowledge_graph/data/raw/papers/disorder/pdfs/10.1192_j.eurpsy.2025.1344__e9af35fb96.pdf,False,True,/Users/frank/Library/CloudStorage/Dropbox/projects/psychedelics_knowledge_graph/data/raw/papers/pdfs/10.1192_j.eurpsy.2025.1344__e9af35fb96.pdf,942d8cd5fc04d1b354a4cc9eca04901b7cbf6fac95b54674608ac91854db2381,36825,[],"[{""row_index"": 39895, ""doi"": ""10.1192/j.eurpsy.2025.1344"", ""pdf_download_status"": ""source_identity_quarantined"", ""flag_has_local_pdf"": false, ""has_converted_full_text"": false, ""fulltext_artifact_paths"": """", ""fields"": [""local_pdf_paths""]}]",[],"[""unsegmented_proceedings_container""]",proceedings_container,valid_exact,10.1192/j.eurpsy.2025.1344,,,keep_current_artifact,quarantine_candidate_clear_candidate_references,[]
10.1192/j.eurpsy.2025.1353,"[""replaced""]",replaced_by_verified_exact_jats,/Users/frank/Library/CloudStorage/Dropbox/projects/psychedelics_knowledge_graph/data/processed/fulltext/articles/10_1192_j_eurpsy_2025_1353.json,europepmc_fulltext_xml,verified_exact_doi,/Users/frank/Library/CloudStorage/Dropbox/projects/psychedelics_knowledge_graph/data/processed/fulltext/source_identity_quarantine_20260710/replaced_artifacts/10_1192_j_eurpsy_2025_1353.json,grobid,/Users/frank/Library/CloudStorage/Dropbox/projects/psychedelics_knowledge_graph/data/raw/papers/disorder/pdfs/10.1192_j.eurpsy.2025.1353__980a6376db.pdf,False,True,/Users/frank/Library/CloudStorage/Dropbox/projects/psychedelics_knowledge_graph/data/raw/papers/pdfs/10.1192_j.eurpsy.2025.1353__980a6376db.pdf,e36fc329fcca75ea4b4453440dcc190e4bfe7101fdf9fa21e9d4c76f484d0836,53440,[],"[{""row_index"": 39897, ""doi"": ""10.1192/j.eurpsy.2025.1353"", ""pdf_download_status"": ""already_present"", ""flag_has_local_pdf"": true, ""has_converted_full_text"": true, ""fulltext_artifact_paths"": ""/Users/frank/Library/CloudStorage/Dropbox/projects/psychedelics_knowledge_graph/data/processed/fulltext/articles/10_1192_j_eurpsy_2025_1353.json"", ""fields"": [""local_pdf_paths"", ""pdf_local_path""]}]",[],[],,container,10.1192/j.eurpsy.2025.1352,Depression and Acute Myocardial Infarction: What's New in Their Association?,0.2184,refetch_europepmc_jats:12436885,quarantine_candidate_clear_candidate_references,[]
10.1192/j.eurpsy.2025.1360,"[""quarantined""]",quarantined_no_canonical_artifact,,,,/Users/frank/Library/CloudStorage/Dropbox/projects/psychedelics_knowledge_graph/data/processed/fulltext/source_identity_quarantine_20260710/quarantined_artifacts/10_1192_j_eurpsy_2025_1360.json,grobid,/Users/frank/Library/CloudStorage/Dropbox/projects/psychedelics_knowledge_graph/data/raw/papers/disorder/pdfs/10.1192_j.eurpsy.2025.1360__1ed06e63d5.pdf,False,True,/Users/frank/Library/CloudStorage/Dropbox/projects/psychedelics_knowledge_graph/data/raw/papers/pdfs/10.1192_j.eurpsy.2025.1360__1ed06e63d5.pdf,ffd562994a7728cd5b02deab2d518808d78e72f2464ff37d776b0e57d93fa429,37465,[],"[{""row_index"": 39899, ""doi"": ""10.1192/j.eurpsy.2025.1360"", ""pdf_download_status"": ""source_identity_quarantined"", ""flag_has_local_pdf"": false, ""has_converted_full_text"": false, ""fulltext_artifact_paths"": """", ""fields"": [""local_pdf_paths""]}]",[],"[""unsegmented_proceedings_container""]",proceedings_container,,,,,,quarantine_candidate_clear_candidate_references,[]
10.1192/j.eurpsy.2025.1380,"[""replaced""]",replaced_by_verified_exact_jats,/Users/frank/Library/CloudStorage/Dropbox/projects/psychedelics_knowledge_graph/data/processed/fulltext/articles/10_1192_j_eurpsy_2025_1380.json,europepmc_fulltext_xml,verified_exact_doi,/Users/frank/Library/CloudStorage/Dropbox/projects/psychedelics_knowledge_graph/data/processed/fulltext/source_identity_quarantine_20260710/replaced_artifacts/10_1192_j_eurpsy_2025_1380.json,grobid,/Users/frank/Library/CloudStorage/Dropbox/projects/psychedelics_knowledge_graph/data/raw/papers/disorder/pdfs/10.1192_j.eurpsy.2025.1380__487c6e5558.pdf,False,True,/Users/frank/Library/CloudStorage/Dropbox/projects/psychedelics_knowledge_graph/data/raw/papers/pdfs/10.1192_j.eurpsy.2025.1380__487c6e5558.pdf,4b11253c6dbb8584ed135b52e7ec4f2312e0ef6f69eae86fa3c2417ad42eb52d,1148154,[],"[{""row_index"": 39901, ""doi"": ""10.1192/j.eurpsy.2025.1380"", ""pdf_download_status"": ""already_present"", ""flag_has_local_pdf"": true, ""has_converted_full_text"": true, ""fulltext_artifact_paths"": ""/Users/frank/Library/CloudStorage/Dropbox/projects/psychedelics_knowledge_graph/data/processed/fulltext/articles/10_1192_j_eurpsy_2025_1380.json"", ""fields"": [""local_pdf_paths"", ""pdf_local_path""]}]",[],[],,container,10.1192/j.eurpsy.2025.1379,Pharmacological management of late-onset major depression -Evidence-based approaches from the first episode to treatment-resistant cases,0.2044,refetch_europepmc_jats:12438686,quarantine_candidate_clear_candidate_references,[]
10.1192/j.eurpsy.2025.1396,"[""quarantined""]",quarantined_no_canonical_artifact,,,,/Users/frank/Library/CloudStorage/Dropbox/projects/psychedelics_knowledge_graph/data/processed/fulltext/source_identity_quarantine_20260710/quarantined_artifacts/10_1192_j_eurpsy_2025_1396.json,grobid,/Users/frank/Library/CloudStorage/Dropbox/projects/psychedelics_knowledge_graph/data/raw/papers/disorder/pdfs/10.1192_j.eurpsy.2025.1396__b0a5ca6cc1.pdf,False,True,/Users/frank/Library/CloudStorage/Dropbox/projects/psychedelics_knowledge_graph/data/raw/papers/pdfs/10.1192_j.eurpsy.2025.1396__b0a5ca6cc1.pdf,dd19eb74a8730b88c67f24bb99a347e5e3bc326e29c1119a47a22f2836b5d270,40682,[],"[{""row_index"": 39904, ""doi"": ""10.1192/j.eurpsy.2025.1396"", ""pdf_download_status"": ""source_identity_quarantined"", ""flag_has_local_pdf"": false, ""has_converted_full_text"": false, ""fulltext_artifact_paths"": """", ""fields"": [""local_pdf_paths""]}]",[],"[""target_text_with_conflicting_doi"", ""unsegmented_proceedings_container""]",proceedings_container,valid_known_alias,10.3109/01460862.2013.779764,"Dying to be Thin: The complex relationship between Eating Disorders, Epilepsy and Treatment Resistant Depression",1.0,keep_current_artifact,quarantine_candidate_clear_candidate_references,[]
10.1192/j.eurpsy.2025.14,"[""quarantined""]",quarantined_no_canonical_artifact,,,,/Users/frank/Library/CloudStorage/Dropbox/projects/psychedelics_knowledge_graph/data/processed/fulltext/source_identity_quarantine_20260710/quarantined_artifacts/10_1192_j_eurpsy_2025_14.json,grobid,/Users/frank/Library/CloudStorage/Dropbox/projects/psychedelics_knowledge_graph/data/raw/papers/pdfs/10.1192_j.eurpsy.2025.14__a5697b97be.pdf,False,,,,0,[],[],[],"[""unsegmented_proceedings_container""]",proceedings_container,valid_exact,,Sleep-administered ketamine/psychedelics: A streamlined strategy to address two challenges in research on ketamine and psychedelics,1.0,keep_current_artifact,no_active_pdf,
10.1192/j.eurpsy.2025.1415,"[""quarantined""]",quarantined_no_canonical_artifact,,,,/Users/frank/Library/CloudStorage/Dropbox/projects/psychedelics_knowledge_graph/data/processed/fulltext/source_identity_quarantine_20260710/quarantined_artifacts/10_1192_j_eurpsy_2025_1415.json,grobid,/Users/frank/Library/CloudStorage/Dropbox/projects/psychedelics_knowledge_graph/data/raw/papers/disorder/pdfs/10.1192_j.eurpsy.2025.1415__9bd5386bda.pdf,False,True,/Users/frank/Library/CloudStorage/Dropbox/projects/psychedelics_knowledge_graph/data/raw/papers/pdfs/10.1192_j.eurpsy.2025.1415__9bd5386bda.pdf,52e807b6fa57da6fb63bb5181f67a6319586254335fe21a9fc44106a4e23353a,38615,[],"[{""row_index"": 39906, ""doi"": ""10.1192/j.eurpsy.2025.1415"", ""pdf_download_status"": ""source_identity_quarantined"", ""flag_has_local_pdf"": false, ""has_converted_full_text"": false, ""fulltext_artifact_paths"": """", ""fields"": [""local_pdf_paths""]}]",[],"[""unsegmented_proceedings_container""]",proceedings_container,valid_exact,10.1192/j.eurpsy.2025.1415,Pharmacological treatments for eating disorders -How far are we from new solutions?,1.0,keep_current_artifact,quarantine_candidate_clear_candidate_references,[]
10.1192/j.eurpsy.2025.2101,"[""quarantined""]",quarantined_no_canonical_artifact,,,,/Users/frank/Library/CloudStorage/Dropbox/projects/psychedelics_knowledge_graph/data/processed/fulltext/source_identity_quarantine_20260710/quarantined_artifacts/10_1192_j_eurpsy_2025_2101.json,grobid,/Users/frank/Library/CloudStorage/Dropbox/projects/psychedelics_knowledge_graph/data/raw/papers/disorder/pdfs/10.1192_j.eurpsy.2025.2101__a684625f48.pdf,False,True,/Users/frank/Library/CloudStorage/Dropbox/projects/psychedelics_knowledge_graph/data/raw/papers/pdfs/10.1192_j.eurpsy.2025.2101__a684625f48.pdf,9b969cedacdb44af50d7623a5d5f5bbdeab70f75716ac1b45bca4da6683026ac,38593,[],"[{""row_index"": 39922, ""doi"": ""10.1192/j.eurpsy.2025.2101"", ""pdf_download_status"": ""source_identity_quarantined"", ""flag_has_local_pdf"": false, ""has_converted_full_text"": false, ""fulltext_artifact_paths"": """", ""fields"": [""local_pdf_paths""]}]",[],"[""unsegmented_proceedings_container""]",proceedings_container,valid_exact,10.1192/j.eurpsy.2025.2101,MM120 demonstrates no evidence of abuse potential in rodent preclinical studies,1.0,keep_current_artifact,quarantine_candidate_clear_candidate_references,[]
10.1192/j.eurpsy.2025.2107,"[""quarantined""]",quarantined_no_canonical_artifact,,,,/Users/frank/Library/CloudStorage/Dropbox/projects/psychedelics_knowledge_graph/data/processed/fulltext/source_identity_quarantine_20260710/quarantined_artifacts/10_1192_j_eurpsy_2025_2107.json,grobid,/Users/frank/Library/CloudStorage/Dropbox/projects/psychedelics_knowledge_graph/data/raw/papers/disorder/pdfs/10.1192_j.eurpsy.2025.2107__f8aca9467b.pdf,False,True,/Users/frank/Library/CloudStorage/Dropbox/projects/psychedelics_knowledge_graph/data/raw/papers/pdfs/10.1192_j.eurpsy.2025.2107__f8aca9467b.pdf,c5bede65501f46700ae1abe13a13118fd26ffc3ceaacae4275b3fd052c56317d,55649,[],"[{""row_index"": 39923, ""doi"": ""10.1192/j.eurpsy.2025.2107"", ""pdf_download_status"": ""source_identity_quarantined"", ""flag_has_local_pdf"": false, ""has_converted_full_text"": false, ""fulltext_artifact_paths"": """", ""fields"": [""local_pdf_paths""]}]",[],"[""identity_mismatch"", ""unsegmented_proceedings_container""]",proceedings_container,,,,,,quarantine_candidate_clear_candidate_references,[]
10.1192/j.eurpsy.2025.2110,"[""replaced""]",replaced_by_verified_exact_jats,/Users/frank/Library/CloudStorage/Dropbox/projects/psychedelics_knowledge_graph/data/processed/fulltext/articles/10_1192_j_eurpsy_2025_2110.json,europepmc_fulltext_xml,verified_exact_doi,/Users/frank/Library/CloudStorage/Dropbox/projects/psychedelics_knowledge_graph/data/processed/fulltext/source_identity_quarantine_20260710/replaced_artifacts/10_1192_j_eurpsy_2025_2110.json,grobid,/Users/frank/Library/CloudStorage/Dropbox/projects/psychedelics_knowledge_graph/data/raw/papers/disorder/pdfs/10.1192_j.eurpsy.2025.2110__36d953a84b.pdf,False,True,/Users/frank/Library/CloudStorage/Dropbox/projects/psychedelics_knowledge_graph/data/raw/papers/pdfs/10.1192_j.eurpsy.2025.2110__36d953a84b.pdf,2b366f7efc6204da23572c8d20e9e07cb64116b889367e60945a13734483cb9c,39793,[],"[{""row_index"": 39924, ""doi"": ""10.1192/j.eurpsy.2025.2110"", ""pdf_download_status"": ""downloaded"", ""flag_has_local_pdf"": true, ""has_converted_full_text"": true, ""fulltext_artifact_paths"": ""/Users/frank/Library/CloudStorage/Dropbox/projects/psychedelics_knowledge_graph/data/processed/fulltext/articles/10_1192_j_eurpsy_2025_2110.json"", ""fields"": [""local_pdf_paths"", ""pdf_local_path""]}]",[],[],,container,10.1192/j.eurpsy.2025.2109,Oculogyric Crisis and Suicidal Ideations in a Patient with Schizophrenia: A Case Report with Pharmacogenetic Findings,0.2567,refetch_europepmc_jats:12420245,quarantine_candidate_clear_candidate_references,[]
10.1192/j.eurpsy.2025.273,"[""quarantined""]",quarantined_no_canonical_artifact,,,,/Users/frank/Library/CloudStorage/Dropbox/projects/psychedelics_knowledge_graph/data/processed/fulltext/source_identity_quarantine_20260710/quarantined_artifacts/10_1192_j_eurpsy_2025_273.json,grobid,/Users/frank/Library/CloudStorage/Dropbox/projects/psychedelics_knowledge_graph/data/raw/papers/disorder/pdfs/10.1192_j.eurpsy.2025.273__37ca51a4b9.pdf,False,True,/Users/frank/Library/CloudStorage/Dropbox/projects/psychedelics_knowledge_graph/data/raw/papers/pdfs/10.1192_j.eurpsy.2025.273__37ca51a4b9.pdf,bf9d024596a57203f2e416bc4fc9db4490d6bce03464a4aca96d98b55cc10bc1,382016,[],"[{""row_index"": 39931, ""doi"": ""10.1192/j.eurpsy.2025.273"", ""pdf_download_status"": ""source_identity_quarantined"", ""flag_has_local_pdf"": false, ""has_converted_full_text"": false, ""fulltext_artifact_paths"": """", ""fields"": [""local_pdf_paths""]}]",[],"[""unsegmented_proceedings_container""]",proceedings_container,valid_exact,10.1192/j.eurpsy.2025.273,Obsessive-Compulsive Disorder O005 Effectiveness of Repeated Ketamine Infusions in Treatment Non-Responding Obsessive Compulsive Disorder: a Randomised Controlled Trial,0.9286,keep_current_artifact,quarantine_candidate_clear_candidate_references,[]
10.1192/j.eurpsy.2025.289,"[""replaced""]",replaced_by_verified_exact_jats,/Users/frank/Library/CloudStorage/Dropbox/projects/psychedelics_knowledge_graph/data/processed/fulltext/articles/10_1192_j_eurpsy_2025_289.json,europepmc_fulltext_xml,verified_exact_doi,/Users/frank/Library/CloudStorage/Dropbox/projects/psychedelics_knowledge_graph/data/processed/fulltext/source_identity_quarantine_20260710/replaced_artifacts/10_1192_j_eurpsy_2025_289.json,grobid,/Users/frank/Library/CloudStorage/Dropbox/projects/psychedelics_knowledge_graph/data/raw/papers/disorder/pdfs/10.1192_j.eurpsy.2025.289__0fbf1eae87.pdf,False,True,/Users/frank/Library/CloudStorage/Dropbox/projects/psychedelics_knowledge_graph/data/raw/papers/pdfs/10.1192_j.eurpsy.2025.289__0fbf1eae87.pdf,96409b30bd6b81c78d3aace1c5bb96eb95c706a6bae7b9e1858a658519a08c17,79793,[],"[{""row_index"": 39934, ""doi"": ""10.1192/j.eurpsy.2025.289"", ""pdf_download_status"": ""downloaded"", ""flag_has_local_pdf"": true, ""has_converted_full_text"": true, ""fulltext_artifact_paths"": ""/Users/frank/Library/CloudStorage/Dropbox/projects/psychedelics_knowledge_graph/data/processed/fulltext/articles/10_1192_j_eurpsy_2025_289.json"", ""fields"": [""local_pdf_paths"", ""pdf_local_path""]}]",[],[],,container,10.1192/j.eurpsy.2025.288,"Affective Go/NoGo fMRI study of adults living with ADHD reveals differential BOLD activation in ACC, insula, and secondary visual cortex",0.1352,refetch_europepmc_jats:12437882,quarantine_candidate_clear_candidate_references,[]
10.1192/j.eurpsy.2025.347,"[""quarantined""]",quarantined_no_canonical_artifact,,,,/Users/frank/Library/CloudStorage/Dropbox/projects/psychedelics_knowledge_graph/data/processed/fulltext/source_identity_quarantine_20260710/quarantined_artifacts/10_1192_j_eurpsy_2025_347.json,grobid,/Users/frank/Library/CloudStorage/Dropbox/projects/psychedelics_knowledge_graph/data/raw/papers/disorder/pdfs/10.1192_j.eurpsy.2025.347__9e97fd5af4.pdf,False,True,/Users/frank/Library/CloudStorage/Dropbox/projects/psychedelics_knowledge_graph/data/raw/papers/pdfs/10.1192_j.eurpsy.2025.347__9e97fd5af4.pdf,340fe8dd692c77fad406fc6384f5a9389c6e7765341cd80bf32ec53c6b847494,62655,[],"[{""row_index"": 39937, ""doi"": ""10.1192/j.eurpsy.2025.347"", ""pdf_download_status"": ""source_identity_quarantined"", ""flag_has_local_pdf"": false, ""has_converted_full_text"": false, ""fulltext_artifact_paths"": """", ""fields"": [""local_pdf_paths""]}]",[],"[""identity_mismatch"", ""unsegmented_proceedings_container""]",proceedings_container,,,,,,quarantine_candidate_clear_candidate_references,[]
10.1192/j.eurpsy.2025.350,"[""quarantined""]",quarantined_no_canonical_artifact,,,,/Users/frank/Library/CloudStorage/Dropbox/projects/psychedelics_knowledge_graph/data/processed/fulltext/source_identity_quarantine_20260710/quarantined_artifacts/10_1192_j_eurpsy_2025_350.json,grobid,/Users/frank/Library/CloudStorage/Dropbox/projects/psychedelics_knowledge_graph/data/raw/papers/disorder/pdfs/10.1192_j.eurpsy.2025.350__214a9a2bc6.pdf,False,True,/Users/frank/Library/CloudStorage/Dropbox/projects/psychedelics_knowledge_graph/data/raw/papers/pdfs/10.1192_j.eurpsy.2025.350__214a9a2bc6.pdf,c1a1bd34fedfcf116300f49f6bca27bf92bf1338fc3cc49baf97f4cbf7cae9a3,58264,[],"[{""row_index"": 39938, ""doi"": ""10.1192/j.eurpsy.2025.350"", ""pdf_download_status"": ""source_identity_quarantined"", ""flag_has_local_pdf"": false, ""has_converted_full_text"": false, ""fulltext_artifact_paths"": """", ""fields"": [""local_pdf_paths""]}]",[],"[""unsegmented_proceedings_container""]",proceedings_container,valid_exact,10.1192/j.eurpsy.2025.350,Response to Ketamine Therapy in Anxious and Non-Anxious Major Depressive Disorder: A Meta-Analysis of Clinical Trials,1.0,keep_current_artifact,quarantine_candidate_clear_candidate_references,[]
10.1192/j.eurpsy.2025.466,"[""quarantined""]",quarantined_no_canonical_artifact,,,,/Users/frank/Library/CloudStorage/Dropbox/projects/psychedelics_knowledge_graph/data/processed/fulltext/source_identity_quarantine_20260710/quarantined_artifacts/10_1192_j_eurpsy_2025_466.json,grobid,/Users/frank/Library/CloudStorage/Dropbox/projects/psychedelics_knowledge_graph/data/raw/papers/disorder/pdfs/10.1192_j.eurpsy.2025.466__28cc1aeb96.pdf,False,True,/Users/frank/Library/CloudStorage/Dropbox/projects/psychedelics_knowledge_graph/data/raw/papers/pdfs/10.1192_j.eurpsy.2025.466__28cc1aeb96.pdf,1d2d57554c10e07a5e90283cf255745b4b7733abd56616efd98c50b46119c3a0,53519,[],"[{""row_index"": 39945, ""doi"": ""10.1192/j.eurpsy.2025.466"", ""pdf_download_status"": ""source_identity_quarantined"", ""flag_has_local_pdf"": false, ""has_converted_full_text"": false, ""fulltext_artifact_paths"": """", ""fields"": [""local_pdf_paths""]}]",[],"[""identity_mismatch"", ""unsegmented_proceedings_container""]",proceedings_container,,,,,,quarantine_candidate_clear_candidate_references,[]
10.1192/j.eurpsy.2025.471,"[""quarantined""]",quarantined_no_canonical_artifact,,,,/Users/frank/Library/CloudStorage/Dropbox/projects/psychedelics_knowledge_graph/data/processed/fulltext/source_identity_quarantine_20260710/quarantined_artifacts/10_1192_j_eurpsy_2025_471.json,grobid,/Users/frank/Library/CloudStorage/Dropbox/projects/psychedelics_knowledge_graph/data/raw/papers/disorder/pdfs/10.1192_j.eurpsy.2025.471__b92aefc278.pdf,False,True,/Users/frank/Library/CloudStorage/Dropbox/projects/psychedelics_knowledge_graph/data/raw/papers/pdfs/10.1192_j.eurpsy.2025.471__b92aefc278.pdf,ff8abb552a91764c86c1394f8e54978f7a8b777f16a114de08c86db58fdeeca8,141064,[],"[{""row_index"": 39946, ""doi"": ""10.1192/j.eurpsy.2025.471"", ""pdf_download_status"": ""source_identity_quarantined"", ""flag_has_local_pdf"": false, ""has_converted_full_text"": false, ""fulltext_artifact_paths"": """", ""fields"": [""local_pdf_paths""]}]",[],"[""unsegmented_proceedings_container""]",proceedings_container,,,,,,quarantine_candidate_clear_candidate_references,[]
10.1192/j.eurpsy.2025.525,"[""quarantined""]",quarantined_no_canonical_artifact,,,,/Users/frank/Library/CloudStorage/Dropbox/projects/psychedelics_knowledge_graph/data/processed/fulltext/source_identity_quarantine_20260710/quarantined_artifacts/10_1192_j_eurpsy_2025_525.json,grobid,/Users/frank/Library/CloudStorage/Dropbox/projects/psychedelics_knowledge_graph/data/raw/papers/disorder/pdfs/10.1192_j.eurpsy.2025.525__c3b6b49bf7.pdf,False,True,/Users/frank/Library/CloudStorage/Dropbox/projects/psychedelics_knowledge_graph/data/raw/papers/pdfs/10.1192_j.eurpsy.2025.525__c3b6b49bf7.pdf,5e5df744ef3c409a16a7cc075dfb7558878e8c9bb392a7251ad3b6b31bdbf9aa,2402686,[],"[{""row_index"": 39949, ""doi"": ""10.1192/j.eurpsy.2025.525"", ""pdf_download_status"": ""source_identity_quarantined"", ""flag_has_local_pdf"": false, ""has_converted_full_text"": false, ""fulltext_artifact_paths"": """", ""fields"": [""local_pdf_paths""]}]",[],"[""unsegmented_proceedings_container""]",proceedings_container,valid_exact,10.1192/j.eurpsy.2025.525,"Altered resting-state functional connectivity of the salience network in patients with schizophrenia, with or without cannabis use disorder",1.0,keep_current_artifact,quarantine_candidate_clear_candidate_references,[]
10.1192/j.eurpsy.2025.678,"[""replaced""]",replaced_by_verified_exact_jats,/Users/frank/Library/CloudStorage/Dropbox/projects/psychedelics_knowledge_graph/data/processed/fulltext/articles/10_1192_j_eurpsy_2025_678.json,europepmc_fulltext_xml,verified_exact_doi,/Users/frank/Library/CloudStorage/Dropbox/projects/psychedelics_knowledge_graph/data/processed/fulltext/source_identity_quarantine_20260710/replaced_artifacts/10_1192_j_eurpsy_2025_678.json,grobid,/Users/frank/Library/CloudStorage/Dropbox/projects/psychedelics_knowledge_graph/data/raw/papers/disorder/pdfs/10.1192_j.eurpsy.2025.678__e2482c647a.pdf,False,True,/Users/frank/Library/CloudStorage/Dropbox/projects/psychedelics_knowledge_graph/data/raw/papers/pdfs/10.1192_j.eurpsy.2025.678__e2482c647a.pdf,0125811d422c91313f7933aa3007d191a7a30ecfcc78edb87a39052cf42fc59b,56713,[],"[{""row_index"": 39958, ""doi"": ""10.1192/j.eurpsy.2025.678"", ""pdf_download_status"": ""downloaded"", ""flag_has_local_pdf"": true, ""has_converted_full_text"": true, ""fulltext_artifact_paths"": ""/Users/frank/Library/CloudStorage/Dropbox/projects/psychedelics_knowledge_graph/data/processed/fulltext/articles/10_1192_j_eurpsy_2025_678.json"", ""fields"": [""local_pdf_paths"", ""pdf_local_path""]}]",[],[],,container,10.1192/j.eurpsy.2025.677,"Examining the Relationship Between Depression, Rumination, and Anxiety: Insights from the DiSCoVeR Trial",0.3116,refetch_europepmc_jats:12437079,quarantine_candidate_clear_candidate_references,[]
10.1192/j.eurpsy.2025.684,"[""quarantined""]",quarantined_no_canonical_artifact,,,,/Users/frank/Library/CloudStorage/Dropbox/projects/psychedelics_knowledge_graph/data/processed/fulltext/source_identity_quarantine_20260710/quarantined_artifacts/10_1192_j_eurpsy_2025_684.json,grobid,/Users/frank/Library/CloudStorage/Dropbox/projects/psychedelics_knowledge_graph/data/raw/papers/disorder/pdfs/10.1192_j.eurpsy.2025.684__855a6244d9.pdf,False,True,/Users/frank/Library/CloudStorage/Dropbox/projects/psychedelics_knowledge_graph/data/raw/papers/pdfs/10.1192_j.eurpsy.2025.684__855a6244d9.pdf,bf92d6c8de0917f1a227f0ba6da2fce1de0836f13fd2c45d2baf7a48c843b94e,122742,[],"[{""row_index"": 39959, ""doi"": ""10.1192/j.eurpsy.2025.684"", ""pdf_download_status"": ""source_identity_quarantined"", ""flag_has_local_pdf"": false, ""has_converted_full_text"": false, ""fulltext_artifact_paths"": """", ""fields"": [""local_pdf_paths""]}]",[],"[""unsegmented_proceedings_container""]",proceedings_container,,,,,,quarantine_candidate_clear_candidate_references,[]
10.1192/j.eurpsy.2025.710,"[""quarantined""]",quarantined_no_canonical_artifact,,,,/Users/frank/Library/CloudStorage/Dropbox/projects/psychedelics_knowledge_graph/data/processed/fulltext/source_identity_quarantine_20260710/quarantined_artifacts/10_1192_j_eurpsy_2025_710.json,grobid,/Users/frank/Library/CloudStorage/Dropbox/projects/psychedelics_knowledge_graph/data/raw/papers/disorder/pdfs/10.1192_j.eurpsy.2025.710__45273da852.pdf,False,True,/Users/frank/Library/CloudStorage/Dropbox/projects/psychedelics_knowledge_graph/data/raw/papers/pdfs/10.1192_j.eurpsy.2025.710__45273da852.pdf,ccbb544ad35732337755f6c267ecf7e3373f220c76f2b7a4058dadb24a3c30e9,44037,[],"[{""row_index"": 39962, ""doi"": ""10.1192/j.eurpsy.2025.710"", ""pdf_download_status"": ""source_identity_quarantined"", ""flag_has_local_pdf"": false, ""has_converted_full_text"": false, ""fulltext_artifact_paths"": """", ""fields"": [""local_pdf_paths""]}]",[],"[""unsegmented_proceedings_container""]",proceedings_container,valid_exact,10.1192/j.eurpsy.2025.710,"Reconsidering evidence for psychedelic-induced psychosis: An overview of reviews, a systematic review, and meta-analysis of human studies",1.0,keep_current_artifact,quarantine_candidate_clear_candidate_references,[]
10.1192/j.eurpsy.2025.857,"[""quarantined""]",quarantined_no_canonical_artifact,,,,/Users/frank/Library/CloudStorage/Dropbox/projects/psychedelics_knowledge_graph/data/processed/fulltext/source_identity_quarantine_20260710/quarantined_artifacts/10_1192_j_eurpsy_2025_857.json,grobid,/Users/frank/Library/CloudStorage/Dropbox/projects/psychedelics_knowledge_graph/data/raw/papers/disorder/pdfs/10.1192_j.eurpsy.2025.857__b256beb0ff.pdf,False,True,/Users/frank/Library/CloudStorage/Dropbox/projects/psychedelics_knowledge_graph/data/raw/papers/pdfs/10.1192_j.eurpsy.2025.857__b256beb0ff.pdf,488a8c0b965f7bf06fe77685ac3e5431aaa28d91c5064b2156bd5b92336b5410,64289,[],"[{""row_index"": 39964, ""doi"": ""10.1192/j.eurpsy.2025.857"", ""pdf_download_status"": ""source_identity_quarantined"", ""flag_has_local_pdf"": false, ""has_converted_full_text"": false, ""fulltext_artifact_paths"": """", ""fields"": [""local_pdf_paths""]}]",[],"[""unsegmented_proceedings_container""]",proceedings_container,,,,,,quarantine_candidate_clear_candidate_references,[]
10.1192/j.eurpsy.2025.861,"[""quarantined""]",quarantined_no_canonical_artifact,,,,/Users/frank/Library/CloudStorage/Dropbox/projects/psychedelics_knowledge_graph/data/processed/fulltext/source_identity_quarantine_20260710/quarantined_artifacts/10_1192_j_eurpsy_2025_861.json,grobid,/Users/frank/Library/CloudStorage/Dropbox/projects/psychedelics_knowledge_graph/data/raw/papers/disorder/pdfs/10.1192_j.eurpsy.2025.861__3854cba062.pdf,False,True,/Users/frank/Library/CloudStorage/Dropbox/projects/psychedelics_knowledge_graph/data/raw/papers/pdfs/10.1192_j.eurpsy.2025.861__3854cba062.pdf,182a5c1eb46afb7ba2e1c0a861bab82eef7c20fae93a2406657dbf0ad97dab1b,236422,[],"[{""row_index"": 39965, ""doi"": ""10.1192/j.eurpsy.2025.861"", ""pdf_download_status"": ""source_identity_quarantined"", ""flag_has_local_pdf"": false, ""has_converted_full_text"": false, ""fulltext_artifact_paths"": """", ""fields"": [""local_pdf_paths""]}]",[],"[""unsegmented_proceedings_container""]",proceedings_container,valid_exact,10.1192/j.eurpsy.2025.861,EPP654 Outcomes with esketamine nasal spray in patients with or without earlier partial or full response: post hoc analyses of ESCAPE TRD,0.9738,keep_current_artifact,quarantine_candidate_clear_candidate_references,[]
10.1192/j.eurpsy.2025.864,"[""quarantined""]",quarantined_no_canonical_artifact,,,,/Users/frank/Library/CloudStorage/Dropbox/projects/psychedelics_knowledge_graph/data/processed/fulltext/source_identity_quarantine_20260710/quarantined_artifacts/10_1192_j_eurpsy_2025_864.json,grobid,/Users/frank/Library/CloudStorage/Dropbox/projects/psychedelics_knowledge_graph/data/raw/papers/disorder/pdfs/10.1192_j.eurpsy.2025.864__460ac65fc7.pdf,False,True,/Users/frank/Library/CloudStorage/Dropbox/projects/psychedelics_knowledge_graph/data/raw/papers/pdfs/10.1192_j.eurpsy.2025.864__460ac65fc7.pdf,3d760806e3b242dc91e25d69a87efc1a84351443726a1d287f3f8a067d2d85e6,57971,[],"[{""row_index"": 39966, ""doi"": ""10.1192/j.eurpsy.2025.864"", ""pdf_download_status"": ""source_identity_quarantined"", ""flag_has_local_pdf"": false, ""has_converted_full_text"": false, ""fulltext_artifact_paths"": """", ""fields"": [""local_pdf_paths""]}]",[],"[""target_text_with_conflicting_doi"", ""unsegmented_proceedings_container""]",proceedings_container,,,,,,quarantine_candidate_clear_candidate_references,[]
10.1192/j.eurpsy.2025.926,"[""quarantined""]",quarantined_no_canonical_artifact,,,,/Users/frank/Library/CloudStorage/Dropbox/projects/psychedelics_knowledge_graph/data/processed/fulltext/source_identity_quarantine_20260710/quarantined_artifacts/10_1192_j_eurpsy_2025_926.json,grobid,/Users/frank/Library/CloudStorage/Dropbox/projects/psychedelics_knowledge_graph/data/raw/papers/disorder/pdfs/10.1192_j.eurpsy.2025.926__9e0326d442.pdf,False,True,/Users/frank/Library/CloudStorage/Dropbox/projects/psychedelics_knowledge_graph/data/raw/papers/pdfs/10.1192_j.eurpsy.2025.926__9e0326d442.pdf,d1a4ff16accb5140ca7e9eef923400abf61f7ee904a816df3016d2de2d473ada,42047,[],"[{""row_index"": 39968, ""doi"": ""10.1192/j.eurpsy.2025.926"", ""pdf_download_status"": ""source_identity_quarantined"", ""flag_has_local_pdf"": false, ""has_converted_full_text"": false, ""fulltext_artifact_paths"": """", ""fields"": [""local_pdf_paths""]}]",[],"[""unsegmented_proceedings_container""]",proceedings_container,valid_exact,10.1192/j.eurpsy.2025.926,Psilocybin: Systematic review of its use in the treatment of depression,1.0,keep_current_artifact,quarantine_candidate_clear_candidate_references,[]
10.1192/j.eurpsy.2025.969,"[""quarantined""]",quarantined_no_canonical_artifact,,,,/Users/frank/Library/CloudStorage/Dropbox/projects/psychedelics_knowledge_graph/data/processed/fulltext/source_identity_quarantine_20260710/quarantined_artifacts/10_1192_j_eurpsy_2025_969.json,grobid,/Users/frank/Library/CloudStorage/Dropbox/projects/psychedelics_knowledge_graph/data/raw/papers/disorder/pdfs/10.1192_j.eurpsy.2025.969__9bcf7bf352.pdf,False,True,/Users/frank/Library/CloudStorage/Dropbox/projects/psychedelics_knowledge_graph/data/raw/papers/pdfs/10.1192_j.eurpsy.2025.969__9bcf7bf352.pdf,b48ffb751dfd07e1bb9b0047533e39f3189afe7d2ea9ff974098d30f4fa69345,37225,[],"[{""row_index"": 39971, ""doi"": ""10.1192/j.eurpsy.2025.969"", ""pdf_download_status"": ""source_identity_quarantined"", ""flag_has_local_pdf"": false, ""has_converted_full_text"": false, ""fulltext_artifact_paths"": """", ""fields"": [""local_pdf_paths""]}]",[],"[""unsegmented_proceedings_container""]",proceedings_container,valid_exact,10.1192/j.eurpsy.2025.969,Efficacy of Topiramate in Treating Methamphetamine Use Disorder: A Systematic Review and Meta-Analysis of Randomized Controlled Trials,1.0,keep_current_artifact,quarantine_candidate_clear_candidate_references,[]
10.1192/j.eurpsy.2025.976,"[""replaced""]",replaced_by_verified_exact_jats,/Users/frank/Library/CloudStorage/Dropbox/projects/psychedelics_knowledge_graph/data/processed/fulltext/articles/10_1192_j_eurpsy_2025_976.json,europepmc_fulltext_xml,verified_exact_doi,/Users/frank/Library/CloudStorage/Dropbox/projects/psychedelics_knowledge_graph/data/processed/fulltext/source_identity_quarantine_20260710/replaced_artifacts/10_1192_j_eurpsy_2025_976.json,grobid,/Users/frank/Library/CloudStorage/Dropbox/projects/psychedelics_knowledge_graph/data/raw/papers/disorder/pdfs/10.1192_j.eurpsy.2025.976__391bfca820.pdf,False,True,/Users/frank/Library/CloudStorage/Dropbox/projects/psychedelics_knowledge_graph/data/raw/papers/pdfs/10.1192_j.eurpsy.2025.976__391bfca820.pdf,4047ebb99c25387ffd14c3247b4dc6513c4cd7e64f292e7f605fde1c208f510c,43016,[],"[{""row_index"": 39972, ""doi"": ""10.1192/j.eurpsy.2025.976"", ""pdf_download_status"": ""already_present"", ""flag_has_local_pdf"": true, ""has_converted_full_text"": true, ""fulltext_artifact_paths"": ""/Users/frank/Library/CloudStorage/Dropbox/projects/psychedelics_knowledge_graph/data/processed/fulltext/articles/10_1192_j_eurpsy_2025_976.json"", ""fields"": [""local_pdf_paths"", ""pdf_local_path""]}]",[],[],,unresolved,10.1192/j.eurpsy.2025.975,EPV0086 Internet Addiction among Students: cross-sectional study,0.2906,refetch_europepmc_jats:12437110,quarantine_candidate_clear_candidate_references,[]
10.1192/j.eurpsy.2025.989,"[""replaced""]",replaced_by_verified_exact_jats,/Users/frank/Library/CloudStorage/Dropbox/projects/psychedelics_knowledge_graph/data/processed/fulltext/articles/10_1192_j_eurpsy_2025_989.json,europepmc_fulltext_xml,verified_exact_doi,/Users/frank/Library/CloudStorage/Dropbox/projects/psychedelics_knowledge_graph/data/processed/fulltext/source_identity_quarantine_20260710/replaced_artifacts/10_1192_j_eurpsy_2025_989.json,grobid,/Users/frank/Library/CloudStorage/Dropbox/projects/psychedelics_knowledge_graph/data/raw/papers/pdfs/10.1192_j.eurpsy.2025.989__c57831eb50.pdf,True,True,/Users/frank/Library/CloudStorage/Dropbox/projects/psychedelics_knowledge_graph/data/raw/papers/pdfs/10.1192_j.eurpsy.2025.989__c57831eb50.pdf,c469630888500db5f722a317ce4f778efd281d28b72d1fe6116b2e5452b2ac4b,55881,[],"[{""row_index"": 39974, ""doi"": ""10.1192/j.eurpsy.2025.989"", ""pdf_download_status"": ""skipped"", ""flag_has_local_pdf"": true, ""has_converted_full_text"": true, ""fulltext_artifact_paths"": ""/Users/frank/Library/CloudStorage/Dropbox/projects/psychedelics_knowledge_graph/data/processed/fulltext/articles/10_1192_j_eurpsy_2025_989.json"", ""fields"": [""local_pdf_paths"", ""pdf_local_path""]}]",[],[],,container,10.1192/j.eurpsy.2025.987,"Conclusions: Given the potential negative impacts on mental and physical health, it is crucial for healthcare institutions to implement strategies that promote balanced technology use and raise awareness about the risks associated with addiction. Addressing these issues can ultimately enhance the well-being of medical professionals, fostering a healthier work environment conducive to effective patient care",0.0115,refetch_europepmc_jats:12437014,quarantine_candidate_clear_candidate_references,[]
10.1192/j.eurpsy.2026.10157,"[""quarantined""]",quarantined_no_canonical_artifact,,,,/Users/frank/Library/CloudStorage/Dropbox/projects/psychedelics_knowledge_graph/data/processed/fulltext/source_identity_quarantine_20260710/quarantined_artifacts/10_1192_j_eurpsy_2026_10157.json,grobid,/Users/frank/Library/CloudStorage/Dropbox/projects/psychedelics_knowledge_graph/data/raw/papers/disorder/pdfs/10.1192_j.eurpsy.2026.10157__996463cb99.pdf,False,True,/Users/frank/Library/CloudStorage/Dropbox/projects/psychedelics_knowledge_graph/data/raw/papers/pdfs/10.1192_j.eurpsy.2026.10157__996463cb99.pdf,e36f9b600dcb1a96116ebc2ad9750de5b802b446a9e4571e8053af98d8bb031b,653150,[],"[{""row_index"": 39975, ""doi"": ""10.1192/j.eurpsy.2026.10157"", ""pdf_download_status"": ""source_identity_quarantined"", ""flag_has_local_pdf"": false, ""has_converted_full_text"": false, ""fulltext_artifact_paths"": """", ""fields"": [""local_pdf_paths""]}]",[],"[""unsegmented_proceedings_container""]",proceedings_container,valid_exact,10.1192/j.eurpsy.2026.10157,Is the antidepressant efficacy of ketamine and esketamine mediated via opioid mechanisms?,1.0,keep_current_artifact,quarantine_candidate_clear_candidate_references,[]
10.1192/j.eurpsy.2026.10164,"[""quarantined""]",quarantined_no_canonical_artifact,,,,/Users/frank/Library/CloudStorage/Dropbox/projects/psychedelics_knowledge_graph/data/processed/fulltext/source_identity_quarantine_20260710/quarantined_artifacts/10_1192_j_eurpsy_2026_10164.json,grobid,/Users/frank/Library/CloudStorage/Dropbox/projects/psychedelics_knowledge_graph/data/raw/papers/pdfs/10.1192_j.eurpsy.2026.10164__e35197fda5.pdf,False,,,,0,[],[],[],"[""unsegmented_proceedings_container""]",proceedings_container,valid_exact,10.1192/j.eurpsy.2026.10164,Network localization of brain functional effects of ketamine treatment for major depression,1.0,keep_current_artifact,no_active_pdf,
10.1210/jendso/bvaf149.1527,"[""quarantined""]",quarantined_no_canonical_artifact,,,,/Users/frank/Library/CloudStorage/Dropbox/projects/psychedelics_knowledge_graph/data/processed/fulltext/source_identity_quarantine_20260710/quarantined_artifacts/10_1210_jendso_bvaf149_1527.json,grobid,/Users/frank/Library/CloudStorage/Dropbox/projects/psychedelics_knowledge_graph/data/raw/papers/disorder/pdfs/10.1210_jendso_bvaf149.1527__41e57e1b51.pdf,False,True,/Users/frank/Library/CloudStorage/Dropbox/projects/psychedelics_knowledge_graph/data/raw/papers/pdfs/10.1210_jendso_bvaf149.1527__41e57e1b51.pdf,2539440bff22427adf41841fc220c98535801456f7611842b73bc21db518cf77,55148,[],"[{""row_index"": 40515, ""doi"": ""10.1210/jendso/bvaf149.1527"", ""pdf_download_status"": ""source_identity_quarantined"", ""flag_has_local_pdf"": false, ""has_converted_full_text"": false, ""fulltext_artifact_paths"": """", ""fields"": [""local_pdf_paths""]}]",[],"[""target_text_with_conflicting_doi"", ""unsegmented_proceedings_container""]",proceedings_container,valid_known_alias,10.1210/jendso/bvaf149,"Neuroendocrinology and Pituitary SAT-044 Neurophysin I: A Reliable, Novel, and Robust Biomarker for OxytocinAn Analysis of a Double-Blind Placebo-Controlled Cross-Over Trial",0.8946,keep_current_artifact,quarantine_candidate_clear_candidate_references,[]
10.1248/bpb.20.969,"[""quarantined""]",quarantined_no_canonical_artifact,,,,/Users/frank/Library/CloudStorage/Dropbox/projects/psychedelics_knowledge_graph/data/processed/fulltext/source_identity_quarantine_20260710/quarantined_artifacts/10_1248_bpb_20_969.json,grobid,/Users/frank/Library/CloudStorage/Dropbox/projects/psychedelics_knowledge_graph/data/raw/papers/pdfs/10.1248_bpb.20.969__f05f729b2d.pdf,False,,,,0,[],[],[],"[""identity_unverified""]",,,,,,,no_active_pdf,
10.1248/bpb.23.1521,"[""quarantined""]",quarantined_no_canonical_artifact,,,,/Users/frank/Library/CloudStorage/Dropbox/projects/psychedelics_knowledge_graph/data/processed/fulltext/source_identity_quarantine_20260710/quarantined_artifacts/10_1248_bpb_23_1521.json,grobid,/Users/frank/Library/CloudStorage/Dropbox/projects/psychedelics_knowledge_graph/data/raw/papers/mechanistic/pdfs/10.1248_bpb.23.1521__f78b333fcf.pdf,False,True,/Users/frank/Library/CloudStorage/Dropbox/projects/psychedelics_knowledge_graph/data/raw/papers/pdfs/10.1248_bpb.23.1521__f78b333fcf.pdf,6844d38cf6d56a441895c9feabffa53d3663357663bcd20a7636fabd984fb490,565129,[],"[{""row_index"": 40821, ""doi"": ""10.1248/bpb.23.1521"", ""pdf_download_status"": ""source_identity_quarantined"", ""flag_has_local_pdf"": false, ""has_converted_full_text"": false, ""fulltext_artifact_paths"": """", ""fields"": [""local_pdf_paths""]}]",[],"[""identity_unverified""]",,,,,,,quarantine_candidate_clear_candidate_references,[]
10.1254/fpj.102.113,"[""quarantined""]",quarantined_no_canonical_artifact,,,,/Users/frank/Library/CloudStorage/Dropbox/projects/psychedelics_knowledge_graph/data/processed/fulltext/source_identity_quarantine_20260710/quarantined_artifacts/10_1254_fpj_102_113.json,grobid,/Users/frank/Library/CloudStorage/Dropbox/projects/psychedelics_knowledge_graph/data/raw/papers/mechanistic/pdfs/10.1254_fpj.102.113__395526b8e3.pdf,False,True,/Users/frank/Library/CloudStorage/Dropbox/projects/psychedelics_knowledge_graph/data/raw/papers/pdfs/10.1254_fpj.102.113__395526b8e3.pdf,b9e8fe7a395054b20157c066cccd5aabd5202b5f0fa04348785bc9f3b94b2dd9,3574760,[],"[{""row_index"": 40849, ""doi"": ""10.1254/fpj.102.113"", ""pdf_download_status"": ""source_identity_quarantined"", ""flag_has_local_pdf"": false, ""has_converted_full_text"": false, ""fulltext_artifact_paths"": """", ""fields"": [""local_pdf_paths""]}]",[],"[""identity_unverified""]",,,,,,,quarantine_candidate_clear_candidate_references,[]
10.12927/hcpol.2023.27048,"[""quarantined"", ""replaced""]",quarantined_no_canonical_artifact,,,,/Users/frank/Library/CloudStorage/Dropbox/projects/psychedelics_knowledge_graph/data/processed/fulltext/source_identity_quarantine_20260710/quarantined_artifacts/10_12927_hcpol_2023_27048.json,grobid,/Users/frank/Library/CloudStorage/Dropbox/projects/psychedelics_knowledge_graph/data/raw/papers/pdfs/10.12927_hcpol.2023.27048__6057e1934d.pdf,False,,,,0,[],[],[],"[""identity_unverified""]",,unresolved,,,,no_reusable_direct_xml:validated_publisher_or_pmc_pdf_else_abstract,no_active_pdf,
10.1503/cmaj.1150082,"[""quarantined""]",quarantined_no_canonical_artifact,,,,/Users/frank/Library/CloudStorage/Dropbox/projects/psychedelics_knowledge_graph/data/processed/fulltext/source_identity_quarantine_20260710/quarantined_artifacts/10_1503_cmaj_1150082.json,grobid,/Users/frank/Library/CloudStorage/Dropbox/projects/psychedelics_knowledge_graph/data/raw/papers/disorder/pdfs/10.1503_cmaj.1150082__347bca1e72.pdf,False,True,/Users/frank/Library/CloudStorage/Dropbox/projects/psychedelics_knowledge_graph/data/raw/papers/pdfs/10.1503_cmaj.1150082__347bca1e72.pdf,482cde5566efca83b1819c18ef6e3aef8b72085c2021afdb2c3af794278c1c74,61911,[],"[{""row_index"": 42233, ""doi"": ""10.1503/cmaj.1150082"", ""pdf_download_status"": ""source_identity_quarantined"", ""flag_has_local_pdf"": false, ""has_converted_full_text"": false, ""fulltext_artifact_paths"": """", ""fields"": [""local_pdf_paths""]}]",[],"[""identity_unverified""]",,unresolved,,,,no_reusable_direct_xml:validated_publisher_or_pmc_pdf_else_abstract,quarantine_candidate_clear_candidate_references,[]
10.1523/jneurosci.07-03-00894.1987,"[""quarantined""]",quarantined_no_canonical_artifact,,,,/Users/frank/Library/CloudStorage/Dropbox/projects/psychedelics_knowledge_graph/data/processed/fulltext/source_identity_quarantine_20260710/quarantined_artifacts/10_1523_jneurosci_07_03_00894_1987.json,grobid,/Users/frank/Library/CloudStorage/Dropbox/projects/psychedelics_knowledge_graph/data/raw/papers/mechanistic/pdfs/10.1523_jneurosci.07-03-00894.1987__01d0435f7d.pdf,False,True,/Users/frank/Library/CloudStorage/Dropbox/projects/psychedelics_knowledge_graph/data/raw/papers/pdfs/10.1523_jneurosci.07-03-00894.1987__01d0435f7d.pdf,f8a9e4d194f07e1c54f5a2f6fa411f29b045ddc3018fdb08fbbef31f63c4042f,1136083,[],"[{""row_index"": 42575, ""doi"": ""10.1523/jneurosci.07-03-00894.1987"", ""pdf_download_status"": ""source_identity_quarantined"", ""flag_has_local_pdf"": false, ""has_converted_full_text"": false, ""fulltext_artifact_paths"": """", ""fields"": [""local_pdf_paths""]}]",[],"[""identity_unverified""]",,,,,,,quarantine_candidate_clear_candidate_references,[]
10.1523/jneurosci.16-01-00373.1996,"[""quarantined""]",quarantined_no_canonical_artifact,,,,/Users/frank/Library/CloudStorage/Dropbox/projects/psychedelics_knowledge_graph/data/processed/fulltext/source_identity_quarantine_20260710/quarantined_artifacts/10_1523_jneurosci_16_01_00373_1996.json,grobid,/Users/frank/Library/CloudStorage/Dropbox/projects/psychedelics_knowledge_graph/data/raw/papers/mechanistic/pdfs/10.1523_jneurosci.16-01-00373.1996__4b9b34ceb8.pdf,False,True,/Users/frank/Library/CloudStorage/Dropbox/projects/psychedelics_knowledge_graph/data/raw/papers/pdfs/10.1523_jneurosci.16-01-00373.1996__4b9b34ceb8.pdf,b97bbd16bd19c69e10c8cc7bcaa892c9f2c80f627fc5b4955c1967159cc3124e,2228026,[],"[{""row_index"": 42710, ""doi"": ""10.1523/jneurosci.16-01-00373.1996"", ""pdf_download_status"": ""source_identity_quarantined"", ""flag_has_local_pdf"": false, ""has_converted_full_text"": false, ""fulltext_artifact_paths"": """", ""fields"": [""local_pdf_paths""]}]",[],"[""identity_unverified""]",,unresolved,,,,no_reusable_direct_xml:validated_publisher_or_pmc_pdf_else_abstract,quarantine_candidate_clear_candidate_references,[]
10.1556/2054.2022.00200,"[""quarantined""]",quarantined_no_canonical_artifact,,,,/Users/frank/Library/CloudStorage/Dropbox/projects/psychedelics_knowledge_graph/data/processed/fulltext/source_identity_quarantine_20260710/quarantined_artifacts/10_1556_2054_2022_00200.json,grobid,/Users/frank/Library/CloudStorage/Dropbox/projects/psychedelics_knowledge_graph/data/raw/papers/disorder/pdfs/10.1556_2054.2022.00200__2f5aa43437.pdf,False,True,/Users/frank/Library/CloudStorage/Dropbox/projects/psychedelics_knowledge_graph/data/raw/papers/pdfs/10.1556_2054.2022.00200__2f5aa43437.pdf,c4157e650ff6278320c90a8124854897a1032019e49b6e493fe2a49818712d30,191366,[],"[{""row_index"": 43385, ""doi"": ""10.1556/2054.2022.00200"", ""pdf_download_status"": ""source_identity_quarantined"", ""flag_has_local_pdf"": false, ""has_converted_full_text"": false, ""fulltext_artifact_paths"": """", ""fields"": [""local_pdf_paths""]}]",[],"[""identity_unverified""]",,,,,,,quarantine_candidate_clear_candidate_references,[]
10.17345/9788484248347,"[""quarantined""]",quarantined_no_canonical_artifact,,,,/Users/frank/Library/CloudStorage/Dropbox/projects/psychedelics_knowledge_graph/data/processed/fulltext/source_identity_quarantine_20260710/quarantined_artifacts/10_17345_9788484248347.json,grobid,/Users/frank/Library/CloudStorage/Dropbox/projects/psychedelics_knowledge_graph/data/raw/papers/pdfs/10.17345_9788484248347__4961889d6d.pdf,False,,,,0,[],[],[],"[""identity_unverified""]",,,,,,,no_active_pdf,
10.17579/abstractbookdualdisorders-co-032,"[""quarantined""]",quarantined_no_canonical_artifact,,,,/Users/frank/Library/CloudStorage/Dropbox/projects/psychedelics_knowledge_graph/data/processed/fulltext/source_identity_quarantine_20260710/quarantined_artifacts/10_17579_abstractbookdualdisorders_co_032.json,grobid,/Users/frank/Library/CloudStorage/Dropbox/projects/psychedelics_knowledge_graph/data/raw/papers/disorder/pdfs/10.17579_abstractbookdualdisorders-co-032__6c57dd245f.pdf,False,True,/Users/frank/Library/CloudStorage/Dropbox/projects/psychedelics_knowledge_graph/data/raw/papers/pdfs/10.17579_abstractbookdualdisorders-co-032__6c57dd245f.pdf,1e318ca44b48026a1282d7bf2367be0affa34e90561218e2bb270378b3577d2d,3710956,[],"[{""row_index"": 43741, ""doi"": ""10.17579/abstractbookdualdisorders-co-032"", ""pdf_download_status"": ""source_identity_quarantined"", ""flag_has_local_pdf"": false, ""has_converted_full_text"": false, ""fulltext_artifact_paths"": """", ""fields"": [""local_pdf_paths""]}]",[],"[""identity_mismatch"", ""unsegmented_proceedings_container""]",proceedings_container,,,,,,quarantine_candidate_clear_candidate_references,[]
10.17579/abstractbookdualdisorders-p-278,"[""quarantined""]",quarantined_no_canonical_artifact,,,,/Users/frank/Library/CloudStorage/Dropbox/projects/psychedelics_knowledge_graph/data/processed/fulltext/source_identity_quarantine_20260710/quarantined_artifacts/10_17579_abstractbookdualdisorders_p_278.json,grobid,/Users/frank/Library/CloudStorage/Dropbox/projects/psychedelics_knowledge_graph/data/raw/papers/disorder/pdfs/10.17579_abstractbookdualdisorders-p-278__0cfea1e4c1.pdf,False,True,/Users/frank/Library/CloudStorage/Dropbox/projects/psychedelics_knowledge_graph/data/raw/papers/pdfs/10.17579_abstractbookdualdisorders-p-278__0cfea1e4c1.pdf,1e318ca44b48026a1282d7bf2367be0affa34e90561218e2bb270378b3577d2d,3710956,[],"[{""row_index"": 43846, ""doi"": ""10.17579/abstractbookdualdisorders-p-278"", ""pdf_download_status"": ""source_identity_quarantined"", ""flag_has_local_pdf"": false, ""has_converted_full_text"": false, ""fulltext_artifact_paths"": """", ""fields"": [""local_pdf_paths""]}]",[],"[""identity_mismatch"", ""unsegmented_proceedings_container""]",proceedings_container,,,,,,quarantine_candidate_clear_candidate_references,[]
10.17579/abstractbookdualdisorders-p-284,"[""quarantined""]",quarantined_no_canonical_artifact,,,,/Users/frank/Library/CloudStorage/Dropbox/projects/psychedelics_knowledge_graph/data/processed/fulltext/source_identity_quarantine_20260710/quarantined_artifacts/10_17579_abstractbookdualdisorders_p_284.json,docling,/Users/frank/Library/CloudStorage/Dropbox/projects/psychedelics_knowledge_graph/data/raw/papers/disorder/pdfs/10.17579_abstractbookdualdisorders-p-284__df7b2c9e4a.pdf,False,True,/Users/frank/Library/CloudStorage/Dropbox/projects/psychedelics_knowledge_graph/data/raw/papers/pdfs/10.17579_abstractbookdualdisorders-p-284__df7b2c9e4a.pdf,1e318ca44b48026a1282d7bf2367be0affa34e90561218e2bb270378b3577d2d,3710956,[],"[{""row_index"": 43847, ""doi"": ""10.17579/abstractbookdualdisorders-p-284"", ""pdf_download_status"": ""source_identity_quarantined"", ""flag_has_local_pdf"": false, ""has_converted_full_text"": false, ""fulltext_artifact_paths"": """", ""fields"": [""local_pdf_paths""]}]",[],"[""identity_mismatch"", ""unsegmented_proceedings_container""]",proceedings_container,,,,,,quarantine_candidate_clear_candidate_references,[]
10.17992/lbl.2022.09.706,"[""quarantined""]",quarantined_no_canonical_artifact,,,,/Users/frank/Library/CloudStorage/Dropbox/projects/psychedelics_knowledge_graph/data/processed/fulltext/source_identity_quarantine_20260710/quarantined_artifacts/10_17992_lbl_2022_09_706.json,grobid,/Users/frank/Library/CloudStorage/Dropbox/projects/psychedelics_knowledge_graph/data/raw/papers/disorder/pdfs/10.17992_lbl.2022.09.706__814c848cdf.pdf,False,True,/Users/frank/Library/CloudStorage/Dropbox/projects/psychedelics_knowledge_graph/data/raw/papers/pdfs/10.17992_lbl.2022.09.706__814c848cdf.pdf,d95b73c1c385988de636ba03bac65ca6633b6cdb05d3b6a215663c880ea55c21,905886,[],"[{""row_index"": 44012, ""doi"": ""10.17992/lbl.2022.09.706"", ""pdf_download_status"": ""source_identity_quarantined"", ""flag_has_local_pdf"": false, ""has_converted_full_text"": false, ""fulltext_artifact_paths"": """", ""fields"": [""local_pdf_paths""]}]",[],"[""identity_unverified""]",,,,,,,quarantine_candidate_clear_candidate_references,[]
10.17992/lbl.2023.11.766,"[""quarantined""]",quarantined_no_canonical_artifact,,,,/Users/frank/Library/CloudStorage/Dropbox/projects/psychedelics_knowledge_graph/data/processed/fulltext/source_identity_quarantine_20260710/quarantined_artifacts/10_17992_lbl_2023_11_766.json,grobid,/Users/frank/Library/CloudStorage/Dropbox/projects/psychedelics_knowledge_graph/data/raw/papers/pdfs/10.17992_lbl.2023.11.766__13622ebf31.pdf,False,,,,0,[],[],[],"[""identity_unverified""]",,,,,,,no_active_pdf,
10.18103/mra.v12i2.5003,"[""quarantined"", ""replaced""]",quarantined_no_canonical_artifact,,,,/Users/frank/Library/CloudStorage/Dropbox/projects/psychedelics_knowledge_graph/data/processed/fulltext/source_identity_quarantine_20260710/quarantined_artifacts/10_18103_mra_v12i2_5003.json,grobid,/Users/frank/Library/CloudStorage/Dropbox/projects/psychedelics_knowledge_graph/data/raw/papers/pdfs/10.18103_mra.v12i2.5003__5b38deab61.pdf,False,,,,0,[],[],[],"[""target_text_with_conflicting_doi""]",,,,,,,no_active_pdf,
10.18103/mra.v14i3.7337,"[""quarantined"", ""replaced""]",quarantined_no_canonical_artifact,,,,/Users/frank/Library/CloudStorage/Dropbox/projects/psychedelics_knowledge_graph/data/processed/fulltext/source_identity_quarantine_20260710/quarantined_artifacts/10_18103_mra_v14i3_7337.json,grobid,/Users/frank/Library/CloudStorage/Dropbox/projects/psychedelics_knowledge_graph/data/raw/papers/pdfs/10.18103_mra.v14i3.7337__b86a0ac85b.pdf,False,,,,0,[],[],[],"[""identity_unverified""]",,,,,,,no_active_pdf,
10.18773/austprescr.2021.061,"[""replaced""]",replaced_by_verified_exact_jats,/Users/frank/Library/CloudStorage/Dropbox/projects/psychedelics_knowledge_graph/data/processed/fulltext/articles/10_18773_austprescr_2021_061.json,europepmc_fulltext_xml,verified_exact_doi,/Users/frank/Library/CloudStorage/Dropbox/projects/psychedelics_knowledge_graph/data/processed/fulltext/source_identity_quarantine_20260710/replaced_artifacts/10_18773_austprescr_2021_061.json,grobid,/Users/frank/Library/CloudStorage/Dropbox/projects/psychedelics_knowledge_graph/data/raw/papers/disorder/pdfs/10.18773_austprescr.2021.061__1bdaf49247.pdf,False,True,/Users/frank/Library/CloudStorage/Dropbox/projects/psychedelics_knowledge_graph/data/raw/papers/pdfs/10.18773_austprescr.2021.061__1bdaf49247.pdf,c572d32191c5f8d18311c7ab6704e683194c17078160cf6bdc516061ca01a904,75599,[],"[{""row_index"": 44176, ""doi"": ""10.18773/austprescr.2021.061"", ""pdf_download_status"": ""already_present"", ""flag_has_local_pdf"": true, ""has_converted_full_text"": false, ""fulltext_artifact_paths"": """", ""fields"": [""local_pdf_paths"", ""pdf_local_path""]}]",[],[],,unresolved,,Esketamine hydrochloride,0.5783,refetch_europepmc_jats:8882448,quarantine_candidate_clear_candidate_references,[]
10.21275/v5i2.nov161215,"[""quarantined""]",quarantined_no_canonical_artifact,,,,/Users/frank/Library/CloudStorage/Dropbox/projects/psychedelics_knowledge_graph/data/processed/fulltext/source_identity_quarantine_20260710/quarantined_artifacts/10_21275_v5i2_nov161215.json,grobid,/Users/frank/Library/CloudStorage/Dropbox/projects/psychedelics_knowledge_graph/data/raw/papers/disorder/pdfs/10.21275_v5i2.nov161215__d7d207c706.pdf,False,True,/Users/frank/Library/CloudStorage/Dropbox/projects/psychedelics_knowledge_graph/data/raw/papers/pdfs/10.21275_v5i2.nov161215__d7d207c706.pdf,fa23111810965972cb18a1757016d11798edc395253ff2009b73e060ad51dcb1,4310,[],"[{""row_index"": 44705, ""doi"": ""10.21275/v5i2.nov161215"", ""pdf_download_status"": ""source_identity_quarantined"", ""flag_has_local_pdf"": false, ""has_converted_full_text"": false, ""fulltext_artifact_paths"": """", ""fields"": [""local_pdf_paths""]}]",[],"[""identity_unverified""]",,,,,,,quarantine_candidate_clear_candidate_references,[]
10.2196/41013,"[""replaced""]",replaced_by_verified_exact_jats,/Users/frank/Library/CloudStorage/Dropbox/projects/psychedelics_knowledge_graph/data/processed/fulltext/articles/10_2196_41013.json,europepmc_fulltext_xml,verified_exact_doi,/Users/frank/Library/CloudStorage/Dropbox/projects/psychedelics_knowledge_graph/data/processed/fulltext/source_identity_quarantine_20260710/replaced_artifacts/10_2196_41013.json,grobid,/Users/frank/Library/CloudStorage/Dropbox/projects/psychedelics_knowledge_graph/data/raw/papers/disorder/pdfs/10.2196_41013__dfb8c16f63.pdf,False,True,/Users/frank/Library/CloudStorage/Dropbox/projects/psychedelics_knowledge_graph/data/raw/papers/pdfs/10.2196_41013__dfb8c16f63.pdf,82baf7d6deb6fced87c94ff81cc2d4bedf18ec6d75445eb9d6f6e29fa52ade25,166571,[],"[{""row_index"": 45621, ""doi"": ""10.2196/41013"", ""pdf_download_status"": ""already_present"", ""flag_has_local_pdf"": true, ""has_converted_full_text"": false, ""fulltext_artifact_paths"": """", ""fields"": [""local_pdf_paths"", ""pdf_local_path""]}]",[],[],,,,,,refetch_europepmc_jats:PMC9919457,quarantine_candidate_clear_candidate_references,[]
10.2196/46281,"[""replaced""]",replaced_by_verified_exact_jats,/Users/frank/Library/CloudStorage/Dropbox/projects/psychedelics_knowledge_graph/data/processed/fulltext/articles/10_2196_46281.json,europepmc_fulltext_xml,verified_exact_doi,/Users/frank/Library/CloudStorage/Dropbox/projects/psychedelics_knowledge_graph/data/processed/fulltext/source_identity_quarantine_20260710/replaced_artifacts/10_2196_46281.json,grobid,/Users/frank/Library/CloudStorage/Dropbox/projects/psychedelics_knowledge_graph/data/raw/papers/disorder/pdfs/10.2196_46281__3d26e6a309.pdf,False,True,/Users/frank/Library/CloudStorage/Dropbox/projects/psychedelics_knowledge_graph/data/raw/papers/pdfs/10.2196_46281__3d26e6a309.pdf,492d8ac501064a3239ec7ee445761a0d5c54881cd640e2d20223c247b1de222f,204292,[],"[{""row_index"": 45643, ""doi"": ""10.2196/46281"", ""pdf_download_status"": ""already_present"", ""flag_has_local_pdf"": true, ""has_converted_full_text"": false, ""fulltext_artifact_paths"": """", ""fields"": [""local_pdf_paths"", ""pdf_local_path""]}]",[],[],,unresolved,,"NOTE: PCORI's Merit Review process includes written online critique and in-person discussion phases. All applications go through the online written critique phase, but only a subset continue to the in-person discussion phase. If an application does not progress to in-person discussion, the Summary Statement includes only the written online critiques. If an application progresses to in-person discussion, the Summary Statement includes in-person panel discussion notes, final average overall score, and written online critiques",0.029,refetch_europepmc_jats:10176150,quarantine_candidate_clear_candidate_references,[]
10.2196/50316,"[""replaced""]",replaced_by_verified_exact_jats,/Users/frank/Library/CloudStorage/Dropbox/projects/psychedelics_knowledge_graph/data/processed/fulltext/articles/10_2196_50316.json,europepmc_fulltext_xml,verified_exact_doi,/Users/frank/Library/CloudStorage/Dropbox/projects/psychedelics_knowledge_graph/data/processed/fulltext/source_identity_quarantine_20260710/replaced_artifacts/10_2196_50316.json,grobid,/Users/frank/Library/CloudStorage/Dropbox/projects/psychedelics_knowledge_graph/data/raw/papers/disorder/pdfs/10.2196_50316__1e32481825.pdf,False,True,/Users/frank/Library/CloudStorage/Dropbox/projects/psychedelics_knowledge_graph/data/raw/papers/pdfs/10.2196_50316__1e32481825.pdf,15091c43acb94a345b1f4735e4e813bff5f5faf53fd64a0b056584a0342d1a0c,3903893,[],"[{""row_index"": 45660, ""doi"": ""10.2196/50316"", ""pdf_download_status"": ""already_present"", ""flag_has_local_pdf"": true, ""has_converted_full_text"": false, ""fulltext_artifact_paths"": """", ""fields"": [""local_pdf_paths"", ""pdf_local_path""]}]",[],[],,unresolved,,NOTULENSI RAPAT PIMPINAN LEMBAGA PENELITIAN DAN PENGABDIAN KEPADA MASYARAKAT UNIVERSITAS NEGERI PADANG Agenda : Penentuan Kesimpulan Hasil Review terhadap Usulan Penelitian,0.1841,refetch_europepmc_jats:10481218,quarantine_candidate_clear_candidate_references,[]
10.2196/78166,"[""replaced""]",replaced_by_verified_exact_jats,/Users/frank/Library/CloudStorage/Dropbox/projects/psychedelics_knowledge_graph/data/processed/fulltext/articles/10_2196_78166.json,europepmc_fulltext_xml,verified_exact_doi,/Users/frank/Library/CloudStorage/Dropbox/projects/psychedelics_knowledge_graph/data/processed/fulltext/source_identity_quarantine_20260710/replaced_artifacts/10_2196_78166.json,grobid,/Users/frank/Library/CloudStorage/Dropbox/projects/psychedelics_knowledge_graph/data/raw/papers/disorder/pdfs/10.2196_78166__36be2d6564.pdf,False,True,/Users/frank/Library/CloudStorage/Dropbox/projects/psychedelics_knowledge_graph/data/raw/papers/pdfs/10.2196_78166__36be2d6564.pdf,39e1d6bfe48491243d757fbefbf7ce0b4f5fccbc8ab68d6bf5beab6c2664c6ac,632975,[],"[{""row_index"": 45766, ""doi"": ""10.2196/78166"", ""pdf_download_status"": ""already_present"", ""flag_has_local_pdf"": true, ""has_converted_full_text"": false, ""fulltext_artifact_paths"": """", ""fields"": [""local_pdf_paths"", ""pdf_local_path""]}]",[],[],,valid_known_alias,10.17605/osf.io/z2efy,Improving Outpatient Psychotherapy for Adults With Major Depressive and Anxiety Disorders Using Web-Based High-Frequency Monitoring and Feedback in Autosystemic Hypnotherapy: Protocol for a Two-Arm ABAB Crossed-Therapist Randomized Clinical Implementation Trial,1.0,keep_current_artifact,quarantine_candidate_clear_candidate_references,[]
10.22215/etd/2022-15044,"[""quarantined"", ""replaced""]",quarantined_no_canonical_artifact,,,,/Users/frank/Library/CloudStorage/Dropbox/projects/psychedelics_knowledge_graph/data/processed/fulltext/source_identity_quarantine_20260710/quarantined_artifacts/10_22215_etd_2022_15044.json,grobid,/Users/frank/Library/CloudStorage/Dropbox/projects/psychedelics_knowledge_graph/data/raw/papers/pdfs/10.22215_etd_2022-15044__56926bbdf0.pdf,False,,,,0,[],[],[],"[""identity_unverified""]",,,,,,,no_active_pdf,
10.22374/jmhan.v4i1.40,"[""quarantined""]",quarantined_no_canonical_artifact,,,,/Users/frank/Library/CloudStorage/Dropbox/projects/psychedelics_knowledge_graph/data/processed/fulltext/source_identity_quarantine_20260710/quarantined_artifacts/10_22374_jmhan_v4i1_40.json,grobid,/Users/frank/Library/CloudStorage/Dropbox/projects/psychedelics_knowledge_graph/data/raw/papers/pdfs/10.22374_jmhan.v4i1.40__53dbf73653.pdf,False,,,,0,[],[],[],"[""identity_unverified""]",no_header_wrong_or_ancillary,,,,,,no_active_pdf,
10.22541/au.170019739.91075425/v1,"[""quarantined"", ""replaced""]",quarantined_no_canonical_artifact,,,,/Users/frank/Library/CloudStorage/Dropbox/projects/psychedelics_knowledge_graph/data/processed/fulltext/source_identity_quarantine_20260710/quarantined_artifacts/10_22541_au_170019739_91075425_v1.json,grobid,/Users/frank/Library/CloudStorage/Dropbox/projects/psychedelics_knowledge_graph/data/raw/papers/pdfs/10.22541_au.170019739.91075425_v1__fbc5d6c84b.pdf,False,,,,0,[],[],[],"[""identity_mismatch""]",ambiguous_non_pmc_conflict,,,,,,no_active_pdf,
10.24108/preprints-3114287,"[""quarantined"", ""replaced""]",quarantined_no_canonical_artifact,,,,/Users/frank/Library/CloudStorage/Dropbox/projects/psychedelics_knowledge_graph/data/processed/fulltext/source_identity_quarantine_20260710/quarantined_artifacts/10_24108_preprints_3114287.json,grobid,/Users/frank/Library/CloudStorage/Dropbox/projects/psychedelics_knowledge_graph/data/raw/papers/pdfs/10.24108_preprints-3114287__dd9bda368b.pdf,False,,,,0,[],[],[],"[""target_text_with_conflicting_doi""]",,,,,,,no_active_pdf,
10.25560/55900,"[""quarantined""]",quarantined_no_canonical_artifact,,,,/Users/frank/Library/CloudStorage/Dropbox/projects/psychedelics_knowledge_graph/data/processed/fulltext/source_identity_quarantine_20260710/quarantined_artifacts/10_25560_55900.json,grobid,/Users/frank/Library/CloudStorage/Dropbox/projects/psychedelics_knowledge_graph/data/raw/papers/pdfs/10.25560_55900__e535c5b7ef.pdf,False,,,,0,[],[],[],"[""identity_unverified""]",,,,,,,no_active_pdf,
10.26686/tvwc-80bg,"[""quarantined""]",quarantined_no_canonical_artifact,,,,/Users/frank/Library/CloudStorage/Dropbox/projects/psychedelics_knowledge_graph/data/processed/fulltext/source_identity_quarantine_20260710/quarantined_artifacts/10_26686_tvwc_80bg.json,grobid,/Users/frank/Library/CloudStorage/Dropbox/projects/psychedelics_knowledge_graph/data/raw/papers/pdfs/10.26686_tvwc-80bg__d8075759c9.pdf,False,,,,0,[],[],[],"[""identity_unverified""]",,,,,,,no_active_pdf,
10.26686/wgtn.16969075.v1,"[""quarantined""]",quarantined_no_canonical_artifact,,,,/Users/frank/Library/CloudStorage/Dropbox/projects/psychedelics_knowledge_graph/data/processed/fulltext/source_identity_quarantine_20260710/quarantined_artifacts/10_26686_wgtn_16969075_v1.json,grobid,/Users/frank/Library/CloudStorage/Dropbox/projects/psychedelics_knowledge_graph/data/raw/papers/pdfs/10.26686_wgtn.16969075.v1__c19e06337f.pdf,False,,,,0,[],[],[],"[""identity_unverified""]",,,,,,,no_active_pdf,
10.26686/wgtn.16969174,"[""quarantined""]",quarantined_no_canonical_artifact,,,,/Users/frank/Library/CloudStorage/Dropbox/projects/psychedelics_knowledge_graph/data/processed/fulltext/source_identity_quarantine_20260710/quarantined_artifacts/10_26686_wgtn_16969174.json,grobid,/Users/frank/Library/CloudStorage/Dropbox/projects/psychedelics_knowledge_graph/data/raw/papers/pdfs/10.26686_wgtn.16969174__6b7baadf72.pdf,False,,,,0,[],[],[],"[""identity_unverified""]",,,,,,,no_active_pdf,
10.26686/wgtn.17008309,"[""quarantined""]",quarantined_no_canonical_artifact,,,,/Users/frank/Library/CloudStorage/Dropbox/projects/psychedelics_knowledge_graph/data/processed/fulltext/source_identity_quarantine_20260710/quarantined_artifacts/10_26686_wgtn_17008309.json,grobid,/Users/frank/Library/CloudStorage/Dropbox/projects/psychedelics_knowledge_graph/data/raw/papers/pdfs/10.26686_wgtn.17008309__5b21c703fc.pdf,False,,,,0,[],[],[],"[""identity_unverified""]",,,,,,,no_active_pdf,
10.26686/wgtn.17011409.v1,"[""quarantined""]",quarantined_no_canonical_artifact,,,,/Users/frank/Library/CloudStorage/Dropbox/projects/psychedelics_knowledge_graph/data/processed/fulltext/source_identity_quarantine_20260710/quarantined_artifacts/10_26686_wgtn_17011409_v1.json,grobid,/Users/frank/Library/CloudStorage/Dropbox/projects/psychedelics_knowledge_graph/data/raw/papers/pdfs/10.26686_wgtn.17011409.v1__28336a655c.pdf,False,,,,0,[],[],[],"[""identity_mismatch""]",ambiguous_non_pmc_conflict,,,,,,no_active_pdf,
10.26686/wgtn.17013914,"[""quarantined""]",quarantined_no_canonical_artifact,,,,/Users/frank/Library/CloudStorage/Dropbox/projects/psychedelics_knowledge_graph/data/processed/fulltext/source_identity_quarantine_20260710/quarantined_artifacts/10_26686_wgtn_17013914.json,grobid,/Users/frank/Library/CloudStorage/Dropbox/projects/psychedelics_knowledge_graph/data/raw/papers/pdfs/10.26686_wgtn.17013914__4a5d360b90.pdf,False,,,,0,[],[],[],"[""identity_unverified""]",,,,,,,no_active_pdf,
10.26686/wgtn.17014775.v1,"[""quarantined""]",quarantined_no_canonical_artifact,,,,/Users/frank/Library/CloudStorage/Dropbox/projects/psychedelics_knowledge_graph/data/processed/fulltext/source_identity_quarantine_20260710/quarantined_artifacts/10_26686_wgtn_17014775_v1.json,grobid,/Users/frank/Library/CloudStorage/Dropbox/projects/psychedelics_knowledge_graph/data/raw/papers/pdfs/10.26686_wgtn.17014775.v1__cfa3ac91bb.pdf,False,,,,0,[],[],[],"[""identity_unverified""]",,,,,,,no_active_pdf,
10.26686/wgtn.17068457,"[""quarantined""]",quarantined_no_canonical_artifact,,,,/Users/frank/Library/CloudStorage/Dropbox/projects/psychedelics_knowledge_graph/data/processed/fulltext/source_identity_quarantine_20260710/quarantined_artifacts/10_26686_wgtn_17068457.json,grobid,/Users/frank/Library/CloudStorage/Dropbox/projects/psychedelics_knowledge_graph/data/raw/papers/pdfs/10.26686_wgtn.17068457__0c14092d23.pdf,False,,,,0,[],[],[],"[""identity_unverified""]",,,,,,,no_active_pdf,
10.26686/wgtn.17148113,"[""quarantined""]",quarantined_no_canonical_artifact,,,,/Users/frank/Library/CloudStorage/Dropbox/projects/psychedelics_knowledge_graph/data/processed/fulltext/source_identity_quarantine_20260710/quarantined_artifacts/10_26686_wgtn_17148113.json,grobid,/Users/frank/Library/CloudStorage/Dropbox/projects/psychedelics_knowledge_graph/data/raw/papers/pdfs/10.26686_wgtn.17148113__a76324230b.pdf,False,,,,0,[],[],[],"[""identity_unverified""]",,,,,,,no_active_pdf,
10.26686/wgtn.19579795,"[""quarantined""]",quarantined_no_canonical_artifact,,,,/Users/frank/Library/CloudStorage/Dropbox/projects/psychedelics_knowledge_graph/data/processed/fulltext/source_identity_quarantine_20260710/quarantined_artifacts/10_26686_wgtn_19579795.json,grobid,/Users/frank/Library/CloudStorage/Dropbox/projects/psychedelics_knowledge_graph/data/raw/papers/pdfs/10.26686_wgtn.19579795__1d8ba36d9b.pdf,False,,,,0,[],[],[],"[""identity_unverified""]",,,,,,,no_active_pdf,
10.26686/wgtn.24225145,"[""quarantined""]",quarantined_no_canonical_artifact,,,,/Users/frank/Library/CloudStorage/Dropbox/projects/psychedelics_knowledge_graph/data/processed/fulltext/source_identity_quarantine_20260710/quarantined_artifacts/10_26686_wgtn_24225145.json,grobid,/Users/frank/Library/CloudStorage/Dropbox/projects/psychedelics_knowledge_graph/data/raw/papers/pdfs/10.26686_wgtn.24225145__0d9870bf45.pdf,False,,,,0,[],[],[],"[""identity_unverified""]",,,,,,,no_active_pdf,
10.29245/2572.942x/2016/9.1098,"[""replaced""]",replaced_by_verified_exact_jats,/Users/frank/Library/CloudStorage/Dropbox/projects/psychedelics_knowledge_graph/data/processed/fulltext/articles/10_29245_2572_942x_2016_9_1098.json,europepmc_fulltext_xml,verified_exact_doi,/Users/frank/Library/CloudStorage/Dropbox/projects/psychedelics_knowledge_graph/data/processed/fulltext/source_identity_quarantine_20260710/replaced_artifacts/10_29245_2572_942x_2016_9_1098.json,docling,/Users/frank/Library/CloudStorage/Dropbox/projects/psychedelics_knowledge_graph/data/raw/papers/mechanistic/pdfs/10.29245_2572.942x_2016_9.1098__73ea5cd0c6.pdf,False,True,/Users/frank/Library/CloudStorage/Dropbox/projects/psychedelics_knowledge_graph/data/raw/papers/pdfs/10.29245_2572.942x_2016_9.1098__73ea5cd0c6.pdf,7e8529877e86844f61377b90481cd0268fad738c664210f3bc877bc54ffe9cce,2071696,[],"[{""row_index"": 46867, ""doi"": ""10.29245/2572.942x/2016/9.1098"", ""pdf_download_status"": ""already_present"", ""flag_has_local_pdf"": true, ""has_converted_full_text"": true, ""fulltext_artifact_paths"": ""/Users/frank/Library/CloudStorage/Dropbox/projects/psychedelics_knowledge_graph/data/processed/fulltext/articles/10_29245_2572_942x_2016_9_1098.json"", ""fields"": [""local_pdf_paths"", ""pdf_local_path""]}]",[],[],,unresolved,,,,refetch_europepmc_jats:5386142,quarantine_candidate_clear_candidate_references,[]
10.31219/osf.io/pw8sm,"[""quarantined""]",quarantined_no_canonical_artifact,,,,/Users/frank/Library/CloudStorage/Dropbox/projects/psychedelics_knowledge_graph/data/processed/fulltext/source_identity_quarantine_20260710/quarantined_artifacts/10_31219_osf_io_pw8sm.json,grobid,/Users/frank/Library/CloudStorage/Dropbox/projects/psychedelics_knowledge_graph/data/raw/papers/pdfs/10.31219_osf.io_pw8sm__fdad1377d0.pdf,False,,,,0,[],[],[],"[""identity_unverified""]",,,,,,,no_active_pdf,
10.31219/osf.io/qpx2z,"[""quarantined""]",quarantined_no_canonical_artifact,,,,/Users/frank/Library/CloudStorage/Dropbox/projects/psychedelics_knowledge_graph/data/processed/fulltext/source_identity_quarantine_20260710/quarantined_artifacts/10_31219_osf_io_qpx2z.json,grobid,/Users/frank/Library/CloudStorage/Dropbox/projects/psychedelics_knowledge_graph/data/raw/papers/pdfs/10.31219_osf.io_qpx2z__cb1eee036c.pdf,False,,,,0,[],[],[],"[""identity_unverified""]",,,,,,,no_active_pdf,
10.31219/osf.io/qpx2z_v3,"[""quarantined""]",quarantined_no_canonical_artifact,,,,/Users/frank/Library/CloudStorage/Dropbox/projects/psychedelics_knowledge_graph/data/processed/fulltext/source_identity_quarantine_20260710/quarantined_artifacts/10_31219_osf_io_qpx2z_v3.json,grobid,/Users/frank/Library/CloudStorage/Dropbox/projects/psychedelics_knowledge_graph/data/raw/papers/pdfs/10.31219_osf.io_qpx2z_v3__ec7392f492.pdf,False,,,,0,[],[],[],"[""identity_unverified""]",,,,,,,no_active_pdf,
10.31219/osf.io/ujtpf_v2,"[""quarantined""]",quarantined_no_canonical_artifact,,,,/Users/frank/Library/CloudStorage/Dropbox/projects/psychedelics_knowledge_graph/data/processed/fulltext/source_identity_quarantine_20260710/quarantined_artifacts/10_31219_osf_io_ujtpf_v2.json,grobid,/Users/frank/Library/CloudStorage/Dropbox/projects/psychedelics_knowledge_graph/data/raw/papers/pdfs/10.31219_osf.io_ujtpf_v2__d325243c4b.pdf,False,,,,0,[],[],[],"[""identity_unverified""]",,,,,,,no_active_pdf,
10.31234/osf.io/5x2bu,"[""quarantined""]",quarantined_no_canonical_artifact,,,,/Users/frank/Library/CloudStorage/Dropbox/projects/psychedelics_knowledge_graph/data/processed/fulltext/source_identity_quarantine_20260710/quarantined_artifacts/10_31234_osf_io_5x2bu.json,grobid,/Users/frank/Library/CloudStorage/Dropbox/projects/psychedelics_knowledge_graph/data/raw/papers/pdfs/10.31234_osf.io_5x2bu__697a84f360.pdf,False,,,,0,[],[],[],"[""identity_unverified""]",,,,,,,no_active_pdf,
10.31234/osf.io/64kyg,"[""quarantined""]",quarantined_no_canonical_artifact,,,,/Users/frank/Library/CloudStorage/Dropbox/projects/psychedelics_knowledge_graph/data/processed/fulltext/source_identity_quarantine_20260710/quarantined_artifacts/10_31234_osf_io_64kyg.json,grobid,/Users/frank/Library/CloudStorage/Dropbox/projects/psychedelics_knowledge_graph/data/raw/papers/pdfs/10.31234_osf.io_64kyg__2d25bbf0e9.pdf,False,,,,0,[],[],[],"[""identity_unverified""]",,,,,,,no_active_pdf,
10.31234/osf.io/65se9,"[""quarantined""]",quarantined_no_canonical_artifact,,,,/Users/frank/Library/CloudStorage/Dropbox/projects/psychedelics_knowledge_graph/data/processed/fulltext/source_identity_quarantine_20260710/quarantined_artifacts/10_31234_osf_io_65se9.json,grobid,/Users/frank/Library/CloudStorage/Dropbox/projects/psychedelics_knowledge_graph/data/raw/papers/pdfs/10.31234_osf.io_65se9__d56445f88b.pdf,False,,,,0,[],[],[],"[""identity_unverified""]",,,,,,,no_active_pdf,
10.31234/osf.io/7x8q4_v3,"[""quarantined""]",quarantined_no_canonical_artifact,,,,/Users/frank/Library/CloudStorage/Dropbox/projects/psychedelics_knowledge_graph/data/processed/fulltext/source_identity_quarantine_20260710/quarantined_artifacts/10_31234_osf_io_7x8q4_v3.json,grobid,/Users/frank/Library/CloudStorage/Dropbox/projects/psychedelics_knowledge_graph/data/raw/papers/pdfs/10.31234_osf.io_7x8q4_v3__8d00717e63.pdf,False,,,,0,[],[],[],"[""identity_unverified""]",,,,,,,no_active_pdf,
10.31234/osf.io/9yxwp,"[""quarantined""]",quarantined_no_canonical_artifact,,,,/Users/frank/Library/CloudStorage/Dropbox/projects/psychedelics_knowledge_graph/data/processed/fulltext/source_identity_quarantine_20260710/quarantined_artifacts/10_31234_osf_io_9yxwp.json,grobid,/Users/frank/Library/CloudStorage/Dropbox/projects/psychedelics_knowledge_graph/data/raw/papers/disorder/pdfs/10.31234_osf.io_9yxwp__73d49beb3a.pdf,False,True,/Users/frank/Library/CloudStorage/Dropbox/projects/psychedelics_knowledge_graph/data/raw/papers/pdfs/10.31234_osf.io_9yxwp__73d49beb3a.pdf,1bdf44e6e32dbf08939ae7ab561b1dc6d59fb9faaa3d6db5a9f630bd96defece,3944425,[],"[{""row_index"": 47354, ""doi"": ""10.31234/osf.io/9yxwp"", ""pdf_download_status"": ""source_identity_quarantined"", ""flag_has_local_pdf"": false, ""has_converted_full_text"": false, ""fulltext_artifact_paths"": """", ""fields"": [""local_pdf_paths""]}]",[],"[""identity_mismatch""]",ambiguous_non_pmc_conflict,,,,,,quarantine_candidate_clear_candidate_references,"[""/Users/frank/Library/CloudStorage/Dropbox/projects/psychedelics_knowledge_graph/data/processed/fulltext/source_identity_quarantine_20260710/quarantined_pdfs/10.31234_osf.io_9yxwp_v2__7e535507a1.pdf""]"
10.31234/osf.io/9yxwp_v2,"[""quarantined""]",quarantined_no_canonical_artifact,,,,/Users/frank/Library/CloudStorage/Dropbox/projects/psychedelics_knowledge_graph/data/processed/fulltext/source_identity_quarantine_20260710/quarantined_artifacts/10_31234_osf_io_9yxwp_v2.json,grobid,/Users/frank/Library/CloudStorage/Dropbox/projects/psychedelics_knowledge_graph/data/raw/papers/pdfs/10.31234_osf.io_9yxwp_v2__7e535507a1.pdf,False,,,,0,[],[],[],"[""identity_mismatch""]",ambiguous_non_pmc_conflict,,,,,,no_active_pdf,
10.31234/osf.io/ak6gx,"[""quarantined""]",quarantined_no_canonical_artifact,,,,/Users/frank/Library/CloudStorage/Dropbox/projects/psychedelics_knowledge_graph/data/processed/fulltext/source_identity_quarantine_20260710/quarantined_artifacts/10_31234_osf_io_ak6gx.json,grobid,/Users/frank/Library/CloudStorage/Dropbox/projects/psychedelics_knowledge_graph/data/raw/papers/pdfs/10.31234_osf.io_ak6gx__a82c8b41e7.pdf,False,,,,0,[],[],[],"[""identity_unverified""]",,,,,,,no_active_pdf,
10.31234/osf.io/aps5g_v3,"[""quarantined""]",quarantined_no_canonical_artifact,,,,/Users/frank/Library/CloudStorage/Dropbox/projects/psychedelics_knowledge_graph/data/processed/fulltext/source_identity_quarantine_20260710/quarantined_artifacts/10_31234_osf_io_aps5g_v3.json,grobid,/Users/frank/Library/CloudStorage/Dropbox/projects/psychedelics_knowledge_graph/data/raw/papers/pdfs/10.31234_osf.io_aps5g_v3__fedcedfa32.pdf,False,,,,0,[],[],[],"[""identity_mismatch""]",ambiguous_non_pmc_conflict,,,,,,no_active_pdf,
10.31234/osf.io/aps5g_v4,"[""quarantined""]",quarantined_no_canonical_artifact,,,,/Users/frank/Library/CloudStorage/Dropbox/projects/psychedelics_knowledge_graph/data/processed/fulltext/source_identity_quarantine_20260710/quarantined_artifacts/10_31234_osf_io_aps5g_v4.json,grobid,/Users/frank/Library/CloudStorage/Dropbox/projects/psychedelics_knowledge_graph/data/raw/papers/pdfs/10.31234_osf.io_aps5g_v4__de743db86c.pdf,False,,,,0,[],[],[],"[""identity_mismatch""]",ambiguous_non_pmc_conflict,,,,,,no_active_pdf,
10.31234/osf.io/b6tvz_v1,"[""quarantined""]",quarantined_no_canonical_artifact,,,,/Users/frank/Library/CloudStorage/Dropbox/projects/psychedelics_knowledge_graph/data/processed/fulltext/source_identity_quarantine_20260710/quarantined_artifacts/10_31234_osf_io_b6tvz_v1.json,grobid,/Users/frank/Library/CloudStorage/Dropbox/projects/psychedelics_knowledge_graph/data/raw/papers/pdfs/10.31234_osf.io_b6tvz_v1__f22ac85f1a.pdf,False,,,,0,[],[],[],"[""identity_unverified""]",,,,,,,no_active_pdf,
10.31234/osf.io/ba42z,"[""quarantined""]",quarantined_no_canonical_artifact,,,,/Users/frank/Library/CloudStorage/Dropbox/projects/psychedelics_knowledge_graph/data/processed/fulltext/source_identity_quarantine_20260710/quarantined_artifacts/10_31234_osf_io_ba42z.json,grobid,/Users/frank/Library/CloudStorage/Dropbox/projects/psychedelics_knowledge_graph/data/raw/papers/pdfs/10.31234_osf.io_ba42z__8bd27a2bb4.pdf,False,,,,0,[],[],[],"[""identity_unverified""]",,,,,,,no_active_pdf,
10.31234/osf.io/jpck8,"[""quarantined"", ""replaced""]",quarantined_no_canonical_artifact,,,,/Users/frank/Library/CloudStorage/Dropbox/projects/psychedelics_knowledge_graph/data/processed/fulltext/source_identity_quarantine_20260710/quarantined_artifacts/10_31234_osf_io_jpck8.json,grobid,/Users/frank/Library/CloudStorage/Dropbox/projects/psychedelics_knowledge_graph/data/raw/papers/pdfs/10.31234_osf.io_jpck8__761fd9e341.pdf,False,,,,0,[],[],[],"[""identity_unverified""]",,,,,,,no_active_pdf,
10.31234/osf.io/my7ba,"[""quarantined""]",quarantined_no_canonical_artifact,,,,/Users/frank/Library/CloudStorage/Dropbox/projects/psychedelics_knowledge_graph/data/processed/fulltext/source_identity_quarantine_20260710/quarantined_artifacts/10_31234_osf_io_my7ba.json,grobid,/Users/frank/Library/CloudStorage/Dropbox/projects/psychedelics_knowledge_graph/data/raw/papers/pdfs/10.31234_osf.io_my7ba__305900b310.pdf,False,,,,0,[],[],[],"[""identity_mismatch""]",benign_conflict,,,,,,no_active_pdf,
10.31234/osf.io/pefct_v1,"[""quarantined""]",quarantined_no_canonical_artifact,,,,/Users/frank/Library/CloudStorage/Dropbox/projects/psychedelics_knowledge_graph/data/processed/fulltext/source_identity_quarantine_20260710/quarantined_artifacts/10_31234_osf_io_pefct_v1.json,grobid,/Users/frank/Library/CloudStorage/Dropbox/projects/psychedelics_knowledge_graph/data/raw/papers/pdfs/10.31234_osf.io_pefct_v1__42e375000b.pdf,False,,,,0,[],[],[],"[""identity_mismatch""]",ambiguous_non_pmc_conflict,,,,,,no_active_pdf,
10.31234/osf.io/vhs4a_v1,"[""quarantined""]",quarantined_no_canonical_artifact,,,,/Users/frank/Library/CloudStorage/Dropbox/projects/psychedelics_knowledge_graph/data/processed/fulltext/source_identity_quarantine_20260710/quarantined_artifacts/10_31234_osf_io_vhs4a_v1.json,grobid,/Users/frank/Library/CloudStorage/Dropbox/projects/psychedelics_knowledge_graph/data/raw/papers/pdfs/10.31234_osf.io_vhs4a_v1__7c658b484e.pdf,False,,,,0,[],[],[],"[""identity_mismatch""]",benign_conflict,,,,,,no_active_pdf,
10.31234/osf.io/yjx5d,"[""quarantined""]",quarantined_no_canonical_artifact,,,,/Users/frank/Library/CloudStorage/Dropbox/projects/psychedelics_knowledge_graph/data/processed/fulltext/source_identity_quarantine_20260710/quarantined_artifacts/10_31234_osf_io_yjx5d.json,grobid,/Users/frank/Library/CloudStorage/Dropbox/projects/psychedelics_knowledge_graph/data/raw/papers/pdfs/10.31234_osf.io_yjx5d__10ce1f4f5d.pdf,False,,,,0,[],[],[],"[""identity_unverified""]",,,,,,,no_active_pdf,
10.31234/osf.io/yzmcj,"[""quarantined""]",quarantined_no_canonical_artifact,,,,/Users/frank/Library/CloudStorage/Dropbox/projects/psychedelics_knowledge_graph/data/processed/fulltext/source_identity_quarantine_20260710/quarantined_artifacts/10_31234_osf_io_yzmcj.json,grobid,/Users/frank/Library/CloudStorage/Dropbox/projects/psychedelics_knowledge_graph/data/raw/papers/pdfs/10.31234_osf.io_yzmcj__387af18232.pdf,False,,,,0,[],[],[],"[""identity_unverified""]",,,,,,,no_active_pdf,
10.3138/jmvfh-2023-0014,"[""quarantined""]",quarantined_no_canonical_artifact,,,,/Users/frank/Library/CloudStorage/Dropbox/projects/psychedelics_knowledge_graph/data/processed/fulltext/source_identity_quarantine_20260710/quarantined_artifacts/10_3138_jmvfh_2023_0014.json,grobid,/Users/frank/Library/CloudStorage/Dropbox/projects/psychedelics_knowledge_graph/data/raw/papers/pdfs/10.3138_jmvfh-2023-0014__26cf962a35.pdf,False,,,,0,[],[],[],"[""identity_unverified""]",no_header_wrong_or_ancillary,,,,,,no_active_pdf,
10.31480/2330-4871/004,"[""quarantined""]",quarantined_no_canonical_artifact,,,,/Users/frank/Library/CloudStorage/Dropbox/projects/psychedelics_knowledge_graph/data/processed/fulltext/source_identity_quarantine_20260710/quarantined_artifacts/10_31480_2330_4871_004.json,grobid,/Users/frank/Library/CloudStorage/Dropbox/projects/psychedelics_knowledge_graph/data/raw/papers/mechanistic/pdfs/10.31480_2330-4871_004__0068ae0bb2.pdf,False,True,/Users/frank/Library/CloudStorage/Dropbox/projects/psychedelics_knowledge_graph/data/raw/papers/pdfs/10.31480_2330-4871_004__0068ae0bb2.pdf,64e2b62ff01b1020e96f1fac31d1fe55fbb47b431ee89bb2398719546a097ef5,318938,[],"[{""row_index"": 47544, ""doi"": ""10.31480/2330-4871/004"", ""pdf_download_status"": ""source_identity_quarantined"", ""flag_has_local_pdf"": false, ""has_converted_full_text"": false, ""fulltext_artifact_paths"": """", ""fields"": [""local_pdf_paths""]}]",[],"[""identity_unverified""]",,,,,,,quarantine_candidate_clear_candidate_references,[]
10.31986/issn.2689-0690_rdw.stratford_research_day.149_2024,"[""quarantined""]",quarantined_no_canonical_artifact,,,,/Users/frank/Library/CloudStorage/Dropbox/projects/psychedelics_knowledge_graph/data/processed/fulltext/source_identity_quarantine_20260710/quarantined_artifacts/10_31986_issn_2689_0690_rdw_stratford_research_day_149_2024.json,grobid,/Users/frank/Library/CloudStorage/Dropbox/projects/psychedelics_knowledge_graph/data/raw/papers/pdfs/10.31986_issn.2689-0690_rdw.stratford_research_day.149_2024__b51be9aa2c.pdf,False,,,,0,[],[],[],"[""identity_unverified"", ""unsegmented_proceedings_container""]",proceedings_container,,,,,,no_active_pdf,
10.32383/farmpol/215392,"[""quarantined"", ""replaced""]",quarantined_no_canonical_artifact,,,,/Users/frank/Library/CloudStorage/Dropbox/projects/psychedelics_knowledge_graph/data/processed/fulltext/source_identity_quarantine_20260710/quarantined_artifacts/10_32383_farmpol_215392.json,grobid,/Users/frank/Library/CloudStorage/Dropbox/projects/psychedelics_knowledge_graph/data/raw/papers/pdfs/10.32383_farmpol_215392__a4cfd07d40.pdf,False,,,,0,[],[],[],"[""identity_mismatch""]",ambiguous_non_pmc_conflict,,,,,,no_active_pdf,
10.32388/6gur54,"[""replaced""]",retained_verified_canonical_artifact,/Users/frank/Library/CloudStorage/Dropbox/projects/psychedelics_knowledge_graph/data/processed/fulltext/articles/10_32388_6gur54.json,grobid,verified_exact_doi,/Users/frank/Library/CloudStorage/Dropbox/projects/psychedelics_knowledge_graph/data/processed/fulltext/source_identity_quarantine_20260710/replaced_artifacts/10_32388_6gur54.json,docling,/Users/frank/Library/CloudStorage/Dropbox/projects/psychedelics_knowledge_graph/data/raw/papers/mechanistic/pdfs/10.32388_6gur54__ebbf0a923a.pdf,False,True,/Users/frank/Library/CloudStorage/Dropbox/projects/psychedelics_knowledge_graph/data/raw/papers/pdfs/10.32388_6gur54__ebbf0a923a.pdf,5a0a6cb0582fcfc512366498534cb3b4dc0ca333ada778a796745cee32083abe,17883,"[""10.32388/6gur54""]","[{""row_index"": 47757, ""doi"": ""10.32388/6gur54"", ""pdf_download_status"": ""already_present"", ""flag_has_local_pdf"": true, ""has_converted_full_text"": false, ""fulltext_artifact_paths"": """", ""fields"": [""local_pdf_paths"", ""pdf_local_path""]}]",[],[],,,,,,,retain_validated_pdf,
10.32388/6lzi40,"[""replaced""]",retained_verified_canonical_artifact,/Users/frank/Library/CloudStorage/Dropbox/projects/psychedelics_knowledge_graph/data/processed/fulltext/articles/10_32388_6lzi40.json,grobid,verified_exact_doi,/Users/frank/Library/CloudStorage/Dropbox/projects/psychedelics_knowledge_graph/data/processed/fulltext/source_identity_quarantine_20260710/replaced_artifacts/10_32388_6lzi40.json,docling,/Users/frank/Library/CloudStorage/Dropbox/projects/psychedelics_knowledge_graph/data/raw/papers/mechanistic/pdfs/10.32388_6lzi40__0e117d1fa1.pdf,False,True,/Users/frank/Library/CloudStorage/Dropbox/projects/psychedelics_knowledge_graph/data/raw/papers/pdfs/10.32388_6lzi40__0e117d1fa1.pdf,8fa076f2971c91f3b5a0c37c0f743092b123dfe657098cc320ab3d227e9a604f,17477,"[""10.32388/6lzi40""]","[{""row_index"": 47759, ""doi"": ""10.32388/6lzi40"", ""pdf_download_status"": ""already_present"", ""flag_has_local_pdf"": true, ""has_converted_full_text"": false, ""fulltext_artifact_paths"": """", ""fields"": [""local_pdf_paths"", ""pdf_local_path""]}]",[],[],,,,,,,retain_validated_pdf,
10.32388/afll3v,"[""replaced""]",retained_verified_canonical_artifact,/Users/frank/Library/CloudStorage/Dropbox/projects/psychedelics_knowledge_graph/data/processed/fulltext/articles/10_32388_afll3v.json,grobid,verified_exact_doi,/Users/frank/Library/CloudStorage/Dropbox/projects/psychedelics_knowledge_graph/data/processed/fulltext/source_identity_quarantine_20260710/replaced_artifacts/10_32388_afll3v.json,docling,/Users/frank/Library/CloudStorage/Dropbox/projects/psychedelics_knowledge_graph/data/raw/papers/mechanistic/pdfs/10.32388_afll3v__4396027cf5.pdf,False,True,/Users/frank/Library/CloudStorage/Dropbox/projects/psychedelics_knowledge_graph/data/raw/papers/pdfs/10.32388_afll3v__4396027cf5.pdf,447810ae73b60ee5cba94a1477fa9ea26f56754d9e4dc0de480b19c017f773a2,16450,"[""10.32388/afll3v""]","[{""row_index"": 47766, ""doi"": ""10.32388/afll3v"", ""pdf_download_status"": ""already_present"", ""flag_has_local_pdf"": true, ""has_converted_full_text"": false, ""fulltext_artifact_paths"": """", ""fields"": [""local_pdf_paths"", ""pdf_local_path""]}]",[],[],,,,,,,retain_validated_pdf,
10.32388/ik42fe,"[""replaced""]",retained_verified_canonical_artifact,/Users/frank/Library/CloudStorage/Dropbox/projects/psychedelics_knowledge_graph/data/processed/fulltext/articles/10_32388_ik42fe.json,grobid,verified_exact_doi,/Users/frank/Library/CloudStorage/Dropbox/projects/psychedelics_knowledge_graph/data/processed/fulltext/source_identity_quarantine_20260710/replaced_artifacts/10_32388_ik42fe.json,docling,/Users/frank/Library/CloudStorage/Dropbox/projects/psychedelics_knowledge_graph/data/raw/papers/mechanistic/pdfs/10.32388_ik42fe__6f63b9f25a.pdf,False,True,/Users/frank/Library/CloudStorage/Dropbox/projects/psychedelics_knowledge_graph/data/raw/papers/pdfs/10.32388_ik42fe__6f63b9f25a.pdf,dab5a329a17190d90d6c0b59a79c276de9bc5c2def568b0bd58876f2cb568271,16895,"[""10.32388/ik42fe""]","[{""row_index"": 47780, ""doi"": ""10.32388/ik42fe"", ""pdf_download_status"": ""already_present"", ""flag_has_local_pdf"": true, ""has_converted_full_text"": false, ""fulltext_artifact_paths"": """", ""fields"": [""local_pdf_paths"", ""pdf_local_path""]}]",[],[],,,,,,,retain_validated_pdf,
10.32388/pctl2o,"[""quarantined""]",quarantined_no_canonical_artifact,,,,/Users/frank/Library/CloudStorage/Dropbox/projects/psychedelics_knowledge_graph/data/processed/fulltext/source_identity_quarantine_20260710/quarantined_artifacts/10_32388_pctl2o.json,docling,/Users/frank/Library/CloudStorage/Dropbox/projects/psychedelics_knowledge_graph/data/raw/papers/mechanistic/pdfs/10.32388_pctl2o__65bb09e623.pdf,False,True,/Users/frank/Library/CloudStorage/Dropbox/projects/psychedelics_knowledge_graph/data/raw/papers/pdfs/10.32388_pctl2o__65bb09e623.pdf,2a86a2b9cdf47dee71bc5d38dae3072b0455b88699291ff82e0bb6dc9722beaf,16752,[],"[{""row_index"": 47791, ""doi"": ""10.32388/pctl2o"", ""pdf_download_status"": ""source_identity_quarantined"", ""flag_has_local_pdf"": false, ""has_converted_full_text"": false, ""fulltext_artifact_paths"": """", ""fields"": [""local_pdf_paths""]}]",[],"[""identity_unverified""]",,,,,,,quarantine_candidate_clear_candidate_references,[]
10.32388/t3em5e.2,"[""replaced""]",retained_verified_canonical_artifact,/Users/frank/Library/CloudStorage/Dropbox/projects/psychedelics_knowledge_graph/data/processed/fulltext/articles/10_32388_t3em5e_2.json,grobid,verified_exact_doi,/Users/frank/Library/CloudStorage/Dropbox/projects/psychedelics_knowledge_graph/data/processed/fulltext/source_identity_quarantine_20260710/replaced_artifacts/10_32388_t3em5e_2.json,grobid,/Users/frank/Library/CloudStorage/Dropbox/projects/psychedelics_knowledge_graph/data/raw/papers/disorder/pdfs/10.32388_t3em5e.2__814b8b6082.pdf,False,True,/Users/frank/Library/CloudStorage/Dropbox/projects/psychedelics_knowledge_graph/data/raw/papers/pdfs/10.32388_t3em5e.2__814b8b6082.pdf,91665a0d6cc2a1c5e76db5cddbbf7f22157defdfb8599dcbbb86a262bb9aab00,235044,"[""10.32388/t3em5e.2""]","[{""row_index"": 47808, ""doi"": ""10.32388/t3em5e.2"", ""pdf_download_status"": ""downloaded"", ""flag_has_local_pdf"": true, ""has_converted_full_text"": false, ""fulltext_artifact_paths"": """", ""fields"": [""local_pdf_paths"", ""pdf_local_path""]}]",[],[],,,,,,,retain_validated_pdf,
10.32592/yafteh.2024.26.3.45,"[""quarantined""]",quarantined_no_canonical_artifact,,,,/Users/frank/Library/CloudStorage/Dropbox/projects/psychedelics_knowledge_graph/data/processed/fulltext/source_identity_quarantine_20260710/quarantined_artifacts/10_32592_yafteh_2024_26_3_45.json,docling,/Users/frank/Library/CloudStorage/Dropbox/projects/psychedelics_knowledge_graph/data/raw/papers/disorder/pdfs/10.32592_yafteh.2024.26.3.45__a62e9b6711.pdf,False,True,/Users/frank/Library/CloudStorage/Dropbox/projects/psychedelics_knowledge_graph/data/raw/papers/pdfs/10.32592_yafteh.2024.26.3.45__a62e9b6711.pdf,8e97ac4db46991db50bc41e527e793c5542ed2575ec7a6869122580906f9589a,684232,[],"[{""row_index"": 47849, ""doi"": ""10.32592/yafteh.2024.26.3.45"", ""pdf_download_status"": ""source_identity_quarantined"", ""flag_has_local_pdf"": false, ""has_converted_full_text"": false, ""fulltext_artifact_paths"": """", ""fields"": [""local_pdf_paths""]}]",[],"[""identity_unverified""]",,,,,,,quarantine_candidate_clear_candidate_references,[]
10.33015/dominican.edu/2024.nurs.rp.19,"[""quarantined""]",quarantined_no_canonical_artifact,,,,/Users/frank/Library/CloudStorage/Dropbox/projects/psychedelics_knowledge_graph/data/processed/fulltext/source_identity_quarantine_20260710/quarantined_artifacts/10_33015_dominican_edu_2024_nurs_rp_19.json,grobid,/Users/frank/Library/CloudStorage/Dropbox/projects/psychedelics_knowledge_graph/data/raw/papers/pdfs/10.33015_dominican.edu_2024.nurs.rp.19__7b88d59c78.pdf,False,,,,0,[],[],[],"[""target_text_with_conflicting_doi""]",repository_or_nested_document,,,,,,no_active_pdf,
10.33178/smj.2025.1.4,"[""replaced""]",retained_verified_canonical_artifact,/Users/frank/Library/CloudStorage/Dropbox/projects/psychedelics_knowledge_graph/data/processed/fulltext/articles/10_33178_smj_2025_1_4.json,grobid,verified_exact_doi,/Users/frank/Library/CloudStorage/Dropbox/projects/psychedelics_knowledge_graph/data/processed/fulltext/source_identity_quarantine_20260710/replaced_artifacts/10_33178_smj_2025_1_4.json,docling,/Users/frank/Library/CloudStorage/Dropbox/projects/psychedelics_knowledge_graph/data/raw/papers/disorder/pdfs/10.33178_smj.2025.1.4__8635cf072d.pdf,False,True,/Users/frank/Library/CloudStorage/Dropbox/projects/psychedelics_knowledge_graph/data/raw/papers/pdfs/10.33178_smj.2025.1.4__8635cf072d.pdf,ab764010903ab27f6dc1deb78900a13e838bb7aa3e8f7b576b559f4d5f6406d4,1905760,"[""10.33178/smj.2025.1.4""]","[{""row_index"": 47947, ""doi"": ""10.33178/smj.2025.1.4"", ""pdf_download_status"": ""already_present"", ""flag_has_local_pdf"": true, ""has_converted_full_text"": true, ""fulltext_artifact_paths"": ""/Users/frank/Library/CloudStorage/Dropbox/projects/psychedelics_knowledge_graph/data/processed/fulltext/articles/10_33178_smj_2025_1_4.json"", ""fields"": [""local_pdf_paths"", ""pdf_local_path""]}]",[],[],,,,,,,retain_validated_pdf,
10.33425/2693-1516.1022,"[""quarantined""]",quarantined_no_canonical_artifact,,,,/Users/frank/Library/CloudStorage/Dropbox/projects/psychedelics_knowledge_graph/data/processed/fulltext/source_identity_quarantine_20260710/quarantined_artifacts/10_33425_2693_1516_1022.json,grobid,/Users/frank/Library/CloudStorage/Dropbox/projects/psychedelics_knowledge_graph/data/raw/papers/pdfs/10.33425_2693-1516.1022__58385b2fb3.pdf,False,,,,0,[],[],[],"[""identity_unverified""]",,,,,,,no_active_pdf,
10.3389/conf.fnins.2019.96.00055,"[""replaced""]",retained_verified_canonical_artifact,/Users/frank/Library/CloudStorage/Dropbox/projects/psychedelics_knowledge_graph/data/processed/fulltext/articles/10_3389_conf_fnins_2019_96_00055.json,grobid,verified_title_only,/Users/frank/Library/CloudStorage/Dropbox/projects/psychedelics_knowledge_graph/data/processed/fulltext/source_identity_quarantine_20260710/replaced_artifacts/10_3389_conf_fnins_2019_96_00055.json,docling,/Users/frank/Library/CloudStorage/Dropbox/projects/psychedelics_knowledge_graph/data/raw/papers/mechanistic/pdfs/10.3389_conf.fnins.2019.96.00055__ebea58d6d0.pdf,False,True,/Users/frank/Library/CloudStorage/Dropbox/projects/psychedelics_knowledge_graph/data/raw/papers/pdfs/10.3389_conf.fnins.2019.96.00055__ebea58d6d0.pdf,226c14bde09f774671e9a445501f66af82c5a6d874f644bfae843c8ae7253a8f,80434,"[""10.3389/conf.fnins.2019.96.00055""]","[{""row_index"": 48061, ""doi"": ""10.3389/conf.fnins.2019.96.00055"", ""pdf_download_status"": ""already_present"", ""flag_has_local_pdf"": true, ""has_converted_full_text"": false, ""fulltext_artifact_paths"": """", ""fields"": [""local_pdf_paths"", ""pdf_local_path""]}]",[],[],,,,,,,retain_validated_pdf,
10.3389/fcvm.2017.00048,"[""quarantined""]",quarantined_no_canonical_artifact,,,,/Users/frank/Library/CloudStorage/Dropbox/projects/psychedelics_knowledge_graph/data/processed/fulltext/source_identity_quarantine_20260710/quarantined_artifacts/10_3389_fcvm_2017_00048.json,docling,/Users/frank/Library/CloudStorage/Dropbox/projects/psychedelics_knowledge_graph/data/raw/papers/mechanistic/pdfs/10.3389_fcvm.2017.00048__95bd27b467.pdf,False,True,/Users/frank/Library/CloudStorage/Dropbox/projects/psychedelics_knowledge_graph/data/raw/papers/pdfs/10.3389_fcvm.2017.00048__95bd27b467.pdf,c17c9d4297198f3c5e5959a4e74c5b891e67ec8984f416252d95c4a6c506511d,1063074,[],"[{""row_index"": 48100, ""doi"": ""10.3389/fcvm.2017.00048"", ""pdf_download_status"": ""source_identity_quarantined"", ""flag_has_local_pdf"": false, ""has_converted_full_text"": false, ""fulltext_artifact_paths"": """", ""fields"": [""local_pdf_paths""]}]",[],"[""identity_mismatch""]",,valid_exact,,,,keep_current_artifact,quarantine_candidate_clear_candidate_references,[]
10.3389/fimmu.2023.1102312,"[""quarantined""]",quarantined_no_canonical_artifact,,,,/Users/frank/Library/CloudStorage/Dropbox/projects/psychedelics_knowledge_graph/data/processed/fulltext/source_identity_quarantine_20260710/quarantined_artifacts/10_3389_fimmu_2023_1102312.json,docling,/Users/frank/Library/CloudStorage/Dropbox/projects/psychedelics_knowledge_graph/data/raw/papers/mechanistic/pdfs/10.3389_fimmu.2023.1102312__b1653138df.pdf,False,True,/Users/frank/Library/CloudStorage/Dropbox/projects/psychedelics_knowledge_graph/data/raw/papers/pdfs/10.3389_fimmu.2023.1102312__b1653138df.pdf,479b1ab1a8222fd034417a77d2cb740f73f98fc6c7d3b74fe1dd6f0d3360a310,1091156,[],"[{""row_index"": 48251, ""doi"": ""10.3389/fimmu.2023.1102312"", ""pdf_download_status"": ""source_identity_quarantined"", ""flag_has_local_pdf"": false, ""has_converted_full_text"": false, ""fulltext_artifact_paths"": """", ""fields"": [""local_pdf_paths""]}]",[],"[""identity_unverified""]",,valid_exact,,,,keep_current_artifact,quarantine_candidate_clear_candidate_references,[]
10.3389/fimmu.2025.1535782,"[""replaced""]",replaced_by_verified_exact_jats,/Users/frank/Library/CloudStorage/Dropbox/projects/psychedelics_knowledge_graph/data/processed/fulltext/articles/10_3389_fimmu_2025_1535782.json,europepmc_fulltext_xml,verified_exact_doi,/Users/frank/Library/CloudStorage/Dropbox/projects/psychedelics_knowledge_graph/data/processed/fulltext/source_identity_quarantine_20260710/replaced_artifacts/10_3389_fimmu_2025_1535782.json,docling,/Users/frank/Library/CloudStorage/Dropbox/projects/psychedelics_knowledge_graph/data/raw/papers/disorder/pdfs/10.3389_fimmu.2025.1535782__c3a04b06cb.pdf,False,True,/Users/frank/Library/CloudStorage/Dropbox/projects/psychedelics_knowledge_graph/data/raw/papers/pdfs/10.3389_fimmu.2025.1535782__c3a04b06cb.pdf,d81587df83683433ca66e434e723e0dd5e9c9f13e9034c5b10f18b8361ddc85f,2399325,[],"[{""row_index"": 48277, ""doi"": ""10.3389/fimmu.2025.1535782"", ""pdf_download_status"": ""downloaded"", ""flag_has_local_pdf"": true, ""has_converted_full_text"": true, ""fulltext_artifact_paths"": ""/Users/frank/Library/CloudStorage/Dropbox/projects/psychedelics_knowledge_graph/data/processed/fulltext/articles/10_3389_fimmu_2025_1535782.json"", ""fields"": [""local_pdf_paths"", ""pdf_local_path""]}]",[],[],,unresolved,,,,refetch_europepmc_jats:11839422,quarantine_candidate_clear_candidate_references,[]
10.3389/fneur.2022.1034243,"[""quarantined""]",quarantined_no_canonical_artifact,,,,/Users/frank/Library/CloudStorage/Dropbox/projects/psychedelics_knowledge_graph/data/processed/fulltext/source_identity_quarantine_20260710/quarantined_artifacts/10_3389_fneur_2022_1034243.json,grobid,/Users/frank/Library/CloudStorage/Dropbox/projects/psychedelics_knowledge_graph/data/raw/papers/mechanistic/pdfs/10.3389_fneur.2022.1034243__adbef04dbe.pdf,False,True,/Users/frank/Library/CloudStorage/Dropbox/projects/psychedelics_knowledge_graph/data/raw/papers/pdfs/10.3389_fneur.2022.1034243__adbef04dbe.pdf,577a96ddef8d112d2c4a7852c5ba067b5f0ac5998823549bc9e856cb581565e7,1657117,[],"[{""row_index"": 48675, ""doi"": ""10.3389/fneur.2022.1034243"", ""pdf_download_status"": ""source_identity_quarantined"", ""flag_has_local_pdf"": false, ""has_converted_full_text"": false, ""fulltext_artifact_paths"": """", ""fields"": [""local_pdf_paths""]}]",[],"[""identity_unverified""]",,valid_exact,,"Cao Y, Yu F, Lyu Y and Lu X ( ) Promising candidates from drug clinical trials: Implications for clinical treatment of Alzheimer's disease in",0.8516,keep_current_artifact,quarantine_candidate_clear_candidate_references,[]
10.3389/fnmol.2018.00312,"[""quarantined""]",quarantined_no_canonical_artifact,,,,/Users/frank/Library/CloudStorage/Dropbox/projects/psychedelics_knowledge_graph/data/processed/fulltext/source_identity_quarantine_20260710/quarantined_artifacts/10_3389_fnmol_2018_00312.json,grobid,/Users/frank/Library/CloudStorage/Dropbox/projects/psychedelics_knowledge_graph/data/raw/papers/disorder/pdfs/10.3389_fnmol.2018.00312__c1eb146da9.pdf,False,True,/Users/frank/Library/CloudStorage/Dropbox/projects/psychedelics_knowledge_graph/data/raw/papers/pdfs/10.3389_fnmol.2018.00312__c1eb146da9.pdf,964adbb1b15c0e0d30926a5a0de0f376957288dabd76fab99481daeada52033d,2397928,[],"[{""row_index"": 49072, ""doi"": ""10.3389/fnmol.2018.00312"", ""pdf_download_status"": ""source_identity_quarantined"", ""flag_has_local_pdf"": false, ""has_converted_full_text"": false, ""fulltext_artifact_paths"": """", ""fields"": [""local_pdf_paths""]}]",[],"[""main_article_points_to_correction""]",,valid_exact,10.3389/fnmol.2018.00312,"Corrigendum: A Single Dose of 5-MeO-DMT Stimulates Cell Proliferation, Neuronal Survivability, Morphological and Functional Changes in Adult Mice Ventral Dentate Gyrus",0.9595,keep_current_artifact,quarantine_candidate_clear_candidate_references,[]
10.3389/fpain.2025.1593908,"[""replaced""]",replaced_by_verified_exact_jats,/Users/frank/Library/CloudStorage/Dropbox/projects/psychedelics_knowledge_graph/data/processed/fulltext/articles/10_3389_fpain_2025_1593908.json,europepmc_fulltext_xml,verified_exact_doi,/Users/frank/Library/CloudStorage/Dropbox/projects/psychedelics_knowledge_graph/data/processed/fulltext/source_identity_quarantine_20260710/replaced_artifacts/10_3389_fpain_2025_1593908.json,docling,/Users/frank/Library/CloudStorage/Dropbox/projects/psychedelics_knowledge_graph/data/raw/papers/disorder/pdfs/10.3389_fpain.2025.1593908__1db857630a.pdf,False,True,/Users/frank/Library/CloudStorage/Dropbox/projects/psychedelics_knowledge_graph/data/raw/papers/pdfs/10.3389_fpain.2025.1593908__1db857630a.pdf,8b0b19dfddbb213f1e0b93381d278e51bb5d46ac43e948d5bb55833a74c1bfc8,399554,[],"[{""row_index"": 49245, ""doi"": ""10.3389/fpain.2025.1593908"", ""pdf_download_status"": ""downloaded"", ""flag_has_local_pdf"": true, ""has_converted_full_text"": false, ""fulltext_artifact_paths"": """", ""fields"": [""local_pdf_paths"", ""pdf_local_path""]}]",[],[],,unresolved,,,,refetch_europepmc_jats:12106312,quarantine_candidate_clear_candidate_references,[]
10.3389/fpsyt.2018.00313,"[""quarantined""]",quarantined_no_canonical_artifact,,,,/Users/frank/Library/CloudStorage/Dropbox/projects/psychedelics_knowledge_graph/data/processed/fulltext/source_identity_quarantine_20260710/quarantined_artifacts/10_3389_fpsyt_2018_00313.json,grobid,/Users/frank/Library/CloudStorage/Dropbox/projects/psychedelics_knowledge_graph/data/raw/papers/pdfs/10.3389_fpsyt.2018.00313__55cba1aada.pdf,False,,,,0,[],[],[],"[""main_article_points_to_correction""]",correction_or_erratum,,,,,,no_active_pdf,
10.3389/fpsyt.2022.954388,"[""quarantined""]",quarantined_no_canonical_artifact,,,,/Users/frank/Library/CloudStorage/Dropbox/projects/psychedelics_knowledge_graph/data/processed/fulltext/source_identity_quarantine_20260710/quarantined_artifacts/10_3389_fpsyt_2022_954388.json,grobid,/Users/frank/Library/CloudStorage/Dropbox/projects/psychedelics_knowledge_graph/data/raw/papers/disorder/pdfs/10.3389_fpsyt.2022.954388__85a229a2c6.pdf,False,True,/Users/frank/Library/CloudStorage/Dropbox/projects/psychedelics_knowledge_graph/data/raw/papers/pdfs/10.3389_fpsyt.2022.954388__85a229a2c6.pdf,241e3fec0deb1b3f78c3a3f3899be6ccae9aefacbc6e4a0afc9c83c4d4125fe2,546263,[],"[{""row_index"": 50247, ""doi"": ""10.3389/fpsyt.2022.954388"", ""pdf_download_status"": ""source_identity_quarantined"", ""flag_has_local_pdf"": false, ""has_converted_full_text"": false, ""fulltext_artifact_paths"": """", ""fields"": [""local_pdf_paths""]}]",[],"[""identity_unverified""]",,valid_exact,,"Berra Yazar-Klosinski, Multidisciplinary Association for Psychedelic Studies, United States REVIEWED BY",0.2294,keep_current_artifact,quarantine_candidate_clear_candidate_references,[]
10.34172/ddj.2023.437,"[""quarantined""]",quarantined_no_canonical_artifact,,,,/Users/frank/Library/CloudStorage/Dropbox/projects/psychedelics_knowledge_graph/data/processed/fulltext/source_identity_quarantine_20260710/quarantined_artifacts/10_34172_ddj_2023_437.json,grobid,/Users/frank/Library/CloudStorage/Dropbox/projects/psychedelics_knowledge_graph/data/raw/papers/pdfs/10.34172_ddj.2023.437__1118e5eb68.pdf,False,,,,0,[],[],[],"[""identity_mismatch""]",manual_wrong_pdf,,,,,,no_active_pdf,
10.34626/n9hp-ar70,"[""quarantined""]",quarantined_no_canonical_artifact,,,,/Users/frank/Library/CloudStorage/Dropbox/projects/psychedelics_knowledge_graph/data/processed/fulltext/source_identity_quarantine_20260710/quarantined_artifacts/10_34626_n9hp_ar70.json,grobid,/Users/frank/Library/CloudStorage/Dropbox/projects/psychedelics_knowledge_graph/data/raw/papers/mechanistic/pdfs/10.34626_n9hp-ar70__db16759bb3.pdf,False,True,/Users/frank/Library/CloudStorage/Dropbox/projects/psychedelics_knowledge_graph/data/raw/papers/pdfs/10.34626_n9hp-ar70__db16759bb3.pdf,a25ff52b55107da3222406dcb424a4f2821be435233449a0834f9f8fa5a987a5,9746792,[],"[{""row_index"": 52874, ""doi"": ""10.34626/n9hp-ar70"", ""pdf_download_status"": ""source_identity_quarantined"", ""flag_has_local_pdf"": false, ""has_converted_full_text"": false, ""fulltext_artifact_paths"": """", ""fields"": [""local_pdf_paths""]}]",[],"[""identity_unverified""]",,,,,,,quarantine_candidate_clear_candidate_references,[]
10.3758/s13415-023-01118-z,"[""quarantined""]",quarantined_no_canonical_artifact,,,,/Users/frank/Library/CloudStorage/Dropbox/projects/psychedelics_knowledge_graph/data/processed/fulltext/source_identity_quarantine_20260710/quarantined_artifacts/10_3758_s13415_023_01118_z.json,pmc_oai_xml,,False,,,,0,[],[],[],"[""identity_mismatch""]",,wrong_cited_reference_pmcid,10.1016/j.bbr.2012.04.049,Deficits in emotional learning and memory in an animal model of schizophrenia,0.3077,no_correct_pmc_xml:validated_publisher_or_repository_pdf_else_abstract,no_active_pdf,
10.3923/ijp.2011.471.477,"[""quarantined""]",quarantined_no_canonical_artifact,,,,/Users/frank/Library/CloudStorage/Dropbox/projects/psychedelics_knowledge_graph/data/processed/fulltext/source_identity_quarantine_20260710/quarantined_artifacts/10_3923_ijp_2011_471_477.json,grobid,/Users/frank/Library/CloudStorage/Dropbox/projects/psychedelics_knowledge_graph/data/raw/papers/pdfs/10.3923_ijp.2011.471.477__4b42aff1b4.pdf,False,,,,0,[],[],[],"[""identity_unverified""]",no_header_wrong_or_ancillary,,,,,,no_active_pdf,
10.4102/sajpsychiatry.v24i0.1139,"[""replaced""]",replaced_by_verified_exact_jats,/Users/frank/Library/CloudStorage/Dropbox/projects/psychedelics_knowledge_graph/data/processed/fulltext/articles/10_4102_sajpsychiatry_v24i0_1139.json,europepmc_fulltext_xml,verified_exact_doi,/Users/frank/Library/CloudStorage/Dropbox/projects/psychedelics_knowledge_graph/data/processed/fulltext/source_identity_quarantine_20260710/replaced_artifacts/10_4102_sajpsychiatry_v24i0_1139.json,grobid,/Users/frank/Library/CloudStorage/Dropbox/projects/psychedelics_knowledge_graph/data/raw/papers/pdfs/10.4102_sajpsychiatry.v24i0.1139__41efff48e3.pdf,True,True,/Users/frank/Library/CloudStorage/Dropbox/projects/psychedelics_knowledge_graph/data/raw/papers/pdfs/10.4102_sajpsychiatry.v24i0.1139__41efff48e3.pdf,0d6d87011b65d27c56091f0bb23647e70ca290230fc8d84e8386b4702d477b6b,1690207,[],"[{""row_index"": 53536, ""doi"": ""10.4102/sajpsychiatry.v24i0.1139"", ""pdf_download_status"": ""skipped"", ""flag_has_local_pdf"": true, ""has_converted_full_text"": true, ""fulltext_artifact_paths"": ""/Users/frank/Library/CloudStorage/Dropbox/projects/psychedelics_knowledge_graph/data/processed/fulltext/articles/10_4102_sajpsychiatry_v24i0_1139.json"", ""fields"": [""local_pdf_paths"", ""pdf_local_path""]}]",[],[],,unresolved,10.4102/sajpsychiatry,South African Journal of Psychiatry,0.2162,refetch_europepmc_jats:6138152,quarantine_candidate_clear_candidate_references,[]
10.4103/0019-5545.166627,"[""replaced""]",replaced_by_verified_exact_jats,/Users/frank/Library/CloudStorage/Dropbox/projects/psychedelics_knowledge_graph/data/processed/fulltext/articles/10_4103_0019_5545_166627.json,europepmc_fulltext_xml,verified_exact_doi,/Users/frank/Library/CloudStorage/Dropbox/projects/psychedelics_knowledge_graph/data/processed/fulltext/source_identity_quarantine_20260710/replaced_artifacts/10_4103_0019_5545_166627.json,grobid,/Users/frank/Library/CloudStorage/Dropbox/projects/psychedelics_knowledge_graph/data/raw/papers/disorder/pdfs/10.4103_0019-5545.166627__b19bf2d3f0.pdf,False,True,/Users/frank/Library/CloudStorage/Dropbox/projects/psychedelics_knowledge_graph/data/raw/papers/pdfs/10.4103_0019-5545.166627__b19bf2d3f0.pdf,ff9d0362d9f7502e03832e68db2fc0dbe80617851a089cac9ae13fa135a39967,338482,[],"[{""row_index"": 53543, ""doi"": ""10.4103/0019-5545.166627"", ""pdf_download_status"": ""downloaded"", ""flag_has_local_pdf"": true, ""has_converted_full_text"": true, ""fulltext_artifact_paths"": ""/Users/frank/Library/CloudStorage/Dropbox/projects/psychedelics_knowledge_graph/data/processed/fulltext/articles/10_4103_0019_5545_166627.json"", ""fields"": [""local_pdf_paths"", ""pdf_local_path""]}]",[],[],,unresolved,10.4103/0019-5545.166633,,,refetch_europepmc_jats:4623663,quarantine_candidate_clear_candidate_references,[]
10.4103/0019-5545.341666,"[""replaced""]",replaced_by_verified_exact_jats,/Users/frank/Library/CloudStorage/Dropbox/projects/psychedelics_knowledge_graph/data/processed/fulltext/articles/10_4103_0019_5545_341666.json,europepmc_fulltext_xml,verified_exact_doi,/Users/frank/Library/CloudStorage/Dropbox/projects/psychedelics_knowledge_graph/data/processed/fulltext/source_identity_quarantine_20260710/replaced_artifacts/10_4103_0019_5545_341666.json,grobid,/Users/frank/Library/CloudStorage/Dropbox/projects/psychedelics_knowledge_graph/data/raw/papers/disorder/pdfs/10.4103_0019-5545.341666__66bad5da34.pdf,False,True,/Users/frank/Library/CloudStorage/Dropbox/projects/psychedelics_knowledge_graph/data/raw/papers/pdfs/10.4103_0019-5545.341666__66bad5da34.pdf,01df5f45d85a4e53fd8d6e62879fa6fb43ad64e820695864ef67c795d1dae9e6,331610,[],"[{""row_index"": 53546, ""doi"": ""10.4103/0019-5545.341666"", ""pdf_download_status"": ""downloaded"", ""flag_has_local_pdf"": true, ""has_converted_full_text"": true, ""fulltext_artifact_paths"": ""/Users/frank/Library/CloudStorage/Dropbox/projects/psychedelics_knowledge_graph/data/processed/fulltext/articles/10_4103_0019_5545_341666.json"", ""fields"": [""local_pdf_paths"", ""pdf_local_path""]}]",[],[],,unresolved,,Sociodemographic Profile of Patients Visiting Ketamine Clinic For Treatment Resistant Depression And Active Suicidality,0.2014,refetch_europepmc_jats:9129859,quarantine_candidate_clear_candidate_references,[]
10.4161/oxim.2.4.9380,"[""replaced""]",replaced_by_verified_exact_jats,/Users/frank/Library/CloudStorage/Dropbox/projects/psychedelics_knowledge_graph/data/processed/fulltext/articles/10_4161_oxim_2_4_9380.json,europepmc_fulltext_xml,verified_exact_doi,/Users/frank/Library/CloudStorage/Dropbox/projects/psychedelics_knowledge_graph/data/processed/fulltext/source_identity_quarantine_20260710/replaced_artifacts/10_4161_oxim_2_4_9380.json,grobid,/Users/frank/Library/CloudStorage/Dropbox/projects/psychedelics_knowledge_graph/data/raw/papers/mechanistic/pdfs/10.4161_oxim.2.4.9380__2b56274c3d.pdf,False,True,/Users/frank/Library/CloudStorage/Dropbox/projects/psychedelics_knowledge_graph/data/raw/papers/pdfs/10.4161_oxim.2.4.9380__2b56274c3d.pdf,5c43500fea84750fcc690ecd58672c768d6e78759d590f93cc76de5af9b8bf09,372418,[],"[{""row_index"": 53921, ""doi"": ""10.4161/oxim.2.4.9380"", ""pdf_download_status"": ""downloaded"", ""flag_has_local_pdf"": true, ""has_converted_full_text"": true, ""fulltext_artifact_paths"": ""/Users/frank/Library/CloudStorage/Dropbox/projects/psychedelics_knowledge_graph/data/processed/fulltext/articles/10_4161_oxim_2_4_9380.json"", ""fields"": [""local_pdf_paths"", ""pdf_local_path""]}]",[],[],,unresolved,,"Novel, unifying mechanism for mescaline in the central nervous system",0.561,refetch_europepmc_jats:2763256,quarantine_candidate_clear_candidate_references,[]
10.4266/acc.2023.01186,"[""replaced""]",retained_verified_canonical_artifact,/Users/frank/Library/CloudStorage/Dropbox/projects/psychedelics_knowledge_graph/data/processed/fulltext/articles/10_4266_acc_2023_01186.json,grobid,verified_exact_doi,/Users/frank/Library/CloudStorage/Dropbox/projects/psychedelics_knowledge_graph/data/processed/fulltext/source_identity_quarantine_20260710/replaced_artifacts/10_4266_acc_2023_01186.json,grobid,/Users/frank/Library/CloudStorage/Dropbox/projects/psychedelics_knowledge_graph/data/raw/papers/disorder/pdfs/10.4266_acc.2023.01186__cbdf0f8b0a.pdf,False,True,/Users/frank/Library/CloudStorage/Dropbox/projects/psychedelics_knowledge_graph/data/raw/papers/pdfs/10.4266_acc.2023.01186__cbdf0f8b0a.pdf,45aff840bc9332c221bc12df6fa33aa2aff6643bdec260b300406c9cd77f583a,765753,"[""10.4266/acc.2023.01186""]","[{""row_index"": 53983, ""doi"": ""10.4266/acc.2023.01186"", ""pdf_download_status"": ""already_present"", ""flag_has_local_pdf"": true, ""has_converted_full_text"": true, ""fulltext_artifact_paths"": ""/Users/frank/Library/CloudStorage/Dropbox/projects/psychedelics_knowledge_graph/data/processed/fulltext/articles/10_4266_acc_2023_01186.json"", ""fields"": [""local_pdf_paths"", ""pdf_local_path""]}]",[],[],,,,,,,retain_validated_pdf,
10.47626/1516-4446-2022-2541,"[""replaced""]",replaced_by_verified_exact_jats,/Users/frank/Library/CloudStorage/Dropbox/projects/psychedelics_knowledge_graph/data/processed/fulltext/articles/10_47626_1516_4446_2022_2541.json,europepmc_fulltext_xml,verified_exact_doi,/Users/frank/Library/CloudStorage/Dropbox/projects/psychedelics_knowledge_graph/data/processed/fulltext/source_identity_quarantine_20260710/replaced_artifacts/10_47626_1516_4446_2022_2541.json,grobid,/Users/frank/Library/CloudStorage/Dropbox/projects/psychedelics_knowledge_graph/data/raw/papers/mechanistic/pdfs/10.47626_1516-4446-2022-2541__07be336620.pdf,False,True,/Users/frank/Library/CloudStorage/Dropbox/projects/psychedelics_knowledge_graph/data/raw/papers/pdfs/10.47626_1516-4446-2022-2541__07be336620.pdf,d8cd38a0e51c94d16f48f4813e748d4ee8ef996f2e4a0b4ee106a71e8c340b87,39516,[],"[{""row_index"": 54339, ""doi"": ""10.47626/1516-4446-2022-2541"", ""pdf_download_status"": ""downloaded"", ""flag_has_local_pdf"": true, ""has_converted_full_text"": true, ""fulltext_artifact_paths"": ""/Users/frank/Library/CloudStorage/Dropbox/projects/psychedelics_knowledge_graph/data/processed/fulltext/articles/10_47626_1516_4446_2022_2541.json"", ""fields"": [""local_pdf_paths"", ""pdf_local_path""]}]",[],[],,unresolved,10.47626/1516-4446-2022-2464,,,refetch_europepmc_jats:9375664,quarantine_candidate_clear_candidate_references,[]
10.5040/9781350231641.ch-013,"[""quarantined""]",quarantined_no_canonical_artifact,,,,/Users/frank/Library/CloudStorage/Dropbox/projects/psychedelics_knowledge_graph/data/processed/fulltext/source_identity_quarantine_20260710/quarantined_artifacts/10_5040_9781350231641_ch_013.json,grobid,/Users/frank/Library/CloudStorage/Dropbox/projects/psychedelics_knowledge_graph/data/raw/papers/pdfs/10.5040_9781350231641.ch-013__ec51b385dd.pdf,False,,,,0,[],[],[],"[""identity_unverified""]",,,,,,,no_active_pdf,
10.51473/rcmos.v1i1.2022.1562,"[""quarantined"", ""replaced""]",quarantined_no_canonical_artifact,,,,/Users/frank/Library/CloudStorage/Dropbox/projects/psychedelics_knowledge_graph/data/processed/fulltext/source_identity_quarantine_20260710/quarantined_artifacts/10_51473_rcmos_v1i1_2022_1562.json,grobid,/Users/frank/Library/CloudStorage/Dropbox/projects/psychedelics_knowledge_graph/data/raw/papers/pdfs/10.51473_rcmos.v1i1.2022.1562__1a844c9914.pdf,False,,,,0,[],[],[],"[""identity_unverified""]",,,,,,,no_active_pdf,
10.51731/cjht.2021.90,"[""quarantined""]",quarantined_no_canonical_artifact,,,,/Users/frank/Library/CloudStorage/Dropbox/projects/psychedelics_knowledge_graph/data/processed/fulltext/source_identity_quarantine_20260710/quarantined_artifacts/10_51731_cjht_2021_90.json,grobid,/Users/frank/Library/CloudStorage/Dropbox/projects/psychedelics_knowledge_graph/data/raw/papers/disorder/pdfs/10.51731_cjht.2021.90__6fb1c0b7fc.pdf,False,True,/Users/frank/Library/CloudStorage/Dropbox/projects/psychedelics_knowledge_graph/data/raw/papers/pdfs/10.51731_cjht.2021.90__6fb1c0b7fc.pdf,ec2bad539077f92b2decb272df6d100d2aac35ac64eaa843bc63a986fae59394,1129223,[],"[{""row_index"": 54598, ""doi"": ""10.51731/cjht.2021.90"", ""pdf_download_status"": ""source_identity_quarantined"", ""flag_has_local_pdf"": false, ""has_converted_full_text"": false, ""fulltext_artifact_paths"": """", ""fields"": [""local_pdf_paths""]}]",[],"[""identity_unverified""]",,,,,,,quarantine_candidate_clear_candidate_references,[]
10.53846/goediss-2111,"[""quarantined""]",quarantined_no_canonical_artifact,,,,/Users/frank/Library/CloudStorage/Dropbox/projects/psychedelics_knowledge_graph/data/processed/fulltext/source_identity_quarantine_20260710/quarantined_artifacts/10_53846_goediss_2111.json,grobid,/Users/frank/Library/CloudStorage/Dropbox/projects/psychedelics_knowledge_graph/data/raw/papers/pdfs/10.53846_goediss-2111__6dc90e18e5.pdf,False,,,,0,[],[],[],"[""identity_unverified""]",,,,,,,no_active_pdf,
10.5451/unibas-006616893,"[""quarantined""]",quarantined_no_canonical_artifact,,,,/Users/frank/Library/CloudStorage/Dropbox/projects/psychedelics_knowledge_graph/data/processed/fulltext/source_identity_quarantine_20260710/quarantined_artifacts/10_5451_unibas_006616893.json,grobid,/Users/frank/Library/CloudStorage/Dropbox/projects/psychedelics_knowledge_graph/data/raw/papers/pdfs/10.5451_unibas-006616893__a29066c9b4.pdf,False,,,,0,[],[],[],"[""identity_mismatch""]",repository_or_nested_document,,,,,,no_active_pdf,
10.5451/unibas-006786123,"[""quarantined""]",quarantined_no_canonical_artifact,,,,/Users/frank/Library/CloudStorage/Dropbox/projects/psychedelics_knowledge_graph/data/processed/fulltext/source_identity_quarantine_20260710/quarantined_artifacts/10_5451_unibas_006786123.json,grobid,/Users/frank/Library/CloudStorage/Dropbox/projects/psychedelics_knowledge_graph/data/raw/papers/pdfs/10.5451_unibas-006786123__3e0de0c3ee.pdf,False,,,,0,[],[],[],"[""identity_mismatch""]",repository_or_nested_document,,,,,,no_active_pdf,
10.5451/unibas-007055508,"[""quarantined""]",quarantined_no_canonical_artifact,,,,/Users/frank/Library/CloudStorage/Dropbox/projects/psychedelics_knowledge_graph/data/processed/fulltext/source_identity_quarantine_20260710/quarantined_artifacts/10_5451_unibas_007055508.json,grobid,/Users/frank/Library/CloudStorage/Dropbox/projects/psychedelics_knowledge_graph/data/raw/papers/pdfs/10.5451_unibas-007055508__6f771d7516.pdf,False,,,,0,[],[],[],"[""identity_mismatch""]",repository_or_nested_document,,,,,,no_active_pdf,
10.56126/75.s1.22,"[""quarantined""]",quarantined_no_canonical_artifact,,,,/Users/frank/Library/CloudStorage/Dropbox/projects/psychedelics_knowledge_graph/data/processed/fulltext/source_identity_quarantine_20260710/quarantined_artifacts/10_56126_75_s1_22.json,grobid,/Users/frank/Library/CloudStorage/Dropbox/projects/psychedelics_knowledge_graph/data/raw/papers/disorder/pdfs/10.56126_75.s1.22__6374907c99.pdf,False,True,/Users/frank/Library/CloudStorage/Dropbox/projects/psychedelics_knowledge_graph/data/raw/papers/pdfs/10.56126_75.s1.22__6374907c99.pdf,b0cf529f8b3ef1f3a216602646b2db4156c32c82d293176332b531484b702156,544529,[],"[{""row_index"": 55003, ""doi"": ""10.56126/75.s1.22"", ""pdf_download_status"": ""source_identity_quarantined"", ""flag_has_local_pdf"": false, ""has_converted_full_text"": false, ""fulltext_artifact_paths"": """", ""fields"": [""local_pdf_paths""]}]",[],"[""unsegmented_proceedings_container""]",proceedings_container,,,,,,quarantine_candidate_clear_candidate_references,[]
10.5617/jea.7047,"[""quarantined""]",quarantined_no_canonical_artifact,,,,/Users/frank/Library/CloudStorage/Dropbox/projects/psychedelics_knowledge_graph/data/processed/fulltext/source_identity_quarantine_20260710/quarantined_artifacts/10_5617_jea_7047.json,grobid,/Users/frank/Library/CloudStorage/Dropbox/projects/psychedelics_knowledge_graph/data/raw/papers/disorder/pdfs/10.5617_jea.7047__086b4e2496.pdf,False,True,/Users/frank/Library/CloudStorage/Dropbox/projects/psychedelics_knowledge_graph/data/raw/papers/pdfs/10.5617_jea.7047__086b4e2496.pdf,ca4afab1e863d0906f59d4b72da4e25ed132b8667ac4bfaf9425adce2a023246,7364903,[],"[{""row_index"": 55015, ""doi"": ""10.5617/jea.7047"", ""pdf_download_status"": ""source_identity_quarantined"", ""flag_has_local_pdf"": false, ""has_converted_full_text"": false, ""fulltext_artifact_paths"": """", ""fields"": [""local_pdf_paths""]}]",[],"[""identity_unverified""]",,,,,,,quarantine_candidate_clear_candidate_references,[]
10.5812/anesthpain.4399,"[""quarantined""]",quarantined_no_canonical_artifact,,,,/Users/frank/Library/CloudStorage/Dropbox/projects/psychedelics_knowledge_graph/data/processed/fulltext/source_identity_quarantine_20260710/quarantined_artifacts/10_5812_anesthpain_4399.json,grobid,/Users/frank/Library/CloudStorage/Dropbox/projects/psychedelics_knowledge_graph/data/raw/papers/disorder/pdfs/10.5812_anesthpain.4399__4a5d7b25ef.pdf,False,True,/Users/frank/Library/CloudStorage/Dropbox/projects/psychedelics_knowledge_graph/data/raw/papers/pdfs/10.5812_anesthpain.4399__4a5d7b25ef.pdf,07b5fc34b20536e4f678a7454540cbe76a7bc6d92fdbf218e550635f74d5c973,876547,[],"[{""row_index"": 55191, ""doi"": ""10.5812/anesthpain.4399"", ""pdf_download_status"": ""source_identity_quarantined"", ""flag_has_local_pdf"": false, ""has_converted_full_text"": false, ""fulltext_artifact_paths"": """", ""fields"": [""local_pdf_paths""]}]",[],"[""identity_mismatch""]",benign_conflict,,,,,,quarantine_candidate_clear_candidate_references,[]
10.5935/0103-507x.20220027-pt,"[""quarantined""]",quarantined_no_canonical_artifact,,,,/Users/frank/Library/CloudStorage/Dropbox/projects/psychedelics_knowledge_graph/data/processed/fulltext/source_identity_quarantine_20260710/quarantined_artifacts/10_5935_0103_507x_20220027_pt.json,grobid,/Users/frank/Library/CloudStorage/Dropbox/projects/psychedelics_knowledge_graph/data/raw/papers/disorder/pdfs/10.5935_0103-507x.20220027-pt__1b1d3707a2.pdf,False,True,/Users/frank/Library/CloudStorage/Dropbox/projects/psychedelics_knowledge_graph/data/raw/papers/pdfs/10.5935_0103-507x.20220027-pt__1b1d3707a2.pdf,76a74c7d5c210234bcae94939aa9c9f3573e58141b3ba12822a96e22ac87a409,178562,[],"[{""row_index"": 55276, ""doi"": ""10.5935/0103-507x.20220027-pt"", ""pdf_download_status"": ""source_identity_quarantined"", ""flag_has_local_pdf"": false, ""has_converted_full_text"": false, ""fulltext_artifact_paths"": """", ""fields"": [""local_pdf_paths""]}]",[],"[""identity_mismatch""]",,valid_known_alias,10.5935/0103-507x.20220027-en,Ketamine use in critically ill patients: a narrative review,0.4706,keep_current_artifact,quarantine_candidate_clear_candidate_references,[]
10.63050/jpps.21.02.935,"[""quarantined"", ""replaced""]",quarantined_no_canonical_artifact,,,,/Users/frank/Library/CloudStorage/Dropbox/projects/psychedelics_knowledge_graph/data/processed/fulltext/source_identity_quarantine_20260710/quarantined_artifacts/10_63050_jpps_21_02_935.json,grobid,/Users/frank/Library/CloudStorage/Dropbox/projects/psychedelics_knowledge_graph/data/raw/papers/pdfs/10.63050_jpps.21.02.935__4641ed0be3.pdf,False,,,,0,[],[],[],"[""identity_unverified""]",,,,,,,no_active_pdf,
10.7302/25030,"[""quarantined""]",quarantined_no_canonical_artifact,,,,/Users/frank/Library/CloudStorage/Dropbox/projects/psychedelics_knowledge_graph/data/processed/fulltext/source_identity_quarantine_20260710/quarantined_artifacts/10_7302_25030.json,grobid,/Users/frank/Library/CloudStorage/Dropbox/projects/psychedelics_knowledge_graph/data/raw/papers/pdfs/10.7302_25030__343a8dc5ac.pdf,False,,,,0,[],[],[],"[""identity_unverified""]",,,,,,,no_active_pdf,
10.7302/8314,"[""quarantined""]",quarantined_no_canonical_artifact,,,,/Users/frank/Library/CloudStorage/Dropbox/projects/psychedelics_knowledge_graph/data/processed/fulltext/source_identity_quarantine_20260710/quarantined_artifacts/10_7302_8314.json,grobid,/Users/frank/Library/CloudStorage/Dropbox/projects/psychedelics_knowledge_graph/data/raw/papers/pdfs/10.7302_8314__0811d04925.pdf,False,,,,0,[],[],[],"[""identity_unverified""]",,,,,,,no_active_pdf,
