line_no,doi,compound,entity,title,year,authors,existing_sources
4,10.1159/000549276,,,A Systematic Review of the Effects of N-Methyl-D-Aspartate Receptor Antagonists on Pancreatic Islets.,2026,Wong S; Le GH; Uhlig J; Yang E; Dri CE; Rosenblat JD; Mansur RB; McIntyre RS,candidate_paper_corpus | mechanistic:paper_library | mechanistic:stubs
5,10.1523/jneurosci.0958-25.2026,,,"A Time-Sensitive Plasticity Distinguishes the Rapid and Sustained Synaptic Actions of Ketamine from Its (2R,6R)-Hydroxynorketamine Metabolite.",2026,Brown KA; Morris PJ; Thomas CJ; Gould TD,candidate_paper_corpus | mechanistic:paper_library
8,10.1038/s44321-026-00381-0,,,Alpha-methyl-para-tyrosine and amphetamine ameliorate hyperactivity in a novel mouse model of dopamine transporter deficiency syndrome.,2026,Russo EE; Rezayof A; Wallace C; Williams EQ; Beerepoot P; Milenkovic M; Novalen M; Blundell A; Lipina TV; Locke J,candidate_paper_corpus | mechanistic:curated | mechanistic:paper_library
9,10.1177/02698811251395386,,,"An exploration of the relationships between the effects of psilocybin on behavior, 5-HT(2A) receptor occupancy, and neuroplastic effects in mice.",2026,Maltby CJ; Klein AK; Paschen E; Pinto J; Dvorak D; Hedde JR; Hanks AN; Bianchi M; Hughes ZA,candidate_paper_corpus | disorder:paper_library | disorder:stubs | mechanistic:paper_library
10,10.3390/biomedicines14030506,,,"Ayahuasca and Its Main Component N,N-Dimethyltryptamine (DMT) for the Treatment of Mental Disorders: Mechanisms of Action, Clinical Studies, and Tools to Explore the Human Mind.",2026,Melani A; Papini G; Bonaso M; Biso L; Kolachalam S; Bragazzi NL; Conversano C; Orrù G; Longoni B; Scarselli M,candidate_paper_corpus | disorder:paper_library | mechanistic:paper_library | mechanistic:stubs
11,10.1016/j.euroneuro.2025.11.009,,,Ayahuasca modulation of traumatic-like fear memories requires infralimbic cortex BDNF-dependent mechanisms in rats.,2026,Werle I; Guimarães FS; Dos Santos RG; Hallak JEC; Bertoglio LJ,candidate_paper_corpus | mechanistic:paper_library
12,10.1038/s41380-025-03201-y,,,Cell membrane cholesterol affects serotonin transporter efflux due to altered transporter oligomerization.,2026,Rudin D; Luethi D; Niello M; Yang JW; Burger I; Sandtner W; Birner-Gruenberger R; Schütz GJ; Sitte HH,candidate_paper_corpus | mechanistic:paper_library
13,10.1038/s41586-026-10139-w,,,Conformational diversity and fully opening mechanism of native NMDA receptor.,2026,Xu R; Jiang Q; Xu H; Zhang L; Hu X; Lu Z; Deng H; Xiong H; Zhang S; Chen Z,candidate_paper_corpus | mechanistic:paper_library
20,10.1016/j.jphs.2026.04.002,,,Enhanced effect of the hallucinogen DOI in L-DOPA receptor Gpr143-deficient mice.,2026,Masukawa D; Tajika R; Ichimaru Y; Kurihara M; Suzuki T; Goshima Y,candidate_paper_corpus | mechanistic:paper_library
21,10.1002/jbt.70839,,,Esketamine Exposure Affects Neurodevelopment and Glutamate-NMDAR Signaling in Zebrafish Larvae.,2026,Wang J; Huang S; Lin T; Fu Z; Zuo Z; Chen Z; He C,candidate_paper_corpus | mechanistic:paper_library
26,10.1002/prot.70055,,,In Silico Characterization of Bromo-DragonFLY Binding to the 5-HT(2A) Receptor: Molecular Insights Into a Potent Designer Psychedelic.,2026,Tariq SS; Qureshi U; Mushtaq M; Munsif S; Nur-E-Alam M; Hawwal MF; Wang Y; Ul-Haq Z,candidate_paper_corpus | mechanistic:paper_library | mechanistic:stubs
30,10.3390/ph19020316,,,Ischemia-Induced Neurodegeneration in Glaucoma: Mechanistic Insights and Translational Opportunities for Psychoplastogen-Based Therapies.,2026,Dolenec P; Pelčić G; Pilipović K; Mršić-Pelčić J; Hrkać AH,candidate_paper_corpus | mechanistic:paper_library
35,10.1016/j.pnpbp.2026.111651,,,Ketamine pharmacotherapy for major depressive disorder: A narrative review.,2026,Miller CH; Hickman A; Baten C; Ali Z; Kahlon SK; Klassen AM; Zamora G; Shepherd JH; Venegas G; Miller JA,candidate_paper_corpus | disorder:paper_library
36,10.1038/s41380-025-03338-w,,,"Ketamine reduces microglial activation and brain monocyte infiltration and promotes peripheral regulatory immune cells, relieving lipopolysaccharide (LPS)-induced depressive-like behavior in mice.",2026,Arena AR; Rubinstein MR; Genaro AM; Tifner V; Risnik DM; López-Carvajal JE; Daray FM; Carrera Silva EA; Errasti AE,candidate_paper_corpus | mechanistic:paper_library
37,10.1080/14728222.2026.2619757,,,"Modulating tonic NMDA receptor currents: mechanistic insights into ketamine, esketamine, and dextromethorphan for major depressive disorder and implications for the discovery and development of investigational agents.",2026,Le GH; McIntyre RS,candidate_paper_corpus | disorder:exploratory | disorder:paper_library | disorder:stubs | mechanistic:paper_library | mechanistic:stubs
39,10.1016/j.biopsych.2025.07.004,,,Mu Opioid Receptor Activation Is Required for NMDA Receptor Antagonist Effects on Stress-Induced Maladaptive Behavior.,2026,Langreck CB; Chen BK; Luna VM; Nelson M; Turi G; Hill R; Rubinstenn G; Canals M; Lane JR; Denny CA,candidate_paper_corpus | mechanistic:paper_library
42,10.1038/s41598-026-39483-7,,,Network pharmacology and molecular simulation reveal the entourage effect mechanisms of psilocybin-producing mushrooms on the brain.,2026,Murray Z; Lewies A; Wentzel JF; Schutte-Smith M; Erasmus E; Noreljaleel A; Visser H; Wilhelm A; Issahaku AR,candidate_paper_corpus | mechanistic:paper_library | mechanistic:stubs
44,10.1038/s41380-025-03308-2,,,"Neuropharmacology of halogenated DMT analogs: psychoplastogenic and antidepressant properties of 5-Br-DMT, a psychedelic derivative with low hallucinogenic potential.",2026,Puigseslloses P; Nadal-Gratacós N; Fumàs B; Modenutti CP; Pottie E; Ortigosa JR; Pablo-Quesada A; Riera-Colomer C; Ettcheto M; Berzosa X,candidate_paper_corpus | disorder:curated | disorder:paper_library | mechanistic:curated | mechanistic:paper_library
45,10.1111/bcpt.70221,,,Neuroprotective Effects of Esketamine in Central Nervous System Disorders: Mechanisms and Cellular Targets.,2026,Zhao C; Wang Y; Wu J; Cheng H,candidate_paper_corpus | mechanistic:paper_library
47,10.3390/biomedicines14020476,,,Opioid Receptors in Psychedelia: Indirect Serotonergic Modulation of Direct KOR Activation by Salvinorin A.,2026,Ganado M; Rubio C; Pérez-Villavicencio J; Serrano N; Romo-Parra H; Lee Á; Rubio-Osornio M,candidate_paper_corpus | disorder:paper_library | mechanistic:paper_library | mechanistic:stubs
49,10.21203/rs.3.rs-9103509/v1,,,Oxa-noribogaine reduces alcohol drinking through aversion learning and by altering glutamatergic activity in the mPFC.,2026,Meinhardt M; Skorodumov I; Walter F; Akan M; Buchborn T; LE Prieult Y; Urban M; Spanagel R; von Ammon L; Hopf C,candidate_paper_corpus | disorder:paper_library
50,10.1016/j.mcn.2026.104076,,,"Pharmacological regulation of adult brain neuroplasticity: Synergistic roles of neuropeptide signaling, psychedelics, and synaptic modulators.",2026,Shokr MM; Fawzy MN; Abdelaziz AM,candidate_paper_corpus | mechanistic:paper_library
51,10.1038/s41598-026-38091-9,,,Pilot study of psilocybin in patients with post-treatment lyme disease.,2026,Garcia-Romeu A; Naudé GP; Rebman AW; So S; Yaffe A; Geithner I; Kozero EA; Yang T; Soloski MJ; Aucott JN,candidate_paper_corpus | disorder:paper_library | mechanistic:paper_library | mechanistic:stubs
52,10.1038/s41380-026-03590-8,,,Pleiotropic modulation of the gut-brain-lung axis by ketamine and its enantiomers.,2026,Zhao X; Zhang X; Yuan S; Hashimoto K; Zhang J,candidate_paper_corpus | mechanistic:paper_library | mechanistic:stubs
53,10.2147/dddt.s579462,,,Progress in the Application of Esketamine During the Perioperative Period.,2026,Wang JS; Hu Q; Cao RY; Liu WK; Guo ML; Lin Y; Zhong ML; Liang WD; Wang L,candidate_paper_corpus | disorder:paper_library | mechanistic:paper_library | mechanistic:stubs
54,10.7554/elife.104006,,,Psilocin fosters neuroplasticity in iPSC-derived human cortical neurons.,2026,Schmidt M; Hoffrichter A; Davoudi M; Horschitz S; Lau T; Meinhardt MW; Spanagel R; Ladewig J; Köhr G; Koch P,candidate_paper_corpus | disorder:paper_library | mechanistic:paper_library | mechanistic:stubs
55,10.1016/j.neuropharm.2026.110854,,,Psilocin mediates long-term synaptic depression in the prelimbic cortex through 5-HT(2A) receptor-independent mechanisms.,2026,Domi A; Lucente E; Cadeddu D; Bengtsson N; Smedler E; Adermark L,candidate_paper_corpus | mechanistic:paper_library | mechanistic:stubs
56,10.1017/neu.2026.10075,,,Psilocybin Elicits a Conserved Glucocorticoid-Responsive Gene Signature Across Five 5-HT2A Receptor-Rich Brain Regions in Rat.,2026,Veysi A; Atanasovski D; Ardalan M; Motamed N; Eriksson E,candidate_paper_corpus | mechanistic:paper_library | mechanistic:stubs
57,10.1038/s41386-026-02361-x,,,Psilocybin improves novel object recognition in a rat model of Fragile X Syndrome through the modulation of the BDNF/TrkB signaling pathway.,2026,Ascone F; Buzzelli V; Mottarlini F; Di Trapano M; Miglioranza P; Rava A; Feo A; Spano F; Hausman M; Sugaya K,candidate_paper_corpus | mechanistic:paper_library
59,10.2174/0113895575429775260119043318,,,Psilocybin: Chemical Foundations and Emerging Therapeutic Potential.,2026,Patil SA; Hunsberger HC,candidate_paper_corpus | disorder:paper_library | mechanistic:paper_library | mechanistic:stubs
60,10.1021/acschemneuro.5c00892,,,Psychedelic Modulation of Excitation/Inhibition Balance: A Dual-Phase Neurodevelopmental Model.,2026,Kandilakis CL; Papatheodoropoulos C,candidate_paper_corpus | disorder:paper_library | mechanistic:paper_library
61,10.1016/j.neubiorev.2025.106529,,,Psychedelic experiences elicited by serotonergic psychedelics: Molecular mechanisms and functional connectivity changes in the brain.,2026,Vollebregt R; Storm AEM; Lucassen PJ; Somers M,candidate_paper_corpus | mechanistic:paper_library
63,10.3390/cimb48040417,,,Psychedelics and Autism Therapy: A Review of Current Research and Future Directions.,2026,Gondi CS; Gnanamony M; Gondi TP; Nersesyan L; Demirkhanyan L,candidate_paper_corpus | mechanistic:paper_library
64,10.1016/j.biopsych.2026.02.011,,,Psychedelics and the Extracellular Matrix: Rewiring Neuroplasticity and Metaplasticity for Next-Generation Psychiatric Therapies.,2026,Zhang J; Lin C; Lv X; Zhao H; Wang X,candidate_paper_corpus | disorder:paper_library
65,10.3389/fphar.2026.1777613,,,Psychedelics and the quantum brain: a falsifiable hypothesis on Posner molecules and spin-dependent pharmacology.,2026,Geraci J; Viirre E; Qorri B; Pani L,candidate_paper_corpus | disorder:paper_library | mechanistic:paper_library | mechanistic:stubs
66,10.1016/j.schres.2026.03.003,,,Psychedelics for treatment of negative symptoms and depressive symptoms in schizophrenia spectrum disorder: A narrative review.,2026,Sabé M; Grof P; Sackett NB; Tai S; Kryskow P; Bershad A; Turkington D; Buonarroti M; De Pieri M; Baniotopoulos P,candidate_paper_corpus | disorder:paper_library
68,10.7554/elife.110981,,,Reshaping human neurons.,2026,Maltman JL; González-Maeso J,candidate_paper_corpus | mechanistic:paper_library
70,10.1152/jn.00519.2025,,,Serotonergic modulation of cortical gamma synchronization: right-lateralized psilocin effects on 40 Hz auditory steady-state responses in rats.,2026,Griškova-Bulanova I; Vejmola Č; Páleníček T,candidate_paper_corpus | mechanistic:paper_library | mechanistic:stubs
73,10.1038/s41386-025-02313-x,,,"Stereoselective, sex-dependent 5-HT(2A) receptor modulation of cortical plasticity by MDMA in mice.",2026,Gaines-Smith MC; Silverman JM; Fiorillo M; Younkin J; Moore KN; Maltman JL; de la Fuente Revenga M; Wolstenholme JT; Glennon RA; Dukat M,candidate_paper_corpus | mechanistic:paper_library | mechanistic:stubs
74,10.2174/0118715273434237251212095005,,,Strategic Neurodelivery of Psychedelic Compounds: Bridging Molecular Pharmacology with Therapeutic Innovation in CNS Disorders.,2026,Chauhan SB; Akhtar N; Jain C; Singh I,candidate_paper_corpus | mechanistic:paper_library | mechanistic:stubs
76,10.1021/acschemneuro.5c00879,,,Synthesis and Characterization of Psilocybin Metabolites and Deuterated Analogs.,2026,Williamson SE; Burkhartzmeyer EK; Faley MT; Ohana RF; Guzei IA; Valley M; Cali JJ; Sherwood AM,candidate_paper_corpus | disorder:paper_library | mechanistic:paper_library
81,10.1111/acel.70303,,,The NMDA Receptor Antagonist Memantine Modulates Aging and Stress Resilience.,2026,Juozaityte V; Pregnolato C; Abay-Nørgaard S; Rausch DM; McIntyre RL; Gerhart-Hines Z; Pers TH; Salcini AE; Clemmensen C,candidate_paper_corpus | mechanistic:paper_library | mechanistic:stubs
82,10.1007/s43440-025-00817-3,,,The effect of psilocin on neurotransmitters release in the claustrum and on rat behavior.,2026,Kościuk Z; Szpręgiel I; Bysiek A; Gołembiowska K,candidate_paper_corpus | mechanistic:curated | mechanistic:paper_library
83,10.1038/s41386-025-02288-9,,,The hippocampus as a central hub in ketamine's antidepressant action: from molecules to circuit rewiring.,2026,Park D; Lee G; Kim B; Seong M; Kim JW,candidate_paper_corpus | disorder:paper_library
86,10.1177/02698811261431056,,,Trip killers: Addressing a critical knowledge gap in psychedelic research.,2026,O'Mahony B; Harrington C; Harkin A; Lally N,candidate_paper_corpus | mechanistic:paper_library
92,10.1038/s41380-025-03128-4,,,5-HT(2C) receptors in the nucleus accumbens constrain the rewarding effects of MDMA.,2025,Pomrenze MB; Vaillancourt S; Salgado JS; Raymond KB; Llorach P; Sacai H; Rijsketic DR; Hietamies TM; Touponse GC; Cardozo Pinto DF,candidate_paper_corpus | mechanistic:paper_library | mechanistic:stubs
93,10.1007/s00213-023-06517-1,,,"5-MeO-DMT: An atypical psychedelic with unique pharmacology, phenomenology & risk?",2025,Dourron HM; Nichols CD; Simonsson O; Bradley M; Carhart-Harris R; Hendricks PS,candidate_paper_corpus | disorder:paper_library | mechanistic:paper_library
94,10.1016/j.biopsych.2025.09.011,,,A Tale of Two Receptors: Simultaneous Targeting of NMDA Receptors and 5-HT(4) Receptors Exerts Additional Effects Against Stress.,2025,Chen BK; Jin M; Turi GF; Luna VM; Shah A; Moniz T; Shannon ME; Pauers M; Williams BL; Pham V,candidate_paper_corpus | mechanistic:paper_library
95,10.1177/02698811251378512,,,"A novel psychedelic 5-HT(2A) receptor agonist GM-2505: The pharmacokinetic, safety, and pharmacodynamic profile from a randomized trial healthy volunteer.",2025,Marek GJ; Makai-Bölöni S; Umbricht D; Christian EP; Winters J; Dvorak D; Raines S; Hughes ZA; Austin EW; Klein AK,candidate_paper_corpus | disorder:exploratory | disorder:paper_library | disorder:stubs | mechanistic:paper_library | mechanistic:stubs
96,10.1177/02698811251353251,,,A systematic review and narrative summary of the therapeutic potential of classic serotonergic psychedelics for smoking cessation and reduction.,2025,Glenn DL; Choi SH; Zimmerman RS,candidate_paper_corpus | disorder:paper_library | mechanistic:paper_library
98,10.1177/0271678x251323364,,,Acute psilocybin and ketanserin effects on cerebral blood flow: 5-HT2AR neuromodulation in healthy humans.,2025,Larsen K; Lindberg U; Ozenne B; McCulloch DE; Armand S; Madsen MK; Johansen A; Stenbæk DS; Knudsen GM; Fisher PM,candidate_paper_corpus | disorder:paper_library | mechanistic:paper_library | mechanistic:stubs
99,10.1016/j.ajp.2025.104502,,,Advances in the study of NMDA receptors in depression pathogenesis and the antidepressant efficacy of their antagonists.,2025,Chen M; Jin J; Bi H; Zhang Y; Sun M; Li X; Wang Y,candidate_paper_corpus | mechanistic:paper_library | mechanistic:stubs
100,10.1007/s00406-024-01875-z,,,Advancing past ketamine: emerging glutamatergic compounds for the treatment of depression.,2025,Freudenberg F; Reif-Leonhard C; Reif A,candidate_paper_corpus | disorder:paper_library | mechanistic:paper_library | mechanistic:stubs
101,10.1016/j.phrs.2025.107918,,,All roads lead to glutamate: NMDA and AMPA receptors as targets for rapid-acting antidepressants.,2025,Freudenberg F; Reif-Leonhard C; Dawson GR; McKernan RM; Reif A,candidate_paper_corpus | disorder:paper_library | disorder:stubs
104,10.1016/j.seizure.2025.02.002,,,Apparent efficacy of NMDAR antagonist use as a targeted therapy for status epilepticus in an infant with ATP1A2-related developmental epileptic encephalopathy.,2025,Orgun LT; Deniz A; Güneş AS; Akkoyunlu D; Cırdı G; Gök A; Kara B,candidate_paper_corpus | mechanistic:paper_library
105,10.1021/acsptsci.5c00202,,,Assessing the Potential Cardiovascular Risk of Microdosing the Psychedelic LSD in Mice.,2025,Effinger DP; Schalk SS; King JL; Wallingford JR; O'Connell CK; Calderon JR; Kopecky BJ; McCorvy JD; Thompson SM,candidate_paper_corpus | disorder:paper_library | mechanistic:paper_library
106,10.1007/s43440-024-00679-1,,,Assessing the effects of 5-HT(2A) and 5-HT(5A) receptor antagonists on DOI-induced head-twitch response in male rats using marker-less deep learning algorithms.,2025,Cyrano E; Popik P,candidate_paper_corpus | mechanistic:curated | mechanistic:paper_library | mechanistic:stubs
108,10.1177/02698811241301216,,,Ayahuasca enhances the formation of hippocampal-dependent episodic memory without impacting false memory susceptibility in experienced ayahuasca users: An observational study.,2025,Doss MK; Kloft L; Mason NL; Mallaroni P; Reckweg JT; van Oorsouw K; Tupper N; Otgaar H; Ramaekers JG,candidate_paper_corpus | disorder:paper_library
109,10.1016/j.biopsych.2025.11.021,,,Bifunctional Modulation of NMDA and Opioid Receptors in Ketamine Reinforcement and Misuse: Implications for Substance Use Disorder Treatment.,2025,Levinstein MR; Schoenborn I; Manza P; Schatzberg AF; Zarate CA Jr; Jordi Bonaventura; Michaelides M,candidate_paper_corpus | disorder:curated | disorder:paper_library | mechanistic:paper_library
110,10.1016/j.biopha.2025.118199,,,Can ketamine therapy overcome treatment-resistant depression in Alzheimer's disease and older adults? Preclinical and clinical evidence.,2025,Mario A; Ivana L; Claudia MM; Antonello B; Francesco P; Tommaso C; Madia L,candidate_paper_corpus | mechanistic:paper_library | mechanistic:stubs
112,10.1038/s41386-025-02107-1,,,"Chronic, combinatorial targeting of NMDARs and 5-HT(4)Rs exerts extended behavioral effects against stress-induced perseverative behavior and hyponeophagia.",2025,Chen BK; Whye A; Matthews LC; Moniz T; Mendez-David I; Gardier AM; David DJ; Johns S; Weisblum E; Denny CA,candidate_paper_corpus | mechanistic:paper_library
116,10.3390/ijms262110526,,,Crosstalk Between Glycinergic and N-Methyl-D-Aspartate Receptor-Mediated Glutamatergic Transmission in Behaviours Associated with Opioid Use Disorder.,2025,Essmat N; Boldizsár I Jr; Chalabiani Y; Varga BT; Abbood SK; Kirchlechner-Farkas JM; Király K; Miklya I; Gyertyán I; Tábi T,candidate_paper_corpus | mechanistic:paper_library | mechanistic:stubs
117,10.3390/ph18020157,,,"Demystifying the Antidepressant Mechanism of Action of Stinels, a Novel Class of Neuroplastogens: Positive Allosteric Modulators of the NMDA Receptor.",2025,Donello JE; McIntyre RS; Pickel DB; Stahl SM,candidate_paper_corpus | mechanistic:curated | mechanistic:paper_library
119,10.1021/acs.jmedchem.5c00442,,,"Design, Synthesis, and In Vitro Characterization of a Tryptamine-Based Visible-Light Photoswitchable 5-HT(2A)R Ligand Showing Efficacy Preference for β-Arrestin over Mini-Gq.",2025,Sink A; Pottie E; Carter SJ; Tombari RJ; Weber V; Carloni P; Rossetti G; Olson DE; Stove CP; Decker M,candidate_paper_corpus | mechanistic:paper_library | mechanistic:stubs
120,10.1021/acschemneuro.5c00468,,,Dual Modulation of 5-HT(2A) Receptors and SERT by α-Ethyltryptamine and Its Optical Isomers.,2025,Silverman JM; Fiorillo M; Younkin J; Jones CB; Maltman JL; Herszenhorn I; Artigas A; Wolstenholme JT; Dukat M; González-Maeso J,candidate_paper_corpus | mechanistic:paper_library | mechanistic:stubs
126,10.1007/s00213-023-06474-9,,,"Effects of psilocybin, the 5-HT(2A) receptor agonist TCB-2, and the 5-HT(2A) receptor antagonist M100907 on visual attention in male mice in the continuous performance test.",2025,Rahbarnia A; Li Z; Fletcher PJ,candidate_paper_corpus | mechanistic:paper_library | mechanistic:stubs
127,10.1038/s41380-024-02830-z,,,Effects of psychoplastogens on blood levels of brain-derived neurotrophic factor (BDNF) in humans: a systematic review and meta-analysis.,2025,Calder AE; Hase A; Hasler G,candidate_paper_corpus | disorder:paper_library
129,10.1007/s11916-025-01437-5,,,Efficacy of Ketamine Infusion for Treatment of Opioid Use Disorder in Patients with Chronic Pain: a Narrative Review.,2025,Kaye AD; Wolf MC; Dufour SI; Haynes AT; Potharaju P; Shekoohi S; Ahmadzadeh S,candidate_paper_corpus | disorder:paper_library | disorder:stubs
130,10.1038/s41557-024-01714-7,,,Efficient and modular synthesis of ibogaine and related alkaloids.,2025,Iyer RN; Favela D; Domokos A; Zhang G; Avanes AA; Carter SJ; Basargin AG; Davis AR; Tantillo DJ; Olson DE,candidate_paper_corpus | disorder:paper_library | mechanistic:paper_library
131,10.1016/j.tips.2025.08.012,,,Emerging mechanisms of psilocybin-induced neuroplasticity.,2025,Sonda S; Pendin D; Comai S; De Martin S; Manfredi P; Mattarei A,candidate_paper_corpus | disorder:paper_library | disorder:stubs | mechanistic:paper_library | mechanistic:stubs
132,10.1126/science.abb6748,,,Enhanced ERK activity extends ketamine's antidepressant effects by augmenting synaptic plasticity.,2025,Ma ZZ; Guzikowski NJ; Kim JW; Kavalali ET; Monteggia LM,candidate_paper_corpus | disorder:paper_library
133,10.1186/s10194-025-02008-0,,,Ergotamine enhances circadian amplitude and diurnally mitigates nitroglycerin-induced mechanical hypersensitivity.,2025,Han C; Baek H; Lim JY; Kim E; Tran CK; Freeman E; Chen Z; Yoo SH; Burish MJ,candidate_paper_corpus | disorder:paper_library | mechanistic:paper_library | mechanistic:stubs
134,10.1177/00185787251384516,,,Esketamine for Treatment-Resistant Depression in Pakistan: A Promising Strategy.,2025,Memon M; Gul R; Gul A; Bansari S; Bansari M; Khowaja A; Kumar S; Kumar K; Khan KS; Iman K,candidate_paper_corpus | disorder:exploratory | disorder:paper_library | disorder:stubs | mechanistic:paper_library | mechanistic:stubs
135,10.3389/fpsyt.2025.1612230,,,"Esketamine for postoperative sleep disturbance: clinical evidence, mechanisms, and future directions.",2025,Liu Q; Liu Y; Fu Q; Gao B; Liu Y,candidate_paper_corpus | mechanistic:paper_library | mechanistic:stubs
139,10.7759/cureus.86855,,,Exploring the Neuroprotective and Neuropsychiatric Symptom Management Potential of Ketamine in Alzheimer's Disease.,2025,Avakian A; Merhavy ZI,candidate_paper_corpus | mechanistic:paper_library
143,10.3389/fpsyt.2025.1565852,,,Harnessing neuroplasticity with psychoplastogens: the essential role of psychotherapy in psychedelic treatment optimization.,2025,Jones JL,candidate_paper_corpus | disorder:paper_library
144,10.1177/02698811251352454,,,High-frequency oscillations in the mammalian brain after ketamine and other NMDA receptor antagonists.,2025,Hunt MJ; Wróbel J,candidate_paper_corpus | mechanistic:paper_library
146,10.1016/j.omtm.2025.101413,,,"Intravenous esketamine in pediatric Rett syndrome: An open-label, early phase 1 pilot study.",2025,Li H; Liu S; Lin C; Wu Y; Wu X; Huang Y; Wu Y; Tong X; Xu X,candidate_paper_corpus | mechanistic:paper_library | mechanistic:stubs
147,10.3389/fphar.2025.1606976,,,"KETAMIR-2, a new molecular entity and novel ketamine analog.",2025,Angel I; Perelroizen R; Deffains W; Adraoui FW; Pichinuk E; Aminov E,candidate_paper_corpus | mechanistic:curated | mechanistic:paper_library
148,10.1016/j.pbb.2025.174056,,,KOR agonists for the treatment and/or prevention of opioid use disorder and cocaine use disorder.,2025,Liu-Chen LY; Huang P,candidate_paper_corpus | disorder:paper_library
152,10.3390/molecules30132824,,,"Ketamine-From an Anesthetic to a Psychiatric Drug: Mechanisms of Action, Clinical Applications and Potential Risks.",2025,Gibuła-Tarłowska E; Wiszniewska A; Turyk M; Szymczyk P; Kotlińska JH; Kędzierska E,candidate_paper_corpus | disorder:paper_library | mechanistic:paper_library | mechanistic:stubs
154,10.1016/j.ejphar.2025.178301,,,L-type voltage-dependent calcium channels in the ventromedial orbitofrontal and prefrontal cortices mediate the inhibitory effects of (S)-ketamine but not (R)-ketamine on marble burying in male mice.,2025,Deyama S; Mishiro K; Kunishima M; Kaneda K,candidate_paper_corpus | mechanistic:paper_library
156,10.3390/ijms26188949,,,Microdosing Psychedelics to Restore Synaptic Density in Schizophrenia.,2025,Sapienza J; Spangaro M; Comai S; Sabé M; La Torre J; Buonarroti M; Cavallaro R; Bosia M,candidate_paper_corpus | disorder:paper_library
157,10.1126/sciadv.adv5986,,,Microglial BDNF modulates arketamine's antidepressant-like effects through cortico-accumbal pathways.,2025,He L; Wang X; Luo S; Jiang N; Yan Y; Xie M; Chen Y; Yang C; Yao W; Hashimoto K,candidate_paper_corpus | mechanistic:paper_library
158,10.3390/cells14241967,,,Modulation of Metabotropic Glutamate Receptors as a Strategy to Improve the Efficacy and Safety of Ketamine as an Antidepressant.,2025,Pałucha-Poniewiera A,candidate_paper_corpus | mechanistic:paper_library
161,10.1073/pnas.2416106122,,,Molecular design of a therapeutic LSD analogue with reduced hallucinogenic potential.,2025,Tuck JR; Dunlap LE; Khatib YA; Hatzipantelis CJ; Weiser Novak S; Rahn RM; Davis AR; Mosswood A; Vernier AMM; Fenton EM,candidate_paper_corpus | disorder:paper_library | mechanistic:paper_library
162,10.1007/s00213-025-06756-4,,,Molecular pathways of ketamine: A systematic review of immediate and sustained effects on PTSD.,2025,Wellington NJ; Boųcas AP; Lagopoulos J; Quigley BL; Kuballa AV,candidate_paper_corpus | mechanistic:paper_library
163,10.1016/j.pnpbp.2025.111259,,,"N, N-dimethyltryptamine (DMT) in rodent brain: Concentrations, distribution, and recent pharmacological data.",2025,Barker SA,candidate_paper_corpus | mechanistic:paper_library
164,10.1152/jn.00296.2024,,,N-Methyl d-aspartate receptor hypofunction reduces steady-state visual-evoked potentials.,2025,Schielke A; Krekelberg B,candidate_paper_corpus | mechanistic:paper_library
165,10.1136/rapm-2024-105612,,,N-Methyl-D-aspartate receptor antagonists for the prevention of chronic postsurgical pain: a narrative review.,2025,Mojica JJ; Eddy G; Schwenk ES,candidate_paper_corpus | disorder:paper_library | mechanistic:paper_library | mechanistic:stubs
166,10.1093/brain/awaf011,,,N-methyl-d-aspartate receptor hypofunction causes recurrent and transient failures of perceptual inference.,2025,Weilnhammer V; Rothkirch M; Yilmaz D; Fritsch M; Ptasczynski LE; Reichenbach K; Roediger L; Corlett P; Sterzer P,candidate_paper_corpus | mechanistic:paper_library | mechanistic:stubs
170,10.3389/fnsys.2025.1585367,,,Neurobiology of psilocybin: a comprehensive overview and comparative analysis of experimental models.,2025,Adeyinka D; Forsyth D; Currie S; Faraone N,candidate_paper_corpus | disorder:paper_library | mechanistic:paper_library
171,10.1177/0271678x241302937,,,Neurochemical characterization of 5-HT(2A)R partial agonists with simultaneous PET-MRI.,2025,Bagdasarian FA; Larsen K; Deng HP; Fisher PM; Mandeville JB; Sander CY; Wey HY; Hansen HD,candidate_paper_corpus | mechanistic:curated | mechanistic:paper_library
172,10.7759/cureus.83244,,,Neuropharmacology of Ketamine and Its Use in the Treatment of Major Depressive Disorder: A Review.,2025,Papadopoulos Z,candidate_paper_corpus | disorder:paper_library | mechanistic:paper_library | mechanistic:stubs
174,10.31083/rn33478,,,Neuroplasticity in Post-Traumatic Stress Disorder.,2025,López-López B; Crespo I,candidate_paper_corpus | disorder:paper_library
176,10.1111/bph.70050,,,Neuropsychopharmacology of hallucinogenic and non-hallucinogenic 5-HT(2A) receptor agonists.,2025,Sharp T; Ippolito A,candidate_paper_corpus | disorder:paper_library | mechanistic:paper_library
177,10.3389/fpsyt.2025.1621887,,,New and emerging pharmacologic treatments for MDD.,2025,Uyar A; Gonul AS,candidate_paper_corpus | disorder:paper_library | mechanistic:paper_library
178,10.1021/acschemneuro.5c00782,,,Next-Generation MDMA Analogue SDMA: Pharmacological and Metabolic Insights.,2025,Kastner N; Nadal-Gratacós N; Hemmer S; Alves da Silva L; McKee JL; Hell T; Cicalese G; Holy M; Kooti F; Jäntsch K,candidate_paper_corpus | disorder:paper_library | mechanistic:curated | mechanistic:paper_library
179,10.1007/978-3-031-96364-3_11,,,Novel Ways of Targeting the Dopamine Transporter.,2025,Xu Y; Zeng H; Aggarwal S; Mortensen OV,candidate_paper_corpus | mechanistic:paper_library
182,10.1021/acschemneuro.5c00443,,,Pharmacological Evaluation of Tropane Analogues at the Serotonin Transporter.,2025,Avanes AA; Warren HT; Senthil A; Olson DE,candidate_paper_corpus | mechanistic:paper_library | mechanistic:stubs
183,10.1177/02698811251361453,,,Pharmacological characterisation of psilocybin and 5-MeO-DMT discriminative cues in the rat and their translational value for identifying novel psychedelics.,2025,Higgins GA; MacMillan C; de Lannoy I; Tyler C; Slassi M,candidate_paper_corpus | mechanistic:paper_library | mechanistic:stubs
185,10.1093/ijnp/pyaf022,,,"Premorbid characteristics of the SAPAP3 mouse model of obsessive-compulsive disorder: behavior, neuroplasticity, and psilocybin treatment.",2025,Lazar M; Brownstien M; Botvinnik A; Shevakh C; Shahar O; Lifschytz T; Lerer B,candidate_paper_corpus | disorder:paper_library | disorder:stubs
187,10.1002/prp2.70079,,,"Psilocin, A Psychedelic Drug, Exerts Anticonvulsant Effects Against PTZ- and MES-Induced Seizures in Mice via 5-HT1A and CB1 Receptors: Involvement of Nitrergic, Opioidergic, and Kynurenine Pathways.",2025,Balabandian M; Manavi MA; Lesani A; Mohammad Jafari R; Shafaroodi H; Heidari N; Mirnajafi-Zadeh J; Foroumadi A; Afrooghe A; Dehpour AR,candidate_paper_corpus | disorder:paper_library | mechanistic:paper_library | mechanistic:stubs
188,10.3390/medsci13040277,,,Psilocybin and Chronic Pain: A New Perspective for Future Pain Therapists?,2025,Natoli S; Cuomo A; Marchesini M; Luongo L; Lo Bianco G; Guardamagna VA; Yamaguchi S,candidate_paper_corpus | disorder:curated | disorder:paper_library | mechanistic:paper_library
189,10.1177/02698811251330783,,,Psilocybin and ketamine affect novel neuropeptides gene expression in the rat hypothalamus.,2025,Pałasz A; Pukowiec M; Bogus K; Suszka-Świtek A; Filipczyk Ł; Mordecka-Chamera K; Worthington JJ; Sygidus M; Wojtas A; Bysiek A,candidate_paper_corpus | mechanistic:paper_library
190,10.1016/j.intimp.2025.114940,,,Psilocybin and psilocin regulate microglial immunomodulation and support neuroplasticity via serotonergic and AhR signaling.,2025,Laabi S; LeMmon C; Vogel C; Chacon M; Jimenez VM Jr,candidate_paper_corpus | mechanistic:paper_library
192,10.1016/j.clinph.2025.02.264,,,Psilocybin for disorders of consciousness: A case-report study.,2025,Cardone P; Núñez P; Alnagger NLN; Martial C; van der Lande GJM; Sandell R; Carhart-Harris R; Gosseries O,candidate_paper_corpus | mechanistic:paper_library
193,10.1038/s41380-024-02788-y,,,Psilocybin reduces heroin seeking behavior and modulates inflammatory gene expression in the nucleus accumbens and prefrontal cortex of male rats.,2025,Floris G; Dabrowski KR; Zanda MT; Daws SE,candidate_paper_corpus | disorder:paper_library | mechanistic:paper_library | mechanistic:stubs
194,10.1038/s41593-025-02069-z,,,Psychedelic 5-HT(2A) receptor agonism alters neurovascular coupling and differentially affects neuronal and hemodynamic measures of brain function.,2025,Padawer-Curry JA; Krentzman OJ; Kuo CC; Wang X; Bice AR; Nicol GE; Snyder AZ; Siegel JS; McCall JG; Bauer AQ,candidate_paper_corpus | disorder:paper_library | mechanistic:paper_library
195,10.3390/brainsci15020117,,,Psychedelic-Induced Neural Plasticity: A Comprehensive Review and a Discussion of Clinical Implications.,2025,Weiss F; Magnesa A; Gambini M; Gurrieri R; Annuzzi E; Elefante C; Perugi G; Marazziti D,candidate_paper_corpus | disorder:paper_library | mechanistic:paper_library
196,10.1523/eneuro.0047-25.2025,,,Psychedelics Reverse the Polarity of Long-Term Synaptic Plasticity in Cortical-Projecting Claustrum Neurons.,2025,Anderson TL; Asadipooya A; Ortinski PI,candidate_paper_corpus | disorder:paper_library
198,10.3390/brainsci15080893,,,Psychedelics and the Serotonin Hypothesis of Eating Disorders.,2025,Bilenker D; Avena NM,candidate_paper_corpus | disorder:curated | disorder:paper_library | disorder:stubs | mechanistic:paper_library
199,10.3390/cells14231872,,,"Psychedelics in Multiple Sclerosis: Mechanisms, Challenges, and Prospects for Neuroimmune Modulation and Repair.",2025,Anchesi I; Astorino MF; Raffaele I; Donato DS; Silvestro S; Minuti A; Calabrò M; Scuruchi M; Cipriano GL,candidate_paper_corpus | disorder:paper_library | mechanistic:paper_library
200,10.1016/j.pnpbp.2025.111278,,,Psychedelics in neuroinflammation: Mechanisms and therapeutic potential.,2025,de Deus JL; Maia JM; Soriano RN; Amorim MR; Branco LGS,candidate_paper_corpus | mechanistic:paper_library
201,10.1007/s12035-025-05097-9,,,Psychedelics in the Treatment of Neurologic and Psychiatric Disorders: Coincidence or a New Point of View.,2025,Lashgari NA; Khalaji M; Rana P; Badrabadi F; Rahnama M; Nasoori H; Momeni Roudsari N; Khosravi Nia MM; Shafaroodi H,candidate_paper_corpus | disorder:paper_library
202,10.3389/fphar.2025.1703480,,,"Receptor interaction profiles of 4-alkoxy-2,6-dimethoxyphenethylamines (Ψ derivatives) and related amphetamines.",2025,Kolaczynska KE; Trachsel D; Hoener MC; Liechti ME; Luethi D,candidate_paper_corpus | mechanistic:paper_library
203,10.1176/appi.ajp.20240378,,,Redefining Ketamine Pharmacology for Antidepressant Action: Synergistic NMDA and Opioid Receptor Interactions?,2025,Levinstein MR; Budinich RC; Bonaventura J; Schatzberg AF; Zarate CA Jr; Michaelides M,candidate_paper_corpus | disorder:paper_library | mechanistic:curated | mechanistic:paper_library
207,10.1093/ijnp/pyaf035,,,Role of endogenous serotonin in psychedelic-like effects of psilocybin in mice.,2025,Erkizia-Santamaría I; Martínez-Álvarez N; Salinas-Novoa L; Meana JJ; Ortega JE,candidate_paper_corpus | disorder:paper_library | disorder:stubs | mechanistic:paper_library
209,10.3389/fphar.2025.1630158,,,S-ketamine facilitates motor function recovery after brachial plexus root avulsion and reimplantation in mice.,2025,Huang R; Lin B; Yu L; Luo Q; Tian H; Li C; Wei N; Zhuang S; Chen J; Li Y,candidate_paper_corpus | mechanistic:paper_library
210,10.1038/s41380-024-02655-w,,,Serotonergic psychedelic 5-MeO-DMT alters plasticity-related gene expression and generates anxiolytic effects in stressed mice.,2025,Nogueira M; Ferreira Golbert DC; Menezes R; Nóbrega de Almeida R; Galvão-Coelho NL; Siroky AN; Lima TZ; Maia H; Leão KE; Leão RN,candidate_paper_corpus | disorder:paper_library
211,10.1007/s00213-023-06482-9,,,Serotonin 2C receptors are also important in head-twitch responses in male mice.,2025,Custodio RJP; Ortiz DM; Lee HJ; Sayson LV; Kim M; Lee YS; Kim KM; Cheong JH; Kim HJ,candidate_paper_corpus | mechanistic:paper_library
212,10.1021/acschemneuro.5c00647,,,Serotonin 5-HT(2C) Receptor Signaling Analysis Reveals Psychedelic Biased Agonism.,2025,Bonniwell EM; Alabdali R; Hennessey JJ; McKee JL; Cavalco NG; Lammers JC; Moore EJ; Franchini L; Orlandi C; McCorvy JD,candidate_paper_corpus | mechanistic:paper_library | mechanistic:stubs
213,10.1038/s41467-025-62980-8,,,Serotonin and psilocybin activate 5-HT(1B) receptors to suppress cortical signaling through the claustrum.,2025,Madden MB; Schaefgen C; Vedak B; Kwon J; Pedra KSD; Sheats SH; Puche AC; Wolff SBE; Mathur BN,candidate_paper_corpus | disorder:paper_library | mechanistic:paper_library | mechanistic:stubs
214,10.1007/s00213-025-06782-2,,,"Sex specific effects of ketamine, but not other glutamate receptor modulators, on ethanol self-administration and reinstatement of ethanol seeking in rats.",2025,Bertholomey ML; Forbes C; McElroy BD; Torregrossa MM,candidate_paper_corpus | disorder:paper_library
217,10.1177/02698811251319457,,,"Single-dose psilocybin therapy for alcohol use disorder: Pharmacokinetics, feasibility, safety and efficacy in an open-label study.",2025,Jensen ME; Stenbæk DS; Messell CD; Poulsen ED; Varga TV; Fisher PM; Nielsen MKK; Johansen SS; Volkow ND; Knudsen GM,benchmark_manifest | candidate_paper_corpus | disorder:curated | disorder:paper_library | mechanistic:paper_library
218,10.1073/pnas.2510642122,,,Spontaneous glutamate release activates mGluR signaling to drive rapid antidepressant responses.,2025,McCarthy CI; Zack Ma Z; Monteggia LM; Kavalali ET,candidate_paper_corpus | mechanistic:paper_library
220,10.1016/j.neuron.2025.01.013,,,Structural basis for channel gating and blockade in tri-heteromeric GluN1-2B-2D NMDA receptor.,2025,Kang H; Epstein M; Banke TG; Perszyk R; Simorowski N; Paladugu S; Liotta DC; Traynelis SF; Furukawa H,candidate_paper_corpus | mechanistic:paper_library
224,10.1016/j.neuron.2025.09.010,,,Synaptic priming: A framework for pharmacotherapy in depression.,2025,Brown KA; Ajibola MI; Medeiros GC; Gould TD,candidate_paper_corpus | disorder:paper_library
225,10.1038/s41398-025-03428-x,,,Synergistic behavioral and neuroplastic effects of psilocybin-NMDAR modulator administration.,2025,Ben-Tal T; Pogodin I; Botvinnik A; Lifschytz T; Heresco-Levy U; Lerer B,candidate_paper_corpus | disorder:paper_library | mechanistic:paper_library | mechanistic:stubs
226,10.3390/ijms26146673,,,The Effects of Psychotherapy on Single and Repeated Ketamine Infusion(s) Therapy for Treatment-Resistant Depression: The Convergence of Molecular and Psychological Treatment.,2025,Sakopoulos S; Todman M,candidate_paper_corpus | disorder:curated | disorder:exploratory | disorder:paper_library
227,10.1038/s41467-025-66774-w,,,The NMDA receptor subunit GluN2D is a potential target for rapid antidepressant action.,2025,Vestring S; Veleanu M; Perez MC; Schuberth LE; Bronnec M; Li A; Würz LM; Erdogdu F; Stocker J; Moos J,candidate_paper_corpus | mechanistic:curated | mechanistic:paper_library
228,10.1021/acsptsci.5c00208,,,"The Selective Serotonin 5‑HT(2A) Receptor Agonist (S)‑3-(2,5-Dimethoxy-4-(trifluoromethyl)phenyl)piperidine (LPH-5) Induces Persistent and Robust Antidepressant-Like Effects in Rodents.",2025,Jensen AA; Cecchi CR; Hibicke M; Bach AH; Kaadt E; Märcher-Rørsted E; Nichols CD; Elfving B; Kristensen JL,candidate_paper_corpus | disorder:paper_library | mechanistic:paper_library
230,10.1038/s41380-025-02931-3,,,The dopaminergic effects of esketamine are mediated by a dual mechanism involving glutamate and opioid receptors.,2025,Rizzo A; Garçon-Poca MZ; Essmann A; Souza AJ; Michaelides M; Ciruela F; Bonaventura J,candidate_paper_corpus | disorder:paper_library | mechanistic:curated | mechanistic:paper_library
232,10.1080/17501911.2025.2583892,,,The epigenetic mechanisms of ketamine in the treatment of depression: a systematic review.,2025,Leccisotti I; Moretti MC; Altamura M; Bellomo A; Laurello R; Carapellese M; Sborgia G; Dibello V; Robert G; Panza F,candidate_paper_corpus | disorder:paper_library | disorder:stubs | mechanistic:paper_library
233,10.1007/s00213-025-06777-z,,,"The evolution of N, N-Dimethyltryptamine: from metabolic pathways to brain connectivity.",2025,Gupta S; Bhatnagar RK; Gupta D; K MK; Chopra A,candidate_paper_corpus | mechanistic:paper_library
235,10.1038/s41398-025-03410-7,,,The molecular mechanisms through which psilocybin prevents suicide: evidence from network pharmacology and molecular docking analyses.,2025,Zhang Y; Yang L; Zhang Q; Li C; Mao F; Zhuo C,candidate_paper_corpus | disorder:paper_library | mechanistic:paper_library | mechanistic:stubs
236,10.1080/14656566.2024.2446623,,,The potential of non-psychedelic 5-HT2A agents in the treatment of substance use disorders: a narrative review of the clinical literature.,2025,Pulido-Saavedra A; Borelli A; Kitaneh R; Alrafayia M; Jalilian-Khave L; Funaro MC; Potenza MN; Angarita GA,candidate_paper_corpus | disorder:paper_library | mechanistic:paper_library
237,10.1016/bs.irn.2025.04.010,,,The protective effect of DMT against neurodegeneration.,2025,Frecska E; Kovács A; Szabo A,candidate_paper_corpus | mechanistic:paper_library
238,10.1038/s41593-025-02021-1,,,The psychoplastogen tabernanthalog induces neuroplasticity without proximate immediate early gene activation.,2025,Aarrestad IK; Cameron LP; Fenton EM; Casey AB; Rijsketic DR; Patel SD; Sambyal R; Johnson SB; Ly C; Viswanathan J,candidate_paper_corpus | mechanistic:paper_library
239,10.1152/jn.00411.2024,,,The serotonergic psychedelic DOI impairs deviance detection in the auditory cortex.,2025,Horrocks M; Mohn JL; Jaramillo S,candidate_paper_corpus | disorder:paper_library | mechanistic:paper_library | mechanistic:stubs
240,10.1038/s41380-025-03100-2,,,The therapeutic potential of psilocybin beyond psychedelia through shared mechanisms with ketamine.,2025,Park D; Lee G; Lee WG; Kim B; Lee Y; Kim JW,candidate_paper_corpus | disorder:paper_library
241,10.1038/s41398-025-03638-3,,,The translational potential of salvinorin A: systematic review and meta-analysis of preclinical studies.,2025,Zürrer WE; Wettstein L; Aicher HD; Scheidegger M; Ineichen BV,candidate_paper_corpus | disorder:paper_library | mechanistic:paper_library
244,10.1007/s00213-024-06644-3,,,Unraveling psilocybin's therapeutic potential: behavioral and neuroplasticity insights in Wistar-Kyoto and Wistar male rat models of treatment-resistant depression.,2025,Kolasa M; Nikiforuk A; Korlatowicz A; Solich J; Potasiewicz A; Dziedzicka-Wasylewska M; Bugno R; Hogendorf A; Bojarski A; Faron-Górecka A,candidate_paper_corpus | disorder:curated | disorder:exploratory | disorder:paper_library | mechanistic:paper_library
245,10.14581/jer.25008,,,Use of Ketamine Needs Caution in NMDA-R Encephalitis Related Status Epilepticus.,2025,Panda S; Ravi KK; Kushwah R; Taywade S; Tiwari S,candidate_paper_corpus | mechanistic:paper_library | mechanistic:stubs
248,10.13345/j.cjb.250249,,,[Establishment and application of a high-throughput screening method for drugs targeting the 5-hydroxytryptamine 2A receptor based on cellular calcium flux signals].,2025,Zhang B; Shi J; Zhang Y; Chen Y; Li L; Wang M; Zhang R,candidate_paper_corpus | mechanistic:paper_library
250,10.1101/2024.10.20.619256,,,5-HT(2C) receptors in the nucleus accumbens constrain the rewarding effects of MDMA.,2024,Pomrenze MB; Vaillancourt S; Salgado JS; Raymond KB; Llorach P; Touponse GC; Cardozo Pinto DF; Rastegar Z; Casey AB; Eshel N,candidate_paper_corpus | mechanistic:paper_library | mechanistic:stubs
251,10.64719/pb.4478,,,"A Phase 2 Open Label Study of Efficacy, Safety, and Tolerability of SLS-002 (Intranasal Racemic Ketamine) in Adults with MDD at Imminent Risk of Suicide.",2024,Whitaker T; Farrand KF; Thase ME,candidate_paper_corpus | disorder:curated | disorder:paper_library | mechanistic:paper_library
252,10.1186/s12870-024-05633-0,,,A chromosome level reference genome of Diviner's sage (Salvia divinorum) provides insight into salvinorin A biosynthesis.,2024,Ford SA; Ness RW; Kwon M; Ro DK; Phillips MA,candidate_paper_corpus | mechanistic:paper_library
253,10.1016/j.phrs.2024.107081,,,A molecular perspective on mGluR5 regulation in the antidepressant effect of ketamine.,2024,Elmeseiny OSA; Müller HK,candidate_paper_corpus | mechanistic:paper_library | mechanistic:stubs
255,10.3389/fphar.2024.1394730,,,A scientometric analysis of research on the role of NMDA receptor in the treatment of depression.,2024,Chen X; Wang X; Li C; Zhang Y; Feng S; Xu S,candidate_paper_corpus | mechanistic:paper_library
256,10.1016/j.nsa.2024.104079,,,A single subanaesthetic dose of the rapid-acting antidepressant S-ketamine raises presynaptic SV2A density in limbic regions of the Wistar Kyoto rat model of depression.,2024,Bærentzen SL; Waszkiewicz AL; Thomsen M; Knudsen C; Elfving B; Landau AM,candidate_paper_corpus | mechanistic:paper_library | mechanistic:stubs
259,10.1101/2024.05.21.595211,,,Activity of prefrontal cortex serotonin 2A receptor expressing neurons is necessary for the head-twitch response of mice to psychedelic drug DOI in a sex-dependent manner.,2024,Ozols AB; Wei J; Campbell JM; Hu C; Qiu S; Gallitano AL,candidate_paper_corpus | mechanistic:paper_library | mechanistic:stubs
260,10.1021/acschemneuro.4c00245,,,Acute Effects of Hallucinogens on Functional Connectivity: Psilocybin and Salvinorin-A.,2024,Bagdasarian FA; Hansen HD; Chen J; Yoo CH; Placzek MS; Hooker JM; Wey HY,candidate_paper_corpus | mechanistic:paper_library | mechanistic:stubs
266,10.1111/bph.16315,,,Ayahuasca-enhanced extinction of fear behaviour: Role of infralimbic cortex 5-HT(2A) and 5-HT(1A) receptors.,2024,Werle I; Nascimento LMM; Dos Santos ALA; Soares LA; Dos Santos RG; Hallak JEC; Bertoglio LJ,candidate_paper_corpus | disorder:paper_library | mechanistic:paper_library
267,10.1017/s109285292400213x,,,"Ayahuasca: pharmacology, safety, and therapeutic effects.",2024,Dos Santos RG; Hallak JEC,candidate_paper_corpus | disorder:curated | disorder:exploratory | disorder:paper_library
270,10.3390/ijms252413658,,,Beyond NMDA Receptors: A Narrative Review of Ketamine's Rapid and Multifaceted Mechanisms in Depression Treatment.,2024,Antos Z; Żukow X; Bursztynowicz L; Jakubów P,candidate_paper_corpus | disorder:paper_library | disorder:stubs | mechanistic:paper_library | mechanistic:stubs
271,10.1038/s41380-024-02625-2,,,Beyond the serotonin deficit hypothesis: communicating a neuroplasticity framework of major depressive disorder.,2024,Page CE; Epperson CN; Novick AM; Duffy KA; Thompson SM,candidate_paper_corpus | disorder:paper_library
273,10.1002/dta.3547,,,Characterization of neurotransmitter inhibition for seven cathinones by a proprietary fluorescent dye method.,2024,Persson M; Vikingsson S; Kronstrand R; Green H,candidate_paper_corpus | mechanistic:paper_library | mechanistic:stubs
275,10.1007/s00213-023-06486-5,,,Contingent administration of typical and biased kappa opioid agonists reduces cocaine and oxycodone choice in a drug vs. food choice procedure in male rhesus monkeys.,2024,Zamarripa CA; Huskinson SL; Townsend EA; Prisinzano TE; Blough BE; Rowlett JK; Freeman KB,candidate_paper_corpus | mechanistic:paper_library
278,10.1080/15368378.2024.2418552,,,"Defined radio wave frequencies attenuate the head-twitch response in mice elicited by (±)-2,5-dimethoxy-4-iodoamphetamine.",2024,Vu MO; Butters BM; Canal CE; Figueroa XA,candidate_paper_corpus | mechanistic:paper_library
279,10.1097/jcma.0000000000001087,,,"Dextromethorphan moderates reward deficiency associated with central serotonin transporter availability in 3,4-methylenedioxy-methamphetamine-treated animals.",2024,Chiu CH; Ma KH; Huang EY; Chang HW; Weng SJ; Yu TH; Farn SS; Kuo YY; Huang WS; Cheng CY,candidate_paper_corpus | mechanistic:paper_library | mechanistic:stubs
280,10.1021/acs.jmedchem.4c00082,,,"Discovery and Structure-Activity Relationships of 2,5-Dimethoxyphenylpiperidines as Selective Serotonin 5-HT(2A) Receptor Agonists.",2024,M Ro Rsted E; Jensen AA; Smits G; Frydenvang K; Kristensen JL,candidate_paper_corpus | disorder:paper_library | mechanistic:curated | mechanistic:paper_library
281,10.1021/acs.jmedchem.4c00590,,,"Discovery of Novel, Selective, and Nonbasic Agonists for the Kappa-Opioid Receptor Determined by Salvinorin A-Based Virtual Screening.",2024,Puls K; Olivé-Marti AL; Hongnak S; Lamp D; Spetea M; Wolber G,candidate_paper_corpus | mechanistic:paper_library | mechanistic:stubs
282,10.1016/j.pneurobio.2024.102660,,,"Distinct 5-HT receptor subtypes regulate claustrum excitability by serotonin and the psychedelic, DOI.",2024,Anderson TL; Keady JV; Songrady J; Tavakoli NS; Asadipooya A; Neeley RE; Turner JR; Ortinski PI,candidate_paper_corpus | disorder:paper_library | mechanistic:paper_library
284,10.1038/s41380-024-02477-w,,,Effect of chemically synthesized psilocybin and psychedelic mushroom extract on molecular and metabolic profiles in mouse brain.,2024,Shahar O; Botvinnik A; Shwartz A; Lerer E; Golding P; Buko A; Hamid E; Kahn D; Guralnick M; Blakolmer K,candidate_paper_corpus | disorder:paper_library | mechanistic:paper_library
285,10.1002/npr2.12420,,,Effect of intermittent subchronic MK-801 administration on dopamine synthesis capacity and responsiveness in the prefrontal cortex.,2024,Shibata K; Enomoto K; Tsutsumi T; Muraoka H; Fuwa T; Kawano M; Ishigooka J; Inada K; Nishimura K; Oshibuchi H,candidate_paper_corpus | mechanistic:paper_library | mechanistic:stubs
286,10.3390/ijms25147881,,,"Effects of SRI-32743, a Novel Quinazoline Structure-Based Compound, on HIV-1 Tat and Cocaine Interaction with Norepinephrine Transporter.",2024,Jiménez-Torres AC; Porter KD; Hastie JA; Adeniran C; Moukha-Chafiq O; Nguyen TH; Ananthan S; Augelli-Szafran CE; Zhan CG; Zhu J,candidate_paper_corpus | mechanistic:paper_library
288,10.3389/fphar.2024.1391412,,,"Effects of psilocybin, psychedelic mushroom extract and 5-hydroxytryptophan on brain immediate early gene expression: Interaction with serotonergic receptor modulators.",2024,Lerer E; Botvinnik A; Shahar O; Grad M; Blakolmer K; Shomron N; Lotan A; Lerer B; Lifschytz T,candidate_paper_corpus | mechanistic:paper_library | mechanistic:stubs
289,10.1186/s10020-024-01013-4,,,Effects of psychedelics on neurogenesis and broader neuroplasticity: a systematic review.,2024,Lima da Cruz RV; Leão RN; Moulin TC,candidate_paper_corpus | disorder:paper_library | mechanistic:paper_library
290,10.1007/978-981-97-4402-2_3,,,"Efficacy, Safety, and Tolerability of Psychedelics in Treatment-Resistant Depression (TRD).",2024,Olivier B; Olivier JDA,candidate_paper_corpus | disorder:paper_library | mechanistic:paper_library
291,10.3390/ph17121619,,,Emerging Psychotropic Drug for the Treatment of Trigeminal Pain: Salvinorin A.,2024,Quiñonez-Bastidas GN; Grijalva-Contreras LE; Patiño-Camacho SI; Navarrete A,candidate_paper_corpus | disorder:paper_library | mechanistic:paper_library
292,10.1007/s12035-023-03860-4,,,Esketamine Prevents Postoperative Emotional and Cognitive Dysfunction by Suppressing Microglial M1 Polarization and Regulating the BDNF-TrkB Pathway in Ageing Rats with Preoperative Sleep Disturbance.,2024,Wen Y; Xu J; Shen J; Tang Z; Li S; Zhang Q; Li J; Sun J,candidate_paper_corpus | disorder:paper_library
293,10.1016/j.physbeh.2024.114461,,,Esketamine enhances memory reconsolidation in the novel object recognition task.,2024,Li H; Ying L; Wan F; Shiqiao K; Yijie F; Chuli X; Xudong Y; Xinhong Y; Zhiyong X,candidate_paper_corpus | disorder:paper_library
296,10.1007/s00210-023-02778-x,,,Ethopharmacological evaluation of antidepressant-like effect of serotonergic psychedelics in C57BL/6J male mice.,2024,Takaba R; Ibi D; Yoshida K; Hosomi E; Kawase R; Kitagawa H; Goto H; Achiwa M; Mizutani K; Maeda K,candidate_paper_corpus | disorder:paper_library | mechanistic:paper_library
297,10.1021/acsmedchemlett.3c00566,,,Evaluation of the Indazole Analogs of 5-MeO-DMT and Related Tryptamines as Serotonin Receptor 2 Agonists.,2024,Jayakodiarachchi N; Maurer MA; Schultz DC; Dodd CJ; Thompson Gray A; Cho HP; Boutaud O; Jones CK; Lindsley CW; Bender AM,candidate_paper_corpus | disorder:paper_library | mechanistic:paper_library
298,10.3390/molecules29050964,,,Exploring Novel Antidepressants Targeting G Protein-Coupled Receptors and Key Membrane Receptors Based on Molecular Structures.,2024,Yao H; Wang X; Chi J; Chen H; Liu Y; Yang J; Yu J; Ruan Y; Xiang X; Pi J,candidate_paper_corpus | disorder:paper_library | mechanistic:paper_library | mechanistic:stubs
299,10.3390/ijms252011111,,,Exploring the Therapeutic Potential of N-Methyl-D-Aspartate Receptor Antagonists in Neuropathic Pain Management.,2024,Pușcașu C; Chiriță C; Negreș S; Blebea NM,candidate_paper_corpus | mechanistic:paper_library
300,10.1038/s41386-023-01783-1,,,"GM-1020: a novel, orally bioavailable NMDA receptor antagonist with rapid and robust antidepressant-like effects at well-tolerated doses in rodents.",2024,Klein AK; Austin EW; Cunningham MJ; Dvorak D; Gatti S; Hulls SK; Kiss L; Kruegel AC; Marek GJ; Papp M,candidate_paper_corpus | mechanistic:paper_library
301,10.1093/ijnp/pyae036,,,"GluN2B on Adult-Born Granule Cells Modulates (R,S)-Ketamine's Rapid-Acting Effects in Mice.",2024,Bulthuis NE; McGowan JC; Ladner LR; LaGamma CT; Lim SC; Shubeck CX; Brachman RA; Sydnor E; Pavlova IP; Seo DO,candidate_paper_corpus | mechanistic:paper_library
302,10.1038/s41380-023-02391-7,,,High-resolution tracking of unconfined zebrafish behavior reveals stimulatory and anxiolytic effects of psilocybin.,2024,Braun D; Rosenberg AM; Rabaniam E; Haruvi R; Malamud D; Barbara R; Aiznkot T; Levavi-Sivan B; Kawashima T,candidate_paper_corpus | disorder:paper_library | mechanistic:paper_library
304,10.1038/s41398-024-02744-y,,,"Hydroxynorketamine, but not ketamine, acts via α7 nicotinic acetylcholine receptor to control presynaptic function and gene expression.",2024,Guhathakurta D; Petrušková A; Akdaş EY; Perelló-Amorós B; Frischknecht R; Anni D; Weiss EM; Walter M; Fejtová A,candidate_paper_corpus | mechanistic:paper_library
305,10.3389/fpsyt.2024.1346697,,,Hype or hope? High placebo response in major depression treatment with ketamine and esketamine: a systematic review and meta-analysis.,2024,Matsingos A; Wilhelm M; Noor L; Yildiz C; Rief W; Hofmann SG; Falkenberg I; Kircher T,candidate_paper_corpus | disorder:exploratory | disorder:paper_library | disorder:stubs
306,10.1111/ppl.14569,,,Identification of clerodane diterpene modifying cytochrome P450 (CYP728D26) in Salvia divinorum - en route to psychotropic salvinorin A biosynthesis.,2024,Ngo I; Kumar R; Li L; Kim SW; Kwon M; Ro DK,candidate_paper_corpus | mechanistic:paper_library
311,10.1016/j.neuron.2024.06.028,,,Ketamine alleviates NMDA receptor hypofunction through synaptic trapping.,2024,Villéga F; Fernandes A; Jézéquel J; Uyttersprot F; Benac N; Zenagui S; Bastardo L; Gréa H; Bouchet D; Villetelle L,candidate_paper_corpus | mechanistic:paper_library | mechanistic:stubs
314,10.1124/molpharm.124.000947,,,Ketamine and Major Ketamine Metabolites Function as Allosteric Modulators of Opioid Receptors.,2024,Gomes I; Gupta A; Margolis EB; Fricker LD; Devi LA,candidate_paper_corpus | mechanistic:paper_library
315,10.1038/s41398-024-03176-4,,,Ketamine attenuates kidney damage and depression-like behaviors in mice with cisplatin-induced acute kidney injury.,2024,Huang T; He Y; Cheng R; Zhang Q; Zhong X; Hashimoto K; Liu Y; Pu Y,candidate_paper_corpus | mechanistic:paper_library
316,10.1007/7854_2023_453,,,Ketamine for Major Depressive Disorder.,2024,Costi S,candidate_paper_corpus | mechanistic:paper_library
320,10.1016/j.euroneuro.2024.07.003,,,Ketanserin exhibits dose- and concentration-proportional serotonin 2A receptor occupancy in healthy individuals: Relevance for psychedelic research.,2024,Holze F; Madsen MK; Svarer C; Gillings N; Stenbaek DS; Rudin D; Duthaler U; Liechti ME; Fisher PM; Knudsen GM,candidate_paper_corpus | mechanistic:paper_library
322,10.1038/s41380-024-02439-2,,,"Lasting dynamic effects of the psychedelic 2,5-dimethoxy-4-iodoamphetamine ((±)-DOI) on cognitive flexibility.",2024,Šabanović M; Lazari A; Blanco-Pozo M; Tisca C; Tachrount M; Martins-Bach AB; Lerch JP; Walton ME; Bannerman DM,candidate_paper_corpus | disorder:curated | disorder:paper_library
324,10.1016/j.jphs.2024.01.008,,,"Loss of the sustained antidepressant-like effect of (2R,6R)-hydroxynorketamine in NMDA receptor GluN2D subunit knockout mice.",2024,Yamagishi A; Ikekubo Y; Mishina M; Ikeda K; Ide S,candidate_paper_corpus | mechanistic:paper_library | mechanistic:stubs
325,10.1016/j.pbb.2024.173903,,,Mescaline-induced behavioral alterations are mediated by 5-HT2A and 5-HT2C receptors in rats.,2024,Olejníková-Ladislavová L; Fujáková-Lipski M; Šíchová K; Danda H; Syrová K; Horáček J; Páleníček T,candidate_paper_corpus | mechanistic:paper_library | mechanistic:stubs
326,10.1186/s12868-024-00844-5,,,"Modulation of long-term potentiation following microdoses of LSD captured by thalamo-cortical modelling in a randomised, controlled trial.",2024,Murphy RJ; Godfrey K; Shaw AD; Muthukumaraswamy S; Sumner RL,candidate_paper_corpus | disorder:paper_library
327,10.1021/jacs.3c11617,,,Molecular Design of SERTlight: A Fluorescent Serotonin Probe for Neuronal Labeling in the Brain.,2024,Lee WL; Westergaard X; Hwu C; Hwu J; Fiala T; Lacefield C; Boltaev U; Mendieta AM; Lin L; Sonders MS,candidate_paper_corpus | mechanistic:curated | mechanistic:paper_library
330,10.1186/s13195-024-01462-3,,,"N, N-Dimethyltryptamine, a natural hallucinogen, ameliorates Alzheimer's disease by restoring neuronal Sigma-1 receptor-mediated endoplasmic reticulum-mitochondria crosstalk.",2024,Cheng D; Lei ZG; Chu K; Lam OJH; Chiang CY; Zhang ZJ,candidate_paper_corpus | mechanistic:paper_library | mechanistic:stubs
333,10.1124/jpet.123.001837,,,"Novel Benzofuran Derivatives Induce Monoamine Release and Substitute for the Discriminative Stimulus Effects of 3,4-Methylenedioxymethamphetamine.",2024,Johnson CB; Walther D; Baggott MJ; Baker LE; Baumann MH,candidate_paper_corpus | disorder:paper_library | mechanistic:paper_library
336,10.1016/j.biopha.2024.117201,,,Potent and reversible open-channel blocker of NMDA receptor derived from dizocilpine with enhanced membrane-to-channel inhibition.,2024,Misiachna A; Konecny J; Kolcheva M; Ladislav M; Prchal L; Netolicky J; Kortus S; Zahumenska P; Langore E; Novak M,candidate_paper_corpus | mechanistic:paper_library
339,10.1021/acschemneuro.4c00405,,,Predicting the Hallucinogenic Potential of Molecules Using Artificial Intelligence.,2024,Urbina F; Jones T; Harris JS; Snyder SH; Lane TR; Ekins S,candidate_paper_corpus | mechanistic:paper_library
340,10.1038/s41386-023-01744-8,,,Psilocybin analog 4-OH-DiPT enhances fear extinction and GABAergic inhibition of principal neurons in the basolateral amygdala.,2024,Kelly TJ; Bonniwell EM; Mu L; Liu X; Hu Y; Friedman V; Yu H; Su W; McCorvy JD; Liu QS,candidate_paper_corpus | disorder:paper_library | mechanistic:paper_library
341,10.1007/s00406-023-01699-3,,,Psilocybin does not induce the vulnerability marker HSP70 in neurons susceptible to Olney's lesions.,2024,Iorgu AM; Vasilescu AN; Pfeiffer N; Spanagel R; Mallien AS; Inta D; Gass P,candidate_paper_corpus | mechanistic:paper_library | mechanistic:stubs
342,10.3389/fnins.2024.1420601,,,Psilocybin for the treatment of Alzheimer's disease.,2024,Zheng S; Ma R; Yang Y; Li G,candidate_paper_corpus | disorder:paper_library | mechanistic:paper_library | mechanistic:stubs
344,10.1093/brain/awae136,,,Psilocybin reduces alcohol self-administration via selective left nucleus accumbens activation in rats.,2024,Jeanblanc J; Bordy R; Fouquet G; Jeanblanc V; Naassila M,candidate_paper_corpus | mechanistic:paper_library | mechanistic:stubs
345,10.1111/ejn.16558,,,Psilocybin reduces functional correlation and the encoding of spatial information by neurons in mouse retrosplenial cortex.,2024,Ivan VE; Tomàs-Cuesta DP; Esteves IM; Luczak A; Mohajerani M; McNaughton BL; Gruber AJ,candidate_paper_corpus | mechanistic:paper_library | mechanistic:stubs
346,10.1101/2024.05.28.596205,,,Psilocybin reduces heroin seeking behavior and modulates inflammatory gene expression in the nucleus accumbens and prefrontal cortex of male rats.,2024,Floris G; Dabrowski KR; Zanda MT; Daws SE,candidate_paper_corpus | disorder:paper_library | mechanistic:paper_library | mechanistic:stubs
347,10.1038/s41380-024-02575-9,,,Psilocybin restrains activity-based anorexia in female rats by enhancing cognitive flexibility: contributions from 5-HT1A and 5-HT2A receptor mechanisms.,2024,Conn K; Milton LK; Huang K; Munguba H; Ruuska J; Lemus MB; Greaves E; Homman-Ludiye J; Oldfield BJ; Foldi CJ,candidate_paper_corpus | disorder:curated | disorder:exploratory | disorder:paper_library | mechanistic:paper_library | mechanistic:stubs
348,10.1098/rstb.2023.0095,,,Psilocybin-assisted neurofeedback for the improvement of executive functions: a randomized semi-naturalistic-lab feasibility study.,2024,Enriquez-Geppert S; Krc J; O'Higgins FJ; Lietz M,candidate_paper_corpus | disorder:paper_library
349,10.1101/2023.09.23.559145,,,Psychedelic 5-HT2A receptor agonism: neuronal signatures and altered neurovascular coupling.,2024,Padawer-Curry JA; Krentzman OJ; Kuo CC; Wang X; Bice AR; Nicol GE; Snyder AZ; Siegel JS; McCall JG; Bauer AQ,candidate_paper_corpus | disorder:paper_library | mechanistic:paper_library | mechanistic:stubs
351,10.1097/mjt.0000000000001727,,,Psychedelic Therapy: A Primer for Primary Care Clinicians-Historical Perspective and Overview.,2024,Tabaac BJ; Shinozuka K; Arenas A; Beutler BD; Cherian K; Evans VD; Fasano C; Muir OS,candidate_paper_corpus | disorder:curated | disorder:paper_library | mechanistic:paper_library
352,10.1021/acschemneuro.3c00610,,,Psychedelic-like Activity of Norpsilocin Analogues.,2024,Sherwood AM; Burkhartzmeyer EK; Williamson SE; Baumann MH; Glatfelter GC,candidate_paper_corpus | mechanistic:curated | mechanistic:paper_library
353,10.1016/j.ajp.2024.104193,,,Psychoactive substances for the treatment of neuropsychiatric disorders.,2024,Zhen Z; Sun X; Yuan S; Zhang J,candidate_paper_corpus | disorder:paper_library | mechanistic:paper_library
354,10.1016/j.jad.2024.08.050,,,Psychometric properties of the 23-Item Clinician Administered Dissociative States Scale (CADSS) in a psychological trauma population.,2024,Bremner JD; Williamson D; Vaccarino V,candidate_paper_corpus | mechanistic:paper_library
355,10.1021/acschemneuro.4c00058,,,"RE104: Synthesis and Activity of a Novel Serotonergic Psychedelic Prodrug of 4-Hydroxy-N,N-diisopropyltryptamine.",2024,Bryson N; Alexander R; Asnis-Alibozek A; Ehlers MD,candidate_paper_corpus | disorder:paper_library | mechanistic:curated | mechanistic:paper_library
356,10.1080/19490976.2024.2310603,,,Repeated (S)-ketamine administration ameliorates the spatial working memory impairment in mice with chronic pain: role of the gut microbiota-brain axis.,2024,Jiang Y; Wang X; Chen J; Zhang Y; Hashimoto K; Yang JJ; Zhou Z,candidate_paper_corpus | disorder:curated | disorder:exploratory | disorder:paper_library
357,10.1007/s40263-024-01123-x,,,Research Progress on NMDA Receptor Enhancement Drugs for the Treatment of Depressive Disorder.,2024,Liu R; Liu N; Ma L; Liu Y; Huang Z; Peng X; Zhuang C; Niu J; Yu J; Du J,candidate_paper_corpus | mechanistic:paper_library
358,10.1176/appi.focus.24022012,,,Rethinking Therapeutic Strategies for Anorexia Nervosa: Insights From Psychedelic Medicine and Animal Models.,2024,Foldi CJ; Liknaitzky P; Williams M; Oldfield BJ,candidate_paper_corpus | disorder:curated | disorder:paper_library | disorder:stubs | mechanistic:paper_library
361,10.1016/j.jep.2024.118697,,,Salvinorin A ameliorates pilocarpine-induced seizures by regulating hippocampal microglia polarization.,2024,Yang J; Cai JH; Wu TX; Gao ZQ; Zhou C; Wu Q; Ji MJ,candidate_paper_corpus | mechanistic:paper_library
362,10.1016/j.bpsc.2024.01.007,,,"Serotonergic Psychedelics: A Comparative Review of Efficacy, Safety, Pharmacokinetics, and Binding Profile.",2024,Holze F; Singh N; Liechti ME; D'Souza DC,candidate_paper_corpus | mechanistic:paper_library | mechanistic:stubs
363,10.1021/acschemneuro.4c00513,,,"Serotonin 1A Receptors Modulate Serotonin 2A Receptor-Mediated Behavioral Effects of 5-Methoxy-N,N-dimethyltryptamine Analogs in Mice.",2024,Glatfelter GC; Clark AA; Cavalco NG; Landavazo A; Partilla JS; Naeem M; Golen JA; Chadeayne AR; Manke DR; Blough BE,candidate_paper_corpus | mechanistic:curated | mechanistic:paper_library
364,10.1021/acs.chemrev.3c00375,,,Serotonin 2A Receptor (5-HT(2A)R) Agonists: Psychedelics and Non-Hallucinogenic Analogues as Emerging Antidepressants.,2024,Duan W; Cao D; Wang S; Cheng J,candidate_paper_corpus | mechanistic:paper_library | mechanistic:stubs
365,10.1038/s41467-024-45157-7,,,Sex dependence of opioid-mediated responses to subanesthetic ketamine in rats.,2024,Di Ianni T; Ewbank SN; Levinstein MR; Azadian MM; Budinich RC; Michaelides M; Airan RD,candidate_paper_corpus | disorder:paper_library | mechanistic:paper_library
369,10.1016/j.neuropharm.2023.109827,,,Structure-activity relationships for locomotor stimulant effects and monoamine transporter interactions of substituted amphetamines and cathinones.,2024,Fitzgerald LR; Gannon BM; Walther D; Landavazo A; Hiranita T; Blough BE; Baumann MH; Fantegrossi WE,candidate_paper_corpus | mechanistic:paper_library
373,10.64719/pb.4493,,,The Black Book of Psychotropic Dosing and Monitoring.,2024,DeBattista C; Schatzberg AF,candidate_paper_corpus | disorder:curated | disorder:paper_library | mechanistic:paper_library | mechanistic:stubs
374,10.1146/annurev-physiol-042022-020923,,,The Effects of Psychedelics on Neuronal Physiology.,2024,Hatzipantelis CJ; Olson DE,candidate_paper_corpus | disorder:paper_library | mechanistic:paper_library
375,10.1098/rstb.2023.0225,,,The N-methyl-d-aspartate receptor hypothesis of ketamine's antidepressant action: evidence and controversies.,2024,Jiang Y; Dong Y; Hu H,candidate_paper_corpus | disorder:paper_library | mechanistic:curated | mechanistic:paper_library
377,10.1016/j.isci.2024.110034,,,The influence of psilocybin on subconscious and conscious emotional learning.,2024,Casanova AF; Ort A; Smallridge JW; Preller KH; Seifritz E; Vollenweider FX,candidate_paper_corpus | mechanistic:paper_library
378,10.1016/j.neuropharm.2024.110163,,,The psychedelic drug DOI reduces heroin motivation by targeting 5-HT2A receptors in a heroin and alcohol co-use model.,2024,Bonilla J; Giannotti G; Kregar NP; Heinsbroek JA; Olson DE; Peters J,candidate_paper_corpus | disorder:paper_library | mechanistic:paper_library | mechanistic:stubs
379,10.1515/biol-2022-0816,,,The role and mechanism of esketamine in preventing and treating remifentanil-induced hyperalgesia based on the NMDA receptor-CaMKII pathway.,2024,Wang J; Feng Y; Qi Z; Li J; Chen Z; Zhang J; Zhu D,candidate_paper_corpus | mechanistic:paper_library | mechanistic:stubs
380,10.1101/2024.09.06.611733,,,The serotonergic psychedelic DOI impairs deviance detection in the auditory cortex.,2024,Horrocks M; Mohn JL; Jaramillo S,candidate_paper_corpus | disorder:paper_library | mechanistic:paper_library | mechanistic:stubs
381,10.1038/s41598-024-65301-z,,,Trigonelline as an anticonvulsant agent: mechanistic insights into NMDA receptor expression and oxidative stress balance.,2024,Kabiri-Samani N; Amini-Khoei H; Rahimi-Madiseh M; Sureda A; Lorigooini Z,candidate_paper_corpus | mechanistic:paper_library
383,10.1021/acschemneuro.3c00677,,,Uncovering Structure-Activity Relationships of Phenethylamines: Paving the Way for Innovative Mental Health Treatments.,2024,Karabulut S; Kaur H; Gauld JW,candidate_paper_corpus | disorder:paper_library | mechanistic:paper_library | mechanistic:stubs
384,10.1002/jnr.25257,,,"Understanding the role of the NMDA receptor subunit, GluN2D, in mediating NMDA receptor antagonist-induced behavioral disruptions in male and female mice.",2024,Vinnakota C; Schroeder A; Du X; Ikeda K; Ide S; Mishina M; Hudson M; Jones NC; Sundram S; Hill RA,candidate_paper_corpus | mechanistic:paper_library | mechanistic:stubs
385,10.3390/ph17020194,,,Unique Effects of (R)-Ketamine Compared to (S)-Ketamine on EEG Theta Power in Rats.,2024,Pothorszki D; Koncz S; Török D; Papp N; Bagdy G,candidate_paper_corpus | mechanistic:paper_library
387,10.3390/ijms252313098,,,Variations in BDNF and Their Role in the Neurotrophic Antidepressant Mechanisms of Ketamine and Esketamine: A Review.,2024,Pardossi S; Fagiolini A; Cuomo A,candidate_paper_corpus | disorder:paper_library | mechanistic:paper_library
388,10.7759/cureus.57654,,,Very Low-Dose Sublingual Ketamine for Borderline Personality Disorder and Treatment-Resistant Depression.,2024,Liester M; Wilkenson R; Patterson B; Liang B,candidate_paper_corpus | disorder:paper_library
391,10.1101/2023.11.28.569043,,,"( R,S )-ketamine's rapid-acting antidepressant effects are modulated by NR2B-containing NMDA receptors on adult-born hippocampal neurons.",2023,Bulthuis NE; McGowan JC; Ladner LR; LaGamma CT; Lim SC; Shubeck CX; Brachman RA; Sydnor E; Pavlova IP; Seo DO,candidate_paper_corpus | mechanistic:paper_library
393,10.1021/acschemneuro.2c00718,,,5-HT2ARs Mediate Therapeutic Behavioral Effects of Psychedelic Tryptamines.,2023,Cameron LP; Patel SD; Vargas MV; Barragan EV; Saeger HN; Warren HT; Chow WL; Gray JA; Olson DE,candidate_paper_corpus | disorder:paper_library | mechanistic:paper_library
394,10.1038/s41386-023-01572-w,,,5-MeO-DMT modifies innate behaviors and promotes structural neural plasticity in mice.,2023,Jefferson SJ; Gregg I; Dibbs M; Liao C; Wu H; Davoudian PA; Woodburn SC; Wehrle PH; Sprouse JS; Sherwood AM,candidate_paper_corpus | disorder:paper_library
395,10.3390/biology12111380,,,A Comprehensive Review of the Current Status of the Cellular Neurobiology of Psychedelics.,2023,Banushi B; Polito V,candidate_paper_corpus | disorder:paper_library | mechanistic:paper_library
396,10.1021/acscentsci.3c00616,,,"A Route to Potent, Selective, and Biased Salvinorin Chemical Space.",2023,Hill SJ; Dao N; Dang VQ; Stahl EL; Bohn LM; Shenvi RA,candidate_paper_corpus | mechanistic:curated | mechanistic:paper_library
397,10.7554/elife.82641,,,A mechanism of uncompetitive inhibition of the serotonin transporter.,2023,Bhat S; El-Kasaby A; Kasture A; Boytsov D; Reichelt JB; Hummel T; Sucic S; Pifl C; Freissmuth M; Sandtner W,candidate_paper_corpus | mechanistic:curated | mechanistic:paper_library
398,10.1016/j.celrep.2023.112203,,,A non-hallucinogenic LSD analog with therapeutic potential for mood disorders.,2023,Lewis V; Bonniwell EM; Lanham JK; Ghaffari A; Sheshbaradaran H; Cao AB; Calkins MM; Bautista-Carro MA; Arsenault E; Telfer A,candidate_paper_corpus | disorder:paper_library | mechanistic:paper_library
399,10.1101/2023.09.27.559065,,,A tale of two receptors: simultaneous targeting of NMDARs and 5-HT (4) Rs exerts additive effects against stress.,2023,Chen BK; Luna VM; Jin M; Shah A; Shannon ME; Pauers M; Williams BL; Pham V; Hunsberger HC; Gardier AM,candidate_paper_corpus | mechanistic:paper_library
401,10.3390/biomedicines11102664,,,Activation of σ1-Receptors by R-Ketamine May Enhance the Antidepressant Effect of S-Ketamine.,2023,Kalkman HO,candidate_paper_corpus | mechanistic:curated | mechanistic:paper_library
410,10.3390/molecules28114346,,,Binding Affinity and Mechanisms of Potential Antidepressants Targeting Human NMDA Receptors.,2023,Ye S; Han Y; Wei Z; Li J,candidate_paper_corpus | mechanistic:curated | mechanistic:paper_library
411,10.3389/fphar.2023.1101290,,,"Binding and functional structure-activity similarities of 4-substituted 2,5-dimethoxyphenyl isopropylamine analogues at 5-HT(2A) and 5-HT(2B) serotonin receptors.",2023,Hemanth P; Nistala P; Nguyen VT; Eltit JM; Glennon RA; Dukat M,candidate_paper_corpus | mechanistic:paper_library
413,10.1016/j.jad.2022.12.021,,,Biomarkers of ketamine's antidepressant effect: An umbrella review.,2023,Meshkat S; Ho RC; Cao B; Teopiz KM; Rosenblat JD; Rhee TG; Di Vincenzo JD; Ceban F; Jawad MY; McIntyre RS,candidate_paper_corpus | mechanistic:paper_library
414,10.1177/02698811221131994,,,Body mass index (BMI) does not predict responses to psilocybin.,2023,Spriggs MJ; Giribaldi B; Lyons T; Rosas FE; Kärtner LS; Buchborn T; Douglass HM; Roseman L; Timmermann C; Erritzoe D,candidate_paper_corpus | disorder:paper_library | mechanistic:paper_library
415,10.1016/j.molmed.2023.02.003,,,Bridging rapid and sustained antidepressant effects of ketamine.,2023,Kim JW; Suzuki K; Kavalali ET; Monteggia LM,candidate_paper_corpus | mechanistic:paper_library
416,10.1021/acschemneuro.3c00088,,,Classics in Chemical Neuroscience: Dextromethorphan (DXM).,2023,McClure EW; Daniels RN,candidate_paper_corpus | mechanistic:paper_library
417,10.7759/cureus.37833,,,Clinical Effectiveness of N-Methyl-D-Aspartate (NMDA) Receptor Antagonists in Adult Obsessive-Compulsive Disorder (OCD) Treatment: A Systematic Review.,2023,Ferguson AA; Khan AI; Abuzainah B; Chaudhuri D; Khan KI; Al Shouli R; Allakky A; Hamdan JA,candidate_paper_corpus | mechanistic:paper_library | mechanistic:stubs
419,10.3389/fnins.2023.1217079,,,Cortical structural differences following repeated ayahuasca use hold molecular signatures.,2023,Mallaroni P; Mason NL; Kloft L; Reckweg JT; van Oorsouw K; Ramaekers JG,candidate_paper_corpus | disorder:paper_library | mechanistic:paper_library
421,10.1016/j.pbb.2023.173586,,,D-cycloserine is not susceptible to self-administration using an intravenous self-administration model in male ketamine-habituated Sprague-Dawley rats.,2023,Sapko MT; Hanania T; Chang Q; Javitt JC,candidate_paper_corpus | mechanistic:paper_library
425,10.1017/s0033291722002963,,,Effect of lysergic acid diethylamide (LSD) on reinforcement learning in humans.,2023,Kanen JW; Luo Q; Rostami Kandroodi M; Cardinal RN; Robbins TW; Nutt DJ; Carhart-Harris RL; den Ouden HEM,candidate_paper_corpus | disorder:paper_library | mechanistic:paper_library | mechanistic:stubs
427,10.1038/s41398-023-02456-9,,,Effect of psilocybin on marble burying in ICR mice: role of 5-HT1A receptors and implications for the treatment of obsessive-compulsive disorder.,2023,Singh S; Botvinnik A; Shahar O; Wolf G; Yakobi C; Saban M; Salama A; Lotan A; Lerer B; Lifschytz T,candidate_paper_corpus | disorder:curated | disorder:paper_library | mechanistic:paper_library | mechanistic:stubs
429,10.3390/biom13091411,,,Esketamine Inhibits Cocaine-Seeking Behaviour Subsequent to Various Abstinence Conditions in Rats.,2023,Wydra K; Witek K; Suder A; Filip M,candidate_paper_corpus | disorder:paper_library | mechanistic:curated | mechanistic:paper_library
431,10.21203/rs.3.rs-3138705/v1,,,Ethopharmacological evaluation of antidepressant-like effect of serotonergic psychedelics in C57BL/6J male mice.,2023,Takaba R; Ibi D; Yoshida K; Hosomi E; Kawase R; Kitagawa H; Goto H; Achiwa M; Mizutani K; Maede K,candidate_paper_corpus | disorder:paper_library | mechanistic:curated | mechanistic:paper_library
432,10.3390/ph16071013,,,Exploring the Molecular Targets for the Antidepressant and Antisuicidal Effects of Ketamine Enantiomers by Using Network Pharmacology and Molecular Docking.,2023,Altê GA; Rodrigues ALS,candidate_paper_corpus | mechanistic:paper_library | mechanistic:stubs
435,10.1038/s41423-023-00982-6,,,HTR2A agonists play a therapeutic role by restricting ILC2 activation in papain-induced lung inflammation.,2023,Wang Z; Yan C; Du Q; Huang Y; Li X; Zeng D; Mao R; Gurram RK; Cheng S; Gu W,candidate_paper_corpus | mechanistic:paper_library
436,10.1073/pnas.2218949120,,,Human brain effects of DMT assessed via EEG-fMRI.,2023,Timmermann C; Roseman L; Haridas S; Rosas FE; Luan L; Kettner H; Martell J; Erritzoe D; Tagliazucchi E; Pallavicini C,candidate_paper_corpus | disorder:paper_library | mechanistic:paper_library | mechanistic:stubs
438,10.1016/j.neuropharm.2022.109357,,,"Intranasal (R, S)-ketamine delivery induces sustained antidepressant effects associated with changes in cortical balance of excitatory/inhibitory synaptic activity.",2023,Nguyen TML; Defaix C; Mendez-David I; Tritschler L; Etting I; Alvarez JC; Choucha W; Colle R; Corruble E; David DJ,candidate_paper_corpus | mechanistic:paper_library
441,10.1016/j.neuropharm.2022.109305,,,Ketamine and its metabolites: Potential as novel treatments for depression.,2023,Zhang K; Yao Y; Hashimoto K,candidate_paper_corpus | mechanistic:paper_library
442,10.3390/ph16050742,,,Ketamine and the Disinhibition Hypothesis: Neurotrophic Factor-Mediated Treatment of Depression.,2023,Borsellino P; Krider RI; Chea D; Grinnell R; Vida TA,candidate_paper_corpus | disorder:paper_library | disorder:stubs | mechanistic:paper_library | mechanistic:stubs
443,10.1016/j.neuropharm.2023.109481,,,Ketamine reduces electrophysiological network activity in cortical neuron cultures already at sub-micromolar concentrations - Impact on TrkB-ERK1/2 signaling.,2023,Ahtiainen A; Annala I; Rosenholm M; Kohtala S; Hyttinen J; Tanskanen JMA; Rantamäki T,candidate_paper_corpus | mechanistic:paper_library
444,10.7554/elife.86022,,,Ketamine's rapid antidepressant effects are mediated by Ca(2+)-permeable AMPA receptors.,2023,Zaytseva A; Bouckova E; Wiles MJ; Wustrau MH; Schmidt IG; Mendez-Vazquez H; Khatri L; Kim S,candidate_paper_corpus | mechanistic:paper_library | mechanistic:stubs
445,10.1093/ijnp/pyac075,,,"Ketanserin Reverses the Acute Response to LSD in a Randomized, Double-Blind, Placebo-Controlled, Crossover Study in Healthy Participants.",2023,Becker AM; Klaiber A; Holze F; Istampoulouoglou I; Duthaler U; Varghese N; Eckert A; Liechti ME,candidate_paper_corpus | disorder:paper_library | mechanistic:paper_library
446,10.3390/molecules28176375,,,"Ligand-Free Signaling of G-Protein-Coupled Receptors: Physiology, Pharmacology, and Genetics.",2023,Sadee W,candidate_paper_corpus | disorder:paper_library | mechanistic:paper_library
450,10.3389/fnins.2023.1156319,,,Mini-review: The neurobiology of treating substance use disorders with classical psychedelics.,2023,Urban MM; Stingl MR; Meinhardt MW,candidate_paper_corpus | disorder:paper_library | mechanistic:paper_library
451,10.1016/j.biopsych.2022.12.019,,,Mu Opioid Receptor Activation Mediates (S)-ketamine Reinforcement in Rats: Implications for Abuse Liability.,2023,Levinstein MR; Carlton ML; Di Ianni T; Ventriglia EN; Rizzo A; Gomez JL; Budinich RC; Shaham Y; Airan RD; Zarate CA Jr,candidate_paper_corpus | disorder:paper_library | mechanistic:paper_library | mechanistic:stubs
453,10.1523/jneurosci.1316-22.2022,,,NMDA Receptor Activation-Dependent Antidepressant-Relevant Behavioral and Synaptic Actions of Ketamine.,2023,Zanos P; Brown KA; Georgiou P; Yuan P; Zarate CA Jr; Thompson SM; Gould TD,candidate_paper_corpus | disorder:paper_library | mechanistic:curated | mechanistic:paper_library
454,10.3390/ph16060812,,,NMDA Receptor Glycine Binding Site Modulators for Prevention and Treatment of Ketamine Use Disorder.,2023,Hsiao YC; Lee MY; Chan MH; Chen HH,candidate_paper_corpus | mechanistic:paper_library | mechanistic:stubs
458,10.2967/jnumed.122.264391,,,"Neurovascular Uncoupling: Multimodal Imaging Delineates the Acute Effects of 3,4-Methylenedioxymethamphetamine.",2023,Ionescu TM; Amend M; Watabe T; Hatazawa J; Maurer A; Reischl G; Pichler BJ; Wehrl HF; Herfert K,candidate_paper_corpus | mechanistic:paper_library | mechanistic:stubs
459,10.3390/ijms24031913,,,Opposite Modulation of the NMDA Receptor by Glycine and S-Ketamine and the Effects on Resting State EEG Gamma Activity: New Insights into the Glutamate Hypothesis of Schizophrenia.,2023,Haaf M; Curic S; Rauh J; Steinmann S; Mulert C; Leicht G,candidate_paper_corpus | mechanistic:paper_library
460,10.1124/jpet.122.001454,,,"Pharmacologic Activity of Substituted Tryptamines at 5-Hydroxytryptamine (5-HT)(2A) Receptor (5-HT(2A)R), 5-HT(2C)R, 5-HT(1A)R, and Serotonin Transporter.",2023,Kozell LB; Eshleman AJ; Swanson TL; Bloom SH; Wolfrum KM; Schmachtenberg JL; Olson RJ; Janowsky A; Abbas AI,candidate_paper_corpus | disorder:paper_library | mechanistic:paper_library
462,10.1016/j.neuropharm.2023.109504,,,Preclinical perspectives on the mechanisms underlying the therapeutic actions of psilocybin in psychiatric disorders.,2023,Wulff AB; Nichols CD; Thompson SM,candidate_paper_corpus | disorder:paper_library | disorder:stubs
463,10.1016/j.bbr.2023.114436,,,Prepulse inhibition of the acoustic startle reflex impairment by 5-HT2A receptor activation in the inferior colliculus is prevented by GABAA receptor blockade in the pedunculopontine tegmental nucleus.,2023,de Oliveira RP; Yokoyama T; Cardoso Thomaz LS; de Andrade JS; Santos ADA; de Carvalho Mendonça V; Rosenstock T; Pinheiro Carrera M; Medeiros P; Cruz FC,candidate_paper_corpus | mechanistic:paper_library
464,10.1097/cm9.0000000000002647,,,Psilocybin facilitates fear extinction in mice by promoting hippocampal neuroplasticity.,2023,Du Y; Li Y; Zhao X; Yao Y; Wang B; Zhang L; Wang G,candidate_paper_corpus | disorder:paper_library
465,10.3390/cells12060963,,,Psychedelic Targeting of Metabotropic Glutamate Receptor 2 and Its Implications for the Treatment of Alcoholism.,2023,Domanegg K; Sommer WH; Meinhardt MW,candidate_paper_corpus | disorder:curated | disorder:paper_library | disorder:stubs | mechanistic:paper_library | mechanistic:stubs
467,10.1007/s43440-023-00546-5,,,Psychedelics action and schizophrenia.,2023,Maćkowiak M,candidate_paper_corpus | disorder:paper_library | mechanistic:paper_library
468,10.1126/science.adf0435,,,Psychedelics promote neuroplasticity through the activation of intracellular 5-HT2A receptors.,2023,Vargas MV; Dunlap LE; Dong C; Carter SJ; Tombari RJ; Jami SA; Cameron LP; Patel SD; Hennessey JJ; Saeger HN,candidate_paper_corpus | mechanistic:paper_library
469,10.1038/s41593-023-01316-5,,,Psychedelics promote plasticity by directly binding to BDNF receptor TrkB.,2023,Moliner R; Girych M; Brunello CA; Kovaleva V; Biojone C; Enkavi G; Antenucci L; Kot EF; Goncharuk SA; Kaurinkoski K,benchmark_manifest | candidate_paper_corpus | disorder:paper_library | mechanistic:curated | mechanistic:paper_library | mechanistic:stubs
471,10.1016/j.pbb.2022.173500,,,"Rapid antidepressant-like effect of non-hallucinogenic psychedelic analog lisuride, but not hallucinogenic psychedelic DOI, in lipopolysaccharide-treated mice.",2023,Qu Y; Chang L; Ma L; Wan X; Hashimoto K,candidate_paper_corpus | disorder:paper_library | mechanistic:paper_library
472,10.3389/fphar.2023.1021729,,,Rearing behaviour in the mouse behavioural pattern monitor distinguishes the effects of psychedelics from those of lisuride and TBG.,2023,Chen Y; Liu J; Yao Y; Yan H; Su R,candidate_paper_corpus | disorder:paper_library | mechanistic:paper_library
475,10.1016/j.neuropharm.2022.109313,,,Roles of the monoaminergic system in the antidepressant effects of ketamine and its metabolites.,2023,Ago Y; Yokoyama R; Asano S; Hashimoto H,candidate_paper_corpus | mechanistic:paper_library
476,10.3390/molecules28020718,,,Solving an Old Puzzle: Elucidation and Evaluation of the Binding Mode of Salvinorin A at the Kappa Opioid Receptor.,2023,Puls K; Wolber G,candidate_paper_corpus | mechanistic:curated | mechanistic:paper_library
477,10.1021/acschemneuro.3c00267,,,Structure-Activity Assessment and In-Depth Analysis of Biased Agonism in a Set of Phenylalkylamine 5-HT(2A) Receptor Agonists.,2023,Pottie E; Poulie CBM; Simon IA; Harpsøe K; D'Andrea L; Komarov IV; Gloriam DE; Jensen AA; Kristensen JL; Stove CP,candidate_paper_corpus | disorder:paper_library | mechanistic:curated | mechanistic:paper_library
478,10.1016/j.cell.2023.04.010,,,Structure-based discovery of conformationally selective inhibitors of the serotonin transporter.,2023,Singh I; Seth A; Billesbølle CB; Braz J; Rodriguiz RM; Roy K; Bekele B; Craik V; Huang XP; Boytsov D,candidate_paper_corpus | disorder:paper_library | mechanistic:paper_library
479,10.1177/02698811231179800,,,Sub-acute effects of psilocybin on EEG correlates of neural plasticity in major depression: Relationship to symptoms.,2023,Skosnik PD; Sloshower J; Safi-Aghdam H; Pathania S; Syed S; Pittman B; D'Souza DC,candidate_paper_corpus | disorder:curated | disorder:paper_library
480,10.1038/s41586-023-06624-1,,,Sustained antidepressant effect of ketamine through NMDAR trapping in the LHb.,2023,Ma S; Chen M; Jiang Y; Xiang X; Wang S; Wu Z; Li S; Cui Y; Wang J; Zhu Y,candidate_paper_corpus | mechanistic:curated | mechanistic:paper_library
483,10.3390/ijms24021022,,,The Effect of Clozapine and Novel Glutamate Modulator JNJ-46356479 on Nitrosative Stress in a Postnatal Murine Ketamine Model of Schizophrenia.,2023,Treder N; Martínez-Pinteño A; Rodríguez N; Arbelo N; Madero S; Gómez M; García-Rizo C; Mas S; Gassó P; Parellada E,candidate_paper_corpus | mechanistic:paper_library
484,10.1101/2023.06.01.543310,,,The G protein biased serotonin 5-HT 2A receptor agonist lisuride exerts anti-depressant drug-like activities in mice.,2023,Pogorelov VM; Rodriguiz RM; Roth BL; Wetsel WC,candidate_paper_corpus | disorder:paper_library | mechanistic:paper_library | mechanistic:stubs
485,10.3389/fmolb.2023.1233743,,,The G protein biased serotonin 5-HT2A receptor agonist lisuride exerts anti-depressant drug-like activities in mice.,2023,Pogorelov VM; Rodriguiz RM; Roth BL; Wetsel WC,candidate_paper_corpus | disorder:paper_library | mechanistic:paper_library | mechanistic:stubs
486,10.3390/molecules28124848,,,"The Kappa Opioid Receptor Agonist 16-Bromo Salvinorin A Has Anti-Cocaine Effects without Significant Effects on Locomotion, Food Reward, Learning and Memory, or Anxiety and Depressive-like Behaviors.",2023,van de Wetering R; Ewald A; Welsh S; Kornberger L; Williamson SE; McElroy BD; Butelman ER; Prisinzano TE; Kivell BM,candidate_paper_corpus | mechanistic:curated | mechanistic:paper_library
488,10.1021/acsptsci.3c00137,,,"The Psychedelic N,N-Dipropyltryptamine Prevents Seizures in a Mouse Model of Fragile X Syndrome via a Mechanism that Appears Independent of Serotonin and Sigma1 Receptors.",2023,Tyagi R; Saraf TS; Canal CE,candidate_paper_corpus | mechanistic:paper_library
489,10.9758/cpn.22.1034,,,The Role of Glutamate Underlying Treatment-resistant Depression.,2023,Kim J; Kim TE; Lee SH; Koo JW,candidate_paper_corpus | disorder:paper_library | mechanistic:paper_library | mechanistic:stubs
490,10.1016/j.pharmthera.2023.108431,,,The antidepressant actions of ketamine and its enantiomers.,2023,Johnston JN; Henter ID; Zarate CA Jr,candidate_paper_corpus | disorder:paper_library | mechanistic:paper_library
492,10.1016/j.bbapap.2023.140914,,,"The molecular basis of the antidepressant action of the magic mushroom extract, psilocin.",2023,Hakami Zanjani AA; Nguyen TQT; Jacobsen L; Khandelia H,candidate_paper_corpus | mechanistic:paper_library
495,10.1177/15353702231170007,,,The role of ketamine in major depressive disorders: Effects on parvalbumin-positive interneurons in hippocampus.,2023,Barrutieta-Arberas I; Ortuzar N; Vaquero-Rodríguez A; Picó-Gallardo M; Bengoetxea H; Guevara MA; Gargiulo PA; Lafuente JV,candidate_paper_corpus | mechanistic:curated | mechanistic:paper_library
496,10.1016/j.biopha.2023.114880,,,"Therapeutic effects of methimazole on 3,4-methylenedioxymethamphetamine-induced hyperthermia and serotonergic neurotoxicity.",2023,Li IH; Liu TT; Chen YC; Hsiao SH; Hung HY; Fann LY; Shih JH,candidate_paper_corpus | mechanistic:paper_library
497,10.1038/s41386-022-01389-z,,,Towards an understanding of psychedelic-induced neuroplasticity.,2023,Calder AE; Hasler G,candidate_paper_corpus | disorder:paper_library | mechanistic:paper_library
499,10.1254/fpj.22141,,,[Contribution of serotonin 5-HT(2A) receptor to antidepressant effect of serotonergic psychedelics].,2023,Ibi D,candidate_paper_corpus | mechanistic:paper_library
500,10.1051/jbio/2023028,,,[Interest and mechanisms of action of ketamine in alcohol addiction- A review of clinical and preclinical studies].,2023,Hilal F; Jeanblanc J; Naassila M,candidate_paper_corpus | disorder:paper_library | mechanistic:curated | mechanistic:paper_library
503,10.3389/fpsyg.2022.852248,,,A Single Belief-Changing Psychedelic Experience Is Associated With Increased Attribution of Consciousness to Living and Non-living Entities.,2022,Nayak SM; Griffiths RR,candidate_paper_corpus | disorder:paper_library
505,10.1038/s41398-022-02192-6,,,A key role of miR-132-5p in the prefrontal cortex for persistent prophylactic actions of (R)-ketamine in mice.,2022,Ma L; Wang L; Chang L; Shan J; Qu Y; Wang X; Wan X; Fujita Y; Hashimoto K,candidate_paper_corpus | mechanistic:paper_library
506,10.1016/j.biopha.2021.112295,,,"A retrospective analysis of the ""Neverending Trip"" after administration of a potent full agonist of 5-HT2A receptor - 25I-NBOMe.",2022,Schetz D; Schetz A; Kocić I,candidate_paper_corpus | mechanistic:paper_library
507,10.1016/j.crtox.2022.100075,,,"A review on the mitochondrial toxicity of ""ecstasy"" (3,4-methylenedioxymethamphetamine, MDMA).",2022,Capela JP; Carvalho FD,candidate_paper_corpus | mechanistic:paper_library
508,10.1016/j.jad.2022.07.030,,,Active mechanisms of ketamine-assisted psychotherapy: A systematic review.,2022,Joneborg I; Lee Y; Di Vincenzo JD; Ceban F; Meshkat S; Lui LMW; Fancy F; Rosenblat JD; McIntyre RS,candidate_paper_corpus | disorder:paper_library
510,10.3389/fnins.2022.852010,,,"Acute (R,S)-Ketamine Administration Induces Sex-Specific Behavioral Effects in Adolescent but Not Aged Mice.",2022,Mastrodonato A; Pavlova I; Kee N; McGowan JC; Mann JJ; Denny CA,candidate_paper_corpus | mechanistic:paper_library
512,10.1016/j.pnpbp.2022.110603,,,Adjunctive dopaminergic enhancement of esketamine in treatment-resistant depression.,2022,Cook J; Halaris A,candidate_paper_corpus | disorder:curated | disorder:paper_library | mechanistic:paper_library
514,10.3390/molecules27092977,,,"Allosteric Binding of MDMA to the Human Serotonin Transporter (hSERT) via Ensemble Binding Space Analysis with ΔG Calculations, Induced Fit Docking and Monte Carlo Simulations.",2022,Islas ÁA; Scior T,candidate_paper_corpus | mechanistic:paper_library | mechanistic:stubs
515,10.1124/molpharm.121.000400,,,Allosteric Modulator KM822 Attenuates Behavioral Actions of Amphetamine in Caenorhabditis elegans through Interactions with the Dopamine Transporter DAT-1.,2022,Refai O; Aggarwal S; Cheng MH; Gichi Z; Salvino JM; Bahar I; Blakely RD; Mortensen OV,candidate_paper_corpus | mechanistic:paper_library
516,10.2174/1567202619999220209112609,,,Altered Expression and In Vivo Activity of mGlu5 Variant a Receptors in the Striatum of BTBR Mice: Novel Insights Into the Pathophysiology of Adult Idiopathic Forms of Autism Spectrum Disorders.,2022,Matrisciano F; Locci V; Dong E; Nicoletti F; Guidotti A; Grayson DR,candidate_paper_corpus | disorder:paper_library
517,10.3390/ijms23137035,,,"Amitriptyline Accelerates SERT Binding Recovery in a Rat 3,4-Methylenedioxymethamphetamine (MDMA) Model: In Vivo 4-[(18)F]-ADAM PET Imaging.",2022,Tsai CJ; Chiu CH; Kuo YY; Huang WS; Yu TH; Flores LG 2nd; Yeh SH; Ma KH,candidate_paper_corpus | mechanistic:curated | mechanistic:paper_library
518,10.1016/j.neuropharm.2022.109219,,,"Arketamine, a new rapid-acting antidepressant: A historical review and future directions.",2022,Zhang JC; Yao W; Hashimoto K,candidate_paper_corpus | disorder:exploratory | disorder:paper_library | disorder:stubs | mechanistic:paper_library | mechanistic:stubs
519,10.1021/acscentsci.2c00442,,,Asymmetric Syntheses of (+)- and (-)-Collybolide Enable Reevaluation of kappa-Opioid Receptor Agonism.,2022,Shevick SL; Freeman SM; Tong G; Russo RJ; Bohn LM; Shenvi RA,candidate_paper_corpus | mechanistic:curated | mechanistic:paper_library
522,10.1021/acs.biochem.1c00812,,,Biochemical Mechanisms Underlying Psychedelic-Induced Neuroplasticity.,2022,Olson DE,candidate_paper_corpus | disorder:paper_library | mechanistic:paper_library
525,10.1016/j.neuropharm.2021.108936,,,"CYP 450 enzymes influence (R,S)-ketamine brain delivery and its antidepressant activity.",2022,Nguyen TML; McGowan JC; Gardier AM,candidate_paper_corpus | mechanistic:paper_library
526,10.1002/hup.2836,,,Clinical predictors of depressive symptom remission and response after racemic ketamine and esketamine infusion in treatment-resistant depression.,2022,Jesus-Nunes AP; Leal GC; Correia-Melo FS; Vieira F; Mello RP; Caliman-Fontes AT; Echegaray MVF; Marback RF; Guerreiro-Costa LNF; Souza-Marques B,candidate_paper_corpus | disorder:curated | disorder:paper_library | disorder:stubs
530,10.1016/j.mec.2022.e00196,,,Development of an E. coli-based norbaeocystin production platform and evaluation of behavioral effects in rats.,2022,Adams AM; Anas NA; Sen AK; Hinegardner-Hendricks JD; O'Dell PJ; Gibbons WJ Jr; Flower JE; McMurray MS; Jones JA,candidate_paper_corpus | mechanistic:paper_library | mechanistic:stubs
531,10.1021/acs.jmedchem.2c00702,,,Discovery of β-Arrestin-Biased 25CN-NBOH-Derived 5-HT(2A) Receptor Agonists.,2022,Poulie CBM; Pottie E; Simon IA; Harpsøe K; D'Andrea L; Komarov IV; Gloriam DE; Jensen AA; Stove CP; Kristensen JL,candidate_paper_corpus | disorder:paper_library | mechanistic:curated | mechanistic:paper_library
532,10.1590/1516-4446-2020-1685,,,Does mismatch negativity have utility for NMDA receptor drug development in depression?,2022,Murphy N; Lijffijt M; Ramakrishnan N; Vo-Le B; Vo-Le B; Iqbal S; Iqbal T; O'Brien B; Smith MA; Swann AC,candidate_paper_corpus | mechanistic:paper_library | mechanistic:stubs
533,10.1016/j.neuroscience.2022.03.019,,,Dopamine Dysregulation and Altered Responses to Drugs Affecting Dopaminergic Transmission in a New Dopamine Transporter Knockout (DAT-KO) Rat Model.,2022,Lloyd JT; Yee AG; Kalligappa PK; Jabed A; Cheung PY; Todd KL; Karunasinghe RN; Vlajkovic SM; Freestone PS; Lipski J,candidate_paper_corpus | mechanistic:paper_library
534,10.1002/prp2.1035,,,Dose-dependent effects of esketamine on brain activity in awake mice: A BOLD phMRI study.,2022,Kawazoe K; McGlynn R; Felix W; Sevilla R; Liao S; Kulkarni P; Ferris CF,candidate_paper_corpus | mechanistic:paper_library | mechanistic:stubs
535,10.1038/s41386-022-01324-2,,,Effects of a psychedelic 5-HT2A receptor agonist on anxiety-related behavior and fear processing in mice.,2022,Pędzich BD; Rubens S; Sekssaoui M; Pierre A; Van Schuerbeek A; Marin P; Bockaert J; Valjent E; Bécamel C; De Bundel D,candidate_paper_corpus | disorder:paper_library | mechanistic:paper_library
536,10.1007/s00213-022-06092-x,,,Effects of the 5-HT(2A) receptor antagonist volinanserin on head-twitch response and intracranial self-stimulation depression induced by different structural classes of psychedelics in rodents.,2022,Jaster AM; Elder H; Marsh SA; de la Fuente Revenga M; Negus SS; González-Maeso J,candidate_paper_corpus | disorder:paper_library | mechanistic:paper_library
537,10.1002/anie.202203034,,,"Enlightening the ""Spirit Molecule"": Photomodulation of the 5-HT(2A) Receptor by a Light-Controllable N,N-Dimethyltryptamine Derivative.",2022,Gerwe H; He F; Pottie E; Stove C; Decker M,candidate_paper_corpus | mechanistic:paper_library
538,10.3390/ijms232012196,,,Esmethadone (REL-1017) and Other Uncompetitive NMDAR Channel Blockers May Improve Mood Disorders via Modulation of Synaptic Kinase-Mediated Signaling.,2022,Stahl SM; De Martin S; Mattarei A; Bettini E; Pani L; Guidetti C; Folli F; de Somer M; Traversa S; Inturrisi CE,candidate_paper_corpus | mechanistic:paper_library
539,10.1186/s13063-022-06534-z,,,"Evaluation of the effect of perioperative administration of S(+)-ketamine hydrochloride injection for postoperative acute pain in children: study protocol for a prospective, multicenter, randomized, open-label, parallel-group, pragmatic clinical trial.",2022,Wang H; Duan C; Zhang J; Qu S; Sun Y; Zhou L; Yang L; Lan C; Mi W; Chen P,candidate_paper_corpus | mechanistic:paper_library
541,10.1016/j.neuroimage.2022.119004,,,Glycine attenuates impairments of stimulus-evoked gamma oscillations in the ketamine model of schizophrenia.,2022,Haaf M; Curic S; Steinmann S; Rauh J; Leicht G; Mulert C,candidate_paper_corpus | mechanistic:paper_library
543,10.52965/001c.38672,,,"Historical Pathways for Opioid Addiction, Withdrawal with Traditional and Alternative Treatment Options with Ketamine, Cannabinoids, and Noribogaine: A Narrative Review.",2022,Edinoff AN; Wu NW; Nix CA; Bonin B; Mouhaffel R; Vining S; Gibson W; Cornett EM; Murnane KS; Kaye AM,candidate_paper_corpus | disorder:paper_library | disorder:stubs | mechanistic:paper_library | mechanistic:stubs
545,10.3390/ijms23052514,,,"Impact of Two Neuronal Sigma-1 Receptor Modulators, PRE084 and DMT, on Neurogenesis and Neuroinflammation in an Aβ(1-42)-Injected, Wild-Type Mouse Model of AD.",2022,Borbély E; Varga V; Szögi T; Schuster I; Bozsó Z; Penke B; Fülöp L,candidate_paper_corpus | mechanistic:paper_library | mechanistic:stubs
547,10.1007/s11481-021-10025-4,,,Intranasal Salvinorin A Improves Long-term Neurological Function via Immunomodulation in a Mouse Ischemic Stroke Model.,2022,Misilimu D; Li W; Chen D; Wei P; Huang Y; Li S; Grothusen J; Gao Y,candidate_paper_corpus | mechanistic:paper_library | mechanistic:stubs
548,10.1016/j.bcp.2022.114963,,,Is (R)-ketamine a potential therapeutic agent for treatment-resistant depression with less detrimental side effects? A review of molecular mechanisms underlying ketamine and its enantiomers.,2022,Scotton E; Antqueviezc B; Vasconcelos MF; Dalpiaz G; Paul Géa L; Ferraz Goularte J; Colombo R; Ribeiro Rosa A,candidate_paper_corpus | mechanistic:paper_library
549,10.7759/cureus.27389,,,Ketamine and Its Emergence in the Field of Neurology.,2022,Rueda Carrillo L; Garcia KA; Yalcin N; Shah M,candidate_paper_corpus | disorder:paper_library
550,10.1016/j.euroneuro.2022.02.004,,,"Ketamine and esketamine for crisis management in patients with depression: Why, whom, and how?",2022,Lengvenyte A; Strumila R; Olié E; Courtet P,candidate_paper_corpus | disorder:paper_library | disorder:stubs | mechanistic:paper_library
551,10.3390/brainsci12030382,,,Ketamine as a Novel Psychopharmacotherapy for Eating Disorders: Evidence and Future Directions.,2022,Ragnhildstveit A; Slayton M; Jackson LK; Brendle M; Ahuja S; Holle W; Moore C; Sollars K; Seli P; Robison R,candidate_paper_corpus | disorder:paper_library | mechanistic:paper_library | mechanistic:stubs
552,10.1016/j.jns.2022.120152,,,Ketamine as a therapeutic agent for depression and pain: mechanisms and evidence.,2022,Subramanian S; Haroutounian S; Palanca BJA; Lenze EJ,candidate_paper_corpus | disorder:curated | disorder:paper_library | mechanistic:paper_library
553,10.1007/7854_2022_313,,,"Ketamine for Depression: Advances in Clinical Treatment, Rapid Antidepressant Mechanisms of Action, and a Contrast with Serotonergic Psychedelics.",2022,Kojic M; Saelens J; Kadriu B; Zarate CA Jr; Kraus C,candidate_paper_corpus | disorder:paper_library | disorder:stubs | mechanistic:paper_library
554,10.12788/acp.0048,,,Ketamine for treatment of mood disorders and suicidality: A narrative review of recent progress.,2022,Kritzer MD; Mischel NA; Young JR; Lai CS; Masand PS; Szabo ST; Mathew SJ,candidate_paper_corpus | disorder:paper_library | disorder:stubs | mechanistic:paper_library
557,10.1177/02698811211026454,,,Lasting effects of a single psilocybin dose on resting-state functional connectivity in healthy individuals.,2022,McCulloch DE; Madsen MK; Stenbæk DS; Kristiansen S; Ozenne B; Jensen PS; Knudsen GM; Fisher PM,candidate_paper_corpus | disorder:paper_library | mechanistic:paper_library
558,10.3389/fpsyg.2022.948729,,,Lasting increases in trait mindfulness after psilocybin correlate positively with the mystical-type experience in healthy individuals.,2022,Søndergaard A; Madsen MK; Ozenne B; Armand S; Knudsen GM; Fisher PM; Stenbæk DS,candidate_paper_corpus | disorder:paper_library | mechanistic:paper_library
559,10.1016/j.bcp.2021.114892,,,Mechanisms of ketamine and its metabolites as antidepressants.,2022,Hess EM; Riggs LM; Michaelides M; Gould TD,candidate_paper_corpus | disorder:paper_library | mechanistic:paper_library
560,10.1038/s41380-021-01377-7,,,Microglial ERK-NRBP1-CREB-BDNF signaling in sustained antidepressant actions of (R)-ketamine.,2022,Yao W; Cao Q; Luo S; He L; Yang C; Chen J; Qi Q; Hashimoto K; Zhang JC,candidate_paper_corpus | disorder:paper_library | mechanistic:paper_library
562,10.1016/j.celrep.2022.111211,,,Molecular insights into the regulation of constitutive activity by RNA editing of 5HT(2C) serotonin receptors.,2022,Gumpper RH; Fay JF; Roth BL,candidate_paper_corpus | mechanistic:paper_library
563,10.1016/j.pnpbp.2022.110609,,,Molecular mechanisms underlying the N-methyl-d-aspartate receptor antagonists: Highlighting their potential for transdiagnostic therapeutics.,2022,Driver C; Jackson TNW; Lagopoulos J; Hermens DF,candidate_paper_corpus | mechanistic:paper_library
564,10.1038/s41380-021-01121-1,,,Molecular mechanisms underlying the antidepressant actions of arketamine: beyond the NMDA receptor.,2022,Wei Y; Chang L; Hashimoto K,candidate_paper_corpus | disorder:paper_library | mechanistic:curated | mechanistic:paper_library
565,10.1124/pharmrev.121.000508,,,Neural Mechanisms and Psychology of Psychedelic Ego Dissolution.,2022,Stoliker D; Egan GF; Friston KJ; Razi A,candidate_paper_corpus | disorder:paper_library | mechanistic:paper_library
566,10.1016/j.expneurol.2021.113888,,,Neurological and cognitive alterations induced by MDMA in humans.,2022,Montgomery C; Roberts CA,candidate_paper_corpus | mechanistic:paper_library
570,10.1111/bph.15753,,,Novel drug developmental strategies for treatment-resistant depression.,2022,Borbély É; Simon M; Fuchs E; Wiborg O; Czéh B; Helyes Z,candidate_paper_corpus | disorder:paper_library | mechanistic:paper_library | mechanistic:stubs
571,10.1002/ab.22022,,,Opposing effects of NMDA receptor antagonists on early life stress-induced aggression in mice.,2022,Nordman JC; Bartsch CJ; Li Z,candidate_paper_corpus | mechanistic:paper_library | mechanistic:stubs
573,10.3390/ph15080997,,,Pharmacological Comparative Characterization of REL-1017 (Esmethadone-HCl) and Other NMDAR Channel Blockers in Human Heterodimeric N-Methyl-D-Aspartate Receptors.,2022,Bettini E; Stahl SM; De Martin S; Mattarei A; Sgrignani J; Carignani C; Nola S; Locatelli P; Pappagallo M; Inturrisi CE,candidate_paper_corpus | mechanistic:curated | mechanistic:paper_library
574,10.1016/j.euroneuro.2022.03.006,,,"Pharmacological characterization of 3,4-methylenedioxyamphetamine (MDA) analogs and two amphetamine-based compounds: N,α-DEPEA and DPIA.",2022,Kolaczynska KE; Ducret P; Trachsel D; Hoener MC; Liechti ME; Luethi D,candidate_paper_corpus | mechanistic:paper_library | mechanistic:stubs
577,10.3389/fphar.2022.1074633,,,Psilocybin sex-dependently reduces alcohol consumption in C57BL/6J mice.,2022,Alper K; Cange J; Sah R; Schreiber-Gregory D; Sershen H; Vinod KY,candidate_paper_corpus | disorder:curated | disorder:paper_library | mechanistic:paper_library
578,10.1007/7854_2021_267,,,Psychedelics as Novel Therapeutics in Alzheimer's Disease: Rationale and Potential Mechanisms.,2022,Garcia-Romeu A; Darcy S; Jackson H; White T; Rosenberg P,candidate_paper_corpus | mechanistic:paper_library
581,10.1038/s41467-022-33578-1,,,Receptor-informed network control theory links LSD and psilocybin to a flattening of the brain's control energy landscape.,2022,Singleton SP; Luppi AI; Carhart-Harris RL; Cruzat J; Roseman L; Nutt DJ; Deco G; Kringelbach ML; Stamatakis EA; Kuceyeski A,candidate_paper_corpus | mechanistic:paper_library | mechanistic:stubs
582,10.1007/s00406-021-01365-6,,,Repeated intermittent administration of (R)-ketamine during juvenile and adolescent stages prevents schizophrenia-relevant phenotypes in adult offspring after maternal immune activation: a role of TrkB signaling.,2022,Tan Y; Fujita Y; Pu Y; Chang L; Qu Y; Wang X; Hashimoto K,candidate_paper_corpus | mechanistic:paper_library
583,10.3390/ijms232214148,,,"Role of 5-HT2A, 5-HT2C, 5-HT1A and TAAR1 Receptors in the Head Twitch Response Induced by 5-Hydroxytryptophan and Psilocybin: Translational Implications.",2022,Shahar O; Botvinnik A; Esh-Zuntz N; Brownstien M; Wolf R; Lotan A; Wolf G; Lerer B; Lifschytz T,candidate_paper_corpus | disorder:paper_library | mechanistic:paper_library | mechanistic:stubs
585,10.3390/ijms23116111,,,Serotonin (5-HT) 2A Receptor Involvement in Melanin Synthesis and Transfer via Activating the PKA/CREB Signaling Pathway.,2022,Yue Y; Zhong M; An X; Feng Q; Lai Y; Yu M; Zhang X; Liao Z; Chen M; Dong J,candidate_paper_corpus | mechanistic:paper_library | mechanistic:stubs
586,10.1002/hup.2811,,,"Serotonin transporter availability, neurocognitive function and their correlation in abstinent 3,4-methylenedioxymethamphetamine users.",2022,van de Blaak FL; Dumont GJH,candidate_paper_corpus | mechanistic:paper_library | mechanistic:stubs
587,10.3389/fphar.2022.813562,,,Sex Differences in Kappa Opioid Receptor Agonist Mediated Attenuation of Chemotherapy-Induced Neuropathic Pain in Mice.,2022,Paton KF; Luo D; La Flamme AC; Prisinzano TE; Kivell BM,candidate_paper_corpus | mechanistic:paper_library | mechanistic:stubs
588,10.1007/s00213-021-05913-9,,,Sex-specific effects of psychedelics on prepulse inhibition of startle in 129S6/SvEv mice.,2022,Vohra HZ; Saunders JM; Jaster AM; de la Fuente Revenga M; Jimenez J; Fernández-Teruel A; Wolstenholme JT; Beardsley PM; González-Maeso J,candidate_paper_corpus | disorder:paper_library | mechanistic:paper_library
589,10.1016/j.neuron.2022.08.006,,,Signaling snapshots of a serotonin receptor activated by the prototypical psychedelic LSD.,2022,Cao C; Barros-Álvarez X; Zhang S; Kim K; Dämgen MA; Panova O; Suomivuori CM; Fay JF; Zhong X; Krumm BE,candidate_paper_corpus | mechanistic:paper_library
592,10.1021/acsptsci.2c00177,,,"Structure-Activity Relationships for Psilocybin, Baeocystin, Aeruginascin, and Related Analogues to Produce Pharmacological Effects in Mice.",2022,Glatfelter GC; Pottie E; Partilla JS; Sherwood AM; Kaylo K; Pham DNK; Naeem M; Sammeta VR; DeBoer S; Golen JA,candidate_paper_corpus | mechanistic:paper_library | mechanistic:stubs
593,10.3389/fncel.2022.832536,,,Structure-Activity Relationships of Dopamine Transporter Pharmacological Chaperones.,2022,Sutton C; Williams EQ; Homsi H; Beerepoot P; Nazari R; Han D; Ramsey AJ; Mash DC; Olson DE; Blough B,candidate_paper_corpus | mechanistic:curated | mechanistic:paper_library
594,10.1126/science.abl8615,,,Structure-based discovery of nonhallucinogenic psychedelic analogs.,2022,Cao D; Yu J; Wang H; Luo Z; Liu X; He L; Qi J; Fan L; Tang L; Chen Z,candidate_paper_corpus | mechanistic:paper_library | mechanistic:stubs
596,10.1093/ijnp/pyab063,,,The Kappa Opioid Receptor and the Sleep of Reason: Cortico-Subcortical Imbalance Following Salvinorin-A.,2022,Ona G; Sampedro F; Romero S; Valle M; Camacho V; Migliorelli C; Mañanas MÁ; Antonijoan RM; Puntes M; Coimbra J,candidate_paper_corpus | mechanistic:paper_library | mechanistic:stubs
597,10.3389/fpsyt.2022.860882,,,The Mechanisms Behind Rapid Antidepressant Effects of Ketamine: A Systematic Review With a Focus on Molecular Neuroplasticity.,2022,Kang MJY; Hawken E; Vazquez GH,candidate_paper_corpus | disorder:paper_library
598,10.3390/neurolint14020025,,,The Possible Application of Ketamine in the Treatment of Depression in Alzheimer's Disease.,2022,Mohammad Shehata I; Masood W; Nemr N; Anderson A; Bhusal K; Edinoff AN; Cornett EM; Kaye AM; Kaye AD,candidate_paper_corpus | disorder:paper_library | mechanistic:paper_library | mechanistic:stubs
601,10.1155/2022/9015842,,,The Role of the NMDA Receptor in the Anticonvulsant Effect of Ellagic Acid in Pentylenetetrazole-Induced Seizures in Male Mice.,2022,Rahimi-Madiseh M; Lorigooini Z; Boroujeni SN; Taji M; Amini-Khoei H,candidate_paper_corpus | mechanistic:paper_library
602,10.1111/jnc.15587,,,"The clinical pharmacology and potential therapeutic applications of 5-methoxy-N,N-dimethyltryptamine (5-MeO-DMT).",2022,Reckweg JT; Uthaug MV; Szabo A; Davis AK; Lancelotta R; Mason NL; Ramaekers JG,candidate_paper_corpus | disorder:curated | disorder:paper_library | mechanistic:paper_library | mechanistic:stubs
604,10.1038/s41593-022-01177-4,,,The neural basis of psychedelic action.,2022,Kwan AC; Olson DE; Preller KH; Roth BL,candidate_paper_corpus | disorder:paper_library | mechanistic:paper_library
608,10.1016/j.bbr.2022.113804,,,The safety and efficacy of ketamine NMDA receptor blocker as a therapeutic intervention for PTSD review of a randomized clinical trial.,2022,Jumaili WA; Trivedi C; Chao T; Kubosumi A; Jain S,candidate_paper_corpus | disorder:curated | disorder:paper_library
609,10.1016/j.bpj.2022.01.024,,,The substrate import mechanism of the human serotonin transporter.,2022,Chan MC; Selvam B; Young HJ; Procko E; Shukla D,candidate_paper_corpus | mechanistic:paper_library
610,10.1021/acschemneuro.2c00170,,,Tolerance and Cross-Tolerance among Psychedelic and Nonpsychedelic 5-HT(2A) Receptor Agonists in Mice.,2022,de la Fuente Revenga M; Jaster AM; McGinn J; Silva G; Saha S; González-Maeso J,candidate_paper_corpus | disorder:paper_library | mechanistic:paper_library | mechanistic:stubs
612,10.3390/cells11121874,,,Uncovering Functional Contributions of PMAT (Slc29a4) to Monoamine Clearance Using Pharmacobehavioral Tools.,2022,Beaver JN; Weber BL; Ford MT; Anello AE; Kassis SK; Gilman TL,candidate_paper_corpus | mechanistic:paper_library
613,10.7759/cureus.25414,,,Unraveling the Mysteries of Mental Illness With Psilocybin.,2022,Sotille R; Singh H; Weisman A; Vida T,candidate_paper_corpus | disorder:paper_library | mechanistic:curated | mechanistic:paper_library
614,10.1038/s41398-021-01712-0,,,Whole blood transcriptional signatures associated with rapid antidepressant response to ketamine in patients with treatment resistant depression.,2022,Cathomas F; Bevilacqua L; Ramakrishnan A; Kronman H; Costi S; Schneider M; Chan KL; Li L; Nestler EJ; Shen L,candidate_paper_corpus | disorder:curated | disorder:paper_library
616,10.1007/s00115-021-01225-7,,,[Rapid-acting antidepressants-neurobiological mechanisms of action].,2022,Gass P; Vasilescu AN; Inta D,candidate_paper_corpus | mechanistic:paper_library
617,10.1093/jat/bkaa022,,,"2-(4-Iodo-2,5-dimethoxyphenyl)-N-[(2-methoxyphenyl)methyl]ethanamine (25I-NBOME): A Harmful Hallucinogen Review.",2021,Kamińska K; Świt P; Malek K,candidate_paper_corpus | mechanistic:paper_library | mechanistic:stubs
619,10.1016/bs.pbr.2021.01.007,,,5-HT(2A) and 5-HT(2C) receptors as potential targets for the treatment of nicotine use and dependence.,2021,Higgins GA; Sellers EM,candidate_paper_corpus | disorder:paper_library | mechanistic:paper_library
620,10.1016/j.tins.2020.11.008,,,A Dendrite-Focused Framework for Understanding the Actions of Ketamine and Psychedelics.,2021,Savalia NK; Shao LX; Kwan AC,candidate_paper_corpus | mechanistic:paper_library
622,10.3390/ijms22020835,,,A Single Dose of Psilocybin Increases Synaptic Density and Decreases 5-HT(2A) Receptor Density in the Pig Brain.,2021,Raval NR; Johansen A; Donovan LL; Ros NF; Ozenne B; Hansen HD; Knudsen GM,candidate_paper_corpus | disorder:paper_library | mechanistic:curated | mechanistic:paper_library
623,10.1016/j.ntt.2021.106993,,,"A comparison of the pharmacokinetics and NMDAR antagonism-associated neurotoxicity of ketamine, (2R,6R)-hydroxynorketamine and MK-801.",2021,Morris PJ; Burke RD; Sharma AK; Lynch DC; Lemke-Boutcher LE; Mathew S; Elayan I; Rao DB; Gould TD; Zarate CA Jr,candidate_paper_corpus | mechanistic:paper_library
624,10.1073/pnas.2103079118,,,A key requirement for synaptic Reelin signaling in ketamine-mediated behavioral and synaptic action.,2021,Kim JW; Herz J; Kavalali ET; Monteggia LM,candidate_paper_corpus | disorder:paper_library | mechanistic:paper_library | mechanistic:stubs
627,10.3389/fnins.2021.635187,,,Additive Effects of Environmental Enrichment and Ketamine on Neuropathic Pain Relief by Reducing Glutamatergic Activation in Spinal Cord Injury in Rats.,2021,Tai WL; Sun L; Li H; Gu P; Joosten EA; Cheung CW,candidate_paper_corpus | disorder:curated | disorder:paper_library | mechanistic:paper_library | mechanistic:stubs
628,10.1124/jpet.120.000129,,,Amphetamine-like Neurochemical and Cardiovascular Effects of α-Ethylphenethylamine Analogs Found in Dietary Supplements.,2021,Schindler CW; Thorndike EB; Partilla JS; Rice KC; Baumann MH,candidate_paper_corpus | mechanistic:paper_library
629,10.3389/fpsyt.2021.710338,,,An Integrative Approach to Ketamine Therapy May Enhance Multiple Dimensions of Efficacy: Improving Therapeutic Outcomes With Treatment Resistant Depression.,2021,Muscat SA; Hartelius G; Crouch CR; Morin KW,candidate_paper_corpus | disorder:curated | disorder:paper_library | mechanistic:paper_library
631,10.1021/acs.chemrestox.0c00411,,,Antidepressant Actions of Ketamine: Potential Role of L-Type Calcium Channels.,2021,Robinson B; Gu Q; Kanungo J,candidate_paper_corpus | mechanistic:paper_library | mechanistic:stubs
636,10.1177/0269881120928203,,,Brain entropy and neurotrophic molecular markers accompanying clinical improvement after ketamine: Preliminary evidence in adolescents with treatment-resistant depression.,2021,Roy AV; Thai M; Klimes-Dougan B; Westlund Schreiner M; Mueller BA; Albott CS; Lim KO; Fiecas M; Tye SJ; Cullen KR,candidate_paper_corpus | disorder:curated | disorder:paper_library
637,10.1177/0269881120959609,,,Brain serotonin 2A receptor binding predicts subjective temporal and mystical effects of psilocybin in healthy humans.,2021,Stenbæk DS; Madsen MK; Ozenne B; Kristiansen S; Burmester D; Erritzoe D; Knudsen GM; Fisher PM,candidate_paper_corpus | mechanistic:paper_library
641,10.1038/s41380-020-0796-3,,,Cell-type specific modulation of NMDA receptors triggers antidepressant actions.,2021,Pothula S; Kato T; Liu RJ; Wu M; Gerhard D; Shinohara R; Sliby AN; Chowdhury GMI; Behar KL; Sanacora G,candidate_paper_corpus | mechanistic:paper_library
644,10.14814/phy2.15088,,,Contribution of analog signaling to neurotransmitter interactions and behavior: Role of transporter-mediated nonquantal dopamine release.,2021,Román V; Kedves R; Kelemen K; Némethy Z; Sperlágh B; Lendvai B; Vizi ES,candidate_paper_corpus | mechanistic:paper_library | mechanistic:stubs
645,10.1016/j.celrep.2021.109918,,,Convergence of distinct signaling pathways on synaptic scaling to trigger rapid antidepressant action.,2021,Suzuki K; Kim JW; Nosyreva E; Kavalali ET; Monteggia LM,candidate_paper_corpus | mechanistic:paper_library
647,10.3389/fnins.2021.710004,,,Critical Period Plasticity as a Framework for Psychedelic-Assisted Psychotherapy.,2021,Lepow L; Morishita H; Yehuda R,candidate_paper_corpus | mechanistic:paper_library
650,10.3389/fmed.2021.693594,,,"Effects of Esketamine on Acute and Chronic Pain After Thoracoscopy Pulmonary Surgery Under General Anesthesia: A Multicenter-Prospective, Randomized, Double-Blind, and Controlled Trial.",2021,Lei Y; Liu H; Xia F; Gan S; Wang Y; Huo W; Wang Q; Ji F,candidate_paper_corpus | disorder:curated | disorder:paper_library | mechanistic:paper_library | mechanistic:stubs
651,10.1007/s00406-019-01084-z,,,Esketamine: a glimmer of hope in treatment-resistant depression.,2021,Kaur U; Pathak BK; Singh A; Chakrabarti SS,candidate_paper_corpus | disorder:curated | disorder:paper_library | mechanistic:paper_library
652,10.1016/j.biopsych.2021.04.024,,,"Fluoroethylnormemantine, a Novel NMDA Receptor Antagonist, for the Prevention and Treatment of Stress-Induced Maladaptive Behavior.",2021,Chen BK; Luna VM; Shannon ME; Hunsberger HC; Mastrodonato A; Stackmann M; McGowan JC; Rubinstenn G; Denny CA,candidate_paper_corpus | mechanistic:paper_library
655,10.1126/scitranslmed.aaw1564,,,Gene therapy restores dopamine transporter expression and ameliorates pathology in iPSC and mouse models of infantile parkinsonism.,2021,Ng J; Barral S; De La Fuente Barrigon C; Lignani G; Erdem FA; Wallings R; Privolizzi R; Rossignoli G; Alrashidi H; Heasman S,candidate_paper_corpus | disorder:paper_library
656,10.1016/j.pbb.2021.173226,,,Gut microbiota is involved in the antidepressant-like effect of (S)-norketamine in an inflammation model of depression.,2021,Wang Y; Jiang R; Wu Z; Zhou L; Xu J; Huang C; Yang L; Zhu B; Yan E; Liu C,candidate_paper_corpus | mechanistic:paper_library
658,10.1073/pnas.2022489118,,,Harnessing psilocybin: antidepressant-like behavioral and synaptic actions of psilocybin are independent of 5-HT2R activation in mice.,2021,Hesselgrave N; Troppoli TA; Wulff AB; Cole AB; Thompson SM,candidate_paper_corpus | disorder:paper_library | mechanistic:paper_library | mechanistic:stubs
660,10.3389/fnrgo.2021.784576,,,"Human Cortical Serotonin 2A Receptor Occupancy by Psilocybin Measured Using [(11)C]MDL 100,907 Dynamic PET and a Resting-State fMRI-Based Brain Parcellation.",2021,Barrett FS; Zhou Y; Carbonaro TM; Roberts JM; Smith GS; Griffiths RR; Wong DF,candidate_paper_corpus | mechanistic:paper_library | mechanistic:stubs
662,10.1016/j.heliyon.2021.e07784,,,"Induced fit, ensemble binding space docking and Monte Carlo simulations of MDMA 'ecstasy' and 3D pharmacophore design of MDMA derivatives on the human serotonin transporter (hSERT).",2021,Islas ÁA; Moreno LG; Scior T,candidate_paper_corpus | disorder:paper_library | mechanistic:curated | mechanistic:paper_library
663,10.3390/ijms222312995,,,Interaction Profiles of Central Nervous System Active Drugs at Human Organic Cation Transporters 1-3 and Human Plasma Membrane Monoamine Transporter.,2021,Angenoorth TJF; Stankovic S; Niello M; Holy M; Brandt SD; Sitte HH; Maier J,candidate_paper_corpus | mechanistic:curated | mechanistic:paper_library
665,10.1016/j.bbr.2020.113093,,,"Investigating the role of 5-HT2A and 5-HT2C receptor activation in the effects of psilocybin, DOI, and citalopram on marble burying in mice.",2021,Odland AU; Kristensen JL; Andreasen JT,candidate_paper_corpus | mechanistic:paper_library | mechanistic:stubs
666,10.1007/s12031-020-01732-3,,,Investigation of the Role of Stimulation and Blockade of 5-HT(7) Receptors in Ketamine Anesthesia.,2021,Dincer B; Halici Z; Cadirci E,candidate_paper_corpus | mechanistic:paper_library
671,10.1080/09540261.2020.1854194,,,Ketamine for depression.,2021,Jelen LA; Stone JM,candidate_paper_corpus | disorder:paper_library | disorder:stubs | mechanistic:paper_library | mechanistic:stubs
675,10.1177/0269881120959644,,,Ketamine: A tale of two enantiomers.,2021,Jelen LA; Young AH; Stone JM,candidate_paper_corpus | disorder:paper_library | mechanistic:curated | mechanistic:paper_library
676,10.3389/fnins.2021.672526,,,Ketamine: Neuroprotective or Neurotoxic?,2021,Choudhury D; Autry AE; Tolias KF; Krishnan V,candidate_paper_corpus | mechanistic:paper_library | mechanistic:stubs
677,10.1111/psyp.13822,,,LSD and ketanserin and their impact on the human autonomic nervous system.,2021,Olbrich S; Preller KH; Vollenweider FX,candidate_paper_corpus | mechanistic:paper_library | mechanistic:stubs
678,10.1038/s41598-021-96736-3,,,LSD-stimulated behaviors in mice require β-arrestin 2 but not β-arrestin 1.,2021,Rodriguiz RM; Nadkarni V; Means CR; Pogorelov VM; Chiu YT; Roth BL; Wetsel WC,candidate_paper_corpus | disorder:paper_library | mechanistic:paper_library
679,10.1038/s41398-021-01716-w,,,Lithium augmentation of ketamine increases insulin signaling and antidepressant-like active stress coping in a rodent model of treatment-resistant depression.,2021,Price JB; Yates CG; Morath BA; Van De Wakker SK; Yates NJ; Butters K; Frye MA; McGee SL; Tye SJ,candidate_paper_corpus | disorder:paper_library
681,10.1073/pnas.2020705118,,,Lysergic acid diethylamide (LSD) promotes social behavior through mTORC1 in the excitatory neurotransmission.,2021,De Gregorio D; Popic J; Enns JP; Inserra A; Skalecka A; Markopoulos A; Posa L; Lopez-Canul M; He Q; Lafferty CK,candidate_paper_corpus | mechanistic:curated | mechanistic:paper_library | mechanistic:stubs
682,10.1186/s13063-021-05243-3,,,"MDLSD: study protocol for a randomised, double-masked, placebo-controlled trial of repeated microdoses of LSD in healthy volunteers.",2021,Murphy RJ; Sumner RL; Evans W; Menkes D; Lambrecht I; Ponton R; Sundram F; Hoeh N; Ram S; Reynolds L,candidate_paper_corpus | disorder:paper_library
684,10.3390/biomedicines9060625,,,Multifunctional Enkephalin Analogs with a New Biological Profile: MOR/DOR Agonism and KOR Antagonism.,2021,Lee YS; Remesic M; Ramos-Colon C; Wu Z; LaVigne J; Molnar G; Tymecka D; Misicka A; Streicher JM; Hruby VJ,candidate_paper_corpus | mechanistic:curated | mechanistic:paper_library
685,10.1016/j.neuropharm.2021.108612,,,"N,N-Dimethyltryptamine attenuates spreading depolarization and restrains neurodegeneration by sigma-1 receptor activation in the ischemic rat brain.",2021,Szabó Í; Varga VÉ; Dvorácskó S; Farkas AE; Körmöczi T; Berkecz R; Kecskés S; Menyhárt Á; Frank R; Hantosi D,candidate_paper_corpus | mechanistic:paper_library | mechanistic:stubs
686,10.3390/ijms222212370,,,N-Methyl-d-aspartic Acid (NMDA) Receptor Is Involved in the Inhibitory Effect of Ketamine on Human Sperm Functions.,2021,Chen Y; Xu W; Yuan Y; Chen H; Zheng S; He Y; Luo T,candidate_paper_corpus | mechanistic:paper_library
687,10.1016/j.pbb.2021.173154,,,N-Substituted-3-alkoxy-derivatives of dextromethorphan are functional NMDA receptor antagonists in vivo: Evidence from an NMDA-induced seizure model in rats.,2021,Witkin JM; Cerne R; Newman AH; Izenwasser S; Smith JL; Tortella FC,candidate_paper_corpus | mechanistic:paper_library | mechanistic:stubs
688,10.1177/0271678x20954928,,,NMDA receptor ion channel activation detected in vivo with [(18)F]GE-179 PET after electrical stimulation of rat hippocampus.,2021,Vibholm AK; Landau AM; Møller A; Jacobsen J; Vang K; Munk OL; Orlowski D; Sørensen JC; Brooks DJ,candidate_paper_corpus | mechanistic:paper_library | mechanistic:stubs
691,10.1021/acs.accounts.0c00791,,,Natural Product Synthesis through the Lens of Informatics.,2021,Woo S; Shenvi RA,candidate_paper_corpus | mechanistic:paper_library | mechanistic:stubs
692,10.1021/acs.biochem.0c00629,,,"Natural Products for the Treatment of Pain: Chemistry and Pharmacology of Salvinorin A, Mitragynine, and Collybolide.",2021,Chakraborty S; Majumdar S,candidate_paper_corpus | mechanistic:paper_library | mechanistic:stubs
694,10.1159/000518033,,,Neurokinin-1 Antagonism Distinguishes the Role of Norepinephrine Transporter from Dopamine Transporter in Mediating Amphetamine Behaviors.,2021,Mannangatti P; Ragu Varman D; Ramamoorthy S; Jayanthi LD,candidate_paper_corpus | mechanistic:paper_library
697,10.3389/fnbeh.2021.759466,,,Novel Insights Into the Neurobiology of the Antidepressant Response From Ketamine Research: A Mini Review.,2021,Colla M; Scheerer H; Weidt S; Seifritz E; Kronenberg G,candidate_paper_corpus | mechanistic:paper_library
700,10.1002/jcph.1918,,,Pharmacology of Drugs Used as Stimulants.,2021,Docherty JR; Alsufyani HA,candidate_paper_corpus | mechanistic:paper_library | mechanistic:stubs
701,10.1177/0269881120959637,,,Pivotal mental states.,2021,Brouwer A; Carhart-Harris RL,candidate_paper_corpus | disorder:paper_library | mechanistic:paper_library
703,10.1080/15622975.2020.1836399,,,"Practical recommendations for the management of treatment-resistant depression with esketamine nasal spray therapy: Basic science, evidence-based knowledge and expert guidance.",2021,Kasper S; Cubała WJ; Fagiolini A; Ramos-Quiroga JA; Souery D; Young AH,candidate_paper_corpus | mechanistic:paper_library
704,10.1016/j.celrep.2021.109836,,,Prolonged epigenomic and synaptic plasticity alterations following single exposure to a psychedelic in mice.,2021,de la Fuente Revenga M; Zhu B; Guevara CA; Naler LB; Saunders JM; Zhou Z; Toneatti R; Sierra S; Wolstenholme JT; Beardsley PM,candidate_paper_corpus | mechanistic:paper_library
705,10.1021/acschemneuro.0c00291,,,Psychedelic-like Properties of Quipazine and Its Structural Analogues in Mice.,2021,de la Fuente Revenga M; Shah UH; Nassehi N; Jaster AM; Hemanth P; Sierra S; Dukat M; González-Maeso J,candidate_paper_corpus | mechanistic:paper_library
706,10.3389/fpsyt.2021.724606,,,Psychedelics and Neuroplasticity: A Systematic Review Unraveling the Biological Underpinnings of Psychedelics.,2021,de Vos CMH; Mason NL; Kuypers KPC,candidate_paper_corpus | disorder:paper_library | mechanistic:paper_library
707,10.3389/fpsyt.2021.727117,,,Psychedelics and Other Psychoplastogens for Treating Mental Illness.,2021,Vargas MV; Meyer R; Avanes AA; Rus M; Olson DE,candidate_paper_corpus | disorder:paper_library | mechanistic:paper_library
714,10.3389/fphar.2021.794254,,,"Receptor Interaction Profiles of 4-Alkoxy-3,5-Dimethoxy-Phenethylamines (Mescaline Derivatives) and Related Amphetamines.",2021,Kolaczynska KE; Luethi D; Trachsel D; Hoener MC; Liechti ME,benchmark_manifest | candidate_paper_corpus | mechanistic:curated | mechanistic:paper_library
715,10.3389/fpsyt.2021.653026,,,Relationship of Brain Glutamate Response to D-Cycloserine and Lurasidone to Antidepressant Response in Bipolar Depression: A Pilot Study.,2021,Dong Z; Grunebaum MF; Lan MJ; Wagner V; Choo TH; Milak MS; Sobeih T; Mann JJ; Kantrowitz JT,candidate_paper_corpus | disorder:paper_library | mechanistic:paper_library
717,10.1093/ijnp/pyab009,,,Rewarding Subjective Effects of the NMDAR Antagonist Nitrous Oxide (Laughing Gas) Are Moderated by Impulsivity and Depressive Symptoms in Healthy Volunteers.,2021,Kamboj SK; Zhao H; Troebinger L; Piazza G; Cawley E; Hennessy V; Iskandar G; Das RK,candidate_paper_corpus | mechanistic:paper_library | mechanistic:stubs
718,10.1111/ejn.14630,,,Role of BDNF in the pathophysiology and treatment of depression: Activity-dependent effects distinguish rapid-acting antidepressants.,2021,Duman RS; Deyama S; Fogaça MV,candidate_paper_corpus | mechanistic:paper_library
719,10.52965/001c.25091,,,Role of Ketamine in the Treatment of Psychiatric Disorders.,2021,Derakhshanian S; Zhou M; Rath A; Barlow R; Bertrand S; DeGraw C; Lee C; Hasoon J; Kaye AD,candidate_paper_corpus | disorder:curated | disorder:exploratory | disorder:paper_library | mechanistic:paper_library | mechanistic:stubs
720,10.3389/fphar.2021.711255,,,Role of the 5-HT(2A) Receptor in Acute Effects of LSD on Empathy and Circulating Oxytocin.,2021,Holze F; Avedisian I; Varghese N; Eckert A; Liechti ME,candidate_paper_corpus | disorder:paper_library | mechanistic:paper_library | mechanistic:stubs
721,10.21307/ane-2021-005,,,Salvia divinorum increases alcohol intake and tonic immobility whilst decreasing food intake in Wistar rats.,2021,Vázquez-León P; Arenas-Martínez U; Córdova-Maqueda D; Fregoso-Aguilar T; Juan ER; Miranda-Páez A,candidate_paper_corpus | mechanistic:paper_library | mechanistic:stubs
722,10.3390/cells10081902,,,Serotonin Heteroreceptor Complexes and Their Integration of Signals in Neurons and Astroglia-Relevance for Mental Diseases.,2021,Borroto-Escuela DO; Ambrogini P; Narvaez M; Di Liberto V; Beggiato S; Ferraro L; Fores-Pons R; Alvarez-Contino JE; Lopez-Salas A; Mudò G,candidate_paper_corpus | mechanistic:paper_library
723,10.1021/acsptsci.0c00187,,,Set and Setting: A Randomized Study of Different Musical Genres in Supporting Psychedelic Therapy.,2021,Strickland JC; Garcia-Romeu A; Johnson MW,candidate_paper_corpus | disorder:paper_library | mechanistic:paper_library | mechanistic:stubs
724,10.1038/s41598-021-82600-x,,,"Sex-dependent alterations in behavior, drug responses and dopamine transporter expression in heterozygous DAT-Cre mice.",2021,Costa KM; Schenkel D; Roeper J,candidate_paper_corpus | mechanistic:paper_library
725,10.1038/s41586-021-03769-9,,,Structural basis of ketamine action on human NMDA receptors.,2021,Zhang Y; Ye F; Zhang T; Lv S; Zhou L; Du D; Lin H; Guo F; Luo C; Zhu S,candidate_paper_corpus | mechanistic:paper_library | mechanistic:stubs
726,10.1038/s41593-021-00868-8,,,Sustained effects of rapidly acting antidepressants require BDNF-dependent MeCP2 phosphorylation.,2021,Kim JW; Autry AE; Na ES; Adachi M; Björkholm C; Kavalali ET; Monteggia LM,candidate_paper_corpus | mechanistic:paper_library
727,10.1021/acschemneuro.1c00124,,,"Synthesis and Functional Characterization of 2-(2,5-Dimethoxyphenyl)-N-(2-fluorobenzyl)ethanamine (25H-NBF) Positional Isomers.",2021,Pottie E; Kupriyanova OV; Shevyrin VA; Stove CP,candidate_paper_corpus | mechanistic:paper_library | mechanistic:stubs
729,10.1016/j.pharmthera.2021.107875,,,Targeting the dysfunction of glutamate receptors for the development of novel antidepressants.,2021,Xia CY; He J; Du LD; Yan Y; Lian WW; Xu JK; Zhang WK,candidate_paper_corpus | mechanistic:paper_library
731,10.3389/fnmol.2021.790213,,,"The Hallucinogenic Serotonin(2A) Receptor Agonist, 2,5-Dimethoxy-4-Iodoamphetamine, Promotes cAMP Response Element Binding Protein-Dependent Gene Expression of Specific Plasticity-Associated Genes in the Rodent Neocortex.",2021,Desouza LA; Benekareddy M; Fanibunda SE; Mohammad F; Janakiraman B; Ghai U; Gur T; Blendy JA; Vaidya VA,candidate_paper_corpus | mechanistic:paper_library
733,10.3390/brainsci11070856,,,"Therapeutic Potentials of Ketamine and Esketamine in Obsessive-Compulsive Disorder (OCD), Substance Use Disorders (SUD) and Eating Disorders (ED): A Review of the Current Literature.",2021,Martinotti G; Chiappini S; Pettorruso M; Mosca A; Miuli A; Di Carlo F; D'Andrea G; Collevecchio R; Di Muzio I; Sensi SL,candidate_paper_corpus | disorder:curated | disorder:paper_library | mechanistic:paper_library | mechanistic:stubs
735,10.1177/0269881120959614,,,Transcriptional regulation in the rat prefrontal cortex and hippocampus after a single administration of psilocybin.,2021,Jefsen OH; Elfving B; Wegener G; Müller HK,candidate_paper_corpus | disorder:paper_library
736,10.1021/acsptsci.0c00065,,,Transient Stimulation with Psychoplastogens Is Sufficient to Initiate Neuronal Growth.,2021,Ly C; Greb AC; Vargas MV; Duim WC; Grodzki ACG; Lein PJ; Olson DE,candidate_paper_corpus | disorder:paper_library
737,10.1038/s41398-021-01318-6,,,Translating the immediate effects of S-Ketamine using hippocampal subfield analysis in healthy subjects-results of a randomized controlled trial.,2021,Höflich A; Kraus C; Pfeiffer RM; Seiger R; Rujescu D; Zarate CA Jr; Kasper S; Winkler D; Lanzenberger R,candidate_paper_corpus | disorder:paper_library
738,10.1016/j.ygeno.2020.12.030,,,Treatment response to low-dose ketamine infusion for treatment-resistant depression: A gene-based genome-wide association study.,2021,Chen MH; Kao CF; Tsai SJ; Li CT; Lin WC; Hong CJ; Bai YM; Tu PC; Su TP,candidate_paper_corpus | disorder:paper_library
739,10.1021/acsptsci.0c00102,,,Tropane-Based Ibogaine Analog Rescues Folding-Deficient Serotonin and Dopamine Transporters.,2021,Bhat S; Guthrie DA; Kasture A; El-Kasaby A; Cao J; Bonifazi A; Ku T; Giancola JB; Hummel T; Freissmuth M,candidate_paper_corpus | disorder:paper_library | mechanistic:paper_library | mechanistic:stubs
740,10.3389/fphar.2021.740996,,,Uncovering the Underlying Mechanisms of Ketamine as a Novel Antidepressant.,2021,Xu S; Yao X; Li B; Cui R; Zhu C; Wang Y; Yang W,candidate_paper_corpus | mechanistic:paper_library | mechanistic:stubs
741,10.22365/jpsych.2021.050,,,[Pharmacology of ketamine and esketamine as rapid-acting antidepressants].,2021,Pavlidi P; Megalokonomou A; Sofron A; Kokras N; Dalla C,candidate_paper_corpus | disorder:paper_library | mechanistic:paper_library | mechanistic:stubs
742,10.3389/fncel.2020.00048,,,A Brain Signaling Framework for Stress-Induced Depression and Ketamine Treatment Elucidated by Phosphoproteomics.,2020,Xiao Y; Luo H; Yang WZ; Zeng Y; Shen Y; Ni X; Shi Z; Zhong J; Liang Z; Fu X,candidate_paper_corpus | mechanistic:paper_library
743,10.7554/elife.53664,,,A circuit mechanism for decision-making biases and NMDA receptor hypofunction.,2020,Cavanagh SE; Lam NH; Murray JD; Hunt LT; Kennerley SW,candidate_paper_corpus | mechanistic:paper_library | mechanistic:stubs
744,10.1016/j.euroneuro.2020.02.001,,,"A single psilocybin dose is associated with long-term increased mindfulness, preceded by a proportional change in neocortical 5-HT2A receptor binding.",2020,Madsen MK; Fisher PM; Stenbæk DS; Kristiansen S; Burmester D; Lehel S; Páleníček T; Kuchař M; Svarer C; Ozenne B,candidate_paper_corpus | disorder:paper_library | mechanistic:paper_library | mechanistic:stubs
746,10.3389/fphar.2020.602770,,,Acute Lysergic Acid Diethylamide Does Not Influence Reward-Driven Decision Making of C57BL/6 Mice in the Iowa Gambling Task.,2020,Elsilä LV; Korhonen N; Hyytiä P; Korpi ER,candidate_paper_corpus | disorder:paper_library | mechanistic:paper_library | mechanistic:stubs
754,10.3390/ijms21217951,,,Candidate Strategies for Development of a Rapid-Acting Antidepressant Class That Does Not Result in Neuropsychiatric Adverse Effects: Prevention of Ketamine-Induced Neuropsychiatric Adverse Reactions.,2020,Okada M; Kawano Y; Fukuyama K; Motomura E; Shiroyama T,candidate_paper_corpus | disorder:paper_library | mechanistic:curated | mechanistic:paper_library
756,10.1039/d0np00028k,,,Chemical syntheses of the salvinorin chemotype of KOR agonist.,2020,Hill SJ; Brion AUCM; Shenvi RA,candidate_paper_corpus | mechanistic:paper_library
757,10.1016/bs.apha.2020.04.004,,,Clinical overview of NMDA-R antagonists and clinical practice.,2020,Davoudian PA; Wilkinson ST,candidate_paper_corpus | mechanistic:paper_library
758,10.1007/s43440-020-00181-4,,,Contribution of serotonin receptor subtypes to hallucinogenic activity of 25I-NBOMe and to its effect on neurotransmission.,2020,Herian M; Wojtas A; Sobocińska MK; Skawski M; González-Marín A; Gołembiowska K,candidate_paper_corpus | mechanistic:paper_library
761,10.26355/eurrev_202010_23433,,,Efavirenz as a psychotropic drug.,2020,Zareifopoulos N; Lagadinou M; Karela A; Pouliasi F; Economou I; Tsigkou A; Velissaris D,candidate_paper_corpus | mechanistic:paper_library
762,10.1016/j.joim.2020.01.002,,,Effects of plant-derived analgesic compounds sinomenine and salvinorin A in infant rats.,2020,Mascarenhas CJ; Liu R; Barr GA,candidate_paper_corpus | mechanistic:paper_library
763,10.3389/fnins.2020.00765,,,Evaluation of Biased and Balanced Salvinorin A Analogs in Preclinical Models of Pain.,2020,Paton KF; Biggerstaff A; Kaska S; Crowley RS; La Flamme AC; Prisinzano TE; Kivell BM,candidate_paper_corpus | mechanistic:curated | mechanistic:paper_library
766,10.1371/journal.pone.0243313,,,Free energy calculations of the functional selectivity of 5-HT2B G protein-coupled receptor.,2020,Peters BL; Deng J; Ferguson AL,candidate_paper_corpus | mechanistic:paper_library | mechanistic:stubs
767,10.1172/jci130808,,,GABA interneurons are the cellular trigger for ketamine's rapid antidepressant actions.,2020,Gerhard DM; Pothula S; Liu RJ; Wu M; Li XY; Girgenti MJ; Taylor SR; Duman CH; Delpire E; Picciotto M,candidate_paper_corpus | mechanistic:paper_library | mechanistic:stubs
769,10.1177/0269881120944160,,,Genetic deletion of Rgs12 in mice affects serotonin transporter expression and function in vivo and ex vivo.,2020,White AN; Gross JD; Kaski SW; Trexler KR; Wix KA; Wetsel WC; Kinsey SG; Siderovski DP; Setola V,candidate_paper_corpus | mechanistic:paper_library | mechanistic:stubs
771,10.1016/j.bcp.2020.114251,,,Identification of psychedelic new psychoactive substances (NPS) showing biased agonism at the 5-HT(2A)R through simultaneous use of β-arrestin 2 and miniGα(q) bioassays.,2020,Pottie E; Dedecker P; Stove CP,candidate_paper_corpus | disorder:paper_library | mechanistic:paper_library
773,10.1016/j.forsciint.2020.110553,,,"In vitro characterization of new psychoactive substances at the μ-opioid, CB1, 5HT(1A), and 5-HT(2A) receptors-On-target receptor potency and efficacy, and off-target effects.",2020,Åstrand A; Guerrieri D; Vikingsson S; Kronstrand R; Green H,candidate_paper_corpus | mechanistic:paper_library
775,10.1021/acschemneuro.0c00129,,,"Investigation of the 2,5-Dimethoxy Motif in Phenethylamine Serotonin 2A Receptor Agonists.",2020,Marcher-Rørsted E; Halberstadt AL; Klein AK; Chatha M; Jademyr S; Jensen AA; Kristensen JL,candidate_paper_corpus | mechanistic:paper_library | mechanistic:stubs
777,10.31480/2330-4871/117,,,Kappa Opioid Receptor on Pulmonary Macrophages and Immune Function.,2020,Zeng S; Zhong Y; Xiao J; Ji J; Xi J; Wei X; Liu R,candidate_paper_corpus | mechanistic:paper_library
778,10.1007/s00213-020-05473-4,,,Kappa opioid agonists reduce oxycodone self-administration in male rhesus monkeys.,2020,Zamarripa CA; Naylor JE; Huskinson SL; Townsend EA; Prisinzano TE; Freeman KB,candidate_paper_corpus | mechanistic:paper_library
779,10.1016/j.neuint.2020.104748,,,Kappa opioid receptors internalization is protective against oxygen-glucose deprivation through β-arrestin activation and Akt-mediated signaling pathway.,2020,Xu J; Chen F; Wang S; Akins NS; Hossain MI; Zhou Y; Huang J; Ji J; Xi J; Lin W,candidate_paper_corpus | mechanistic:paper_library
780,10.1523/jneurosci.3069-19.2020,,,Ketamine Affects Prediction Errors about Statistical Regularities: A Computational Single-Trial Analysis of the Mismatch Negativity.,2020,Weber LA; Diaconescu AO; Mathys C; Schmidt A; Kometer M; Vollenweider F; Stephan KE,candidate_paper_corpus | mechanistic:paper_library | mechanistic:stubs
784,10.3390/ijms21134791,,,Ketamine and Ro 25-6981 Reverse Behavioral Abnormalities in Rats Subjected to Dietary Zinc Restriction.,2020,Pochwat B; Domin H; Rafało-Ulińska A; Szewczyk B; Nowak G,candidate_paper_corpus | mechanistic:paper_library
785,10.1177/2045125320916657,,,Ketamine as an antidepressant: overview of its mechanisms of action and potential predictive biomarkers.,2020,Matveychuk D; Thomas RK; Swainson J; Khullar A; MacKay MA; Baker GB; Dursun SM,candidate_paper_corpus | disorder:paper_library | mechanistic:paper_library
787,10.1016/bs.apha.2020.02.005,,,Ketamine for depression clinical issues.,2020,Iqbal SZ; Mathew SJ,candidate_paper_corpus | disorder:exploratory | disorder:paper_library | disorder:stubs | mechanistic:paper_library
788,10.1016/j.neuropharm.2020.107947,,,"Ketamine increases vmPFC activity: Effects of (R)- and (S)-stereoisomers and (2R,6R)-hydroxynorketamine metabolite.",2020,Hare BD; Pothula S; DiLeone RJ; Duman RS,candidate_paper_corpus | mechanistic:paper_library
792,10.1038/s41386-020-0772-2,,,"Mechanisms associated with the antidepressant-like effects of L-655,708.",2020,Bugay V; McCoy AM; Lodge DJ; Brenner R; Frazer A; Carreno FR,candidate_paper_corpus | mechanistic:paper_library
795,10.1097/eja.0000000000001217,,,Methadone for postoperative analgesia: contribution of N-methyl-D-aspartate receptor antagonism: A randomised controlled trial.,2020,Tognoli E; Proto PL; Motta G; Galeone C; Mariani L; Valenza F,candidate_paper_corpus | mechanistic:paper_library
796,10.1213/ane.0000000000005017,,,Molecular Interaction Between Butorphanol and κ-Opioid Receptor.,2020,Ji J; Lin W; Vrudhula A; Xi J; Yeliseev A; Grothusen JR; Bu W; Liu R,candidate_paper_corpus | mechanistic:paper_library
799,10.1016/j.bcp.2020.113935,,,Molecular mechanisms of the rapid-acting and long-lasting antidepressant actions of (R)-ketamine.,2020,Hashimoto K,candidate_paper_corpus | mechanistic:paper_library | mechanistic:stubs
800,10.1038/s41398-020-01011-0,,,"N,N-dimethyltryptamine compound found in the hallucinogenic tea ayahuasca, regulates adult neurogenesis in vitro and in vivo.",2020,Morales-Garcia JA; Calleja-Conde J; Lopez-Moreno JA; Alonso-Gil S; Sanz-SanCristobal M; Riba J; Perez-Castillo A,candidate_paper_corpus | disorder:paper_library | mechanistic:paper_library | mechanistic:stubs
801,10.1016/j.expneurol.2020.113245,,,"N,N-dimethyltryptamine reduces infarct size and improves functional recovery following transient focal brain ischemia in rats.",2020,Nardai S; László M; Szabó A; Alpár A; Hanics J; Zahola P; Merkely B; Frecska E; Nagy Z,candidate_paper_corpus | disorder:paper_library | mechanistic:paper_library
802,10.1016/j.brainres.2019.146571,,,NMDA receptors containing GluN2C and GluN2D subunits have opposing roles in modulating neuronal oscillations; potential mechanism for bidirectional feedback.,2020,Mao Z; He S; Mesnard C; Synowicki P; Zhang Y; Chung L; Wiesman AI; Wilson TW; Monaghan DT,candidate_paper_corpus | mechanistic:paper_library
803,10.15761/icm.1000173,,,NMDAR modulators as rapid antidepressants: Converging and distinct signaling mechanisms.,2020,Lee B; Pothula S; Duman RS,candidate_paper_corpus | mechanistic:paper_library
804,10.1002/chem.201905688,,,Nanosensor for Sensitive Detection of the New Psychedelic Drug 25I-NBOMe.,2020,Garrido E; Alfonso M; Díaz de Greñu B; Lozano-Torres B; Parra M; Gaviña P; Marcos MD; Martínez-Máñez R; Sancenón F,candidate_paper_corpus | mechanistic:paper_library
806,10.7759/cureus.9536,,,Neuropsychiatric Effects of Antiviral Drugs.,2020,Zareifopoulos N; Lagadinou M; Karela A; Kyriakopoulou O; Velissaris D,candidate_paper_corpus | disorder:paper_library | mechanistic:paper_library | mechanistic:stubs
809,10.1016/j.bbr.2020.112548,,,Overlap in the neural circuitry and molecular mechanisms underlying ketamine abuse and its use as an antidepressant.,2020,Kokane SS; Armant RJ; Bolaños-Guzmán CA; Perrotti LI,candidate_paper_corpus | disorder:paper_library | mechanistic:paper_library
810,10.1016/j.pbb.2019.172839,,,"Phencyclidine-induced cognitive deficits in mice are ameliorated by subsequent repeated intermittent administration of (R)-ketamine, but not (S)-ketamine: Role of BDNF-TrkB signaling.",2020,Tan Y; Fujita Y; Qu Y; Chang L; Pu Y; Wang S; Wang X; Hashimoto K,candidate_paper_corpus | mechanistic:paper_library
812,10.1016/j.neuroimage.2020.116980,,,"Psilocybin acutely alters the functional connectivity of the claustrum with brain networks that support perception, memory, and attention.",2020,Barrett FS; Krimmel SR; Griffiths RR; Seminowicz DA; Mathur BN,candidate_paper_corpus | disorder:paper_library | mechanistic:paper_library
813,10.1007/s11033-020-06009-x,,,Psychedelics as an emerging novel intervention in the treatment of substance use disorder: a review.,2020,DiVito AJ; Leger RF,candidate_paper_corpus | disorder:paper_library
814,10.1007/s00213-020-05519-7,,,Quantification of observable behaviors induced by typical and atypical kappa-opioid receptor agonists in male rhesus monkeys.,2020,Huskinson SL; Platt DM; Brasfield M; Follett ME; Prisinzano TE; Blough BE; Freeman KB,candidate_paper_corpus | mechanistic:paper_library
816,10.1016/bs.apha.2020.05.002,,,Relapse prevention in treatment-resistant major depressive disorder with rapid-acting antidepressants.,2020,Singh JB; Fedgchin M; Daly EJ; Drevets WC,candidate_paper_corpus | disorder:paper_library
817,10.4103/ijpsym.ijpsym_228_19,,,Repurposing Potential of Ketamine: Opportunities and Challenges.,2020,Gautam CS; Mahajan SS; Sharma J; Singh H; Singh J,candidate_paper_corpus | disorder:paper_library | mechanistic:paper_library | mechanistic:stubs
818,10.3389/fnins.2020.00043,,,Rethinking Therapeutic Strategies for Anorexia Nervosa: Insights From Psychedelic Medicine and Animal Models.,2020,Foldi CJ; Liknaitzky P; Williams M; Oldfield BJ,candidate_paper_corpus | disorder:paper_library | mechanistic:paper_library
821,10.3390/biomedicines8020034,,,Rostral Anterior Cingulate Thickness Predicts the Emotional Psilocybin Experience.,2020,Lewis CR; Preller KH; Braden BB; Riecken C; Vollenweider FX,candidate_paper_corpus | disorder:paper_library | mechanistic:paper_library | mechanistic:stubs
822,10.1007/s00213-019-05417-7,,,"Safety, tolerability, pharmacokinetics, and pharmacodynamics of low dose lysergic acid diethylamide (LSD) in healthy older volunteers.",2020,Family N; Maillet EL; Williams LTJ; Krediet E; Carhart-Harris RL; Williams TM; Nichols CD; Goble DJ; Raz S,candidate_paper_corpus | disorder:paper_library | mechanistic:paper_library
823,10.3390/molecules25051204,,,Salvinorin A Does Not Affect Seizure Threshold in Mice.,2020,Socała K; Doboszewska U; Wlaź P,candidate_paper_corpus | mechanistic:paper_library
824,10.3389/fnbeh.2020.578443,,,Selective Knockout of the Vesicular Monoamine Transporter 2 (Vmat2) Gene in Calbindin2/Calretinin-Positive Neurons Results in Profound Changes in Behavior and Response to Drugs of Abuse.,2020,König N; Bimpisidis Z; Dumas S; Wallén-Mackenzie Å,candidate_paper_corpus | mechanistic:paper_library
825,10.1016/j.cell.2020.08.024,,,Structure of a Hallucinogen-Activated Gq-Coupled 5-HT(2A) Serotonin Receptor.,2020,Kim K; Che T; Panova O; DiBerto JF; Lyu J; Krumm BE; Wacker D; Robertson MJ; Seven AB; Nichols DE,candidate_paper_corpus | disorder:paper_library | mechanistic:paper_library
827,10.1021/acschemneuro.0c00191,,,"Synthetic Studies of Neoclerodane Diterpenes from Salvia divinorum: Design, Synthesis, and Evaluation of Analogues with Improved Potency and G-protein Activation Bias at the μ-Opioid Receptor.",2020,Crowley RS; Riley AP; Alder AF; Anderson RJ 3rd; Luo D; Kaska S; Maynez P; Kivell BM; Prisinzano TE,candidate_paper_corpus | mechanistic:paper_library | mechanistic:stubs
828,10.1038/s41598-020-73216-8,,,The Acute Effects of the Atypical Dissociative Hallucinogen Salvinorin A on Functional Connectivity in the Human Brain.,2020,Doss MK; May DG; Johnson MW; Clifton JM; Hedrick SL; Prisinzano TE; Griffiths RR; Barrett FS,candidate_paper_corpus | disorder:paper_library | mechanistic:paper_library
831,10.1007/s00213-020-05648-z,,,"The psychoactive aminoalkylbenzofuran derivatives, 5-APB and 6-APB, mimic the effects of 3,4-methylenedioxyamphetamine (MDA) on monoamine transmission in male rats.",2020,Brandt SD; Walters HM; Partilla JS; Blough BE; Kavanagh PV; Baumann MH,candidate_paper_corpus | mechanistic:paper_library
834,10.1124/mol.120.119404,,,Unique Pharmacological Properties of the Kappa Opioid Receptor Signaling Through Gαz as Shown with Bioluminescence Resonance Energy Tranfer.,2020,Barnett ME; Knapp BI; Bidlack JM,candidate_paper_corpus | mechanistic:paper_library
837,10.1016/j.neuint.2018.09.008,,,"""Polytox"" synthetic cathinone abuse: A potential role for organic cation transporter 3 in combined cathinone-induced efflux.",2019,Mayer FP; Schmid D; Holy M; Daws LC; Sitte HH,candidate_paper_corpus | mechanistic:paper_library | mechanistic:stubs
838,10.1073/pnas.1819540116,,,"(2R,6R)-hydroxynorketamine exerts mGlu(2) receptor-dependent antidepressant actions.",2019,Zanos P; Highland JN; Stewart BW; Georgiou P; Jenne CE; Lovett J; Morris PJ; Thomas CJ; Moaddel R; Zarate CA Jr,candidate_paper_corpus | disorder:paper_library
839,10.1002/syn.22126,,,(R)- and (S)-ketamine induce differential fMRI responses in conscious rats.,2019,Masaki Y; Kashiwagi Y; Watabe H; Abe K,candidate_paper_corpus | mechanistic:paper_library | mechanistic:stubs
840,10.1093/ijnp/pyz041,,,(R)-Ketamine Induces a Greater Increase in Prefrontal 5-HT Release Than (S)-Ketamine and Ketamine Metabolites via an AMPA Receptor-Independent Mechanism.,2019,Ago Y; Tanabe W; Higuchi M; Tsukada S; Tanaka T; Yamaguchi T; Igarashi H; Yokoyama R; Seiriki K; Kasai A,candidate_paper_corpus | mechanistic:curated | mechanistic:paper_library
842,10.1111/bph.14683,,,"(R)-Ketamine exerts antidepressant actions partly via conversion to (2R,6R)-hydroxynorketamine, while causing adverse effects at sub-anaesthetic doses.",2019,Zanos P; Highland JN; Liu X; Troppoli TA; Georgiou P; Lovett J; Morris PJ; Stewart BW; Thomas CJ; Thompson SM,candidate_paper_corpus | mechanistic:paper_library
843,10.1007/s00213-019-05207-1,,,2-Aminoindan and its ring-substituted derivatives interact with plasma membrane monoamine transporters and α(2)-adrenergic receptors.,2019,Halberstadt AL; Brandt SD; Walther D; Baumann MH,candidate_paper_corpus | mechanistic:paper_library
844,10.1371/journal.pone.0209804,,,"5-HT2 receptor binding, functional activity and selectivity in N-benzyltryptamines.",2019,Toro-Sazo M; Brea J; Loza MI; Cimadevila M; Cassels BK,candidate_paper_corpus | disorder:paper_library | mechanistic:paper_library
845,10.1177/0269881118822156,,,A genetic deletion of the serotonin transporter differentially influences the behavioural effects of MDMA.,2019,Pettie M; Oakly A; Harper DN; Ellenbroek BA,candidate_paper_corpus | mechanistic:paper_library | mechanistic:stubs
846,10.1073/pnas.1814709116,,,"Activity-dependent brain-derived neurotrophic factor signaling is required for the antidepressant actions of (2R,6R)-hydroxynorketamine.",2019,Fukumoto K; Fogaça MV; Liu RJ; Duman C; Kato T; Li XY; Duman RS,candidate_paper_corpus | disorder:paper_library
848,10.3389/fphar.2019.01590,,,Amphetamine Derivatives as Monoamine Oxidase Inhibitors.,2019,Reyes-Parada M; Iturriaga-Vasquez P; Cassels BK,candidate_paper_corpus | mechanistic:paper_library
849,10.1080/14737175.2019.1643237,,,An update on NMDA antagonists in depression.,2019,Pochwat B; Nowak G; Szewczyk B,candidate_paper_corpus | mechanistic:paper_library | mechanistic:stubs
853,10.3389/fphar.2019.00157,,,"Aromatic Bromination Abolishes the Psychomotor Features and Pro-social Responses of MDMA (""Ecstasy"") in Rats and Preserves Affinity for the Serotonin Transporter (SERT).",2019,Sáez-Briones P; Castro-Castillo V; Díaz-Véliz G; Valladares L; Barra R; Hernández A; Cassels BK,candidate_paper_corpus | mechanistic:curated | mechanistic:paper_library
854,10.1002/prp2.458,,,"Binding characterization of N-(2-chloro-5-thiomethylphenyl)-N'-(3-[(3) H](3) methoxy phenyl)-N'-methylguanidine ([(3) H]GMOM), a non-competitive N-methyl-D-aspartate (NMDA) receptor antagonist.",2019,Metaxas A; van Berckel BNM; Klein PJ; Verbeek J; Nash EC; Kooijman EJM; Renjaän VA; Golla SSV; Boellaard R; Christiaans JAM,candidate_paper_corpus | mechanistic:paper_library
860,10.1016/j.pbb.2019.04.008,,,"Comparison of antidepressant and side effects in mice after intranasal administration of (R,S)-ketamine, (R)-ketamine, and (S)-ketamine.",2019,Chang L; Zhang K; Pu Y; Qu Y; Wang SM; Xiong Z; Ren Q; Dong C; Fujita Y; Hashimoto K,candidate_paper_corpus | mechanistic:paper_library
861,10.1093/toxsci/kfz085,,,"Concurrent Inhibition of Vesicular Monoamine Transporter 2 Does Not Protect Against 3,4-Methylenedioxymethamphetamine (Ecstasy) Induced Neurotoxicity.",2019,Cholanians AB; Phan AV; Lau SS; Monks TJ,candidate_paper_corpus | mechanistic:paper_library | mechanistic:stubs
862,10.1038/s41467-019-09675-z,,,Conformational dynamics of the human serotonin transporter during substrate and drug binding.,2019,Möller IR; Slivacka M; Nielsen AK; Rasmussen SGF; Gether U; Loland CJ; Rand KD,candidate_paper_corpus | mechanistic:paper_library
864,10.1016/j.tox.2019.04.012,,,Differential effects of psychoactive substances on human wildtype and polymorphic T356M dopamine transporters (DAT).,2019,Zwartsen A; Litjens CHC; Hondebrink L; van den Heuvel JJMW; Greupink R; Russel FGM; de Lange DW; Legler J; Koenderink JB; Westerink RHS,candidate_paper_corpus | mechanistic:paper_library | mechanistic:stubs
865,10.1021/acschemneuro.8b00293,,,Discrepancies in Kappa Opioid Agonist Binding Revealed through PET Imaging.,2019,Placzek MS; Schroeder FA; Che T; Wey HY; Neelamegam R; Wang C; Roth BL; Hooker JM,candidate_paper_corpus | mechanistic:paper_library | mechanistic:stubs
866,10.1073/pnas.1815129116,,,Effective connectivity changes in LSD-induced altered states of consciousness in humans.,2019,Preller KH; Razi A; Zeidman P; Stämpfli P; Friston KJ; Vollenweider FX,candidate_paper_corpus | mechanistic:paper_library | mechanistic:stubs
867,10.1037/pha0000253,,,Effects of acute and repeated treatment with serotonin 5-HT2A receptor agonist hallucinogens on intracranial self-stimulation in rats.,2019,Sakloth F; Leggett E; Moerke MJ; Townsend EA; Banks ML; Negus SS,candidate_paper_corpus | disorder:paper_library | mechanistic:paper_library | mechanistic:stubs
871,10.1038/s41598-019-49913-4,,,Fully automated head-twitch detection system for the study of 5-HT(2A) receptor pharmacology in vivo.,2019,de la Fuente Revenga M; Shin JM; Vohra HZ; Hideshima KS; Schneck M; Poklis JL; González-Maeso J,candidate_paper_corpus | disorder:paper_library | mechanistic:paper_library | mechanistic:stubs
872,10.1021/acschemneuro.9b00262,,,Identification of a Novel Allosteric Modulator of the Human Dopamine Transporter.,2019,Aggarwal S; Liu X; Rice C; Menell P; Clark PJ; Paparoidamis N; Xiao YC; Salvino JM; Fontana ACK; España RA,candidate_paper_corpus | mechanistic:paper_library
873,10.1124/jpet.119.256354,,,Impact of Pharmacological Manipulation of the κ-Opioid Receptor System on Self-grooming and Anhedonic-like Behaviors in Male Mice.,2019,Butelman ER; McElroy BD; Prisinzano TE; Kreek MJ,candidate_paper_corpus | mechanistic:paper_library
879,10.1016/j.yexmp.2019.02.004,,,Ketamine inhibits colorectal cancer cells malignant potential via blockage of NMDA receptor.,2019,Duan W; Hu J; Liu Y,candidate_paper_corpus | mechanistic:paper_library
881,10.1016/j.ebr.2019.100326,,,Ketamine use in refractory status epilepticus associated with anti-NMDA receptor antibody encephalitis.,2019,Santoro JD; Filippakis A; Chitnis T,candidate_paper_corpus | mechanistic:paper_library | mechanistic:stubs
882,10.1007/164_2017_51,,,Ketamine-Induced Glutamatergic Mechanisms of Sleep and Wakefulness: Insights for Developing Novel Treatments for Disturbed Sleep and Mood.,2019,Duncan WC Jr; Ballard ED; Zarate CA,candidate_paper_corpus | disorder:paper_library
884,10.1186/s13054-019-2711-3,,,Lasting s-ketamine block of spreading depolarizations in subarachnoid hemorrhage: a retrospective cohort study.,2019,Santos E; Olivares-Rivera A; Major S; Sánchez-Porras R; Uhlmann L; Kunzmann K; Zerelles R; Kentar M; Kola V; Aguilera AH,candidate_paper_corpus | mechanistic:paper_library
887,10.1038/s41398-019-0624-1,,,Molecular and cellular mechanisms underlying the antidepressant effects of ketamine enantiomers and its metabolites.,2019,Yang C; Yang J; Luo A; Hashimoto K,candidate_paper_corpus | disorder:paper_library | mechanistic:paper_library
889,10.1016/j.ejphar.2019.05.014,,,"Monoamine receptor interaction profiles of 4-aryl-substituted 2,5-dimethoxyphenethylamines (2C-BI derivatives).",2019,Luethi D; Widmer R; Trachsel D; Hoener MC; Liechti ME,candidate_paper_corpus | mechanistic:paper_library
893,10.1038/s41380-018-0083-8,,,"NMDAR-independent, cAMP-dependent antidepressant actions of ketamine.",2019,Wray NH; Schappi JM; Singh H; Senese NB; Rasenick MM,candidate_paper_corpus | mechanistic:paper_library | mechanistic:stubs
894,10.3389/fphar.2019.01406,,,Neurochemical and Behavioral Profiling in Male and Female Rats of the Psychedelic Agent 25I-NBOMe.,2019,Miliano C; Marti M; Pintori N; Castelli MP; Tirri M; Arfè R; De Luca MA,candidate_paper_corpus | mechanistic:curated | mechanistic:paper_library | mechanistic:stubs
895,10.1016/j.concog.2019.01.011,,,Neurochemical models of near-death experiences: A large-scale study based on the semantic similarity of written reports.,2019,Martial C; Cassol H; Charland-Verville V; Pallavicini C; Sanz C; Zamberlan F; Vivot RM; Erowid F; Erowid E; Laureys S,candidate_paper_corpus | disorder:paper_library | mechanistic:paper_library
896,10.1016/j.neubiorev.2018.11.004,,,"Neuroimaging of chronic MDMA (""ecstasy"") effects: A meta-analysis.",2019,Müller F; Brändle R; Liechti ME; Borgwardt S,candidate_paper_corpus | mechanistic:paper_library | mechanistic:stubs
897,10.3389/fphar.2019.00438,,,Para-Halogenation Affects Monoamine Transporter Inhibition Properties and Hepatocellular Toxicity of Amphetamines and Methcathinones.,2019,Luethi D; Walter M; Zhou X; Rudin D; Krähenbühl S; Liechti ME,candidate_paper_corpus | mechanistic:paper_library
898,10.1007/s00213-018-5055-9,,,Pharmacological characterization of the LSD analog N-ethyl-N-cyclopropyl lysergamide (ECPLA).,2019,Halberstadt AL; Klein LM; Chatha M; Valenzuela LB; Stratford A; Wallach J; Nichols DE; Brandt SD,candidate_paper_corpus | disorder:paper_library | mechanistic:paper_library
899,10.1016/j.neuro.2019.02.011,,,"Pharmacological characterization of the aminorex analogs 4-MAR, 4,4'-DMAR, and 3,4-DMAR.",2019,Rickli A; Kolaczynska K; Hoener MC; Liechti ME,candidate_paper_corpus | mechanistic:paper_library
902,10.1016/j.ebiom.2019.10.063,,,Pro-inflammatory monocyte profile in patients with major depressive disorder and suicide behaviour and how ketamine induces anti-inflammatory M2 macrophages by NMDAR and mTOR.,2019,Nowak W; Grendas LN; Sanmarco LM; Estecho IG; Arena ÁR; Eberhardt N; Rodante DE; Aoki MP; Daray FM; Carrera Silva EA,candidate_paper_corpus | mechanistic:paper_library
904,10.1017/neu.2019.15,,,Psilocybin lacks antidepressant-like effect in the Flinders Sensitive Line rat.,2019,Jefsen O; Højgaard K; Christiansen SL; Elfving B; Nutt DJ; Wegener G; Müller HK,candidate_paper_corpus | disorder:curated | disorder:paper_library | mechanistic:paper_library
905,10.1038/s41386-019-0324-9,,,Psychedelic effects of psilocybin correlate with serotonin 2A receptor occupancy and plasma psilocin levels.,2019,Madsen MK; Fisher PM; Burmester D; Dyssegaard A; Stenbæk DS; Kristiansen S; Johansen SS; Lehel S; Linnet K; Svarer C,candidate_paper_corpus | disorder:paper_library | mechanistic:curated | mechanistic:paper_library
906,10.1111/pcn.12902,,,"Rapid-acting antidepressant ketamine, its metabolites and other candidates: A historical overview and future perspective.",2019,Hashimoto K,candidate_paper_corpus | disorder:paper_library | mechanistic:curated | mechanistic:paper_library
907,10.1016/bs.apha.2019.03.002,,,Rapid-acting antidepressants.,2019,Witkin JM; Martin AE; Golani LK; Xu NZ; Smith JL,candidate_paper_corpus | mechanistic:paper_library
908,10.3389/fphar.2019.01423,,,"Receptor Interaction Profiles of 4-Alkoxy-Substituted 2,5-Dimethoxyphenethylamines and Related Amphetamines.",2019,Kolaczynska KE; Luethi D; Trachsel D; Hoener MC; Liechti ME,candidate_paper_corpus | mechanistic:curated | mechanistic:paper_library
909,10.1177/0269881119827891,,,Recreational use of psychedelics is associated with elevated personality trait openness: Exploration of associations with brain serotonin markers.,2019,Erritzoe D; Smith J; Fisher PM; Carhart-Harris R; Frokjaer VG; Knudsen GM,candidate_paper_corpus | mechanistic:paper_library
912,10.1021/acschemneuro.8b00590,,,Role of Serotonin Transporter and Receptor Gene Variations in the Acute Effects of MDMA in Healthy Subjects.,2019,Vizeli P; Meyer Zu Schwabedissen HE; Liechti ME,candidate_paper_corpus | mechanistic:paper_library
915,10.1016/j.neuropharm.2018.10.039,,,S-ketamine reduces marble burying behaviour: Involvement of ventromedial orbitofrontal cortex and AMPA receptors.,2019,Tosta CL; Silote GP; Fracalossi MP; Sartim AG; Andreatini R; Joca SRL; Beijamini V,candidate_paper_corpus | mechanistic:paper_library | mechanistic:stubs
916,10.1177/0269881119849821,,,Salvindolin elicits opioid system-mediated antinociceptive and antidepressant-like activities.,2019,Keasling AW; Pandey P; Doerksen RJ; Pedrino GR; Costa EA; da Cunha LC; Zjawiony JK; Fajemiroye JO,candidate_paper_corpus | mechanistic:paper_library | mechanistic:stubs
917,10.1016/j.brainres.2019.05.026,,,Salvinorin A attenuates early brain injury through PI3K/Akt pathway after subarachnoid hemorrhage in rat.,2019,Sun J; Yang X; Zhang Y; Zhang W; Lu J; Hu Q; Liu R; Zhou C; Chen C,candidate_paper_corpus | mechanistic:paper_library
918,10.1016/j.expneurol.2019.113045,,,Salvinorin A moderates postischemic brain injury by preserving endothelial mitochondrial function via AMPK/Mfn2 activation.,2019,Dong H; Zhou W; Xin J; Shi H; Yao X; He Z; Wang Z,candidate_paper_corpus | mechanistic:paper_library
919,10.1038/s41386-018-0301-8,,,Serotonin transporter inhibition and 5-HT(2C) receptor activation drive loss of cocaine-induced locomotor activation in DAT Val559 mice.,2019,Stewart A; Davis GL; Gresch PJ; Katamish RM; Peart R; Rabil MJ; Gowrishankar R; Carroll FI; Hahn MK; Blakely RD,candidate_paper_corpus | mechanistic:paper_library
920,10.1038/s41586-019-1135-1,,,Serotonin transporter-ibogaine complexes illuminate mechanisms of inhibition and transport.,2019,Coleman JA; Yang D; Zhao Z; Wen PC; Yoshioka C; Tajkhorshid E; Gouaux E,candidate_paper_corpus | disorder:paper_library
921,10.1177/0269881119867603,,,Serotonin type 5A receptor antagonists inhibit D-lysergic acid diethylamide discriminatory cue in rats.,2019,Popik P; Krawczyk M; Kuziak A; Bugno R; Hogendorf A; Staroń J; Nikiforuk A,candidate_paper_corpus | mechanistic:paper_library
923,10.1021/acs.analchem.9b03104,,,Setup of a Serotonin 2A Receptor (5-HT2AR) Bioassay: Demonstration of Its Applicability To Functionally Characterize Hallucinogenic New Psychoactive Substances and an Explanation Why 5-HT2AR Bioassays Are Not Suited for Universal Activity-Based Screening of Biofluids for New Psychoactive Substances.,2019,Pottie E; Cannaert A; Van Uytfanghe K; Stove CP,candidate_paper_corpus | mechanistic:paper_library | mechanistic:stubs
924,10.1523/eneuro.0221-19.2019,,,Sex and Individual Differences in Alcohol Intake Are Associated with Differences in Ketamine Self-Administration Behaviors and Nucleus Accumbens Dendritic Spine Density.,2019,Strong CE; Wright KN; Kabbaj M,candidate_paper_corpus | disorder:paper_library
926,10.1021/acschemneuro.9b00195,,,Signaling Properties of Structurally Diverse Kappa Opioid Receptor Ligands: Toward in Vitro Models of in Vivo Responses.,2019,Dunn AD; Reed B; Erazo J; Ben-Ezra A; Kreek MJ,candidate_paper_corpus | mechanistic:paper_library | mechanistic:stubs
929,10.1007/s11920-019-1108-y,,,"Suicide Has Many Faces, So Does Ketamine: a Narrative Review on Ketamine's Antisuicidal Actions.",2019,Lengvenyte A; Olié E; Courtet P,candidate_paper_corpus | disorder:paper_library
931,10.1016/j.pnpbp.2019.109668,,,The role of NMDA receptor in neurobiology and treatment of major depressive disorder: Evidence from translational research.,2019,Amidfar M; Woelfer M; Réus GZ; Quevedo J; Walter M; Kim YK,candidate_paper_corpus | mechanistic:paper_library
932,10.1002/dta.2582,,,The synthetic cathinone psychostimulant α-PPP antagonizes serotonin 5-HT(2A) receptors: In vitro and in vivo evidence.,2019,Chen Y; Blough BE; Murnane KS; Canal CE,candidate_paper_corpus | mechanistic:paper_library
934,10.3389/fendo.2019.00037,,,Updated View on the Relation of the Pineal Gland to Autism Spectrum Disorders.,2019,Shomrat T; Nesher N,candidate_paper_corpus | mechanistic:paper_library
935,10.1051/jbio/2019015,,,[Neurotrophic mechanisms of psychedelic therapy].,2019,Corne R; Mongeau R,candidate_paper_corpus | disorder:paper_library | mechanistic:paper_library | mechanistic:stubs
939,10.1016/j.neuroimage.2018.06.068,,,1/f electrophysiological spectra in resting and drug-induced states can be explained by the dynamics of multiple oscillatory relaxation processes.,2018,Muthukumaraswamy SD; Liley DT,candidate_paper_corpus | mechanistic:paper_library
940,10.1016/j.neuroscience.2018.02.037,,,"3,4-Methylenedioxymethamphetamine (MDMA) Alters Synaptic Dopamine Release in the Dorsal Striatum Through Nicotinic Receptors and DAT Inhibition.",2018,Rizzo FR; Federici M; Mercuri NB,candidate_paper_corpus | mechanistic:paper_library | mechanistic:stubs
941,10.1016/j.ejphar.2018.08.037,,,"3,4-Methylenedioxymethamphetamine, mephedrone, and β-phenylethylamine release dopamine from the cytoplasm by means of transporters and keep the concentration high and constant by blocking reuptake.",2018,Zsilla G; Hegyi DE; Baranyi M; Vizi ES,candidate_paper_corpus | mechanistic:paper_library
942,10.1016/j.cub.2018.07.061,,,A Conserved Role for Serotonergic Neurotransmission in Mediating Social Behavior in Octopus.,2018,Edsinger E; Dölen G,candidate_paper_corpus | mechanistic:paper_library
944,10.1097/ajp.0000000000000547,,,A Systematic Review of NMDA Receptor Antagonists for Treatment of Neuropathic Pain in Clinical Practice.,2018,Aiyer R; Mehta N; Gungor S; Gulati A,candidate_paper_corpus | mechanistic:paper_library
945,10.1007/s00213-018-4880-1,,,A genetic reduction in the serotonin transporter differentially influences MDMA and heroin induced behaviours.,2018,Brox BW; Ellenbroek BA,candidate_paper_corpus | mechanistic:paper_library | mechanistic:stubs
947,10.1016/j.bmcl.2018.03.029,,,A review of salvinorin analogs and their kappa-opioid receptor activity.,2018,Roach JJ; Shenvi RA,candidate_paper_corpus | mechanistic:paper_library
949,10.1016/j.biopsych.2018.05.007,,,AMPA Receptor Activation-Independent Antidepressant Actions of Ketamine Metabolite (S)-Norketamine.,2018,Yang C; Kobayashi S; Nakao K; Dong C; Han M; Qu Y; Ren Q; Zhang JC; Ma M; Toki H,candidate_paper_corpus | mechanistic:paper_library | mechanistic:stubs
951,10.1177/1536012118788636,,,Acute Ketamine Infusion in Rat Does Not Affect In Vivo [(11)C]ABP688 Binding to Metabotropic Glutamate Receptor Subtype 5.,2018,Kosten L; Verhaeghe J; Wyffels L; Stroobants S; Staelens S,candidate_paper_corpus | mechanistic:paper_library | mechanistic:stubs
952,10.1038/s41386-018-0014-z,,,Alterations in interhemispheric gamma-band connectivity are related to the emergence of auditory verbal hallucinations in healthy subjects during NMDA-receptor blockade.,2018,Thiebes S; Steinmann S; Curic S; Polomac N; Andreou C; Eichler IC; Eichler L; Zöllner C; Gallinat J; Leicht G,candidate_paper_corpus | mechanistic:paper_library
954,10.1007/s00213-017-4823-2,,,Antagonism at the NR2B subunit of NMDA receptors induces increased connectivity of the prefrontal and subcortical regions regulating reward behavior.,2018,Gass N; Becker R; Sack M; Schwarz AJ; Reinwald J; Cosa-Linan A; Zheng L; von Hohenberg CC; Inta D; Meyer-Lindenberg A,candidate_paper_corpus | mechanistic:paper_library
955,10.1007/s40263-018-0519-3,,,Antidepressant Efficacy and Tolerability of Ketamine and Esketamine: A Critical Review.,2018,Molero P; Ramos-Quiroga JA; Martin-Santos R; Calvo-Sánchez E; Gutiérrez-Rojas L; Meana JJ,candidate_paper_corpus | mechanistic:paper_library
960,10.1016/j.brainresbull.2017.11.007,,,CaMKIIα expression in a mouse model of NMDAR hypofunction schizophrenia: Putative roles for IGF-1R and TLR4.,2018,Ogundele OM; Lee CC,candidate_paper_corpus | mechanistic:paper_library
961,10.7554/elife.35082,,,Changes in global and thalamic brain connectivity in LSD-induced altered states of consciousness are attributable to the 5-HT2A receptor.,2018,Preller KH; Burt JB; Ji JL; Schleifer CH; Adkinson BD; Stämpfli P; Seifritz E; Repovs G; Krystal JH; Murray JD,candidate_paper_corpus | disorder:paper_library | mechanistic:paper_library | mechanistic:stubs
962,10.1016/j.schres.2017.04.014,,,Changes in the expression of metabotropic glutamate receptor 5 (mGluR5) in a ketamine-based animal model of schizophrenia.,2018,Zurawek D; Salerno-Kochan A; Dziedzicka-Wasylewska M; Nikiforuk A; Kos T; Popik P,candidate_paper_corpus | mechanistic:paper_library
963,10.1007/7854_2017_475,,,Chemistry and Structure-Activity Relationships of Psychedelics.,2018,Nichols DE,candidate_paper_corpus | mechanistic:paper_library
964,10.1002/cmdc.201700810,,,Comparative Pharmacological Study of Common NMDA Receptor Open Channel Blockers Regarding Their Affinity and Functional Activity toward GluN2A and GluN2B NMDA Receptors.,2018,Temme L; Schepmann D; Schreiber JA; Frehland B; Wünsch B,candidate_paper_corpus | mechanistic:paper_library | mechanistic:stubs
965,10.1007/s40263-018-0492-x,,,Convergent Mechanisms Underlying Rapid Antidepressant Action.,2018,Zanos P; Thompson SM; Duman RS; Zarate CA Jr; Gould TD,candidate_paper_corpus | mechanistic:paper_library
968,10.1073/pnas.1718883115,,,Disinhibition of CA1 pyramidal cells by low-dose ketamine and other antagonists with rapid antidepressant efficacy.,2018,Widman AJ; McMahon LL,candidate_paper_corpus | mechanistic:paper_library
971,10.1016/j.neuropharm.2018.05.017,,,Effects of Mg(2+) on recovery of NMDA receptors from inhibition by memantine and ketamine reveal properties of a second site.,2018,Glasgow NG; Wilcox MR; Johnson JW,candidate_paper_corpus | mechanistic:paper_library | mechanistic:stubs
973,10.1007/s00213-018-5081-7,,,Effects of ketamine on brain function during response inhibition.,2018,Steffens M; Neumann C; Kasparbauer AM; Becker B; Weber B; Mehta MA; Hurlemann R; Ettinger U,candidate_paper_corpus | mechanistic:paper_library
974,10.1016/j.neulet.2018.02.056,,,Effects of mesyl salvinorin B alone and in combination with naltrexone on alcohol deprivation effect in male and female mice.,2018,Zhou Y; Crowley R; Prisinzano T; Kreek MJ,candidate_paper_corpus | mechanistic:paper_library
979,10.1016/j.pbb.2018.07.003,,,"Expression of heat shock protein HSP-70 in the retrosplenial cortex of rat brain after administration of (R,S)-ketamine and (S)-ketamine, but not (R)-ketamine.",2018,Tian Z; Dong C; Fujita A; Fujita Y; Hashimoto K,candidate_paper_corpus | mechanistic:paper_library
981,10.1186/s13550-018-0424-2,,,"First in human evaluation of [(18)F]PK-209, a PET ligand for the ion channel binding site of NMDA receptors.",2018,van der Aart J; Golla SSV; van der Pluijm M; Schwarte LA; Schuit RC; Klein PJ; Metaxas A; Windhorst AD; Boellaard R; Lammertsma AA,candidate_paper_corpus | mechanistic:paper_library
983,10.1111/jnc.14259,,,Functional properties of dopamine transporter oligomers after copper linking.,2018,Zhen J; Reith MEA,candidate_paper_corpus | mechanistic:paper_library
985,10.1007/7854_2017_478,,,Hallucinogens and Serotonin 5-HT(2A) Receptor-Mediated Signaling Pathways.,2018,López-Giménez JF; González-Maeso J,candidate_paper_corpus | disorder:paper_library | mechanistic:paper_library
986,10.3233/ch-170361,,,"Hemorheological and metabolic consequences of renal ischemia-reperfusion and their modulation by N,N-dimethyl-tryptamine on a rat model.",2018,Peto K; Nemeth N; Mester A; Magyar Z; Ghanem S; Somogyi V; Tanczos B; Deak A; Bidiga L; Frecska E,candidate_paper_corpus | mechanistic:paper_library
987,10.1002/evl3.42,,,Horizontal gene cluster transfer increased hallucinogenic mushroom diversity.,2018,Reynolds HT; Vijayakumar V; Gluck-Thaler E; Korotkin HB; Matheny PB; Slot JC,candidate_paper_corpus | disorder:paper_library
988,10.3389/fnmol.2018.00456,,,Hyperforin Potentiates Antidepressant-Like Activity of Lanicemine in Mice.,2018,Pochwat B; Szewczyk B; Kotarska K; Rafało-Ulińska A; Siwiec M; Sowa JE; Tokarski K; Siwek A; Bouron A; Friedland K,candidate_paper_corpus | mechanistic:curated | mechanistic:paper_library
989,10.3389/fphar.2018.00330,,,Hypothesis: The Psychedelic Ayahuasca Heals Traumatic Memories via a Sigma 1 Receptor-Mediated Epigenetic-Mnemonic Process.,2018,Inserra A,candidate_paper_corpus | disorder:paper_library | mechanistic:paper_library | mechanistic:stubs
992,10.1016/j.schres.2017.06.040,,,Interactive effects of an N-methyl-d-aspartate receptor antagonist and a nicotinic acetylcholine receptor agonist on mismatch negativity: Implications for schizophrenia.,2018,Hamilton HK; D'Souza DC; Ford JM; Roach BJ; Kort NS; Ahn KH; Bhakta S; Ranganathan M; Mathalon DH,candidate_paper_corpus | mechanistic:paper_library
994,10.3390/molecules23102602,,,Kappa Opioid Receptor Agonist Mesyl Sal B Attenuates Behavioral Sensitization to Cocaine with Fewer Aversive Side-Effects than Salvinorin A in Rodents.,2018,Kivell BM; Paton KF; Kumar N; Morani AS; Culverhouse A; Shepherd A; Welsh SA; Biggerstaff A; Crowley RS; Prisinzano TE,candidate_paper_corpus | mechanistic:paper_library | mechanistic:stubs
995,10.3390/ph11030083,,,Ketamine and Ceftriaxone-Induced Alterations in Glutamate Levels Do Not Impact the Specific Binding of Metabotropic Glutamate Receptor Subtype 5 Radioligand [(18)F]PSS232 in the Rat Brain.,2018,Müller Herde A; Boss SD; He Y; Schibli R; Mu L; Ametamey SM,candidate_paper_corpus | mechanistic:paper_library
996,10.12688/f1000research.14344.1,,,Ketamine and rapid-acting antidepressants: a new era in the battle against depression and suicide.,2018,Duman RS,candidate_paper_corpus | disorder:curated | disorder:paper_library | mechanistic:curated | mechanistic:paper_library | mechanistic:stubs
1000,10.1016/j.neuropharm.2018.01.017,,,Ketamine for the treatment of addiction: Evidence and potential mechanisms.,2018,Ivan Ezquerra-Romano I; Lawn W; Krupitsky E; Morgan CJA,candidate_paper_corpus | disorder:paper_library
1001,10.1007/s00213-018-5017-2,,,Lack of deuterium isotope effects in the antidepressant effects of (R)-ketamine in a chronic social defeat stress model.,2018,Zhang K; Toki H; Fujita Y; Ma M; Chang L; Qu Y; Harada S; Nemoto T; Mizuno-Yasuhira A; Yamaguchi JI,candidate_paper_corpus | mechanistic:paper_library
1004,10.1038/mp.2017.255,,,Mechanisms of ketamine action as an antidepressant.,2018,Zanos P; Gould TD,candidate_paper_corpus | disorder:paper_library | mechanistic:paper_library
1007,10.1016/j.neubiorev.2017.08.012,,,Molecular and cellular dissection of NMDA receptor subtypes as antidepressant targets.,2018,Lang E; Mallien AS; Vasilescu AN; Hefter D; Luoni A; Riva MA; Borgwardt S; Sprengel R; Lang UE; Gass P,candidate_paper_corpus | mechanistic:paper_library
1008,10.1093/ijnp/pyy047,,,Monoamine Transporter and Receptor Interaction Profiles in Vitro Predict Reported Human Doses of Novel Psychoactive Stimulants and Psychedelics.,2018,Luethi D; Liechti ME,candidate_paper_corpus | disorder:paper_library | mechanistic:paper_library
1009,10.1016/j.neuropharm.2017.07.012,,,Monoamine receptor interaction profiles of 4-thio-substituted phenethylamines (2C-T drugs).,2018,Luethi D; Trachsel D; Hoener MC; Liechti ME,candidate_paper_corpus | mechanistic:paper_library
1010,10.1007/s12640-017-9831-9,,,Neurochemical and Neurotoxic Effects of MDMA (Ecstasy) and Caffeine After Chronic Combined Administration in Mice.,2018,Górska AM; Kamińska K; Wawrzczak-Bargieła A; Costa G; Morelli M; Przewłocki R; Kreiner G; Gołembiowska K,candidate_paper_corpus | mechanistic:paper_library | mechanistic:stubs
1011,10.1016/j.bcp.2018.09.024,,,Neurochemical pharmacology of psychoactive substituted N-benzylphenethylamines: High potency agonists at 5-HT(2A) receptors.,2018,Eshleman AJ; Wolfrum KM; Reed JF; Kim SO; Johnson RA; Janowsky A,candidate_paper_corpus | mechanistic:paper_library
1012,10.1007/164_2018_178,,,Neuropharmacology of Synthetic Cathinones.,2018,Baumann MH; Walters HM; Niello M; Sitte HH,candidate_paper_corpus | mechanistic:paper_library
1013,10.1007/s00228-017-2392-2,,,No major role of norepinephrine transporter gene variations in the cardiostimulant effects of MDMA.,2018,Vizeli P; Meyer Zu Schwabedissen HE; Liechti ME,candidate_paper_corpus | mechanistic:paper_library | mechanistic:stubs
1014,10.1016/j.bmcl.2018.01.055,,,O6C-20-nor-salvinorin A is a stable and potent KOR agonist.,2018,Hirasawa S; Cho M; Brust TF; Roach JJ; Bohn LM; Shenvi RA,candidate_paper_corpus | mechanistic:paper_library | mechanistic:stubs
1016,10.1016/j.neuroimage.2018.08.016,,,Pathophysiology of levodopa-induced dyskinesia: Insights from multimodal imaging and immunohistochemistry in non-human primates.,2018,Beaudoin-Gobert M; Météreau E; Duperrier S; Thobois S; Tremblay L; Sgambato V,candidate_paper_corpus | mechanistic:paper_library
1017,10.1016/j.neuropharm.2017.07.026,,,Pharmacological profile of mephedrone analogs and related new psychoactive substances.,2018,Luethi D; Kolaczynska KE; Docci L; Krähenbühl S; Hoener MC; Liechti ME,candidate_paper_corpus | mechanistic:paper_library
1018,10.1007/164_2018_113,,,Pharmacology of MDMA- and Amphetamine-Like New Psychoactive Substances.,2018,Simmler LD; Liechti ME,candidate_paper_corpus | mechanistic:paper_library
1021,10.1016/j.euroneuro.2018.03.016,,,Psilocybin modulates functional connectivity of the amygdala during emotional face discrimination.,2018,Grimm O; Kraehenmann R; Preller KH; Seifritz E; Vollenweider FX,candidate_paper_corpus | mechanistic:paper_library
1022,10.1016/j.celrep.2018.05.022,,,Psychedelics Promote Structural and Functional Neural Plasticity.,2018,Ly C; Greb AC; Cameron LP; Wong JM; Barragan EV; Wilson PC; Burbach KF; Soltanzadeh Zarandi S; Sood A; Paddy MR,candidate_paper_corpus | disorder:paper_library | disorder:stubs | mechanistic:paper_library | mechanistic:stubs
1023,10.1080/09540261.2018.1481827,,,Psychedelics as anti-inflammatory agents.,2018,Flanagan TW; Nichols CD,candidate_paper_corpus | disorder:paper_library | mechanistic:paper_library
1025,10.1002/dta.2222,,,Return of the lysergamides. Part IV: Analytical and pharmacological characterization of lysergic acid morpholide (LSM-775).,2018,Brandt SD; Kavanagh PV; Twamley B; Westphal F; Elliott SP; Wallach J; Stratford A; Klein LM; McCorvy JD; Nichols DE,candidate_paper_corpus | disorder:paper_library | mechanistic:paper_library
1028,10.1523/jneurosci.1939-17.2018,,,Role of the 5-HT(2A) Receptor in Self- and Other-Initiated Social Interaction in Lysergic Acid Diethylamide-Induced States: A Pharmacological fMRI Study.,2018,Preller KH; Schilbach L; Pokorny T; Flemming J; Seifritz E; Vollenweider FX,candidate_paper_corpus | disorder:paper_library | mechanistic:paper_library | mechanistic:stubs
1030,10.1002/ejp.1120,,,Salvinorin A reduces neuropathic nociception in the insular cortex of the rat.,2018,Coffeen U; Canseco-Alba A; Simón-Arceo K; Almanza A; Mercado F; León-Olea M; Pellicer F,candidate_paper_corpus | mechanistic:paper_library
1032,10.1007/164_2018_107,,,Serotonergic Psychedelics: Experimental Approaches for Assessing Mechanisms of Action.,2018,Canal CE,candidate_paper_corpus | disorder:paper_library | mechanistic:paper_library
1033,10.1093/cercor/bhx257,,,Serotonin 2A Receptor Signaling Underlies LSD-induced Alteration of the Neural Response to Dynamic Changes in Music.,2018,Barrett FS; Preller KH; Herdener M; Janata P; Vollenweider FX,candidate_paper_corpus | disorder:paper_library | mechanistic:paper_library | mechanistic:stubs
1035,10.1016/j.neuropharm.2018.06.008,,,Some distorted thoughts about ketamine as a psychedelic and a novel hypothesis based on NMDA receptor-mediated synaptic plasticity.,2018,Ingram R; Kang H; Lightman S; Jane DE; Bortolotto ZA; Collingridge GL; Lodge D; Volianskis A,candidate_paper_corpus | mechanistic:paper_library | mechanistic:stubs
1038,10.2174/1570159x15666170529104323,,,"The Role of Sigma-1 Receptor, an Intracellular Chaperone in Neurodegenerative Diseases.",2018,Penke B; Fulop L; Szucs M; Frecska E,candidate_paper_corpus | disorder:paper_library | mechanistic:paper_library
1039,10.1016/j.neuropharm.2018.05.012,,,The abuse potential of medical psilocybin according to the 8 factors of the Controlled Substances Act.,2018,Johnson MW; Griffiths RR; Hendricks PS; Henningfield JE,candidate_paper_corpus | disorder:paper_library | mechanistic:paper_library
1041,10.1007/s00213-018-5042-1,,,The neuropharmacology of sleep paralysis hallucinations: serotonin 2A activation and a novel therapeutic drug.,2018,Jalal B,candidate_paper_corpus | disorder:paper_library | mechanistic:paper_library | mechanistic:stubs
1042,10.1016/j.neubiorev.2018.02.001,,,The pharmacology of amphetamine and methylphenidate: Relevance to the neurobiology of attention-deficit/hyperactivity disorder and other psychiatric comorbidities.,2018,Faraone SV,candidate_paper_corpus | mechanistic:paper_library
1043,10.1016/j.neuropharm.2018.06.018,,,"The psychostimulant (±)-cis-4,4'-dimethylaminorex (4,4'-DMAR) interacts with human plasmalemmal and vesicular monoamine transporters.",2018,Maier J; Mayer FP; Luethi D; Holy M; Jäntsch K; Reither H; Hirtler L; Hoener MC; Liechti ME; Pifl C,candidate_paper_corpus | mechanistic:curated | mechanistic:paper_library
1047,10.1016/j.ejphar.2017.02.031,,,22-azidosalvinorin A exhibits antidepressant-like effect in mice.,2017,Fajemiroye JO; Prabhakar PR; Cunha LC; Costa EA; Zjawiony JK,candidate_paper_corpus | mechanistic:paper_library
1048,10.1523/eneuro.0285-16.2017,,,A Negative Allosteric Modulator for α5 Subunit-Containing GABA Receptors Exerts a Rapid and Persistent Antidepressant-Like Action without the Side Effects of the NMDA Receptor Antagonist Ketamine in Mice.,2017,Zanos P; Nelson ME; Highland JN; Krimmel SR; Georgiou P; Gould TD; Thompson SM,candidate_paper_corpus | disorder:paper_library | mechanistic:paper_library | mechanistic:stubs
1050,10.3389/fphar.2017.00423,,,A Single Dose of LSD Does Not Alter Gene Expression of the Serotonin 2A Receptor Gene (HTR2A) or Early Growth Response Genes (EGR1-3) in Healthy Subjects.,2017,Dolder PC; Grünblatt E; Müller F; Borgwardt SJ; Liechti ME,candidate_paper_corpus | mechanistic:paper_library | mechanistic:stubs
1051,10.1016/j.phytochem.2017.02.001,,,"A unique natural selective kappa-opioid receptor agonist, salvinorin A, and its roles in human therapeutics.",2017,Cruz A; Domingos S; Gallardo E; Martinho A,candidate_paper_corpus | mechanistic:paper_library | mechanistic:stubs
1053,10.1021/acs.jmedchem.7b00148,,,Addressing Structural Flexibility at the A-Ring on Salvinorin A: Discovery of a Potent Kappa-Opioid Agonist with Enhanced Metabolic Stability.,2017,Sherwood AM; Crowley RS; Paton KF; Biggerstaff A; Neuenswander B; Day VW; Kivell BM; Prisinzano TE,candidate_paper_corpus | mechanistic:paper_library
1055,10.1007/s00213-017-4700-z,,,Alterations in amino acid levels in mouse brain regions after adjunctive treatment of brexpiprazole with fluoxetine: comparison with (R)-ketamine.,2017,Ma M; Ren Q; Fujita Y; Yang C; Dong C; Ohgi Y; Futamura T; Hashimoto K,candidate_paper_corpus | mechanistic:paper_library
1059,10.1016/j.jchemneu.2017.01.004,,,"Atypical dopamine efflux caused by 3,4-methylenedioxypyrovalerone (MDPV) via the human dopamine transporter.",2017,Shekar A; Aguilar JI; Galli G; Cozzi NV; Brandt SD; Ruoho AE; Baumann MH; Matthies HJG; Galli A,candidate_paper_corpus | mechanistic:paper_library
1061,10.1016/j.jpsychires.2016.10.023,,,Case series: Antidepressant effects of low-affinity and low-trapping NMDA receptor antagonists did not predict response to ketamine in seven subjects.,2017,Lepow L; Luckenbaugh DA; Park L; Henter ID; Zarate CA Jr,candidate_paper_corpus | mechanistic:paper_library | mechanistic:stubs
1064,10.1016/j.pnpbp.2016.11.004,,,Combined in vitro and in silico approaches to the assessment of stimulant properties of novel psychoactive substances - The case of the benzofuran 5-MAPB.,2017,Sahai MA; Davidson C; Khelashvili G; Barrese V; Dutta N; Weinstein H; Opacka-Juffry J,candidate_paper_corpus | mechanistic:paper_library
1065,10.1038/s41598-017-16060-7,,,Comparison of (R)-ketamine and lanicemine on depression-like phenotype and abnormal composition of gut microbiota in a social defeat stress model.,2017,Qu Y; Yang C; Ren Q; Ma M; Dong C; Hashimoto K,candidate_paper_corpus | disorder:paper_library | mechanistic:curated | mechanistic:paper_library
1066,10.1016/j.cell.2016.12.033,,,Crystal Structure of an LSD-Bound Human Serotonin Receptor.,2017,Wacker D; Wang S; McCorvy JD; Betz RM; Venkatakrishnan AJ; Levit A; Lansu K; Schools ZL; Che T; Nichols DE,benchmark_manifest | candidate_paper_corpus | mechanistic:paper_library
1068,10.2174/1871527316666170428123248,,,Differential Mechanisms Underlying Antidepressant Responses of Ketamine and Imipramine.,2017,Wei Z; Zhang K; Zhou Q; Huang M; Xu T; Dong J; Zheng Y; Cai X,candidate_paper_corpus | mechanistic:paper_library
1070,10.1074/jbc.m116.762872,,,Dopamine Transporter Amino and Carboxyl Termini Synergistically Contribute to Substrate and Inhibitor Affinities.,2017,Sweeney CG; Tremblay BP; Stockner T; Sitte HH; Melikian HE,candidate_paper_corpus | mechanistic:paper_library
1071,10.1016/j.neuropharm.2017.04.037,,,Dopamine transporter (DAT) genetic hypofunction in mice produces alterations consistent with ADHD but not schizophrenia or bipolar disorder.,2017,Mereu M; Contarini G; Buonaguro EF; Latte G; Managò F; Iasevoli F; de Bartolomeis A; Papaleo F,candidate_paper_corpus | mechanistic:paper_library
1072,10.1074/jbc.m117.787002,,,"Dopamine transporter phosphorylation site threonine 53 is stimulated by amphetamines and regulates dopamine transport, efflux, and cocaine analog binding.",2017,Challasivakanaka S; Zhen J; Smith ME; Reith MEA; Foster JD; Vaughan RA,candidate_paper_corpus | mechanistic:paper_library
1073,10.1007/s00213-017-4610-0,,,Dreamlike effects of LSD on waking imagery in humans depend on serotonin 2A receptor activation.,2017,Kraehenmann R; Pokorny D; Vollenweider L; Preller KH; Pokorny T; Seifritz E; Vollenweider FX,candidate_paper_corpus | mechanistic:paper_library
1074,10.1021/acscentsci.7b00488,,,"Dynamic Strategic Bond Analysis Yields a Ten-Step Synthesis of 20-nor-Salvinorin A, a Potent κ-OR Agonist.",2017,Roach JJ; Sasano Y; Schmid CL; Zaidi S; Katritch V; Stevens RC; Bohn LM; Shenvi RA,candidate_paper_corpus | mechanistic:paper_library
1076,10.1016/j.neuropharm.2016.08.004,,,Ephenidine: A new psychoactive agent with ketamine-like NMDA receptor antagonist properties.,2017,Kang H; Park P; Bortolotto ZA; Brandt SD; Colestock T; Wallach J; Collingridge GL; Lodge D,candidate_paper_corpus | mechanistic:curated | mechanistic:paper_library
1082,10.1177/2470547017743511,,,Hydroxynorketamine: Implications for the NMDA Receptor Hypothesis of Ketamine's Antidepressant Action.,2017,Aleksandrova LR; Wang YT; Phillips AG,candidate_paper_corpus | mechanistic:paper_library
1083,10.1016/j.comppsych.2016.10.012,,,Increase in PAS-induced neuroplasticity after a treatment course of intranasal ketamine for depression. Report of three cases from a placebo-controlled trial.,2017,Gálvez V; Nikolin S; Ho KA; Alonzo A; Somogyi AA; Loo CK,candidate_paper_corpus | disorder:paper_library
1088,10.1007/s12035-016-0231-6,,,Ketamine Self-Administration Reduces the Homeostasis of the Glutamate Synapse in the Rat Brain.,2017,Caffino L; Piva A; Giannotti G; Di Chio M; Mottarlini F; Venniro M; Yew DT; Chiamulera C; Fumagalli F,candidate_paper_corpus | mechanistic:paper_library
1092,10.3892/ol.2017.6806,,,Ketamine suppresses the proliferation of rat C6 glioma cells.,2017,Niwa H; Furukawa KI; Seya K; Hirota K,candidate_paper_corpus | mechanistic:paper_library | mechanistic:stubs
1093,10.3389/fphar.2017.00814,,,LSD Increases Primary Process Thinking via Serotonin 2A Receptor Activation.,2017,Kraehenmann R; Pokorny D; Aicher H; Preller KH; Pokorny T; Bosch OG; Seifritz E; Vollenweider FX,candidate_paper_corpus | disorder:paper_library | mechanistic:paper_library | mechanistic:stubs
1095,10.3109/00952990.2016.1170135,,,Long-term follow-up of psilocybin-facilitated smoking cessation.,2017,Johnson MW; Garcia-Romeu A; Griffiths RR,candidate_paper_corpus | disorder:paper_library | mechanistic:paper_library
1097,10.1016/j.tiv.2017.05.010,,,"Measuring inhibition of monoamine reuptake transporters by new psychoactive substances (NPS) in real-time using a high-throughput, fluorescence-based assay.",2017,Zwartsen A; Verboven AHA; van Kleef RGDM; Wijnolts FMJ; Westerink RHS; Hondebrink L,candidate_paper_corpus | mechanistic:paper_library | mechanistic:stubs
1098,10.1016/j.neubiorev.2017.07.002,,,Mechanisms of action and clinical efficacy of NMDA receptor modulators in mood disorders.,2017,Ghasemi M; Phillips C; Fahimi A; McNerney MW; Salehi A,candidate_paper_corpus | mechanistic:paper_library
1099,10.1523/jneurosci.1173-17.2017,,,Memantine and Ketamine Differentially Alter NMDA Receptor Desensitization.,2017,Glasgow NG; Povysheva NV; Azofeifa AM; Johnson JW,candidate_paper_corpus | mechanistic:curated | mechanistic:paper_library
1101,10.1016/j.biopsych.2017.03.011,,,Motor-Activity Markers of Circadian Timekeeping Are Related to Ketamine's Rapid Antidepressant Properties.,2017,Duncan WC Jr; Slonena E; Hejazi NS; Brutsche N; Yu KC; Park L; Ballard ED; Zarate CA Jr,candidate_paper_corpus | disorder:paper_library
1102,10.1155/2017/4605971,,,New Treatment Strategies of Depression: Based on Mechanisms Related to Neuroplasticity.,2017,Huang YJ; Lane HY; Lin CH,candidate_paper_corpus | disorder:paper_library
1103,10.1016/j.pneurobio.2015.12.001,,,New targets for rapid antidepressant action.,2017,Machado-Vieira R; Henter ID; Zarate CA Jr,candidate_paper_corpus | mechanistic:paper_library
1105,10.1074/jbc.m117.797092,,,Pharmacochaperoning in a Drosophila model system rescues human dopamine transporter variants associated with infantile/juvenile parkinsonism.,2017,Asjad HMM; Kasture A; El-Kasaby A; Sackel M; Hummel T; Freissmuth M; Sucic S,candidate_paper_corpus | disorder:paper_library | mechanistic:curated | mechanistic:paper_library
1107,10.1007/s12640-017-9761-6,,,"Progression and Persistence of Neurotoxicity Induced by MDMA in Dopaminergic Regions of the Mouse Brain and Association with Noradrenergic, GABAergic, and Serotonergic Damage.",2017,Costa G; Morelli M; Simola N,candidate_paper_corpus | mechanistic:paper_library
1108,10.3389/fpsyt.2017.00130,,,"Psychostimulant Effect of the Synthetic Cannabinoid JWH-018 and AKB48: Behavioral, Neurochemical, and Dopamine Transporter Scan Imaging Studies in Mice.",2017,Ossato A; Uccelli L; Bilel S; Canazza I; Di Domenico G; Pasquali M; Pupillo G; De Luca MA; Boschi A; Vincenzi F,candidate_paper_corpus | mechanistic:paper_library
1110,10.1016/j.biopsych.2016.06.019,,,Role of N-Methyl-D-Aspartate Receptors in Action-Based Predictive Coding Deficits in Schizophrenia.,2017,Kort NS; Ford JM; Roach BJ; Gunduz-Bruce H; Krystal JH; Jaeger J; Reinhart RM; Mathalon DH,candidate_paper_corpus | mechanistic:paper_library
1111,10.1021/acs.jnatprod.7b00327,,,"Semisynthesis and Kappa-Opioid Receptor Activity of Derivatives of Columbin, a Furanolactone Diterpene.",2017,Yilmaz A; Crowley RS; Sherwood AM; Prisinzano TE,candidate_paper_corpus | mechanistic:paper_library | mechanistic:stubs
1112,10.1016/j.ejphar.2017.09.011,,,Serotonin 2A receptor disulfide bridge integrity is crucial for ligand binding to different signalling states but not for its homodimerization.,2017,Iglesias A; Cimadevila M; la Fuente RA; Martí-Solano M; Cadavid MI; Castro M; Selent J; Loza MI; Brea J,candidate_paper_corpus | mechanistic:paper_library
1113,10.1016/j.neubiorev.2017.03.007,,,"Serotonin and neuroplasticity - Links between molecular, functional and structural pathophysiology in depression.",2017,Kraus C; Castrén E; Kasper S; Lanzenberger R,candidate_paper_corpus | disorder:paper_library
1117,10.1021/acs.orglett.7b02177,,,Synthesis and N-Methyl-d-aspartate (NMDA) Receptor Activity of Ketamine Metabolites.,2017,Morris PJ; Moaddel R; Zanos P; Moore CE; Gould TD; Zarate CA Jr; Thomas CJ,candidate_paper_corpus | mechanistic:paper_library | mechanistic:stubs
1121,10.1016/j.cub.2016.12.030,,,The Fabric of Meaning and Subjective Effects in LSD-Induced States Depend on Serotonin 2A Receptor Activation.,2017,Preller KH; Herdener M; Pokorny T; Planzer A; Kraehenmann R; Stämpfli P; Liechti ME; Seifritz E; Vollenweider FX,candidate_paper_corpus | mechanistic:paper_library
1123,10.1093/cercor/bhw168,,,The N-Methyl d-Aspartate Glutamate Receptor Antagonist Ketamine Disrupts the Functional State of the Corticothalamic Pathway.,2017,Anderson PM; Jones NC; O'Brien TJ; Pinault D,candidate_paper_corpus | mechanistic:paper_library
1124,10.1007/978-3-319-50174-1_17,,,The Sigma-1 Receptor-A Therapeutic Target for the Treatment of ALS?,2017,Mavlyutov TA; Baker EM; Losenegger TM; Kim JR; Torres B; Epstein ML; Ruoho AE,candidate_paper_corpus | mechanistic:paper_library
1125,10.1002/ejp.1002,,,The analgesic and anti-inflammatory effects of Salvinorin A analogue β-tetrahydropyran Salvinorin B in mice.,2017,Paton KF; Kumar N; Crowley RS; Harper JL; Prisinzano TE; Kivell BM,candidate_paper_corpus | mechanistic:paper_library
1126,10.1016/j.mehy.2017.01.013,,,The fibrinolytic system: A new target for treatment of depression with psychedelics.,2017,Idell RD; Florova G; Komissarov AA; Shetty S; Girard RB; Idell S,candidate_paper_corpus | mechanistic:paper_library
1128,10.2174/1570159x14666160321123221,,,Therapeutic Modulation of Glutamate Receptors in Major Depressive Disorder.,2017,Jaso BA; Niciu MJ; Iadarola ND; Lally N; Richards EM; Park M; Ballard ED; Nugent AC; Machado-Vieira R; Zarate CA,candidate_paper_corpus | mechanistic:paper_library | mechanistic:stubs
1134,10.1016/j.ejphar.2016.05.029,,,"A single dose of vortioxetine, but not ketamine or fluoxetine, increases plasticity-related gene expression in the rat frontal cortex.",2016,du Jardin KG; Müller HK; Sanchez C; Wegener G; Elfving B,candidate_paper_corpus | disorder:paper_library
1136,10.1111/jne.12374,,,Acute Effects of Lysergic Acid Diethylamide on Circulating Steroid Levels in Healthy Subjects.,2016,Strajhar P; Schmid Y; Liakoni E; Dolder PC; Rentsch KM; Kratschmar DV; Odermatt A; Liechti ME,candidate_paper_corpus | mechanistic:paper_library | mechanistic:stubs
1140,10.1017/s1092852914000686,,,Ameliorating treatment-refractory depression with intranasal ketamine: potential NMDA receptor actions in the pain circuitry representing mental anguish.,2016,Opler LA; Opler MG; Arnsten AF,candidate_paper_corpus | mechanistic:paper_library | mechanistic:stubs
1141,10.4137/jen.s40231,,,Amphetamine Withdrawal Differentially Increases the Expression of Organic Cation Transporter 3 and Serotonin Transporter in Limbic Brain Regions.,2016,Solanki RR; Scholl JL; Watt MJ; Renner KJ; Forster GL,candidate_paper_corpus | mechanistic:paper_library
1142,10.1016/j.jad.2016.01.009,,,"An assessment of the anti-fatigue effects of ketamine from a double-blind, placebo-controlled, crossover study in bipolar disorder.",2016,Saligan LN; Luckenbaugh DA; Slonena EE; Machado-Vieira R; Zarate CA Jr,candidate_paper_corpus | disorder:paper_library | mechanistic:paper_library
1148,10.1016/j.pbb.2016.01.005,,,"Behavioral and pharmacokinetic interactions between monoamine oxidase inhibitors and the hallucinogen 5-methoxy-N,N-dimethyltryptamine.",2016,Halberstadt AL,candidate_paper_corpus | mechanistic:paper_library
1149,10.1073/pnas.1521825113,,,Collybolide is a novel biased agonist of κ-opioid receptors with potent antipruritic activity.,2016,Gupta A; Gomes I; Bobeck EN; Fakira AK; Massaro NP; Sharma I; Cavé A; Hamm HE; Parello J; Devi LA,candidate_paper_corpus | mechanistic:paper_library
1150,10.1007/s00213-016-4399-2,,,Comparison of R-ketamine and rapastinel antidepressant effects in the social defeat stress model of depression.,2016,Yang B; Zhang JC; Han M; Yao W; Yang C; Ren Q; Ma M; Chen QX; Hashimoto K,candidate_paper_corpus | mechanistic:paper_library
1154,10.1016/j.neuropharm.2016.03.038,,,Effect of 5-HT2A and 5-HT2C receptors on temporal discrimination by mice.,2016,Halberstadt AL; Sindhunata IS; Scheffers K; Flynn AD; Sharp RF; Geyer MA; Young JW,candidate_paper_corpus | mechanistic:paper_library
1159,10.1074/jbc.m116.737551,,,Functional Rescue of a Misfolded Drosophila melanogaster Dopamine Transporter Mutant Associated with a Sleepless Phenotype by Pharmacological Chaperones.,2016,Kasture A; El-Kasaby A; Szöllősi D; Asjad HMM; Grimm A; Stockner T; Hummel T; Freissmuth M; Sucic S,candidate_paper_corpus | mechanistic:paper_library | mechanistic:stubs
1163,10.1016/j.brainres.2016.02.024,,,Highly selective non-opioid kappa opioid receptor (KOR) agonist salvinorin A protects against forebrain ischemia-induced brain injury in rats.,2016,Xin J; Zhang Y; He Z; Wang Z,candidate_paper_corpus | mechanistic:paper_library | mechanistic:stubs
1164,10.1016/j.cub.2016.02.010,,,Increased Global Functional Connectivity Correlates with LSD-Induced Ego Dissolution.,2016,Tagliazucchi E; Roseman L; Kaelen M; Orban C; Muthukumaraswamy SD; Murphy K; Laufs H; Leech R; McGonigle J; Crossley N,candidate_paper_corpus | mechanistic:paper_library
1166,10.1016/j.euroneuro.2016.03.012,,,Inhibition of alpha oscillations through serotonin-2A receptor activation underlies the visual effects of ayahuasca in humans.,2016,Valle M; Maqueda AE; Rabella M; Rodríguez-Pujadas A; Antonijoan RM; Romero S; Alonso JF; Mañanas MÀ; Barker S; Friedlander P,candidate_paper_corpus | mechanistic:paper_library | mechanistic:stubs
1167,10.1016/j.neuro.2015.11.009,,,"Involvement of autophagy upregulation in 3,4-methylenedioxymethamphetamine ('ecstasy')-induced serotonergic neurotoxicity.",2016,Li IH; Ma KH; Kao TJ; Lin YY; Weng SJ; Yen TY; Chen LC; Huang YS,candidate_paper_corpus | mechanistic:paper_library
1168,10.2174/1570159x13666150727220944,,,"Kappa Opioids, Salvinorin A and Major Depressive Disorder.",2016,Taylor GT; Manzella F,candidate_paper_corpus | mechanistic:paper_library | mechanistic:stubs
1170,10.1080/14728222.2016.1238899,,,Ketamine's antidepressant action: beyond NMDA receptor inhibition.,2016,Hashimoto K,candidate_paper_corpus | mechanistic:paper_library | mechanistic:stubs
1174,10.1038/ncomms10652,,,Mechanisms of amphetamine action illuminated through optical monitoring of dopamine synaptic vesicles in Drosophila brain.,2016,Freyberg Z; Sonders MS; Aguilar JI; Hiranita T; Karam CS; Flores J; Pizzo AB; Zhang Y; Farino ZJ; Chen A,candidate_paper_corpus | mechanistic:paper_library
1175,10.1016/j.pharep.2016.01.008,,,"Modification of 5-methoxy-N,N-dimethyltryptamine-induced hyperactivity by monoamine oxidase A inhibitor harmaline in mice and the underlying serotonergic mechanisms.",2016,Jiang XL; Shen HW; Yu AM,candidate_paper_corpus | mechanistic:paper_library
1176,10.1016/j.euroneuro.2016.01.005,,,Modulatory effect of the 5-HT1A agonist buspirone and the mixed non-hallucinogenic 5-HT1A/2A agonist ergotamine on psilocybin-induced psychedelic experience.,2016,Pokorny T; Preller KH; Kraehenmann R; Vollenweider FX,candidate_paper_corpus | mechanistic:paper_library
1177,10.1016/j.phrs.2016.04.028,,,Molecular mechanisms of serotonergic action of the HIV-1 antiretroviral efavirenz.,2016,Dalwadi DA; Kim S; Amdani SM; Chen Z; Huang RQ; Schetz JA,candidate_paper_corpus | mechanistic:paper_library
1178,10.1016/j.pnpbp.2016.06.002,,,"N,N-dimethylglycine differentially modulates psychotomimetic and antidepressant-like effects of ketamine in mice.",2016,Lin JC; Chan MH; Lee MY; Chen YC; Chen HH,candidate_paper_corpus | mechanistic:paper_library
1179,10.1038/nature17998,,,NMDAR inhibition-independent antidepressant actions of ketamine metabolites.,2016,Zanos P; Moaddel R; Morris PJ; Georgiou P; Fischell J; Elmer GI; Alkondon M; Yuan P; Pribut HJ; Singh NS,candidate_paper_corpus | mechanistic:paper_library | mechanistic:stubs
1180,10.1093/ijnp/pyw016,,,"Naltrexone but Not Ketanserin Antagonizes the Subjective, Cardiovascular, and Neuroendocrine Effects of Salvinorin-A in Humans.",2016,Maqueda AE; Valle M; Addy PH; Antonijoan RM; Puntes M; Coimbra J; Ballester MR; Garrido M; González M; Claramunt J,candidate_paper_corpus | mechanistic:paper_library | mechanistic:stubs
1182,10.3389/fnmol.2016.00169,,,ON or OFF?: Modulating the N-Methyl-D-Aspartate Receptor in Major Depression.,2016,Chan SY; Matthews E; Burnet PW,candidate_paper_corpus | mechanistic:paper_library | mechanistic:stubs
1188,10.1016/j.bmcl.2015.12.053,,,"Receptor binding profiles and quantitative structure-affinity relationships of some 5-substituted-N,N-diallyltryptamines.",2016,Cozzi NV; Daley PF,candidate_paper_corpus | mechanistic:paper_library
1189,10.1016/j.euroneuro.2016.05.001,,,Receptor interaction profiles of novel psychoactive tryptamines compared with classic hallucinogens.,2016,Rickli A; Moning OD; Hoener MC; Liechti ME,benchmark_manifest | candidate_paper_corpus | mechanistic:paper_library
1192,10.1038/npp.2015.226,,,Relative Timing Between Kappa Opioid Receptor Activation and Cocaine Determines the Impact on Reward and Dopamine Release.,2016,Chartoff EH; Ebner SR; Sparrow A; Potter D; Baker PM; Ragozzino ME; Roitman MF,candidate_paper_corpus | mechanistic:paper_library
1193,10.1002/dta.1884,,,Return of the lysergamides. Part I: Analytical and behavioural characterization of 1-propionyl-d-lysergic acid diethylamide (1P-LSD).,2016,Brandt SD; Kavanagh PV; Westphal F; Stratford A; Elliott SP; Hoang K; Wallach J; Halberstadt AL,candidate_paper_corpus | disorder:paper_library | mechanistic:paper_library | mechanistic:stubs
1194,10.1007/s12264-016-0081-2,,,Risks Associated with Misuse of Ketamine as a Rapid-Acting Antidepressant.,2016,Zhu W; Ding Z; Zhang Y; Shi J; Hashimoto K; Lu L,candidate_paper_corpus | disorder:paper_library | mechanistic:paper_library
1195,10.1016/j.pnpbp.2016.03.009,,,Role of glutamate receptors and glial cells in the pathophysiology of treatment-resistant depression.,2016,Kim YK; Na KS,candidate_paper_corpus | mechanistic:paper_library
1196,10.4103/1673-5374.191222,,,Serotonin regulates brain-derived neurotrophic factor expression in select brain regions during acute psychological stress.,2016,Jiang DG; Jin SL; Li GY; Li QQ; Li ZR; Ma HX; Zhuo CJ; Jiang RH; Ye MJ,candidate_paper_corpus | mechanistic:paper_library
1197,10.1097/fbp.0000000000000198,,,Sex differences and serotonergic mechanisms in the behavioural effects of psilocin.,2016,Tylš F; Páleníček T; Kadeřábek L; Lipski M; Kubešová A; Horáček J,candidate_paper_corpus | mechanistic:paper_library | mechanistic:stubs
1198,10.1017/s0033291716000064,,,"Single-dose infusion ketamine and non-ketamine N-methyl-d-aspartate receptor antagonists for unipolar and bipolar depression: a meta-analysis of efficacy, safety and time trajectories.",2016,Kishimoto T; Chawla JM; Hagi K; Zarate CA; Kane JM; Bauer M; Correll CU,candidate_paper_corpus | disorder:paper_library | disorder:stubs | mechanistic:paper_library | mechanistic:stubs
1202,10.1038/npp.2015.220,,,The Aversive Agent Lithium Chloride Suppresses Phasic Dopamine Release Through Central GLP-1 Receptors.,2016,Fortin SM; Chartoff EH; Roitman MF,candidate_paper_corpus | mechanistic:paper_library
1203,10.1523/jneurosci.1203-16.2016,,,The Role of GluN2C-Containing NMDA Receptors in Ketamine's Psychotogenic Action and in Schizophrenia Models.,2016,Khlestova E; Johnson JW; Krystal JH; Lisman J,candidate_paper_corpus | mechanistic:paper_library | mechanistic:stubs
1204,10.1097/ccm.0000000000001959,,,The Role of κ Opioid Receptor in Brain Ischemia.,2016,Chen C; Xi C; Liang X; Ma J; Su D; Abel T; Liu R,candidate_paper_corpus | mechanistic:paper_library
1206,10.1016/j.pbb.2016.07.001,,,The effect of the sigma-1 receptor selective compound LS-1-137 on the DOI-induced head twitch response in mice.,2016,Malik M; Rangel-Barajas C; Mach RH; Luedtke RR,candidate_paper_corpus | mechanistic:paper_library | mechanistic:stubs
1207,10.1016/j.bcp.2016.09.006,,,"The external gate of the human and Drosophila serotonin transporters requires a basic/acidic amino acid pair for 3,4-methylenedioxymethamphetamine (MDMA) translocation and the induction of substrate efflux.",2016,Sealover NR; Felts B; Kuntz CP; Jarrard RE; Hockerman GH; Lamb PW; Barker EL; Henry LK,candidate_paper_corpus | disorder:paper_library | mechanistic:paper_library
1209,10.1016/j.neuropharm.2015.09.004,,,The new psychoactive substances 5-(2-aminopropyl)indole (5-IT) and 6-(2-aminopropyl)indole (6-IT) interact with monoamine transporters in brain tissue.,2016,Marusich JA; Antonazzo KR; Blough BE; Brandt SD; Kavanagh PV; Partilla JS; Baumann MH,candidate_paper_corpus | mechanistic:paper_library
1210,10.1007/s00213-016-4203-3,,,The novel ketamine analog methoxetamine produces dissociative-like behavioral effects in rodents.,2016,Halberstadt AL; Slepak N; Hyun J; Buell MR; Powell SB,candidate_paper_corpus | mechanistic:paper_library
1211,10.1016/j.neuropharm.2015.07.028,,,Two cellular hypotheses explaining the initiation of ketamine's antidepressant actions: Direct inhibition and disinhibition.,2016,Miller OH; Moran JT; Hall BJ,candidate_paper_corpus | mechanistic:paper_library
1213,10.29245/2572.942x/2016/9.1098,,,When transporters fail to be transported: how to rescue folding-deficient SLC6 transporters.,2016,Sucic S; Kasture A; Mazhar Asjad HM; Kern C; El-Kasaby A; Freissmuth M,candidate_paper_corpus | mechanistic:paper_library | mechanistic:stubs
1216,10.1111/jnc.13048,,,"3,4-Methylenedioxypyrovalerone prevents while methylone enhances methamphetamine-induced damage to dopamine nerve endings: β-ketoamphetamine modulation of neurotoxicity by the dopamine transporter.",2015,Anneken JH; Angoa-Pérez M; Kuhn DM,candidate_paper_corpus | mechanistic:paper_library | mechanistic:stubs
1217,10.1088/1741-2560/12/5/056006,,,A PK-PD model of ketamine-induced high-frequency oscillations.,2015,Flores FJ; Ching S; Hartnack K; Fath AB; Purdon PL; Wilson MA; Brown EN,candidate_paper_corpus | mechanistic:paper_library
1219,10.1074/jbc.m115.641357,,,A salt bridge linking the first intracellular loop with the C terminus facilitates the folding of the serotonin transporter.,2015,Koban F; El-Kasaby A; Häusler C; Stockner T; Simbrunner BM; Sitte HH; Freissmuth M; Sucic S,candidate_paper_corpus | mechanistic:paper_library | mechanistic:stubs
1223,10.1523/jneurosci.4034-14.2015,,,Amphetamine action at the cocaine- and antidepressant-sensitive serotonin transporter is modulated by αCaMKII.,2015,Steinkellner T; Montgomery TR; Hofmaier T; Kudlacek O; Yang JW; Rickhag M; Jung G; Lubec G; Gether U; Freissmuth M,benchmark_manifest | candidate_paper_corpus | mechanistic:curated | mechanistic:paper_library | mechanistic:stubs
1225,10.1016/j.ceca.2015.06.013,,,Amphetamine activates calcium channels through dopamine transporter-mediated depolarization.,2015,Cameron KN; Solis E Jr; Ruchala I; De Felice LJ; Eltit JM,candidate_paper_corpus | mechanistic:paper_library
1231,10.3389/fphar.2015.00285,,,"Corrigendum: Salvinorin A, a kappa-opioid receptor agonist hallucinogen: pharmacology and potential template for novel pharmacotherapeutic agents in neuropsychiatric disorders.",2015,Butelman ER; Kreek MJ,candidate_paper_corpus | mechanistic:paper_library | mechanistic:stubs
1239,10.1186/s12871-015-0076-y,,,"Effects of ketamine, s-ketamine, and MK 801 on proliferation, apoptosis, and necrosis in pancreatic cancer cells.",2015,Malsy M; Gebhardt K; Gruber M; Wiese C; Graf B; Bundscherer A,candidate_paper_corpus | mechanistic:paper_library
1240,10.1021/acschemneuro.5b00033,,,Epigenetic Mechanisms of Serotonin Signaling.,2015,Holloway T; González-Maeso J,candidate_paper_corpus | mechanistic:paper_library
1242,10.1124/jpet.115.225896,,,Functional selectivity of kappa opioid receptor agonists in peripheral sensory neurons.,2015,Jamshidi RJ; Jacobs BA; Sullivan LC; Chavera TA; Saylor RM; Prisinzano TE; Clarke WP; Berg KA,candidate_paper_corpus | mechanistic:paper_library
1243,10.1155/2015/846589,,,Genotype-Dependent Difference in 5-HT2C Receptor-Induced Hypolocomotion: Comparison with 5-HT2A Receptor Functional Activity.,2015,Bazovkina DV; Kondaurova EM; Naumenko VS; Ponimaskin E,candidate_paper_corpus | mechanistic:paper_library | mechanistic:stubs
1245,10.1007/s00213-014-3739-3,,,"Hallucinogen-like effects of 2-([2-(4-cyano-2,5-dimethoxyphenyl) ethylamino]methyl)phenol (25CN-NBOH), a novel N-benzylphenethylamine with 100-fold selectivity for 5-HT₂A receptors, in mice.",2015,Fantegrossi WE; Gray BW; Bailey JM; Smith DA; Hansen M; Kristensen JL,candidate_paper_corpus | mechanistic:paper_library
1246,10.1038/npp.2015.159,,,"Immediate and Persistent Effects of Salvinorin A on the Kappa Opioid Receptor in Rodents, Monitored In Vivo with PET.",2015,Placzek MS; Van de Bittner GC; Wey HY; Lukas SE; Hooker JM,candidate_paper_corpus | mechanistic:paper_library | mechanistic:stubs
1247,10.1016/j.biopsych.2014.06.024,,,In vivo ketamine-induced changes in [¹¹C]ABP688 binding to metabotropic glutamate receptor subtype 5.,2015,DeLorenzo C; DellaGioia N; Bloch M; Sanacora G; Nabulsi N; Abdallah C; Yang J; Wen R; Mann JJ; Krystal JH,candidate_paper_corpus | mechanistic:paper_library
1248,10.3389/fneur.2015.00134,,,"Insights into the Modulation of Dopamine Transporter Function by Amphetamine, Orphenadrine, and Cocaine Binding.",2015,Cheng MH; Block E; Hu F; Cobanoglu MC; Sorkin A; Bahar I,candidate_paper_corpus | mechanistic:paper_library
1249,10.1016/j.ejphar.2015.05.054,,,Intrinsic relative activities of κ opioid agonists in activating Gα proteins and internalizing receptor: Differences between human and mouse receptors.,2015,DiMattio KM; Ehlert FJ; Liu-Chen LY,candidate_paper_corpus | mechanistic:paper_library
1250,10.1093/schbul/sbv051,,,Ketamine Dysregulates the Amplitude and Connectivity of High-Frequency Oscillations in Cortical-Subcortical Networks in Humans: Evidence From Resting-State Magnetoencephalography-Recordings.,2015,Rivolta D; Heidegger T; Scheller B; Sauer A; Schaum M; Birkner K; Singer W; Wibral M; Uhlhaas PJ,candidate_paper_corpus | mechanistic:paper_library
1251,10.1146/annurev-med-053013-062946,,,Ketamine and rapid-acting antidepressants: a window into a new neurobiology for mood disorder therapeutics.,2015,Abdallah CG; Sanacora G; Duman RS; Krystal JH,candidate_paper_corpus | disorder:paper_library
1252,10.1016/j.phrs.2015.05.003,,,Ketamine and suicidal ideation in depression: Jumping the gun?,2015,Rajkumar R; Fam J; Yeo EY; Dawe GS,candidate_paper_corpus | disorder:curated | disorder:paper_library | mechanistic:paper_library
1253,10.1007/s00213-015-3951-9,,,Ketamine induces a robust whole-brain connectivity pattern that can be differentially modulated by drugs of different mechanism and clinical profile.,2015,Joules R; Doyle OM; Schwarz AJ; O'Daly OG; Brammer M; Williams SC; Mehta MA,candidate_paper_corpus | mechanistic:paper_library
1255,10.1002/dta.1685,,,"Metabolism and urinary disposition of N,N-dimethyltryptamine after oral and smoked administration: a comparative study.",2015,Riba J; McIlhenny EH; Bouso JC; Barker SA,candidate_paper_corpus | mechanistic:paper_library | mechanistic:stubs
1256,10.1016/j.euroneuro.2014.12.012,,,Monoamine transporter and receptor interaction profiles of novel psychoactive substances: para-halogenated amphetamines and pyrovalerone cathinones.,2015,Rickli A; Hoener MC; Liechti ME,candidate_paper_corpus | mechanistic:paper_library
1258,10.1016/j.bbr.2015.03.023,,,NMDA receptor subunits and associated signaling molecules mediating antidepressant-related effects of NMDA-GluN2B antagonism.,2015,Kiselycznyk C; Jury NJ; Halladay LR; Nakazawa K; Mishina M; Sprengel R; Grant SG; Svenningsson P; Holmes A,candidate_paper_corpus | mechanistic:paper_library
1259,10.1016/j.neuropharm.2015.07.018,,,Neurovascular and neuroimaging effects of the hallucinogenic serotonin receptor agonist psilocin in the rat brain.,2015,Spain A; Howarth C; Khrapitchev AA; Sharp T; Sibson NR; Martin C,candidate_paper_corpus | mechanistic:paper_library
1260,10.1016/j.neuropharm.2015.08.032,,,Noribogaine is a G-protein biased κ-opioid receptor agonist.,2015,Maillet EL; Milon N; Heghinian MD; Fishback J; Schürer SC; Garamszegi N; Mash DC,candidate_paper_corpus | mechanistic:paper_library
1261,10.1021/acs.jmedchem.5b01214,,,"Novel Potent N-Methyl-d-aspartate (NMDA) Receptor Antagonists or σ1 Receptor Ligands Based on Properly Substituted 1,4-Dioxane Ring.",2015,Bonifazi A; Del Bello F; Mammoli V; Piergentili A; Petrelli R; Cimarelli C; Pellei M; Schepmann D; Wünsch B; Barocelli E,candidate_paper_corpus | mechanistic:paper_library | mechanistic:stubs
1262,10.1111/bph.12692,,,"Pharmacology and anti-addiction effects of the novel κ opioid receptor agonist Mesyl Sal B, a potent and long-acting analogue of salvinorin A.",2015,Simonson B; Morani AS; Ewald AW; Walker L; Kumar N; Simpson D; Miller JH; Prisinzano TE; Kivell BM,candidate_paper_corpus | mechanistic:paper_library
1264,10.1016/j.bbamem.2014.08.022,,,Potential applications for sigma receptor ligands in cancer diagnosis and therapy.,2015,van Waarde A; Rybczynska AA; Ramakrishnan NK; Ishiwata K; Elsinga PH; Dierckx RA,candidate_paper_corpus | mechanistic:paper_library
1266,10.1016/j.neuropharm.2014.10.013,,,"Potentiation of 5-methoxy-N,N-dimethyltryptamine-induced hyperthermia by harmaline and the involvement of activation of 5-HT1A and 5-HT2A receptors.",2015,Jiang XL; Shen HW; Yu AM,candidate_paper_corpus | mechanistic:paper_library | mechanistic:stubs
1268,10.3389/fimmu.2015.00358,,,Psychedelics and Immunomodulation: Novel Approaches and Therapeutic Opportunities.,2015,Szabo A,candidate_paper_corpus | disorder:paper_library | mechanistic:paper_library | mechanistic:stubs
1269,10.1038/tp.2015.136,,,R-ketamine: a rapid-onset and sustained antidepressant without psychotomimetic side effects.,2015,Yang C; Shirayama Y; Zhang JC; Ren Q; Yao W; Ma M; Dong C; Hashimoto K,candidate_paper_corpus | mechanistic:paper_library
1271,10.1016/j.neuropharm.2015.08.034,,,"Receptor interaction profiles of novel N-2-methoxybenzyl (NBOMe) derivatives of 2,5-dimethoxy-substituted phenethylamines (2C drugs).",2015,Rickli A; Luethi D; Reinisch J; Buchy D; Hoener MC; Liechti ME,candidate_paper_corpus | mechanistic:paper_library
1273,10.1177/1535370214549531,,,Repeated ketamine administration alters N-methyl-D-aspartic acid receptor subunit gene expression: implication of genetic vulnerability for ketamine abuse and ketamine psychosis in humans.,2015,Xu K; Lipsky RH,candidate_paper_corpus | mechanistic:paper_library | mechanistic:stubs
1276,10.1111/bph.13212,,,Salvinorin A analogues PR-37 and PR-38 attenuate compound 48/80-induced itch responses in mice.,2015,Salaga M; Polepally PR; Zielinska M; Marynowski M; Fabisiak A; Murawska N; Sobczak K; Sacharczuk M; Do Rego JC; Roth BL,candidate_paper_corpus | mechanistic:paper_library
1277,10.3389/fphar.2015.00190,,,"Salvinorin A, a kappa-opioid receptor agonist hallucinogen: pharmacology and potential template for novel pharmacotherapeutic agents in neuropsychiatric disorders.",2015,Butelman ER; Kreek MJ,candidate_paper_corpus | mechanistic:paper_library | mechanistic:stubs
1278,10.1093/ijnp/pyv065,,,"Salvinorin-A Induces Intense Dissociative Effects, Blocking External Sensory Perception and Modulating Interoception and Sense of Body Ownership in Humans.",2015,Maqueda AE; Valle M; Addy PH; Antonijoan RM; Puntes M; Coimbra J; Ballester MR; Garrido M; González M; Claramunt J,candidate_paper_corpus | mechanistic:paper_library | mechanistic:stubs
1279,10.1038/npp.2014.210,,,Selective augmentation of striatal functional connectivity following NMDA receptor antagonism: implications for psychosis.,2015,Dandash O; Harrison BJ; Adapa R; Gaillard R; Giorlando F; Wood SJ; Fletcher PC; Fornito A,candidate_paper_corpus | mechanistic:paper_library
1282,10.1016/j.jad.2014.09.015,,,Shank3 as a potential biomarker of antidepressant response to ketamine and its neural correlates in bipolar depression.,2015,Ortiz R; Niciu MJ; Lukkahati N; Saligan LN; Nugent AC; Luckenbaugh DA; Machado-Vieira R; Zarate CA Jr,candidate_paper_corpus | disorder:paper_library
1283,10.1021/cn500202c,,,Single-quantum-dot tracking reveals altered membrane dynamics of an attention-deficit/hyperactivity-disorder-derived dopamine transporter coding variant.,2015,Kovtun O; Sakrikar D; Tomlinson ID; Chang JC; Arzeta-Ferrer X; Blakely RD; Rosenthal SJ,candidate_paper_corpus | mechanistic:paper_library
1286,10.1155/2015/483942,,,Study on the Antinociceptive Effects of Herba Epimedium in Mice.,2015,Sun JH; Ruan XJ; Wang LN; Liang S; Li XP,candidate_paper_corpus | mechanistic:paper_library | mechanistic:stubs
1287,10.1016/j.bmcl.2015.06.092,,,Synthesis and biological evaluation of 2-alkyl-2-methoxymethyl-salvinorin ethers as selective κ-opioid receptor agonists.,2015,Lee DY; Deng G; Ma Z; Xu W; Yang L; Liu J; Dai R; Liu-Chen LY,candidate_paper_corpus | mechanistic:paper_library
1288,10.1002/dta.1732,,,"Synthesis, characterization, and monoamine transporter activity of the new psychoactive substance 3',4'-methylenedioxy-4-methylaminorex (MDMAR).",2015,McLaughlin G; Morris N; Kavanagh PV; Power JD; Twamley B; O'Brien J; Talbot B; Dowling G; Mahony O; Brandt SD,candidate_paper_corpus | mechanistic:curated | mechanistic:paper_library
1289,10.1124/jpet.115.225664,,,"The Prodrug 4-Chlorokynurenine Causes Ketamine-Like Antidepressant Effects, but Not Side Effects, by NMDA/GlycineB-Site Inhibition.",2015,Zanos P; Piantadosi SC; Wu HQ; Pribut HJ; Dell MJ; Can A; Snodgrass HR; Zarate CA Jr; Schwarcz R; Gould TD,candidate_paper_corpus | mechanistic:paper_library | mechanistic:stubs
1293,10.1016/j.ejphar.2015.03.004,,,"The profile of mephedrone on human monoamine transporters differs from 3,4-methylenedioxymethamphetamine primarily by lower potency at the vesicular monoamine transporter.",2015,Pifl C; Reither H; Hornykiewicz O,candidate_paper_corpus | mechanistic:paper_library
1294,10.1007/s00213-014-3658-3,,,"The role of 5-HT2A, 5-HT 2C and mGlu2 receptors in the behavioral effects of tryptamine hallucinogens N,N-dimethyltryptamine and N,N-diisopropyltryptamine in rats and mice.",2015,Carbonaro TM; Eshleman AJ; Forster MJ; Cheng K; Rice KC; Gatch MB,candidate_paper_corpus | disorder:paper_library | mechanistic:paper_library | mechanistic:stubs
1296,10.1016/j.bbr.2014.12.014,,,Tolerance to LSD and DOB induced shaking behaviour: differential adaptations of frontocortical 5-HT(2A) and glutamate receptor binding sites.,2015,Buchborn T; Schröder H; Dieterich DC; Grecksch G; Höllt V,candidate_paper_corpus | mechanistic:paper_library | mechanistic:stubs
1297,10.1093/toxsci/kfu222,,,"Vesicular monoamine transporter 2 and the acute and long-term response to 3,4-(±)-methylenedioxymethamphetamine.",2015,Lizarraga LE; Cholanians AB; Phan AV; Herndon JM; Lau SS; Monks TJ,candidate_paper_corpus | mechanistic:paper_library | mechanistic:stubs
1298,10.1016/j.brainres.2014.11.062,,,µ- and κ-Opioid receptor activation in the dorsal periaqueductal grey matter differentially modulates panic-like behaviours induced by electrical and chemical stimulation of the inferior colliculus.,2015,Twardowschy A; Coimbra NC,candidate_paper_corpus | mechanistic:paper_library
1299,10.1155/2014/734749,,,"25C-NBOMe: preliminary data on pharmacology, psychoactive effects, and toxicity of a new potent and dangerous hallucinogenic drug.",2014,Bersani FS; Corazza O; Albano G; Valeriani G; Santacroce R; Bolzan Mariotti Posocco F; Cinosi E; Simonato P; Martinotti G; Bersani G,candidate_paper_corpus | disorder:paper_library | mechanistic:curated | mechanistic:paper_library
1300,10.1074/jbc.m114.595090,,,A cytosolic relay of heat shock proteins HSP70-1A and HSP90β monitors the folding trajectory of the serotonin transporter.,2014,El-Kasaby A; Koban F; Sitte HH; Freissmuth M; Sucic S,candidate_paper_corpus | mechanistic:curated | mechanistic:paper_library
1301,10.1111/bph.12520,,,A quantitative model of amphetamine action on the 5-HT transporter.,2014,Sandtner W; Schmid D; Schicker K; Gerstbrein K; Koenig X; Mayer FP; Boehm S; Freissmuth M; Sitte HH,candidate_paper_corpus | mechanistic:curated | mechanistic:paper_library
1303,10.1002/dev.21169,,,Adolescent MDMA exposure diminishes the physiological and neurotoxic consequences of an MDMA binge in female rats.,2014,Piper BJ; Henderson CS; Meyer JS,candidate_paper_corpus | mechanistic:paper_library | mechanistic:stubs
1304,10.3389/fnmol.2014.00094,,,Age dependence of the rapid antidepressant and synaptic effects of acute NMDA receptor blockade.,2014,Nosyreva E; Autry AE; Kavalali ET; Monteggia LM,candidate_paper_corpus | mechanistic:paper_library | mechanistic:stubs
1307,10.1093/jat/bku054,,,Analysis of the smoke of cigarettes containing Salvia divinorum.,2014,Krstenansky JL; Muzzio M,candidate_paper_corpus | mechanistic:paper_library
1309,10.1007/s00213-013-3303-6,,,"Behavioral and neurochemical pharmacology of six psychoactive substituted phenethylamines: mouse locomotion, rat drug discrimination and in vitro receptor and transporter binding and function.",2014,Eshleman AJ; Forster MJ; Wolfrum KM; Johnson RA; Janowsky A; Gatch MB,candidate_paper_corpus | mechanistic:paper_library
1311,10.1124/jpet.114.213793,,,Brexpiprazole I: in vitro and in vivo characterization of a novel serotonin-dopamine activity modulator.,2014,Maeda K; Sugino H; Akazawa H; Amada N; Shimada J; Futamura T; Yamashita H; Ito N; McQuade RD; Mørk A,candidate_paper_corpus | mechanistic:paper_library
1313,10.1016/j.neuropharm.2014.03.013,,,Chronic LSD alters gene expression profiles in the mPFC relevant to schizophrenia.,2014,Martin DA; Marona-Lewicka D; Nichols DE; Nichols CD,candidate_paper_corpus | disorder:paper_library | mechanistic:paper_library
1314,10.1177/2045125314527985,,,Classical hallucinogens as antidepressants? A review of pharmacodynamics and putative clinical roles.,2014,Baumeister D; Barnes G; Giaroli G; Tracy D,candidate_paper_corpus | disorder:paper_library | mechanistic:paper_library
1317,10.1016/j.bbr.2013.11.022,,,D-serine deficiency attenuates the behavioral and cellular effects induced by the hallucinogenic 5-HT(2A) receptor agonist DOI.,2014,Santini MA; Balu DT; Puhl MD; Hill-Smith TE; Berg AR; Lucki I; Mikkelsen JD; Coyle JT,candidate_paper_corpus | mechanistic:paper_library | mechanistic:stubs
1318,10.1016/j.neuropharm.2013.07.031,,,Decreased vesicular monoamine transporter 2 (VMAT2) and dopamine transporter (DAT) function in knockout mice affects aging of dopaminergic systems.,2014,Hall FS; Itokawa K; Schmitt A; Moessner R; Sora I; Lesch KP; Uhl GR,candidate_paper_corpus | mechanistic:paper_library
1321,10.1038/npp.2014.10,,,Dissociable effects of antipsychotics on ketamine-induced changes in regional oxygenation and inter-regional coherence of low frequency oxygen fluctuations in the rat.,2014,Li J; Ishiwari K; Conway MW; Francois J; Huxter J; Lowry JP; Schwarz AJ; Tricklebank M; Gilmour G,candidate_paper_corpus | mechanistic:paper_library
1324,10.1016/j.lfs.2013.07.015,,,"Effects of combined treatment with mephedrone and methamphetamine or 3,4-methylenedioxymethamphetamine on serotonin nerve endings of the hippocampus.",2014,Angoa-Pérez M; Kane MJ; Herrera-Mundo N; Francescutti DM; Kuhn DM,candidate_paper_corpus | mechanistic:paper_library
1325,10.1016/j.neuropharm.2013.08.025,,,"Effects of the hallucinogen 2,5-dimethoxy-4-iodophenethylamine (2C-I) and superpotent N-benzyl derivatives on the head twitch response.",2014,Halberstadt AL; Geyer MA,candidate_paper_corpus | mechanistic:paper_library
1326,10.1016/j.jep.2013.11.032,,,From local to global-fifty years of research on Salvia divinorum.,2014,Casselman I; Nock CJ; Wohlmuth H; Weatherby RP; Heinrich M,candidate_paper_corpus | mechanistic:paper_library
1328,10.1146/annurev-pharmtox-011613-135950,,,Glutamate receptor antagonists as fast-acting therapeutic alternatives for the treatment of depression: ketamine and other compounds.,2014,Niciu MJ; Henter ID; Luckenbaugh DA; Zarate CA Jr; Charney DS,candidate_paper_corpus | disorder:curated | disorder:paper_library
1330,10.1016/j.bbrc.2013.11.104,,,Hallucinogenic 5-HT2AR agonists LSD and DOI enhance dopamine D2R protomer recognition and signaling of D2-5-HT2A heteroreceptor complexes.,2014,Borroto-Escuela DO; Romero-Fernandez W; Narvaez M; Oflijan J; Agnati LF; Fuxe K,candidate_paper_corpus | mechanistic:paper_library | mechanistic:stubs
1334,10.1038/npp.2014.124,,,In vivo amphetamine action is contingent on αCaMKII.,2014,Steinkellner T; Mus L; Eisenrauch B; Constantinescu A; Leo D; Konrad L; Rickhag M; Sørensen G; Efimova EV; Kong E,candidate_paper_corpus | mechanistic:paper_library
1337,10.2174/1570159x113119990043,,,Ketamine as antidepressant? Current state and future perspectives.,2014,Hasselmann HW,candidate_paper_corpus | disorder:paper_library | mechanistic:paper_library | mechanistic:stubs
1338,10.1016/j.ntt.2014.04.001,,,Ketamine exposure in early development impairs specification of the primary germ cell layers.,2014,Akeju O; Davis-Dusenbery BN; Cassel SH; Ichida JK; Eggan K,candidate_paper_corpus | mechanistic:paper_library
1340,10.1097/fbp.0000000000000014,,,"Ketamine, but not MK-801, produces antidepressant-like effects in rats responding on a differential-reinforcement-of-low-rate operant schedule.",2014,Hillhouse TM; Porter JH,candidate_paper_corpus | mechanistic:paper_library | mechanistic:stubs
1342,10.1073/pnas.1323920111,,,Mechanisms underlying differential effectiveness of memantine and ketamine in rapid antidepressant responses.,2014,Gideons ES; Kavalali ET; Monteggia LM,candidate_paper_corpus | mechanistic:paper_library | mechanistic:stubs
1343,10.1007/s00213-014-3446-0,,,Mefloquine and psychotomimetics share neurotransmitter receptor and transporter interactions in vitro.,2014,Janowsky A; Eshleman AJ; Johnson RA; Wolfrum KM; Hinrichs DJ; Yang J; Zabriskie TM; Smilkstein MJ; Riscoe MK,candidate_paper_corpus | mechanistic:paper_library
1345,10.1016/j.neuropharm.2014.08.002,,,Metaplastic effects of subanesthetic ketamine on CA1 hippocampal function.,2014,Izumi Y; Zorumski CF,candidate_paper_corpus | mechanistic:paper_library
1346,10.1371/journal.pone.0083879,,,Mice lacking NMDA receptors in parvalbumin neurons display normal depression-related behavior and response to antidepressant action of NMDAR antagonists.,2014,Pozzi L; Pollak Dorocic I; Wang X; Carlén M; Meletis K,candidate_paper_corpus | mechanistic:paper_library | mechanistic:stubs
1347,10.1016/j.ejmech.2014.07.077,,,Michael acceptor approach to the design of new salvinorin A-based high affinity ligands for the kappa-opioid receptor.,2014,Polepally PR; Huben K; Vardy E; Setola V; Mosier PD; Roth BL; Zjawiony JK,candidate_paper_corpus | mechanistic:paper_library | mechanistic:stubs
1350,10.1038/tp.2014.39,,,NMDA receptor antagonists ketamine and Ro25-6981 inhibit evoked release of glutamate in vivo in the subiculum.,2014,Stan TL; Alvarsson A; Branzell N; Sousa VC; Svenningsson P,candidate_paper_corpus | mechanistic:paper_library
1352,10.1186/s12964-014-0075-5,,,NMDA-receptor antagonists block B-cell function but foster IL-10 production in BCR/CD40-activated B cells.,2014,Simma N; Bose T; Kahlfuss S; Mankiewicz J; Lowinus T; Lühder F; Schüler T; Schraven B; Heine M; Bommhardt U,candidate_paper_corpus | mechanistic:paper_library
1353,10.1016/j.neuint.2013.09.015,,,Neuronal ablation of p-Akt at Ser473 leads to altered 5-HT1A/2A receptor function.,2014,Saunders C; Siuta M; Robertson SD; Davis AR; Sauer J; Matthies HJG; Gresch PJ; Airey D; Lindsley CW; Schetz JA,candidate_paper_corpus | mechanistic:paper_library
1354,10.1097/aln.0000000000000076,,,Novel molecular targets of dezocine and their clinical implications.,2014,Liu R; Huang XP; Yeliseev A; Xi J; Roth BL,candidate_paper_corpus | mechanistic:paper_library | mechanistic:stubs
1356,10.31887/dcns.2014.16.1/rduman,,,Pathophysiology of depression and innovative treatments: remodeling glutamatergic synaptic connections.,2014,Duman RS,candidate_paper_corpus | disorder:paper_library
1358,10.1016/j.neuropharm.2014.03.003,,,Pharmacological modulation of abnormal involuntary DOI-induced head twitch response in male DBA/2J mice: I. Effects of D2/D3 and D2 dopamine receptor selective compounds.,2014,Rangel-Barajas C; Malik M; Vangveravong S; Mach RH; Luedtke RR,candidate_paper_corpus | mechanistic:paper_library
1359,10.1016/j.bcp.2014.01.024,,,"Pharmacological profiles of aminoindanes, piperazines, and pipradrol derivatives.",2014,Simmler LD; Rickli A; Schramm Y; Hoener MC; Liechti ME,candidate_paper_corpus | mechanistic:paper_library
1360,10.1016/j.biopsych.2013.11.005,,,Postnatal fluoxetine-evoked anxiety is prevented by concomitant 5-HT2A/C receptor blockade and mimicked by postnatal 5-HT2A/C receptor stimulation.,2014,Sarkar A; Chachra P; Vaidya VA,candidate_paper_corpus | mechanistic:paper_library
1361,10.1371/journal.pone.0106533,,,"Psychedelic N,N-dimethyltryptamine and 5-methoxy-N,N-dimethyltryptamine modulate innate and adaptive inflammatory responses through the sigma-1 receptor of human monocyte-derived dendritic cells.",2014,Szabo A; Kovacs A; Frecska E; Rajnavolgyi E,candidate_paper_corpus | mechanistic:paper_library | mechanistic:stubs
1362,10.1074/mcp.m113.036558,,,Quantitative phosphoproteomics unravels biased phosphorylation of serotonin 2A receptor at Ser280 by hallucinogenic versus nonhallucinogenic agonists.,2014,Karaki S; Becamel C; Murat S; Mannoury la Cour C; Millan MJ; Prézeau L; Bockaert J; Marin P; Vandermoere F,candidate_paper_corpus | mechanistic:paper_library | mechanistic:stubs
1363,10.1016/j.pbb.2013.11.033,,,R (-)-ketamine shows greater potency and longer lasting antidepressant effects than S (+)-ketamine.,2014,Zhang JC; Li SX; Hashimoto K,candidate_paper_corpus | mechanistic:paper_library
1368,10.1016/b978-0-12-420118-7.00012-3,,,Salvinorin A analogs and other κ-opioid receptor compounds as treatments for cocaine abuse.,2014,Kivell BM; Ewald AW; Prisinzano TE,candidate_paper_corpus | mechanistic:paper_library | mechanistic:stubs
1369,10.1016/j.neuropharm.2014.07.016,,,Salvinorin A regulates dopamine transporter function via a kappa opioid receptor and ERK1/2-dependent mechanism.,2014,Kivell B; Uzelac Z; Sundaramurthy S; Rajamanickam J; Ewald A; Chefer V; Jaligam V; Bolan E; Simonson B; Annamalai B,candidate_paper_corpus | mechanistic:paper_library | mechanistic:stubs
1370,10.2174/1874473708666150107122741,,,Salvinorin a and related compounds as therapeutic drugs for psychostimulant-related disorders.,2014,dos Santos RG; Crippa JA; Machado-de-Sousa JP; Hallak JE,candidate_paper_corpus | mechanistic:paper_library
1371,10.1093/toxsci/kfu039,,,"Serotonin reuptake transporter deficiency modulates the acute thermoregulatory and locomotor activity response to 3,4-(±)-methylenedioxymethamphetamine, and attenuates depletions in serotonin levels in SERT-KO rats.",2014,Lizarraga LE; Phan AV; Cholanians AB; Herndon JM; Lau SS; Monks TJ,candidate_paper_corpus | mechanistic:paper_library | mechanistic:stubs
1372,10.1021/cn400216u,,,Synthesis and structure-activity relationships of N-benzyl phenethylamines as 5-HT2A/2C agonists.,2014,Hansen M; Phonekeo K; Paine JS; Leth-Petersen S; Begtrup M; Bräuner-Osborne H; Kristensen JL,candidate_paper_corpus | disorder:paper_library | mechanistic:paper_library | mechanistic:stubs
1373,10.1021/jm501521d,,,Synthesis and κ-opioid receptor activity of furan-substituted salvinorin A analogues.,2014,Riley AP; Groer CE; Young D; Ewald AW; Kivell BM; Prisinzano TE,candidate_paper_corpus | mechanistic:paper_library
1376,10.3389/fnint.2014.00020,,,The claustrum's proposed role in consciousness is supported by the effect and target localization of Salvia divinorum.,2014,Stiefel KM; Merrifield A; Holcombe AO,candidate_paper_corpus | mechanistic:paper_library
1378,10.3389/fnbeh.2014.00180,,,"The effect of psilocin on memory acquisition, retrieval, and consolidation in the rat.",2014,Rambousek L; Palenicek T; Vales K; Stuchlik A,candidate_paper_corpus | disorder:paper_library | mechanistic:paper_library | mechanistic:stubs
1379,10.1016/j.pnpbp.2013.08.013,,,The effects of benzofury (5-APB) on the dopamine transporter and 5-HT2-dependent vasoconstriction in the rat.,2014,Dawson P; Opacka-Juffry J; Moffatt JD; Daniju Y; Dutta N; Ramsey J; Davidson C,candidate_paper_corpus | mechanistic:paper_library
1381,10.1017/s1461145714000261,,,"The natural hallucinogen 5-MeO-DMT, component of Ayahuasca, disrupts cortical function in rats: reversal by antipsychotic drugs.",2014,Riga MS; Soria G; Tudela R; Artigas F; Celada P,candidate_paper_corpus | mechanistic:paper_library | mechanistic:stubs
1384,10.2147/sar.s37258,,,"3,4-methylenedioxymethamphetamine (MDMA): current perspectives.",2013,Meyer JS,candidate_paper_corpus | disorder:paper_library | mechanistic:paper_library | mechanistic:stubs
1386,10.1016/j.pnpbp.2013.01.017,,,5-HT2A serotonin receptor agonist DOI alleviates cytotoxicity in neuroblastoma cells: role of the ERK pathway.,2013,Marinova Z; Walitza S; Grünblatt E,candidate_paper_corpus | mechanistic:paper_library | mechanistic:stubs
1389,10.1523/jneurosci.3007-12.2013,,,"Activation of serotonin 2A receptors underlies the psilocybin-induced effects on α oscillations, N170 visual-evoked potentials, and visual hallucinations.",2013,Kometer M; Schmidt A; Jäncke L; Vollenweider FX,candidate_paper_corpus | disorder:paper_library | mechanistic:paper_library | mechanistic:stubs
1392,10.3389/fphar.2013.00161,,,Antidepressant effects of ketamine: mechanisms underlying fast-acting novel antidepressants.,2013,Browne CA; Lucki I,candidate_paper_corpus | disorder:paper_library
1393,10.1016/j.jep.2013.04.044,,,Argyreia nervosa (Burm. f.): receptor profiling of lysergic acid amide and other potential psychedelic LSD-like compounds by computational and binding assay approaches.,2013,Paulke A; Kremer C; Wunder C; Achenbach J; Djahanschiri B; Elias A; Schwed JS; Hübner H; Gmeiner P; Proschak E,candidate_paper_corpus | mechanistic:paper_library
1394,10.1016/j.pnpbp.2013.07.013,,,Assessment of the abuse potential of MDMA in the conditioned place preference paradigm: role of CB1 receptors.,2013,Rodríguez-Arias M; Valverde O; Daza-Losada M; Blanco-Gandía MC; Aguilar MA; Miñarro J,candidate_paper_corpus | mechanistic:paper_library | mechanistic:stubs
1395,10.1523/jneurosci.2063-13.2013,,,Broadband cortical desynchronization underlies the human psychedelic state.,2013,Muthukumaraswamy SD; Carhart-Harris RL; Moran RJ; Brookes MJ; Williams TM; Errtizoe D; Sessa B; Papadopoulos A; Bolstridge M; Singh KD,candidate_paper_corpus | disorder:paper_library | mechanistic:paper_library | mechanistic:stubs
1396,10.1074/jbc.m113.515668,,,Chemotype-selective modes of action of κ-opioid receptor agonists.,2013,Vardy E; Mosier PD; Frankowski KJ; Wu H; Katritch V; Westkaemper RB; Aubé J; Stevens RC; Roth BL,candidate_paper_corpus | mechanistic:paper_library | mechanistic:stubs
1397,10.3389/fpsyt.2013.00106,,,Chronic Ketamine Reduces the Peak Frequency of Gamma Oscillations in Mouse Prefrontal Cortex Ex vivo.,2013,McNally JM; McCarley RW; Brown RE,candidate_paper_corpus | mechanistic:paper_library
1398,10.1017/s1461145712000545,,,Concomitant BDNF and sleep slow wave changes indicate ketamine-induced plasticity in major depressive disorder.,2013,Duncan WC; Sarasso S; Ferrarelli F; Selter J; Riedner BA; Hejazi NS; Yuan P; Brutsche N; Manji HK; Tononi G,candidate_paper_corpus | disorder:paper_library
1400,10.1021/np400358n,,,Development of an enzyme immunoassay using a monoclonal antibody against the psychoactive diterpenoid salvinorin A.,2013,Paudel MK; Shirota O; Sasaki-Tabata K; Tanaka H; Sekita S; Morimoto S,candidate_paper_corpus | mechanistic:paper_library | mechanistic:stubs
1404,10.1016/j.euroneuro.2012.10.006,,,Dysregulated 5-HT(2A) receptor binding in postmortem frontal cortex of schizophrenic subjects.,2013,Muguruza C; Moreno JL; Umali A; Callado LF; Meana JJ; González-Maeso J,candidate_paper_corpus | mechanistic:paper_library
1405,10.1371/journal.pone.0077262,,,Effect of Iboga alkaloids on µ-opioid receptor-coupled G protein activation.,2013,Antonio T; Childers SR; Rothman RB; Dersch CM; King C; Kuehne M; Bornmann WG; Eshleman AJ; Janowsky A; Simon ER,candidate_paper_corpus | disorder:paper_library | mechanistic:curated | mechanistic:paper_library
1407,10.1016/j.brainresbull.2013.01.003,,,Effect of repeated exposure to MDMA on the function of the 5-HT transporter as assessed by synaptosomal 5-HT uptake.,2013,Huff C; Bhide N; Schroering A; Yamamoto BK; Gudelsky GA,candidate_paper_corpus | mechanistic:paper_library
1408,10.1016/j.ejphar.2012.12.024,,,Effects of a short-course MDMA binge on dopamine transporter binding and on levels of dopamine and its metabolites in adult male rats.,2013,Biezonski DK; Piper BJ; Shinday NM; Kim PJ; Ali SF; Meyer JS,candidate_paper_corpus | mechanistic:paper_library | mechanistic:stubs
1409,10.1016/j.neuint.2013.01.016,,,Effects of the neoclerodane Hardwickiic acid on the presynaptic opioid receptors which modulate noradrenaline and dopamine release in mouse central nervous system.,2013,Pittaluga A; Olivero G; Di Prisco S; Merega E; Bisio A; Romussi G; Grilli M; Marchi M,candidate_paper_corpus | mechanistic:paper_library
1410,10.1002/jnr.23198,,,Enhanced prefrontal serotonin 2A receptor signaling in the subchronic phencyclidine mouse model of schizophrenia.,2013,Santini MA; Ratner C; Aznar S; Klein AB; Knudsen GM; Mikkelsen JD,candidate_paper_corpus | mechanistic:paper_library | mechanistic:stubs
1411,10.2174/138161281942140105165011,,,Essential structure of the κ opioid receptor agonist nalfurafine for binding to the κ receptor.,2013,Nagase H; Fujii H,candidate_paper_corpus | mechanistic:paper_library
1414,10.1038/npp.2012.246,,,"GLYX-13, a NMDA receptor glycine-site functional partial agonist, induces antidepressant-like effects without ketamine-like side effects.",2013,Burgdorf J; Zhang XL; Nicholson KL; Balster RL; Leander JD; Stanton PK; Gross AL; Kroes RA; Moskal JR,candidate_paper_corpus | disorder:paper_library | mechanistic:paper_library | mechanistic:stubs
1415,10.1016/j.brainres.2012.10.024,,,Herkinorin dilates cerebral vessels via kappa opioid receptor and cyclic adenosine monophosphate (cAMP) in a piglet model.,2013,Ji F; Wang Z; Ma N; Riley J; Armstead WM; Liu R,candidate_paper_corpus | mechanistic:paper_library
1416,10.1016/j.neuropharm.2013.04.026,,,Identification of an allosteric modulator of the serotonin transporter with novel mechanism of action.,2013,Kortagere S; Fontana AC; Rose DR; Mortensen OV,candidate_paper_corpus | mechanistic:paper_library
1417,10.1016/j.pharmthera.2013.07.006,,,Implications of genome wide association studies for addiction: are our a priori assumptions all wrong?,2013,Hall FS; Drgonova J; Jain S; Uhl GR,candidate_paper_corpus | mechanistic:paper_library
1418,10.1007/s00221-012-3347-6,,,Influence of (S)-ketamine on human motor cortex excitability.,2013,Höffken O; Haussleiter IS; Westermann A; Lötsch J; Maier C; Tegenthoff M; Schwenkreis P,candidate_paper_corpus | mechanistic:paper_library
1420,10.1016/j.bmcl.2013.03.111,,,Kappa-opioid receptor-selective dicarboxylic ester-derived salvinorin A ligands.,2013,Polepally PR; White K; Vardy E; Roth BL; Ferreira D; Zjawiony JK,candidate_paper_corpus | mechanistic:paper_library | mechanistic:stubs
1421,10.1371/journal.pone.0071326,,,Ketamine does not produce relief of neuropathic pain in mice lacking the β-common receptor (CD131).,2013,Swartjes M; Niesters M; Heij L; Dunne A; Aarts L; Hand CC; Kim HS; Brines M; Cerami A; Dahan A,candidate_paper_corpus | mechanistic:paper_library | mechanistic:stubs
1422,10.1111/cns.12099,,,"Ketamine pharmacology: an update (pharmacodynamics and molecular aspects, recent findings).",2013,Mion G; Villevieille T,candidate_paper_corpus | disorder:paper_library | mechanistic:paper_library | mechanistic:stubs
1425,10.1371/journal.pone.0063635,,,Ligand induced conformational changes of the human serotonin transporter revealed by molecular dynamics simulations.,2013,Koldsø H; Autzen HE; Grouleff J; Schiøtt B,candidate_paper_corpus | mechanistic:paper_library | mechanistic:stubs
1427,10.1016/j.neubiorev.2013.04.016,,,"MDMA, serotonergic neurotoxicity, and the diverse functional deficits of recreational 'Ecstasy' users.",2013,Parrott AC,candidate_paper_corpus | mechanistic:paper_library
1429,10.1111/jnc.12114,,,"Mephedrone does not damage dopamine nerve endings of the striatum, but enhances the neurotoxicity of methamphetamine, amphetamine, and MDMA.",2013,Angoa-Pérez M; Kane MJ; Briggs DI; Francescutti DM; Sykes CE; Shah MM; Thomas DM; Kuhn DM,candidate_paper_corpus | mechanistic:paper_library | mechanistic:stubs
1431,10.1007/s00221-013-3636-8,,,Multiple conformations of 5-HT2A and 5-HT 2C receptors in rat brain: an autoradiographic study with [125I](±)DOI.,2013,López-Giménez JF; Vilaró MT; Palacios JM; Mengod G,candidate_paper_corpus | mechanistic:paper_library | mechanistic:stubs
1433,10.1124/jpet.111.191056,,,"Nonclassical pharmacology of the dopamine transporter: atypical inhibitors, allosteric modulators, and partial substrates.",2013,Schmitt KC; Rothman RB; Reith ME,candidate_paper_corpus | mechanistic:paper_library
1436,10.1371/journal.pone.0066327,,,Prolonged Ketamine Effects in Sp4 Hypomorphic Mice: Mimicking Phenotypes of Schizophrenia.,2013,Ji B; Wang X; Pinto-Duarte A; Kim M; Caldwell S; Young JW; Behrens MM; Sejnowski TJ; Geyer MA; Zhou X,candidate_paper_corpus | mechanistic:paper_library
1437,10.1016/j.ejphar.2012.11.020,,,"Psychoactive ""bath salts"": not so soothing.",2013,Baumann MH; Partilla JS; Lehner KR,candidate_paper_corpus | mechanistic:paper_library
1441,10.1016/j.neuropharm.2013.01.014,,,Role of the 5-HT₂A receptor in the locomotor hyperactivity produced by phenylalkylamine hallucinogens in mice.,2013,Halberstadt AL; Powell SB; Geyer MA,candidate_paper_corpus | disorder:paper_library | mechanistic:paper_library
1442,10.2174/18744737112059990004,,,Salvia divinorum: a psychopharmacological riddle and a mind-body prospect.,2013,Diaz JL,candidate_paper_corpus | mechanistic:paper_library | mechanistic:stubs
1443,10.3762/bjoc.9.328,,,Studies toward bivalent κ opioids derived from salvinorin A: heteromethylation of the furan ring reduces affinity.,2013,Munro TA; Xu W; Ho DM; Liu-Chen LY; Cohen BM,candidate_paper_corpus | mechanistic:paper_library
1444,10.1016/j.ejphar.2012.11.023,,,"Sub-anesthetic concentrations of (R,S)-ketamine metabolites inhibit acetylcholine-evoked currents in α7 nicotinic acetylcholine receptors.",2013,Moaddel R; Abdrakhmanova G; Kozak J; Jozwiak K; Toll L; Jimenez L; Rosenberg A; Tran T; Xiao Y; Zarate CA,candidate_paper_corpus | mechanistic:paper_library
1445,10.1016/j.bcp.2013.04.004,,,Substituted methcathinones differ in transporter and receptor interactions.,2013,Eshleman AJ; Wolfrum KM; Hatfield MG; Johnson RA; Murphy KV; Janowsky A,candidate_paper_corpus | mechanistic:paper_library
1446,10.1016/j.neuropharm.2013.01.007,,,"Support for 5-HT2C receptor functional selectivity in vivo utilizing structurally diverse, selective 5-HT2C receptor ligands and the 2,5-dimethoxy-4-iodoamphetamine elicited head-twitch response model.",2013,Canal CE; Booth RG; Morgan D,candidate_paper_corpus | mechanistic:paper_library | mechanistic:stubs
1447,10.1016/j.ejphar.2013.10.050,,,The 2-methoxy methyl analogue of salvinorin A attenuates cocaine-induced drug seeking and sucrose reinforcements in rats.,2013,Morani AS; Ewald A; Prevatt-Smith KM; Prisinzano TE; Kivell BM,candidate_paper_corpus | mechanistic:paper_library
1448,10.1007/s00213-012-2811-0,,,The NMDA antagonist ketamine and the 5-HT agonist psilocybin produce dissociable effects on structural encoding of emotional face expressions.,2013,Schmidt A; Kometer M; Bachmann R; Seifritz E; Vollenweider F,candidate_paper_corpus | disorder:paper_library | mechanistic:paper_library
1450,10.1016/j.neulet.2013.01.034,,,The blockade of NMDA receptor ion channels by ketamine is enhanced in developing rat cortical neurons.,2013,Jin J; Gong K; Zou X; Wang R; Lin Q; Chen J,candidate_paper_corpus | mechanistic:paper_library | mechanistic:stubs
1451,10.1016/j.neuro.2013.01.002,,,The effect of manganese on dopamine toxicity and dopamine transporter (DAT) in control and DAT transfected HEK cells.,2013,Roth JA; Li Z; Sridhar S; Khoshbouei H,candidate_paper_corpus | mechanistic:paper_library
1453,10.1016/j.biopsych.2012.09.006,,,The role of eukaryotic elongation factor 2 kinase in rapid antidepressant action of ketamine.,2013,Monteggia LM; Gideons E; Kavalali ET,candidate_paper_corpus | mechanistic:paper_library
1457,10.1111/j.1476-5381.2012.02115.x,,,[Dmt1]N/OFQ(1-13)-NH2: a potent nociceptin/orphanin FQ and opioid receptor universal agonist.,2013,Molinari S; Camarda V; Rizzi A; Marzola G; Salvadori S; Marzola E; Molinari P; McDonald J; Ko MC; Lambert DG,candidate_paper_corpus | mechanistic:paper_library
1459,10.1155/2012/543747,,,A Report of Nausea and Vomiting with Discontinuation of Chronic Use of Salvia divinorum.,2012,Travis CR; Ray GA; Marlowe KF,candidate_paper_corpus | mechanistic:paper_library | mechanistic:stubs
1460,10.1096/fj.11-195016,,,"A novel MDMA analogue, UWA-101, that lacks psychoactivity and cytotoxicity, enhances L-DOPA benefit in parkinsonian primates.",2012,Johnston TH; Millar Z; Huot P; Wagg K; Thiele S; Salomonczyk D; Yong-Kee CJ; Gandy MN; McIldowie M; Lewis KD,candidate_paper_corpus | mechanistic:paper_library | mechanistic:stubs
1461,10.1097/fbp.0b013e3283512c1e,,,A single injection of a novel κ opioid receptor agonist salvinorin A attenuates the expression of cocaine-induced behavioral sensitization in rats.,2012,Morani AS; Schenk S; Prisinzano TE; Kivell BM,candidate_paper_corpus | mechanistic:paper_library | mechanistic:stubs
1462,10.1017/s1461145711000848,,,"Acute administration of typical and atypical antipsychotics reduces EEG γ power, but only the preclinical compound LY379268 reduces the ketamine-induced rise in γ power.",2012,Jones NC; Reddy M; Anderson P; Salzberg MR; O'Brien TJ; Pinault D,candidate_paper_corpus | mechanistic:paper_library
1463,10.1007/s00213-011-2470-6,,,Acute and post-acute behavioral and psychological effects of salvinorin A in humans.,2012,Addy PH,candidate_paper_corpus | mechanistic:paper_library
1465,10.1016/j.mehy.2012.02.012,,,"An extension of hypotheses regarding rapid-acting, treatment-refractory, and conventional antidepressant activity of dextromethorphan and dextrorphan.",2012,Lauterbach EC,candidate_paper_corpus | mechanistic:paper_library
1466,10.1097/fbp.0b013e3283586189,,,Antidepressive effects of the κ-opioid receptor agonist salvinorin A in a rat model of anhedonia.,2012,Harden MT; Smith SE; Niehoff JA; McCurdy CR; Taylor GT,candidate_paper_corpus | mechanistic:paper_library
1468,10.1021/cn300040f,,,Binding of the amphetamine-like 1-phenyl-piperazine to monoamine transporters.,2012,Severinsen K; Kraft JF; Koldsø H; Vinberg KA; Rothman RB; Partilla JS; Wiborg O; Blough B; Schiøtt B; Sinning S,candidate_paper_corpus | mechanistic:paper_library | mechanistic:stubs
1470,10.1074/jbc.m112.367219,,,Ca(2+)/calmodulin-dependent protein kinase IIα (αCaMKII) controls the activity of the dopamine transporter: implications for Angelman syndrome.,2012,Steinkellner T; Yang JW; Montgomery TR; Chen WQ; Winkler MT; Sucic S; Lubec G; Freissmuth M; Elgersma Y; Sitte HH,candidate_paper_corpus | mechanistic:paper_library
1471,10.1016/j.nucmedbio.2011.08.002,,,Characterization of 4-[18F]-ADAM as an imaging agent for SERT in non-human primate brain using PET: a dynamic study.,2012,Chen YA; Huang WS; Lin YS; Cheng CY; Liu RS; Wang SJ; Li IH; Huang SY; Shiue CY; Chen CY,candidate_paper_corpus | mechanistic:paper_library
1472,10.1038/npp.2012.17,,,"Cocaine self-administration produces pharmacodynamic tolerance: differential effects on the potency of dopamine transporter blockers, releasers, and methylphenidate.",2012,Ferris MJ; Calipari ES; Mateo Y; Melchior JR; Roberts DC; Jones SR,candidate_paper_corpus | mechanistic:paper_library
1473,10.9734/bjmmr/2012/1412,,,Differential Effects of Anaesthesia on the phMRI Response to Acute Ketamine Challenge.,2012,Hodkinson DJ; de Groote C; McKie S; Deakin JF; Williams SR,candidate_paper_corpus | mechanistic:paper_library
1475,10.1016/j.bmcl.2011.11.128,,,Differential signaling properties at the kappa opioid receptor of 12-epi-salvinorin A and its analogues.,2012,Béguin C; Potuzak J; Xu W; Liu-Chen LY; Streicher JM; Groer CE; Bohn LM; Carlezon WA Jr; Cohen BM,candidate_paper_corpus | mechanistic:paper_library | mechanistic:stubs
1477,10.1074/jbc.m112.367706,,,Dopamine transporter phosphorylation site threonine 53 regulates substrate reuptake and amphetamine-stimulated efflux.,2012,Foster JD; Yang JW; Moritz AE; Challasivakanaka S; Smith MA; Holy M; Wilebski K; Sitte HH; Vaughan RA,candidate_paper_corpus | mechanistic:paper_library
1478,10.1016/j.ejphar.2011.10.033,,,Effects of MDMA and related analogs on plasma 5-HT: relevance to 5-HT transporters in blood and brain.,2012,Yubero-Lahoz S; Ayestas MA Jr; Blough BE; Partilla JS; Rothman RB; de la Torre R; Baumann MH,candidate_paper_corpus | mechanistic:paper_library
1480,10.1007/s00406-011-0281-8,,,Effects of ketamine-induced psychopathological symptoms on continuous overt rhyme fluency.,2012,Nagels A; Kirner-Veselinovic A; Wiese R; Paulus FM; Kircher T; Krach S,candidate_paper_corpus | mechanistic:paper_library
1481,10.1124/jpet.111.186783,,,Effects of peripherally restricted κ opioid receptor agonists on pain-related stimulation and depression of behavior in rats.,2012,Negus SS; O'Connell R; Morrissey E; Cheng K; Rice KC,candidate_paper_corpus | mechanistic:paper_library
1484,10.1038/npp.2011.261,,,Mismatch negativity encoding of prediction errors predicts S-ketamine-induced cognitive impairments.,2012,Schmidt A; Bachmann R; Kometer M; Csomor PA; Stephan KE; Seifritz E; Vollenweider FX,candidate_paper_corpus | disorder:paper_library | mechanistic:paper_library
1486,10.1152/jn.00072.2012,,,NMDAR antagonist action in thalamus imposes δ oscillations on the hippocampus.,2012,Zhang Y; Yoshida T; Katz DB; Lisman JE,candidate_paper_corpus | mechanistic:paper_library | mechanistic:stubs
1487,10.1517/17425255.2012.712686,,,Pharmacokinetic and pharmacodynamic considerations for NMDA receptor antagonists in the treatment of chronic neuropathic pain.,2012,Niesters M; Dahan A,candidate_paper_corpus | disorder:paper_library | mechanistic:paper_library | mechanistic:stubs
1488,10.3109/10408444.2012.725029,,,"Pharmacokinetics and pharmacodynamics of 3,4-methylenedioxymethamphetamine (MDMA): interindividual differences due to polymorphisms and drug-drug interactions.",2012,Rietjens SJ; Hondebrink L; Westerink RH; Meulenbelt J,candidate_paper_corpus | mechanistic:paper_library | mechanistic:stubs
1490,10.1016/j.ntt.2011.09.005,,,Prenatal exposure to MDMA alters noradrenergic neurodevelopment in the rat.,2012,Thompson VB; Koprich JB; Chen EY; Kordower JH; Terpstra BT; Lipton JW,candidate_paper_corpus | mechanistic:paper_library | mechanistic:stubs
1491,10.1038/npp.2011.228,,,Psilocybin-induced deficits in automatic and controlled inhibition are attenuated by ketanserin in healthy human volunteers.,2012,Quednow BB; Kometer M; Geyer MA; Vollenweider FX,candidate_paper_corpus | disorder:paper_library | mechanistic:paper_library
1492,10.1111/j.1476-5381.2011.01728.x,,,S(+)amphetamine induces a persistent leak in the human dopamine transporter: molecular stent hypothesis.,2012,Rodriguez-Menchaca AA; Solis E Jr; Cameron K; De Felice LJ,candidate_paper_corpus | mechanistic:paper_library
1493,10.1371/journal.pone.0041724,,,Salvinorin A administration after global cerebral hypoxia/ischemia preserves cerebrovascular autoregulation via kappa opioid receptor in piglets.,2012,Wang Z; Ma N; Riley J; Armstead WM; Liu R,candidate_paper_corpus | mechanistic:paper_library | mechanistic:stubs
1495,10.1186/1744-8069-8-60,,,Salvinorin A reduces mechanical allodynia and spinal neuronal hyperexcitability induced by peripheral formalin injection.,2012,Guida F; Luongo L; Aviello G; Palazzo E; De Chiaro M; Gatta L; Boccella S; Marabese I; Zjawiony JK; Capasso R,candidate_paper_corpus | mechanistic:paper_library | mechanistic:stubs
1496,10.1016/j.bmc.2012.02.040,,,Semisynthetic neoclerodanes as kappa opioid receptor probes.,2012,Lovell KM; Vasiljevik T; Araya JJ; Lozama A; Prevatt-Smith KM; Day VW; Dersch CM; Rothman RB; Butelman ER; Kreek MJ,candidate_paper_corpus | mechanistic:paper_library
1497,10.1038/nature10939,,,Structure of the human κ-opioid receptor in complex with JDTic.,2012,Wu H; Wacker D; Mileni M; Katritch V; Han GW; Vardy E; Liu W; Thompson AA; Huang XP; Carroll FI,candidate_paper_corpus | mechanistic:paper_library
1500,10.1074/jbc.m112.343681,,,The mechanistic basis for noncompetitive ibogaine inhibition of serotonin and dopamine transporters.,2012,Bulling S; Schicker K; Zhang YW; Steinkellner T; Stockner T; Gruber CW; Boehm S; Freissmuth M; Rudnick G; Sitte HH,candidate_paper_corpus | mechanistic:curated | mechanistic:paper_library
1508,10.1152/ajpcell.00383.2010,,,Antagonist action of progesterone at σ-receptors in the modulation of voltage-gated sodium channels.,2011,Johannessen M; Fontanilla D; Mavlyutov T; Ruoho AE; Jackson MB,candidate_paper_corpus | mechanistic:paper_library
1509,10.1523/jneurosci.1171-11.2011,,,"Characterization of 3,4-methylenedioxymethamphetamine (MDMA) enantiomers in vitro and in the MPTP-lesioned primate: R-MDMA reduces severity of dyskinesia, whereas S-MDMA extends duration of ON-time.",2011,Huot P; Johnston TH; Lewis KD; Koprich JB; Reyes MG; Fox SH; Piggott MJ; Brotchie JM,benchmark_manifest | candidate_paper_corpus | mechanistic:curated | mechanistic:paper_library | mechanistic:stubs
1511,10.1016/j.neuropharm.2011.07.002,,,Chronic administration of THC prevents the behavioral effects of intermittent adolescent MDMA administration and attenuates MDMA-induced hyperthermia and neurotoxicity in rats.,2011,Shen EY; Ali SF; Meyer JS,candidate_paper_corpus | mechanistic:paper_library
1513,10.1016/j.neuint.2010.11.001,,,"Comparative neurochemical profile of 3,4-methylenedioxymethamphetamine and its metabolite alpha-methyldopamine on key targets of MDMA neurotoxicity.",2011,Escubedo E; Abad S; Torres I; Camarasa J; Pubill D,candidate_paper_corpus | mechanistic:paper_library
1514,10.1016/j.neuroscience.2011.10.015,,,Complex receptor mediation of acute ketamine application on in vitro gamma oscillations in mouse prefrontal cortex: modeling gamma band oscillation abnormalities in schizophrenia.,2011,McNally JM; McCarley RW; McKenna JT; Yanagawa Y; Brown RE,candidate_paper_corpus | mechanistic:paper_library
1516,10.1177/0269881110388326,,,Differential contributions of serotonin receptors to the behavioral effects of indoleamine hallucinogens in mice.,2011,Halberstadt AL; Koedood L; Powell SB; Geyer MA,candidate_paper_corpus | disorder:paper_library | mechanistic:paper_library
1517,10.1016/j.neuropharm.2011.04.007,,,Differential effects of cocaine and MDMA self-administration on cortical serotonin transporter availability in monkeys.,2011,Gould RW; Gage HD; Banks ML; Blaylock BL; Czoty PW; Nader MA,candidate_paper_corpus | mechanistic:paper_library | mechanistic:stubs
1519,10.2174/157015911795017254,,,Effects of MDMA on Extracellular Dopamine and Serotonin Levels in Mice Lacking Dopamine and/or Serotonin Transporters.,2011,Hagino Y; Takamatsu Y; Yamamoto H; Iwamura T; Murphy DL; Uhl GR; Sora I; Ikeda K,candidate_paper_corpus | mechanistic:paper_library | mechanistic:stubs
1520,10.1016/j.neulet.2010.11.043,,,Failure of NMDA receptor hypofunction to induce a pathological reduction in PV-positive GABAergic cell markers.,2011,Benneyworth MA; Roseman AS; Basu AC; Coyle JT,candidate_paper_corpus | mechanistic:paper_library
1521,10.1016/j.neuropharm.2011.03.028,,,High concentrations of MDMA ('ecstasy') and its metabolite MDA inhibit calcium influx and depolarization-evoked vesicular dopamine release in PC12 cells.,2011,Hondebrink L; Meulenbelt J; Meijer M; van den Berg M; Westerink RH,candidate_paper_corpus | mechanistic:paper_library
1523,10.1002/syn.20958,,,Identifying the serotonin transporter signal in Western blot studies of the neurotoxic potential of MDMA and related drugs.,2011,McLane MW; McCann U; Ricaurte G,candidate_paper_corpus | mechanistic:paper_library | mechanistic:stubs
1524,10.1001/archgenpsychiatry.2011.56,,,"In vivo imaging of cerebral serotonin transporter and serotonin(2A) receptor binding in 3,4-methylenedioxymethamphetamine (MDMA or ""ecstasy"") and hallucinogen users.",2011,Erritzoe D; Frokjaer VG; Holst KK; Christoffersen M; Johansen SS; Svarer C; Madsen J; Rasmussen PM; Ramsøy T; Jernigan TL,candidate_paper_corpus | mechanistic:paper_library
1526,10.1007/s00213-010-2103-5,,,"Lack of effect of sublingual salvinorin A, a naturally occurring kappa opioid, in humans: a placebo-controlled trial.",2011,Mendelson JE; Coyle JR; Lopez JC; Baggott MJ; Flower K; Everhart ET; Munro TA; Galloway GP; Cohen BM,candidate_paper_corpus | disorder:paper_library | mechanistic:paper_library
1527,10.1177/1091581811418538,,,"Learning and memory impairment induced by salvinorin A, the principal ingredient of Salvia divinorum, in wistar rats.",2011,Braida D; Donzelli A; Martucci R; Capurro V; Sala M,candidate_paper_corpus | mechanistic:paper_library
1528,10.1016/j.neulet.2011.01.046,,,Metabotropic glutamate mGlu2 receptor is necessary for the pharmacological and behavioral effects induced by hallucinogenic 5-HT2A receptor agonists.,2011,Moreno JL; Holloway T; Albizu L; Sealfon SC; González-Maeso J,candidate_paper_corpus | mechanistic:paper_library
1529,10.2174/157015911795017425,,,Methylone and monoamine transporters: correlation with toxicity.,2011,Sogawa C; Sogawa N; Ohyama K; Kikura-Hanajiri R; Goda Y; Sora I; Kitayama S,candidate_paper_corpus | mechanistic:curated | mechanistic:paper_library
1530,10.1038/nature10130,,,NMDA receptor blockade at rest triggers rapid behavioural antidepressant responses.,2011,Autry AE; Adachi M; Nosyreva E; Na ES; Los MF; Cheng PF; Kavalali ET; Monteggia LM,candidate_paper_corpus | mechanistic:paper_library
1531,10.1016/j.neuroimage.2010.08.021,,,Neural correlates of S-ketamine induced psychosis during overt continuous verbal fluency.,2011,Nagels A; Kirner-Veselinovic A; Krach S; Kircher T,candidate_paper_corpus | mechanistic:paper_library
1532,10.1016/j.biopsych.2011.05.021,,,Repeated exposure to the κ-opioid receptor agonist salvinorin A modulates extracellular signal-regulated kinase and reward sensitivity.,2011,Potter DN; Damez-Werno D; Carlezon WA Jr; Cohen BM; Chartoff EH,candidate_paper_corpus | mechanistic:paper_library
1533,10.1097/aln.0b013e318204e029,,,"Salvinorin A produces cerebrovasodilation through activation of nitric oxide synthase, κ receptor, and adenosine triphosphate-sensitive potassium channel.",2011,Su D; Riley J; Kiessling WJ; Armstead WM; Liu R,candidate_paper_corpus | mechanistic:paper_library
1534,10.1097/fbp.0b013e328349fc1b,,,"Salvinorin B derivatives, EOM-Sal B and MOM-Sal B, produce stimulus generalization in male Sprague-Dawley rats trained to discriminate salvinorin A.",2011,Peet MM; Baker LE,candidate_paper_corpus | mechanistic:paper_library
1536,10.1016/j.neuropharm.2011.01.018,,,Serotonin transporter and memory.,2011,Meneses A; Perez-Garcia G; Ponce-Lopez T; Tellez R; Castillo C,candidate_paper_corpus | mechanistic:paper_library
1539,10.1016/j.bmcl.2010.11.046,,,Synthesis and biological evaluation of new salvinorin A analogues incorporating natural amino acids.,2011,Fichna J; Lewellyn K; Yan F; Roth BL; Zjawiony JK,candidate_paper_corpus | mechanistic:paper_library
1541,10.2174/157015911795017146,,,"The Nature of 3, 4-Methylenedioxymethamphetamine (MDMA)-Induced Serotonergic Dysfunction: Evidence for and Against the Neurodegeneration Hypothesis.",2011,Biezonski DK; Meyer JS,candidate_paper_corpus | mechanistic:paper_library | mechanistic:stubs
1543,10.1038/clpt.2011.78,,,"The norepinephrine transporter inhibitor reboxetine reduces stimulant effects of MDMA (""ecstasy"") in humans.",2011,Hysek CM; Simmler LD; Ineichen M; Grouzmann E; Hoener MC; Brenneisen R; Huwyler J; Liechti ME,candidate_paper_corpus | mechanistic:paper_library | mechanistic:stubs
1547,10.1007/s00109-011-0752-4,,,"Ultrapotent effects of salvinorin A, a hallucinogenic compound from Salvia divinorum, on LPS-stimulated murine macrophages and its anti-inflammatory action in vivo.",2011,Aviello G; Borrelli F; Guida F; Romano B; Lewellyn K; De Chiaro M; Luongo L; Zjawiony JK; Maione S; Izzo AA,candidate_paper_corpus | mechanistic:paper_library
1548,10.1111/j.1749-6632.2010.05906.x,,,VMAT2: a dynamic regulator of brain monoaminergic neuronal function interacting with drugs of abuse.,2011,Eiden LE; Weihe E,candidate_paper_corpus | mechanistic:paper_library
1550,10.1055/s-0029-1240954,,,A new digitized method of the compulsive gnawing test revealed dopaminergic activity of salvinorin A in vivo.,2010,Phipps SM; Butterweck V,candidate_paper_corpus | mechanistic:paper_library
1552,10.1016/j.ejphar.2009.12.010,,,Antagonists and substrates differentially regulate serotonin transporter cell surface expression in serotonergic neurons.,2010,Kittler K; Lau T; Schloss P,candidate_paper_corpus | mechanistic:paper_library
1553,10.1111/j.1471-4159.2010.06583.x,,,Bivalent phenethylamines as novel dopamine transporter inhibitors: evidence for multiple substrate-binding sites in a single transporter.,2010,Schmitt KC; Mamidyala S; Biswas S; Dutta AK; Reith ME,candidate_paper_corpus | mechanistic:paper_library
1554,10.1016/j.neuroscience.2010.05.054,,,Changes in 5-HT2A-mediated behavior and 5-HT2A- and 5-HT1A receptor binding and expression in conditional brain-derived neurotrophic factor knock-out mice.,2010,Klein AB; Santini MA; Aznar S; Knudsen GM; Rios M,candidate_paper_corpus | mechanistic:paper_library
1555,10.1016/j.jmgm.2009.12.008,,,CoMFA analyses of C-2 position salvinorin A analogs at the kappa-opioid receptor provides insights into epimer selectivity.,2010,McGovern DL; Mosier PD; Roth BL; Westkaemper RB,candidate_paper_corpus | mechanistic:paper_library | mechanistic:stubs
1556,10.1186/1744-8069-6-50,,,"Combining ketamine with astrocytic inhibitor as a potential analgesic strategy for neuropathic pain ketamine, astrocytic inhibitor and pain.",2010,Mei XP; Wang W; Wang W; Zhu C; Chen L; Zhang T; Xu LX; Wu SX; Li YQ,candidate_paper_corpus | mechanistic:paper_library | mechanistic:stubs
1557,10.1007/s00213-010-1836-5,,,Depressive-like effects of the kappa opioid receptor agonist salvinorin A are associated with decreased phasic dopamine release in the nucleus accumbens.,2010,Ebner SR; Roitman MF; Potter DN; Rachlin AB; Chartoff EH,candidate_paper_corpus | mechanistic:paper_library | mechanistic:stubs
1558,10.1111/j.1476-5381.2009.00522.x,,,"Dopamine transporter down-regulation following repeated cocaine: implications for 3,4-methylenedioxymethamphetamine-induced acute effects and long-term neurotoxicity in mice.",2010,Peraile I; Torres E; Mayado A; Izco M; Lopez-Jimenez A; Lopez-Moreno JA; Colado MI; O'Shea E,candidate_paper_corpus | mechanistic:paper_library | mechanistic:stubs
1560,10.1124/jpet.110.167320,,,Dopamine uptake inhibitors but not dopamine releasers induce greater increases in motor behavior and extracellular dopamine in adolescent rats than in adult male rats.,2010,Walker QD; Morris SE; Arrant AE; Nagel JM; Parylak S; Zhou G; Caster JM; Kuhn CM,candidate_paper_corpus | mechanistic:paper_library
1561,10.1111/j.1471-4159.2009.06515.x,,,"Effects of 3,4-methylenedioxymethamphetamine (MDMA) on serotonin transporter and vesicular monoamine transporter 2 protein and gene expression in rats: implications for MDMA neurotoxicity.",2010,Biezonski DK; Meyer JS,candidate_paper_corpus | mechanistic:paper_library | mechanistic:stubs
1562,10.1002/syn.20733,,,"Effects of the endogenous PPAR-alpha agonist, oleoylethanolamide on MDMA-induced cognitive deficits in mice.",2010,Plaza-Zabala A; Berrendero F; Suarez J; Bermudez-Silva FJ; Fernandez-Espejo E; Serrano A; Pavon FJ; Parsons LH; De Fonseca FR; Maldonado R,candidate_paper_corpus | mechanistic:paper_library | mechanistic:stubs
1563,10.1002/syn.20804,,,Evidence for noncompetitive modulation of substrate-induced serotonin release.,2010,Rothman RB; Baumann MH; Blough BE; Jacobson AE; Rice KC; Partilla JS,candidate_paper_corpus | mechanistic:paper_library | mechanistic:stubs
1568,10.1124/jpet.110.172247,,,"Interaction of 5-HT2A and 5-HT2C receptors in R(-)-2,5-dimethoxy-4-iodoamphetamine-elicited head twitch behavior in mice.",2010,Fantegrossi WE; Simoneau J; Cohen MS; Zimmerman SM; Henson CM; Rice KC; Woods JH,candidate_paper_corpus | mechanistic:paper_library | mechanistic:stubs
1570,10.1007/s00213-010-1827-6,,,"Kappa opioid mediation of cannabinoid effects of the potent hallucinogen, salvinorin A, in rodents.",2010,Walentiny DM; Vann RE; Warner JA; King LS; Seltzman HH; Navarro HA; Twine CE Jr; Thomas BF; Gilliam AF; Gilmour BP,candidate_paper_corpus | mechanistic:paper_library
1572,10.1177/0269881108097724,,,Low striatal serotonin transporter protein in a human polydrug MDMA (ecstasy) user: a case study.,2010,Kish SJ; Fitzmaurice PS; Chang LJ; Furukawa Y; Tong J,candidate_paper_corpus | mechanistic:paper_library
1573,10.1016/j.neuroscience.2010.03.018,,,MDMA causes a redistribution of serotonin transporter from the cell surface to the intracellular compartment by a mechanism independent of phospho-p38-mitogen activated protein kinase activation.,2010,Kivell B; Day D; Bosch P; Schenk S; Miller J,candidate_paper_corpus | mechanistic:paper_library | mechanistic:stubs
1575,10.1016/j.cveq.2010.07.009,,,NMDA receptor antagonists and pain: ketamine.,2010,Muir WW,candidate_paper_corpus | mechanistic:paper_library
1577,10.1002/jnr.22367,,,"Normal thermoregulatory responses to 3-iodothyronamine, trace amines and amphetamine-like psychostimulants in trace amine associated receptor 1 knockout mice.",2010,Panas HN; Lynch LJ; Vallender EJ; Xie Z; Chen GL; Lynn SK; Scanlan TS; Miller GM,candidate_paper_corpus | mechanistic:paper_library | mechanistic:stubs
1578,10.1016/j.tetlet.2010.07.144,,,Novel neoclerodane diterpene derivatives from the smoke of salvinorin A.,2010,Ma Z; Deng G; Lee DY,candidate_paper_corpus | mechanistic:paper_library
1584,10.1007/s00213-010-1818-7,,,"Reinstatement of extinguished amphetamine self-administration by 3,4-methylenedioxymethamphetamine (MDMA) and its enantiomers in rhesus monkeys.",2010,McClung J; Fantegrossi W; Howell LL,candidate_paper_corpus | mechanistic:paper_library
1585,10.1002/syn.20744,,,"Repeated intermittent methylenedioxymethamphetamine exposure protects against the behavioral and neurotoxic, but not hyperthermic, effects of an MDMA binge in adult rats.",2010,Piper BJ; Ali SF; Daniels LG; Meyer JS,candidate_paper_corpus | mechanistic:paper_library
1586,10.1007/s00213-010-1834-7,,,Role of kappa-opioid receptors in the effects of salvinorin A and ketamine on attention in rats.,2010,Nemeth CL; Paine TA; Rittiner JE; Béguin C; Carroll FI; Roth BL; Cohen BM; Carlezon WA Jr,candidate_paper_corpus | mechanistic:paper_library
1587,10.1016/j.mcn.2010.04.001,,,Serotonergic dystrophy induced by excess serotonin.,2010,Daubert EA; Heffron DS; Mandell JW; Condron BG,candidate_paper_corpus | mechanistic:paper_library
1588,10.1016/j.neuroimage.2009.07.072,,,Study on the neuroprotective effect of fluoxetine against MDMA-induced neurotoxicity on the serotonin transporter in rat brain using micro-PET.,2010,Li IH; Huang WS; Shiue CY; Huang YY; Liu RS; Chyueh SC; Hu SH; Liao MH; Shen LH; Liu JC,candidate_paper_corpus | mechanistic:paper_library | mechanistic:stubs
1589,10.1254/jphs.10075sc,,,"Sustained exposure to 3,4-methylenedioxymethamphetamine induces the augmentation of exocytotic serotonin release in rat organotypic raphe slice cultures.",2010,Nagayasu K; Kitaichi M; Shirakawa H; Nakagawa T; Kaneko S,candidate_paper_corpus | mechanistic:paper_library
1590,10.1016/j.bmcl.2010.08.001,,,Synthesis and biological evaluation of C-2 halogenated analogs of salvinorin A.,2010,Lee DY; Yang L; Xu W; Deng G; Guo L; Liu-Chen LY,candidate_paper_corpus | mechanistic:paper_library
1593,10.1007/s00213-009-1771-5,,,The discriminative effects of the kappa-opioid hallucinogen salvinorin A in nonhuman primates: dissociation from classic hallucinogen effects.,2010,Butelman ER; Rus S; Prisinzano TE; Kreek MJ,candidate_paper_corpus | mechanistic:paper_library
1596,10.1007/s00213-010-1799-6,,,The effects of kappa-opioid receptor ligands on prepulse inhibition and CRF-induced prepulse inhibition deficits in the rat.,2010,Tejeda HA; Chefer VI; Zapata A; Shippenberg TS,candidate_paper_corpus | mechanistic:paper_library
1597,10.1124/mol.110.067538,,,The high-affinity binding site for tricyclic antidepressants resides in the outer vestibule of the serotonin transporter.,2010,Sarker S; Weissensteiner R; Steiner I; Sitte HH; Ecker GF; Freissmuth M; Sucic S,candidate_paper_corpus | mechanistic:paper_library
1598,10.1016/j.ejphar.2010.08.022,,,The improvement of the anti-hyperalgesic effect of ketamine and of its isomers by the administration of ifenprodil.,2010,Rondon ES; Vieira AS; Valadão CA; Parada CA,candidate_paper_corpus | mechanistic:paper_library
1599,10.1074/jbc.m109.093658,,,"Transmembrane domain 6 of the human serotonin transporter contributes to an aqueously accessible binding pocket for serotonin and the psychostimulant 3,4-methylene dioxymethamphetamine.",2010,Field JR; Henry LK; Blakely RD,candidate_paper_corpus | mechanistic:paper_library | mechanistic:stubs
1600,10.1016/j.neuint.2009.07.008,,,Analysis of serotonin receptor 2A gene (HTR2A): association study with autism spectrum disorder in the Indian population and investigation of the gene expression in peripheral blood leukocytes.,2009,Guhathakurta S; Singh AS; Sinha S; Chatterjee A; Ahmed S; Ghosh S; Usha R,candidate_paper_corpus | mechanistic:paper_library
1603,10.1192/bjp.bp.108.050344,,,Brain serotonin transporter binding in former users of MDMA ('ecstasy').,2009,Selvaraj S; Hoshi R; Bhagwagar Z; Murthy NV; Hinz R; Cowen P; Curran HV; Grasby P,candidate_paper_corpus | mechanistic:paper_library
1605,10.1007/s00210-008-0358-8,,,"Comparison of the diuretic effects of chemically diverse kappa opioid agonists in rats: nalfurafine, U50,488H, and salvinorin A.",2009,Inan S; Lee DY; Liu-Chen LY; Cowan A,candidate_paper_corpus | mechanistic:paper_library
1606,10.1007/s00702-009-0308-8,,,Dimethyltryptamine and other hallucinogenic tryptamines exhibit substrate behavior at the serotonin uptake transporter and the vesicle monoamine transporter.,2009,Cozzi NV; Gopalakrishnan A; Anderson LL; Feih JT; Shulgin AT; Daley PF; Ruoho AE,candidate_paper_corpus | mechanistic:paper_library
1608,10.1111/j.1399-6576.2009.01905.x,,,Dose-dependent effect of S(+) ketamine on post-ischemic endogenous neurogenesis in rats.,2009,Winkelheide U; Lasarzik I; Kaeppel B; Winkler J; Werner C; Kochs E; Engelhard K,candidate_paper_corpus | mechanistic:paper_library
1609,10.1016/j.pbb.2009.09.002,,,"Effect of kappa-opioid receptor agonists U69593, U50488H, spiradoline and salvinorin A on cocaine-induced drug-seeking in rats.",2009,Morani AS; Kivell B; Prisinzano TE; Schenk S,candidate_paper_corpus | mechanistic:paper_library | mechanistic:stubs
1614,10.1016/s0074-7742(09)88006-9,,,Involvement of nicotinic receptors in methamphetamine- and MDMA-induced neurotoxicity: pharmacological implications.,2009,Escubedo E; Camarasa J; Chipana C; García-Ratés S; Pubill D,candidate_paper_corpus | mechanistic:paper_library
1616,10.1113/jphysiol.2009.176297,,,Memantine binding to a superficial site on NMDA receptors contributes to partial trapping.,2009,Kotermanski SE; Wood JT; Johnson JW,candidate_paper_corpus | mechanistic:paper_library | mechanistic:stubs
1617,10.1007/s11307-008-0192-x,,,Metabolic changes in the rodent brain after acute administration of salvinorin A.,2009,Hooker JM; Patel V; Kothari S; Schiffer WK,candidate_paper_corpus | mechanistic:paper_library
1618,10.1016/j.bmc.2008.12.012,,,Modification of the furan ring of salvinorin A: identification of a selective partial agonist at the kappa opioid receptor.,2009,Béguin C; Duncan KK; Munro TA; Ho DM; Xu W; Liu-Chen LY; Carlezon WA Jr; Cohen BM,candidate_paper_corpus | mechanistic:paper_library | mechanistic:stubs
1619,10.1017/s1461145708009334,,,Modulation of the cortical processing of novel and target stimuli by drugs affecting glutamate and GABA neurotransmission.,2009,Watson TD; Petrakis IL; Edgecombe J; Perrino A; Krystal JH; Mathalon DH,candidate_paper_corpus | disorder:paper_library
1622,10.1111/j.1476-5381.2009.00230.x,,,"Potential anxiolytic- and antidepressant-like effects of salvinorin A, the main active ingredient of Salvia divinorum, in rodents.",2009,Braida D; Capurro V; Zani A; Rubino T; Viganò D; Parolaro D; Sala M,candidate_paper_corpus | mechanistic:paper_library
1624,10.1007/s00213-009-1545-0,,,"Role of dopamine transporters in the behavioral effects of 3,4-methylenedioxymethamphetamine (MDMA) in nonhuman primates.",2009,Fantegrossi WE; Bauzo RM; Manvich DM; Morales JC; Votaw JR; Goodman MM; Howell LL,candidate_paper_corpus | mechanistic:paper_library
1625,10.1017/s1461145708009437,,,S100B overexpressing mutant mice exhibit prolonged behavioural and biochemical responses towards repeated intermittent binge treatments with MDMA.,2009,Kindlundh-Högberg AM; Zhang X; Svenningsson P,candidate_paper_corpus | mechanistic:paper_library | mechanistic:stubs
1626,10.1016/j.neuropharm.2009.07.023,,,Salvinorin A exerts opposite presynaptic controls on neurotransmitter exocytosis from mouse brain nerve terminals.,2009,Grilli M; Neri E; Zappettini S; Massa F; Bisio A; Romussi G; Marchi M; Pittaluga A,candidate_paper_corpus | mechanistic:paper_library
1628,10.1021/bi900605n,,,"Structure-based design, synthesis, and biochemical and pharmacological characterization of novel salvinorin A analogues as active state probes of the kappa-opioid receptor.",2009,Yan F; Bikbulatov RV; Mocanu V; Dicheva N; Parker CE; Wetsel WC; Mosier PD; Westkaemper RB; Allen JA; Zjawiony JK,candidate_paper_corpus | mechanistic:paper_library | mechanistic:stubs
1631,10.1016/j.bmcl.2009.01.078,,,Synthesis and biological evaluation of C-12 triazole and oxadiazole analogs of salvinorin A.,2009,Yang L; Xu W; Chen F; Liu-Chen LY; Ma Z; Lee DY,candidate_paper_corpus | mechanistic:paper_library
1632,10.1016/j.brainresrev.2008.07.006,,,The acute effects of NMDA antagonism: from the rodent to the human brain.,2009,Gunduz-Bruce H,candidate_paper_corpus | mechanistic:paper_library
1633,10.1126/science.1166127,,,"The hallucinogen N,N-dimethyltryptamine (DMT) is an endogenous sigma-1 receptor regulator.",2009,Fontanilla D; Johannessen M; Hajipour AR; Cozzi NV; Jackson MB; Ruoho AE,benchmark_manifest | candidate_paper_corpus | mechanistic:paper_library | mechanistic:stubs
1634,10.1016/j.neuropharm.2008.07.049,,,Towards a quantitative representation of the cell signaling mechanisms of hallucinogens: measurement and mathematical modeling of 5-HT1A and 5-HT2A receptor-mediated ERK1/2 activation.,2009,Chang CW; Poteet E; Schetz JA; Gümüş ZH; Weinstein H,candidate_paper_corpus | mechanistic:paper_library
1635,10.1016/j.ejphar.2009.06.023,,,Two allelic isoforms of the serotonin transporter from Schistosoma mansoni display electrogenic transport and high selectivity for serotonin.,2009,Fontana AC; Sonders MS; Pereira-Junior OS; Knight M; Javitch JA; Rodrigues V; Amara SG; Mortensen OV,candidate_paper_corpus | mechanistic:paper_library
1637,10.1126/scisignal.261pe12,,,"When the endogenous hallucinogenic trace amine N,N-dimethyltryptamine meets the sigma-1 receptor.",2009,Su TP; Hayashi T; Vaupel DB,candidate_paper_corpus | mechanistic:paper_library | mechanistic:stubs
1639,10.1124/jpet.107.132142,,,2-Methoxymethyl-salvinorin B is a potent kappa opioid receptor agonist with longer lasting action in vivo than salvinorin A.,2008,Wang Y; Chen Y; Xu W; Lee DY; Ma Z; Rawls SM; Cowan A; Liu-Chen LY,candidate_paper_corpus | mechanistic:paper_library
1640,10.1016/j.neuropharm.2008.06.062,,,"3,4-Methylenedioxy-N-methamphetamine (ecstasy) promotes the survival of fetal dopamine neurons in culture.",2008,Lipton JW; Tolod EG; Thompson VB; Pei L; Paumier KL; Terpstra BT; Lynch KA; Collier TJ; Sortwell CE,candidate_paper_corpus | mechanistic:paper_library
1641,10.1016/j.neulet.2008.06.028,,,5-HT2A/2C receptor blockade regulates progenitor cell proliferation in the adult rat hippocampus.,2008,Jha S; Rajendran R; Fernandes KA; Vaidya VA,candidate_paper_corpus | mechanistic:paper_library
1642,10.1016/j.ejphar.2008.07.040,,,"Agonist-directed trafficking of signalling at serotonin 5-HT2A, 5-HT2B and 5-HT2C-VSV receptors mediated Gq/11 activation and calcium mobilisation in CHO cells.",2008,Cussac D; Boutet-Robinet E; Ailhaud MC; Newman-Tancredi A; Martel JC; Danty N; Rauly-Lestienne I,candidate_paper_corpus | mechanistic:paper_library
1643,10.1016/j.neuropharm.2007.11.007,,,Amphetamine-induced decreases in dopamine transporter surface expression are protein kinase C-independent.,2008,Boudanova E; Navaroli DM; Melikian HE,candidate_paper_corpus | mechanistic:paper_library
1645,10.1016/j.pbb.2007.07.007,,,Antagonism of phencyclidine-induced stimulus control in the rat by other psychoactive drugs.,2008,Winter JC,candidate_paper_corpus | mechanistic:paper_library
1647,10.1038/sj.npp.1301600,,,Chronic phenethylamine hallucinogen treatment alters behavioral sensitivity to a metabotropic glutamate 2/3 receptor agonist.,2008,Benneyworth MA; Smith RL; Sanders-Bush E,candidate_paper_corpus | mechanistic:paper_library
1648,10.1016/j.neuint.2007.07.016,,,"Different oxidative profile and nicotinic receptor interaction of amphetamine and 3,4-methylenedioxy-methamphetamine.",2008,Chipana C; García-Ratés S; Camarasa J; Pubill D; Escubedo E,candidate_paper_corpus | mechanistic:paper_library
1652,10.1124/jpet.107.130625,,,"Discriminative stimulus effects of 1-(2,5-dimethoxy-4-methylphenyl)-2-aminopropane in rhesus monkeys.",2008,Li JX; Rice KC; France CP,candidate_paper_corpus | mechanistic:paper_library
1654,10.1002/syn.20466,,,Early loss of dopaminergic terminals in striosomes after MDMA administration to mice.,2008,Granado N; Escobedo I; O'Shea E; Colado I; Moratalla R,candidate_paper_corpus | mechanistic:paper_library | mechanistic:stubs
1656,10.1007/s00213-007-1067-6,,,Effects of acute and repeated administration of salvinorin A on dopamine function in the rat dorsal striatum.,2008,Gehrke BJ; Chefer VI; Shippenberg TS,candidate_paper_corpus | mechanistic:paper_library
1657,10.1038/sj.npp.1301420,,,Effects of cocaine and MDMA self-administration on serotonin transporter availability in monkeys.,2008,Banks ML; Czoty PW; Gage HD; Bounds MC; Garg PK; Garg S; Nader MA,candidate_paper_corpus | mechanistic:paper_library | mechanistic:stubs
1658,10.1038/sj.npp.1301659,,,Exposure to the selective kappa-opioid receptor agonist salvinorin A modulates the behavioral and molecular effects of cocaine in rats.,2008,Chartoff EH; Potter D; Damez-Werno D; Cohen BM; Carlezon WA Jr,candidate_paper_corpus | mechanistic:paper_library
1659,10.1016/j.pbb.2007.09.007,,,"Hallucinogen-like effects of N,N-dipropyltryptamine (DPT): possible mediation by serotonin 5-HT1A and 5-HT2A receptors in rodents.",2008,Fantegrossi WE; Reissig CJ; Katz EB; Yarosh HL; Rice KC; Winter JC,candidate_paper_corpus | mechanistic:paper_library | mechanistic:stubs
1660,10.1021/jm701162g,,,Herkinorin analogues with differential beta-arrestin-2 interactions.,2008,Tidgewell K; Groer CE; Harding WW; Lozama A; Schmidt M; Marquam A; Hiemstra J; Partilla JS; Dersch CM; Rothman RB,candidate_paper_corpus | mechanistic:paper_library | mechanistic:stubs
1661,10.1038/nature06612,,,Identification of a serotonin/glutamate receptor complex implicated in psychosis.,2008,González-Maeso J; Ang RL; Yuen T; Chan P; Weisstaub NV; López-Giménez JF; Zhou M; Okawa Y; Callado LF; Milligan G,benchmark_manifest | candidate_paper_corpus | mechanistic:paper_library
1662,10.1037/1064-1297.16.1.1,,,In vivo pharmacology of MDMA and its enantiomers in rhesus monkeys.,2008,Fantegrossi WE,candidate_paper_corpus | mechanistic:paper_library | mechanistic:stubs
1664,10.1038/bjp.2008.294,,,"Inhibitory effect of salvinorin A, from Salvia divinorum, on ileitis-induced hypermotility: cross-talk between kappa-opioid and cannabinoid CB(1) receptors.",2008,Capasso R; Borrelli F; Cascio MG; Aviello G; Huben K; Zjawiony JK; Marini P; Romano B; Di Marzo V; Capasso F,candidate_paper_corpus | mechanistic:paper_library
1665,10.1016/j.biopsych.2007.07.020,,,Involvement of kappa-opioid and endocannabinoid system on Salvinorin A-induced reward.,2008,Braida D; Limonta V; Capurro V; Fadda P; Rubino T; Mascia P; Zani A; Gori E; Fratta W; Parolaro D,candidate_paper_corpus | mechanistic:paper_library
1666,10.1038/sj.npp.1301512,,,MDMA induces EPSP-Spike potentiation in rat ventral hippocampus in vitro via serotonin and noradrenaline release and coactivation of 5-HT4 and beta1 receptors.,2008,Mlinar B; Mascalchi S; Morini R; Giachi F; Corradetti R,candidate_paper_corpus | mechanistic:paper_library
1667,10.1177/0269881107083639,,,"MDMA-induced impairment in primates: antagonism by a selective norepinephrine or serotonin, but not by a dopamine/norepinephrine transport inhibitor.",2008,Verrico CD; Lynch L; Fahey MA; Fryer AK; Miller GM; Madras BK,candidate_paper_corpus | mechanistic:paper_library | mechanistic:stubs
1668,10.2174/138620708784911483,,,Massively parallel screening of the receptorome.,2008,Jensen NH; Roth BL,candidate_paper_corpus | mechanistic:paper_library
1669,10.1038/sj.npp.1301528,,,Mechanisms of dopaminergic and serotonergic neurotransmission in Tourette syndrome: clues from an in vivo neurochemistry study with PET.,2008,Wong DF; Brasić JR; Singer HS; Schretlen DJ; Kuwabara H; Zhou Y; Nandi A; Maris MA; Alexander M; Ye W,candidate_paper_corpus | mechanistic:paper_library
1670,10.1038/sj.npp.1301406,,,Molecular genetics of the platelet serotonin system in first-degree relatives of patients with autism.,2008,Cross S; Kim SJ; Weiss LA; Delahanty RJ; Sutcliffe JS; Leventhal BL; Cook EH Jr; Veenstra-Vanderweele J,candidate_paper_corpus | mechanistic:paper_library
1671,10.1016/j.biopsych.2007.10.006,,,N-methyl d-aspartate receptor antagonists ketamine and MK-801 induce wake-related aberrant gamma oscillations in the rat neocortex.,2008,Pinault D,candidate_paper_corpus | mechanistic:paper_library
1673,10.1124/jpet.107.129023,,,N-methylacetamide analog of salvinorin A: a highly potent and selective kappa-opioid receptor agonist with oral efficacy.,2008,Béguin C; Potter DN; Dinieri JA; Munro TA; Richards MR; Paine TA; Berry L; Zhao Z; Roth BL; Xu W,candidate_paper_corpus | mechanistic:paper_library
1675,10.1080/15563650701241795,,,Opioid receptors and legal highs: Salvia divinorum and Kratom.,2008,Babu KM; McCurdy CR; Boyer EW,candidate_paper_corpus | mechanistic:paper_library | mechanistic:stubs
1677,10.1007/s00213-008-1218-4,,,"Positron emission tomographic studies of brain dopamine and serotonin transporters in abstinent (+/-)3,4-methylenedioxymethamphetamine (""ecstasy"") users: relationship to cognitive performance.",2008,McCann UD; Szabo Z; Vranesic M; Palermo M; Mathews WB; Ravert HT; Dannals RF; Ricaurte GA,candidate_paper_corpus | mechanistic:paper_library
1678,10.1152/jn.00079.2008,,,Prolonged exposure to NMDAR antagonist suppresses inhibitory synaptic transmission in prefrontal cortex.,2008,Zhang Y; Behrens MM; Lisman JE,candidate_paper_corpus | mechanistic:paper_library
1679,10.1016/j.tetlet.2007.12.041,,,Short synthesis of a novel class of salvinorin A analogs with hemiacetalic structure.,2008,Bikbulatov RV; Stewart J; Jin W; Yan F; Roth BL; Ferreira D; Zjawiony JK,candidate_paper_corpus | mechanistic:paper_library
1686,10.1111/j.1365-2982.2007.00994.x,,,The hallucinogenic herb Salvia divinorum and its active ingredient salvinorin A reduce inflammation-induced hypermotility in mice.,2008,Capasso R; Borrelli F; Zjawiony J; Kutrzeba L; Aviello G; Sarnelli G; Capasso F; Izzo AA,candidate_paper_corpus | mechanistic:paper_library | mechanistic:stubs
1687,10.1016/j.pbb.2007.09.011,,,The stimulus effects of 8-OH-DPAT: evidence for a 5-HT2A receptor-mediated component.,2008,Reissig CJ; Eckler JR; Rabin RA; Rice KC; Winter JC,candidate_paper_corpus | mechanistic:paper_library
1688,10.1021/jm701040v,,,Toward a structure-based model of salvinorin A recognition of the kappa-opioid receptor.,2008,Kane BE; McCurdy CR; Ferguson DM,candidate_paper_corpus | mechanistic:paper_library
1691,10.1016/j.biopsych.2006.11.005,,,"3,4-methylenedioxymethamphetamine self-administration is abolished in serotonin transporter knockout mice.",2007,Trigo JM; Renoir T; Lanfumey L; Hamon M; Lesch KP; Robledo P; Maldonado R,candidate_paper_corpus | mechanistic:paper_library
1692,10.1007/s00213-007-0910-0,,,A pharmacological analysis of mice with a targeted disruption of the serotonin transporter.,2007,Fox MA; Andrews AM; Wendland JR; Lesch KP; Holmes A; Murphy DL,candidate_paper_corpus | mechanistic:paper_library
1693,10.1124/jpet.107.125500,,,A select set of opioid ligands induce up-regulation by promoting the maturation and stability of the rat kappa-opioid receptor in human embryonic kidney 293 cells.,2007,Wannemacher KM; Yadav PN; Howells RD,candidate_paper_corpus | mechanistic:paper_library
1694,10.1016/j.neulet.2007.09.037,,,"Acceleration of serotonin transporter transport-associated current by 3,4-methylenedioxymethamphetamine (MDMA) under acidic conditions.",2007,Yamauchi Y; Izumi T; Unemura K; Uenishi Y; Nakagawa T; Kaneko S,candidate_paper_corpus | mechanistic:paper_library | mechanistic:stubs
1695,10.1124/jpet.107.122317,,,Agonist induced-phosphorylation of Galpha11 protein reduces coupling to 5-HT2A receptors.,2007,Shi J; Damjanoska KJ; Singh RK; Carrasco GA; Garcia F; Grippo AJ; Landry M; Sullivan NR; Battaglia G; Muma NA,candidate_paper_corpus | mechanistic:paper_library
1696,10.1124/mol.106.028258,,,An opioid agonist that does not induce mu-opioid receptor--arrestin interactions or receptor internalization.,2007,Groer CE; Tidgewell K; Moyer RA; Harding WW; Rothman RB; Prisinzano TE; Bohn LM,candidate_paper_corpus | mechanistic:paper_library
1697,10.1590/s0034-70942007000100003,,,Assessment of oral S+ ketamine associated with morphine for the treatment of oncologic pain.,2007,Ishizuka P; Garcia JB; Sakata RK; Issy AM; Mülich SL,candidate_paper_corpus | mechanistic:paper_library
1698,10.1021/ja073590a,,,"Asymmetric synthesis of salvinorin A, a potent kappa opioid receptor agonist.",2007,Scheerer JR; Lawrence JF; Wang GC; Evans DA,candidate_paper_corpus | mechanistic:paper_library
1700,10.1016/j.phytochem.2007.04.034,,,Biosynthesis of salvinorin A proceeds via the deoxyxylulose phosphate pathway.,2007,Kutrzeba L; Dayan FE; Howell J; Feng J; Giner JL; Zjawiony JK,candidate_paper_corpus | mechanistic:paper_library
1703,10.1038/sj.bjp.0707473,,,"Comparative potencies of 3,4-methylenedioxymethamphetamine (MDMA) analogues as inhibitors of [3H]noradrenaline and [3H]5-HT transport in mammalian cell lines.",2007,Montgomery T; Buon C; Eibauer S; Guiry PJ; Keenan AK; McBean GJ,candidate_paper_corpus | mechanistic:curated | mechanistic:paper_library
1705,10.1016/j.bmcl.2007.01.100,,,Convenient synthesis and in vitro pharmacological activity of 2-thioanalogs of salvinorins A and B.,2007,Bikbulatov RV; Yan F; Roth BL; Zjawiony JK,candidate_paper_corpus | mechanistic:paper_library
1707,10.1074/jbc.m609264200,,,Differential helical orientations among related G protein-coupled receptors provide a novel mechanism for selectivity. Studies with salvinorin A and the kappa-opioid receptor.,2007,Vortherms TA; Mosier PD; Westkaemper RB; Roth BL,candidate_paper_corpus | mechanistic:paper_library | mechanistic:stubs
1709,10.1124/jpet.106.112417,,,"Effects of salvinorin A, a kappa-opioid hallucinogen, on a neuroendocrine biomarker assay in nonhuman primates with high kappa-receptor homology to humans.",2007,Butelman ER; Mandau M; Tidgewell K; Prisinzano TE; Yuferov V; Kreek MJ,candidate_paper_corpus | mechanistic:paper_library
1713,10.1002/cbdv.200790138,,,Isolation and chemical modification of clerodane diterpenoids from Salvia species as potential agonists at the kappa-opioid receptor.,2007,Li Y; Husbands SM; Mahon MF; Traynor JR; Rowan MG,candidate_paper_corpus | mechanistic:paper_library
1714,10.1007/s00213-005-0174-5,,,"MDMA (Ecstasy) and human dopamine, norepinephrine, and serotonin transporters: implications for MDMA-induced neurotoxicity and treatment.",2007,Verrico CD; Miller GM; Madras BK,candidate_paper_corpus | mechanistic:paper_library
1715,10.1111/j.1460-9568.2007.05932.x,,,"MDMA self-administration in rats: acquisition, progressive ratio responding and serotonin transporter binding.",2007,Schenk S; Hely L; Lake B; Daniela E; Gittings D; Mash DC,candidate_paper_corpus | mechanistic:paper_library
1718,10.1254/jphs.fp0071049,,,Possible involvement of endogenous 5-HT in aggravation of cerulein-induced acute pancreatitis in mice.,2007,Hamada K; Yoshida M; Isayama H; Yagi Y; Kanazashi S; Kashihara Y; Takeuchi K; Yamaguchi I,candidate_paper_corpus | mechanistic:paper_library
1719,10.1007/s00213-007-0930-9,,,Psilocybin links binocular rivalry switch rate to attention and subjective arousal levels in humans.,2007,Carter OL; Hasler F; Pettigrew JD; Wallis GM; Liu GB; Vollenweider FX,candidate_paper_corpus | mechanistic:paper_library
1720,10.1016/j.neuro.2007.07.002,,,Repeated intermittent MDMA binges reduce DAT density in mice and SERT density in rats in reward regions of the adolescent brain.,2007,Kindlundh-Högberg AM; Schiöth HB; Svenningsson P,candidate_paper_corpus | mechanistic:paper_library | mechanistic:stubs
1721,10.1016/j.neuroscience.2007.05.024,,,"Restoration of 3,4-methylenedioxymethamphetamine-induced 5-HT depletion by the administration of L-5-hydroxytryptophan.",2007,Wang X; Baumann MH; Dersch CM; Rothman RB,candidate_paper_corpus | mechanistic:paper_library
1722,10.1055/s-2007-981566,,,Salvia divinorum and salvinorin A: an update on pharmacology and analytical methodology.,2007,Grundmann O; Phipps SM; Zadezensky I; Butterweck V,candidate_paper_corpus | mechanistic:paper_library | mechanistic:stubs
1723,10.1124/jpet.106.113167,,,Salvinorin A: allosteric interactions at the mu-opioid receptor.,2007,Rothman RB; Murphy DL; Xu H; Godin JA; Dersch CM; Partilla JS; Tidgewell K; Schmidt M; Prisinzano TE,candidate_paper_corpus | mechanistic:paper_library
1724,10.1111/j.1440-1681.2007.04581.x,,,Studies with ketamine and alfentanil following Freund's complete adjuvant-induced inflammation in rats.,2007,Edwards SR; Mather LE; Smith MT,candidate_paper_corpus | mechanistic:paper_library | mechanistic:stubs
1729,10.1016/j.neuropharm.2007.06.008,,,"The hallucinogen derived from Salvia divinorum, salvinorin A, has kappa-opioid agonist discriminative stimulus effects in rats.",2007,Willmore-Fordham CB; Krall DM; McCurdy CR; Kinder DH,candidate_paper_corpus | mechanistic:paper_library
1730,10.1007/s11920-007-0063-1,,,The role of glutamate in mood disorders: results from the ketamine in major depression study and the presumed cellular mechanism underlying its antidepressant effects.,2007,Maeng S; Zarate CA Jr,candidate_paper_corpus | mechanistic:paper_library
1731,10.1016/j.neuropharm.2007.03.004,,,Voltammetric characterization of the effect of monoamine uptake inhibitors and releasers on dopamine and serotonin uptake in mouse caudate-putamen and substantia nigra slices.,2007,John CE; Jones SR,candidate_paper_corpus | mechanistic:paper_library
1733,10.1021/jm060656o,,,1-Aminomethylbenzocycloalkanes: conformationally restricted hallucinogenic phenethylamine analogues as functionally selective 5-HT2A receptor agonists.,2006,McLean TH; Parrish JC; Braden MR; Marona-Lewicka D; Gallardo-Godoy A; Nichols DE,candidate_paper_corpus | mechanistic:paper_library
1734,10.1007/s10822-006-9067-x,,,"A combined ligand-based and target-based drug design approach for G-protein coupled receptors: application to salvinorin A, a selective kappa opioid receptor agonist.",2006,Singh N; Chevé G; Ferguson DM; McCurdy CR,candidate_paper_corpus | mechanistic:paper_library
1735,10.1523/jneurosci.4722-05.2006,,,A specific role for NR2A-containing NMDA receptors in the maintenance of parvalbumin and GAD67 immunoreactivity in cultured interneurons.,2006,Kinney JW; Davis CN; Tabarean I; Conti B; Bartfai T; Behrens MM,candidate_paper_corpus | mechanistic:curated | mechanistic:paper_library | mechanistic:stubs
1736,10.1111/j.1742-4658.2006.05212.x,,,"A unique binding epitope for salvinorin A, a non-nitrogenous kappa opioid receptor agonist.",2006,Kane BE; Nieto MJ; McCurdy CR; Ferguson DM,candidate_paper_corpus | mechanistic:paper_library | mechanistic:stubs
1738,10.1124/jpet.106.101998,,,Antinociceptive and hypothermic effects of Salvinorin A are abolished in a novel strain of kappa-opioid receptor-1 knockout mice.,2006,Ansonoff MA; Zhang J; Czyzyk T; Rothman RB; Stewart J; Xu H; Zjwiony J; Siebert DJ; Yang F; Roth BL,candidate_paper_corpus | mechanistic:paper_library
1739,10.1016/j.pbb.2005.12.011,,,"Antinociceptive profile of salvinorin A, a structurally unique kappa opioid receptor agonist.",2006,McCurdy CR; Sufka KJ; Smith GH; Warnick JE; Nieto MJ,candidate_paper_corpus | mechanistic:paper_library
1740,10.1016/j.brainres.2005.12.052,,,Antiobesity-like effects of the 5-HT2C receptor agonist WAY-161503.,2006,Rosenzweig-Lipson S; Zhang J; Mazandarani H; Harrison BL; Sabb A; Sabalski J; Stack G; Welmaker G; Barrett JE; Dunlop J,candidate_paper_corpus | mechanistic:paper_library
1741,10.1055/s-0031-1296720,,,"Bioisosteric modification of salvinorin A, a potent and selective kappa-opioid receptor agonist.",2006,Stewart DJ; Fahmy H; Roth BL; Yan F; Zjawiony JK,candidate_paper_corpus | mechanistic:paper_library | mechanistic:stubs
1742,10.1021/jm060272y,,,"C-(4,5,6-trimethoxyindan-1-yl)methanamine: a mescaline analogue designed using a homology model of the 5-HT2A receptor.",2006,McLean TH; Chambers JJ; Parrish JC; Braden MR; Marona-Lewicka D; Kurrasch-Orbaugh D; Nichols DE,candidate_paper_corpus | mechanistic:paper_library
1745,10.1055/s-2006-931470,,,Combined treatment with citalopram and buspirone: effects on serotonin 5-HT2A and 5-HT2C receptors in the rat brain.,2006,Syvälahti E; Penttilä J; Majasuo H; Pälvimäki EP; Laakso A; Hietala J,candidate_paper_corpus | mechanistic:paper_library
1746,10.1016/j.lfs.2005.08.027,,,Comparison of psychic emergence reactions after (+/-)-ketamine and (+)-ketamine in mice.,2006,Liu J; Ji XQ; Zhu XZ,candidate_paper_corpus | mechanistic:paper_library
1747,10.1186/1471-2210-6-6,,,Comparison of the monoamine transporters from human and mouse in their sensitivities to psychostimulant drugs.,2006,Han DD; Gu HH,benchmark_manifest | candidate_paper_corpus | mechanistic:curated | mechanistic:paper_library | mechanistic:stubs
1748,10.1124/jpet.105.092304,,,Depressive-like effects of the kappa-opioid receptor agonist salvinorin A on behavior and neurochemistry in rats.,2006,Carlezon WA Jr; Béguin C; DiNieri JA; Baumann MH; Richards MR; Todtenkopf MS; Rothman RB; Ma Z; Lee DY; Cohen BM,candidate_paper_corpus | mechanistic:paper_library
1750,10.1038/sj.npp.1300819,,,Evidence for the preferential involvement of 5-HT2A serotonin receptors in stress- and drug-induced dopamine release in the rat medial prefrontal cortex.,2006,Pehek EA; Nocjar C; Roth BL; Byrd TA; Mabrouk OS,candidate_paper_corpus | mechanistic:paper_library
1751,10.1016/j.nucmedbio.2005.12.001,,,Ketamine displaces the novel NMDA receptor SPET probe [(123)I]CNS-1261 in humans in vivo.,2006,Stone JM; Erlandsson K; Arstad E; Bressan RA; Squassante L; Teneggi V; Ell PJ; Pilowsky LS,candidate_paper_corpus | mechanistic:paper_library | mechanistic:stubs
1753,10.1038/sj.npp.1301031,,,Loss of serotonin transporter protein after MDMA and other ring-substituted amphetamines.,2006,Xie T; Tong L; McLane MW; Hatzidimitriou G; Yuan J; McCann U; Ricaurte G,candidate_paper_corpus | mechanistic:paper_library
1755,10.1177/0269881106061515,,,"Neuroimaging findings with MDMA/ecstasy: technical aspects, conceptual issues and future prospects.",2006,Reneman L; de Win MM; van den Brink W; Booij J; den Heeten GJ,candidate_paper_corpus | mechanistic:paper_library | mechanistic:stubs
1758,10.1016/j.drugalcdep.2006.04.001,,,Pattern of use and subjective effects of Salvia divinorum among recreational users.,2006,González D; Riba J; Bouso JC; Gómez-Jarabo G; Barbanoj MJ,candidate_paper_corpus | mechanistic:paper_library
1763,10.1213/01.ane.0000202382.82847.64,,,S(+)-ketamine attenuates increase in electroencephalograph activity and amplitude height of sensory-evoked potentials during rapid opioid detoxification.,2006,Freye E; Latasch L; Levy JV,candidate_paper_corpus | mechanistic:paper_library
1764,10.1177/0269881106063273,,,"Serotonin transporter expression is not sufficient to confer cytotoxicity to 3,4-methylenedioxymethamphetamine (MDMA) in vitro.",2006,Hayat S; Williams RJ; Rattray M,candidate_paper_corpus | mechanistic:paper_library | mechanistic:stubs
1765,10.1089/jop.2006.22.389,,,Serotonin-2 (5-HT2) receptor-mediated signal transduction in human ciliary muscle cells: role in ocular hypotension.,2006,Sharif NA; Kelly CR; Crider JY; Davis TL,candidate_paper_corpus | mechanistic:paper_library | mechanistic:stubs
1767,10.1177/0269881106063264,,,"Studies on striatal neurotoxicity caused by the 3,4-methylenedioxymethamphetamine/ malonate combination: implications for serotonin/dopamine interactions.",2006,Goñi-Allo B; Ramos M; Herv'as I; Lasheras B; Aguirre N,candidate_paper_corpus | mechanistic:paper_library
1768,10.1016/j.bmcl.2006.05.093,,,Synthesis and in vitro evaluation of salvinorin A analogues: effect of configuration at C(2) and substitution at C(18).,2006,Béguin C; Richards MR; Li JG; Wang Y; Xu W; Liu-Chen LY; Carlezon WA Jr; Cohen BM,candidate_paper_corpus | mechanistic:paper_library
1769,10.1016/j.bmcl.2006.08.051,,,Synthesis and in vitro pharmacological studies of new C(4)-modified salvinorin A analogues.,2006,Lee DY; He M; Liu-Chen LY; Wang Y; Li JG; Xu W; Ma Z; Carlezon WA Jr; Cohen B,candidate_paper_corpus | mechanistic:paper_library
1770,10.1016/j.neuropharm.2005.09.012,,,The N-terminus of the norepinephrine transporter regulates the magnitude and selectivity of the transporter-associated leak current.,2006,Binda F; Lute BJ; Dipace C; Blakely RD; Galli A,candidate_paper_corpus | mechanistic:paper_library
1771,10.1016/j.ejphar.2006.06.077,,,The antinociceptive effect of salvinorin A in mice.,2006,John TF; French LG; Erlichman JS,candidate_paper_corpus | mechanistic:paper_library
1773,10.1007/3-540-29784-7_11,,,The dopamine transporter: a vigilant border control for psychostimulant action.,2006,Williams JM; Galli A,candidate_paper_corpus | mechanistic:paper_library
1775,10.1007/s00213-006-0566-1,,,The roles of 5-HT1A and 5-HT2 receptors in the effects of 5-MeO-DMT on locomotor activity and prepulse inhibition in rats.,2006,Krebs-Thomson K; Ruiz EM; Masten V; Buell M; Geyer MA,candidate_paper_corpus | mechanistic:paper_library | mechanistic:stubs
1781,10.1016/j.neuro.2005.05.006,,,Age-dependent (+)MDMA-mediated neurotoxicity in mice.,2005,Reveron ME; Monks TJ; Duvauchelle CL,candidate_paper_corpus | mechanistic:paper_library
1784,10.1016/j.ejphar.2005.01.032,,,"Anxiolytic-like effect of a serotonergic ligand with high affinity for 5-HT1A, 5-HT2A and 5-HT3 receptors.",2005,Delgado M; Caicoya AG; Greciano V; Benhamú B; López-Rodríguez ML; Fernández-Alfonso MS; Pozo MA; Manzanares J; Fuentes JA,candidate_paper_corpus | mechanistic:paper_library
1785,10.1021/jo051813e,,,Autoxidation of salvinorin A under basic conditions.,2005,Munro TA; Goetchius GW; Roth BL; Vortherms TA; Rizzacasa MA,candidate_paper_corpus | mechanistic:paper_library | mechanistic:stubs
1786,10.1038/sj.npp.1300711,,,Behavioral tolerance to lysergic acid diethylamide is associated with reduced serotonin-2A receptor signaling in rat cortex.,2005,Gresch PJ; Smith RL; Barrett RJ; Sanders-Bush E,candidate_paper_corpus | mechanistic:paper_library | mechanistic:stubs
1787,10.1124/jpet.104.073668,,,"Comparison of pharmacological activities of three distinct kappa ligands (Salvinorin A, TRK-820 and 3FLB) on kappa opioid receptors in vitro and their antipruritic and antinociceptive activities in vivo.",2005,Wang Y; Tang K; Inan S; Siebert D; Holzgrabe U; Lee DY; Huang P; Li JG; Cowan A; Liu-Chen LY,candidate_paper_corpus | mechanistic:paper_library
1789,10.1089/adt.2005.3.649,,,Development of homogeneous high-affinity agonist binding assays for 5-HT2 receptor subtypes.,2005,Song J; Hanniford D; Doucette C; Graham E; Poole MF; Ting A; Sherf B; Harrington J; Brunden K; Stricker-Krongrad A,candidate_paper_corpus | mechanistic:paper_library | mechanistic:stubs
1792,10.1016/j.neuint.2005.04.026,,,"Differences in the in vivo dynamics of neurotransmitter release and serotonin uptake after acute para-methoxyamphetamine and 3,4-methylenedioxymethamphetamine revealed by chronoamperometry.",2005,Callaghan PD; Irvine RJ; Daws LC,candidate_paper_corpus | mechanistic:paper_library
1793,10.1016/j.neuropharm.2005.01.029,,,Differential binding properties of [3H]dextrorphan and [3H]MK-801 in heterologously expressed NMDA receptors.,2005,LePage KT; Ishmael JE; Low CM; Traynelis SF; Murray TF,candidate_paper_corpus | mechanistic:paper_library
1795,10.1007/s00213-004-2087-0,,,Effects of the plant-derived hallucinogen salvinorin A on basal dopamine levels in the caudate putamen and in a conditioned place aversion assay in mice: agonist actions at kappa opioid receptors.,2005,Zhang Y; Butelman ER; Schlussman SD; Ho A; Kreek MJ,candidate_paper_corpus | mechanistic:paper_library
1798,10.1007/s00213-005-0009-4,,,"Hallucinogen-like actions of 2,5-dimethoxy-4-(n)-propylthiophenethylamine (2C-T-7) in mice and rats.",2005,Fantegrossi WE; Harrington AW; Eckler JR; Arshad S; Rabin RA; Winter JC; Coop A; Rice KC; Woods JH,candidate_paper_corpus | mechanistic:paper_library
1799,10.1021/bi050490d,,,Identification of the molecular mechanisms by which the diterpenoid salvinorin A binds to kappa-opioid receptors.,2005,Yan F; Mosier PD; Westkaemper RB; Stewart J; Zjawiony JK; Vortherms TA; Sheffler DJ; Roth BL,candidate_paper_corpus | mechanistic:paper_library | mechanistic:stubs
1800,10.1038/sj.npp.1300771,,,"Impaired object recognition memory following methamphetamine, but not p-chloroamphetamine- or d-amphetamine-induced neurotoxicity.",2005,Belcher AM; O'Dell SJ; Marshall JF,candidate_paper_corpus | mechanistic:paper_library
1802,10.1097/00008877-200512000-00005,,,"Kappa-opioid receptor-mediated effects of the plant-derived hallucinogen, salvinorin A, on inverted screen performance in the mouse.",2005,Fantegrossi WE; Kugle KM; Valdes LJ 3rd; Koreeda M; Woods JH,candidate_paper_corpus | mechanistic:paper_library | mechanistic:stubs
1805,10.1038/sj.npp.1300621,,,Modulating the rate and rhythmicity of perceptual rivalry alternations with the mixed 5-HT2A and 5-HT1A agonist psilocybin.,2005,Carter OL; Pettigrew JD; Hasler F; Wallis GM; Liu GB; Hell D; Vollenweider FX,candidate_paper_corpus | mechanistic:paper_library | mechanistic:stubs
1806,10.1021/jm048963m,,,Neoclerodane diterpenes as a novel scaffold for mu opioid receptor ligands.,2005,Harding WW; Tidgewell K; Byrd N; Cobb H; Dersch CM; Butelman ER; Rothman RB; Prisinzano TE,candidate_paper_corpus | mechanistic:paper_library | mechanistic:stubs
1809,10.1124/jpet.105.084426,,,Pharmacological characterization of ecstasy synthesis byproducts with recombinant human monoamine transporters.,2005,Pifl C; Nagy G; Berényi S; Kattinger A; Reither H; Antus S,candidate_paper_corpus | mechanistic:paper_library
1812,10.1124/jpet.105.084459,,,Primate trace amine receptor 1 modulation by the dopamine transporter.,2005,Miller GM; Verrico CD; Jassen A; Konar M; Yang H; Panas H; Bahn M; Johnson R; Madras BK,candidate_paper_corpus | mechanistic:paper_library
1814,10.1038/sj.npp.1300736,,,Quantitative PET studies of the serotonin transporter in MDMA users and controls using [11C]McN5652 and [11C]DASB.,2005,McCann UD; Szabo Z; Seckin E; Rosenblatt P; Mathews WB; Ravert HT; Dannals RF; Ricaurte GA,candidate_paper_corpus | mechanistic:paper_library | mechanistic:stubs
1816,10.1208/aapsj070373,,,Regulation of monoamine transporters: influence of psychostimulants and therapeutic antidepressants.,2005,Jayanthi LD; Ramamoorthy S,candidate_paper_corpus | mechanistic:paper_library
1817,10.1002/dev.20085,,,"Repeated MDMA (""Ecstasy"") exposure in adolescent male rats alters temperature regulation, spontaneous motor activity, attention, and serotonin transporter binding.",2005,Piper BJ; Fraiman JB; Meyer JS,candidate_paper_corpus | mechanistic:paper_library
1819,10.1016/j.neuropharm.2005.08.008,,,Serotonin-transporter mediated efflux: a pharmacological analysis of amphetamines and non-amphetamines.,2005,Hilber B; Scholze P; Dorostkar MM; Sandtner W; Holy M; Boehm S; Singer EA; Sitte HH,candidate_paper_corpus | mechanistic:paper_library
1820,10.1021/jm049438q,,,"Studies toward the pharmacophore of salvinorin A, a potent kappa opioid receptor agonist.",2005,Munro TA; Rizzacasa MA; Roth BL; Toth BA; Yan F,benchmark_manifest | candidate_paper_corpus | mechanistic:paper_library | mechanistic:stubs
1821,10.1016/j.bmcl.2005.03.113,,,Synthesis and in vitro pharmacological evaluation of salvinorin A analogues modified at C(2).,2005,Béguin C; Richards MR; Wang Y; Chen Y; Liu-Chen LY; Ma Z; Lee DY; Carlezon WA Jr; Cohen BM,candidate_paper_corpus | mechanistic:paper_library
1822,10.1016/j.bmcl.2005.06.092,,,Synthesis and in vitro pharmacological studies of C(4) modified salvinorin A analogues.,2005,Lee DY; He M; Kondaveti L; Liu-Chen LY; Ma Z; Wang Y; Chen Y; Li JG; Beguin C; Carlezon WA Jr,candidate_paper_corpus | mechanistic:paper_library
1823,10.1016/j.bmcl.2005.05.048,,,Synthesis and in vitro pharmacological studies of new C(2) modified salvinorin A analogues.,2005,Lee DY; Karnati VV; He M; Liu-Chen LY; Kondaveti L; Ma Z; Wang Y; Chen Y; Beguin C; Carlezon WA Jr,candidate_paper_corpus | mechanistic:paper_library
1824,10.1007/s00213-005-0068-6,,,The 5-HT1A receptor and the stimulus effects of LSD in the rat.,2005,Reissig CJ; Eckler JR; Rabin RA; Winter JC,candidate_paper_corpus | disorder:paper_library | mechanistic:paper_library | mechanistic:stubs
1827,10.1096/fj.04-3477fje,,,The serotonin transporter (SLC6A4) is present in B-cell clones of diverse malignant origin: probing a potential anti-tumor target for psychotropics.,2005,Meredith EJ; Holder MJ; Chamba A; Challa A; Drake-Lee A; Bunce CM; Drayson MT; Pilkington G; Blakely RD; Dyer MJ,candidate_paper_corpus | mechanistic:paper_library | mechanistic:stubs
1830,10.1162/089892905774597191,,,"Using psilocybin to investigate the relationship between attention, working memory, and the serotonin 1A and 2A receptors.",2005,Carter OL; Burr DC; Pettigrew JD; Wallis GM; Hasler F; Vollenweider FX,candidate_paper_corpus | disorder:paper_library | mechanistic:paper_library | mechanistic:stubs
1831,10.1016/j.molbrainres.2005.04.009,,,Valerian extract and valerenic acid are partial agonists of the 5-HT5a receptor in vitro.,2005,Dietz BM; Mahady GB; Pauli GF; Farnsworth NR,candidate_paper_corpus | mechanistic:paper_library
1832,10.1590/s0034-70942005000100004,,,[Preemptive analgesia with epidural bupivacaine and S(+)ketamine in abdominal hysterectomy.].,2005,Castro FE; Garcia JB,candidate_paper_corpus | mechanistic:paper_library
1834,10.1002/syn.20058,,,"3,4-methylenedioxymethamphetamine (MDMA) administration to rats decreases brain tissue serotonin but not serotonin transporter protein and glial fibrillary acidic protein.",2004,Wang X; Baumann MH; Xu H; Rothman RB,candidate_paper_corpus | mechanistic:paper_library | mechanistic:stubs
1836,10.1124/jpet.103.062224,,,Desensitization of 5-HT1A receptors by 5-HT2A receptors in neuroendocrine neurons in vivo.,2004,Zhang Y; Gray TS; D'Souza DN; Carrasco GA; Damjanoska KJ; Dudas B; Garcia F; Zainelli GM; Sullivan Hanley NR; Battaglia G,candidate_paper_corpus | mechanistic:paper_library
1843,10.1016/j.brainresbull.2004.06.007,,,Involvement of 5-HT1A and 5-HT2 receptors of the dorsal periaqueductal gray in the regulation of the defensive behaviors generated by the elevated T-maze.,2004,de Paula Soares V; Zangrossi H Jr,candidate_paper_corpus | mechanistic:paper_library
1844,10.1007/s00213-003-1765-7,,,"MDMA ""ecstasy"" alters hyperactive and perseverative behaviors in dopamine transporter knockout mice.",2004,Powell SB; Lehmann-Masten VD; Paulus MP; Gainetdinov RR; Caron MG; Geyer MA,candidate_paper_corpus | mechanistic:paper_library | mechanistic:stubs
1845,10.1016/j.pbb.2004.10.001,,,Memory deficit and reduced anxiety in young adult rats given repeated intermittent MDMA treatment during the periadolescent period.,2004,Piper BJ; Meyer JS,candidate_paper_corpus | mechanistic:paper_library
1846,10.1523/jneurosci.0387-04.2004,,,Methamphetamine increases dopamine transporter higher molecular weight complex formation via a dopamine- and hyperthermia-associated mechanism.,2004,Baucum AJ 2nd; Rau KS; Riddle EL; Hanson GR; Fleckenstein AE,candidate_paper_corpus | mechanistic:paper_library | mechanistic:stubs
1850,10.1080/00365510310003409,,,Platelet serotonin 5-HT2A receptor binding in patients with carcinoid tumor.,2004,Spigset O; Kristoffersson A; Mjörndal T,candidate_paper_corpus | mechanistic:paper_library
1854,10.1124/jpet.103.059394,,,"Salvinorin A, an active component of the hallucinogenic sage salvia divinorum is a highly efficacious kappa-opioid receptor agonist: structural and functional considerations.",2004,Chavkin C; Sud S; Jin W; Stewart J; Zjawiony JK; Siebert DJ; Toth BA; Hufeisen SJ; Roth BL,candidate_paper_corpus | mechanistic:paper_library
1855,10.1016/j.lfs.2004.07.008,,,Salvinorin A: a novel and highly selective kappa-opioid receptor agonist.,2004,Yan F; Roth BL,candidate_paper_corpus | mechanistic:paper_library
1856,10.1007/bf03033455,,,Serotonin neurotoxins--past and present.,2004,Baumgarten HG; Lachenmayer L,candidate_paper_corpus | mechanistic:paper_library
1857,10.1016/j.neulet.2003.10.032,,,"Temperature and 3,4-methylenedioxymethamphetamine alter human serotonin transporter-mediated dopamine uptake.",2004,Saldaña SN; Barker EL,candidate_paper_corpus | mechanistic:paper_library
1858,10.1124/jpet.104.069260,,,"Thioether metabolites of 3,4-methylenedioxyamphetamine and 3,4-methylenedioxymethamphetamine inhibit human serotonin transporter (hSERT) function and simultaneously stimulate dopamine uptake into hSERT-expressing SK-N-MC cells.",2004,Jones DC; Lau SS; Monks TJ,candidate_paper_corpus | mechanistic:paper_library
1862,10.1038/sj.npp.1300252,,,Altered NMDA glutamate receptor antagonist response in recovering ethanol-dependent patients.,2003,Krystal JH; Petrakis IL; Limoncelli D; Webb E; Gueorgueva R; D'Souza DC; Boutros NN; Trevisan L; Charney DS,candidate_paper_corpus | disorder:paper_library | mechanistic:paper_library
1873,10.1038/sj.npp.1300005,,,Effects of the 5-HT2A agonist psilocybin on mismatch negativity generation and AX-continuous performance task: implications for the neuropharmacology of cognitive deficits in schizophrenia.,2003,Umbricht D; Vollenweider FX; Schmid L; Grübel C; Skrabo A; Huber T; Koller R,candidate_paper_corpus | mechanistic:paper_library | mechanistic:stubs
1876,10.1016/s0166-4328(03)00179-7,,,Evidence for a 5-HT2A receptor mode of action in the anxiolytic-like properties of DOI in mice.,2003,Nic Dhonnchadha BA; Hascoët M; Jolliet P; Bourin M,candidate_paper_corpus | mechanistic:paper_library
1882,10.1007/s00213-003-1582-z,,,"NMDA receptor antagonist effects, cortical glutamatergic function, and schizophrenia: toward a paradigm shift in medication development.",2003,Krystal JH; D'Souza DC; Mathalon D; Perry E; Belger A; Hoffman R,candidate_paper_corpus | mechanistic:paper_library
1885,10.1167/iovs.02-1292,,,Pharmacological characterization of a serotonin receptor (5-HT7) stimulating cAMP production in human corneal epithelial cells.,2003,Crider JY; Williams GW; Drace CD; Katoli P; Senchyna M; Sharif NA,candidate_paper_corpus | mechanistic:paper_library
1886,10.1046/j.1471-4159.2003.01732.x,,,Presynaptic control of striatal dopamine neurotransmission in adult vesicular monoamine transporter 2 (VMAT2) mutant mice.,2003,Patel J; Mooslehner KA; Chan PM; Emson PC; Stamford JA,candidate_paper_corpus | mechanistic:paper_library
1889,10.1016/s0165-6147(03)00027-0,,,"Salvinorin A: the ""magic mint"" hallucinogen finds a molecular target in the kappa opioid receptor.",2003,Sheffler DJ; Roth BL,candidate_paper_corpus | mechanistic:paper_library | mechanistic:stubs
1895,10.1016/s0091-3057(01)00720-1,,,5-HT2A receptor-stimulated phosphoinositide hydrolysis in the stimulus effects of hallucinogens.,2002,Rabin RA; Regina M; Doat M; Winter JC,candidate_paper_corpus | mechanistic:paper_library
1898,10.1016/s0893-133x(01)00405-5,,,A single dose of lysergic acid diethylamide influences gene expression patterns within the mammalian brain.,2002,Nichols CD; Sanders-Bush E,candidate_paper_corpus | mechanistic:paper_library
1904,10.1038/sj.bjp.0704961,,,"Functional consequences of perinatal exposure to 3,4-methylenedioxymethamphetamine in rat brain.",2002,Kelly PA; Ritchie IM; Quate L; McBean DE; Olverman HJ,candidate_paper_corpus | mechanistic:curated | mechanistic:paper_library
1905,10.1016/s0014-2999(02)02420-2,,,MDMA- and p-chlorophenylalanine-induced reduction in 5-HT concentrations: effects on serotonin transporter densities.,2002,Boot BP; Mechan AO; McCann UD; Ricaurte GA,candidate_paper_corpus | mechanistic:paper_library
1907,10.1124/jpet.300.3.1093,,,Methylenedioxymethamphetamine decreases plasmalemmal and vesicular dopamine transport: mechanisms and implications for neurotoxicity.,2002,Hansen JP; Riddle EL; Sandoval V; Brown JM; Gibb JW; Hanson GR; Fleckenstein AE,candidate_paper_corpus | mechanistic:paper_library
1908,10.1016/s0006-3223(01)01242-2,,,Mismatch negativity predicts psychotic experiences induced by NMDA receptor antagonist in healthy volunteers.,2002,Umbricht D; Koller R; Vollenweider FX; Schmid L,candidate_paper_corpus | mechanistic:paper_library
1909,10.1038/sj.mp.4001093,,,NMDA receptor antagonists ketamine and PCP have direct effects on the dopamine D(2) and serotonin 5-HT(2)receptors-implications for models of schizophrenia.,2002,Kapur S; Seeman P,candidate_paper_corpus | mechanistic:paper_library | mechanistic:stubs
1910,10.1016/s0006-8993(02)03637-5,,,Selective heterologous regulation of 5-HT1A receptor-stimulated 35S GTPgammaS binding in the anterior cingulate cortex as a result of 5-HT2 receptor activation.,2002,Valdez M; Burke TF; Hensler JG,candidate_paper_corpus | mechanistic:paper_library
1913,10.1016/s0968-0896(02)00209-2,,,Substituted hexahydrobenzodipyrans as 5-HT2A/2C receptor probes.,2002,Whiteside MS; Kurrasch-Orbaugh D; Marona-Lewicka D; Nichols DE; Monte A,candidate_paper_corpus | mechanistic:paper_library
1916,10.1016/s0163-7258(02)00234-6,,,Therapeutic and adverse actions of serotonin transporter substrates.,2002,Rothman RB; Baumann MH,candidate_paper_corpus | mechanistic:paper_library
1917,10.1016/s0306-4522(02)00368-8,,,Unilateral infusion of a dopamine transporter antisense into the substantia nigra protects against MDMA-induced serotonergic deficits in the ipsilateral striatum.,2002,Kanthasamy A; Sprague JE; Shotwell JR; Nichols DE,candidate_paper_corpus | mechanistic:paper_library | mechanistic:stubs
1918,10.1007/s00213-001-0930-0,,,Use of amphetamine by recreational users of ecstasy (MDMA) is associated with reduced striatal dopamine transporter densities: a [123I]beta-CIT SPECT study--preliminary report.,2002,Reneman L; Booij J; Lavalaye J; de Bruin K; Reitsma JB; Gunning B; den Heeten GJ; van Den Brink W,candidate_paper_corpus | mechanistic:paper_library
1920,10.1016/s0006-2952(01)00698-0,,,Altering behavioral responses and dopamine transporter protein with antisense peptide nucleic acids.,2001,Tyler-McMahon BM; Stewart JA; Jackson J; Bitner MD; Fauq A; McCormick DJ; Richelson E,candidate_paper_corpus | mechanistic:paper_library
1921,10.1016/s0306-4530(01)00010-5,,,Binding of [3H]paroxetine to serotonin uptake sites and of [3H]lysergic acid diethylamide to 5-HT2A receptors in platelets from women with premenstrual dysphoric disorder during gonadotropin releasing hormone treatment.,2001,Bixo M; Allard P; Bäckström T; Mjörndal T; Nyberg S; Spigset O; Sundström-Poromaa I,candidate_paper_corpus | disorder:paper_library
1923,10.1016/s0006-8993(01)02596-3,,,"DOI, a 5-HT2A/2C receptor agonist, attenuates clozapine-induced cortical dopamine release.",2001,Ichikawa J; Dai J; Meltzer HY,candidate_paper_corpus | mechanistic:paper_library | mechanistic:stubs
1924,10.1074/jbc.m009798200,,,Determination of residues in the norepinephrine transporter that are critical for tricyclic antidepressant affinity.,2001,Roubert C; Cox PJ; Bruss M; Hamon M; Bönisch H; Giros B,candidate_paper_corpus | mechanistic:paper_library
1925,10.1385/1-59259-142-6:179,,,Dopamine transporter and vesicular monoamine transporter knockout mice : implications for Parkinson's disease.,2001,Miller GW; Wang YM; Gainetdinov RR; Caron MG,candidate_paper_corpus | mechanistic:paper_library
1930,10.1097/00000539-200105000-00019,,,Modulation of NMDA receptor function by ketamine and magnesium: Part I.,2001,Liu HT; Hollmann MW; Liu WH; Hoenemann CW; Durieux ME,candidate_paper_corpus | mechanistic:paper_library | mechanistic:stubs
1931,10.1016/s0006-8993(01)02465-9,,,Neuroprotection of S(+) ketamine isomer in global forebrain ischemia.,2001,Proescholdt M; Heimann A; Kempski O,candidate_paper_corpus | mechanistic:paper_library
1932,10.1007/s002130100814,,,Sertindole is a serotonin 5-HT2c inverse agonist and decreases agonist but not antagonist binding to 5-HT2c receptors after chronic treatment.,2001,Hietala J; Kuonnamäki M; Pälvimäki EP; Laakso A; Majasuo H; Syvälahti E,candidate_paper_corpus | mechanistic:paper_library
1933,10.1046/j.1471-4159.2001.00587.x,,,"Species-scanning mutagenesis of the serotonin transporter reveals residues essential in selective, high-affinity recognition of antidepressants.",2001,Mortensen OV; Kristensen AS; Wiborg O,candidate_paper_corpus | mechanistic:paper_library | mechanistic:stubs
1937,10.1016/s0893-133x(99)00163-3,,,Antagonism of a PCP drug discrimination by hallucinogens and related drugs.,2000,West WB; Lou A; Pechersky K; Chachich ME; Appel JB,candidate_paper_corpus | mechanistic:paper_library
1938,10.1080/02791072.2000.10400456,,,Bufotenine: toward an understanding of possible psychoactive mechanisms.,2000,McBride MC,candidate_paper_corpus | mechanistic:paper_library | mechanistic:stubs
1941,10.1021/jm000339w,,,Effect of ring fluorination on the pharmacology of hallucinogenic tryptamines.,2000,Blair JB; Kurrasch-Orbaugh D; Marona-Lewicka D; Cumbay MG; Watts VJ; Barker EL; Nichols DE,candidate_paper_corpus | mechanistic:paper_library
1942,10.1016/s0022-3956(99)00031-x,,,Effects of (S)-ketamine on striatal dopamine: a [11C]raclopride PET study of a model psychosis in humans.,2000,Vollenweider FX; Vontobel P; Oye I; Hell D; Leenders KL,candidate_paper_corpus | mechanistic:paper_library
1943,10.1007/bf03018950,,,High-dose S(+)-ketamine improves neurological outcome following incomplete cerebral ischemia in rats.,2000,Reeker W; Werner C; Möllenberg O; Mielke L; Kochs E,candidate_paper_corpus | mechanistic:paper_library
1951,10.1046/j.1471-4159.2000.740693.x,,,Role of striatal serotonin2A and serotonin2C receptor subtypes in the control of in vivo dopamine outflow in the rat striatum.,2000,Lucas G; Spampinato U,candidate_paper_corpus | mechanistic:paper_library
1952,10.1016/s0006-8993(99)02426-9,,,The effect of ketamine isomers on both mice behavioral responses and c-Fos expression in the posterior cingulate and retrosplenial cortices.,2000,Nishizawa N; Nakao S; Nagata A; Hirose T; Masuzawa M; Shingu K,candidate_paper_corpus | mechanistic:paper_library
1953,10.1016/s0091-3057(99)00178-1,,,"The paradox of 5-methoxy-N,N-dimethyltryptamine: an indoleamine hallucinogen that induces stimulus control via 5-HT1A receptors.",2000,Winter JC; Filipink RA; Timineri D; Helsley SE; Rabin RA,candidate_paper_corpus | mechanistic:paper_library
1955,10.1016/s0893-133x(98)00108-0,,,5-HT modulation of dopamine release in basal ganglia in psilocybin-induced psychosis in man--a PET study with [11C]raclopride.,1999,Vollenweider FX; Vontobel P; Hell D; Leenders KL,candidate_paper_corpus | mechanistic:paper_library
1959,10.1016/s0893-133x(99)00005-6,,,Agonist-directed signaling of serotonin 5-HT2C receptors: differences between serotonin and lysergic acid diethylamide (LSD).,1999,Backstrom JR; Chang MS; Chu H; Niswender CM; Sanders-Bush E,candidate_paper_corpus | mechanistic:paper_library | mechanistic:stubs
1960,10.1016/s0014-2999(99)00562-2,,,Characterisation of 5-HT2 receptor subtypes in the Suncus murinus intestine.,1999,Javid FA; Naylor RJ,candidate_paper_corpus | mechanistic:paper_library
1961,10.1007/pl00005315,,,"Comparisons of hallucinogenic phenylisopropylamine binding affinities at cloned human 5-HT2A, -HT(2B) and 5-HT2C receptors.",1999,Nelson DL; Lucaites VL; Wainscott DB; Glennon RA,candidate_paper_corpus | mechanistic:paper_library
1962,10.1016/s0028-3908(98)00203-2,,,"Discriminative stimulus properties of the novel serotonin (5-HT)2C receptor agonist, RO 60-0175: a pharmacological analysis.",1999,Dekeyne A; Girardon S; Millan MJ,candidate_paper_corpus | mechanistic:paper_library
1964,10.1038/sj.bjp.0702389,,,Effect of low-dose treatment with selegiline on dopamine transporter (DAT) expression and amphetamine-induced dopamine release in vivo.,1999,Lamensdorf I; Porat S; Simantov R; Finberg JP,candidate_paper_corpus | mechanistic:paper_library
1968,10.1016/s0924-977x(99)00012-7,,,Enhanced platelet serotonin 5-HT2A receptor binding in anorexia nervosa and bulimia nervosa.,1999,Spigset O; Andersen T; Hägg S; Mjöndal T,candidate_paper_corpus | mechanistic:paper_library
1969,10.1038/sj.bjp.0702822,,,Evidence for a role for central 5-HT2B as well as 5-HT2A receptors in cardiovascular regulation in anaesthetized rats.,1999,Knowles ID; Ramage AG,candidate_paper_corpus | mechanistic:paper_library | mechanistic:stubs
1970,10.1016/s0924-9338(99)00222-9,,,Evidence for an increase in functional platelet 5-HT2A receptors in depressed patients using the new ligand [125I]-DOI.,1999,Serres F; Azorin JM; Valli M; Jeanningros R,candidate_paper_corpus | mechanistic:paper_library | mechanistic:stubs
1971,10.1038/sj.bjp.0702751,,,"Functional characterization of agonists at recombinant human 5-HT2A, 5-HT2B and 5-HT2C receptors in CHO-K1 cells.",1999,Porter RH; Benwell KR; Lamb H; Malcolm CS; Allen NH; Revell DF; Adams DR; Sheardown MJ,candidate_paper_corpus | disorder:paper_library | mechanistic:paper_library | mechanistic:stubs
1973,10.1016/s0014-2999(99)00728-1,,,"Involvement of the serotonin transporter in the formation of hydroxyl radicals induced by 3,4-methylenedioxymethamphetamine.",1999,Shankaran M; Yamamoto BK; Gudelsky GA,candidate_paper_corpus | mechanistic:paper_library
1975,10.1046/j.1460-9568.1999.00726.x,,,LSD and DOB: interaction with 5-HT2A receptors to inhibit NMDA receptor-mediated transmission in the rat prefrontal cortex.,1999,Arvanov VL; Liang X; Russo A; Wang RY,candidate_paper_corpus | mechanistic:paper_library
1978,10.1016/s0006-3223(98)00354-0,,,Modulation of the firing activity of rat serotonin and noradrenaline neurons by (+/-)pindolol.,1999,Haddjeri N; de Montigny C; Blier P,candidate_paper_corpus | mechanistic:paper_library
1979,10.1016/s0169-328x(99)00178-3,,,"Molecular cloning, expression and characterization of a bovine serotonin transporter.",1999,Mortensen OV; Kristensen AS; Rudnick G; Wiborg O,candidate_paper_corpus | mechanistic:paper_library | mechanistic:stubs
1980,10.1016/s0924-977x(98)00037-6,,,"N-ethoxycarbonyl-2-ethoxy-1,2-dihydroquinoline studies on the role of 5-HT1A and 5-HT2 receptors in mediating foot-shock-induced ultrasonic vocalisation in adult rats.",1999,Sánchez C; Mørk A,candidate_paper_corpus | mechanistic:paper_library
1983,10.1192/bjp.175.1.63,,,Reduced in vivo binding to the serotonin transporter in the cerebral cortex of MDMA ('ecstasy') users.,1999,Semple DM; Ebmeier KP; Glabus MF; O'Carroll RE; Johnstone EC,candidate_paper_corpus | mechanistic:paper_library
1984,10.1016/s0304-3940(98)00998-7,,,Relationship between central and peripheral serotonin 5-HT2A receptors: a positron emission tomography study in healthy individuals.,1999,Cho R; Kapur S; Du L; Hrdina P,candidate_paper_corpus | mechanistic:paper_library
1986,10.1016/s0169-328x(98)00281-2,,,Serotonin transporter (SERT) mRNA and binding site densities in male rat brain affected by sex steroids.,1999,McQueen JK; Wilson H; Sumner BE; Fink G,candidate_paper_corpus | mechanistic:paper_library
1987,10.1016/s0006-8993(99)01224-x,,,"Serotonin, via 5-HT2A receptors, increases EPSCs in layer V pyramidal cells of prefrontal cortex by an asynchronous mode of glutamate release.",1999,Aghajanian GK; Marek GJ,candidate_paper_corpus | mechanistic:paper_library | mechanistic:stubs
1989,10.1016/s0893-133x(98)00060-8,,,The neuropsychopharmacology of phencyclidine: from NMDA receptor hypofunction to the dopamine hypothesis of schizophrenia.,1999,Jentsch JD; Roth RH,candidate_paper_corpus | disorder:paper_library | mechanistic:paper_library
1990,10.1021/jm980692q,,,"Thieno[3,2-b]- and thieno[2,3-b]pyrrole bioisosteric analogues of the hallucinogen and serotonin agonist N,N-dimethyltryptamine.",1999,Blair JB; Marona-Lewicka D; Kanthasamy A; Lucaites VL; Nelson DL; Nichols DE,candidate_paper_corpus | mechanistic:paper_library | mechanistic:stubs
1991,10.1016/s0014-2999(98)00196-4,,,3-4-Methylenedioxymethamphetamine-induced acute changes in dopamine transporter function.,1998,Metzger RR; Hanson GR; Gibb JW; Fleckenstein AE,candidate_paper_corpus | mechanistic:paper_library | mechanistic:stubs
1995,10.1016/s0091-3057(98)00110-5,,,"Agonist properties of N,N-dimethyltryptamine at serotonin 5-HT2A and 5-HT2C receptors.",1998,Smith RL; Canton H; Barrett RJ; Sanders-Bush E,candidate_paper_corpus | mechanistic:paper_library | mechanistic:stubs
1997,10.1016/s0893-133x(98)00027-x,,,"Characterization of the translocation of protein kinase C (PKC) by 3,4-methylenedioxymethamphetamine (MDMA/ecstasy) in synaptosomes: evidence for a presynaptic localization involving the serotonin transporter (SERT).",1998,Kramer HK; Poblete JC; Azmitia EC,candidate_paper_corpus | mechanistic:paper_library | mechanistic:stubs
1999,10.1007/s002130050544,,,"Deramciclane, a putative anxiolytic drug, is a serotonin 5-HT2C receptor inverse agonist but fails to induce 5-HT2C receptor down-regulation.",1998,Pälvimäki EP; Majasuo H; Kuoppamäki M; Männistö PT; Syvälahti E; Hietala J,candidate_paper_corpus | mechanistic:paper_library
2000,10.1016/s0893-133x(98)00037-2,,,Effect of chronic serotonin-2 receptor agonist or antagonist administration on serotonin-1A receptor sensitivity.,1998,Hensler JG; Truett KA,candidate_paper_corpus | mechanistic:paper_library
2001,10.1523/jneurosci.18-23-09716.1998,,,Effect of nitrous oxide on excitatory and inhibitory synaptic transmission in hippocampal cultures.,1998,Mennerick S; Jevtovic-Todorovic V; Todorovic SM; Shen W; Olney JW; Zorumski CF,candidate_paper_corpus | mechanistic:paper_library
2004,10.1016/s0006-8993(98)00546-0,,,Gender differences in kappa-opioid modulation of cocaine-induced behavior and NMDA-evoked dopamine release.,1998,Sershen H; Hashim A; Lajtha A,candidate_paper_corpus | mechanistic:paper_library
2007,10.1021/jm980156y,,,"Modified ibogaine fragments: synthesis and preliminary pharmacological characterization of 3-ethyl-5-phenyl-1,2,3,4,5, 6-hexahydroazepino[4,5-b]benzothiophenes.",1998,Efange SM; Mash DC; Khare AB; Ouyang Q,candidate_paper_corpus | mechanistic:paper_library | mechanistic:stubs
2009,10.1097/00001756-199801050-00022,,,Noribogaine stimulates naloxone-sensitive [35S]GTPgammaS binding.,1998,Pablo JP; Mash DC,candidate_paper_corpus | mechanistic:paper_library | mechanistic:stubs
2011,10.1111/j.1749-6632.1998.tb10180.x,,,Pleiotropic behavior of 5-HT2A and 5-HT2C receptor agonists.,1998,Berg KA; Maayani S; Goldfarb J; Clarke WP,candidate_paper_corpus | mechanistic:paper_library | mechanistic:stubs
2012,10.1097/00001756-199812010-00024,,,Psilocybin induces schizophrenia-like psychosis in humans via a serotonin-2 agonist action.,1998,Vollenweider FX; Vollenweider-Scherpenhuyzen MF; Bäbler A; Vogel H; Hell D,candidate_paper_corpus | mechanistic:paper_library
2015,10.1021/jm980076u,,,Substituted naphthofurans as hallucinogenic phenethylamine-ergoline hybrid molecules with unexpected muscarinic antagonist activity.,1998,Monte AP; Marona-Lewicka D; Lewis MM; Mailman RB; Wainscott DB; Nelson DL; Nichols DE,candidate_paper_corpus | mechanistic:paper_library | mechanistic:stubs
2021,10.1016/s0304-3940(97)00716-7,,,Cortical [3H]ketanserin binding and 5-HT2A receptor-mediated inositol phosphate production in the spontaneously hypertensive rat and Lewis rat strains.,1997,Gauffre JC; Aguerre S; Mormède P; Chaouloff F,candidate_paper_corpus | mechanistic:paper_library
2022,10.1016/s0924-977x(96)00042-9,,,Differential psychopathology and patterns of cerebral glucose utilisation produced by (S)- and (R)-ketamine in healthy volunteers using positron emission tomography (PET).,1997,Vollenweider FX; Leenders KL; Oye I; Hell D; Angst J,candidate_paper_corpus | mechanistic:paper_library
2023,10.1021/jm970219x,,,Dihydrobenzofuran analogues of hallucinogens. 4. Mescaline derivatives.,1997,Monte AP; Waldman SR; Marona-Lewicka D; Wainscott DB; Nelson DL; Sanders-Bush E; Nichols DE,candidate_paper_corpus | mechanistic:paper_library | mechanistic:stubs
2027,10.1016/s0893-133x(96)00194-7,,,Impulsive aggression in personality disorder correlates with platelet 5-HT2A receptor binding.,1997,Coccaro EF; Kavoussi RJ; Sheline YI; Berman ME; Csernansky JG,candidate_paper_corpus | mechanistic:paper_library
2031,10.1016/s0014-2999(97)01116-3,,,"Norketamine, the main metabolite of ketamine, is a non-competitive NMDA receptor antagonist in the rat cortex and spinal cord.",1997,Ebert B; Mikkelsen S; Thorkildsen C; Borgbjerg FM,benchmark_manifest | candidate_paper_corpus | mechanistic:curated | mechanistic:paper_library | mechanistic:stubs
2032,10.1016/s0014-2999(97)01197-7,,,Repeated DOI and SR 46349B treatments do not affect elevated plus-maze anxiety despite opposite effects on cortical 5-HT2A receptors.,1997,Chaouloff F; Kulikov A; Mormède P,candidate_paper_corpus | mechanistic:paper_library
2033,10.1016/s0893-133x(96)00249-7,,,Serotonin 5-HT2A receptor binding in platelets from healthy subjects as studied by [3H]-lysergic acid diethylamide ([3H]-LSD): intra- and interindividual variability.,1997,Spigset O; Mjörndal T,candidate_paper_corpus | mechanistic:paper_library | mechanistic:stubs
2035,10.1007/pl00002466,,,[Ketamine racemate and S-(+)-ketamine. Cerebrovascular effects and neuroprotection following focal ischemia].,1997,Werner C; Reeker W; Engelhard K; Lu H; Kochs E,candidate_paper_corpus | mechanistic:paper_library
2036,10.1007/pl00002465,,,[Neuroprotection by ketamine at the cellular level].,1997,Pfenninger E; Himmelseher S,candidate_paper_corpus | mechanistic:paper_library
2037,10.1016/0024-3205(96)00449-3,,,A novel class of 5-HT2A receptor antagonists: aryl aminoguanidines.,1996,Bryant HU; Nelson DL; Button D; Cole HW; Baez MB; Lucaites VL; Wainscott DB; Whitesitt C; Reel J; Simon R,candidate_paper_corpus | mechanistic:paper_library
2038,10.1016/0014-2999(95)00711-3,,,Activities of novel aryloxyalkylimidazolines on rat 5-HT2A and 5-HT2C receptors.,1996,Siegel BW; Freedman J; Vaal MJ; Baron BM,candidate_paper_corpus | mechanistic:paper_library
2039,10.1021/jm960199j,,,"Dihydrobenzofuran analogues of hallucinogens. 3. Models of 4-substituted (2,5-dimethoxyphenyl)alkylamine derivatives with rigidified methoxy groups.",1996,Monte AP; Marona-Lewicka D; Parker MA; Wainscott DB; Nelson DL; Nichols DE,candidate_paper_corpus | mechanistic:paper_library | mechanistic:stubs
2040,10.1016/0006-8993(96)00991-2,,,"Effects of 8-OH-DPAT, a 5-HT1A receptor agonist, and DOI, a 5-HT2A/2C agonist, on monosynaptic transmission in spinalized rats.",1996,Hasegawa Y; Ono H,candidate_paper_corpus | mechanistic:paper_library | mechanistic:stubs
2043,10.1016/0014-2999(96)00189-6,,,Effects of the 5-HT2C/2B receptor agonist 1-(3-chlorophenyl) piperazine on plasma glucose levels of rats.,1996,Sugimoto Y; Yamada J; Yoshikawa T; Horisaka K,candidate_paper_corpus | mechanistic:paper_library
2044,10.1007/bf02246643,,,Evidence that m-chlorophenylpiperazine-induced hyperthermia in rats is mediated by stimulation of 5-HT2C receptors.,1996,Mazzola-Pomietto P; Aulakh CS; Wozniak KM; Murphy DL,candidate_paper_corpus | mechanistic:paper_library
2051,10.1016/0006-2952(95)02122-1,,,"Radiolabelling of the human 5-HT2A receptor with an agonist, a partial agonist and an antagonist: effects on apparent agonist affinities.",1996,Sleight AJ; Stam NJ; Mutel V; Vanderheyden PM,candidate_paper_corpus | mechanistic:paper_library
2052,10.1016/0091-3057(95)02135-3,,,"Role of 5-HT in stress, anxiety, and depression.",1996,Graeff FG; Guimarães FS; De Andrade TG; Deakin JF,candidate_paper_corpus | mechanistic:paper_library
2053,10.1016/0166-4328(96)00112-x,,,"Role of the hypothalamic paraventricular nucleus in 5-HT1A, 5-HT2A and 5-HT2C receptor-mediated oxytocin, prolactin and ACTH/corticosterone responses.",1996,Bagdy G,candidate_paper_corpus | mechanistic:paper_library
2059,10.1016/0893-133x(95)00049-j,,,"Differential regulation of rat 5-HT2A and 5-HT2C receptors after chronic treatment with clozapine, chlorpromazine and three putative atypical antipsychotic drugs.",1995,Kuoppamäki M; Pälvimäki EP; Hietala J; Syvälahti E,candidate_paper_corpus | mechanistic:paper_library
2061,10.1021/jm00018a019,,,Effect of a chiral 4-alkyl substituent in hallucinogenic amphetamines.,1995,Oberlender R; Ramachandran PV; Johnson MP; Huang X; Nichols DE,candidate_paper_corpus | mechanistic:paper_library
2062,10.1007/bf02245187,,,"Evidence that 1-(2,5-dimethoxy-4-iodophenyl)-2-aminopropane (DOI)-induced hyperthermia in rats is mediated by stimulation of 5-HT2A receptors.",1995,Mazzola-Pomietto P; Aulakh CS; Wozniak KM; Hill JL; Murphy DL,candidate_paper_corpus | mechanistic:paper_library | mechanistic:stubs
2063,10.1016/0024-3205(95)02171-e,,,High affinity ibogaine binding to a mu opioid agonist site.,1995,Codd EE,candidate_paper_corpus | mechanistic:paper_library
2067,10.1007/bf02246075,,,Role of 5-HT2A and 5-HT2C receptors in the stimulus effects of hallucinogenic drugs. II: Reassessment of LSD false positives.,1995,Fiorella D; Rabin RA; Winter JC,candidate_paper_corpus | mechanistic:paper_library | mechanistic:stubs
2068,10.1016/0304-3940(95)12048-9,,,Serotonin-induced 5-HT1A receptor desensitization in C6BU-1 glioma cells transfected with 5-HT1A receptor gene.,1995,Saitoh K; Mikuni M; Ikeda M; Yamazaki C; Tomita U; Takahashi K,candidate_paper_corpus | mechanistic:paper_library
2069,10.1021/jm00006a015,,,Stereoselective LSD-like activity in a series of d-lysergic acid amides of (R)- and (S)-2-aminoalkanes.,1995,Monte AP; Marona-Lewicka D; Kanthasamy A; Sanders-Bush E; Nichols DE,candidate_paper_corpus | mechanistic:paper_library
2070,10.1007/bf02246074,,,The role of the 5-HT2A and 5-HT2C receptors in the stimulus effects of hallucinogenic drugs. I: Antagonist correlation analysis.,1995,Fiorella D; Rabin RA; Winter JC,candidate_paper_corpus | mechanistic:paper_library
2071,10.1021/jm00051a011,,,"1-(2,5-Dimethoxy-4-(trifluoromethyl)phenyl)-2-aminopropane: a potent serotonin 5-HT2A/2C agonist.",1994,Nichols DE; Frescas S; Marona-Lewicka D; Huang X; Roth BL; Gudelsky GA; Nash JF,candidate_paper_corpus | mechanistic:paper_library | mechanistic:stubs
2072,10.1016/0014-2999(94)90643-2,,,"Blockade of the discriminative stimulus effects of DOI by MDL 100,907 and the 'atypical' antipsychotics, clozapine and risperidone.",1994,Schreiber R; Brocco M; Millan MJ,candidate_paper_corpus | mechanistic:paper_library
2078,10.1016/0014-2999(94)90316-6,,,Hypersensitivity to serotonin and its agonists in serotonin-hyperinnervated neostriatum after neonatal dopamine denervation.,1994,el Mansari M; Radja F; Ferron A; Reader TA; Molina-Holgado E; Descarries L,candidate_paper_corpus | mechanistic:paper_library
2079,10.1016/0014-2999(94)90690-4,,,Involvement of 5-HT2C receptors in mediating the discriminative stimulus properties of m-chlorophenylpiperazine (mCPP).,1994,Callahan PM; Cunningham KA,candidate_paper_corpus | mechanistic:paper_library
2081,10.1016/0014-2999(94)90119-8,,,Preclinical pharmacology of FG5893: a potential anxiolytic drug with high affinity for both 5-HT1A and 5-HT2A receptors.,1994,Albinsson A; Björk A; Svartengren J; Klint T; Andersson G,candidate_paper_corpus | mechanistic:paper_library
2082,10.1016/0922-4106(94)90087-6,,,Regulation of serotonin 5-HT2C receptors in the rat choroid plexus after acute clozapine treatment.,1994,Kuoppamäki M; Seppälä T; Syvälahti E; Hietala J,candidate_paper_corpus | mechanistic:paper_library
2083,10.1111/j.1476-5381.1994.tb13159.x,,,The effect of 5-HT1A receptor agonists on locomotor activity in the guinea-pig.,1994,Evenden JL,candidate_paper_corpus | mechanistic:paper_library | mechanistic:stubs
2085,10.1016/0014-2999(93)90427-j,,,"Intrathecal 5-methoxy-N,N-dimethyltryptamine in mice modulates 5-HT1 and 5-HT3 receptors.",1993,Alhaider AA; Hamon M; Wilcox GL,candidate_paper_corpus | mechanistic:paper_library
2090,10.1016/0014-2999(92)90248-3,,,Differential effects of ketamine enantiomers on NMDA receptor currents in cultured neurons.,1992,Zeilhofer HU; Swandulla D; Geisslinger G; Brune K,candidate_paper_corpus | mechanistic:paper_library
2093,10.1111/j.1476-5381.1992.tb14206.x,,,"Pharmacological characterization of RP 62203, a novel 5-hydroxytryptamine 5-HT2 receptor antagonist.",1992,Doble A; Girdlestone D; Piot O; Allam D; Betschart J; Boireau A; Dupuy A; Guérémy C; Ménager J; Zundel JL,candidate_paper_corpus | mechanistic:paper_library
2094,10.1016/0091-3057(92)90367-o,,,Repeated administration of low doses of cocaine enhances the sensitivity of 5-HT2 receptor function.,1992,Darmani NA; Martin BR; Glennon RA,candidate_paper_corpus | mechanistic:paper_library
2099,10.1016/0006-2952(91)90178-8,,,Differential interactions of dimethyltryptamine (DMT) with 5-HT1A and 5-HT2 receptors.,1991,Deliganis AV; Pierce PA; Peroutka SJ,candidate_paper_corpus | mechanistic:paper_library
2100,10.1254/fpj.97.4_209,,,[Anxiolytic effects of lisuride and its agonistic action to central 5-HT1A receptors].,1991,Akai T; Takahashi M; Nakada Y; Ohnishi R; Ikoma Y; Yamaguchi M,candidate_paper_corpus | mechanistic:paper_library | mechanistic:stubs
2102,10.1016/0028-3908(90)90001-8,,,Differential interactions of indolealkylamines with 5-hydroxytryptamine receptor subtypes.,1990,McKenna DJ; Repke DB; Lo L; Peroutka SJ,candidate_paper_corpus | mechanistic:paper_library
2103,10.1016/0091-3057(90)90098-3,,,Do functional relationships exist between 5-HT1A and 5-HT2 receptors?,1990,Darmani NA; Martin BR; Pandey U; Glennon RA,candidate_paper_corpus | mechanistic:paper_library
2105,10.1016/0014-2999(90)90379-k,,,Evidence of a role for NMDA receptors in pain perception.,1990,Klepstad P; Maurset A; Moberg ER; Oye I,candidate_paper_corpus | mechanistic:paper_library
2106,10.1523/jneurosci.09-10-03482.1989,,,"Differentiation of 5-hydroxytryptamine2 receptor subtypes using 125I-R-(-)2,5-dimethoxy-4-iodo-phenylisopropylamine and 3H-ketanserin.",1989,McKenna DJ; Peroutka SJ,candidate_paper_corpus | mechanistic:paper_library | mechanistic:stubs
2108,10.1007/bf00443425,,,Hallucinogenic drug interactions with neurotransmitter receptor binding sites in human cortex.,1989,Pierce PA; Peroutka SJ,candidate_paper_corpus | mechanistic:paper_library
2111,10.1007/bf00176847,,,Radioligand binding evidence implicates the brain 5-HT2 receptor as a site of action for LSD and phenylisopropylamine hallucinogens.,1988,Titeler M; Lyon RA; Glennon RA,candidate_paper_corpus | mechanistic:paper_library
2112,10.3109/09687688709039986,,,High affinity stereospecific binding of [3H] cocaine in striatum and its relationship to the dopamine transporter.,1987,Calligaro DO; Eldefrawi ME,candidate_paper_corpus | mechanistic:paper_library
2115,10.1007/bf00179927,,,"Serotonin receptor subtype mediation of the interoceptive discriminative stimuli induced by 5-methoxy-N,N-dimethyltryptamine.",1987,Spencer DG Jr; Glaser T; Traber J,candidate_paper_corpus | mechanistic:paper_library
2116,10.1016/0091-3057(87)90184-5,,,The effects of 8-hydroxy-2-(di-n-propylamino)tetralin and other serotonergic agonists on performance in a radial maze: a possible role for 5-HT1A receptors in memory.,1987,Winter JC; Petti DT,candidate_paper_corpus | mechanistic:paper_library
2117,10.1016/0024-3205(86)90461-3,,,"Discriminative stimulus properties of the serotonergic agent 1-(2,5-dimethoxy-4-iodophenyl)-2-aminopropane (DOI).",1986,Glennon RA,candidate_paper_corpus | mechanistic:paper_library
2122,10.1523/jneurosci.05-12-03178.1985,,,125I-lysergic acid diethylamide binds to a novel serotonergic site on rat choroid plexus epithelial cells.,1985,Yagaloff KA; Hartig PR,candidate_paper_corpus | mechanistic:paper_library | mechanistic:stubs
